company,base_date,target_date,horizon,true_label,pred_label,proba_down,proba_flat,proba_up
Alphabet Inc.,2021-07-28,2021-08-04,5,down,down,0.5290932059288025,0.24617552757263184,0.22473126649856567
Alphabet Inc.,2021-07-29,2021-08-05,5,flat,up,0.19075877964496613,0.15364857017993927,0.655592679977417
Alphabet Inc.,2021-07-30,2021-08-06,5,up,up,0.030737118795514107,0.13502873480319977,0.8342341184616089
Alphabet Inc.,2021-08-02,2021-08-09,5,up,up,0.11412811279296875,0.30634650588035583,0.5795254111289978
Alphabet Inc.,2021-08-03,2021-08-10,5,up,up,0.31014418601989746,0.17059797048568726,0.5192578434944153
Alphabet Inc.,2021-08-04,2021-08-11,5,up,up,0.17346522212028503,0.24327780306339264,0.5832570195198059
Alphabet Inc.,2021-08-05,2021-08-12,5,up,up,0.16961003839969635,0.15258634090423584,0.677803635597229
Alphabet Inc.,2021-08-06,2021-08-13,5,up,up,0.18473805487155914,0.18264076113700867,0.632621169090271
Alphabet Inc.,2021-08-09,2021-08-16,5,flat,up,0.1850108653306961,0.23868519067764282,0.5763039588928223
Alphabet Inc.,2021-08-10,2021-08-17,5,flat,up,0.15760904550552368,0.26573458313941956,0.5766564011573792
Alphabet Inc.,2021-08-11,2021-08-18,5,flat,up,0.1888023465871811,0.1442810595035553,0.6669166088104248
Alphabet Inc.,2021-08-12,2021-08-19,5,down,up,0.045243676751852036,0.06927774101495743,0.8854786157608032
Alphabet Inc.,2021-08-13,2021-08-20,5,flat,up,0.0989186093211174,0.10014427453279495,0.8009370565414429
Alphabet Inc.,2021-08-16,2021-08-23,5,up,up,0.024243896827101707,0.023017892614006996,0.9527381658554077
Alphabet Inc.,2021-08-17,2021-08-24,5,up,up,0.01675180159509182,0.011010763235390186,0.9722374081611633
Alphabet Inc.,2021-08-18,2021-08-25,5,up,up,0.021254729479551315,0.017422910779714584,0.9613224267959595
Alphabet Inc.,2021-08-19,2021-08-26,5,up,up,0.01313678827136755,0.0318421944975853,0.95502108335495
Alphabet Inc.,2021-08-20,2021-08-27,5,up,up,0.006189055275171995,0.02353399060666561,0.970276951789856
Alphabet Inc.,2021-08-23,2021-08-30,5,up,up,0.0596734955906868,0.07451216876506805,0.8658142685890198
Alphabet Inc.,2021-08-24,2021-08-31,5,up,up,0.04071427509188652,0.08012736588716507,0.8791583180427551
Alphabet Inc.,2021-08-25,2021-09-01,5,up,down,0.3881653845310211,0.295128732919693,0.3167059123516083
Alphabet Inc.,2021-08-26,2021-09-02,5,up,up,0.18185248970985413,0.1823207587003708,0.6358267664909363
Alphabet Inc.,2021-08-27,2021-09-03,5,up,flat,0.276070237159729,0.5298506021499634,0.19407914578914642
Alphabet Inc.,2021-08-30,2021-09-07,5,flat,flat,0.4008452892303467,0.40822094678878784,0.19093374907970428
Alphabet Inc.,2021-08-31,2021-09-08,5,flat,up,0.2427418977022171,0.3119224011898041,0.4453357458114624
Alphabet Inc.,2021-09-01,2021-09-09,5,down,up,0.19009116291999817,0.354778915643692,0.4551298916339874
Alphabet Inc.,2021-09-02,2021-09-10,5,down,up,0.05005054548382759,0.04874751716852188,0.9012019634246826
Alphabet Inc.,2021-09-03,2021-09-13,5,down,up,0.01338234357535839,0.0162030179053545,0.9704146981239319
Alphabet Inc.,2021-09-07,2021-09-14,5,down,up,0.06491910666227341,0.14764322340488434,0.7874376773834229
Alphabet Inc.,2021-09-08,2021-09-15,5,flat,up,0.05602108687162399,0.03730534017086029,0.9066735506057739
Alphabet Inc.,2021-09-09,2021-09-16,5,flat,up,0.08320276439189911,0.043397728353738785,0.873399555683136
Alphabet Inc.,2021-09-10,2021-09-17,5,down,up,0.058408819139003754,0.0504787415266037,0.8911124467849731
Alphabet Inc.,2021-09-13,2021-09-20,5,down,up,0.0236811600625515,0.016997795552015305,0.9593210220336914
Alphabet Inc.,2021-09-14,2021-09-21,5,down,up,0.03707591071724892,0.017464114353060722,0.9454600214958191
Alphabet Inc.,2021-09-15,2021-09-22,5,down,up,0.021043984219431877,0.05685215815901756,0.9221038222312927
Alphabet Inc.,2021-09-16,2021-09-23,5,down,up,0.02767849527299404,0.0251968652009964,0.9471246004104614
Alphabet Inc.,2021-09-17,2021-09-24,5,flat,up,0.016751334071159363,0.032257694751024246,0.9509910345077515
Alphabet Inc.,2021-09-20,2021-09-27,5,up,up,0.015328386798501015,0.03836159408092499,0.9463100433349609
Alphabet Inc.,2021-09-21,2021-09-28,5,down,up,0.01703089103102684,0.051402680575847626,0.9315664768218994
Alphabet Inc.,2021-09-22,2021-09-29,5,down,up,0.01014657225459814,0.02749527059495449,0.9623582363128662
Alphabet Inc.,2021-09-23,2021-09-30,5,down,up,0.013130009174346924,0.024076880887150764,0.9627930521965027
Alphabet Inc.,2021-09-24,2021-10-01,5,down,up,0.012525624595582485,0.09183523058891296,0.8956391215324402
Alphabet Inc.,2021-09-27,2021-10-04,5,down,up,0.017212243750691414,0.1538005769252777,0.8289871215820312
Alphabet Inc.,2021-09-28,2021-10-05,5,down,up,0.025597738102078438,0.11515342444181442,0.8592488765716553
Alphabet Inc.,2021-09-29,2021-10-06,5,flat,up,0.030910536646842957,0.09301406145095825,0.8760754466056824
Alphabet Inc.,2021-09-30,2021-10-07,5,up,up,0.029674775898456573,0.08257876336574554,0.8877465128898621
Alphabet Inc.,2021-10-01,2021-10-08,5,up,up,0.011063436046242714,0.160330131649971,0.828606367111206
Alphabet Inc.,2021-10-04,2021-10-11,5,up,up,0.010078723542392254,0.20533031225204468,0.7845909595489502
Alphabet Inc.,2021-10-05,2021-10-12,5,up,up,0.014008155092597008,0.18772801756858826,0.7982637882232666
Alphabet Inc.,2021-10-06,2021-10-13,5,up,up,0.01247906219214201,0.3110705316066742,0.6764504313468933
Alphabet Inc.,2021-10-07,2021-10-14,5,flat,up,0.02333766408264637,0.370076447725296,0.6065858602523804
Alphabet Inc.,2021-10-08,2021-10-15,5,up,up,0.03012167476117611,0.3994910717010498,0.5703872442245483
Alphabet Inc.,2021-10-11,2021-10-18,5,up,up,0.021891744807362556,0.15655840933322906,0.8215498328208923
Alphabet Inc.,2021-10-12,2021-10-19,5,up,up,0.004292476922273636,0.06409327685832977,0.9316142797470093
Alphabet Inc.,2021-10-13,2021-10-20,5,up,up,0.00420758593827486,0.048844415694475174,0.9469479918479919
Alphabet Inc.,2021-10-14,2021-10-21,5,up,up,0.03350434824824333,0.0724981352686882,0.8939975500106812
Alphabet Inc.,2021-10-15,2021-10-22,5,down,up,0.15045742690563202,0.2091822624206543,0.6403602957725525
Alphabet Inc.,2021-10-18,2021-10-25,5,down,up,0.0920637920498848,0.15221048891544342,0.7557256817817688
Alphabet Inc.,2021-10-19,2021-10-26,5,down,up,0.08837117999792099,0.4354264736175537,0.4762023985385895
Alphabet Inc.,2021-10-20,2021-10-27,5,flat,up,0.047359660267829895,0.15461736917495728,0.798022985458374
Alphabet Inc.,2021-10-21,2021-10-28,5,up,up,0.00523044727742672,0.04215339571237564,0.9526160955429077
Alphabet Inc.,2021-10-22,2021-10-29,5,up,up,0.002747757127508521,0.017034003511071205,0.9802182912826538
Alphabet Inc.,2021-10-25,2021-11-01,5,up,up,0.0021494897082448006,0.006547275930643082,0.9913032054901123
Alphabet Inc.,2021-10-26,2021-11-02,5,up,up,0.005623184610158205,0.026769446209073067,0.967607319355011
Alphabet Inc.,2021-10-27,2021-11-03,5,up,up,0.0388190932571888,0.04471424221992493,0.9164666533470154
Alphabet Inc.,2021-10-28,2021-11-04,5,up,up,0.16492637991905212,0.16381078958511353,0.6712628602981567
Alphabet Inc.,2021-10-29,2021-11-05,5,up,up,0.2896172106266022,0.2539517283439636,0.4564310312271118
Alphabet Inc.,2021-11-01,2021-11-08,5,up,up,0.05953244864940643,0.1532222479581833,0.7872452735900879
Alphabet Inc.,2021-11-02,2021-11-09,5,up,up,0.014099609106779099,0.08728507906198502,0.898615300655365
Alphabet Inc.,2021-11-03,2021-11-10,5,flat,up,0.015937238931655884,0.14979630708694458,0.8342664241790771
Alphabet Inc.,2021-11-04,2021-11-11,5,flat,up,0.06626233458518982,0.401113361120224,0.5326243042945862
Alphabet Inc.,2021-11-05,2021-11-12,5,flat,up,0.06724362075328827,0.44750136137008667,0.48525506258010864
Alphabet Inc.,2021-11-08,2021-11-15,5,flat,flat,0.09807595610618591,0.7094263434410095,0.19249768555164337
Alphabet Inc.,2021-11-09,2021-11-16,5,flat,flat,0.07181710749864578,0.632230281829834,0.29595261812210083
Alphabet Inc.,2021-11-10,2021-11-17,5,up,up,0.024390265345573425,0.10742215812206268,0.8681875467300415
Alphabet Inc.,2021-11-11,2021-11-18,5,up,up,0.02304196171462536,0.16196072101593018,0.8149973750114441
Alphabet Inc.,2021-11-12,2021-11-19,5,up,up,0.04360012337565422,0.24116076529026031,0.7152391076087952
Alphabet Inc.,2021-11-15,2021-11-22,5,flat,flat,0.05107826739549637,0.5872024297714233,0.3617193400859833
Alphabet Inc.,2021-11-16,2021-11-23,5,down,up,0.04297306388616562,0.4024037718772888,0.5546231269836426
Alphabet Inc.,2021-11-17,2021-11-24,5,down,up,0.041070837527513504,0.3475455045700073,0.6113836765289307
Alphabet Inc.,2021-11-18,2021-11-26,5,down,flat,0.05122621729969978,0.531015932559967,0.41775789856910706
Alphabet Inc.,2021-11-19,2021-11-29,5,down,up,0.15394502878189087,0.3179125487804413,0.5281424522399902
Alphabet Inc.,2021-11-22,2021-11-30,5,down,up,0.03200792893767357,0.04663741961121559,0.9213546514511108
Alphabet Inc.,2021-11-23,2021-12-01,5,down,up,0.01438868511468172,0.1150815561413765,0.8705297112464905
Alphabet Inc.,2021-11-24,2021-12-02,5,down,up,0.034326985478401184,0.2330678254365921,0.7326052188873291
Alphabet Inc.,2021-11-26,2021-12-03,5,flat,up,0.013478288426995277,0.02790512703359127,0.9586165547370911
Alphabet Inc.,2021-11-29,2021-12-06,5,down,up,0.021634304895997047,0.07019849121570587,0.9081672430038452
Alphabet Inc.,2021-11-30,2021-12-07,5,up,up,0.015635721385478973,0.047442760318517685,0.9369215369224548
Alphabet Inc.,2021-12-01,2021-12-08,5,up,up,0.01342742145061493,0.02747078612446785,0.9591017365455627
Alphabet Inc.,2021-12-02,2021-12-09,5,up,up,0.023235786706209183,0.2788107097148895,0.697953462600708
Alphabet Inc.,2021-12-03,2021-12-10,5,up,up,0.024862002581357956,0.10635818541049957,0.8687798380851746
Alphabet Inc.,2021-12-06,2021-12-13,5,up,up,0.022945480421185493,0.07247533649206161,0.904579222202301
Alphabet Inc.,2021-12-07,2021-12-14,5,down,up,0.12325174361467361,0.13840101659297943,0.7383472323417664
Alphabet Inc.,2021-12-08,2021-12-15,5,down,up,0.027703311294317245,0.055225811898708344,0.9170709252357483
Alphabet Inc.,2021-12-09,2021-12-16,5,down,up,0.011825867928564548,0.058394040912389755,0.9297800660133362
Alphabet Inc.,2021-12-10,2021-12-17,5,down,up,0.015442432835698128,0.1254631131887436,0.8590944409370422
Alphabet Inc.,2021-12-13,2021-12-20,5,down,up,0.004750856198370457,0.07500563561916351,0.9202435612678528
Alphabet Inc.,2021-12-14,2021-12-21,5,flat,up,0.024499915540218353,0.053507786244153976,0.921992301940918
Alphabet Inc.,2021-12-15,2021-12-22,5,flat,up,0.00867505557835102,0.03397136926651001,0.9573535919189453
Alphabet Inc.,2021-12-16,2021-12-23,5,flat,up,0.006372043397277594,0.04382903873920441,0.9497989416122437
Alphabet Inc.,2021-12-17,2021-12-27,5,up,up,0.038857005536556244,0.12278725951910019,0.8383557796478271
Alphabet Inc.,2021-12-20,2021-12-28,5,up,up,0.026769420132040977,0.2523832619190216,0.7208473086357117
Alphabet Inc.,2021-12-21,2021-12-29,5,up,up,0.010718407109379768,0.1153654009103775,0.8739162087440491
Alphabet Inc.,2021-12-22,2021-12-30,5,flat,up,0.024960005655884743,0.32949385046958923,0.6455461382865906
Alphabet Inc.,2021-12-23,2021-12-31,5,down,up,0.02255897782742977,0.13388653099536896,0.8435544967651367
Alphabet Inc.,2021-12-27,2022-01-03,5,down,up,0.05134235695004463,0.34360769391059875,0.6050499677658081
Alphabet Inc.,2021-12-28,2022-01-04,5,down,up,0.05349082499742508,0.17530395090579987,0.7712051868438721
Alphabet Inc.,2021-12-29,2022-01-05,5,down,up,0.003993747755885124,0.02483527362346649,0.9711710214614868
Alphabet Inc.,2021-12-30,2022-01-06,5,down,up,0.004691579844802618,0.03332814946770668,0.9619802236557007
Alphabet Inc.,2021-12-31,2022-01-07,5,down,up,0.00770355062559247,0.04232397675514221,0.9499724507331848
Alphabet Inc.,2022-01-03,2022-01-10,5,down,up,0.006585506722331047,0.04466184973716736,0.9487526416778564
Alphabet Inc.,2022-01-04,2022-01-11,5,down,up,0.0108033437281847,0.025963902473449707,0.9632327556610107
Alphabet Inc.,2022-01-05,2022-01-12,5,flat,up,0.033572956919670105,0.1385340839624405,0.8278929591178894
Alphabet Inc.,2022-01-06,2022-01-13,5,up,up,0.0147574283182621,0.08612712472677231,0.8991154432296753
Alphabet Inc.,2022-01-07,2022-01-14,5,up,up,0.015376251190900803,0.0638958066701889,0.9207279682159424
Alphabet Inc.,2022-01-10,2022-01-18,5,flat,up,0.020104793831706047,0.1008078083395958,0.8790873885154724
Alphabet Inc.,2022-01-11,2022-01-19,5,down,up,0.015113363042473793,0.06876098364591599,0.9161256551742554
Alphabet Inc.,2022-01-12,2022-01-20,5,down,up,0.027870239689946175,0.1923583596944809,0.7797714471817017
Alphabet Inc.,2022-01-13,2022-01-21,5,down,up,0.01751239039003849,0.41151490807533264,0.5709726810455322
Alphabet Inc.,2022-01-14,2022-01-24,5,down,up,0.007879376411437988,0.22557146847248077,0.7665491700172424
Alphabet Inc.,2022-01-18,2022-01-25,5,down,up,0.02576342225074768,0.24527963995933533,0.7289569973945618
Alphabet Inc.,2022-01-19,2022-01-26,5,down,up,0.018298078328371048,0.2833569049835205,0.6983450651168823
Alphabet Inc.,2022-01-20,2022-01-27,5,down,up,0.00978925358504057,0.19780918955802917,0.7924016118049622
Alphabet Inc.,2022-01-21,2022-01-28,5,flat,up,0.013206989504396915,0.11305307596921921,0.8737399578094482
Alphabet Inc.,2022-01-24,2022-01-31,5,up,up,0.02401643805205822,0.0725964903831482,0.9033870100975037
Alphabet Inc.,2022-01-25,2022-02-01,5,up,up,0.016686296090483665,0.0781000629067421,0.9052135944366455
Alphabet Inc.,2022-01-26,2022-02-02,5,up,up,0.01260456908494234,0.12263298034667969,0.8647624254226685
Alphabet Inc.,2022-01-27,2022-02-03,5,up,up,0.015409279614686966,0.12198644131422043,0.8626043200492859
Alphabet Inc.,2022-01-28,2022-02-04,5,up,up,0.014149033464491367,0.30677732825279236,0.6790736317634583
Alphabet Inc.,2022-01-31,2022-02-07,5,up,up,0.025094959884881973,0.32556718587875366,0.6493378281593323
Alphabet Inc.,2022-02-01,2022-02-08,5,flat,up,0.1291055679321289,0.17167480289936066,0.6992195844650269
Alphabet Inc.,2022-02-02,2022-02-09,5,down,up,0.12081292271614075,0.40552255511283875,0.4736645519733429
Alphabet Inc.,2022-02-03,2022-02-10,5,down,up,0.11588892340660095,0.2734811007976532,0.6106299757957458
Alphabet Inc.,2022-02-04,2022-02-11,5,down,flat,0.13051371276378632,0.4843284785747528,0.3851577937602997
Alphabet Inc.,2022-02-07,2022-02-14,5,down,up,0.026683982461690903,0.13679873943328857,0.8365172743797302
Alphabet Inc.,2022-02-08,2022-02-15,5,flat,up,0.00928578246384859,0.085535928606987,0.9051783084869385
Alphabet Inc.,2022-02-09,2022-02-16,5,down,up,0.026694566011428833,0.1333596408367157,0.8399457335472107
Alphabet Inc.,2022-02-10,2022-02-17,5,down,up,0.002738590119406581,0.04460739716887474,0.9526540040969849
Alphabet Inc.,2022-02-11,2022-02-18,5,down,up,0.009431064128875732,0.12512625753879547,0.86544269323349
Alphabet Inc.,2022-02-14,2022-02-22,5,down,up,0.025002360343933105,0.10320816934108734,0.8717895150184631
Alphabet Inc.,2022-02-15,2022-02-23,5,down,up,0.02312583103775978,0.057146549224853516,0.9197276830673218
Alphabet Inc.,2022-02-16,2022-02-24,5,down,up,0.018703734502196312,0.08577543497085571,0.8955208659172058
Alphabet Inc.,2022-02-17,2022-02-25,5,flat,up,0.055859994143247604,0.11218596994876862,0.8319540023803711
Alphabet Inc.,2022-02-18,2022-02-28,5,flat,up,0.05755876004695892,0.2018042802810669,0.740636944770813
Alphabet Inc.,2022-02-22,2022-03-01,5,up,up,0.041528549045324326,0.08054621517658234,0.8779252171516418
Alphabet Inc.,2022-02-23,2022-03-02,5,up,up,0.02457580156624317,0.16735577583312988,0.8080683946609497
Alphabet Inc.,2022-02-24,2022-03-03,5,up,up,0.018762024119496346,0.2120548039674759,0.7691831588745117
Alphabet Inc.,2022-02-25,2022-03-04,5,flat,up,0.14160770177841187,0.22183623909950256,0.636556088924408
Alphabet Inc.,2022-02-28,2022-03-07,5,down,flat,0.027666576206684113,0.5985323190689087,0.3738011121749878
Alphabet Inc.,2022-03-01,2022-03-08,5,down,flat,0.06819982081651688,0.5066665410995483,0.4251336455345154
Alphabet Inc.,2022-03-02,2022-03-09,5,down,up,0.017376184463500977,0.34511709213256836,0.6375067234039307
Alphabet Inc.,2022-03-03,2022-03-10,5,down,up,0.011478383094072342,0.0893811360001564,0.8991405367851257
Alphabet Inc.,2022-03-04,2022-03-11,5,flat,up,0.0015870219795033336,0.039173323661088943,0.9592396020889282
Alphabet Inc.,2022-03-07,2022-03-14,5,flat,up,0.024180203676223755,0.1062546968460083,0.8695651292800903
Alphabet Inc.,2022-03-08,2022-03-15,5,flat,up,0.025466494262218475,0.09774429351091385,0.8767892122268677
Alphabet Inc.,2022-03-09,2022-03-16,5,flat,up,0.023523008450865746,0.08409565687179565,0.8923813700675964
Alphabet Inc.,2022-03-10,2022-03-17,5,flat,up,0.009935453534126282,0.07600370049476624,0.9140608906745911
Alphabet Inc.,2022-03-11,2022-03-18,5,up,up,0.014659753069281578,0.09818524867296219,0.8871550559997559
Alphabet Inc.,2022-03-14,2022-03-21,5,up,up,0.027374111115932465,0.22249792516231537,0.750127911567688
Alphabet Inc.,2022-03-15,2022-03-22,5,up,up,0.01930547133088112,0.2313411831855774,0.749353289604187
Alphabet Inc.,2022-03-16,2022-03-23,5,up,up,0.006473821587860584,0.03332960605621338,0.9601966142654419
Alphabet Inc.,2022-03-17,2022-03-24,5,up,up,0.017604099586606026,0.06529832631349564,0.9170975685119629
Alphabet Inc.,2022-03-18,2022-03-25,5,up,up,0.07466726005077362,0.13060715794563293,0.7947255373001099
Alphabet Inc.,2022-03-21,2022-03-28,5,up,up,0.3184579014778137,0.2595623731613159,0.42197975516319275
Alphabet Inc.,2022-03-22,2022-03-29,5,up,down,0.5031289458274841,0.19614888727664948,0.3007221817970276
Alphabet Inc.,2022-03-23,2022-03-30,5,up,up,0.12036348879337311,0.3580232560634613,0.5216132402420044
Alphabet Inc.,2022-03-24,2022-03-31,5,flat,up,0.08736976981163025,0.32363370060920715,0.5889965891838074
Alphabet Inc.,2022-03-25,2022-04-01,5,flat,up,0.11744553595781326,0.27627986669540405,0.6062746047973633
Alphabet Inc.,2022-03-28,2022-04-04,5,flat,up,0.041056204587221146,0.2530054450035095,0.7059383392333984
Alphabet Inc.,2022-03-29,2022-04-05,5,flat,flat,0.08017943799495697,0.4670742154121399,0.45274630188941956
Alphabet Inc.,2022-03-30,2022-04-06,5,down,up,0.010148704051971436,0.2195528745651245,0.7702984809875488
Alphabet Inc.,2022-03-31,2022-04-07,5,down,up,0.004709468688815832,0.04065795615315437,0.9546325206756592
Alphabet Inc.,2022-04-01,2022-04-08,5,down,up,0.006975895259529352,0.06919316947460175,0.9238308668136597
Alphabet Inc.,2022-04-04,2022-04-11,5,down,up,0.030303755775094032,0.07346434146165848,0.8962319493293762
Alphabet Inc.,2022-04-05,2022-04-12,5,down,up,0.08634354919195175,0.20938001573085785,0.704276442527771
Alphabet Inc.,2022-04-06,2022-04-13,5,down,up,0.021052414551377296,0.05083337798714638,0.9281141757965088
Alphabet Inc.,2022-04-07,2022-04-14,5,down,up,0.03298788517713547,0.19257736206054688,0.7744347453117371
Alphabet Inc.,2022-04-08,2022-04-18,5,down,up,0.03595118969678879,0.09324127435684204,0.8708075284957886
Alphabet Inc.,2022-04-11,2022-04-19,5,down,up,0.09820244461297989,0.10335715115070343,0.7984403967857361
Alphabet Inc.,2022-04-12,2022-04-20,5,flat,up,0.08889055252075195,0.18683567643165588,0.7242737412452698
Alphabet Inc.,2022-04-13,2022-04-21,5,down,up,0.018488526344299316,0.08585134893655777,0.8956601619720459
Alphabet Inc.,2022-04-14,2022-04-22,5,down,up,0.01299978792667389,0.23086528480052948,0.7561349272727966
Alphabet Inc.,2022-04-18,2022-04-25,5,down,up,0.005661254748702049,0.18323937058448792,0.8110994100570679
Alphabet Inc.,2022-04-19,2022-04-26,5,down,up,0.005561402998864651,0.15248249471187592,0.8419560790061951
Alphabet Inc.,2022-04-20,2022-04-27,5,down,up,0.016436584293842316,0.4126216173171997,0.5709418058395386
Alphabet Inc.,2022-04-21,2022-04-28,5,down,up,0.010340297594666481,0.1785537749528885,0.8111059069633484
Alphabet Inc.,2022-04-22,2022-04-29,5,down,up,0.034192074090242386,0.06832263618707657,0.8974852561950684
Alphabet Inc.,2022-04-25,2022-05-02,5,down,up,0.02702605165541172,0.07295743376016617,0.9000165462493896
Alphabet Inc.,2022-04-26,2022-05-03,5,down,up,0.019133862107992172,0.06172357127070427,0.9191425442695618
Alphabet Inc.,2022-04-27,2022-05-04,5,up,up,0.02847401611506939,0.12879103422164917,0.8427349328994751
Alphabet Inc.,2022-04-28,2022-05-05,5,flat,up,0.02230820804834366,0.13854540884494781,0.8391463756561279
Alphabet Inc.,2022-04-29,2022-05-06,5,flat,up,0.015498429536819458,0.07008892297744751,0.9144126772880554
Alphabet Inc.,2022-05-02,2022-05-09,5,flat,up,0.00808302965015173,0.14859260618686676,0.8433243632316589
Alphabet Inc.,2022-05-03,2022-05-10,5,down,up,0.01282123476266861,0.09252069145441055,0.8946581482887268
Alphabet Inc.,2022-05-04,2022-05-11,5,down,flat,0.015474564395844936,0.7013734579086304,0.2831519544124603
Alphabet Inc.,2022-05-05,2022-05-12,5,down,flat,0.015067636035382748,0.652370035648346,0.33256232738494873
Alphabet Inc.,2022-05-06,2022-05-13,5,flat,up,0.008480928838253021,0.4772767722606659,0.5142422914505005
Alphabet Inc.,2022-05-09,2022-05-16,5,flat,up,0.02154059335589409,0.2531471252441406,0.7253122925758362
Alphabet Inc.,2022-05-10,2022-05-17,5,flat,up,0.018494637683033943,0.18579073250293732,0.7957146167755127
Alphabet Inc.,2022-05-11,2022-05-18,5,flat,up,0.009896749630570412,0.19850361347198486,0.7915996313095093
Alphabet Inc.,2022-05-12,2022-05-19,5,flat,up,0.00941412802785635,0.1691609025001526,0.8214249610900879
Alphabet Inc.,2022-05-13,2022-05-20,5,down,up,0.015752611681818962,0.10141289234161377,0.8828344941139221
Alphabet Inc.,2022-05-16,2022-05-23,5,down,up,0.005299752112478018,0.19140221178531647,0.8032979965209961
Alphabet Inc.,2022-05-17,2022-05-24,5,down,up,0.008484136313199997,0.05836839973926544,0.9331474304199219
Alphabet Inc.,2022-05-18,2022-05-25,5,down,up,0.0036212464328855276,0.033296432346105576,0.9630823135375977
Alphabet Inc.,2022-05-19,2022-05-26,5,down,up,0.0076280091889202595,0.04646022990345955,0.9459118247032166
Alphabet Inc.,2022-05-20,2022-05-27,5,flat,up,0.013066384941339493,0.07201850414276123,0.914915144443512
Alphabet Inc.,2022-05-23,2022-05-31,5,up,up,0.012036854401230812,0.09212609380483627,0.8958370089530945
Alphabet Inc.,2022-05-24,2022-06-01,5,up,up,0.10514891147613525,0.3012753129005432,0.5935758352279663
Alphabet Inc.,2022-05-25,2022-06-02,5,up,up,0.060646358877420425,0.39308857917785645,0.5462651252746582
Alphabet Inc.,2022-05-26,2022-06-03,5,up,up,0.02315220981836319,0.15658585727214813,0.8202619552612305
Alphabet Inc.,2022-05-27,2022-06-06,5,up,up,0.018741710111498833,0.046554844826459885,0.9347034096717834
Alphabet Inc.,2022-05-31,2022-06-07,5,up,up,0.021919654682278633,0.051691118627786636,0.926389217376709
Alphabet Inc.,2022-06-01,2022-06-08,5,up,up,0.029079483821988106,0.21431830525398254,0.7566022276878357
Alphabet Inc.,2022-06-02,2022-06-09,5,flat,up,0.023353273048996925,0.2319260984659195,0.7447205781936646
Alphabet Inc.,2022-06-03,2022-06-10,5,down,up,0.008223156444728374,0.10919774323701859,0.8825790882110596
Alphabet Inc.,2022-06-06,2022-06-13,5,down,up,0.05260267108678818,0.3084903061389923,0.6389070749282837
Alphabet Inc.,2022-06-07,2022-06-14,5,down,up,0.003901488846167922,0.17352084815502167,0.822577714920044
Alphabet Inc.,2022-06-08,2022-06-15,5,down,up,0.03143936023116112,0.37155330181121826,0.5970073938369751
Alphabet Inc.,2022-06-09,2022-06-16,5,down,up,0.006301745306700468,0.0951152965426445,0.898582935333252
Alphabet Inc.,2022-06-10,2022-06-17,5,down,up,0.004364664200693369,0.027403000742197037,0.9682323336601257
Alphabet Inc.,2022-06-13,2022-06-21,5,up,up,0.016502495855093002,0.07643038034439087,0.907067060470581
Alphabet Inc.,2022-06-14,2022-06-22,5,up,up,0.02882179245352745,0.1328771412372589,0.8383010625839233
Alphabet Inc.,2022-06-15,2022-06-23,5,up,up,0.026927797123789787,0.05617345869541168,0.916898787021637
Alphabet Inc.,2022-06-16,2022-06-24,5,up,up,0.025904448702931404,0.2017153799533844,0.7723801732063293
Alphabet Inc.,2022-06-17,2022-06-27,5,up,up,0.020564278587698936,0.16463689506053925,0.8147988319396973
Alphabet Inc.,2022-06-21,2022-06-28,5,up,up,0.031465645879507065,0.37099575996398926,0.5975385904312134
Alphabet Inc.,2022-06-22,2022-06-29,5,flat,up,0.008773027919232845,0.14124181866645813,0.8499851226806641
Alphabet Inc.,2022-06-23,2022-06-30,5,down,up,0.010075744241476059,0.10001326352357864,0.8899109959602356
Alphabet Inc.,2022-06-24,2022-07-01,5,down,up,0.29410988092422485,0.13777360320091248,0.5681164860725403
Alphabet Inc.,2022-06-27,2022-07-05,5,down,up,0.17107605934143066,0.3913436233997345,0.4375803470611572
Alphabet Inc.,2022-06-28,2022-07-06,5,flat,up,0.048930007964372635,0.3398873209953308,0.611182689666748
Alphabet Inc.,2022-06-29,2022-07-07,5,up,up,0.011798301711678505,0.1009337455034256,0.8872679471969604
Alphabet Inc.,2022-06-30,2022-07-08,5,up,up,0.007517336402088404,0.06763292104005814,0.9248497486114502
Alphabet Inc.,2022-07-01,2022-07-11,5,up,up,0.02036277763545513,0.10367881506681442,0.8759584426879883
Alphabet Inc.,2022-07-05,2022-07-12,5,up,up,0.04461825639009476,0.06759586930274963,0.8877858519554138
Alphabet Inc.,2022-07-06,2022-07-13,5,flat,up,0.1799103170633316,0.058002572506666183,0.7620871067047119
Alphabet Inc.,2022-07-07,2022-07-14,5,down,flat,0.2584284842014313,0.3715594410896301,0.3700120449066162
Alphabet Inc.,2022-07-08,2022-07-15,5,down,up,0.08418859541416168,0.22275878489017487,0.6930526494979858
Alphabet Inc.,2022-07-11,2022-07-18,5,down,up,0.03215663880109787,0.17253705859184265,0.7953063249588013
Alphabet Inc.,2022-07-12,2022-07-19,5,down,up,0.005971977021545172,0.028620615601539612,0.9654073715209961
Alphabet Inc.,2022-07-13,2022-07-20,5,flat,up,0.003487466601654887,0.016674967482686043,0.9798375964164734
Alphabet Inc.,2022-07-14,2022-07-21,5,up,up,0.028537020087242126,0.08588836342096329,0.8855745792388916
Alphabet Inc.,2022-07-15,2022-07-22,5,down,up,0.11839248239994049,0.050065457820892334,0.8315420746803284
Alphabet Inc.,2022-07-18,2022-07-25,5,down,up,0.027345042675733566,0.22012116014957428,0.7525337934494019
Alphabet Inc.,2022-07-19,2022-07-26,5,down,up,0.03601682186126709,0.09497594833374023,0.8690071702003479
Alphabet Inc.,2022-07-20,2022-07-27,5,down,up,0.022364279255270958,0.05345985293388367,0.9241759181022644
Alphabet Inc.,2022-07-21,2022-07-28,5,flat,up,0.02213027887046337,0.15581081807613373,0.822058916091919
Alphabet Inc.,2022-07-22,2022-07-29,5,up,up,0.025673916563391685,0.09923412650823593,0.8750919699668884
Alphabet Inc.,2022-07-25,2022-08-01,5,up,up,0.041763484477996826,0.13202768564224243,0.8262088298797607
Alphabet Inc.,2022-07-26,2022-08-02,5,up,up,0.07211732864379883,0.25244560837745667,0.6754370331764221
Alphabet Inc.,2022-07-27,2022-08-03,5,up,up,0.17128008604049683,0.21390867233276367,0.6148112416267395
Alphabet Inc.,2022-07-28,2022-08-04,5,up,up,0.23649343848228455,0.20167550444602966,0.5618310570716858
Alphabet Inc.,2022-07-29,2022-08-05,5,up,flat,0.06218954920768738,0.5302285552024841,0.4075818657875061
Alphabet Inc.,2022-08-01,2022-08-08,5,up,flat,0.22217296063899994,0.4394652247428894,0.3383617699146271
Alphabet Inc.,2022-08-02,2022-08-09,5,up,up,0.1432143598794937,0.3212440609931946,0.5355415940284729
Alphabet Inc.,2022-08-03,2022-08-10,5,up,up,0.10534559935331345,0.13719379901885986,0.7574605941772461
Alphabet Inc.,2022-08-04,2022-08-11,5,up,up,0.054305098950862885,0.2987651526927948,0.6469298005104065
Alphabet Inc.,2022-08-05,2022-08-12,5,up,up,0.029888391494750977,0.09367888420820236,0.8764327764511108
Alphabet Inc.,2022-08-08,2022-08-15,5,up,up,0.0386882945895195,0.061908233910799026,0.8994035124778748
Alphabet Inc.,2022-08-09,2022-08-16,5,up,up,0.006996716372668743,0.03505806252360344,0.9579452872276306
Alphabet Inc.,2022-08-10,2022-08-17,5,flat,up,0.03260631114244461,0.10927792638540268,0.8581157922744751
Alphabet Inc.,2022-08-11,2022-08-18,5,flat,up,0.010252004489302635,0.155034601688385,0.8347134590148926
Alphabet Inc.,2022-08-12,2022-08-19,5,down,up,0.045350417494773865,0.24643942713737488,0.7082101702690125
Alphabet Inc.,2022-08-15,2022-08-22,5,down,flat,0.0619499608874321,0.7909947633743286,0.14705528318881989
Alphabet Inc.,2022-08-16,2022-08-23,5,down,flat,0.08468439429998398,0.5347031354904175,0.38061246275901794
Alphabet Inc.,2022-08-17,2022-08-24,5,down,up,0.014623637311160564,0.08723162859678268,0.8981447219848633
Alphabet Inc.,2022-08-18,2022-08-25,5,down,up,0.016967497766017914,0.14088661968708038,0.8421458601951599
Alphabet Inc.,2022-08-19,2022-08-26,5,down,up,0.009419647045433521,0.03250489383935928,0.9580754637718201
Alphabet Inc.,2022-08-22,2022-08-29,5,down,up,0.019720513373613358,0.4568370580673218,0.5234423875808716
Alphabet Inc.,2022-08-23,2022-08-30,5,down,up,0.026200411841273308,0.22138315439224243,0.7524164319038391
Alphabet Inc.,2022-08-24,2022-08-31,5,down,up,0.005580678582191467,0.08128438144922256,0.9131349325180054
Alphabet Inc.,2022-08-25,2022-09-01,5,down,up,0.009107892401516438,0.10670612007379532,0.8841860294342041
Alphabet Inc.,2022-08-26,2022-09-02,5,down,up,0.01363395806401968,0.044183630496263504,0.9421824216842651
Alphabet Inc.,2022-08-29,2022-09-06,5,down,up,0.04377603158354759,0.07508866488933563,0.8811352849006653
Alphabet Inc.,2022-08-30,2022-09-07,5,flat,up,0.06385070085525513,0.06350867450237274,0.8726406097412109
Alphabet Inc.,2022-08-31,2022-09-08,5,flat,up,0.027099957689642906,0.04335960000753403,0.9295404553413391
Alphabet Inc.,2022-09-01,2022-09-09,5,flat,up,0.008417692966759205,0.06792330741882324,0.9236589670181274
Alphabet Inc.,2022-09-02,2022-09-12,5,up,up,0.007931109517812729,0.06195329502224922,0.9301155805587769
Alphabet Inc.,2022-09-06,2022-09-13,5,flat,up,0.013459772802889347,0.11937916278839111,0.8671610355377197
Alphabet Inc.,2022-09-07,2022-09-14,5,down,up,0.006814900785684586,0.058412667363882065,0.9347724914550781
Alphabet Inc.,2022-09-08,2022-09-15,5,down,up,0.008603827096521854,0.16483141481876373,0.8265647292137146
Alphabet Inc.,2022-09-09,2022-09-16,5,down,up,0.010669454000890255,0.40465062856674194,0.5846799612045288
Alphabet Inc.,2022-09-12,2022-09-19,5,down,flat,0.005344357807189226,0.621515691280365,0.37313997745513916
Alphabet Inc.,2022-09-13,2022-09-20,5,down,up,0.02121051773428917,0.29922938346862793,0.6795600652694702
Alphabet Inc.,2022-09-14,2022-09-21,5,down,up,0.03900424391031265,0.3930390179157257,0.5679567456245422
Alphabet Inc.,2022-09-15,2022-09-22,5,down,up,0.03547706454992294,0.4163200259208679,0.5482029318809509
Alphabet Inc.,2022-09-16,2022-09-23,5,down,up,0.027703460305929184,0.16353079676628113,0.808765709400177
Alphabet Inc.,2022-09-19,2022-09-26,5,down,up,0.02206525020301342,0.280596524477005,0.6973382234573364
Alphabet Inc.,2022-09-20,2022-09-27,5,down,up,0.009681676514446735,0.1077532023191452,0.8825651407241821
Alphabet Inc.,2022-09-21,2022-09-28,5,down,up,0.012371276505291462,0.17238016426563263,0.8152484893798828
Alphabet Inc.,2022-09-22,2022-09-29,5,down,up,0.012938108295202255,0.08112230151891708,0.9059395790100098
Alphabet Inc.,2022-09-23,2022-09-30,5,down,up,0.01748298853635788,0.10676705837249756,0.875749945640564
Alphabet Inc.,2022-09-26,2022-10-03,5,flat,up,0.008847544901072979,0.23684312403202057,0.754309356212616
Alphabet Inc.,2022-09-27,2022-10-04,5,up,up,0.005147460848093033,0.3758220970630646,0.6190304756164551
Alphabet Inc.,2022-09-28,2022-10-05,5,up,flat,0.007434680592268705,0.628204345703125,0.3643609881401062
Alphabet Inc.,2022-09-29,2022-10-06,5,up,up,0.00483890064060688,0.4307985305786133,0.5643625855445862
Alphabet Inc.,2022-09-30,2022-10-07,5,up,up,0.006499236449599266,0.4956837594509125,0.49781695008277893
Alphabet Inc.,2022-10-03,2022-10-10,5,flat,up,0.011185193434357643,0.4421161413192749,0.5466986298561096
Alphabet Inc.,2022-10-04,2022-10-11,5,down,up,0.0223686620593071,0.1452092081308365,0.8324220776557922
Alphabet Inc.,2022-10-05,2022-10-12,5,down,up,0.009691491723060608,0.14978455007076263,0.8405239582061768
Alphabet Inc.,2022-10-06,2022-10-13,5,down,up,0.012662261724472046,0.14029018580913544,0.8470475077629089
Alphabet Inc.,2022-10-07,2022-10-14,5,flat,up,0.004460346419364214,0.06714269518852234,0.928396999835968
Alphabet Inc.,2022-10-10,2022-10-17,5,flat,up,0.0020372113212943077,0.030192777514457703,0.967769980430603
Alphabet Inc.,2022-10-11,2022-10-18,5,up,up,0.005412801634520292,0.04785186052322388,0.9467353224754333
Alphabet Inc.,2022-10-12,2022-10-19,5,up,up,0.007365563418716192,0.08864828199148178,0.9039861559867859
Alphabet Inc.,2022-10-13,2022-10-20,5,up,up,0.008549852296710014,0.10485813021659851,0.8865919709205627
Alphabet Inc.,2022-10-14,2022-10-21,5,flat,up,0.018601594492793083,0.21109934151172638,0.7702990174293518
Alphabet Inc.,2022-10-17,2022-10-24,5,up,up,0.02287314645946026,0.1332978904247284,0.8438289165496826
Alphabet Inc.,2022-10-18,2022-10-25,5,flat,up,0.09602942317724228,0.28287839889526367,0.6210921406745911
Alphabet Inc.,2022-10-19,2022-10-26,5,down,up,0.014150580391287804,0.1752490997314453,0.8106002807617188
Alphabet Inc.,2022-10-20,2022-10-27,5,down,up,0.018510257825255394,0.10746429860591888,0.8740254640579224
Alphabet Inc.,2022-10-21,2022-10-28,5,down,up,0.002538132481276989,0.02234671078622341,0.975115180015564
Alphabet Inc.,2022-10-24,2022-10-31,5,down,up,0.11019419878721237,0.22111356258392334,0.6686922311782837
Alphabet Inc.,2022-10-25,2022-11-01,5,down,up,0.3982926607131958,0.15274153649806976,0.44896578788757324
Alphabet Inc.,2022-10-26,2022-11-02,5,down,up,0.01757379248738289,0.05091240629553795,0.9315138459205627
Alphabet Inc.,2022-10-27,2022-11-03,5,down,up,0.05803125724196434,0.1902092546224594,0.7517595291137695
Alphabet Inc.,2022-10-28,2022-11-04,5,down,up,0.1791079342365265,0.33670100569725037,0.48419106006622314
Alphabet Inc.,2022-10-31,2022-11-07,5,down,up,0.07298890501260757,0.39374884963035583,0.5332622528076172
Alphabet Inc.,2022-11-01,2022-11-08,5,down,flat,0.08362159878015518,0.6216776967048645,0.2947007417678833
Alphabet Inc.,2022-11-02,2022-11-09,5,flat,up,0.18325020372867584,0.17498396337032318,0.6417657732963562
Alphabet Inc.,2022-11-03,2022-11-10,5,up,up,0.26854074001312256,0.23409929871559143,0.4973599314689636
Alphabet Inc.,2022-11-04,2022-11-11,5,up,up,0.2899347245693207,0.2787388563156128,0.43132641911506653
Alphabet Inc.,2022-11-07,2022-11-14,5,up,flat,0.13818268477916718,0.5936611890792847,0.26815611124038696
Alphabet Inc.,2022-11-08,2022-11-15,5,up,flat,0.1987743228673935,0.6666208505630493,0.13460484147071838
Alphabet Inc.,2022-11-09,2022-11-16,5,up,flat,0.03531656786799431,0.9354871511459351,0.029196249321103096
Alphabet Inc.,2022-11-10,2022-11-17,5,up,flat,0.03022901713848114,0.9148596525192261,0.05491134151816368
Alphabet Inc.,2022-11-11,2022-11-18,5,up,flat,0.1028067022562027,0.6382457613945007,0.258947491645813
Alphabet Inc.,2022-11-14,2022-11-21,5,flat,flat,0.04989401251077652,0.6230658292770386,0.3270401954650879
Alphabet Inc.,2022-11-15,2022-11-22,5,down,flat,0.05137556418776512,0.5642812848091125,0.3843432068824768
Alphabet Inc.,2022-11-16,2022-11-23,5,flat,flat,0.030232135206460953,0.5327214002609253,0.43704643845558167
Alphabet Inc.,2022-11-17,2022-11-25,5,flat,up,0.04005417972803116,0.42141810059547424,0.5385277271270752
Alphabet Inc.,2022-11-18,2022-11-28,5,flat,up,0.01639898680150509,0.24807025492191315,0.7355307936668396
Alphabet Inc.,2022-11-21,2022-11-29,5,flat,up,0.01179562695324421,0.23223093152046204,0.7559734582901001
Alphabet Inc.,2022-11-22,2022-11-30,5,up,up,0.011927390471100807,0.14904946088790894,0.8390231728553772
Alphabet Inc.,2022-11-23,2022-12-01,5,up,up,0.05411162227392197,0.27957266569137573,0.6663156747817993
Alphabet Inc.,2022-11-25,2022-12-02,5,up,flat,0.08303546160459518,0.5016279220581055,0.41533660888671875
Alphabet Inc.,2022-11-28,2022-12-05,5,up,up,0.02296178974211216,0.0928945541381836,0.8841436505317688
Alphabet Inc.,2022-11-29,2022-12-06,5,up,up,0.008714176714420319,0.031189261004328728,0.9600964784622192
Alphabet Inc.,2022-11-30,2022-12-07,5,down,up,0.05594809725880623,0.22512207925319672,0.7189297676086426
Alphabet Inc.,2022-12-01,2022-12-08,5,down,up,0.09684965014457703,0.21494685113430023,0.6882035732269287
Alphabet Inc.,2022-12-02,2022-12-09,5,down,up,0.08631119132041931,0.061162885278463364,0.8525259494781494
Alphabet Inc.,2022-12-05,2022-12-12,5,down,up,0.1310082972049713,0.11161168664693832,0.7573800086975098
Alphabet Inc.,2022-12-06,2022-12-13,5,flat,up,0.017892083153128624,0.028068609535694122,0.9540392756462097
Alphabet Inc.,2022-12-07,2022-12-14,5,flat,up,0.010645383968949318,0.00767707172781229,0.9816774725914001
Alphabet Inc.,2022-12-08,2022-12-15,5,down,up,0.09265613555908203,0.10117130726575851,0.8061724901199341
Alphabet Inc.,2022-12-09,2022-12-16,5,down,up,0.2652050852775574,0.2277221381664276,0.5070727467536926
Alphabet Inc.,2022-12-12,2022-12-19,5,down,up,0.17530597746372223,0.40894991159439087,0.4157441258430481
Alphabet Inc.,2022-12-13,2022-12-20,5,down,down,0.4999592900276184,0.15004229545593262,0.34999844431877136
Alphabet Inc.,2022-12-14,2022-12-21,5,down,flat,0.12034624814987183,0.5116363763809204,0.36801737546920776
Alphabet Inc.,2022-12-15,2022-12-22,5,down,up,0.11180511116981506,0.3832288682460785,0.5049660205841064
Alphabet Inc.,2022-12-16,2022-12-23,5,down,up,0.18608859181404114,0.27195465564727783,0.5419567227363586
Alphabet Inc.,2022-12-19,2022-12-27,5,flat,up,0.29712527990341187,0.2173784375190735,0.48549631237983704
Alphabet Inc.,2022-12-20,2022-12-28,5,down,up,0.12018673121929169,0.13376429677009583,0.7460489273071289
Alphabet Inc.,2022-12-21,2022-12-29,5,down,up,0.30326053500175476,0.18863333761692047,0.5081061124801636
Alphabet Inc.,2022-12-22,2022-12-30,5,flat,up,0.19335679709911346,0.2816757261753082,0.5249674916267395
Alphabet Inc.,2022-12-23,2023-01-03,5,flat,down,0.40241020917892456,0.21957746148109436,0.3780122697353363
Alphabet Inc.,2022-12-27,2023-01-04,5,flat,up,0.17543421685695648,0.3807374835014343,0.4438282549381256
Alphabet Inc.,2022-12-28,2023-01-05,5,flat,flat,0.06788235157728195,0.4942854344844818,0.43783217668533325
Alphabet Inc.,2022-12-29,2023-01-06,5,flat,flat,0.09484490007162094,0.5688900947570801,0.336264967918396
Alphabet Inc.,2022-12-30,2023-01-09,5,flat,flat,0.06087826192378998,0.6598032116889954,0.27931854128837585
Alphabet Inc.,2023-01-03,2023-01-10,5,down,flat,0.05479981005191803,0.7706455588340759,0.17455467581748962
Alphabet Inc.,2023-01-04,2023-01-11,5,up,flat,0.05412110686302185,0.7007386088371277,0.2451402246952057
Alphabet Inc.,2023-01-05,2023-01-12,5,up,flat,0.047243986278772354,0.713091254234314,0.23966477811336517
Alphabet Inc.,2023-01-06,2023-01-13,5,up,up,0.0921865850687027,0.2967510521411896,0.6110623478889465
Alphabet Inc.,2023-01-09,2023-01-17,5,up,up,0.027642667293548584,0.2773067057132721,0.6950505971908569
Alphabet Inc.,2023-01-10,2023-01-18,5,up,up,0.021715249866247177,0.32292670011520386,0.655358076095581
Alphabet Inc.,2023-01-11,2023-01-19,5,up,up,0.13771361112594604,0.24723735451698303,0.6150490641593933
Alphabet Inc.,2023-01-12,2023-01-20,5,up,up,0.2194456160068512,0.31922218203544617,0.461332231760025
Alphabet Inc.,2023-01-13,2023-01-23,5,up,down,0.48092132806777954,0.3191080689430237,0.19997058808803558
Alphabet Inc.,2023-01-17,2023-01-24,5,up,up,0.33787357807159424,0.2748010754585266,0.38732534646987915
Alphabet Inc.,2023-01-18,2023-01-25,5,up,up,0.10251045972108841,0.2847522497177124,0.6127372980117798
Alphabet Inc.,2023-01-19,2023-01-26,5,up,up,0.2360926866531372,0.18366315960884094,0.5802441835403442
Alphabet Inc.,2023-01-20,2023-01-27,5,up,flat,0.24576175212860107,0.5519070029258728,0.2023312747478485
Alphabet Inc.,2023-01-23,2023-01-30,5,down,flat,0.1789809912443161,0.5917179584503174,0.2293010652065277
Alphabet Inc.,2023-01-24,2023-01-31,5,flat,up,0.215459406375885,0.2085733413696289,0.5759672522544861
Alphabet Inc.,2023-01-25,2023-02-01,5,up,up,0.005971996113657951,0.02510656975209713,0.968921422958374
Alphabet Inc.,2023-01-26,2023-02-02,5,up,up,0.020550446584820747,0.05199352651834488,0.9274560213088989
Alphabet Inc.,2023-01-27,2023-02-03,5,up,up,0.02236027456820011,0.2493959665298462,0.7282437086105347
Alphabet Inc.,2023-01-30,2023-02-06,5,up,up,0.008766865357756615,0.03586018085479736,0.9553729295730591
Alphabet Inc.,2023-01-31,2023-02-07,5,up,up,0.015523327514529228,0.14943359792232513,0.8350430727005005
Alphabet Inc.,2023-02-01,2023-02-08,5,flat,up,0.07905068248510361,0.2352369874715805,0.6857122778892517
Alphabet Inc.,2023-02-02,2023-02-09,5,down,flat,0.03866260498762131,0.9165568947792053,0.04478052258491516
Alphabet Inc.,2023-02-03,2023-02-10,5,down,flat,0.02913333848118782,0.8890774250030518,0.08178922533988953
Alphabet Inc.,2023-02-06,2023-02-13,5,down,flat,0.03175646439194679,0.8362283706665039,0.1320151686668396
Alphabet Inc.,2023-02-07,2023-02-14,5,down,flat,0.11856871843338013,0.662510097026825,0.21892118453979492
Alphabet Inc.,2023-02-08,2023-02-15,5,down,up,0.058312565088272095,0.26414549350738525,0.677541971206665
Alphabet Inc.,2023-02-09,2023-02-16,5,flat,flat,0.04697469621896744,0.5860406160354614,0.36698463559150696
Alphabet Inc.,2023-02-10,2023-02-17,5,flat,flat,0.024151379242539406,0.8755291700363159,0.10031943023204803
Alphabet Inc.,2023-02-13,2023-02-21,5,down,flat,0.06321132183074951,0.7272427678108215,0.20954591035842896
Alphabet Inc.,2023-02-14,2023-02-22,5,down,up,0.02851906046271324,0.48036590218544006,0.49111509323120117
Alphabet Inc.,2023-02-15,2023-02-23,5,down,flat,0.25240451097488403,0.3919909596443176,0.3556045591831207
Alphabet Inc.,2023-02-16,2023-02-24,5,down,up,0.1742534041404724,0.3667761981487274,0.45897042751312256
Alphabet Inc.,2023-02-17,2023-02-27,5,down,up,0.06483741104602814,0.3714449107646942,0.5637176632881165
Alphabet Inc.,2023-02-21,2023-02-28,5,down,up,0.13885051012039185,0.2948325574398041,0.5663169026374817
Alphabet Inc.,2023-02-22,2023-03-01,5,flat,up,0.24669545888900757,0.2589707672595978,0.49433383345603943
Alphabet Inc.,2023-02-23,2023-03-02,5,flat,down,0.44901958107948303,0.24730302393436432,0.30367738008499146
Alphabet Inc.,2023-02-24,2023-03-03,5,up,up,0.1400299072265625,0.20045572519302368,0.6595143675804138
Alphabet Inc.,2023-02-27,2023-03-06,5,up,flat,0.16252447664737701,0.5728127956390381,0.2646627128124237
Alphabet Inc.,2023-02-28,2023-03-07,5,up,flat,0.14489562809467316,0.5708757638931274,0.2842285633087158
Alphabet Inc.,2023-03-01,2023-03-08,5,up,flat,0.171097531914711,0.5631822943687439,0.2657201588153839
Alphabet Inc.,2023-03-02,2023-03-09,5,up,flat,0.08626735955476761,0.6571943759918213,0.2565382421016693
Alphabet Inc.,2023-03-03,2023-03-10,5,down,flat,0.014804552309215069,0.87009197473526,0.11510346084833145
Alphabet Inc.,2023-03-06,2023-03-13,5,down,flat,0.02641315385699272,0.8476252555847168,0.12596161663532257
Alphabet Inc.,2023-03-07,2023-03-14,5,down,flat,0.22000719606876373,0.49348631501197815,0.2865065038204193
Alphabet Inc.,2023-03-08,2023-03-15,5,flat,flat,0.21873316168785095,0.44180744886398315,0.3394593894481659
Alphabet Inc.,2023-03-09,2023-03-16,5,up,up,0.00739167258143425,0.03831671178340912,0.9542916417121887
Alphabet Inc.,2023-03-10,2023-03-17,5,up,up,0.00800048653036356,0.03327967971563339,0.9587198495864868
Alphabet Inc.,2023-03-13,2023-03-20,5,up,up,0.024125000461935997,0.03407204523682594,0.941802978515625
Alphabet Inc.,2023-03-14,2023-03-21,5,up,up,0.03933959826827049,0.06832544505596161,0.8923349380493164
Alphabet Inc.,2023-03-15,2023-03-22,5,up,up,0.34591910243034363,0.15254713594913483,0.5015338063240051
Alphabet Inc.,2023-03-16,2023-03-23,5,up,down,0.5120287537574768,0.31742823123931885,0.17054298520088196
Alphabet Inc.,2023-03-17,2023-03-24,5,up,flat,0.3207762539386749,0.5769743919372559,0.10224932432174683
Alphabet Inc.,2023-03-20,2023-03-27,5,up,up,0.3085435926914215,0.18049880862236023,0.5109575986862183
Alphabet Inc.,2023-03-21,2023-03-28,5,down,flat,0.0843350812792778,0.7744273543357849,0.1412375271320343
Alphabet Inc.,2023-03-22,2023-03-29,5,down,flat,0.04225524142384529,0.8597829937934875,0.09796173125505447
Alphabet Inc.,2023-03-23,2023-03-30,5,down,flat,0.0834479108452797,0.667809009552002,0.24874311685562134
Alphabet Inc.,2023-03-24,2023-03-31,5,down,flat,0.051067862659692764,0.7337484955787659,0.21518367528915405
Alphabet Inc.,2023-03-27,2023-04-03,5,flat,flat,0.02606963738799095,0.6653513312339783,0.30857905745506287
Alphabet Inc.,2023-03-28,2023-04-04,5,up,up,0.011519862338900566,0.15541774034500122,0.8330624103546143
Alphabet Inc.,2023-03-29,2023-04-05,5,up,up,0.030213721096515656,0.232068732380867,0.7377175092697144
Alphabet Inc.,2023-03-30,2023-04-06,5,up,up,0.03465672954916954,0.35917386412620544,0.6061694025993347
Alphabet Inc.,2023-03-31,2023-04-10,5,up,up,0.2660221457481384,0.22914116084575653,0.5048366785049438
Alphabet Inc.,2023-04-03,2023-04-11,5,up,flat,0.17349950969219208,0.6029606461524963,0.2235398143529892
Alphabet Inc.,2023-04-04,2023-04-12,5,flat,flat,0.1624869853258133,0.7293180823326111,0.10819492489099503
Alphabet Inc.,2023-04-05,2023-04-13,5,up,flat,0.09969297796487808,0.82432621717453,0.07598079741001129
Alphabet Inc.,2023-04-06,2023-04-14,5,flat,flat,0.3231775760650635,0.6148744821548462,0.06194792687892914
Alphabet Inc.,2023-04-10,2023-04-17,5,flat,flat,0.21654509007930756,0.6204635500907898,0.16299137473106384
Alphabet Inc.,2023-04-11,2023-04-18,5,flat,up,0.11293841153383255,0.37494662404060364,0.5121150016784668
Alphabet Inc.,2023-04-12,2023-04-19,5,down,flat,0.03652219846844673,0.5292324423789978,0.43424534797668457
Alphabet Inc.,2023-04-13,2023-04-20,5,down,flat,0.08442120999097824,0.5396682620048523,0.37591052055358887
Alphabet Inc.,2023-04-14,2023-04-21,5,down,flat,0.11029793322086334,0.5804378986358643,0.3092641830444336
Alphabet Inc.,2023-04-17,2023-04-24,5,flat,flat,0.04095840081572533,0.6555492877960205,0.3034922778606415
Alphabet Inc.,2023-04-18,2023-04-25,5,flat,up,0.06911277025938034,0.4463297724723816,0.48455744981765747
Alphabet Inc.,2023-04-19,2023-04-26,5,flat,flat,0.027866916730999947,0.7096136212348938,0.262519508600235
Alphabet Inc.,2023-04-20,2023-04-27,5,flat,flat,0.056319709867239,0.6190142631530762,0.32466599345207214
Alphabet Inc.,2023-04-21,2023-04-28,5,up,up,0.0304366834461689,0.1571141481399536,0.8124491572380066
Alphabet Inc.,2023-04-24,2023-05-01,5,up,up,0.03206465765833855,0.3641534447669983,0.6037819385528564
Alphabet Inc.,2023-04-25,2023-05-02,5,flat,up,0.01864040084183216,0.29333022236824036,0.6880293488502502
Alphabet Inc.,2023-04-26,2023-05-03,5,up,flat,0.03134256973862648,0.725295901298523,0.24336151778697968
Alphabet Inc.,2023-04-27,2023-05-04,5,flat,up,0.12238887697458267,0.22921401262283325,0.6483970880508423
Alphabet Inc.,2023-04-28,2023-05-05,5,down,up,0.07323010265827179,0.3173936903476715,0.6093761920928955
Alphabet Inc.,2023-05-01,2023-05-08,5,flat,up,0.08710907399654388,0.35858866572380066,0.5543022155761719
Alphabet Inc.,2023-05-02,2023-05-09,5,up,up,0.035795073956251144,0.2825164496898651,0.6816884875297546
Alphabet Inc.,2023-05-03,2023-05-10,5,up,up,0.02963968552649021,0.16639086604118347,0.8039693832397461
Alphabet Inc.,2023-05-04,2023-05-11,5,up,up,0.02388625033199787,0.3880844712257385,0.5880293250083923
Alphabet Inc.,2023-05-05,2023-05-12,5,up,up,0.050160881131887436,0.11432883143424988,0.83551025390625
Alphabet Inc.,2023-05-08,2023-05-15,5,up,up,0.021651485934853554,0.09010997414588928,0.8882384896278381
Alphabet Inc.,2023-05-09,2023-05-16,5,up,up,0.14695732295513153,0.1355649083852768,0.7174777388572693
Alphabet Inc.,2023-05-10,2023-05-17,5,up,flat,0.10023318976163864,0.5552552342414856,0.34451156854629517
Alphabet Inc.,2023-05-11,2023-05-18,5,up,flat,0.38634446263313293,0.43317127227783203,0.18048420548439026
Alphabet Inc.,2023-05-12,2023-05-19,5,up,flat,0.1227094829082489,0.7836595773696899,0.09363092482089996
Alphabet Inc.,2023-05-15,2023-05-22,5,up,flat,0.1576615571975708,0.6828332543373108,0.15950515866279602
Alphabet Inc.,2023-05-16,2023-05-23,5,up,flat,0.1624791920185089,0.7678560614585876,0.06966476887464523
Alphabet Inc.,2023-05-17,2023-05-24,5,flat,flat,0.31062760949134827,0.6473991870880127,0.04197325557470322
Alphabet Inc.,2023-05-18,2023-05-25,5,up,flat,0.37175682187080383,0.5771029591560364,0.05114024877548218
Alphabet Inc.,2023-05-19,2023-05-26,5,flat,down,0.710216224193573,0.2747504711151123,0.015033298172056675
Alphabet Inc.,2023-05-22,2023-05-30,5,flat,down,0.6629748344421387,0.3247019946575165,0.012323129922151566
Alphabet Inc.,2023-05-23,2023-05-31,5,flat,down,0.6352229714393616,0.3304861783981323,0.03429083153605461
Alphabet Inc.,2023-05-24,2023-06-01,5,up,down,0.5956918001174927,0.22076846659183502,0.1835397183895111
Alphabet Inc.,2023-05-25,2023-06-02,5,flat,down,0.7422405481338501,0.1730649620294571,0.08469446748495102
Alphabet Inc.,2023-05-26,2023-06-05,5,flat,down,0.5462875962257385,0.4163697063922882,0.03734264522790909
Alphabet Inc.,2023-05-30,2023-06-06,5,up,down,0.6539061665534973,0.3201008141040802,0.02599303238093853
Alphabet Inc.,2023-05-31,2023-06-07,5,up,down,0.7720075249671936,0.12151818722486496,0.10647433996200562
Alphabet Inc.,2023-06-01,2023-06-08,5,flat,down,0.8434885144233704,0.08666861057281494,0.06984284520149231
Alphabet Inc.,2023-06-02,2023-06-09,5,down,down,0.7363384366035461,0.17731396853923798,0.08634763211011887
Alphabet Inc.,2023-06-05,2023-06-12,5,down,down,0.7839494347572327,0.17091335356235504,0.0451371856033802
Alphabet Inc.,2023-06-06,2023-06-13,5,down,down,0.8633604645729065,0.06764959543943405,0.06898998469114304
Alphabet Inc.,2023-06-07,2023-06-14,5,down,down,0.7769781351089478,0.1006888672709465,0.12233301252126694
Alphabet Inc.,2023-06-08,2023-06-15,5,up,down,0.6155667901039124,0.3219769299030304,0.06245630979537964
Alphabet Inc.,2023-06-09,2023-06-16,5,up,down,0.5678238868713379,0.3697054088115692,0.062470693141222
Alphabet Inc.,2023-06-12,2023-06-20,5,flat,down,0.7439475655555725,0.19205255806446075,0.06399987637996674
Alphabet Inc.,2023-06-13,2023-06-21,5,down,down,0.7295666933059692,0.20159147679805756,0.0688418373465538
Alphabet Inc.,2023-06-14,2023-06-22,5,down,down,0.6125544905662537,0.25095391273498535,0.1364915668964386
Alphabet Inc.,2023-06-15,2023-06-23,5,down,down,0.5742363929748535,0.32462772727012634,0.10113586485385895
Alphabet Inc.,2023-06-16,2023-06-26,5,down,down,0.5492180585861206,0.37040653824806213,0.08037540316581726
Alphabet Inc.,2023-06-20,2023-06-27,5,down,down,0.5255632400512695,0.21932537853717804,0.25511136651039124
Alphabet Inc.,2023-06-21,2023-06-28,5,down,up,0.028075017035007477,0.1983153373003006,0.7736096978187561
Alphabet Inc.,2023-06-22,2023-06-29,5,down,up,0.025299977511167526,0.3345467746257782,0.6401532888412476
Alphabet Inc.,2023-06-23,2023-06-30,5,flat,up,0.023984504863619804,0.3279751241207123,0.6480403542518616
Alphabet Inc.,2023-06-26,2023-07-03,5,flat,up,0.016015876084566116,0.18410299718379974,0.7998811602592468
Alphabet Inc.,2023-06-27,2023-07-05,5,up,up,0.030661912634968758,0.18126612901687622,0.7880719900131226
Alphabet Inc.,2023-06-28,2023-07-06,5,flat,up,0.01596955396234989,0.21016250550746918,0.7738679647445679
Alphabet Inc.,2023-06-29,2023-07-07,5,flat,up,0.014345746487379074,0.11694605648517609,0.8687082529067993
Alphabet Inc.,2023-06-30,2023-07-10,5,down,up,0.015148156322538853,0.26242488622665405,0.7224269509315491
Alphabet Inc.,2023-07-03,2023-07-11,5,down,up,0.03575363755226135,0.17965169250965118,0.784594714641571
Alphabet Inc.,2023-07-05,2023-07-12,5,down,up,0.02169889584183693,0.2715807259082794,0.7067203521728516
Alphabet Inc.,2023-07-06,2023-07-13,5,up,up,0.01971735991537571,0.27210479974746704,0.7081778645515442
Alphabet Inc.,2023-07-07,2023-07-14,5,up,up,0.010874668136239052,0.24505256116390228,0.7440727949142456
Alphabet Inc.,2023-07-10,2023-07-17,5,up,up,0.03562231734395027,0.26269474625587463,0.7016829252243042
Alphabet Inc.,2023-07-11,2023-07-18,5,up,up,0.01512659527361393,0.0944368988275528,0.8904364705085754
Alphabet Inc.,2023-07-12,2023-07-19,5,up,up,0.017228389158844948,0.1420065313577652,0.8407650589942932
Alphabet Inc.,2023-07-13,2023-07-20,5,down,up,0.04800722375512123,0.050924040377140045,0.9010686874389648
Alphabet Inc.,2023-07-14,2023-07-21,5,down,up,0.07479467988014221,0.3283516466617584,0.5968536734580994
Alphabet Inc.,2023-07-17,2023-07-24,5,down,up,0.2337215691804886,0.26438477635383606,0.5018936395645142
Alphabet Inc.,2023-07-18,2023-07-25,5,down,up,0.1265205442905426,0.09185919165611267,0.7816202640533447
Alphabet Inc.,2023-07-19,2023-07-26,5,up,up,0.011286350898444653,0.04831526800990105,0.9403983354568481
Alphabet Inc.,2023-07-20,2023-07-27,5,up,up,0.008319084532558918,0.034320808947086334,0.9573601484298706
Alphabet Inc.,2023-07-21,2023-07-28,5,up,up,0.014936679042875767,0.059279415756464005,0.9257839322090149
Alphabet Inc.,2023-07-24,2023-07-31,5,up,up,0.01576288416981697,0.02401532046496868,0.9602217674255371
Alphabet Inc.,2023-07-25,2023-08-01,5,up,up,0.008278874680399895,0.053311675786972046,0.9384094476699829
Alphabet Inc.,2023-07-26,2023-08-02,5,flat,flat,0.3184833824634552,0.4388096332550049,0.2427070140838623
Alphabet Inc.,2023-07-27,2023-08-03,5,down,flat,0.17218825221061707,0.4927089810371399,0.33510279655456543
Alphabet Inc.,2023-07-28,2023-08-04,5,down,flat,0.09495402127504349,0.6498900651931763,0.25515589118003845
Alphabet Inc.,2023-07-31,2023-08-07,5,down,flat,0.058342963457107544,0.914587676525116,0.027069387957453728
Alphabet Inc.,2023-08-01,2023-08-08,5,flat,up,0.11221766471862793,0.41044849157333374,0.47733381390571594
Alphabet Inc.,2023-08-02,2023-08-09,5,up,up,0.01518805231899023,0.17667104303836823,0.8081409335136414
Alphabet Inc.,2023-08-03,2023-08-10,5,up,up,0.010579781606793404,0.1493903547525406,0.8400298953056335
Alphabet Inc.,2023-08-04,2023-08-11,5,flat,up,0.02178257703781128,0.20503024756908417,0.7731872200965881
Alphabet Inc.,2023-08-07,2023-08-14,5,flat,up,0.06860771030187607,0.1653197556734085,0.7660725116729736
Alphabet Inc.,2023-08-08,2023-08-15,5,flat,up,0.05667446181178093,0.44235584139823914,0.500969648361206
Alphabet Inc.,2023-08-09,2023-08-16,5,flat,up,0.03584740683436394,0.1921895444393158,0.7719630002975464
Alphabet Inc.,2023-08-10,2023-08-17,5,flat,up,0.029290366917848587,0.313838928937912,0.6568707227706909
Alphabet Inc.,2023-08-11,2023-08-18,5,flat,up,0.016071034595370293,0.1217837855219841,0.862145185470581
Alphabet Inc.,2023-08-14,2023-08-21,5,down,up,0.03343924507498741,0.22549748420715332,0.7410632967948914
Alphabet Inc.,2023-08-15,2023-08-22,5,flat,up,0.020012829452753067,0.060514748096466064,0.9194723963737488
Alphabet Inc.,2023-08-16,2023-08-23,5,up,up,0.01744728349149227,0.04518648609519005,0.9373661875724792
Alphabet Inc.,2023-08-17,2023-08-24,5,up,up,0.01105398591607809,0.04297490790486336,0.9459711313247681
Alphabet Inc.,2023-08-18,2023-08-25,5,up,up,0.01972949132323265,0.2628667950630188,0.7174037098884583
Alphabet Inc.,2023-08-21,2023-08-28,5,up,up,0.030753882601857185,0.1272154599428177,0.8420306444168091
Alphabet Inc.,2023-08-22,2023-08-29,5,up,up,0.03166254982352257,0.09113658964633942,0.8772009015083313
Alphabet Inc.,2023-08-23,2023-08-30,5,up,up,0.161121666431427,0.1261179894208908,0.7127603888511658
Alphabet Inc.,2023-08-24,2023-08-31,5,up,up,0.10397244244813919,0.15246954560279846,0.7435579895973206
Alphabet Inc.,2023-08-25,2023-09-01,5,up,up,0.03537014499306679,0.2596043646335602,0.7050254940986633
Alphabet Inc.,2023-08-28,2023-09-05,5,up,up,0.06295312941074371,0.06434060633182526,0.8727062940597534
Alphabet Inc.,2023-08-29,2023-09-06,5,flat,up,0.17420056462287903,0.25220122933387756,0.5735982060432434
Alphabet Inc.,2023-08-30,2023-09-07,5,flat,up,0.2417757660150528,0.13542817533016205,0.6227960586547852
Alphabet Inc.,2023-08-31,2023-09-08,5,flat,flat,0.4386014938354492,0.4415683448314667,0.11983010917901993
Alphabet Inc.,2023-09-01,2023-09-11,5,flat,flat,0.13908787071704865,0.7999504804611206,0.060961611568927765
Alphabet Inc.,2023-09-05,2023-09-12,5,flat,flat,0.06378939002752304,0.5424675941467285,0.39374300837516785
Alphabet Inc.,2023-09-06,2023-09-13,5,flat,flat,0.009047488681972027,0.7322172522544861,0.2587352395057678
Alphabet Inc.,2023-09-07,2023-09-14,5,up,up,0.02575799822807312,0.17104806005954742,0.8031939268112183
Alphabet Inc.,2023-09-08,2023-09-15,5,up,up,0.038108523935079575,0.2569821774959564,0.7049092650413513
Alphabet Inc.,2023-09-11,2023-09-18,5,flat,flat,0.053595926612615585,0.6827735304832458,0.26363056898117065
Alphabet Inc.,2023-09-12,2023-09-19,5,up,up,0.09783288091421127,0.2544020116329193,0.6477651000022888
Alphabet Inc.,2023-09-13,2023-09-20,5,flat,up,0.043726056814193726,0.22562214732170105,0.7306517958641052
Alphabet Inc.,2023-09-14,2023-09-21,5,down,flat,0.12554582953453064,0.5013701319694519,0.37308400869369507
Alphabet Inc.,2023-09-15,2023-09-22,5,down,up,0.12730491161346436,0.40699437260627747,0.46570074558258057
Alphabet Inc.,2023-09-18,2023-09-25,5,down,up,0.12497243285179138,0.291276752948761,0.5837507843971252
Alphabet Inc.,2023-09-19,2023-09-26,5,down,up,0.035124752670526505,0.2160094678401947,0.7488657832145691
Alphabet Inc.,2023-09-20,2023-09-27,5,down,up,0.030240565538406372,0.06983266770839691,0.8999267816543579
Alphabet Inc.,2023-09-21,2023-09-28,5,flat,up,0.02223784662783146,0.19149406254291534,0.7862681150436401
Alphabet Inc.,2023-09-22,2023-09-29,5,up,up,0.024074766784906387,0.07296790927648544,0.9029573202133179
Alphabet Inc.,2023-09-25,2023-10-02,5,up,up,0.011864841915667057,0.06387992203235626,0.9242552518844604
Alphabet Inc.,2023-09-26,2023-10-03,5,up,up,0.010926024988293648,0.060472603887319565,0.9286013841629028
Alphabet Inc.,2023-09-27,2023-10-04,5,up,up,0.015758944675326347,0.028117800131440163,0.9561232924461365
Alphabet Inc.,2023-09-28,2023-10-05,5,up,up,0.011224480345845222,0.05486661568284035,0.9339089393615723
Alphabet Inc.,2023-09-29,2023-10-06,5,up,up,0.020011287182569504,0.14574040472507477,0.8342483043670654
Alphabet Inc.,2023-10-02,2023-10-09,5,up,up,0.029575515538454056,0.22278441488742828,0.7476400136947632
Alphabet Inc.,2023-10-03,2023-10-10,5,up,up,0.023780494928359985,0.22763608396053314,0.7485834360122681
Alphabet Inc.,2023-10-04,2023-10-11,5,up,up,0.04118143022060394,0.12991638481616974,0.8289021849632263
Alphabet Inc.,2023-10-05,2023-10-12,5,up,up,0.026498038321733475,0.07892868667840958,0.8945733308792114
Alphabet Inc.,2023-10-06,2023-10-13,5,up,up,0.02158954180777073,0.05732635781168938,0.9210841655731201
Alphabet Inc.,2023-10-09,2023-10-16,5,flat,up,0.09546250849962234,0.18773400783538818,0.7168034911155701
Alphabet Inc.,2023-10-10,2023-10-17,5,flat,up,0.07551661878824234,0.23437590897083282,0.690107524394989
Alphabet Inc.,2023-10-11,2023-10-18,5,flat,up,0.06370716542005539,0.20032621920108795,0.7359666228294373
Alphabet Inc.,2023-10-12,2023-10-19,5,flat,up,0.026524048298597336,0.40948182344436646,0.5639941096305847
Alphabet Inc.,2023-10-13,2023-10-20,5,down,up,0.009394531138241291,0.11033114790916443,0.8802742958068848
Alphabet Inc.,2023-10-16,2023-10-23,5,down,up,0.01946001872420311,0.24663682281970978,0.733903169631958
Alphabet Inc.,2023-10-17,2023-10-24,5,flat,up,0.019150521606206894,0.2928835153579712,0.687965989112854
Alphabet Inc.,2023-10-18,2023-10-25,5,down,up,0.023353302851319313,0.2526518404483795,0.7239948511123657
Alphabet Inc.,2023-10-19,2023-10-26,5,down,up,0.02167736366391182,0.08539096266031265,0.8929316401481628
Alphabet Inc.,2023-10-20,2023-10-27,5,down,up,0.018330218270421028,0.06678435206413269,0.914885401725769
Alphabet Inc.,2023-10-23,2023-10-30,5,down,up,0.04257338494062424,0.1721258908510208,0.7853006720542908
Alphabet Inc.,2023-10-24,2023-10-31,5,down,up,0.0884486734867096,0.061590321362018585,0.8499610424041748
Alphabet Inc.,2023-10-25,2023-11-01,5,flat,up,0.07137912511825562,0.2001596838235855,0.7284612059593201
Alphabet Inc.,2023-10-26,2023-11-02,5,up,up,0.045552026480436325,0.14632990956306458,0.8081180453300476
Alphabet Inc.,2023-10-27,2023-11-03,5,up,up,0.07618926465511322,0.1209012120962143,0.8029095530509949
Alphabet Inc.,2023-10-30,2023-11-06,5,up,up,0.02409248985350132,0.11679035425186157,0.8591171503067017
Alphabet Inc.,2023-10-31,2023-11-07,5,up,up,0.034515462815761566,0.16628339886665344,0.7992011904716492
Alphabet Inc.,2023-11-01,2023-11-08,5,up,up,0.03801542893052101,0.22347822785377502,0.7385063767433167
Alphabet Inc.,2023-11-02,2023-11-09,5,up,up,0.061068661510944366,0.45434582233428955,0.4845854938030243
Alphabet Inc.,2023-11-03,2023-11-10,5,up,flat,0.04001501575112343,0.5153450965881348,0.4446398615837097
Alphabet Inc.,2023-11-06,2023-11-13,5,up,flat,0.013541808351874352,0.6936932802200317,0.29276496171951294
Alphabet Inc.,2023-11-07,2023-11-14,5,up,flat,0.03470989689230919,0.6873894333839417,0.2779006063938141
Alphabet Inc.,2023-11-08,2023-11-15,5,up,flat,0.043612297624349594,0.5964627265930176,0.35992491245269775
Alphabet Inc.,2023-11-09,2023-11-16,5,up,up,0.03644488751888275,0.34405380487442017,0.6195013523101807
Alphabet Inc.,2023-11-10,2023-11-17,5,up,up,0.01207676064223051,0.1835848093032837,0.8043384552001953
Alphabet Inc.,2023-11-13,2023-11-20,5,up,up,0.02238677442073822,0.1175060048699379,0.8601072430610657
Alphabet Inc.,2023-11-14,2023-11-21,5,up,up,0.19753824174404144,0.3229179084300995,0.4795438051223755
Alphabet Inc.,2023-11-15,2023-11-22,5,up,up,0.10150578618049622,0.434987336397171,0.46350690722465515
Alphabet Inc.,2023-11-16,2023-11-24,5,flat,up,0.13653011620044708,0.3536269962787628,0.5098428726196289
Alphabet Inc.,2023-11-17,2023-11-27,5,flat,up,0.017122600227594376,0.12231843918561935,0.8605589270591736
Alphabet Inc.,2023-11-20,2023-11-28,5,flat,up,0.0052461326122283936,0.03406047821044922,0.960693359375
Alphabet Inc.,2023-11-21,2023-11-29,5,flat,up,0.013869368471205235,0.056619949638843536,0.9295106530189514
Alphabet Inc.,2023-11-22,2023-11-30,5,down,up,0.021766124293208122,0.11385335773229599,0.8643805384635925
Alphabet Inc.,2023-11-24,2023-12-01,5,down,up,0.022842975333333015,0.08191376179456711,0.895243227481842
Alphabet Inc.,2023-11-27,2023-12-04,5,down,up,0.005683660041540861,0.016251403838396072,0.9780649542808533
Alphabet Inc.,2023-11-28,2023-12-05,5,down,up,0.005287939216941595,0.0171454269438982,0.977566659450531
Alphabet Inc.,2023-11-29,2023-12-06,5,down,up,0.0106016481295228,0.020056499168276787,0.9693418741226196
Alphabet Inc.,2023-11-30,2023-12-07,5,up,up,0.012259187176823616,0.10255876183509827,0.8851820230484009
Alphabet Inc.,2023-12-01,2023-12-08,5,up,up,0.0039495849050581455,0.09595853835344315,0.9000918865203857
Alphabet Inc.,2023-12-04,2023-12-11,5,up,up,0.020468637347221375,0.13547970354557037,0.8440516591072083
Alphabet Inc.,2023-12-05,2023-12-12,5,up,up,0.013240575790405273,0.2705788314342499,0.7161806225776672
Alphabet Inc.,2023-12-06,2023-12-13,5,up,up,0.012843415141105652,0.0472012422978878,0.9399553537368774
Alphabet Inc.,2023-12-07,2023-12-14,5,down,up,0.11998844146728516,0.03768637403845787,0.8423252105712891
Alphabet Inc.,2023-12-08,2023-12-15,5,down,up,0.030446553602814674,0.03810439631342888,0.9314490556716919
Alphabet Inc.,2023-12-11,2023-12-18,5,up,up,0.0408528596162796,0.11123963445425034,0.8479074835777283
Alphabet Inc.,2023-12-12,2023-12-19,5,up,up,0.03211182355880737,0.09162010252475739,0.8762680888175964
Alphabet Inc.,2023-12-13,2023-12-20,5,up,up,0.026073770597577095,0.08166630566120148,0.8922598958015442
Alphabet Inc.,2023-12-14,2023-12-21,5,up,up,0.03284675255417824,0.12579314410686493,0.8413601517677307
Alphabet Inc.,2023-12-15,2023-12-22,5,up,up,0.032772649079561234,0.07837683707475662,0.8888504505157471
Alphabet Inc.,2023-12-18,2023-12-26,5,up,up,0.05460883677005768,0.057494793087244034,0.8878963589668274
Alphabet Inc.,2023-12-19,2023-12-27,5,up,up,0.08777300268411636,0.10727391391992569,0.8049530982971191
Alphabet Inc.,2023-12-20,2023-12-28,5,flat,down,0.4849202334880829,0.1104145422577858,0.4046652317047119
Alphabet Inc.,2023-12-21,2023-12-29,5,flat,down,0.4591900110244751,0.09684062004089355,0.44396939873695374
Alphabet Inc.,2023-12-22,2024-01-02,5,down,up,0.2971665561199188,0.28017693758010864,0.42265650629997253
Alphabet Inc.,2023-12-26,2024-01-03,5,down,up,0.055358871817588806,0.401896595954895,0.542744517326355
Alphabet Inc.,2023-12-27,2024-01-04,5,down,up,0.01715644635260105,0.20159630477428436,0.7812472581863403
Alphabet Inc.,2023-12-28,2024-01-05,5,down,up,0.010833993554115295,0.0687178373336792,0.9204482436180115
Alphabet Inc.,2023-12-29,2024-01-08,5,down,up,0.013649343512952328,0.050040628761053085,0.9363100528717041
Alphabet Inc.,2024-01-02,2024-01-09,5,up,up,0.008419460617005825,0.02531338669359684,0.9662671685218811
Alphabet Inc.,2024-01-03,2024-01-10,5,up,up,0.007775586098432541,0.030577166005969048,0.9616472721099854
Alphabet Inc.,2024-01-04,2024-01-11,5,up,up,0.012280222028493881,0.1282433122396469,0.8594764471054077
Alphabet Inc.,2024-01-05,2024-01-12,5,up,up,0.02191215753555298,0.07745521515607834,0.9006326794624329
Alphabet Inc.,2024-01-08,2024-01-16,5,up,up,0.0255198385566473,0.09715699404478073,0.8773231506347656
Alphabet Inc.,2024-01-09,2024-01-17,5,flat,up,0.041421953588724136,0.11559534817934036,0.8429827094078064
Alphabet Inc.,2024-01-10,2024-01-18,5,flat,up,0.10089606046676636,0.10027720779180527,0.7988266944885254
Alphabet Inc.,2024-01-11,2024-01-19,5,up,down,0.4183468818664551,0.18852585554122925,0.3931272625923157
Alphabet Inc.,2024-01-12,2024-01-22,5,up,up,0.22404895722866058,0.30016374588012695,0.47578731179237366
Alphabet Inc.,2024-01-16,2024-01-23,5,up,up,0.1553911417722702,0.3156675398349762,0.5289413332939148
Alphabet Inc.,2024-01-17,2024-01-24,5,up,up,0.020995764061808586,0.06425811350345612,0.914746105670929
Alphabet Inc.,2024-01-18,2024-01-25,5,up,up,0.024155758321285248,0.09059837460517883,0.8852459192276001
Alphabet Inc.,2024-01-19,2024-01-26,5,up,up,0.16202642023563385,0.3716241121292114,0.4663494825363159
Alphabet Inc.,2024-01-22,2024-01-29,5,up,down,0.41446101665496826,0.3778170645236969,0.20772193372249603
Alphabet Inc.,2024-01-23,2024-01-30,5,up,flat,0.15689241886138916,0.5933241248130798,0.2497834414243698
Alphabet Inc.,2024-01-24,2024-01-31,5,down,down,0.7152215838432312,0.23595665395259857,0.04882176220417023
Alphabet Inc.,2024-01-25,2024-02-01,5,down,down,0.751929759979248,0.20016777515411377,0.0479024238884449
Alphabet Inc.,2024-01-26,2024-02-02,5,down,down,0.4379929304122925,0.3932812809944153,0.16872575879096985
Alphabet Inc.,2024-01-29,2024-02-05,5,down,flat,0.3601745069026947,0.4863879382610321,0.1534375697374344
Alphabet Inc.,2024-01-30,2024-02-06,5,down,down,0.9050577878952026,0.061158351600170135,0.03378378972411156
Alphabet Inc.,2024-01-31,2024-02-07,5,up,down,0.6557121276855469,0.16829073429107666,0.17599716782569885
Alphabet Inc.,2024-02-01,2024-02-08,5,up,down,0.46565622091293335,0.39719823002815247,0.13714556396007538
Alphabet Inc.,2024-02-02,2024-02-09,5,up,up,0.0470404177904129,0.30274343490600586,0.6502161026000977
Alphabet Inc.,2024-02-05,2024-02-12,5,up,up,0.04928538203239441,0.062178559601306915,0.8885360956192017
Alphabet Inc.,2024-02-06,2024-02-13,5,flat,up,0.03114030510187149,0.10246475785970688,0.8663949370384216
Alphabet Inc.,2024-02-07,2024-02-14,5,flat,up,0.025976138189435005,0.11249507963657379,0.8615288138389587
Alphabet Inc.,2024-02-08,2024-02-15,5,down,up,0.032381027936935425,0.21016544103622437,0.7574535608291626
Alphabet Inc.,2024-02-09,2024-02-16,5,down,up,0.08512300252914429,0.18449586629867554,0.7303810715675354
Alphabet Inc.,2024-02-12,2024-02-20,5,down,up,0.03194868192076683,0.1682034283876419,0.7998479008674622
Alphabet Inc.,2024-02-13,2024-02-21,5,down,up,0.01591927371919155,0.22324739396572113,0.7608333230018616
Alphabet Inc.,2024-02-14,2024-02-22,5,flat,up,0.014019491150975227,0.0968257486820221,0.8891547918319702
Alphabet Inc.,2024-02-15,2024-02-23,5,flat,up,0.02736443281173706,0.2997715473175049,0.6728639602661133
Alphabet Inc.,2024-02-16,2024-02-26,5,down,up,0.02446136251091957,0.1370334029197693,0.838505208492279
Alphabet Inc.,2024-02-20,2024-02-27,5,down,up,0.07537560909986496,0.18777360022068024,0.7368507981300354
Alphabet Inc.,2024-02-21,2024-02-28,5,down,up,0.036439236253499985,0.07952766865491867,0.8840331435203552
Alphabet Inc.,2024-02-22,2024-02-29,5,down,up,0.09927495568990707,0.1787642389535904,0.7219607830047607
Alphabet Inc.,2024-02-23,2024-03-01,5,down,up,0.12470463663339615,0.18306683003902435,0.6922284960746765
Alphabet Inc.,2024-02-26,2024-03-04,5,down,up,0.051475800573825836,0.15593968331813812,0.7925845384597778
Alphabet Inc.,2024-02-27,2024-03-05,5,down,up,0.058597028255462646,0.04438265785574913,0.8970202803611755
Alphabet Inc.,2024-02-28,2024-03-06,5,down,up,0.045922305434942245,0.10130659490823746,0.8527711033821106
Alphabet Inc.,2024-02-29,2024-03-07,5,down,up,0.007046672981232405,0.2435295581817627,0.7494237422943115
Alphabet Inc.,2024-03-01,2024-03-08,5,down,up,0.006462957710027695,0.07111524045467377,0.9224218130111694
Alphabet Inc.,2024-03-04,2024-03-11,5,up,up,0.012583903968334198,0.055093202739953995,0.9323229193687439
Alphabet Inc.,2024-03-05,2024-03-12,5,up,up,0.016788050532341003,0.09067905694246292,0.8925328850746155
Alphabet Inc.,2024-03-06,2024-03-13,5,up,up,0.01387722510844469,0.12074235081672668,0.8653804659843445
Alphabet Inc.,2024-03-07,2024-03-14,5,up,up,0.008320804685354233,0.12686851620674133,0.8648106455802917
Alphabet Inc.,2024-03-08,2024-03-15,5,up,up,0.01850036345422268,0.03865266963839531,0.9428470134735107
Alphabet Inc.,2024-03-11,2024-03-18,5,up,up,0.009131679311394691,0.20290593802928925,0.7879623770713806
Alphabet Inc.,2024-03-12,2024-03-19,5,up,up,0.013955291360616684,0.2935320734977722,0.6925126314163208
Alphabet Inc.,2024-03-13,2024-03-20,5,up,up,0.05675150081515312,0.13042767345905304,0.8128207921981812
Alphabet Inc.,2024-03-14,2024-03-21,5,up,up,0.20384253561496735,0.14878660440444946,0.6473708152770996
Alphabet Inc.,2024-03-15,2024-03-22,5,up,up,0.11635100096464157,0.217233806848526,0.6664152145385742
Alphabet Inc.,2024-03-18,2024-03-25,5,flat,down,0.6050757765769958,0.2527875304222107,0.14213669300079346
Alphabet Inc.,2024-03-19,2024-03-26,5,up,up,0.13312660157680511,0.31894397735595703,0.5479294061660767
Alphabet Inc.,2024-03-20,2024-03-27,5,up,up,0.24895836412906647,0.2180204540491104,0.5330211520195007
Alphabet Inc.,2024-03-21,2024-03-28,5,up,up,0.03126551955938339,0.12351938337087631,0.8452151417732239
Alphabet Inc.,2024-03-22,2024-04-01,5,up,up,0.19978034496307373,0.35542935132980347,0.444790244102478
Alphabet Inc.,2024-03-25,2024-04-02,5,up,up,0.011932686902582645,0.19730763137340546,0.7907596826553345
Alphabet Inc.,2024-03-26,2024-04-03,5,up,flat,0.02319686859846115,0.7311979532241821,0.24560515582561493
Alphabet Inc.,2024-03-27,2024-04-04,5,up,up,0.020074475556612015,0.36580798029899597,0.6141175627708435
Alphabet Inc.,2024-03-28,2024-04-05,5,flat,flat,0.0516534224152565,0.5694575309753418,0.3788890540599823
Alphabet Inc.,2024-04-01,2024-04-08,5,flat,flat,0.07758874446153641,0.7470795512199402,0.17533175647258759
Alphabet Inc.,2024-04-02,2024-04-09,5,up,flat,0.08643922209739685,0.776461124420166,0.13709960877895355
Alphabet Inc.,2024-04-03,2024-04-10,5,up,flat,0.0970340296626091,0.8010136485099792,0.10195236653089523
Alphabet Inc.,2024-04-04,2024-04-11,5,up,up,0.06068897992372513,0.4401741921901703,0.4991368055343628
Alphabet Inc.,2024-04-05,2024-04-12,5,up,flat,0.03413631021976471,0.5593402981758118,0.40652334690093994
Alphabet Inc.,2024-04-08,2024-04-15,5,up,flat,0.10077738016843796,0.4519038498401642,0.44731876254081726
Alphabet Inc.,2024-04-09,2024-04-16,5,down,down,0.8408650755882263,0.12576350569725037,0.03337135910987854
Alphabet Inc.,2024-04-10,2024-04-17,5,flat,down,0.7435063123703003,0.21130041778087616,0.04519324749708176
Alphabet Inc.,2024-04-11,2024-04-18,5,down,down,0.8872390985488892,0.09901221096515656,0.013748722150921822
Alphabet Inc.,2024-04-12,2024-04-19,5,down,down,0.7838030457496643,0.18039807677268982,0.035798877477645874
Alphabet Inc.,2024-04-15,2024-04-22,5,flat,down,0.7136107087135315,0.19492927193641663,0.09146005660295486
Alphabet Inc.,2024-04-16,2024-04-23,5,up,down,0.6832846403121948,0.07686439156532288,0.2398509681224823
Alphabet Inc.,2024-04-17,2024-04-24,5,up,down,0.7442681193351746,0.1386486291885376,0.11708324402570724
Alphabet Inc.,2024-04-18,2024-04-25,5,down,down,0.8480075001716614,0.06512451171875,0.0868680328130722
Alphabet Inc.,2024-04-19,2024-04-26,5,up,down,0.7604873180389404,0.09862461686134338,0.1408880352973938
Alphabet Inc.,2024-04-22,2024-04-29,5,up,down,0.6264597177505493,0.20872271060943604,0.16481760144233704
Alphabet Inc.,2024-04-23,2024-04-30,5,up,down,0.8186144828796387,0.07748307287693024,0.1039024218916893
Alphabet Inc.,2024-04-24,2024-05-01,5,up,down,0.8304070830345154,0.10728827118873596,0.06230461969971657
Alphabet Inc.,2024-04-25,2024-05-02,5,up,down,0.6115731596946716,0.2584356367588043,0.12999118864536285
Alphabet Inc.,2024-04-26,2024-05-03,5,down,down,0.8173057436943054,0.17095555365085602,0.011738711968064308
Alphabet Inc.,2024-04-29,2024-05-06,5,flat,down,0.7456316947937012,0.16928793489933014,0.0850803479552269
Alphabet Inc.,2024-04-30,2024-05-07,5,up,down,0.6280866861343384,0.17137780785560608,0.20053550601005554
Alphabet Inc.,2024-05-01,2024-05-08,5,up,down,0.5178505778312683,0.19165007770061493,0.29049935936927795
Alphabet Inc.,2024-05-02,2024-05-09,5,up,down,0.5619771480560303,0.27078935503959656,0.16723351180553436
Alphabet Inc.,2024-05-03,2024-05-10,5,flat,down,0.5293523669242859,0.2667257487773895,0.2039218544960022
Alphabet Inc.,2024-05-06,2024-05-13,5,flat,flat,0.44718557596206665,0.5164493322372437,0.03636510670185089
Alphabet Inc.,2024-05-07,2024-05-14,5,flat,down,0.8538843989372253,0.12291417270898819,0.023201443254947662
Alphabet Inc.,2024-05-08,2024-05-15,5,flat,down,0.6527820825576782,0.3140346109867096,0.033183325082063675
Alphabet Inc.,2024-05-09,2024-05-16,5,up,down,0.5573725700378418,0.39320793747901917,0.04941948875784874
Alphabet Inc.,2024-05-10,2024-05-17,5,up,down,0.43679988384246826,0.36235085129737854,0.20084930956363678
Alphabet Inc.,2024-05-13,2024-05-20,5,up,down,0.5156115889549255,0.30856725573539734,0.17582112550735474
Alphabet Inc.,2024-05-14,2024-05-21,5,up,down,0.6270668506622314,0.22164085507392883,0.1512923240661621
Alphabet Inc.,2024-05-15,2024-05-22,5,up,down,0.589934229850769,0.32369130849838257,0.08637447655200958
Alphabet Inc.,2024-05-16,2024-05-23,5,up,down,0.7179903984069824,0.18387991189956665,0.09812965244054794
Alphabet Inc.,2024-05-17,2024-05-24,5,flat,down,0.7243140935897827,0.2541865110397339,0.021499421447515488
Alphabet Inc.,2024-05-20,2024-05-28,5,flat,down,0.8809127807617188,0.10814764350652695,0.010939615778625011
Alphabet Inc.,2024-05-21,2024-05-29,5,down,down,0.634605348110199,0.3435644805431366,0.02183016575872898
Alphabet Inc.,2024-05-22,2024-05-30,5,down,down,0.781829297542572,0.17913492023944855,0.03903578594326973
Alphabet Inc.,2024-05-23,2024-05-31,5,down,down,0.566356360912323,0.29401955008506775,0.13962408900260925
Alphabet Inc.,2024-05-24,2024-06-03,5,down,down,0.8407396674156189,0.12295892834663391,0.03630143404006958
Alphabet Inc.,2024-05-28,2024-06-04,5,down,down,0.9045686721801758,0.05482976511120796,0.040601570159196854
Alphabet Inc.,2024-05-29,2024-06-05,5,flat,down,0.8865260481834412,0.04250045120716095,0.07097356766462326
Alphabet Inc.,2024-05-30,2024-06-06,5,up,down,0.8473320603370667,0.05816525220870972,0.09450265765190125
Alphabet Inc.,2024-05-31,2024-06-07,5,up,down,0.6261987090110779,0.1767859309911728,0.19701535999774933
Alphabet Inc.,2024-06-03,2024-06-10,5,up,down,0.6099448204040527,0.21384699642658234,0.17620815336704254
Alphabet Inc.,2024-06-04,2024-06-11,5,up,down,0.7084366083145142,0.07447453588247299,0.21708883345127106
Alphabet Inc.,2024-06-05,2024-06-12,5,up,down,0.6270251870155334,0.1533299684524536,0.21964485943317413
Alphabet Inc.,2024-06-06,2024-06-13,5,flat,down,0.5324757695198059,0.3770965337753296,0.09042771905660629
Alphabet Inc.,2024-06-07,2024-06-14,5,flat,down,0.7650229930877686,0.1634749174118042,0.07150209695100784
Alphabet Inc.,2024-06-12,2024-06-18,5,down,down,0.8444044589996338,0.05976696312427521,0.095828577876091
Alphabet Inc.,2024-06-13,2024-06-20,5,flat,up,0.19269470870494843,0.27777355909347534,0.5295317769050598
Alphabet Inc.,2024-06-14,2024-06-21,5,up,up,0.18723160028457642,0.1993527114391327,0.6134157180786133
"Amazon.com, Inc.",2021-07-23,2021-07-30,5,down,up,0.2135211080312729,0.31247442960739136,0.47400447726249695
"Amazon.com, Inc.",2021-07-26,2021-08-02,5,down,up,0.3095531463623047,0.20059321820735931,0.4898536801338196
"Amazon.com, Inc.",2021-07-27,2021-08-03,5,down,up,0.24664446711540222,0.3343167304992676,0.4190388023853302
"Amazon.com, Inc.",2021-07-28,2021-08-04,5,down,up,0.18174327909946442,0.10057475417852402,0.7176820039749146
"Amazon.com, Inc.",2021-07-29,2021-08-05,5,down,up,0.17920991778373718,0.18577148020267487,0.6350185871124268
"Amazon.com, Inc.",2021-07-30,2021-08-06,5,flat,up,0.14140745997428894,0.3564037084579468,0.5021888613700867
"Amazon.com, Inc.",2021-08-02,2021-08-09,5,flat,up,0.21812620759010315,0.32653188705444336,0.4553419351577759
"Amazon.com, Inc.",2021-08-03,2021-08-10,5,flat,flat,0.11501002311706543,0.5093087553977966,0.37568116188049316
"Amazon.com, Inc.",2021-08-04,2021-08-11,5,down,flat,0.18540295958518982,0.5541622042655945,0.2604348063468933
"Amazon.com, Inc.",2021-08-05,2021-08-12,5,down,flat,0.2538920044898987,0.40780556201934814,0.33830246329307556
"Amazon.com, Inc.",2021-08-06,2021-08-13,5,down,flat,0.3478575050830841,0.37873968482017517,0.27340278029441833
"Amazon.com, Inc.",2021-08-09,2021-08-16,5,down,flat,0.2694343626499176,0.47433677315711975,0.2562289237976074
"Amazon.com, Inc.",2021-08-10,2021-08-17,5,down,up,0.14295369386672974,0.36400437355041504,0.4930419623851776
"Amazon.com, Inc.",2021-08-11,2021-08-18,5,down,up,0.07938594371080399,0.2395065873861313,0.6811074614524841
"Amazon.com, Inc.",2021-08-12,2021-08-19,5,down,up,0.11398395895957947,0.3961270749568939,0.48988890647888184
"Amazon.com, Inc.",2021-08-13,2021-08-20,5,down,up,0.2332039475440979,0.3359600007534027,0.4308360815048218
"Amazon.com, Inc.",2021-08-16,2021-08-23,5,flat,flat,0.15493245422840118,0.5122582912445068,0.3328092396259308
"Amazon.com, Inc.",2021-08-17,2021-08-24,5,up,flat,0.15104477107524872,0.4878215789794922,0.3611336648464203
"Amazon.com, Inc.",2021-08-18,2021-08-25,5,up,flat,0.07085815817117691,0.6368131637573242,0.29232871532440186
"Amazon.com, Inc.",2021-08-19,2021-08-26,5,up,flat,0.039143770933151245,0.5986925363540649,0.3621637225151062
"Amazon.com, Inc.",2021-08-20,2021-08-27,5,up,flat,0.030069006606936455,0.723513662815094,0.2464173436164856
"Amazon.com, Inc.",2021-08-23,2021-08-30,5,up,flat,0.1795724332332611,0.6028742790222168,0.2175532728433609
"Amazon.com, Inc.",2021-08-24,2021-08-31,5,up,flat,0.1640159636735916,0.6727729439735413,0.1632111370563507
"Amazon.com, Inc.",2021-08-25,2021-09-01,5,up,flat,0.3148377537727356,0.6228837966918945,0.062278445810079575
"Amazon.com, Inc.",2021-08-26,2021-09-02,5,up,down,0.49316659569740295,0.4453020393848419,0.061531320214271545
"Amazon.com, Inc.",2021-08-27,2021-09-03,5,up,up,0.21951058506965637,0.3276309370994568,0.45285850763320923
"Amazon.com, Inc.",2021-08-30,2021-09-07,5,up,up,0.1835656315088272,0.2964857220649719,0.5199486613273621
"Amazon.com, Inc.",2021-08-31,2021-09-08,5,up,up,0.25544044375419617,0.36749470233917236,0.3770648241043091
"Amazon.com, Inc.",2021-09-01,2021-09-09,5,flat,up,0.2628454566001892,0.2016252875328064,0.5355292558670044
"Amazon.com, Inc.",2021-09-02,2021-09-10,5,flat,down,0.6724978089332581,0.05719723924994469,0.27030491828918457
"Amazon.com, Inc.",2021-09-03,2021-09-13,5,flat,down,0.5931407809257507,0.01872810162603855,0.38813114166259766
"Amazon.com, Inc.",2021-09-07,2021-09-14,5,down,down,0.5026655197143555,0.01890135370194912,0.47843313217163086
"Amazon.com, Inc.",2021-09-08,2021-09-15,5,down,down,0.6680947542190552,0.016110548749566078,0.3157946765422821
"Amazon.com, Inc.",2021-09-09,2021-09-16,5,down,down,0.539416491985321,0.05415830761194229,0.40642523765563965
"Amazon.com, Inc.",2021-09-10,2021-09-17,5,flat,up,0.3572201132774353,0.034538425505161285,0.6082414984703064
"Amazon.com, Inc.",2021-09-13,2021-09-20,5,down,up,0.23109310865402222,0.018026255071163177,0.7508806586265564
"Amazon.com, Inc.",2021-09-14,2021-09-21,5,down,up,0.102177195250988,0.02598225697875023,0.8718405365943909
"Amazon.com, Inc.",2021-09-15,2021-09-22,5,down,up,0.019734738394618034,0.006571373902261257,0.97369384765625
"Amazon.com, Inc.",2021-09-16,2021-09-23,5,down,up,0.030632879585027695,0.016273902729153633,0.9530932307243347
"Amazon.com, Inc.",2021-09-17,2021-09-24,5,down,up,0.158117413520813,0.009269090369343758,0.832613468170166
"Amazon.com, Inc.",2021-09-20,2021-09-27,5,flat,up,0.20244252681732178,0.11715513467788696,0.680402398109436
"Amazon.com, Inc.",2021-09-21,2021-09-28,5,flat,up,0.18480181694030762,0.11174075305461884,0.7034574151039124
"Amazon.com, Inc.",2021-09-22,2021-09-29,5,down,up,0.0996648371219635,0.04068487510085106,0.8596502542495728
"Amazon.com, Inc.",2021-09-23,2021-09-30,5,down,up,0.07395056635141373,0.1906677484512329,0.7353816628456116
"Amazon.com, Inc.",2021-09-24,2021-10-01,5,down,up,0.28010377287864685,0.10715512186288834,0.6127410531044006
"Amazon.com, Inc.",2021-09-27,2021-10-04,5,down,down,0.3570837378501892,0.2943115830421448,0.3486047089099884
"Amazon.com, Inc.",2021-09-28,2021-10-05,5,down,down,0.38779109716415405,0.2380615919828415,0.37414729595184326
"Amazon.com, Inc.",2021-09-29,2021-10-06,5,down,up,0.21460913121700287,0.09194530546665192,0.69344562292099
"Amazon.com, Inc.",2021-09-30,2021-10-07,5,flat,up,0.1265684962272644,0.08329354971647263,0.7901379466056824
"Amazon.com, Inc.",2021-10-01,2021-10-08,5,flat,up,0.18835942447185516,0.19001524150371552,0.6216253042221069
"Amazon.com, Inc.",2021-10-04,2021-10-11,5,flat,flat,0.09589876234531403,0.4592255651950836,0.44487568736076355
"Amazon.com, Inc.",2021-10-05,2021-10-12,5,flat,up,0.0546993762254715,0.4046527147293091,0.5406479239463806
"Amazon.com, Inc.",2021-10-06,2021-10-13,5,up,up,0.04279205948114395,0.07251236587762833,0.8846955299377441
"Amazon.com, Inc.",2021-10-07,2021-10-14,5,flat,up,0.26168501377105713,0.19232536852359772,0.5459896326065063
"Amazon.com, Inc.",2021-10-08,2021-10-15,5,up,up,0.12306568771600723,0.23041750490665436,0.6465167999267578
"Amazon.com, Inc.",2021-10-11,2021-10-18,5,up,flat,0.20136429369449615,0.49010828137397766,0.308527410030365
"Amazon.com, Inc.",2021-10-12,2021-10-19,5,up,flat,0.21604613959789276,0.6696720719337463,0.11428175121545792
"Amazon.com, Inc.",2021-10-13,2021-10-20,5,up,flat,0.3956788182258606,0.4591745138168335,0.14514662325382233
"Amazon.com, Inc.",2021-10-14,2021-10-21,5,up,flat,0.3408676087856293,0.4302694499492645,0.2288629114627838
"Amazon.com, Inc.",2021-10-15,2021-10-22,5,flat,down,0.4482603669166565,0.36935174465179443,0.18238787353038788
"Amazon.com, Inc.",2021-10-18,2021-10-25,5,down,up,0.31925514340400696,0.05620386078953743,0.6245409846305847
"Amazon.com, Inc.",2021-10-19,2021-10-26,5,down,up,0.38811734318733215,0.07602149993181229,0.5358611345291138
"Amazon.com, Inc.",2021-10-20,2021-10-27,5,down,down,0.6247788071632385,0.02556711621582508,0.34965404868125916
"Amazon.com, Inc.",2021-10-21,2021-10-28,5,flat,down,0.7953153848648071,0.014491022564470768,0.19019359350204468
"Amazon.com, Inc.",2021-10-22,2021-10-29,5,down,down,0.4849366545677185,0.1067892462015152,0.4082740545272827
"Amazon.com, Inc.",2021-10-25,2021-11-01,5,flat,down,0.6942620873451233,0.14613206684589386,0.15960583090782166
"Amazon.com, Inc.",2021-10-26,2021-11-02,5,down,down,0.670087993144989,0.10422948747873306,0.22568246722221375
"Amazon.com, Inc.",2021-10-27,2021-11-03,5,down,down,0.8650382161140442,0.047797318547964096,0.08716444671154022
"Amazon.com, Inc.",2021-10-28,2021-11-04,5,flat,down,0.7950770258903503,0.08966151624917984,0.11526147276163101
"Amazon.com, Inc.",2021-10-29,2021-11-05,5,up,down,0.9457671046257019,0.04058176279067993,0.013651099056005478
"Amazon.com, Inc.",2021-11-01,2021-11-08,5,up,down,0.9422820210456848,0.03444512560963631,0.02327287755906582
"Amazon.com, Inc.",2021-11-02,2021-11-09,5,up,down,0.7219064831733704,0.21191203594207764,0.0661814957857132
"Amazon.com, Inc.",2021-11-03,2021-11-10,5,up,down,0.591127872467041,0.33211779594421387,0.07675430923700333
"Amazon.com, Inc.",2021-11-04,2021-11-11,5,up,down,0.8094336986541748,0.12121456861495972,0.06935171037912369
"Amazon.com, Inc.",2021-11-05,2021-11-12,5,flat,down,0.9093315601348877,0.058166489005088806,0.032501958310604095
"Amazon.com, Inc.",2021-11-08,2021-11-15,5,flat,down,0.8637428879737854,0.08756417781114578,0.04869295656681061
"Amazon.com, Inc.",2021-11-09,2021-11-16,5,flat,down,0.9115409851074219,0.05461271107196808,0.033846303820610046
"Amazon.com, Inc.",2021-11-10,2021-11-17,5,flat,down,0.9318155646324158,0.04031405597925186,0.027870381250977516
"Amazon.com, Inc.",2021-11-11,2021-11-18,5,up,down,0.9640912413597107,0.01628110744059086,0.01962769776582718
"Amazon.com, Inc.",2021-11-12,2021-11-19,5,up,down,0.9042770266532898,0.040039874613285065,0.055683109909296036
"Amazon.com, Inc.",2021-11-15,2021-11-22,5,up,down,0.9057431221008301,0.04936980828642845,0.04488701745867729
"Amazon.com, Inc.",2021-11-16,2021-11-23,5,flat,down,0.8492721319198608,0.0656859278678894,0.08504199236631393
"Amazon.com, Inc.",2021-11-17,2021-11-24,5,flat,down,0.8323440551757812,0.06420855224132538,0.10344739258289337
"Amazon.com, Inc.",2021-11-18,2021-11-26,5,down,down,0.38642647862434387,0.2560514807701111,0.35752201080322266
"Amazon.com, Inc.",2021-11-19,2021-11-29,5,down,flat,0.19844485819339752,0.5218997597694397,0.2796553373336792
"Amazon.com, Inc.",2021-11-22,2021-11-30,5,down,down,0.5241199731826782,0.26054733991622925,0.21533267199993134
"Amazon.com, Inc.",2021-11-23,2021-12-01,5,down,up,0.32013139128685,0.22248603403568268,0.45738252997398376
"Amazon.com, Inc.",2021-11-24,2021-12-02,5,down,up,0.28132495284080505,0.13398653268814087,0.5846885442733765
"Amazon.com, Inc.",2021-11-26,2021-12-03,5,down,up,0.1185993179678917,0.36278611421585083,0.5186145305633545
"Amazon.com, Inc.",2021-11-29,2021-12-06,5,down,up,0.1789921522140503,0.1511683613061905,0.6698395013809204
"Amazon.com, Inc.",2021-11-30,2021-12-07,5,flat,up,0.23908910155296326,0.18783511221408844,0.5730758309364319
"Amazon.com, Inc.",2021-12-01,2021-12-08,5,flat,up,0.2800583839416504,0.22365349531173706,0.49628812074661255
"Amazon.com, Inc.",2021-12-02,2021-12-09,5,up,up,0.13855867087841034,0.3346008062362671,0.5268404483795166
"Amazon.com, Inc.",2021-12-03,2021-12-10,5,up,up,0.12919944524765015,0.40301257371902466,0.46778804063796997
"Amazon.com, Inc.",2021-12-06,2021-12-13,5,flat,up,0.2744424641132355,0.1613018810749054,0.5642556548118591
"Amazon.com, Inc.",2021-12-07,2021-12-14,5,down,up,0.33680975437164307,0.20042741298675537,0.46276286244392395
"Amazon.com, Inc.",2021-12-08,2021-12-15,5,down,flat,0.3745417594909668,0.4086225926876068,0.2168356329202652
"Amazon.com, Inc.",2021-12-09,2021-12-16,5,down,flat,0.2624649703502655,0.5212550163269043,0.2162800133228302
"Amazon.com, Inc.",2021-12-10,2021-12-17,5,down,up,0.31878119707107544,0.2909387946128845,0.3902800381183624
"Amazon.com, Inc.",2021-12-13,2021-12-20,5,down,flat,0.2449772208929062,0.5748177170753479,0.18020503222942352
"Amazon.com, Inc.",2021-12-14,2021-12-21,5,flat,flat,0.22353890538215637,0.6390920877456665,0.13736899197101593
"Amazon.com, Inc.",2021-12-15,2021-12-22,5,flat,flat,0.23093707859516144,0.5748252272605896,0.19423766434192657
"Amazon.com, Inc.",2021-12-16,2021-12-23,5,flat,down,0.4512546956539154,0.24436692893505096,0.30437833070755005
"Amazon.com, Inc.",2021-12-17,2021-12-27,5,flat,flat,0.34666475653648376,0.4189998209476471,0.23433542251586914
"Amazon.com, Inc.",2021-12-20,2021-12-28,5,up,flat,0.0990683063864708,0.5591768026351929,0.3417549431324005
"Amazon.com, Inc.",2021-12-21,2021-12-29,5,flat,flat,0.06224733591079712,0.8130042552947998,0.12474840134382248
"Amazon.com, Inc.",2021-12-22,2021-12-30,5,flat,flat,0.049169380217790604,0.8254225254058838,0.1254081279039383
"Amazon.com, Inc.",2021-12-23,2021-12-31,5,down,flat,0.3693876564502716,0.5372329354286194,0.09337938576936722
"Amazon.com, Inc.",2021-12-27,2022-01-03,5,flat,flat,0.23699168860912323,0.5262511372566223,0.23675721883773804
"Amazon.com, Inc.",2021-12-28,2022-01-04,5,flat,down,0.43659478425979614,0.37210813164711,0.19129705429077148
"Amazon.com, Inc.",2021-12-29,2022-01-05,5,down,flat,0.21677014231681824,0.4312226474285126,0.3520072102546692
"Amazon.com, Inc.",2021-12-30,2022-01-06,5,down,up,0.18551811575889587,0.25981810688972473,0.5546637177467346
"Amazon.com, Inc.",2021-12-31,2022-01-07,5,down,up,0.13813751935958862,0.2628093659877777,0.599053144454956
"Amazon.com, Inc.",2022-01-03,2022-01-10,5,down,up,0.1667567938566208,0.20525872707366943,0.6279844641685486
"Amazon.com, Inc.",2022-01-04,2022-01-11,5,down,up,0.18979236483573914,0.23130635917186737,0.5789012312889099
"Amazon.com, Inc.",2022-01-05,2022-01-12,5,flat,up,0.05722707882523537,0.21472707390785217,0.7280458807945251
"Amazon.com, Inc.",2022-01-06,2022-01-13,5,flat,up,0.0869697704911232,0.14563408493995667,0.767396092414856
"Amazon.com, Inc.",2022-01-07,2022-01-14,5,down,up,0.10774895548820496,0.09623835235834122,0.7960126996040344
"Amazon.com, Inc.",2022-01-10,2022-01-18,5,flat,flat,0.06466668099164963,0.6460159420967102,0.28931736946105957
"Amazon.com, Inc.",2022-01-11,2022-01-19,5,down,flat,0.3322739005088806,0.43129897117614746,0.23642714321613312
"Amazon.com, Inc.",2022-01-12,2022-01-20,5,down,down,0.5981206297874451,0.36595389246940613,0.03592550382018089
"Amazon.com, Inc.",2022-01-13,2022-01-21,5,down,flat,0.4431003928184509,0.5294187664985657,0.027480842545628548
"Amazon.com, Inc.",2022-01-14,2022-01-24,5,down,flat,0.0835246667265892,0.8841545581817627,0.03232079744338989
"Amazon.com, Inc.",2022-01-18,2022-01-25,5,down,flat,0.11428482830524445,0.7200800776481628,0.1656350940465927
"Amazon.com, Inc.",2022-01-19,2022-01-26,5,down,flat,0.10596339404582977,0.7491386532783508,0.1448979377746582
"Amazon.com, Inc.",2022-01-20,2022-01-27,5,down,flat,0.0038069761358201504,0.7531795501708984,0.24301350116729736
"Amazon.com, Inc.",2022-01-21,2022-01-28,5,down,up,0.011119249276816845,0.46086233854293823,0.5280184149742126
"Amazon.com, Inc.",2022-01-24,2022-01-31,5,up,up,0.004651476629078388,0.3921191096305847,0.6032294034957886
"Amazon.com, Inc.",2022-01-25,2022-02-01,5,up,up,0.0032072875183075666,0.08196962624788284,0.914823055267334
"Amazon.com, Inc.",2022-01-26,2022-02-02,5,up,up,0.003690191078931093,0.0671529620885849,0.9291568398475647
"Amazon.com, Inc.",2022-01-27,2022-02-03,5,flat,up,0.0030724487733095884,0.09465327858924866,0.9022742509841919
"Amazon.com, Inc.",2022-01-28,2022-02-04,5,up,up,0.004203076008707285,0.061428945511579514,0.9343679547309875
"Amazon.com, Inc.",2022-01-31,2022-02-07,5,up,flat,0.10554055869579315,0.532835066318512,0.36162441968917847
"Amazon.com, Inc.",2022-02-01,2022-02-08,5,up,flat,0.07326618582010269,0.7235122919082642,0.20322149991989136
"Amazon.com, Inc.",2022-02-02,2022-02-09,5,up,flat,0.1233760192990303,0.7713727951049805,0.10525121539831161
"Amazon.com, Inc.",2022-02-03,2022-02-10,5,up,flat,0.028564266860485077,0.5843773484230042,0.3870583772659302
"Amazon.com, Inc.",2022-02-04,2022-02-11,5,flat,flat,0.020368991419672966,0.967439591884613,0.012191410176455975
"Amazon.com, Inc.",2022-02-07,2022-02-14,5,down,flat,0.0160214863717556,0.9721411466598511,0.011837326921522617
"Amazon.com, Inc.",2022-02-08,2022-02-15,5,flat,flat,0.04867781326174736,0.9293115139007568,0.022010691463947296
"Amazon.com, Inc.",2022-02-09,2022-02-16,5,down,flat,0.036493949592113495,0.9425337910652161,0.02097233198583126
"Amazon.com, Inc.",2022-02-10,2022-02-17,5,flat,flat,0.05327168479561806,0.8119972348213196,0.13473109900951385
"Amazon.com, Inc.",2022-02-11,2022-02-18,5,flat,flat,0.02449481375515461,0.8378463983535767,0.13765877485275269
"Amazon.com, Inc.",2022-02-14,2022-02-22,5,down,flat,0.020420337095856667,0.9067555665969849,0.07282412797212601
"Amazon.com, Inc.",2022-02-15,2022-02-23,5,down,flat,0.0339713953435421,0.8604559898376465,0.10557258874177933
"Amazon.com, Inc.",2022-02-16,2022-02-24,5,down,flat,0.04498208314180374,0.8879924416542053,0.06702549010515213
"Amazon.com, Inc.",2022-02-17,2022-02-25,5,down,flat,0.02602667547762394,0.9264817237854004,0.047491658478975296
"Amazon.com, Inc.",2022-02-18,2022-02-28,5,flat,flat,0.029367567971348763,0.8046447038650513,0.16598771512508392
"Amazon.com, Inc.",2022-02-22,2022-03-01,5,flat,up,0.0318576917052269,0.19301079213619232,0.7751315236091614
"Amazon.com, Inc.",2022-02-23,2022-03-02,5,flat,up,0.02554149739444256,0.244471937417984,0.7299866080284119
"Amazon.com, Inc.",2022-02-24,2022-03-03,5,up,up,0.0325174555182457,0.22441698610782623,0.743065595626831
"Amazon.com, Inc.",2022-02-25,2022-03-04,5,down,up,0.006768968887627125,0.24646978080272675,0.7467612624168396
"Amazon.com, Inc.",2022-02-28,2022-03-07,5,down,up,0.007125935982912779,0.41048890352249146,0.5823851227760315
"Amazon.com, Inc.",2022-03-01,2022-03-08,5,down,flat,0.017166661098599434,0.5778995156288147,0.4049338102340698
"Amazon.com, Inc.",2022-03-02,2022-03-09,5,down,flat,0.011230452917516232,0.6223871111869812,0.3663824796676636
"Amazon.com, Inc.",2022-03-03,2022-03-10,5,down,flat,0.01347347628325224,0.5951550006866455,0.3913715183734894
"Amazon.com, Inc.",2022-03-04,2022-03-11,5,flat,up,0.035205185413360596,0.2808690369129181,0.6839257478713989
"Amazon.com, Inc.",2022-03-07,2022-03-14,5,flat,flat,0.03427276387810707,0.776475191116333,0.18925204873085022
"Amazon.com, Inc.",2022-03-08,2022-03-15,5,up,up,0.004567293915897608,0.26263126730918884,0.7328014373779297
"Amazon.com, Inc.",2022-03-09,2022-03-16,5,up,up,0.027868902310729027,0.19669923186302185,0.7754318714141846
"Amazon.com, Inc.",2022-03-10,2022-03-17,5,up,up,0.02490709163248539,0.15775807201862335,0.8173348307609558
"Amazon.com, Inc.",2022-03-11,2022-03-18,5,up,flat,0.013147823512554169,0.6804115176200867,0.30644065141677856
"Amazon.com, Inc.",2022-03-14,2022-03-21,5,up,flat,0.011179054155945778,0.7914612889289856,0.19735969603061676
"Amazon.com, Inc.",2022-03-15,2022-03-22,5,up,flat,0.013502346351742744,0.7032982707023621,0.28319936990737915
"Amazon.com, Inc.",2022-03-16,2022-03-23,5,up,flat,0.03128129988908768,0.9005129933357239,0.06820567697286606
"Amazon.com, Inc.",2022-03-17,2022-03-24,5,up,flat,0.1308378279209137,0.7885522842407227,0.08060986548662186
"Amazon.com, Inc.",2022-03-18,2022-03-25,5,up,flat,0.21312746405601501,0.725981593132019,0.06089089810848236
"Amazon.com, Inc.",2022-03-21,2022-03-28,5,up,up,0.21888795495033264,0.3073085844516754,0.47380343079566956
"Amazon.com, Inc.",2022-03-22,2022-03-29,5,up,up,0.3269873857498169,0.1211937740445137,0.55181884765625
"Amazon.com, Inc.",2022-03-23,2022-03-30,5,up,up,0.2922668755054474,0.19744084775447845,0.5102922320365906
"Amazon.com, Inc.",2022-03-24,2022-03-31,5,flat,flat,0.10781890898942947,0.4991157352924347,0.3930653929710388
"Amazon.com, Inc.",2022-03-25,2022-04-01,5,flat,up,0.26587891578674316,0.3052465617656708,0.42887455224990845
"Amazon.com, Inc.",2022-03-28,2022-04-04,5,flat,flat,0.3230331242084503,0.4720209836959839,0.20494583249092102
"Amazon.com, Inc.",2022-03-29,2022-04-05,5,down,down,0.7174338698387146,0.23493647575378418,0.047629646956920624
"Amazon.com, Inc.",2022-03-30,2022-04-06,5,down,flat,0.16365090012550354,0.7572522759437561,0.07909683138132095
"Amazon.com, Inc.",2022-03-31,2022-04-07,5,down,flat,0.34266602993011475,0.5533682703971863,0.10396568477153778
"Amazon.com, Inc.",2022-04-01,2022-04-08,5,down,down,0.45778584480285645,0.4007173180580139,0.14149685204029083
"Amazon.com, Inc.",2022-04-04,2022-04-11,5,down,up,0.3288128674030304,0.3000572621822357,0.3711299002170563
"Amazon.com, Inc.",2022-04-05,2022-04-12,5,down,flat,0.20513083040714264,0.5791886448860168,0.21568050980567932
"Amazon.com, Inc.",2022-04-06,2022-04-13,5,down,flat,0.1660759299993515,0.7547391653060913,0.079184889793396
"Amazon.com, Inc.",2022-04-07,2022-04-14,5,down,flat,0.21813027560710907,0.7131109237670898,0.06875880062580109
"Amazon.com, Inc.",2022-04-08,2022-04-18,5,down,flat,0.29045286774635315,0.6345565319061279,0.07499057799577713
"Amazon.com, Inc.",2022-04-11,2022-04-19,5,up,flat,0.14668415486812592,0.7985981702804565,0.05471763014793396
"Amazon.com, Inc.",2022-04-12,2022-04-20,5,up,flat,0.42185744643211365,0.5063360333442688,0.07180652767419815
"Amazon.com, Inc.",2022-04-13,2022-04-21,5,flat,down,0.5030288100242615,0.3651633858680725,0.13180775940418243
"Amazon.com, Inc.",2022-04-14,2022-04-22,5,down,down,0.620786190032959,0.11850292235612869,0.2607109248638153
"Amazon.com, Inc.",2022-04-18,2022-04-25,5,down,up,0.30369144678115845,0.2696324288845062,0.4266761839389801
"Amazon.com, Inc.",2022-04-19,2022-04-26,5,down,flat,0.16548818349838257,0.44598227739334106,0.38852953910827637
"Amazon.com, Inc.",2022-04-20,2022-04-27,5,down,flat,0.14785583317279816,0.577703058719635,0.274441123008728
"Amazon.com, Inc.",2022-04-21,2022-04-28,5,down,up,0.06394640356302261,0.35304126143455505,0.5830123424530029
"Amazon.com, Inc.",2022-04-22,2022-04-29,5,down,up,0.02660374715924263,0.27906981110572815,0.6943264007568359
"Amazon.com, Inc.",2022-04-25,2022-05-02,5,down,up,0.0483475998044014,0.17467166483402252,0.7769807577133179
"Amazon.com, Inc.",2022-04-26,2022-05-03,5,down,up,0.0024089831858873367,0.0751684382557869,0.9224225878715515
"Amazon.com, Inc.",2022-04-27,2022-05-04,5,down,up,0.0013958419440314174,0.06537796556949615,0.9332262277603149
"Amazon.com, Inc.",2022-04-28,2022-05-05,5,down,up,0.01020606979727745,0.0668487399816513,0.9229451417922974
"Amazon.com, Inc.",2022-04-29,2022-05-06,5,down,up,0.0007287295302376151,0.0439569465816021,0.9553142786026001
"Amazon.com, Inc.",2022-05-02,2022-05-09,5,down,up,0.0007409622194245458,0.06432323157787323,0.9349358081817627
"Amazon.com, Inc.",2022-05-03,2022-05-10,5,down,up,0.0013305081520229578,0.031166914850473404,0.9675025343894958
"Amazon.com, Inc.",2022-05-04,2022-05-11,5,down,up,0.000950480520259589,0.04202742129564285,0.9570221304893494
"Amazon.com, Inc.",2022-05-05,2022-05-12,5,down,up,0.0007001453777775168,0.07642848044633865,0.9228713512420654
"Amazon.com, Inc.",2022-05-06,2022-05-13,5,down,up,0.0008795388275757432,0.07719173282384872,0.9219287037849426
"Amazon.com, Inc.",2022-05-09,2022-05-16,5,flat,up,0.000895658798981458,0.0521201528608799,0.9469841122627258
"Amazon.com, Inc.",2022-05-10,2022-05-17,5,up,up,0.0007952690939418972,0.034259360283613205,0.964945375919342
"Amazon.com, Inc.",2022-05-11,2022-05-18,5,flat,up,0.0009416280663572252,0.06717351824045181,0.9318848252296448
"Amazon.com, Inc.",2022-05-12,2022-05-19,5,flat,up,0.0009988427627831697,0.0590047687292099,0.9399964213371277
"Amazon.com, Inc.",2022-05-13,2022-05-20,5,flat,up,0.0012059909058734775,0.012764561921358109,0.9860294461250305
"Amazon.com, Inc.",2022-05-16,2022-05-23,5,down,up,0.010321171954274178,0.16112960875034332,0.8285492658615112
"Amazon.com, Inc.",2022-05-17,2022-05-24,5,down,up,0.02962641417980194,0.46676942706108093,0.5036041140556335
"Amazon.com, Inc.",2022-05-18,2022-05-25,5,down,flat,0.005395152606070042,0.8531773686408997,0.14142750203609467
"Amazon.com, Inc.",2022-05-19,2022-05-26,5,flat,flat,0.03763473033905029,0.7557001113891602,0.20666520297527313
"Amazon.com, Inc.",2022-05-20,2022-05-27,5,up,flat,0.037681739777326584,0.5244336128234863,0.4378846287727356
"Amazon.com, Inc.",2022-05-23,2022-05-31,5,up,flat,0.027356641367077827,0.5061920285224915,0.46645134687423706
"Amazon.com, Inc.",2022-05-24,2022-06-01,5,up,flat,0.021227028220891953,0.49903520941734314,0.479737788438797
"Amazon.com, Inc.",2022-05-25,2022-06-02,5,up,flat,0.031708307564258575,0.5814695358276367,0.3868221640586853
"Amazon.com, Inc.",2022-05-26,2022-06-03,5,up,flat,0.08985231071710587,0.8441867828369141,0.06596086919307709
"Amazon.com, Inc.",2022-05-27,2022-06-06,5,up,flat,0.3666684031486511,0.39088451862335205,0.24244707822799683
"Amazon.com, Inc.",2022-05-31,2022-06-07,5,up,flat,0.1399346888065338,0.7805859446525574,0.0794793888926506
"Amazon.com, Inc.",2022-06-01,2022-06-08,5,flat,flat,0.18078869581222534,0.6730029582977295,0.14620831608772278
"Amazon.com, Inc.",2022-06-02,2022-06-09,5,down,flat,0.16230081021785736,0.6218296885490417,0.2158694714307785
"Amazon.com, Inc.",2022-06-03,2022-06-10,5,down,flat,0.1287601888179779,0.5894381403923035,0.281801700592041
"Amazon.com, Inc.",2022-06-06,2022-06-13,5,down,flat,0.18431740999221802,0.7165210247039795,0.09916161745786667
"Amazon.com, Inc.",2022-06-07,2022-06-14,5,down,flat,0.14493973553180695,0.7270888090133667,0.12797151505947113
"Amazon.com, Inc.",2022-06-08,2022-06-15,5,down,flat,0.1628921926021576,0.5570358633995056,0.2800719439983368
"Amazon.com, Inc.",2022-06-09,2022-06-16,5,down,flat,0.24962882697582245,0.5273288488388062,0.22304227948188782
"Amazon.com, Inc.",2022-06-10,2022-06-17,5,down,down,0.6057889461517334,0.19769713282585144,0.19651395082473755
"Amazon.com, Inc.",2022-06-13,2022-06-21,5,up,up,0.17748063802719116,0.353386253118515,0.46913307905197144
"Amazon.com, Inc.",2022-06-14,2022-06-22,5,up,up,0.053211670368909836,0.4351385235786438,0.5116497874259949
"Amazon.com, Inc.",2022-06-15,2022-06-23,5,up,up,0.015535174869000912,0.279146671295166,0.7053182125091553
"Amazon.com, Inc.",2022-06-16,2022-06-24,5,up,up,0.009080284275114536,0.4878740608692169,0.5030456781387329
"Amazon.com, Inc.",2022-06-17,2022-06-27,5,up,up,0.014716888777911663,0.24985326826572418,0.7354298830032349
"Amazon.com, Inc.",2022-06-21,2022-06-28,5,flat,flat,0.018450383096933365,0.6108258366584778,0.37072375416755676
"Amazon.com, Inc.",2022-06-22,2022-06-29,5,flat,flat,0.040181033313274384,0.5694671869277954,0.3903517723083496
"Amazon.com, Inc.",2022-06-23,2022-06-30,5,down,flat,0.15129664540290833,0.5415832996368408,0.30712005496025085
"Amazon.com, Inc.",2022-06-24,2022-07-01,5,down,flat,0.1215888112783432,0.7107787728309631,0.16763244569301605
"Amazon.com, Inc.",2022-06-27,2022-07-05,5,down,flat,0.0869833305478096,0.7575405240058899,0.15547612309455872
"Amazon.com, Inc.",2022-06-28,2022-07-06,5,up,flat,0.23746898770332336,0.6170501708984375,0.1454809010028839
"Amazon.com, Inc.",2022-06-29,2022-07-07,5,up,down,0.4631844758987427,0.2673903703689575,0.2694251835346222
"Amazon.com, Inc.",2022-06-30,2022-07-08,5,up,down,0.3900205194950104,0.3077408969402313,0.3022385835647583
"Amazon.com, Inc.",2022-07-01,2022-07-11,5,up,flat,0.3252115547657013,0.3572380542755127,0.3175504505634308
"Amazon.com, Inc.",2022-07-05,2022-07-12,5,flat,down,0.5958831906318665,0.21003887057304382,0.19407793879508972
"Amazon.com, Inc.",2022-07-06,2022-07-13,5,down,flat,0.3499407470226288,0.5230339169502258,0.12702539563179016
"Amazon.com, Inc.",2022-07-07,2022-07-14,5,down,flat,0.24648983776569366,0.6577762365341187,0.0957338809967041
"Amazon.com, Inc.",2022-07-08,2022-07-15,5,flat,flat,0.17443837225437164,0.6884092688560486,0.13715232908725739
"Amazon.com, Inc.",2022-07-11,2022-07-18,5,flat,flat,0.2636062502861023,0.5255125164985657,0.21088121831417084
"Amazon.com, Inc.",2022-07-12,2022-07-19,5,up,down,0.4007044732570648,0.25481104850769043,0.34448450803756714
"Amazon.com, Inc.",2022-07-13,2022-07-20,5,up,up,0.25646287202835083,0.14321427047252655,0.6003228425979614
"Amazon.com, Inc.",2022-07-14,2022-07-21,5,up,up,0.19286251068115234,0.22434301674365997,0.5827944278717041
"Amazon.com, Inc.",2022-07-15,2022-07-22,5,up,up,0.3015963137149811,0.10778748989105225,0.5906161665916443
"Amazon.com, Inc.",2022-07-18,2022-07-25,5,up,up,0.3819659948348999,0.17395712435245514,0.44407689571380615
"Amazon.com, Inc.",2022-07-19,2022-07-26,5,flat,down,0.613735020160675,0.12912015616893768,0.25714483857154846
"Amazon.com, Inc.",2022-07-20,2022-07-27,5,flat,down,0.7765975594520569,0.0408250167965889,0.18257738649845123
"Amazon.com, Inc.",2022-07-21,2022-07-28,5,down,down,0.47994157671928406,0.051010895520448685,0.46904751658439636
"Amazon.com, Inc.",2022-07-22,2022-07-29,5,up,up,0.3942502439022064,0.19497917592525482,0.41077056527137756
"Amazon.com, Inc.",2022-07-25,2022-08-01,5,up,up,0.2450896054506302,0.2913469076156616,0.4635634422302246
"Amazon.com, Inc.",2022-07-26,2022-08-02,5,up,up,0.2783403694629669,0.3183957636356354,0.4032638370990753
"Amazon.com, Inc.",2022-07-27,2022-08-03,5,up,up,0.072935089468956,0.06527642160654068,0.8617885112762451
"Amazon.com, Inc.",2022-07-28,2022-08-04,5,up,up,0.12127414345741272,0.14198574423789978,0.7367401719093323
"Amazon.com, Inc.",2022-07-29,2022-08-05,5,up,flat,0.1628880351781845,0.46061792969703674,0.37649407982826233
"Amazon.com, Inc.",2022-08-01,2022-08-08,5,up,flat,0.12994496524333954,0.5060471296310425,0.3640079200267792
"Amazon.com, Inc.",2022-08-02,2022-08-09,5,flat,flat,0.06780951470136642,0.4768623113632202,0.4553281366825104
"Amazon.com, Inc.",2022-08-03,2022-08-10,5,up,flat,0.032330505549907684,0.7003562450408936,0.26731324195861816
"Amazon.com, Inc.",2022-08-04,2022-08-11,5,flat,flat,0.06172867491841316,0.8255681395530701,0.1127031221985817
"Amazon.com, Inc.",2022-08-05,2022-08-12,5,flat,flat,0.0485844612121582,0.9103981852531433,0.04101733863353729
"Amazon.com, Inc.",2022-08-08,2022-08-15,5,flat,flat,0.15904836356639862,0.8071203827857971,0.033831290900707245
"Amazon.com, Inc.",2022-08-09,2022-08-16,5,up,flat,0.1296481341123581,0.6861557960510254,0.18419606983661652
"Amazon.com, Inc.",2022-08-10,2022-08-17,5,flat,flat,0.16685645282268524,0.7253818511962891,0.1077616885304451
"Amazon.com, Inc.",2022-08-11,2022-08-18,5,flat,flat,0.06571339815855026,0.7801488041877747,0.15413782000541687
"Amazon.com, Inc.",2022-08-12,2022-08-19,5,down,flat,0.06494579464197159,0.7916433215141296,0.14341090619564056
"Amazon.com, Inc.",2022-08-15,2022-08-22,5,down,flat,0.034556109458208084,0.7969236969947815,0.16852016746997833
"Amazon.com, Inc.",2022-08-16,2022-08-23,5,down,flat,0.04086161032319069,0.8930253982543945,0.06611304730176926
"Amazon.com, Inc.",2022-08-17,2022-08-24,5,down,flat,0.021032137796282768,0.8395995497703552,0.13936829566955566
"Amazon.com, Inc.",2022-08-18,2022-08-25,5,down,flat,0.022714870050549507,0.7303595542907715,0.24692556262016296
"Amazon.com, Inc.",2022-08-19,2022-08-26,5,down,flat,0.012418893165886402,0.6117955446243286,0.37578555941581726
"Amazon.com, Inc.",2022-08-22,2022-08-29,5,down,up,0.007614235859364271,0.06269852817058563,0.9296872615814209
"Amazon.com, Inc.",2022-08-23,2022-08-30,5,down,up,0.027829118072986603,0.09277930110692978,0.879391610622406
"Amazon.com, Inc.",2022-08-24,2022-08-31,5,down,up,0.018926886841654778,0.0495317168533802,0.9315414428710938
"Amazon.com, Inc.",2022-08-25,2022-09-01,5,down,up,0.007758390158414841,0.07166831940412521,0.9205732941627502
"Amazon.com, Inc.",2022-08-26,2022-09-02,5,down,up,0.019765930250287056,0.11159488558769226,0.8686391115188599
"Amazon.com, Inc.",2022-08-29,2022-09-06,5,down,up,0.01982949860394001,0.09062771499156952,0.8895427584648132
"Amazon.com, Inc.",2022-08-30,2022-09-07,5,down,up,0.04429619759321213,0.06468624621629715,0.8910175561904907
"Amazon.com, Inc.",2022-08-31,2022-09-08,5,flat,up,0.06801300495862961,0.12183371931314468,0.8101532459259033
"Amazon.com, Inc.",2022-09-01,2022-09-09,5,up,up,0.0650867372751236,0.2280588299036026,0.7068544030189514
"Amazon.com, Inc.",2022-09-02,2022-09-12,5,up,up,0.07002262771129608,0.06217122822999954,0.8678061366081238
"Amazon.com, Inc.",2022-09-06,2022-09-13,5,flat,up,0.0764153003692627,0.18556751310825348,0.738017201423645
"Amazon.com, Inc.",2022-09-07,2022-09-14,5,flat,up,0.0646732971072197,0.10289029777050018,0.8324363827705383
"Amazon.com, Inc.",2022-09-08,2022-09-15,5,flat,up,0.023749126121401787,0.29953905940055847,0.6767117977142334
"Amazon.com, Inc.",2022-09-09,2022-09-16,5,down,up,0.23342525959014893,0.3298244774341583,0.43675026297569275
"Amazon.com, Inc.",2022-09-12,2022-09-19,5,down,up,0.0609988197684288,0.24228209257125854,0.6967191100120544
"Amazon.com, Inc.",2022-09-13,2022-09-20,5,down,up,0.051131609827280045,0.2199556678533554,0.7289127707481384
"Amazon.com, Inc.",2022-09-14,2022-09-21,5,down,up,0.058800533413887024,0.18211230635643005,0.7590872049331665
"Amazon.com, Inc.",2022-09-15,2022-09-22,5,down,up,0.03482338413596153,0.11676555871963501,0.8484110236167908
"Amazon.com, Inc.",2022-09-16,2022-09-23,5,down,flat,0.07579626142978668,0.5770536661148071,0.34715014696121216
"Amazon.com, Inc.",2022-09-19,2022-09-26,5,down,up,0.1688232123851776,0.2962864339351654,0.534890353679657
"Amazon.com, Inc.",2022-09-20,2022-09-27,5,down,up,0.1329328864812851,0.33864837884902954,0.5284187197685242
"Amazon.com, Inc.",2022-09-21,2022-09-28,5,down,up,0.039885200560092926,0.2899317145347595,0.6701830625534058
"Amazon.com, Inc.",2022-09-22,2022-09-29,5,down,up,0.004968889988958836,0.11664015799760818,0.8783909678459167
"Amazon.com, Inc.",2022-09-23,2022-09-30,5,flat,up,0.0072312988340854645,0.20524071156978607,0.7875279784202576
"Amazon.com, Inc.",2022-09-26,2022-10-03,5,flat,up,0.009533064439892769,0.1413259208202362,0.849141001701355
"Amazon.com, Inc.",2022-09-27,2022-10-04,5,up,up,0.013955960981547832,0.14344128966331482,0.8426027297973633
"Amazon.com, Inc.",2022-09-28,2022-10-05,5,up,up,0.0468461774289608,0.1549682766199112,0.7981855273246765
"Amazon.com, Inc.",2022-09-29,2022-10-06,5,up,up,0.033459316939115524,0.32383549213409424,0.6427052021026611
"Amazon.com, Inc.",2022-09-30,2022-10-07,5,flat,up,0.024638976901769638,0.3780200481414795,0.597341001033783
"Amazon.com, Inc.",2022-10-03,2022-10-10,5,flat,flat,0.02149050496518612,0.508234977722168,0.47027450799942017
"Amazon.com, Inc.",2022-10-04,2022-10-11,5,down,flat,0.12576547265052795,0.6930410861968994,0.18119345605373383
"Amazon.com, Inc.",2022-10-05,2022-10-12,5,down,flat,0.22725720703601837,0.6356844902038574,0.1370583176612854
"Amazon.com, Inc.",2022-10-06,2022-10-13,5,down,flat,0.19989413022994995,0.6524491310119629,0.14765667915344238
"Amazon.com, Inc.",2022-10-07,2022-10-14,5,down,flat,0.2149011343717575,0.6121405959129333,0.17295825481414795
"Amazon.com, Inc.",2022-10-10,2022-10-17,5,down,flat,0.22603105008602142,0.536225438117981,0.2377435266971588
"Amazon.com, Inc.",2022-10-11,2022-10-18,5,up,flat,0.15462428331375122,0.7270631790161133,0.1183125376701355
"Amazon.com, Inc.",2022-10-12,2022-10-19,5,flat,flat,0.20080497860908508,0.6401098370552063,0.1590851992368698
"Amazon.com, Inc.",2022-10-13,2022-10-20,5,up,flat,0.043236713856458664,0.7993359565734863,0.15742729604244232
"Amazon.com, Inc.",2022-10-14,2022-10-21,5,up,flat,0.18847498297691345,0.5765902996063232,0.2349347621202469
"Amazon.com, Inc.",2022-10-17,2022-10-24,5,up,flat,0.09633522480726242,0.666551411151886,0.23711338639259338
"Amazon.com, Inc.",2022-10-18,2022-10-25,5,up,flat,0.1531224399805069,0.7768691182136536,0.07000846415758133
"Amazon.com, Inc.",2022-10-19,2022-10-26,5,flat,flat,0.06940165907144547,0.6809298992156982,0.2496684342622757
"Amazon.com, Inc.",2022-10-20,2022-10-27,5,down,down,0.45103907585144043,0.43549028038978577,0.1134706363081932
"Amazon.com, Inc.",2022-10-21,2022-10-28,5,down,flat,0.28012964129447937,0.6445105075836182,0.07535982131958008
"Amazon.com, Inc.",2022-10-24,2022-10-31,5,down,flat,0.29920822381973267,0.6306262612342834,0.07016550749540329
"Amazon.com, Inc.",2022-10-25,2022-11-01,5,down,flat,0.34910523891448975,0.5703088045120239,0.08058593422174454
"Amazon.com, Inc.",2022-10-26,2022-11-02,5,down,flat,0.24362753331661224,0.5886698961257935,0.1677026003599167
"Amazon.com, Inc.",2022-10-27,2022-11-03,5,down,down,0.4326174855232239,0.3653150498867035,0.20206744968891144
"Amazon.com, Inc.",2022-10-28,2022-11-04,5,down,up,0.021588504314422607,0.27646252512931824,0.7019489407539368
"Amazon.com, Inc.",2022-10-31,2022-11-07,5,down,up,0.010658384300768375,0.027712292969226837,0.961629331111908
"Amazon.com, Inc.",2022-11-01,2022-11-08,5,down,up,0.013372057117521763,0.16466863453388214,0.8219592571258545
"Amazon.com, Inc.",2022-11-02,2022-11-09,5,down,up,0.003355539869517088,0.11777584254741669,0.878868579864502
"Amazon.com, Inc.",2022-11-03,2022-11-10,5,up,up,0.0014275062130764127,0.03799860551953316,0.9605738520622253
"Amazon.com, Inc.",2022-11-04,2022-11-11,5,up,up,0.005241814535111189,0.04951449856162071,0.9452437162399292
"Amazon.com, Inc.",2022-11-07,2022-11-14,5,up,up,0.0011937948875129223,0.0390535406768322,0.9597526788711548
"Amazon.com, Inc.",2022-11-08,2022-11-15,5,up,up,0.0019552092999219894,0.02407211996614933,0.9739726185798645
"Amazon.com, Inc.",2022-11-09,2022-11-16,5,up,up,0.0019947646651417017,0.03785082697868347,0.9601544141769409
"Amazon.com, Inc.",2022-11-10,2022-11-17,5,flat,flat,0.09311771392822266,0.6819243431091309,0.2249579280614853
"Amazon.com, Inc.",2022-11-11,2022-11-18,5,down,flat,0.03294209763407707,0.9072937965393066,0.05976409465074539
"Amazon.com, Inc.",2022-11-14,2022-11-21,5,down,flat,0.0438372902572155,0.8765802979469299,0.07958235591650009
"Amazon.com, Inc.",2022-11-15,2022-11-22,5,down,flat,0.054579682648181915,0.7001119256019592,0.24530838429927826
"Amazon.com, Inc.",2022-11-16,2022-11-23,5,down,flat,0.08182986825704575,0.7271664142608643,0.1910037100315094
"Amazon.com, Inc.",2022-11-17,2022-11-25,5,flat,flat,0.10128448158502579,0.735918402671814,0.16279712319374084
"Amazon.com, Inc.",2022-11-18,2022-11-28,5,flat,flat,0.10347975790500641,0.7812700867652893,0.11525015532970428
"Amazon.com, Inc.",2022-11-21,2022-11-29,5,flat,flat,0.19267238676548004,0.6886627078056335,0.11866487562656403
"Amazon.com, Inc.",2022-11-22,2022-11-30,5,flat,flat,0.18860794603824615,0.6252050995826721,0.18618693947792053
"Amazon.com, Inc.",2022-11-23,2022-12-01,5,up,flat,0.15770311653614044,0.5643285512924194,0.2779683470726013
"Amazon.com, Inc.",2022-11-25,2022-12-02,5,flat,flat,0.248989999294281,0.4719410538673401,0.2790689170360565
"Amazon.com, Inc.",2022-11-28,2022-12-05,5,down,up,0.25967955589294434,0.2348257154226303,0.5054947733879089
"Amazon.com, Inc.",2022-11-29,2022-12-06,5,down,down,0.34871721267700195,0.3413333296775818,0.30994945764541626
"Amazon.com, Inc.",2022-11-30,2022-12-07,5,down,flat,0.19830594956874847,0.44117653369903564,0.36051756143569946
"Amazon.com, Inc.",2022-12-01,2022-12-08,5,down,flat,0.22419406473636627,0.4736728072166443,0.30213308334350586
"Amazon.com, Inc.",2022-12-02,2022-12-09,5,down,flat,0.29696691036224365,0.4387362003326416,0.26429688930511475
"Amazon.com, Inc.",2022-12-05,2022-12-12,5,down,down,0.6186882257461548,0.23076273500919342,0.1505490243434906
"Amazon.com, Inc.",2022-12-06,2022-12-13,5,up,down,0.48258882761001587,0.3291255831718445,0.18828558921813965
"Amazon.com, Inc.",2022-12-07,2022-12-14,5,up,down,0.5057135224342346,0.22461369633674622,0.26967278122901917
"Amazon.com, Inc.",2022-12-08,2022-12-15,5,flat,down,0.543215274810791,0.18257929384708405,0.27420541644096375
"Amazon.com, Inc.",2022-12-09,2022-12-16,5,flat,down,0.43165868520736694,0.41878387331962585,0.149557426571846
"Amazon.com, Inc.",2022-12-12,2022-12-19,5,down,down,0.3483136296272278,0.33548933267593384,0.3161970376968384
"Amazon.com, Inc.",2022-12-13,2022-12-20,5,down,down,0.5257970690727234,0.3625679910182953,0.11163492500782013
"Amazon.com, Inc.",2022-12-14,2022-12-21,5,down,down,0.692322313785553,0.24132250249385834,0.06635517627000809
"Amazon.com, Inc.",2022-12-15,2022-12-22,5,down,down,0.4703347384929657,0.4177476167678833,0.11191769689321518
"Amazon.com, Inc.",2022-12-16,2022-12-23,5,down,flat,0.3532293140888214,0.5162158012390137,0.1305549144744873
"Amazon.com, Inc.",2022-12-19,2022-12-27,5,down,flat,0.20537438988685608,0.6858694553375244,0.10875612497329712
"Amazon.com, Inc.",2022-12-20,2022-12-28,5,down,flat,0.3090434968471527,0.5244125127792358,0.16654397547245026
"Amazon.com, Inc.",2022-12-21,2022-12-29,5,down,down,0.42306724190711975,0.3469826877117157,0.22995004057884216
"Amazon.com, Inc.",2022-12-22,2022-12-30,5,flat,flat,0.24463732540607452,0.627521812915802,0.12784086167812347
"Amazon.com, Inc.",2022-12-23,2023-01-03,5,flat,down,0.38272523880004883,0.38251379132270813,0.23476099967956543
"Amazon.com, Inc.",2022-12-27,2023-01-04,5,flat,flat,0.20236724615097046,0.4577043354511261,0.33992838859558105
"Amazon.com, Inc.",2022-12-28,2023-01-05,5,up,flat,0.13572314381599426,0.6915696263313293,0.172707200050354
"Amazon.com, Inc.",2022-12-29,2023-01-06,5,flat,up,0.3308759331703186,0.24603119492530823,0.42309290170669556
"Amazon.com, Inc.",2022-12-30,2023-01-09,5,up,flat,0.14683598279953003,0.5139822363853455,0.3391817808151245
"Amazon.com, Inc.",2023-01-03,2023-01-10,5,up,down,0.5563769936561584,0.23395057022571564,0.2096724957227707
"Amazon.com, Inc.",2023-01-04,2023-01-11,5,up,down,0.7701822519302368,0.1193779855966568,0.11043970286846161
"Amazon.com, Inc.",2023-01-05,2023-01-12,5,up,down,0.5172881484031677,0.39787954092025757,0.08483235538005829
"Amazon.com, Inc.",2023-01-06,2023-01-13,5,up,flat,0.2846760153770447,0.5819098949432373,0.1334141045808792
"Amazon.com, Inc.",2023-01-09,2023-01-17,5,up,down,0.9537963271141052,0.03870190680027008,0.007501744199544191
"Amazon.com, Inc.",2023-01-10,2023-01-18,5,up,down,0.9092678427696228,0.07509734481573105,0.015634803101420403
"Amazon.com, Inc.",2023-01-11,2023-01-19,5,flat,down,0.6991459727287292,0.25879377126693726,0.0420602411031723
"Amazon.com, Inc.",2023-01-12,2023-01-20,5,flat,down,0.6375925540924072,0.2548578679561615,0.10754958540201187
"Amazon.com, Inc.",2023-01-13,2023-01-23,5,flat,up,0.26932471990585327,0.12011656910181046,0.6105587482452393
"Amazon.com, Inc.",2023-01-17,2023-01-24,5,flat,up,0.18996447324752808,0.13992054760456085,0.6701149940490723
"Amazon.com, Inc.",2023-01-18,2023-01-25,5,down,up,0.03551485762000084,0.05578998476266861,0.9086951017379761
"Amazon.com, Inc.",2023-01-19,2023-01-26,5,up,up,0.11363689601421356,0.3752509355545044,0.5111121535301208
"Amazon.com, Inc.",2023-01-20,2023-01-27,5,up,up,0.1111857071518898,0.2953011393547058,0.5935131907463074
"Amazon.com, Inc.",2023-01-23,2023-01-30,5,up,up,0.11693018674850464,0.364727646112442,0.518342137336731
"Amazon.com, Inc.",2023-01-24,2023-01-31,5,up,up,0.15004946291446686,0.28702372312545776,0.5629268288612366
"Amazon.com, Inc.",2023-01-25,2023-02-01,5,up,up,0.06418135017156601,0.09535560756921768,0.8404630422592163
"Amazon.com, Inc.",2023-01-26,2023-02-02,5,up,up,0.15056025981903076,0.3715023994445801,0.47793734073638916
"Amazon.com, Inc.",2023-01-27,2023-02-03,5,up,up,0.0714641809463501,0.1365608125925064,0.7919750213623047
"Amazon.com, Inc.",2023-01-30,2023-02-06,5,up,up,0.1767646074295044,0.1541767418384552,0.6690586805343628
"Amazon.com, Inc.",2023-01-31,2023-02-07,5,flat,up,0.07120129466056824,0.18600508570671082,0.7427936792373657
"Amazon.com, Inc.",2023-02-01,2023-02-08,5,down,up,0.041096244007349014,0.12730489671230316,0.8315988779067993
"Amazon.com, Inc.",2023-02-02,2023-02-09,5,down,flat,0.02014353685081005,0.570284366607666,0.409572035074234
"Amazon.com, Inc.",2023-02-03,2023-02-10,5,down,up,0.13701067864894867,0.40592432022094727,0.4570649564266205
"Amazon.com, Inc.",2023-02-06,2023-02-13,5,down,up,0.15754523873329163,0.31831094622612,0.5241438746452332
"Amazon.com, Inc.",2023-02-07,2023-02-14,5,flat,up,0.19926609098911285,0.18139605224132538,0.6193378567695618
"Amazon.com, Inc.",2023-02-08,2023-02-15,5,flat,up,0.23921267688274384,0.12842360138893127,0.6323636770248413
"Amazon.com, Inc.",2023-02-09,2023-02-16,5,flat,down,0.5215021371841431,0.23169179260730743,0.24680611491203308
"Amazon.com, Inc.",2023-02-10,2023-02-17,5,flat,down,0.4219209849834442,0.265004962682724,0.313073992729187
"Amazon.com, Inc.",2023-02-13,2023-02-21,5,down,up,0.36061981320381165,0.20416726171970367,0.4352129101753235
"Amazon.com, Inc.",2023-02-14,2023-02-22,5,down,up,0.31194671988487244,0.13211242854595184,0.5559408664703369
"Amazon.com, Inc.",2023-02-15,2023-02-23,5,down,down,0.38621532917022705,0.25256118178367615,0.3612235188484192
"Amazon.com, Inc.",2023-02-16,2023-02-24,5,down,down,0.44468939304351807,0.1841149628162384,0.37119564414024353
"Amazon.com, Inc.",2023-02-17,2023-02-27,5,down,flat,0.21943695843219757,0.5583655834197998,0.22219739854335785
"Amazon.com, Inc.",2023-02-21,2023-02-28,5,flat,down,0.45541927218437195,0.158754363656044,0.3858264088630676
"Amazon.com, Inc.",2023-02-22,2023-03-01,5,down,up,0.3211812973022461,0.12140807509422302,0.5574106574058533
"Amazon.com, Inc.",2023-02-23,2023-03-02,5,down,down,0.7081961035728455,0.0654107853770256,0.22639310359954834
"Amazon.com, Inc.",2023-02-24,2023-03-03,5,flat,down,0.8177045583724976,0.08785362541675568,0.09444175660610199
"Amazon.com, Inc.",2023-02-27,2023-03-06,5,flat,down,0.8496854305267334,0.05318506434559822,0.09712947905063629
"Amazon.com, Inc.",2023-02-28,2023-03-07,5,flat,down,0.8350124955177307,0.06230153515934944,0.10268598049879074
"Amazon.com, Inc.",2023-03-01,2023-03-08,5,flat,down,0.8464550375938416,0.06507609039545059,0.08846892416477203
"Amazon.com, Inc.",2023-03-02,2023-03-09,5,up,down,0.8550463318824768,0.11835432797670364,0.02659934014081955
"Amazon.com, Inc.",2023-03-03,2023-03-10,5,down,down,0.507918119430542,0.26699551939964294,0.22508633136749268
"Amazon.com, Inc.",2023-03-06,2023-03-13,5,down,flat,0.2939281761646271,0.6396204829216003,0.06645136326551437
"Amazon.com, Inc.",2023-03-07,2023-03-14,5,flat,down,0.7194601893424988,0.21124237775802612,0.06929746270179749
"Amazon.com, Inc.",2023-03-08,2023-03-15,5,up,down,0.7484533786773682,0.18358635902404785,0.06796026229858398
"Amazon.com, Inc.",2023-03-09,2023-03-16,5,up,down,0.4136511981487274,0.40989527106285095,0.17645354568958282
"Amazon.com, Inc.",2023-03-10,2023-03-17,5,up,down,0.5721403360366821,0.37604475021362305,0.051814965903759
"Amazon.com, Inc.",2023-03-13,2023-03-20,5,up,down,0.8157139420509338,0.1570703685283661,0.02721569314599037
"Amazon.com, Inc.",2023-03-14,2023-03-21,5,up,down,0.4789784848690033,0.17715251445770264,0.3438689708709717
"Amazon.com, Inc.",2023-03-15,2023-03-22,5,up,flat,0.3285539448261261,0.381756991147995,0.2896890938282013
"Amazon.com, Inc.",2023-03-16,2023-03-23,5,flat,down,0.5795297026634216,0.13978227972984314,0.28068798780441284
"Amazon.com, Inc.",2023-03-17,2023-03-24,5,flat,up,0.382515549659729,0.15727007389068604,0.46021437644958496
"Amazon.com, Inc.",2023-03-20,2023-03-27,5,flat,up,0.2128768265247345,0.08555334806442261,0.7015698552131653
"Amazon.com, Inc.",2023-03-21,2023-03-28,5,down,up,0.40239888429641724,0.13345298171043396,0.4641481041908264
"Amazon.com, Inc.",2023-03-22,2023-03-29,5,flat,up,0.19769956171512604,0.23453229665756226,0.5677680969238281
"Amazon.com, Inc.",2023-03-23,2023-03-30,5,up,flat,0.30868539214134216,0.4218360483646393,0.2694784998893738
"Amazon.com, Inc.",2023-03-24,2023-03-31,5,up,up,0.19209177792072296,0.29245197772979736,0.5154562592506409
"Amazon.com, Inc.",2023-03-27,2023-04-03,5,up,up,0.34780412912368774,0.21757400035858154,0.4346219003200531
"Amazon.com, Inc.",2023-03-28,2023-04-04,5,up,down,0.417888343334198,0.224856898188591,0.3572547137737274
"Amazon.com, Inc.",2023-03-29,2023-04-05,5,up,up,0.45463827252388,0.07856610417366028,0.4667956531047821
"Amazon.com, Inc.",2023-03-30,2023-04-06,5,flat,down,0.5069159269332886,0.06665828824043274,0.4264258146286011
"Amazon.com, Inc.",2023-03-31,2023-04-10,5,flat,up,0.37202906608581543,0.13958734273910522,0.48838356137275696
"Amazon.com, Inc.",2023-04-03,2023-04-11,5,down,down,0.7565340399742126,0.06569904834032059,0.17776693403720856
"Amazon.com, Inc.",2023-04-04,2023-04-12,5,down,up,0.3029055595397949,0.08170352876186371,0.615390956401825
"Amazon.com, Inc.",2023-04-05,2023-04-13,5,down,down,0.5506263375282288,0.05269249528646469,0.39668115973472595
"Amazon.com, Inc.",2023-04-06,2023-04-14,5,flat,down,0.5263881683349609,0.10446231067180634,0.3691495358943939
"Amazon.com, Inc.",2023-04-10,2023-04-17,5,up,down,0.6284782886505127,0.12225043773651123,0.24927128851413727
"Amazon.com, Inc.",2023-04-11,2023-04-18,5,up,down,0.44823047518730164,0.32840362191200256,0.22336585819721222
"Amazon.com, Inc.",2023-04-12,2023-04-19,5,up,down,0.7063573002815247,0.2426406443119049,0.05100205913186073
"Amazon.com, Inc.",2023-04-13,2023-04-20,5,up,down,0.758599042892456,0.03192638233304024,0.20947451889514923
"Amazon.com, Inc.",2023-04-14,2023-04-21,5,up,down,0.8274363279342651,0.051245395094156265,0.12131831794977188
"Amazon.com, Inc.",2023-04-17,2023-04-24,5,up,down,0.8159229755401611,0.0683765709400177,0.11570043861865997
"Amazon.com, Inc.",2023-04-18,2023-04-25,5,flat,down,0.7450432181358337,0.10098418593406677,0.1539725661277771
"Amazon.com, Inc.",2023-04-19,2023-04-26,5,up,down,0.7716526985168457,0.07584351301193237,0.1525038182735443
"Amazon.com, Inc.",2023-04-20,2023-04-27,5,up,down,0.7173364162445068,0.17587216198444366,0.10679145902395248
"Amazon.com, Inc.",2023-04-21,2023-04-28,5,flat,down,0.7262304425239563,0.12097788602113724,0.15279161930084229
"Amazon.com, Inc.",2023-04-24,2023-05-01,5,down,down,0.8955904841423035,0.05374138057231903,0.050668150186538696
"Amazon.com, Inc.",2023-04-25,2023-05-02,5,flat,down,0.5954946279525757,0.07953465729951859,0.32497069239616394
"Amazon.com, Inc.",2023-04-26,2023-05-03,5,flat,down,0.6681981086730957,0.052317310124635696,0.2794845700263977
"Amazon.com, Inc.",2023-04-27,2023-05-04,5,down,up,0.3829798698425293,0.15387922525405884,0.46314090490341187
"Amazon.com, Inc.",2023-04-28,2023-05-05,5,down,down,0.612053632736206,0.09085260331630707,0.2970937490463257
"Amazon.com, Inc.",2023-05-01,2023-05-08,5,up,up,0.37947309017181396,0.14306366443634033,0.4774633049964905
"Amazon.com, Inc.",2023-05-02,2023-05-09,5,up,down,0.5948269963264465,0.07641180604696274,0.3287612497806549
"Amazon.com, Inc.",2023-05-03,2023-05-10,5,up,down,0.4753561019897461,0.12844540178775787,0.3961985409259796
"Amazon.com, Inc.",2023-05-04,2023-05-11,5,up,down,0.45252910256385803,0.12529680132865906,0.4221741557121277
"Amazon.com, Inc.",2023-05-05,2023-05-12,5,up,up,0.3934878408908844,0.10119671374559402,0.5053154826164246
"Amazon.com, Inc.",2023-05-08,2023-05-15,5,up,up,0.4403664767742157,0.10742989182472229,0.452203631401062
"Amazon.com, Inc.",2023-05-09,2023-05-16,5,up,down,0.6214613318443298,0.14673061668872833,0.23180809617042542
"Amazon.com, Inc.",2023-05-10,2023-05-17,5,up,down,0.45033732056617737,0.14151380956172943,0.408148854970932
"Amazon.com, Inc.",2023-05-11,2023-05-18,5,up,up,0.30559927225112915,0.16559375822544098,0.5288069248199463
"Amazon.com, Inc.",2023-05-12,2023-05-19,5,up,up,0.3922654688358307,0.13144923746585846,0.47628524899482727
"Amazon.com, Inc.",2023-05-15,2023-05-22,5,up,down,0.5090156197547913,0.13985668122768402,0.3511276841163635
"Amazon.com, Inc.",2023-05-16,2023-05-23,5,up,down,0.46185511350631714,0.14428496360778809,0.3938598930835724
"Amazon.com, Inc.",2023-05-17,2023-05-24,5,flat,down,0.5085737109184265,0.19984792172908783,0.29157835245132446
"Amazon.com, Inc.",2023-05-18,2023-05-25,5,down,down,0.3466452658176422,0.319917231798172,0.3334375023841858
"Amazon.com, Inc.",2023-05-19,2023-05-26,5,flat,down,0.691853404045105,0.16704343259334564,0.1411031037569046
"Amazon.com, Inc.",2023-05-22,2023-05-30,5,up,down,0.6816935539245605,0.16360683739185333,0.15469959378242493
"Amazon.com, Inc.",2023-05-23,2023-05-31,5,up,down,0.5802618265151978,0.05299194157123566,0.3667462468147278
"Amazon.com, Inc.",2023-05-24,2023-06-01,5,up,down,0.6044970750808716,0.04765254259109497,0.3478504419326782
"Amazon.com, Inc.",2023-05-25,2023-06-02,5,up,down,0.4721045196056366,0.14429296553134918,0.38360247015953064
"Amazon.com, Inc.",2023-05-26,2023-06-05,5,up,down,0.7427741289138794,0.04598885402083397,0.21123698353767395
"Amazon.com, Inc.",2023-05-30,2023-06-06,5,up,down,0.6835634112358093,0.1964065432548523,0.12003008276224136
"Amazon.com, Inc.",2023-05-31,2023-06-07,5,up,down,0.7328896522521973,0.14178495109081268,0.12532539665699005
"Amazon.com, Inc.",2023-06-01,2023-06-08,5,up,down,0.5646727681159973,0.16486477851867676,0.2704625129699707
"Amazon.com, Inc.",2023-06-02,2023-06-09,5,flat,down,0.44395148754119873,0.22172638773918152,0.33432209491729736
"Amazon.com, Inc.",2023-06-05,2023-06-12,5,flat,down,0.5606657266616821,0.15800227224826813,0.28133195638656616
"Amazon.com, Inc.",2023-06-06,2023-06-13,5,flat,down,0.5293524861335754,0.14239642024040222,0.32825103402137756
"Amazon.com, Inc.",2023-06-07,2023-06-14,5,up,up,0.11932127177715302,0.07637649774551392,0.8043022155761719
"Amazon.com, Inc.",2023-06-08,2023-06-15,5,up,up,0.13060399889945984,0.02590365707874298,0.843492329120636
"Amazon.com, Inc.",2023-06-09,2023-06-16,5,up,up,0.10264627635478973,0.09303903579711914,0.8043146729469299
"Amazon.com, Inc.",2023-06-12,2023-06-20,5,flat,up,0.0305853933095932,0.0945933535695076,0.8748213052749634
"Amazon.com, Inc.",2023-06-13,2023-06-21,5,down,up,0.1158086284995079,0.14854322373867035,0.7356480956077576
"Amazon.com, Inc.",2023-06-14,2023-06-22,5,flat,up,0.041012465953826904,0.18736650049686432,0.77162104845047
"Amazon.com, Inc.",2023-06-15,2023-06-23,5,up,up,0.04726867005228996,0.06197133660316467,0.890760064125061
"Amazon.com, Inc.",2023-06-16,2023-06-26,5,up,up,0.1285182386636734,0.07948037981987,0.7920014262199402
"Amazon.com, Inc.",2023-06-20,2023-06-27,5,up,up,0.060123901814222336,0.17361196875572205,0.7662641406059265
"Amazon.com, Inc.",2023-06-21,2023-06-28,5,up,up,0.021505847573280334,0.09022543579339981,0.8882687091827393
"Amazon.com, Inc.",2023-06-22,2023-06-29,5,flat,up,0.035046711564064026,0.054434843361377716,0.9105184078216553
"Amazon.com, Inc.",2023-06-23,2023-06-30,5,flat,up,0.09374196082353592,0.10375414043664932,0.8025039434432983
"Amazon.com, Inc.",2023-06-26,2023-07-03,5,up,up,0.1094362735748291,0.053202398121356964,0.8373613357543945
"Amazon.com, Inc.",2023-06-27,2023-07-05,5,flat,up,0.05069463700056076,0.05759110301733017,0.8917142152786255
"Amazon.com, Inc.",2023-06-28,2023-07-06,5,flat,up,0.05005129426717758,0.0533841997385025,0.8965644836425781
"Amazon.com, Inc.",2023-06-29,2023-07-07,5,flat,up,0.03507481887936592,0.1266406774520874,0.8382844924926758
"Amazon.com, Inc.",2023-06-30,2023-07-10,5,down,up,0.043022822588682175,0.07949382066726685,0.8774833083152771
"Amazon.com, Inc.",2023-07-03,2023-07-11,5,down,up,0.055553827434778214,0.0251163300126791,0.919329822063446
"Amazon.com, Inc.",2023-07-05,2023-07-12,5,flat,up,0.12561583518981934,0.05803719535470009,0.8163470029830933
"Amazon.com, Inc.",2023-07-06,2023-07-13,5,up,up,0.030053509399294853,0.19209644198417664,0.7778500318527222
"Amazon.com, Inc.",2023-07-07,2023-07-14,5,up,up,0.015661800280213356,0.02964738756418228,0.9546907544136047
"Amazon.com, Inc.",2023-07-10,2023-07-17,5,up,up,0.00857734028249979,0.05724280700087547,0.9341798424720764
"Amazon.com, Inc.",2023-07-11,2023-07-18,5,up,up,0.011962439864873886,0.010166148655116558,0.9778713583946228
"Amazon.com, Inc.",2023-07-12,2023-07-19,5,up,up,0.014163938350975513,0.020914336666464806,0.964921772480011
"Amazon.com, Inc.",2023-07-13,2023-07-20,5,down,up,0.09360437840223312,0.06863244622945786,0.8377631902694702
"Amazon.com, Inc.",2023-07-14,2023-07-21,5,down,up,0.11126790195703506,0.05356298014521599,0.8351690769195557
"Amazon.com, Inc.",2023-07-17,2023-07-24,5,down,up,0.05909715220332146,0.1467684507369995,0.7941343784332275
"Amazon.com, Inc.",2023-07-18,2023-07-25,5,down,up,0.021574728190898895,0.11066407710313797,0.8677611351013184
"Amazon.com, Inc.",2023-07-19,2023-07-26,5,down,up,0.03601614385843277,0.09241348505020142,0.8715704083442688
"Amazon.com, Inc.",2023-07-20,2023-07-27,5,down,up,0.03201879560947418,0.17906905710697174,0.7889121770858765
"Amazon.com, Inc.",2023-07-21,2023-07-28,5,flat,up,0.011355290189385414,0.16433587670326233,0.8243088722229004
"Amazon.com, Inc.",2023-07-24,2023-07-31,5,up,up,0.010336858220398426,0.04026798903942108,0.9493951797485352
"Amazon.com, Inc.",2023-07-25,2023-08-01,5,up,up,0.01438771840184927,0.05314626172184944,0.9324660301208496
"Amazon.com, Inc.",2023-07-26,2023-08-02,5,flat,up,0.030387412756681442,0.4369647204875946,0.5326478481292725
"Amazon.com, Inc.",2023-07-27,2023-08-03,5,down,up,0.024728218093514442,0.032333750277757645,0.9429380893707275
"Amazon.com, Inc.",2023-07-28,2023-08-04,5,up,up,0.022931333631277084,0.06782182306051254,0.9092468619346619
"Amazon.com, Inc.",2023-07-31,2023-08-07,5,up,up,0.1277642697095871,0.08842265605926514,0.7838130593299866
"Amazon.com, Inc.",2023-08-01,2023-08-08,5,up,up,0.053709156811237335,0.26535600423812866,0.6809348464012146
"Amazon.com, Inc.",2023-08-02,2023-08-09,5,up,up,0.0519462525844574,0.1181231215596199,0.8299306035041809
"Amazon.com, Inc.",2023-08-03,2023-08-10,5,up,up,0.06165141984820366,0.16795672476291656,0.7703918218612671
"Amazon.com, Inc.",2023-08-04,2023-08-11,5,down,flat,0.07656650245189667,0.5332280397415161,0.39020541310310364
"Amazon.com, Inc.",2023-08-07,2023-08-14,5,flat,flat,0.0833045095205307,0.515239953994751,0.4014555513858795
"Amazon.com, Inc.",2023-08-08,2023-08-15,5,flat,up,0.06313777714967728,0.40925782918930054,0.5276044011116028
"Amazon.com, Inc.",2023-08-09,2023-08-16,5,down,up,0.008055170066654682,0.24415665864944458,0.74778813123703
"Amazon.com, Inc.",2023-08-10,2023-08-17,5,down,up,0.007589458487927914,0.3439285457134247,0.6484820246696472
"Amazon.com, Inc.",2023-08-11,2023-08-18,5,down,up,0.010463917627930641,0.23663213849067688,0.752903938293457
"Amazon.com, Inc.",2023-08-14,2023-08-21,5,down,up,0.017770182341337204,0.34591978788375854,0.6363100409507751
"Amazon.com, Inc.",2023-08-15,2023-08-22,5,down,up,0.01931394450366497,0.30334004759788513,0.6773459911346436
"Amazon.com, Inc.",2023-08-16,2023-08-23,5,flat,up,0.007147795986384153,0.19714964926242828,0.7957026362419128
"Amazon.com, Inc.",2023-08-17,2023-08-24,5,flat,up,0.02613041177392006,0.1857725828886032,0.7880970239639282
"Amazon.com, Inc.",2023-08-18,2023-08-25,5,flat,up,0.03404134884476662,0.2509576678276062,0.7150009870529175
"Amazon.com, Inc.",2023-08-21,2023-08-28,5,flat,up,0.03087783046066761,0.3569908142089844,0.6121313571929932
"Amazon.com, Inc.",2023-08-22,2023-08-29,5,flat,up,0.015759572386741638,0.09115239232778549,0.8930880427360535
"Amazon.com, Inc.",2023-08-23,2023-08-30,5,flat,up,0.026473751291632652,0.19265958666801453,0.7808666229248047
"Amazon.com, Inc.",2023-08-24,2023-08-31,5,up,up,0.02033378556370735,0.14511778950691223,0.8345484137535095
"Amazon.com, Inc.",2023-08-25,2023-09-01,5,up,up,0.032464779913425446,0.2685582637786865,0.698976993560791
"Amazon.com, Inc.",2023-08-28,2023-09-05,5,up,up,0.04155167564749718,0.11548774689435959,0.84296053647995
"Amazon.com, Inc.",2023-08-29,2023-09-06,5,up,up,0.023492367938160896,0.13981805741786957,0.8366895914077759
"Amazon.com, Inc.",2023-08-30,2023-09-07,5,flat,up,0.04024257883429527,0.22831906378269196,0.731438398361206
"Amazon.com, Inc.",2023-08-31,2023-09-08,5,flat,up,0.041038259863853455,0.40125638246536255,0.5577054023742676
"Amazon.com, Inc.",2023-09-01,2023-09-11,5,up,up,0.06825815141201019,0.13295336067676544,0.7987884879112244
"Amazon.com, Inc.",2023-09-05,2023-09-12,5,up,up,0.03621351718902588,0.36914169788360596,0.5946447849273682
"Amazon.com, Inc.",2023-09-06,2023-09-13,5,up,up,0.04729807376861572,0.09895698726177216,0.8537449836730957
"Amazon.com, Inc.",2023-09-07,2023-09-14,5,up,up,0.03589759021997452,0.07579245418310165,0.8883100152015686
"Amazon.com, Inc.",2023-09-08,2023-09-15,5,up,up,0.04603073373436928,0.08464248478412628,0.8693267703056335
"Amazon.com, Inc.",2023-09-11,2023-09-18,5,flat,up,0.07783030718564987,0.03368210420012474,0.8884875178337097
"Amazon.com, Inc.",2023-09-12,2023-09-19,5,down,up,0.2379666119813919,0.10400421917438507,0.6580291390419006
"Amazon.com, Inc.",2023-09-13,2023-09-20,5,down,up,0.06609364598989487,0.17852641642093658,0.7553799152374268
"Amazon.com, Inc.",2023-09-14,2023-09-21,5,down,up,0.1040668860077858,0.3185190260410309,0.5774140357971191
"Amazon.com, Inc.",2023-09-15,2023-09-22,5,down,up,0.05389223247766495,0.08981503546237946,0.8562926650047302
"Amazon.com, Inc.",2023-09-18,2023-09-25,5,down,up,0.01406835950911045,0.07178189605474472,0.9141497015953064
"Amazon.com, Inc.",2023-09-19,2023-09-26,5,down,up,0.02833070419728756,0.12527351081371307,0.84639573097229
"Amazon.com, Inc.",2023-09-20,2023-09-27,5,down,up,0.05110829323530197,0.19228005409240723,0.7566116452217102
"Amazon.com, Inc.",2023-09-21,2023-09-28,5,down,up,0.05315006524324417,0.3682548701763153,0.5785951018333435
"Amazon.com, Inc.",2023-09-22,2023-09-29,5,down,up,0.10680342465639114,0.3105013072490692,0.5826952457427979
"Amazon.com, Inc.",2023-09-25,2023-10-02,5,flat,up,0.17483164370059967,0.20947201550006866,0.615696370601654
"Amazon.com, Inc.",2023-09-26,2023-10-03,5,flat,up,0.09256257116794586,0.14158011972904205,0.7658572793006897
"Amazon.com, Inc.",2023-09-27,2023-10-04,5,flat,up,0.03256630897521973,0.08902008831501007,0.8784136772155762
"Amazon.com, Inc.",2023-09-28,2023-10-05,5,flat,up,0.03923620283603668,0.1406041532754898,0.8201596140861511
"Amazon.com, Inc.",2023-09-29,2023-10-06,5,flat,up,0.08315423876047134,0.1650356948375702,0.7518100738525391
"Amazon.com, Inc.",2023-10-02,2023-10-09,5,flat,up,0.08944909274578094,0.1820564568042755,0.7284944653511047
"Amazon.com, Inc.",2023-10-03,2023-10-10,5,up,up,0.012904277071356773,0.15212289988994598,0.8349728584289551
"Amazon.com, Inc.",2023-10-04,2023-10-11,5,up,up,0.01374854240566492,0.27063190937042236,0.7156195640563965
"Amazon.com, Inc.",2023-10-05,2023-10-12,5,up,flat,0.029986368492245674,0.5102758407592773,0.4597378075122833
"Amazon.com, Inc.",2023-10-06,2023-10-13,5,up,up,0.030426006764173508,0.4185000956058502,0.5510738492012024
"Amazon.com, Inc.",2023-10-09,2023-10-16,5,up,flat,0.05211939662694931,0.6199541091918945,0.32792651653289795
"Amazon.com, Inc.",2023-10-10,2023-10-17,5,flat,flat,0.09967120736837387,0.7051334977149963,0.19519533216953278
"Amazon.com, Inc.",2023-10-11,2023-10-18,5,flat,flat,0.04350341483950615,0.8894788026809692,0.0670178011059761
"Amazon.com, Inc.",2023-10-12,2023-10-19,5,down,flat,0.19769755005836487,0.6622657775878906,0.1400366723537445
"Amazon.com, Inc.",2023-10-13,2023-10-20,5,down,flat,0.21570967137813568,0.5693066120147705,0.21498368680477142
"Amazon.com, Inc.",2023-10-16,2023-10-23,5,down,flat,0.1545799970626831,0.5343984365463257,0.3110215663909912
"Amazon.com, Inc.",2023-10-17,2023-10-24,5,down,up,0.03944217786192894,0.352683961391449,0.6078739166259766
"Amazon.com, Inc.",2023-10-18,2023-10-25,5,down,up,0.011033616028726101,0.09681790322065353,0.892148494720459
"Amazon.com, Inc.",2023-10-19,2023-10-26,5,down,up,0.005448509473353624,0.05071965232491493,0.9438318014144897
"Amazon.com, Inc.",2023-10-20,2023-10-27,5,flat,up,0.017485328018665314,0.0443771630525589,0.9381375312805176
"Amazon.com, Inc.",2023-10-23,2023-10-30,5,up,up,0.044680122286081314,0.07710377871990204,0.8782161474227905
"Amazon.com, Inc.",2023-10-24,2023-10-31,5,up,up,0.016184061765670776,0.021490968763828278,0.9623249769210815
"Amazon.com, Inc.",2023-10-25,2023-11-01,5,up,up,0.022011324763298035,0.24820490181446075,0.7297837734222412
"Amazon.com, Inc.",2023-10-26,2023-11-02,5,up,up,0.012428544461727142,0.2814616858959198,0.7061097621917725
"Amazon.com, Inc.",2023-10-27,2023-11-03,5,up,up,0.025837333872914314,0.2556234300136566,0.7185392379760742
"Amazon.com, Inc.",2023-10-30,2023-11-06,5,up,up,0.1392402946949005,0.3710533678531647,0.4897063374519348
"Amazon.com, Inc.",2023-10-31,2023-11-07,5,up,up,0.12879909574985504,0.3053900897502899,0.5658108592033386
"Amazon.com, Inc.",2023-11-01,2023-11-08,5,up,up,0.11258640885353088,0.16725869476795197,0.720154881477356
"Amazon.com, Inc.",2023-11-02,2023-11-09,5,up,up,0.18086132407188416,0.07507523149251938,0.7440634965896606
"Amazon.com, Inc.",2023-11-03,2023-11-10,5,up,up,0.12917913496494293,0.0831066146492958,0.7877141833305359
"Amazon.com, Inc.",2023-11-06,2023-11-13,5,up,up,0.12081532180309296,0.16416844725608826,0.7150161862373352
"Amazon.com, Inc.",2023-11-07,2023-11-14,5,up,up,0.13336937129497528,0.2297653704881668,0.6368652582168579
"Amazon.com, Inc.",2023-11-08,2023-11-15,5,up,up,0.08659262955188751,0.369537353515625,0.5438700318336487
"Amazon.com, Inc.",2023-11-09,2023-11-16,5,flat,up,0.0916711688041687,0.23304712772369385,0.6752817034721375
"Amazon.com, Inc.",2023-11-10,2023-11-17,5,up,up,0.03952891752123833,0.20778074860572815,0.752690315246582
"Amazon.com, Inc.",2023-11-13,2023-11-20,5,up,up,0.04632711783051491,0.22561128437519073,0.7280616164207458
"Amazon.com, Inc.",2023-11-14,2023-11-21,5,down,up,0.10236746817827225,0.15552136301994324,0.7421111464500427
"Amazon.com, Inc.",2023-11-15,2023-11-22,5,flat,up,0.09293200075626373,0.3244810700416565,0.582586944103241
"Amazon.com, Inc.",2023-11-16,2023-11-24,5,up,up,0.02802090533077717,0.13868574798107147,0.8332933187484741
"Amazon.com, Inc.",2023-11-17,2023-11-27,5,up,up,0.048013102263212204,0.08112995326519012,0.8708569407463074
"Amazon.com, Inc.",2023-11-20,2023-11-28,5,flat,up,0.07474511116743088,0.15000493824481964,0.7752500176429749
"Amazon.com, Inc.",2023-11-21,2023-11-29,5,up,up,0.03513549640774727,0.1329173445701599,0.8319471478462219
"Amazon.com, Inc.",2023-11-22,2023-11-30,5,flat,up,0.03068537265062332,0.07836383581161499,0.8909507989883423
"Amazon.com, Inc.",2023-11-24,2023-12-01,5,flat,up,0.034764066338539124,0.051627080887556076,0.9136087894439697
"Amazon.com, Inc.",2023-11-27,2023-12-04,5,down,up,0.06603515893220901,0.09404074400663376,0.8399240374565125
"Amazon.com, Inc.",2023-11-28,2023-12-05,5,flat,up,0.049435220658779144,0.11626456677913666,0.83430016040802
"Amazon.com, Inc.",2023-11-29,2023-12-06,5,flat,up,0.05334602668881416,0.11101743578910828,0.835636556148529
"Amazon.com, Inc.",2023-11-30,2023-12-07,5,flat,up,0.02469785511493683,0.13127870857715607,0.8440234661102295
"Amazon.com, Inc.",2023-12-01,2023-12-08,5,flat,up,0.03274109587073326,0.07396159321069717,0.8932973742485046
"Amazon.com, Inc.",2023-12-04,2023-12-11,5,flat,up,0.022926785051822662,0.10982116311788559,0.8672520518302917
"Amazon.com, Inc.",2023-12-05,2023-12-12,5,flat,up,0.014135260134935379,0.05399162694811821,0.931873083114624
"Amazon.com, Inc.",2023-12-06,2023-12-13,5,up,up,0.013359224423766136,0.037496861070394516,0.9491439461708069
"Amazon.com, Inc.",2023-12-07,2023-12-14,5,up,up,0.012600237503647804,0.04030311107635498,0.947096586227417
"Amazon.com, Inc.",2023-12-08,2023-12-15,5,up,up,0.012153521180152893,0.032799676060676575,0.9550468325614929
"Amazon.com, Inc.",2023-12-11,2023-12-18,5,up,up,0.00898654107004404,0.03273830562829971,0.9582750797271729
"Amazon.com, Inc.",2023-12-12,2023-12-19,5,up,up,0.006379085127264261,0.050040103495121,0.9435808062553406
"Amazon.com, Inc.",2023-12-13,2023-12-20,5,up,up,0.01978493668138981,0.06874385476112366,0.9114712476730347
"Amazon.com, Inc.",2023-12-14,2023-12-21,5,up,up,0.01825796626508236,0.09017293900251389,0.8915691375732422
"Amazon.com, Inc.",2023-12-15,2023-12-22,5,up,up,0.04069282487034798,0.036518946290016174,0.9227882027626038
"Amazon.com, Inc.",2023-12-18,2023-12-26,5,flat,up,0.025223497301340103,0.22369101643562317,0.7510855197906494
"Amazon.com, Inc.",2023-12-19,2023-12-27,5,flat,flat,0.07731916010379791,0.5768886208534241,0.3457922339439392
"Amazon.com, Inc.",2023-12-20,2023-12-28,5,flat,up,0.12453242391347885,0.07378684729337692,0.8016807436943054
"Amazon.com, Inc.",2023-12-21,2023-12-29,5,flat,up,0.13557589054107666,0.07628409564495087,0.788140058517456
"Amazon.com, Inc.",2023-12-22,2024-01-02,5,down,up,0.17130905389785767,0.08346737176179886,0.7452235817909241
"Amazon.com, Inc.",2023-12-26,2024-01-03,5,down,up,0.20069453120231628,0.09624575078487396,0.703059732913971
"Amazon.com, Inc.",2023-12-27,2024-01-04,5,down,up,0.06200578436255455,0.08813021332025528,0.8498640060424805
"Amazon.com, Inc.",2023-12-28,2024-01-05,5,down,up,0.044619135558605194,0.10705043375492096,0.8483304381370544
"Amazon.com, Inc.",2023-12-29,2024-01-08,5,down,up,0.024723807349801064,0.0319892019033432,0.9432870149612427
"Amazon.com, Inc.",2024-01-02,2024-01-09,5,flat,up,0.011093697510659695,0.20905423164367676,0.779852032661438
"Amazon.com, Inc.",2024-01-03,2024-01-10,5,up,up,0.01200343482196331,0.0749221220612526,0.9130743741989136
"Amazon.com, Inc.",2024-01-04,2024-01-11,5,up,up,0.044956427067518234,0.18243634700775146,0.7726072669029236
"Amazon.com, Inc.",2024-01-05,2024-01-12,5,up,up,0.10695475339889526,0.19580021500587463,0.6972450613975525
"Amazon.com, Inc.",2024-01-08,2024-01-16,5,up,up,0.021270476281642914,0.028972674161195755,0.9497568607330322
"Amazon.com, Inc.",2024-01-09,2024-01-17,5,up,up,0.04495541378855705,0.06396547704935074,0.8910791277885437
"Amazon.com, Inc.",2024-01-10,2024-01-18,5,flat,up,0.05993669852614403,0.06137301027774811,0.878690242767334
"Amazon.com, Inc.",2024-01-11,2024-01-19,5,flat,up,0.21028798818588257,0.10776966065168381,0.6819424033164978
"Amazon.com, Inc.",2024-01-12,2024-01-22,5,flat,up,0.03315424174070358,0.21222680807113647,0.7546189427375793
"Amazon.com, Inc.",2024-01-16,2024-01-23,5,up,up,0.061419062316417694,0.29283732175827026,0.6457436084747314
"Amazon.com, Inc.",2024-01-17,2024-01-24,5,up,up,0.04655537009239197,0.262902170419693,0.690542459487915
"Amazon.com, Inc.",2024-01-18,2024-01-25,5,up,up,0.021821536123752594,0.1441110521554947,0.8340674042701721
"Amazon.com, Inc.",2024-01-19,2024-01-26,5,up,up,0.04759012535214424,0.11454206705093384,0.8378678560256958
"Amazon.com, Inc.",2024-01-22,2024-01-29,5,up,up,0.06514588743448257,0.1863459348678589,0.7485082149505615
"Amazon.com, Inc.",2024-01-23,2024-01-30,5,up,up,0.0817662924528122,0.22432094812393188,0.6939127445220947
"Amazon.com, Inc.",2024-01-24,2024-01-31,5,flat,up,0.25361010432243347,0.1455412060022354,0.6008487343788147
"Amazon.com, Inc.",2024-01-25,2024-02-01,5,flat,up,0.1303490549325943,0.16593416035175323,0.7037167549133301
"Amazon.com, Inc.",2024-01-26,2024-02-02,5,up,up,0.33760422468185425,0.22992786765098572,0.43246787786483765
"Amazon.com, Inc.",2024-01-29,2024-02-05,5,up,down,0.4256478250026703,0.19493845105171204,0.3794136941432953
"Amazon.com, Inc.",2024-01-30,2024-02-06,5,up,down,0.46529385447502136,0.16147807240486145,0.3732280135154724
"Amazon.com, Inc.",2024-01-31,2024-02-07,5,up,up,0.037474434822797775,0.1128469854593277,0.8496785759925842
"Amazon.com, Inc.",2024-02-01,2024-02-08,5,up,up,0.03469691053032875,0.15106946229934692,0.814233660697937
"Amazon.com, Inc.",2024-02-02,2024-02-09,5,up,up,0.33487749099731445,0.24847106635570526,0.4166514277458191
"Amazon.com, Inc.",2024-02-05,2024-02-12,5,up,down,0.4039473533630371,0.27848193049430847,0.3175707161426544
"Amazon.com, Inc.",2024-02-06,2024-02-13,5,flat,down,0.6331822872161865,0.24015207588672638,0.1266656517982483
"Amazon.com, Inc.",2024-02-07,2024-02-14,5,flat,up,0.3946921229362488,0.20936855673789978,0.39593932032585144
"Amazon.com, Inc.",2024-02-08,2024-02-15,5,flat,down,0.5762977004051208,0.10681848973035812,0.3168838322162628
"Amazon.com, Inc.",2024-02-09,2024-02-16,5,down,down,0.6754449009895325,0.1731564998626709,0.15139862895011902
"Amazon.com, Inc.",2024-02-12,2024-02-20,5,down,down,0.5137913823127747,0.3301520347595215,0.15605655312538147
"Amazon.com, Inc.",2024-02-13,2024-02-21,5,flat,down,0.5086303949356079,0.37279370427131653,0.11857589334249496
"Amazon.com, Inc.",2024-02-14,2024-02-22,5,up,down,0.6526528000831604,0.23281608521938324,0.11453107744455338
"Amazon.com, Inc.",2024-02-15,2024-02-23,5,up,down,0.7707709074020386,0.15383034944534302,0.0753987729549408
"Amazon.com, Inc.",2024-02-16,2024-02-26,5,up,down,0.706156849861145,0.23350709676742554,0.06033605337142944
"Amazon.com, Inc.",2024-02-20,2024-02-27,5,up,down,0.627791702747345,0.3102768361568451,0.06193145737051964
"Amazon.com, Inc.",2024-02-21,2024-02-28,5,up,down,0.8746015429496765,0.09205461293458939,0.0333438515663147
"Amazon.com, Inc.",2024-02-22,2024-02-29,5,flat,down,0.9257174134254456,0.03542827069759369,0.038854267448186874
"Amazon.com, Inc.",2024-02-23,2024-03-01,5,up,down,0.9343491196632385,0.03527664765715599,0.030374271795153618
"Amazon.com, Inc.",2024-02-26,2024-03-04,5,up,down,0.9409598112106323,0.03700023517012596,0.022039981558918953
"Amazon.com, Inc.",2024-02-27,2024-03-05,5,flat,down,0.9354145526885986,0.017206506803631783,0.047378942370414734
"Amazon.com, Inc.",2024-02-28,2024-03-06,5,flat,down,0.9334490895271301,0.03397412225604057,0.0325767956674099
"Amazon.com, Inc.",2024-02-29,2024-03-07,5,flat,down,0.8652929067611694,0.07974456995725632,0.054962560534477234
"Amazon.com, Inc.",2024-03-01,2024-03-08,5,flat,down,0.9263602495193481,0.04946575313806534,0.024174032732844353
"Amazon.com, Inc.",2024-03-04,2024-03-11,5,down,down,0.9114845395088196,0.034300584346055984,0.05421491712331772
"Amazon.com, Inc.",2024-03-05,2024-03-12,5,flat,down,0.8675417304039001,0.035377372056245804,0.09708091616630554
"Amazon.com, Inc.",2024-03-06,2024-03-13,5,up,down,0.7371899485588074,0.03285902738571167,0.22995102405548096
"Amazon.com, Inc.",2024-03-07,2024-03-14,5,up,down,0.43869197368621826,0.1581718772649765,0.40313616394996643
"Amazon.com, Inc.",2024-03-08,2024-03-15,5,flat,down,0.5767001509666443,0.12300053238868713,0.30029937624931335
"Amazon.com, Inc.",2024-03-11,2024-03-18,5,up,down,0.5049232244491577,0.04336616396903992,0.45171061158180237
"Amazon.com, Inc.",2024-03-12,2024-03-19,5,flat,down,0.6446730494499207,0.024977359920740128,0.3303495943546295
"Amazon.com, Inc.",2024-03-13,2024-03-20,5,flat,up,0.07085052877664566,0.20433150231838226,0.7248179912567139
"Amazon.com, Inc.",2024-03-14,2024-03-21,5,flat,up,0.2506099343299866,0.11085452139377594,0.6385355591773987
"Amazon.com, Inc.",2024-03-15,2024-03-22,5,up,up,0.1848008930683136,0.2376471906900406,0.5775519609451294
"Amazon.com, Inc.",2024-03-18,2024-03-25,5,up,up,0.16511160135269165,0.0590197928249836,0.7758686542510986
"Amazon.com, Inc.",2024-03-19,2024-03-26,5,up,up,0.15570473670959473,0.05268804356455803,0.7916072607040405
"Amazon.com, Inc.",2024-03-20,2024-03-27,5,up,up,0.19520030915737152,0.388433039188385,0.41636669635772705
"Amazon.com, Inc.",2024-03-21,2024-03-28,5,flat,up,0.12342125922441483,0.12021692842245102,0.7563617825508118
"Amazon.com, Inc.",2024-03-22,2024-04-01,5,up,up,0.4280416965484619,0.051042187958955765,0.5209161639213562
"Amazon.com, Inc.",2024-03-25,2024-04-02,5,flat,up,0.12260185927152634,0.03936515375971794,0.8380330204963684
"Amazon.com, Inc.",2024-03-26,2024-04-03,5,up,up,0.14755745232105255,0.031867992132902145,0.8205745220184326
"Amazon.com, Inc.",2024-03-27,2024-04-04,5,up,up,0.09735342860221863,0.02083253487944603,0.8818140625953674
"Amazon.com, Inc.",2024-03-28,2024-04-05,5,up,up,0.06839357316493988,0.03233397379517555,0.8992725014686584
"Amazon.com, Inc.",2024-04-01,2024-04-08,5,up,up,0.08798529952764511,0.02944781817495823,0.8825668096542358
"Amazon.com, Inc.",2024-04-02,2024-04-09,5,up,up,0.08916796743869781,0.03447785601019859,0.8763542175292969
"Amazon.com, Inc.",2024-04-03,2024-04-10,5,up,up,0.061296381056308746,0.017663193866610527,0.9210404753684998
"Amazon.com, Inc.",2024-04-04,2024-04-11,5,up,up,0.12066236883401871,0.02403540350496769,0.8553022742271423
"Amazon.com, Inc.",2024-04-05,2024-04-12,5,up,up,0.34922659397125244,0.10070358961820602,0.5500698089599609
"Amazon.com, Inc.",2024-04-08,2024-04-15,5,flat,down,0.4922638237476349,0.06957074254751205,0.43816545605659485
"Amazon.com, Inc.",2024-04-09,2024-04-16,5,down,down,0.5580753684043884,0.12526890635490417,0.3166557550430298
"Amazon.com, Inc.",2024-04-10,2024-04-17,5,down,down,0.4631822109222412,0.09247048199176788,0.4443473517894745
"Amazon.com, Inc.",2024-04-11,2024-04-18,5,down,up,0.34844106435775757,0.061991263180971146,0.5895677208900452
"Amazon.com, Inc.",2024-04-12,2024-04-19,5,down,up,0.4383607804775238,0.05273432657122612,0.5089048743247986
"Amazon.com, Inc.",2024-04-15,2024-04-22,5,down,up,0.17999856173992157,0.05469287186861038,0.7653086185455322
"Amazon.com, Inc.",2024-04-16,2024-04-23,5,down,up,0.02943253703415394,0.12169834971427917,0.8488691449165344
"Amazon.com, Inc.",2024-04-17,2024-04-24,5,down,up,0.02480500005185604,0.025737494230270386,0.9494575262069702
"Amazon.com, Inc.",2024-04-18,2024-04-25,5,down,up,0.04417814314365387,0.03349971026182175,0.9223220944404602
"Amazon.com, Inc.",2024-04-19,2024-04-26,5,up,up,0.06732061505317688,0.1636815220117569,0.7689979076385498
"Amazon.com, Inc.",2024-04-22,2024-04-29,5,up,up,0.09292003512382507,0.05876873433589935,0.8483112454414368
"Amazon.com, Inc.",2024-04-23,2024-04-30,5,flat,up,0.04813327640295029,0.02429606020450592,0.9275707006454468
"Amazon.com, Inc.",2024-04-24,2024-05-01,5,up,up,0.040524598211050034,0.031027810648083687,0.9284475445747375
"Amazon.com, Inc.",2024-04-25,2024-05-02,5,up,up,0.1667340248823166,0.3986724019050598,0.4345936179161072
"Amazon.com, Inc.",2024-04-26,2024-05-03,5,up,flat,0.32338833808898926,0.4299354553222656,0.24667619168758392
"Amazon.com, Inc.",2024-04-29,2024-05-06,5,up,flat,0.1325182020664215,0.7171126008033752,0.15036924183368683
"Amazon.com, Inc.",2024-04-30,2024-05-07,5,up,flat,0.20249338448047638,0.6231215596199036,0.17438508570194244
"Amazon.com, Inc.",2024-05-01,2024-05-08,5,up,flat,0.08507072180509567,0.7817021608352661,0.13322709500789642
"Amazon.com, Inc.",2024-05-02,2024-05-09,5,up,flat,0.08522045612335205,0.6759412884712219,0.23883822560310364
"Amazon.com, Inc.",2024-05-03,2024-05-10,5,flat,down,0.3973977267742157,0.2103625237941742,0.3922397494316101
"Amazon.com, Inc.",2024-05-06,2024-05-13,5,flat,down,0.5404675602912903,0.2743525803089142,0.18517984449863434
"Amazon.com, Inc.",2024-05-07,2024-05-14,5,down,down,0.45730385184288025,0.3234174847602844,0.21927866339683533
"Amazon.com, Inc.",2024-05-08,2024-05-15,5,flat,down,0.9387756586074829,0.026524143293499947,0.034700267016887665
"Amazon.com, Inc.",2024-05-09,2024-05-16,5,down,down,0.6547332406044006,0.15072298049926758,0.19454379379749298
"Amazon.com, Inc.",2024-05-10,2024-05-17,5,down,down,0.38965848088264465,0.2771790623664856,0.33316242694854736
"Amazon.com, Inc.",2024-05-13,2024-05-20,5,down,down,0.3978830873966217,0.22220927476882935,0.37990760803222656
"Amazon.com, Inc.",2024-05-14,2024-05-21,5,down,up,0.1116742268204689,0.37273550033569336,0.515590250492096
"Amazon.com, Inc.",2024-05-15,2024-05-22,5,flat,up,0.1803251951932907,0.2986174523830414,0.5210573077201843
"Amazon.com, Inc.",2024-05-16,2024-05-23,5,down,up,0.1819313019514084,0.20893530547618866,0.6091333627700806
"Amazon.com, Inc.",2024-05-17,2024-05-24,5,down,up,0.2563093304634094,0.22067423164844513,0.5230163931846619
"Amazon.com, Inc.",2024-05-20,2024-05-28,5,down,up,0.21788939833641052,0.3705494701862335,0.41156113147735596
"Amazon.com, Inc.",2024-05-21,2024-05-29,5,flat,up,0.30313780903816223,0.30303698778152466,0.3938252329826355
"Amazon.com, Inc.",2024-05-22,2024-05-30,5,down,up,0.40226349234580994,0.16472062468528748,0.4330158829689026
"Amazon.com, Inc.",2024-05-23,2024-05-31,5,down,down,0.4850769340991974,0.25493350625038147,0.25998952984809875
"Amazon.com, Inc.",2024-05-24,2024-06-03,5,down,up,0.05804028362035751,0.027645403519272804,0.914314329624176
"Amazon.com, Inc.",2024-05-28,2024-06-04,5,down,up,0.06449269503355026,0.01277253683656454,0.922734797000885
"Amazon.com, Inc.",2024-05-29,2024-06-05,5,down,up,0.03712635859847069,0.05848528817296028,0.9043883681297302
"Amazon.com, Inc.",2024-05-30,2024-06-06,5,up,up,0.028079049661755562,0.06091988831758499,0.9110010862350464
"Amazon.com, Inc.",2024-05-31,2024-06-07,5,up,up,0.06531331688165665,0.19303461909294128,0.7416520118713379
"Amazon.com, Inc.",2024-06-03,2024-06-10,5,up,up,0.03356324881315231,0.09910500049591064,0.8673317432403564
"Amazon.com, Inc.",2024-06-04,2024-06-11,5,up,up,0.017106130719184875,0.025366758927702904,0.9575271606445312
"Amazon.com, Inc.",2024-06-05,2024-06-12,5,up,up,0.018320707604289055,0.12233106791973114,0.8593481779098511
"Amazon.com, Inc.",2024-06-06,2024-06-13,5,up,up,0.07872098684310913,0.32891666889190674,0.5923623442649841
"Amazon.com, Inc.",2024-06-07,2024-06-14,5,flat,up,0.08868587017059326,0.20631781220436096,0.7049962878227234
"Amazon.com, Inc.",2024-06-11,2024-06-18,5,down,up,0.15944799780845642,0.1021222397685051,0.7384297847747803
"Amazon.com, Inc.",2024-06-13,2024-06-20,5,flat,up,0.08899179846048355,0.2103261649608612,0.7006820440292358
"Amazon.com, Inc.",2024-06-14,2024-06-21,5,up,up,0.06440259516239166,0.07232051342725754,0.8632768392562866
Apple Inc.,2021-07-22,2021-07-29,5,flat,flat,0.3486230969429016,0.5644258856773376,0.08695100247859955
Apple Inc.,2021-07-23,2021-07-30,5,down,down,0.5899894833564758,0.26539817452430725,0.14461234211921692
Apple Inc.,2021-07-26,2021-08-02,5,down,down,0.5796179175376892,0.32336920499801636,0.09701287746429443
Apple Inc.,2021-07-27,2021-08-03,5,flat,flat,0.44789716601371765,0.4611447751522064,0.09095803648233414
Apple Inc.,2021-07-28,2021-08-04,5,up,down,0.45315372943878174,0.42352214455604553,0.12332416325807571
Apple Inc.,2021-07-29,2021-08-05,5,up,flat,0.2981133460998535,0.5830612182617188,0.11882545053958893
Apple Inc.,2021-07-30,2021-08-06,5,flat,flat,0.17569412291049957,0.6129769086837769,0.21132898330688477
Apple Inc.,2021-08-02,2021-08-09,5,flat,flat,0.27589094638824463,0.6604442000389099,0.06366485357284546
Apple Inc.,2021-08-03,2021-08-10,5,flat,flat,0.2827194631099701,0.6645854711532593,0.05269508808851242
Apple Inc.,2021-08-04,2021-08-11,5,flat,flat,0.4138827621936798,0.5295628905296326,0.05655435100197792
Apple Inc.,2021-08-05,2021-08-12,5,flat,flat,0.3448562026023865,0.5779499411582947,0.07719380408525467
Apple Inc.,2021-08-06,2021-08-13,5,up,flat,0.37722694873809814,0.5024844408035278,0.12028859555721283
Apple Inc.,2021-08-09,2021-08-16,5,up,up,0.34446796774864197,0.28938883543014526,0.36614319682121277
Apple Inc.,2021-08-10,2021-08-17,5,up,down,0.46238306164741516,0.31704673171043396,0.22057025134563446
Apple Inc.,2021-08-11,2021-08-18,5,up,up,0.4075349271297455,0.0971289873123169,0.4953360855579376
Apple Inc.,2021-08-12,2021-08-19,5,down,down,0.7042378783226013,0.0790305808186531,0.2167314887046814
Apple Inc.,2021-08-13,2021-08-20,5,down,down,0.6659010648727417,0.13927841186523438,0.19482052326202393
Apple Inc.,2021-08-16,2021-08-23,5,flat,down,0.6942746639251709,0.13064445555210114,0.17508083581924438
Apple Inc.,2021-08-17,2021-08-24,5,flat,up,0.3967745304107666,0.03602013364434242,0.5672053694725037
Apple Inc.,2021-08-18,2021-08-25,5,flat,down,0.48724251985549927,0.13611575961112976,0.3766416907310486
Apple Inc.,2021-08-19,2021-08-26,5,up,down,0.7542224526405334,0.06324611604213715,0.18253138661384583
Apple Inc.,2021-08-20,2021-08-27,5,flat,down,0.7878845930099487,0.07155515253543854,0.14056022465229034
Apple Inc.,2021-08-23,2021-08-30,5,up,down,0.8296867609024048,0.09172344207763672,0.07858972996473312
Apple Inc.,2021-08-24,2021-08-31,5,up,down,0.8495416641235352,0.09716931730508804,0.0532890185713768
Apple Inc.,2021-08-25,2021-09-01,5,up,down,0.828132152557373,0.06172384321689606,0.1101439893245697
Apple Inc.,2021-08-26,2021-09-02,5,up,down,0.812639594078064,0.12113096565008163,0.066229447722435
Apple Inc.,2021-08-27,2021-09-03,5,up,down,0.848499059677124,0.07352859526872635,0.07797236740589142
Apple Inc.,2021-08-30,2021-09-07,5,up,down,0.5828516483306885,0.07738875597715378,0.33975958824157715
Apple Inc.,2021-08-31,2021-09-08,5,up,down,0.7292895913124084,0.15228934586048126,0.11842113733291626
Apple Inc.,2021-09-01,2021-09-09,5,up,down,0.689248263835907,0.19152520596981049,0.11922650784254074
Apple Inc.,2021-09-02,2021-09-10,5,down,down,0.7900633811950684,0.06770192831754684,0.14223463833332062
Apple Inc.,2021-09-03,2021-09-13,5,down,down,0.8092758059501648,0.08211950957775116,0.10860470682382584
Apple Inc.,2021-09-07,2021-09-14,5,down,down,0.6187542080879211,0.08832716941833496,0.2929186522960663
Apple Inc.,2021-09-08,2021-09-15,5,down,down,0.5080735087394714,0.33718955516815186,0.15473689138889313
Apple Inc.,2021-09-09,2021-09-16,5,down,down,0.4613715708255768,0.28197526931762695,0.25665318965911865
Apple Inc.,2021-09-10,2021-09-17,5,down,down,0.576151967048645,0.07730557024478912,0.3465424180030823
Apple Inc.,2021-09-13,2021-09-20,5,down,down,0.770949125289917,0.11717648804187775,0.11187443137168884
Apple Inc.,2021-09-14,2021-09-21,5,down,down,0.8337967395782471,0.0757027342915535,0.09050054848194122
Apple Inc.,2021-09-15,2021-09-22,5,down,down,0.8717907071113586,0.07194375991821289,0.05626556649804115
Apple Inc.,2021-09-16,2021-09-23,5,down,down,0.879748523235321,0.043533071875572205,0.07671844959259033
Apple Inc.,2021-09-17,2021-09-24,5,flat,down,0.9095761775970459,0.03732725605368614,0.05309653654694557
Apple Inc.,2021-09-20,2021-09-27,5,up,flat,0.4655986428260803,0.468677282333374,0.06572408974170685
Apple Inc.,2021-09-21,2021-09-28,5,flat,down,0.5855376720428467,0.35946595668792725,0.05499632656574249
Apple Inc.,2021-09-22,2021-09-29,5,down,down,0.5803869962692261,0.35581034421920776,0.06380265951156616
Apple Inc.,2021-09-23,2021-09-30,5,down,flat,0.23754461109638214,0.7379762530326843,0.024479154497385025
Apple Inc.,2021-09-24,2021-10-01,5,down,flat,0.26207464933395386,0.717720627784729,0.020204748958349228
Apple Inc.,2021-09-27,2021-10-04,5,down,down,0.5087883472442627,0.4331006109714508,0.058111075311899185
Apple Inc.,2021-09-28,2021-10-05,5,down,down,0.5346087217330933,0.20535925030708313,0.2600320279598236
Apple Inc.,2021-09-29,2021-10-06,5,down,down,0.5735718607902527,0.22077016532421112,0.20565801858901978
Apple Inc.,2021-09-30,2021-10-07,5,flat,down,0.8323479890823364,0.05102990195155144,0.11662210524082184
Apple Inc.,2021-10-01,2021-10-08,5,up,down,0.7601792812347412,0.09239447116851807,0.1474262923002243
Apple Inc.,2021-10-04,2021-10-11,5,up,down,0.7341942191123962,0.06717756390571594,0.19862818717956543
Apple Inc.,2021-10-05,2021-10-12,5,up,down,0.8299669623374939,0.08282574266195297,0.08720726519823074
Apple Inc.,2021-10-06,2021-10-13,5,flat,down,0.8099214434623718,0.06128227338194847,0.1287962794303894
Apple Inc.,2021-10-07,2021-10-14,5,flat,down,0.8491040468215942,0.1255885809659958,0.025307340547442436
Apple Inc.,2021-10-08,2021-10-15,5,flat,down,0.9258674383163452,0.0509156808257103,0.023216865956783295
Apple Inc.,2021-10-11,2021-10-18,5,up,down,0.7854507565498352,0.1286875605583191,0.08586163073778152
Apple Inc.,2021-10-12,2021-10-19,5,up,down,0.7078894972801208,0.13070867955684662,0.16140182316303253
Apple Inc.,2021-10-13,2021-10-20,5,up,down,0.4598228335380554,0.10843639075756073,0.43174076080322266
Apple Inc.,2021-10-14,2021-10-21,5,up,down,0.4485895335674286,0.21706071496009827,0.33434972167015076
Apple Inc.,2021-10-15,2021-10-22,5,up,down,0.6786605715751648,0.07412414997816086,0.24721528589725494
Apple Inc.,2021-10-18,2021-10-25,5,up,down,0.5645231008529663,0.09046370536088943,0.34501323103904724
Apple Inc.,2021-10-19,2021-10-26,5,up,down,0.5340768694877625,0.04169580712914467,0.42422735691070557
Apple Inc.,2021-10-20,2021-10-27,5,flat,down,0.6947713494300842,0.05861779674887657,0.2466108798980713
Apple Inc.,2021-10-21,2021-10-28,5,up,down,0.8287249803543091,0.0434090718626976,0.12786592543125153
Apple Inc.,2021-10-22,2021-10-29,5,flat,down,0.42715907096862793,0.20936544239521027,0.3634754717350006
Apple Inc.,2021-10-25,2021-11-01,5,flat,up,0.14769895374774933,0.35939544439315796,0.49290555715560913
Apple Inc.,2021-10-26,2021-11-02,5,flat,down,0.40904539823532104,0.18884876370429993,0.40210580825805664
Apple Inc.,2021-10-27,2021-11-03,5,up,up,0.26578307151794434,0.30587854981422424,0.4283384382724762
Apple Inc.,2021-10-28,2021-11-04,5,flat,down,0.4479117691516876,0.15255212783813477,0.3995361328125
Apple Inc.,2021-10-29,2021-11-05,5,up,down,0.49030640721321106,0.35698169469833374,0.1527118980884552
Apple Inc.,2021-11-01,2021-11-08,5,up,down,0.5216510891914368,0.32849928736686707,0.14984959363937378
Apple Inc.,2021-11-02,2021-11-09,5,flat,down,0.5254071354866028,0.268709659576416,0.2058832049369812
Apple Inc.,2021-11-03,2021-11-10,5,down,down,0.6039000749588013,0.18716248869895935,0.20893745124340057
Apple Inc.,2021-11-04,2021-11-11,5,down,down,0.5507521033287048,0.2195572853088379,0.22969064116477966
Apple Inc.,2021-11-05,2021-11-12,5,down,up,0.35581663250923157,0.25009453296661377,0.39408889412879944
Apple Inc.,2021-11-08,2021-11-15,5,flat,up,0.32836800813674927,0.29149895906448364,0.3801330029964447
Apple Inc.,2021-11-09,2021-11-16,5,flat,up,0.3557627201080322,0.21338501572608948,0.4308522641658783
Apple Inc.,2021-11-10,2021-11-17,5,up,down,0.4251212775707245,0.15116088092327118,0.4237178862094879
Apple Inc.,2021-11-11,2021-11-18,5,up,down,0.8169084191322327,0.028197433799505234,0.1548941284418106
Apple Inc.,2021-11-12,2021-11-19,5,up,down,0.9230594038963318,0.030472610145807266,0.04646793380379677
Apple Inc.,2021-11-15,2021-11-22,5,up,down,0.775992214679718,0.0457163080573082,0.1782914102077484
Apple Inc.,2021-11-16,2021-11-23,5,up,down,0.7747862339019775,0.09715387970209122,0.12805992364883423
Apple Inc.,2021-11-17,2021-11-24,5,up,down,0.7176006436347961,0.08500000834465027,0.1973993331193924
Apple Inc.,2021-11-18,2021-11-26,5,up,down,0.6636819243431091,0.05260093882679939,0.28371718525886536
Apple Inc.,2021-11-19,2021-11-29,5,flat,up,0.18126200139522552,0.03366542235016823,0.7850725650787354
Apple Inc.,2021-11-22,2021-11-30,5,flat,up,0.42448607087135315,0.11503161489963531,0.46048226952552795
Apple Inc.,2021-11-23,2021-12-01,5,up,up,0.19956521689891815,0.3367287516593933,0.4637060761451721
Apple Inc.,2021-11-24,2021-12-02,5,flat,down,0.37317559123039246,0.3555864989757538,0.27123793959617615
Apple Inc.,2021-11-26,2021-12-03,5,up,up,0.13312411308288574,0.2613507807254791,0.6055250763893127
Apple Inc.,2021-11-29,2021-12-06,5,up,down,0.41271430253982544,0.36358901858329773,0.2236967384815216
Apple Inc.,2021-11-30,2021-12-07,5,up,down,0.7484465837478638,0.13117551803588867,0.12037789076566696
Apple Inc.,2021-12-01,2021-12-08,5,up,down,0.807017982006073,0.0677172839641571,0.1252647489309311
Apple Inc.,2021-12-02,2021-12-09,5,up,down,0.4719664454460144,0.34621527791023254,0.18181824684143066
Apple Inc.,2021-12-03,2021-12-10,5,up,down,0.6127755641937256,0.2752985656261444,0.11192592978477478
Apple Inc.,2021-12-06,2021-12-13,5,up,down,0.6226772665977478,0.28507453203201294,0.09224821627140045
Apple Inc.,2021-12-07,2021-12-14,5,up,down,0.9244341850280762,0.03949374705553055,0.03607204183936119
Apple Inc.,2021-12-08,2021-12-15,5,up,down,0.8709318041801453,0.0884409099817276,0.040627218782901764
Apple Inc.,2021-12-09,2021-12-16,5,flat,down,0.9060149192810059,0.05164267122745514,0.042342424392700195
Apple Inc.,2021-12-10,2021-12-17,5,down,down,0.8379194140434265,0.1291600912809372,0.032920513302087784
Apple Inc.,2021-12-13,2021-12-20,5,down,down,0.8318301439285278,0.12443114817142487,0.043738700449466705
Apple Inc.,2021-12-14,2021-12-21,5,down,down,0.6685947179794312,0.24968598783016205,0.0817192792892456
Apple Inc.,2021-12-15,2021-12-22,5,flat,down,0.87294602394104,0.09013526886701584,0.036918725818395615
Apple Inc.,2021-12-16,2021-12-23,5,flat,down,0.4849607050418854,0.44743385910987854,0.0676054060459137
Apple Inc.,2021-12-17,2021-12-27,5,up,down,0.3752610385417938,0.3269272744655609,0.2978116273880005
Apple Inc.,2021-12-20,2021-12-28,5,up,flat,0.25644275546073914,0.5361461639404297,0.20741111040115356
Apple Inc.,2021-12-21,2021-12-29,5,up,down,0.4371819496154785,0.4297305941581726,0.13308748602867126
Apple Inc.,2021-12-22,2021-12-30,5,up,flat,0.30046674609184265,0.659375786781311,0.040157463401556015
Apple Inc.,2021-12-23,2021-12-31,5,flat,flat,0.42001888155937195,0.5425346493721008,0.037446510046720505
Apple Inc.,2021-12-27,2022-01-03,5,flat,down,0.4588817059993744,0.4404143989086151,0.10070390999317169
Apple Inc.,2021-12-28,2022-01-04,5,flat,down,0.7181617617607117,0.18912671506404877,0.09271148592233658
Apple Inc.,2021-12-29,2022-01-05,5,flat,down,0.7089665532112122,0.19120003283023834,0.0998334139585495
Apple Inc.,2021-12-30,2022-01-06,5,down,down,0.4446288049221039,0.41036635637283325,0.14500485360622406
Apple Inc.,2021-12-31,2022-01-07,5,down,flat,0.3352077305316925,0.5732055902481079,0.09158671647310257
Apple Inc.,2022-01-03,2022-01-10,5,down,down,0.6101072430610657,0.28175991773605347,0.10813280940055847
Apple Inc.,2022-01-04,2022-01-11,5,down,down,0.8334267139434814,0.11719241738319397,0.04938087239861488
Apple Inc.,2022-01-05,2022-01-12,5,flat,flat,0.42577528953552246,0.4414113163948059,0.13281342387199402
Apple Inc.,2022-01-06,2022-01-13,5,flat,down,0.4562259316444397,0.2603621780872345,0.2834119200706482
Apple Inc.,2022-01-07,2022-01-14,5,flat,down,0.4136503040790558,0.2315799593925476,0.3547697961330414
Apple Inc.,2022-01-10,2022-01-18,5,flat,down,0.42359423637390137,0.31909045577049255,0.2573153078556061
Apple Inc.,2022-01-11,2022-01-19,5,down,down,0.3934655785560608,0.3463920056819916,0.26014244556427
Apple Inc.,2022-01-12,2022-01-20,5,down,flat,0.2571181058883667,0.6138678789138794,0.1290140300989151
Apple Inc.,2022-01-13,2022-01-21,5,down,flat,0.40155497193336487,0.44891682267189026,0.14952817559242249
Apple Inc.,2022-01-14,2022-01-24,5,down,down,0.7219676375389099,0.11037278175354004,0.16765958070755005
Apple Inc.,2022-01-18,2022-01-25,5,down,down,0.8399806022644043,0.07242174446582794,0.08759766072034836
Apple Inc.,2022-01-19,2022-01-26,5,down,down,0.8632155656814575,0.08340016007423401,0.053384244441986084
Apple Inc.,2022-01-20,2022-01-27,5,down,down,0.6621856689453125,0.22345450520515442,0.11435980349779129
Apple Inc.,2022-01-21,2022-01-28,5,up,down,0.43842989206314087,0.43052971363067627,0.13104036450386047
Apple Inc.,2022-01-24,2022-01-31,5,up,up,0.28541505336761475,0.34029421210289,0.37429073452949524
Apple Inc.,2022-01-25,2022-02-01,5,up,flat,0.2922528386116028,0.547652006149292,0.16009515523910522
Apple Inc.,2022-01-26,2022-02-02,5,up,down,0.6447070837020874,0.25046423077583313,0.10482872277498245
Apple Inc.,2022-01-27,2022-02-03,5,up,down,0.7372804284095764,0.21082480251789093,0.051894765347242355
Apple Inc.,2022-01-28,2022-02-04,5,up,down,0.6772736310958862,0.24434217810630798,0.07838418334722519
Apple Inc.,2022-01-31,2022-02-07,5,flat,flat,0.13572131097316742,0.8151150941848755,0.049163613468408585
Apple Inc.,2022-02-01,2022-02-08,5,flat,down,0.6042943596839905,0.30138489603996277,0.09432067722082138
Apple Inc.,2022-02-02,2022-02-09,5,flat,down,0.6960753798484802,0.24176374077796936,0.062160901725292206
Apple Inc.,2022-02-03,2022-02-10,5,flat,down,0.7890194654464722,0.15908604860305786,0.051894452422857285
Apple Inc.,2022-02-04,2022-02-11,5,flat,down,0.5796694159507751,0.29497504234313965,0.12535551190376282
Apple Inc.,2022-02-07,2022-02-14,5,down,down,0.47117432951927185,0.36576083302497864,0.1630648523569107
Apple Inc.,2022-02-08,2022-02-15,5,flat,down,0.5492623448371887,0.35800063610076904,0.09273700416088104
Apple Inc.,2022-02-09,2022-02-16,5,down,down,0.683991551399231,0.28478243947029114,0.03122599422931671
Apple Inc.,2022-02-10,2022-02-17,5,down,flat,0.16620641946792603,0.794244647026062,0.03954894840717316
Apple Inc.,2022-02-11,2022-02-18,5,flat,flat,0.42637476325035095,0.4342622756958008,0.1393629014492035
Apple Inc.,2022-02-14,2022-02-22,5,down,flat,0.17404398322105408,0.6766303777694702,0.1493256837129593
Apple Inc.,2022-02-15,2022-02-23,5,down,flat,0.24790850281715393,0.5234572887420654,0.22863422334194183
Apple Inc.,2022-02-16,2022-02-24,5,down,flat,0.2696242034435272,0.6505122780799866,0.079863540828228
Apple Inc.,2022-02-17,2022-02-25,5,down,down,0.5491582751274109,0.31171101331710815,0.13913066685199738
Apple Inc.,2022-02-18,2022-02-28,5,down,down,0.4743691682815552,0.28749966621398926,0.23813113570213318
Apple Inc.,2022-02-22,2022-03-01,5,flat,flat,0.4138510525226593,0.4218806028366089,0.1642683446407318
Apple Inc.,2022-02-23,2022-03-02,5,up,up,0.37581866979599,0.1785111427307129,0.44567015767097473
Apple Inc.,2022-02-24,2022-03-03,5,up,up,0.3937224745750427,0.17838287353515625,0.4278946816921234
Apple Inc.,2022-02-25,2022-03-04,5,flat,down,0.8076417446136475,0.1343224048614502,0.058035824447870255
Apple Inc.,2022-02-28,2022-03-07,5,down,down,0.6650940179824829,0.306587278842926,0.028318695724010468
Apple Inc.,2022-03-01,2022-03-08,5,down,down,0.5345325469970703,0.44437944889068604,0.021088017150759697
Apple Inc.,2022-03-02,2022-03-09,5,down,down,0.5219399333000183,0.45376354455947876,0.024296557530760765
Apple Inc.,2022-03-03,2022-03-10,5,down,flat,0.36421436071395874,0.5816968679428101,0.054088786244392395
Apple Inc.,2022-03-04,2022-03-11,5,down,flat,0.35752415657043457,0.5963238477706909,0.046151962131261826
Apple Inc.,2022-03-07,2022-03-14,5,down,down,0.6147181391716003,0.3205483555793762,0.06473347544670105
Apple Inc.,2022-03-08,2022-03-15,5,down,down,0.47785332798957825,0.4338609576225281,0.08828572928905487
Apple Inc.,2022-03-09,2022-03-16,5,down,down,0.7051708698272705,0.25257691740989685,0.042252205312252045
Apple Inc.,2022-03-10,2022-03-17,5,flat,down,0.8293587565422058,0.10814452916383743,0.062496744096279144
Apple Inc.,2022-03-11,2022-03-18,5,up,down,0.7697431445121765,0.08442481607198715,0.14583198726177216
Apple Inc.,2022-03-14,2022-03-21,5,up,up,0.24035905301570892,0.30985328555107117,0.4497876465320587
Apple Inc.,2022-03-15,2022-03-22,5,up,flat,0.24598908424377441,0.6567230820655823,0.09728778153657913
Apple Inc.,2022-03-16,2022-03-23,5,up,flat,0.44339677691459656,0.4716051518917084,0.08499808609485626
Apple Inc.,2022-03-17,2022-03-24,5,up,flat,0.3079260587692261,0.6831259727478027,0.008947930298745632
Apple Inc.,2022-03-18,2022-03-25,5,up,down,0.7513723969459534,0.20620329678058624,0.042424313724040985
Apple Inc.,2022-03-21,2022-03-28,5,up,down,0.5167893171310425,0.4493624269962311,0.033848248422145844
Apple Inc.,2022-03-22,2022-03-29,5,up,down,0.6823333501815796,0.2823409140110016,0.035325728356838226
Apple Inc.,2022-03-23,2022-03-30,5,up,down,0.7440125346183777,0.2228197306394577,0.03316779062151909
Apple Inc.,2022-03-24,2022-03-31,5,up,down,0.8240111470222473,0.1422799974679947,0.033708855509757996
Apple Inc.,2022-03-25,2022-04-01,5,flat,down,0.8940330743789673,0.08010309189558029,0.02586377039551735
Apple Inc.,2022-03-28,2022-04-04,5,up,down,0.7856106162071228,0.1687248796224594,0.045664526522159576
Apple Inc.,2022-03-29,2022-04-05,5,flat,down,0.8233781456947327,0.14996370673179626,0.026658128947019577
Apple Inc.,2022-03-30,2022-04-06,5,down,down,0.9563551545143127,0.033271998167037964,0.0103728286921978
Apple Inc.,2022-03-31,2022-04-07,5,down,down,0.7014378905296326,0.2618543803691864,0.03670768812298775
Apple Inc.,2022-04-01,2022-04-08,5,down,down,0.4997808039188385,0.21128523349761963,0.28893399238586426
Apple Inc.,2022-04-04,2022-04-11,5,down,down,0.7354684472084045,0.18684999644756317,0.07768159359693527
Apple Inc.,2022-04-05,2022-04-12,5,down,down,0.4960036277770996,0.4262225925922394,0.0777738019824028
Apple Inc.,2022-04-06,2022-04-13,5,down,down,0.43538907170295715,0.3924315571784973,0.17217940092086792
Apple Inc.,2022-04-07,2022-04-14,5,down,flat,0.17959456145763397,0.4888097643852234,0.33159565925598145
Apple Inc.,2022-04-08,2022-04-18,5,down,up,0.20578953623771667,0.29055893421173096,0.50365149974823
Apple Inc.,2022-04-11,2022-04-19,5,flat,down,0.6958839297294617,0.08157236874103546,0.22254367172718048
Apple Inc.,2022-04-12,2022-04-20,5,flat,down,0.8034326434135437,0.09946934133768082,0.09709803014993668
Apple Inc.,2022-04-13,2022-04-21,5,flat,down,0.8566714525222778,0.10509278625249863,0.038235798478126526
Apple Inc.,2022-04-14,2022-04-22,5,down,down,0.7695735096931458,0.18969622254371643,0.04073026776313782
Apple Inc.,2022-04-18,2022-04-25,5,down,down,0.7827417850494385,0.17898418009281158,0.038274019956588745
Apple Inc.,2022-04-19,2022-04-26,5,down,down,0.6357429623603821,0.3105412423610687,0.05371583253145218
Apple Inc.,2022-04-20,2022-04-27,5,down,down,0.6326308846473694,0.3115170896053314,0.05585198104381561
Apple Inc.,2022-04-21,2022-04-28,5,down,down,0.49653592705726624,0.4791005551815033,0.024363528937101364
Apple Inc.,2022-04-22,2022-04-29,5,down,flat,0.44283080101013184,0.5239948034286499,0.03317439556121826
Apple Inc.,2022-04-25,2022-05-02,5,down,flat,0.34977686405181885,0.5838925838470459,0.06633060425519943
Apple Inc.,2022-04-26,2022-05-03,5,flat,flat,0.21303468942642212,0.7136639356613159,0.07330135256052017
Apple Inc.,2022-04-27,2022-05-04,5,up,flat,0.4050467312335968,0.46572840213775635,0.12922485172748566
Apple Inc.,2022-04-28,2022-05-05,5,flat,down,0.7012262940406799,0.20738902688026428,0.09138469398021698
Apple Inc.,2022-04-29,2022-05-06,5,down,down,0.8446028232574463,0.11612414568662643,0.03927304968237877
Apple Inc.,2022-05-02,2022-05-09,5,down,down,0.7261607050895691,0.10497426986694336,0.16886498034000397
Apple Inc.,2022-05-03,2022-05-10,5,down,down,0.6164180040359497,0.2845257818698883,0.09905622899532318
Apple Inc.,2022-05-04,2022-05-11,5,down,down,0.6703147292137146,0.28278836607933044,0.04689687862992287
Apple Inc.,2022-05-05,2022-05-12,5,down,down,0.53876793384552,0.4445131719112396,0.0167189110070467
Apple Inc.,2022-05-06,2022-05-13,5,down,down,0.6805728673934937,0.1907767653465271,0.12865038216114044
Apple Inc.,2022-05-09,2022-05-16,5,down,flat,0.3124213218688965,0.5621936321258545,0.12538504600524902
Apple Inc.,2022-05-10,2022-05-17,5,down,flat,0.3359518051147461,0.39081525802612305,0.27323296666145325
Apple Inc.,2022-05-11,2022-05-18,5,down,up,0.2820928692817688,0.21985819935798645,0.49804890155792236
Apple Inc.,2022-05-12,2022-05-19,5,down,up,0.1676718294620514,0.3410187363624573,0.4913094639778137
Apple Inc.,2022-05-13,2022-05-20,5,down,flat,0.37768682837486267,0.5139287114143372,0.1083843931555748
Apple Inc.,2022-05-16,2022-05-23,5,down,flat,0.3325270712375641,0.5620805621147156,0.10539241135120392
Apple Inc.,2022-05-17,2022-05-24,5,down,flat,0.4710661470890045,0.4951326549053192,0.03380116447806358
Apple Inc.,2022-05-18,2022-05-25,5,down,down,0.5914092063903809,0.2056163251399994,0.20297448337078094
Apple Inc.,2022-05-19,2022-05-26,5,flat,up,0.31584063172340393,0.3358694016933441,0.34828996658325195
Apple Inc.,2022-05-20,2022-05-27,5,up,up,0.31189489364624023,0.2352079153060913,0.45289719104766846
Apple Inc.,2022-05-23,2022-05-31,5,up,down,0.5461819767951965,0.36322352290153503,0.09059450775384903
Apple Inc.,2022-05-24,2022-06-01,5,up,down,0.6074251532554626,0.29345428943634033,0.0991206094622612
Apple Inc.,2022-05-25,2022-06-02,5,up,down,0.5959309339523315,0.33193787932395935,0.0721312016248703
Apple Inc.,2022-05-26,2022-06-03,5,up,down,0.5224564075469971,0.42700639367103577,0.05053718760609627
Apple Inc.,2022-05-27,2022-06-06,5,flat,down,0.7614555954933167,0.19078633189201355,0.0477580726146698
Apple Inc.,2022-05-31,2022-06-07,5,flat,down,0.8882213234901428,0.09360154718160629,0.01817719079554081
Apple Inc.,2022-06-01,2022-06-08,5,flat,down,0.9393937587738037,0.04913124069571495,0.01147498283535242
Apple Inc.,2022-06-02,2022-06-09,5,down,down,0.7803658843040466,0.20094804465770721,0.018686091527342796
Apple Inc.,2022-06-03,2022-06-10,5,down,down,0.6624195575714111,0.26678162813186646,0.0707988440990448
Apple Inc.,2022-06-06,2022-06-13,5,down,flat,0.4097318649291992,0.49327602982521057,0.09699206054210663
Apple Inc.,2022-06-07,2022-06-14,5,down,flat,0.40139392018318176,0.5047890543937683,0.09381700307130814
Apple Inc.,2022-06-08,2022-06-15,5,down,down,0.6061732172966003,0.3540482521057129,0.039778560400009155
Apple Inc.,2022-06-09,2022-06-16,5,down,down,0.5706265568733215,0.33157655596733093,0.09779688715934753
Apple Inc.,2022-06-10,2022-06-17,5,down,flat,0.21603325009346008,0.43552958965301514,0.3484371304512024
Apple Inc.,2022-06-13,2022-06-21,5,flat,up,0.289663702249527,0.19946835935115814,0.5108678936958313
Apple Inc.,2022-06-14,2022-06-22,5,up,down,0.44449031352996826,0.2353372573852539,0.32017239928245544
Apple Inc.,2022-06-15,2022-06-23,5,up,down,0.4639265835285187,0.39453840255737305,0.14153502881526947
Apple Inc.,2022-06-16,2022-06-24,5,up,up,0.3929436206817627,0.1673109084367752,0.4397454559803009
Apple Inc.,2022-06-17,2022-06-27,5,up,down,0.6447591781616211,0.2304614782333374,0.12477937340736389
Apple Inc.,2022-06-21,2022-06-28,5,up,down,0.551224410533905,0.36342182755470276,0.08535376936197281
Apple Inc.,2022-06-22,2022-06-29,5,up,flat,0.49237704277038574,0.49987831711769104,0.007744618225842714
Apple Inc.,2022-06-23,2022-06-30,5,flat,down,0.5352175235748291,0.45500582456588745,0.009776671417057514
Apple Inc.,2022-06-24,2022-07-01,5,down,down,0.6554999947547913,0.2912536859512329,0.05324628949165344
Apple Inc.,2022-06-27,2022-07-05,5,down,down,0.8265613913536072,0.14884547889232635,0.02459312602877617
Apple Inc.,2022-06-28,2022-07-06,5,up,down,0.9394854307174683,0.05138733983039856,0.009127200581133366
Apple Inc.,2022-06-29,2022-07-07,5,up,down,0.686927080154419,0.23292317986488342,0.08014969527721405
Apple Inc.,2022-06-30,2022-07-08,5,up,flat,0.322448194026947,0.5023921132087708,0.17515969276428223
Apple Inc.,2022-07-01,2022-07-11,5,up,down,0.6291691064834595,0.31220829486846924,0.05862259864807129
Apple Inc.,2022-07-05,2022-07-12,5,up,down,0.7933469414710999,0.18742412328720093,0.019228937104344368
Apple Inc.,2022-07-06,2022-07-13,5,flat,down,0.6696620583534241,0.2739902436733246,0.05634774640202522
Apple Inc.,2022-07-07,2022-07-14,5,flat,down,0.8954882621765137,0.0707373321056366,0.03377441316843033
Apple Inc.,2022-07-08,2022-07-15,5,up,down,0.9618971347808838,0.018048088997602463,0.020054761320352554
Apple Inc.,2022-07-11,2022-07-18,5,up,down,0.9330077171325684,0.030186917632818222,0.036805395036935806
Apple Inc.,2022-07-12,2022-07-19,5,up,down,0.9665464162826538,0.013686107471585274,0.019767438992857933
Apple Inc.,2022-07-13,2022-07-20,5,up,down,0.8153302669525146,0.1354110836982727,0.04925861209630966
Apple Inc.,2022-07-14,2022-07-21,5,up,down,0.7222022414207458,0.1642073541879654,0.11359043419361115
Apple Inc.,2022-07-15,2022-07-22,5,up,down,0.8866415619850159,0.06436978280544281,0.04898864030838013
Apple Inc.,2022-07-18,2022-07-25,5,up,down,0.591867208480835,0.36674878001213074,0.0413840189576149
Apple Inc.,2022-07-19,2022-07-26,5,up,down,0.8046734929084778,0.13737544417381287,0.05795099213719368
Apple Inc.,2022-07-20,2022-07-27,5,up,down,0.8665932416915894,0.07502899318933487,0.058377787470817566
Apple Inc.,2022-07-21,2022-07-28,5,up,down,0.8843599557876587,0.06449290364980698,0.051147084683179855
Apple Inc.,2022-07-22,2022-07-29,5,up,down,0.8158777952194214,0.093698650598526,0.0904235765337944
Apple Inc.,2022-07-25,2022-08-01,5,up,down,0.5740121006965637,0.2540299892425537,0.17195791006088257
Apple Inc.,2022-07-26,2022-08-02,5,up,down,0.4051266014575958,0.32621127367019653,0.26866206526756287
Apple Inc.,2022-07-27,2022-08-03,5,up,down,0.7177934050559998,0.11851748824119568,0.16368913650512695
Apple Inc.,2022-07-28,2022-08-04,5,up,down,0.7123185396194458,0.1732567995786667,0.1144246906042099
Apple Inc.,2022-07-29,2022-08-05,5,up,down,0.8610583543777466,0.07643932849168777,0.06250230222940445
Apple Inc.,2022-08-01,2022-08-08,5,up,down,0.8211274147033691,0.11978274583816528,0.05908982828259468
Apple Inc.,2022-08-02,2022-08-09,5,up,down,0.7267079949378967,0.19020940363407135,0.08308257907629013
Apple Inc.,2022-08-03,2022-08-10,5,up,down,0.8470957279205322,0.10462411493062973,0.04828014597296715
Apple Inc.,2022-08-04,2022-08-11,5,up,down,0.8423978686332703,0.0942777469754219,0.06332435458898544
Apple Inc.,2022-08-05,2022-08-12,5,up,down,0.6217092871665955,0.31384769082069397,0.06444297730922699
Apple Inc.,2022-08-08,2022-08-15,5,up,down,0.8140773773193359,0.13413402438163757,0.05178859457373619
Apple Inc.,2022-08-09,2022-08-16,5,up,flat,0.4178822934627533,0.4724771976470947,0.10964047908782959
Apple Inc.,2022-08-10,2022-08-17,5,up,down,0.8668000102043152,0.07611539214849472,0.0570845827460289
Apple Inc.,2022-08-11,2022-08-18,5,up,down,0.8032124042510986,0.1334347128868103,0.06335290521383286
Apple Inc.,2022-08-12,2022-08-19,5,flat,down,0.8627194166183472,0.0810677707195282,0.05621279403567314
Apple Inc.,2022-08-15,2022-08-22,5,down,down,0.8527762293815613,0.08457612991333008,0.06264768540859222
Apple Inc.,2022-08-16,2022-08-23,5,down,down,0.7583850622177124,0.16031686961650848,0.08129803836345673
Apple Inc.,2022-08-17,2022-08-24,5,down,down,0.7769243121147156,0.14256562292575836,0.08051003515720367
Apple Inc.,2022-08-18,2022-08-25,5,down,flat,0.23878897726535797,0.645724892616272,0.11548610776662827
Apple Inc.,2022-08-19,2022-08-26,5,down,flat,0.20771880447864532,0.4417620599269867,0.3505191206932068
Apple Inc.,2022-08-22,2022-08-29,5,down,flat,0.3787584602832794,0.4875001311302185,0.13374143838882446
Apple Inc.,2022-08-23,2022-08-30,5,down,flat,0.1791078746318817,0.6994712352752686,0.12142086774110794
Apple Inc.,2022-08-24,2022-08-31,5,down,flat,0.19377560913562775,0.5200573801994324,0.2861670255661011
Apple Inc.,2022-08-25,2022-09-01,5,down,down,0.4497623145580292,0.35177120566368103,0.1984664499759674
Apple Inc.,2022-08-26,2022-09-02,5,down,flat,0.2517678737640381,0.5220118761062622,0.2262202650308609
Apple Inc.,2022-08-29,2022-09-06,5,down,down,0.46358126401901245,0.17084351181983948,0.3655751943588257
Apple Inc.,2022-08-30,2022-09-07,5,down,down,0.4693957567214966,0.29986000061035156,0.23074422776699066
Apple Inc.,2022-08-31,2022-09-08,5,down,down,0.48971641063690186,0.30418679118156433,0.20609675347805023
Apple Inc.,2022-09-01,2022-09-09,5,flat,down,0.7607867121696472,0.07277333736419678,0.16643990576267242
Apple Inc.,2022-09-02,2022-09-12,5,up,down,0.6469351053237915,0.2286323457956314,0.1244325265288353
Apple Inc.,2022-09-06,2022-09-13,5,flat,down,0.8105811476707458,0.12270607799291611,0.06671274453401566
Apple Inc.,2022-09-07,2022-09-14,5,flat,down,0.7849646806716919,0.1287655383348465,0.086269810795784
Apple Inc.,2022-09-08,2022-09-15,5,flat,down,0.7076290249824524,0.23679891228675842,0.055572107434272766
Apple Inc.,2022-09-09,2022-09-16,5,down,flat,0.4569142460823059,0.4904692769050598,0.05261646956205368
Apple Inc.,2022-09-12,2022-09-19,5,down,flat,0.2536187469959259,0.5120847821235657,0.23429647088050842
Apple Inc.,2022-09-13,2022-09-20,5,flat,flat,0.38564425706863403,0.5001407265663147,0.11421500146389008
Apple Inc.,2022-09-14,2022-09-21,5,flat,down,0.4839746654033661,0.350007027387619,0.1660182923078537
Apple Inc.,2022-09-15,2022-09-22,5,flat,flat,0.3179311454296112,0.5080991387367249,0.17396976053714752
Apple Inc.,2022-09-16,2022-09-23,5,flat,down,0.4884035885334015,0.35996776819229126,0.15162868797779083
Apple Inc.,2022-09-19,2022-09-26,5,flat,down,0.5601198673248291,0.14326179027557373,0.29661837220191956
Apple Inc.,2022-09-20,2022-09-27,5,down,down,0.48583894968032837,0.4789801836013794,0.03518081456422806
Apple Inc.,2022-09-21,2022-09-28,5,down,down,0.5910502672195435,0.39945146441459656,0.009498285129666328
Apple Inc.,2022-09-22,2022-09-29,5,down,down,0.5001641511917114,0.4890226125717163,0.010813228785991669
Apple Inc.,2022-09-23,2022-09-30,5,down,down,0.5953575372695923,0.3564588725566864,0.048183623701334
Apple Inc.,2022-09-26,2022-10-03,5,down,down,0.5036526322364807,0.4586131274700165,0.037734199315309525
Apple Inc.,2022-09-27,2022-10-04,5,down,down,0.5990785956382751,0.3632456660270691,0.037675779312849045
Apple Inc.,2022-09-28,2022-10-05,5,down,down,0.6424198150634766,0.1740332394838333,0.1835469752550125
Apple Inc.,2022-09-29,2022-10-06,5,flat,up,0.24000826478004456,0.31524035334587097,0.4447513818740845
Apple Inc.,2022-09-30,2022-10-07,5,flat,up,0.2995859980583191,0.2719569206237793,0.4284570813179016
Apple Inc.,2022-10-03,2022-10-10,5,flat,flat,0.21677836775779724,0.44968217611312866,0.3335393965244293
Apple Inc.,2022-10-04,2022-10-11,5,down,down,0.4739610254764557,0.46530067920684814,0.06073824316263199
Apple Inc.,2022-10-05,2022-10-12,5,down,flat,0.2867100238800049,0.6901578307151794,0.023132165893912315
Apple Inc.,2022-10-06,2022-10-13,5,down,flat,0.3504471480846405,0.6421093940734863,0.007443485781550407
Apple Inc.,2022-10-07,2022-10-14,5,flat,down,0.6552753448486328,0.2777559757232666,0.06696868687868118
Apple Inc.,2022-10-10,2022-10-17,5,flat,flat,0.3576313555240631,0.5791769623756409,0.063191719353199
Apple Inc.,2022-10-11,2022-10-18,5,up,flat,0.34944385290145874,0.4340322017669678,0.2165239006280899
Apple Inc.,2022-10-12,2022-10-19,5,up,down,0.6130322813987732,0.19851495325565338,0.18845278024673462
Apple Inc.,2022-10-13,2022-10-20,5,up,down,0.5868934392929077,0.19301380217075348,0.2200927436351776
Apple Inc.,2022-10-14,2022-10-21,5,up,down,0.5708041787147522,0.3319283723831177,0.09726747125387192
Apple Inc.,2022-10-17,2022-10-24,5,up,down,0.4933067262172699,0.48074108362197876,0.025952132418751717
Apple Inc.,2022-10-18,2022-10-25,5,up,down,0.6185591816902161,0.34918293356895447,0.03225792571902275
Apple Inc.,2022-10-19,2022-10-26,5,up,down,0.5164456963539124,0.46187400817871094,0.021680286154150963
Apple Inc.,2022-10-20,2022-10-27,5,up,down,0.7231347560882568,0.24923992156982422,0.027625354006886482
Apple Inc.,2022-10-21,2022-10-28,5,up,down,0.8240855932235718,0.1510547250509262,0.024859681725502014
Apple Inc.,2022-10-24,2022-10-31,5,up,down,0.8894151449203491,0.08911492675542831,0.021469881758093834
Apple Inc.,2022-10-25,2022-11-01,5,flat,down,0.8159375190734863,0.11111794412136078,0.0729445293545723
Apple Inc.,2022-10-26,2022-11-02,5,flat,down,0.7734589576721191,0.18983782827854156,0.03670317307114601
Apple Inc.,2022-10-27,2022-11-03,5,down,down,0.6788524389266968,0.20639848709106445,0.11474911123514175
Apple Inc.,2022-10-28,2022-11-04,5,down,down,0.8414030075073242,0.09061720222234726,0.06797973811626434
Apple Inc.,2022-10-31,2022-11-07,5,down,down,0.8850968480110168,0.08785688877105713,0.02704630233347416
Apple Inc.,2022-11-01,2022-11-08,5,down,down,0.6571316123008728,0.29331326484680176,0.049555160105228424
Apple Inc.,2022-11-02,2022-11-09,5,down,down,0.5042498707771301,0.20816366374492645,0.2875864803791046
Apple Inc.,2022-11-03,2022-11-10,5,up,up,0.32531580328941345,0.2691373825073242,0.40554678440093994
Apple Inc.,2022-11-04,2022-11-11,5,up,down,0.473945289850235,0.2203483134508133,0.30570635199546814
Apple Inc.,2022-11-07,2022-11-14,5,up,flat,0.32964685559272766,0.3520556688308716,0.318297415971756
Apple Inc.,2022-11-08,2022-11-15,5,up,down,0.8388970494270325,0.09231271594762802,0.06879027187824249
Apple Inc.,2022-11-09,2022-11-16,5,up,down,0.8135384321212769,0.1151612401008606,0.07130033522844315
Apple Inc.,2022-11-10,2022-11-17,5,up,down,0.615185558795929,0.3494294583797455,0.03538495674729347
Apple Inc.,2022-11-11,2022-11-18,5,up,flat,0.4417002499103546,0.5194843411445618,0.03881542384624481
Apple Inc.,2022-11-14,2022-11-21,5,flat,down,0.5615694522857666,0.4057867228984833,0.03264380618929863
Apple Inc.,2022-11-15,2022-11-22,5,flat,down,0.8541111946105957,0.11381536722183228,0.03207337111234665
Apple Inc.,2022-11-16,2022-11-23,5,flat,down,0.8129851222038269,0.16630707681179047,0.020707841962575912
Apple Inc.,2022-11-17,2022-11-25,5,flat,down,0.7948125004768372,0.14505577087402344,0.06013166531920433
Apple Inc.,2022-11-18,2022-11-28,5,down,down,0.6554132103919983,0.27023085951805115,0.07435595989227295
Apple Inc.,2022-11-21,2022-11-29,5,down,down,0.7125783562660217,0.2458517849445343,0.04156987741589546
Apple Inc.,2022-11-22,2022-11-30,5,down,flat,0.44146203994750977,0.4470590651035309,0.11147888749837875
Apple Inc.,2022-11-23,2022-12-01,5,flat,down,0.6599935293197632,0.29420405626296997,0.045802436769008636
Apple Inc.,2022-11-25,2022-12-02,5,flat,down,0.5709959864616394,0.32367250323295593,0.10533148795366287
Apple Inc.,2022-11-28,2022-12-05,5,up,down,0.48064836859703064,0.35638323426246643,0.16296841204166412
Apple Inc.,2022-11-29,2022-12-06,5,flat,flat,0.3260705769062042,0.5563406348228455,0.11758876591920853
Apple Inc.,2022-11-30,2022-12-07,5,down,flat,0.43136537075042725,0.5005595088005066,0.06807511299848557
Apple Inc.,2022-12-01,2022-12-08,5,down,flat,0.23548591136932373,0.7293488383293152,0.035165224224328995
Apple Inc.,2022-12-02,2022-12-09,5,down,down,0.648056149482727,0.27684497833251953,0.0750989019870758
Apple Inc.,2022-12-05,2022-12-12,5,down,down,0.5853418707847595,0.36063578724861145,0.05402231216430664
Apple Inc.,2022-12-06,2022-12-13,5,up,down,0.8489105701446533,0.08595042675733566,0.0651390552520752
Apple Inc.,2022-12-07,2022-12-14,5,up,flat,0.4254789352416992,0.5194560885429382,0.05506495386362076
Apple Inc.,2022-12-08,2022-12-15,5,down,down,0.7037783265113831,0.2551785707473755,0.04104311764240265
Apple Inc.,2022-12-09,2022-12-16,5,down,down,0.8048335909843445,0.1299743354320526,0.0651920735836029
Apple Inc.,2022-12-12,2022-12-19,5,down,down,0.7614026069641113,0.21870045363903046,0.01989687792956829
Apple Inc.,2022-12-13,2022-12-20,5,down,flat,0.338870644569397,0.5187667012214661,0.14236262440681458
Apple Inc.,2022-12-14,2022-12-21,5,down,down,0.4790569841861725,0.43872159719467163,0.08222147822380066
Apple Inc.,2022-12-15,2022-12-22,5,down,down,0.6685585975646973,0.22822736203670502,0.1032140776515007
Apple Inc.,2022-12-16,2022-12-23,5,down,down,0.5283260345458984,0.324221134185791,0.14745284616947174
Apple Inc.,2022-12-19,2022-12-27,5,down,down,0.48394691944122314,0.2801589369773865,0.2358941286802292
Apple Inc.,2022-12-20,2022-12-28,5,down,down,0.3899529278278351,0.3028154671192169,0.3072316348552704
Apple Inc.,2022-12-21,2022-12-29,5,down,down,0.6916216015815735,0.1165909692645073,0.19178742170333862
Apple Inc.,2022-12-22,2022-12-30,5,down,down,0.7866464853286743,0.10191737860441208,0.11143609881401062
Apple Inc.,2022-12-23,2023-01-03,5,down,down,0.7067983150482178,0.12555794417858124,0.16764378547668457
Apple Inc.,2022-12-27,2023-01-04,5,down,down,0.6259946227073669,0.2573675215244293,0.11663787066936493
Apple Inc.,2022-12-28,2023-01-05,5,flat,down,0.6048181056976318,0.19210422039031982,0.20307764410972595
Apple Inc.,2022-12-29,2023-01-06,5,flat,down,0.48501697182655334,0.27243462204933167,0.242548406124115
Apple Inc.,2022-12-30,2023-01-09,5,flat,down,0.4400883615016937,0.13010314106941223,0.42980852723121643
Apple Inc.,2023-01-03,2023-01-10,5,up,up,0.2670469284057617,0.10767369717359543,0.6252793669700623
Apple Inc.,2023-01-04,2023-01-11,5,up,up,0.2698582410812378,0.1287364810705185,0.6014052629470825
Apple Inc.,2023-01-05,2023-01-12,5,up,down,0.4451363682746887,0.1697886437177658,0.3850749731063843
Apple Inc.,2023-01-06,2023-01-13,5,up,down,0.5586832761764526,0.1224798783659935,0.31883683800697327
Apple Inc.,2023-01-09,2023-01-17,5,up,down,0.6715192198753357,0.2447640597820282,0.08371669054031372
Apple Inc.,2023-01-10,2023-01-18,5,up,down,0.7765432596206665,0.17439888417720795,0.04905782267451286
Apple Inc.,2023-01-11,2023-01-19,5,up,down,0.917608916759491,0.039928779006004333,0.042462319135665894
Apple Inc.,2023-01-12,2023-01-20,5,up,down,0.9413368105888367,0.013065452687442303,0.04559772461652756
Apple Inc.,2023-01-13,2023-01-23,5,up,down,0.9803855419158936,0.007523771841078997,0.012090666219592094
Apple Inc.,2023-01-17,2023-01-24,5,up,down,0.9445524215698242,0.02103966474533081,0.03440789505839348
Apple Inc.,2023-01-18,2023-01-25,5,up,down,0.852976381778717,0.06323034316301346,0.08379331976175308
Apple Inc.,2023-01-19,2023-01-26,5,up,down,0.7764416337013245,0.10191863775253296,0.12163971364498138
Apple Inc.,2023-01-20,2023-01-27,5,up,down,0.7908907532691956,0.10220341384410858,0.10690581053495407
Apple Inc.,2023-01-23,2023-01-30,5,up,down,0.9360431432723999,0.019971385598182678,0.04398542642593384
Apple Inc.,2023-01-24,2023-01-31,5,up,down,0.8799232244491577,0.026349574327468872,0.093727245926857
Apple Inc.,2023-01-25,2023-02-01,5,up,down,0.9127830862998962,0.04503241553902626,0.04218444600701332
Apple Inc.,2023-01-26,2023-02-02,5,up,down,0.8646321296691895,0.04927558824419975,0.08609228581190109
Apple Inc.,2023-01-27,2023-02-03,5,up,down,0.7685542106628418,0.12041395157575607,0.11103184521198273
Apple Inc.,2023-01-30,2023-02-06,5,up,flat,0.3767460286617279,0.5392709970474243,0.08398301154375076
Apple Inc.,2023-01-31,2023-02-07,5,up,flat,0.3463524878025055,0.5639945268630981,0.08965297043323517
Apple Inc.,2023-02-01,2023-02-08,5,up,down,0.5881457924842834,0.2917170226573944,0.12013717740774155
Apple Inc.,2023-02-02,2023-02-09,5,up,down,0.8299797773361206,0.04456934332847595,0.12545090913772583
Apple Inc.,2023-02-03,2023-02-10,5,flat,down,0.869377076625824,0.05896695330739021,0.07165595889091492
Apple Inc.,2023-02-06,2023-02-13,5,flat,down,0.851896345615387,0.06903799623250961,0.07906565070152283
Apple Inc.,2023-02-07,2023-02-14,5,flat,down,0.6624214053153992,0.2862497568130493,0.0513288639485836
Apple Inc.,2023-02-08,2023-02-15,5,flat,down,0.5340022444725037,0.38661935925483704,0.07937836647033691
Apple Inc.,2023-02-09,2023-02-16,5,flat,flat,0.3997165858745575,0.5208491086959839,0.079434335231781
Apple Inc.,2023-02-10,2023-02-17,5,flat,flat,0.31524887681007385,0.40219706296920776,0.282554030418396
Apple Inc.,2023-02-13,2023-02-21,5,down,down,0.7144472599029541,0.18429258465766907,0.10126017779111862
Apple Inc.,2023-02-14,2023-02-22,5,down,down,0.5175070762634277,0.3831564784049988,0.09933644533157349
Apple Inc.,2023-02-15,2023-02-23,5,down,down,0.8510205149650574,0.09145805984735489,0.05752142518758774
Apple Inc.,2023-02-16,2023-02-24,5,down,down,0.5706232786178589,0.3710850179195404,0.05829169601202011
Apple Inc.,2023-02-17,2023-02-27,5,down,flat,0.2282169759273529,0.6009005904197693,0.17088240385055542
Apple Inc.,2023-02-21,2023-02-28,5,flat,flat,0.1205839216709137,0.8377628922462463,0.04165317118167877
Apple Inc.,2023-02-22,2023-03-01,5,down,flat,0.24630030989646912,0.6793171763420105,0.07438254356384277
Apple Inc.,2023-02-23,2023-03-02,5,down,flat,0.3186113238334656,0.5761650800704956,0.10522359609603882
Apple Inc.,2023-02-24,2023-03-03,5,up,down,0.6093789935112,0.2812955677509308,0.10932540893554688
Apple Inc.,2023-02-27,2023-03-06,5,up,down,0.43558192253112793,0.4178447127342224,0.14657339453697205
Apple Inc.,2023-02-28,2023-03-07,5,up,down,0.6101133823394775,0.25151094794273376,0.1383756697177887
Apple Inc.,2023-03-01,2023-03-08,5,up,down,0.7551485896110535,0.17495542764663696,0.06989599764347076
Apple Inc.,2023-03-02,2023-03-09,5,up,down,0.8819486498832703,0.08034523576498032,0.03770606964826584
Apple Inc.,2023-03-03,2023-03-10,5,flat,flat,0.39298415184020996,0.44358670711517334,0.16342918574810028
Apple Inc.,2023-03-06,2023-03-13,5,down,down,0.37955543398857117,0.26097372174263,0.35947078466415405
Apple Inc.,2023-03-07,2023-03-14,5,flat,flat,0.3967094123363495,0.5320819020271301,0.07120867818593979
Apple Inc.,2023-03-08,2023-03-15,5,flat,down,0.6244853138923645,0.2581927478313446,0.1173219308257103
Apple Inc.,2023-03-09,2023-03-16,5,up,down,0.6211236119270325,0.281039297580719,0.09783709794282913
Apple Inc.,2023-03-10,2023-03-17,5,up,down,0.8571739792823792,0.05766437575221062,0.08516163378953934
Apple Inc.,2023-03-13,2023-03-20,5,up,down,0.7050498127937317,0.2494252324104309,0.04552491009235382
Apple Inc.,2023-03-14,2023-03-21,5,up,down,0.5946569442749023,0.33863314986228943,0.06670991331338882
Apple Inc.,2023-03-15,2023-03-22,5,up,down,0.7280303239822388,0.21289527416229248,0.05907440930604935
Apple Inc.,2023-03-16,2023-03-23,5,up,down,0.4514968693256378,0.3739510178565979,0.1745520979166031
Apple Inc.,2023-03-17,2023-03-24,5,up,down,0.6881769299507141,0.09322655200958252,0.21859648823738098
Apple Inc.,2023-03-20,2023-03-27,5,up,down,0.6085506081581116,0.24018779397010803,0.15126155316829681
Apple Inc.,2023-03-21,2023-03-28,5,flat,down,0.7643761038780212,0.07050709426403046,0.16511684656143188
Apple Inc.,2023-03-22,2023-03-29,5,flat,down,0.8460376262664795,0.10086070746183395,0.05310165137052536
Apple Inc.,2023-03-23,2023-03-30,5,up,down,0.8274779915809631,0.11206860840320587,0.0604533888399601
Apple Inc.,2023-03-24,2023-03-31,5,up,down,0.6938626766204834,0.17737603187561035,0.12876135110855103
Apple Inc.,2023-03-27,2023-04-03,5,up,down,0.4105745255947113,0.31050723791122437,0.27891823649406433
Apple Inc.,2023-03-28,2023-04-04,5,up,up,0.15496106445789337,0.3870449662208557,0.4579939544200897
Apple Inc.,2023-03-29,2023-04-05,5,up,down,0.6048144698143005,0.12429971247911453,0.27088579535484314
Apple Inc.,2023-03-30,2023-04-06,5,flat,down,0.4645709991455078,0.23737464845180511,0.2980543375015259
Apple Inc.,2023-03-31,2023-04-10,5,down,flat,0.24373990297317505,0.6102672815322876,0.14599283039569855
Apple Inc.,2023-04-03,2023-04-11,5,down,down,0.41299599409103394,0.3043721318244934,0.28263190388679504
Apple Inc.,2023-04-04,2023-04-12,5,down,down,0.6271914839744568,0.123937226831913,0.24887126684188843
Apple Inc.,2023-04-05,2023-04-13,5,flat,flat,0.14840610325336456,0.5752060413360596,0.2763878107070923
Apple Inc.,2023-04-06,2023-04-14,5,flat,flat,0.15463042259216309,0.6535725593566895,0.19179704785346985
Apple Inc.,2023-04-10,2023-04-17,5,up,up,0.1573742777109146,0.20793601870536804,0.6346896886825562
Apple Inc.,2023-04-11,2023-04-18,5,up,down,0.5051242709159851,0.38146713376045227,0.11340862512588501
Apple Inc.,2023-04-12,2023-04-19,5,up,flat,0.4169814884662628,0.444882869720459,0.1381356418132782
Apple Inc.,2023-04-13,2023-04-20,5,up,down,0.4655769467353821,0.3127705156803131,0.2216525822877884
Apple Inc.,2023-04-14,2023-04-21,5,flat,down,0.7199096083641052,0.19442863762378693,0.08566172420978546
Apple Inc.,2023-04-17,2023-04-24,5,flat,down,0.6553705930709839,0.2631882429122925,0.08144112676382065
Apple Inc.,2023-04-18,2023-04-25,5,down,down,0.6533326506614685,0.12833639979362488,0.21833094954490662
Apple Inc.,2023-04-19,2023-04-26,5,down,down,0.8348148465156555,0.05034083127975464,0.11484432965517044
Apple Inc.,2023-04-20,2023-04-27,5,flat,down,0.6027010679244995,0.25273793935775757,0.1445610076189041
Apple Inc.,2023-04-21,2023-04-28,5,up,down,0.43609103560447693,0.2091534286737442,0.3547555208206177
Apple Inc.,2023-04-24,2023-05-01,5,up,down,0.6220060586929321,0.269107460975647,0.10888651758432388
Apple Inc.,2023-04-25,2023-05-02,5,up,down,0.5767980813980103,0.25319719314575195,0.17000475525856018
Apple Inc.,2023-04-26,2023-05-03,5,up,down,0.668605625629425,0.21016864478588104,0.1212257370352745
Apple Inc.,2023-04-27,2023-05-04,5,flat,down,0.6859106421470642,0.09239944815635681,0.22168996930122375
Apple Inc.,2023-04-28,2023-05-05,5,up,down,0.5376951694488525,0.253489226102829,0.20881560444831848
Apple Inc.,2023-05-01,2023-05-08,5,up,flat,0.43955644965171814,0.48766446113586426,0.07277911901473999
Apple Inc.,2023-05-02,2023-05-09,5,up,down,0.5268687605857849,0.41423654556274414,0.058894719928503036
Apple Inc.,2023-05-03,2023-05-10,5,up,down,0.7244145274162292,0.1432718187570572,0.13231365382671356
Apple Inc.,2023-05-04,2023-05-11,5,up,down,0.7192577123641968,0.1651054471731186,0.11563678085803986
Apple Inc.,2023-05-05,2023-05-12,5,flat,up,0.245420441031456,0.32343223690986633,0.43114733695983887
Apple Inc.,2023-05-08,2023-05-15,5,flat,flat,0.24382957816123962,0.49274742603302,0.26342305541038513
Apple Inc.,2023-05-09,2023-05-16,5,flat,flat,0.19805333018302917,0.4812491536140442,0.32069745659828186
Apple Inc.,2023-05-10,2023-05-17,5,flat,flat,0.24452929198741913,0.4288974404335022,0.32657331228256226
Apple Inc.,2023-05-11,2023-05-18,5,flat,flat,0.30647414922714233,0.4617587625980377,0.23176710307598114
Apple Inc.,2023-05-12,2023-05-19,5,up,flat,0.09516149014234543,0.6935672760009766,0.211271271109581
Apple Inc.,2023-05-15,2023-05-22,5,up,flat,0.14696624875068665,0.5601646304130554,0.29286912083625793
Apple Inc.,2023-05-16,2023-05-23,5,flat,flat,0.1166222020983696,0.5743244886398315,0.3090532720088959
Apple Inc.,2023-05-17,2023-05-24,5,flat,flat,0.2900366485118866,0.39189067482948303,0.31807267665863037
Apple Inc.,2023-05-18,2023-05-25,5,flat,down,0.5194591283798218,0.11671478301286697,0.36382612586021423
Apple Inc.,2023-05-19,2023-05-26,5,flat,down,0.4549054205417633,0.32339030504226685,0.22170425951480865
Apple Inc.,2023-05-22,2023-05-30,5,up,flat,0.374104768037796,0.40332555770874023,0.22256964445114136
Apple Inc.,2023-05-23,2023-05-31,5,up,flat,0.3093467354774475,0.6089649200439453,0.08168832212686539
Apple Inc.,2023-05-24,2023-06-01,5,up,down,0.48680052161216736,0.4244767725467682,0.08872266113758087
Apple Inc.,2023-05-25,2023-06-02,5,up,flat,0.32031893730163574,0.4721294343471527,0.20755165815353394
Apple Inc.,2023-05-26,2023-06-05,5,up,flat,0.2542099952697754,0.6247706413269043,0.12101934850215912
Apple Inc.,2023-05-30,2023-06-06,5,up,flat,0.2884746491909027,0.4008864462375641,0.3106388449668884
Apple Inc.,2023-05-31,2023-06-07,5,flat,flat,0.2104182094335556,0.6027545928955078,0.1868271827697754
Apple Inc.,2023-06-01,2023-06-08,5,flat,flat,0.38928666710853577,0.41412103176116943,0.1965923309326172
Apple Inc.,2023-06-02,2023-06-09,5,flat,up,0.289461612701416,0.20615404844284058,0.5043843388557434
Apple Inc.,2023-06-05,2023-06-12,5,flat,down,0.5953665971755981,0.12933692336082458,0.27529647946357727
Apple Inc.,2023-06-06,2023-06-13,5,up,up,0.2779177725315094,0.35361263155937195,0.3684696555137634
Apple Inc.,2023-06-07,2023-06-14,5,up,flat,0.2309405505657196,0.4514394998550415,0.3176199793815613
Apple Inc.,2023-06-08,2023-06-15,5,up,down,0.5474256873130798,0.1931108683347702,0.2594633996486664
Apple Inc.,2023-06-09,2023-06-16,5,up,down,0.5950808525085449,0.1306787133216858,0.2742404639720917
Apple Inc.,2023-06-12,2023-06-20,5,up,down,0.5547633767127991,0.2508603036403656,0.19437633454799652
Apple Inc.,2023-06-13,2023-06-21,5,flat,down,0.5310533046722412,0.2646743655204773,0.2042723298072815
Apple Inc.,2023-06-14,2023-06-22,5,up,flat,0.331302285194397,0.5636629462242126,0.1050347313284874
Apple Inc.,2023-06-15,2023-06-23,5,flat,down,0.6333667635917664,0.08860992640256882,0.27802330255508423
Apple Inc.,2023-06-16,2023-06-26,5,flat,down,0.43368232250213623,0.4150053858757019,0.15131233632564545
Apple Inc.,2023-06-20,2023-06-27,5,up,flat,0.395846426486969,0.4495109021663666,0.15464267134666443
Apple Inc.,2023-06-21,2023-06-28,5,up,flat,0.3796970546245575,0.42933326959609985,0.19096966087818146
Apple Inc.,2023-06-22,2023-06-29,5,up,down,0.7429148554801941,0.07899070531129837,0.1780945062637329
Apple Inc.,2023-06-23,2023-06-30,5,up,down,0.8215137720108032,0.05017796531319618,0.1283082365989685
Apple Inc.,2023-06-26,2023-07-03,5,up,down,0.7737705111503601,0.13623890280723572,0.0899905413389206
Apple Inc.,2023-06-27,2023-07-05,5,up,down,0.9090383648872375,0.02854173816740513,0.06241990998387337
Apple Inc.,2023-06-28,2023-07-06,5,up,down,0.6906052231788635,0.11631178855895996,0.1930830180644989
Apple Inc.,2023-06-29,2023-07-07,5,up,down,0.42817065119743347,0.17683975398540497,0.39498960971832275
Apple Inc.,2023-06-30,2023-07-10,5,down,down,0.8052385449409485,0.028294580057263374,0.1664668470621109
Apple Inc.,2023-07-03,2023-07-11,5,down,down,0.8253318071365356,0.07377439737319946,0.10089380294084549
Apple Inc.,2023-07-05,2023-07-12,5,down,flat,0.35439857840538025,0.43564310669898987,0.20995834469795227
Apple Inc.,2023-07-06,2023-07-13,5,flat,flat,0.2870204746723175,0.44636714458465576,0.26661235094070435
Apple Inc.,2023-07-07,2023-07-14,5,flat,down,0.8091362714767456,0.06990888714790344,0.12095482647418976
Apple Inc.,2023-07-10,2023-07-17,5,up,flat,0.3489822447299957,0.4979357421398163,0.15308204293251038
Apple Inc.,2023-07-11,2023-07-18,5,up,down,0.6311010718345642,0.19594933092594147,0.17294955253601074
Apple Inc.,2023-07-12,2023-07-19,5,up,down,0.8608673214912415,0.05675342306494713,0.08237922191619873
Apple Inc.,2023-07-13,2023-07-20,5,up,down,0.8744412660598755,0.07395810633897781,0.05160064622759819
Apple Inc.,2023-07-14,2023-07-21,5,up,down,0.7985541820526123,0.13453418016433716,0.06691165268421173
Apple Inc.,2023-07-17,2023-07-24,5,flat,down,0.6227360963821411,0.24762560427188873,0.12963834404945374
Apple Inc.,2023-07-18,2023-07-25,5,flat,down,0.7474833130836487,0.18725718557834625,0.06525953859090805
Apple Inc.,2023-07-19,2023-07-26,5,flat,down,0.5455761551856995,0.11835931241512299,0.33606448769569397
Apple Inc.,2023-07-20,2023-07-27,5,flat,down,0.6214542388916016,0.2014540135860443,0.17709174752235413
Apple Inc.,2023-07-21,2023-07-28,5,up,down,0.42122066020965576,0.30932509899139404,0.2694542706012726
Apple Inc.,2023-07-24,2023-07-31,5,up,down,0.7753571271896362,0.13404028117656708,0.0906025767326355
Apple Inc.,2023-07-25,2023-08-01,5,up,down,0.825219988822937,0.1127292737364769,0.062050700187683105
Apple Inc.,2023-07-26,2023-08-02,5,flat,down,0.8129692077636719,0.12875264883041382,0.058278169482946396
Apple Inc.,2023-07-27,2023-08-03,5,down,down,0.8617806434631348,0.06529343128204346,0.07292592525482178
Apple Inc.,2023-07-28,2023-08-04,5,down,down,0.8306176066398621,0.08858973532915115,0.08079268038272858
Apple Inc.,2023-07-31,2023-08-07,5,down,down,0.6531364321708679,0.07506874203681946,0.27179479598999023
Apple Inc.,2023-08-01,2023-08-08,5,down,down,0.6523679494857788,0.11025870591402054,0.23737336695194244
Apple Inc.,2023-08-02,2023-08-09,5,down,down,0.5738087296485901,0.21944954991340637,0.20674172043800354
Apple Inc.,2023-08-03,2023-08-10,5,down,down,0.5733378529548645,0.11486067622900009,0.3118014633655548
Apple Inc.,2023-08-04,2023-08-11,5,down,down,0.5664224028587341,0.24203824996948242,0.19153936207294464
Apple Inc.,2023-08-07,2023-08-14,5,flat,flat,0.4288950562477112,0.44213351607322693,0.12897148728370667
Apple Inc.,2023-08-08,2023-08-15,5,flat,down,0.48305392265319824,0.37932026386260986,0.13762585818767548
Apple Inc.,2023-08-09,2023-08-16,5,down,down,0.6286146640777588,0.19732435047626495,0.17406100034713745
Apple Inc.,2023-08-10,2023-08-17,5,down,down,0.7866854667663574,0.11715658754110336,0.0961579903960228
Apple Inc.,2023-08-11,2023-08-18,5,down,down,0.8282936215400696,0.08354642987251282,0.0881599560379982
Apple Inc.,2023-08-14,2023-08-21,5,down,down,0.9048845171928406,0.028906362131237984,0.06620911508798599
Apple Inc.,2023-08-15,2023-08-22,5,flat,down,0.8472052812576294,0.05149941146373749,0.10129529982805252
Apple Inc.,2023-08-16,2023-08-23,5,up,down,0.796698272228241,0.09155397862195969,0.11174776405096054
Apple Inc.,2023-08-17,2023-08-24,5,up,down,0.6869763135910034,0.12339054048061371,0.18963316082954407
Apple Inc.,2023-08-18,2023-08-25,5,up,down,0.529603898525238,0.16196206212043762,0.30843406915664673
Apple Inc.,2023-08-21,2023-08-28,5,up,down,0.7270824313163757,0.07129741460084915,0.20162014663219452
Apple Inc.,2023-08-22,2023-08-29,5,up,down,0.8250057101249695,0.12883873283863068,0.04615548625588417
Apple Inc.,2023-08-23,2023-08-30,5,up,down,0.618126392364502,0.3355536162853241,0.04632003605365753
Apple Inc.,2023-08-24,2023-08-31,5,up,down,0.8280094265937805,0.15048182010650635,0.021508770063519478
Apple Inc.,2023-08-25,2023-09-01,5,up,down,0.7567228674888611,0.16887006163597107,0.07440710812807083
Apple Inc.,2023-08-28,2023-09-05,5,up,down,0.48233547806739807,0.3104236423969269,0.20724087953567505
Apple Inc.,2023-08-29,2023-09-06,5,up,down,0.7408586740493774,0.09456073492765427,0.16458062827587128
Apple Inc.,2023-08-30,2023-09-07,5,down,down,0.4599393904209137,0.10708680003881454,0.4329737722873688
Apple Inc.,2023-08-31,2023-09-08,5,down,down,0.511568546295166,0.15692377090454102,0.33150771260261536
Apple Inc.,2023-09-01,2023-09-11,5,down,down,0.608074963092804,0.11758366972208023,0.274341344833374
Apple Inc.,2023-09-05,2023-09-12,5,down,down,0.5490589141845703,0.12688688933849335,0.32405418157577515
Apple Inc.,2023-09-06,2023-09-13,5,down,down,0.7090765237808228,0.14200107753276825,0.148922398686409
Apple Inc.,2023-09-07,2023-09-14,5,flat,up,0.35067737102508545,0.22396020591259003,0.42536240816116333
Apple Inc.,2023-09-08,2023-09-15,5,down,flat,0.3122304081916809,0.4351014494895935,0.2526680827140808
Apple Inc.,2023-09-11,2023-09-18,5,flat,down,0.41608747839927673,0.41307976841926575,0.1708328127861023
Apple Inc.,2023-09-12,2023-09-19,5,flat,down,0.6240074038505554,0.3209463953971863,0.05504615977406502
Apple Inc.,2023-09-13,2023-09-20,5,flat,down,0.7384422421455383,0.11580488085746765,0.14575286209583282
Apple Inc.,2023-09-14,2023-09-21,5,flat,down,0.6185007095336914,0.22881807386875153,0.1526811718940735
Apple Inc.,2023-09-15,2023-09-22,5,flat,down,0.8033204078674316,0.1117299273610115,0.08494967967271805
Apple Inc.,2023-09-18,2023-09-25,5,down,down,0.8231053948402405,0.14675801992416382,0.030136525630950928
Apple Inc.,2023-09-19,2023-09-26,5,down,down,0.8525995016098022,0.12362892925739288,0.023771585896611214
Apple Inc.,2023-09-20,2023-09-27,5,down,down,0.844784677028656,0.12908430397510529,0.026131028309464455
Apple Inc.,2023-09-21,2023-09-28,5,down,down,0.7736227512359619,0.16994233429431915,0.056434936821460724
Apple Inc.,2023-09-22,2023-09-29,5,down,down,0.7225740551948547,0.2171347737312317,0.06029115989804268
Apple Inc.,2023-09-25,2023-10-02,5,down,down,0.7484450340270996,0.21045221388339996,0.041102759540081024
Apple Inc.,2023-09-26,2023-10-03,5,flat,down,0.8580647110939026,0.09226366877555847,0.04967162013053894
Apple Inc.,2023-09-27,2023-10-04,5,flat,down,0.874089241027832,0.08281596004962921,0.04309484735131264
Apple Inc.,2023-09-28,2023-10-05,5,up,down,0.7131215929985046,0.21227186918258667,0.07460656762123108
Apple Inc.,2023-09-29,2023-10-06,5,up,down,0.7601094245910645,0.1848144382238388,0.055076099932193756
Apple Inc.,2023-10-02,2023-10-09,5,up,down,0.8602261543273926,0.12336177378892899,0.01641209051012993
Apple Inc.,2023-10-03,2023-10-10,5,up,down,0.7452512383460999,0.23425322771072388,0.020495580509305
Apple Inc.,2023-10-04,2023-10-11,5,up,down,0.9041538834571838,0.07896996289491653,0.016876135021448135
Apple Inc.,2023-10-05,2023-10-12,5,up,down,0.8542160987854004,0.058932870626449585,0.08685103803873062
Apple Inc.,2023-10-06,2023-10-13,5,up,down,0.7075666189193726,0.040540631860494614,0.25189271569252014
Apple Inc.,2023-10-09,2023-10-16,5,flat,down,0.7450782656669617,0.020616458728909492,0.2343052625656128
Apple Inc.,2023-10-10,2023-10-17,5,down,down,0.6894441843032837,0.023690808564424515,0.2868650555610657
Apple Inc.,2023-10-11,2023-10-18,5,down,down,0.6151992082595825,0.034545011818408966,0.3502557575702667
Apple Inc.,2023-10-12,2023-10-19,5,down,down,0.587388277053833,0.023198464885354042,0.3894132673740387
Apple Inc.,2023-10-13,2023-10-20,5,down,down,0.453656405210495,0.17867153882980347,0.36767205595970154
Apple Inc.,2023-10-16,2023-10-23,5,down,up,0.1409979909658432,0.22370150685310364,0.6353005170822144
Apple Inc.,2023-10-17,2023-10-24,5,down,up,0.14566290378570557,0.07350564748048782,0.7808314561843872
Apple Inc.,2023-10-18,2023-10-25,5,down,up,0.1104755848646164,0.05076015740633011,0.8387642502784729
Apple Inc.,2023-10-19,2023-10-26,5,down,up,0.2991735637187958,0.08207140862941742,0.618755042552948
Apple Inc.,2023-10-20,2023-10-27,5,down,up,0.37231385707855225,0.08228863775730133,0.5453975200653076
Apple Inc.,2023-10-23,2023-10-30,5,down,down,0.5945339202880859,0.09052689373493195,0.3149391710758209
Apple Inc.,2023-10-24,2023-10-31,5,down,down,0.6431645154953003,0.18169237673282623,0.17514312267303467
Apple Inc.,2023-10-25,2023-11-01,5,flat,down,0.6503173112869263,0.08545813709497452,0.2642245292663574
Apple Inc.,2023-10-26,2023-11-02,5,up,down,0.6534397006034851,0.06917430460453033,0.27738600969314575
Apple Inc.,2023-10-27,2023-11-03,5,up,down,0.60380619764328,0.10741005837917328,0.2887837588787079
Apple Inc.,2023-10-30,2023-11-06,5,up,down,0.6460657119750977,0.07082202285528183,0.28311222791671753
Apple Inc.,2023-10-31,2023-11-07,5,up,down,0.8400436043739319,0.052560560405254364,0.10739582777023315
Apple Inc.,2023-11-01,2023-11-08,5,up,down,0.7653636932373047,0.1341015249490738,0.1005348265171051
Apple Inc.,2023-11-02,2023-11-09,5,up,up,0.39965376257896423,0.11960258334875107,0.4807436168193817
Apple Inc.,2023-11-03,2023-11-10,5,up,down,0.6664177179336548,0.12558187544345856,0.20800034701824188
Apple Inc.,2023-11-06,2023-11-13,5,up,down,0.5310994982719421,0.07734113186597824,0.3915594220161438
Apple Inc.,2023-11-07,2023-11-14,5,up,down,0.6451762318611145,0.0968489944934845,0.257974773645401
Apple Inc.,2023-11-08,2023-11-15,5,up,down,0.5981634855270386,0.1308223158121109,0.2710142433643341
Apple Inc.,2023-11-09,2023-11-16,5,up,down,0.5666345357894897,0.32390350103378296,0.10946201533079147
Apple Inc.,2023-11-10,2023-11-17,5,up,down,0.6514680981636047,0.19616732001304626,0.15236462652683258
Apple Inc.,2023-11-13,2023-11-20,5,up,down,0.6857766509056091,0.25338488817214966,0.060838472098112106
Apple Inc.,2023-11-14,2023-11-21,5,up,down,0.7335283160209656,0.15511958301067352,0.11135206371545792
Apple Inc.,2023-11-15,2023-11-22,5,up,down,0.4564993381500244,0.17023928463459015,0.37326139211654663
Apple Inc.,2023-11-16,2023-11-24,5,flat,down,0.5202822089195251,0.2640061378479004,0.21571165323257446
Apple Inc.,2023-11-17,2023-11-27,5,flat,flat,0.17370854318141937,0.7232184410095215,0.10307297110557556
Apple Inc.,2023-11-20,2023-11-28,5,flat,down,0.47488945722579956,0.28596407175064087,0.23914647102355957
Apple Inc.,2023-11-21,2023-11-29,5,flat,flat,0.167603999376297,0.743447482585907,0.08894854784011841
Apple Inc.,2023-11-22,2023-11-30,5,down,down,0.4810210168361664,0.3853772282600403,0.13360179960727692
Apple Inc.,2023-11-24,2023-12-01,5,flat,flat,0.27281564474105835,0.6264607310295105,0.10072358697652817
Apple Inc.,2023-11-27,2023-12-04,5,flat,flat,0.2923819124698639,0.5099074840545654,0.19771063327789307
Apple Inc.,2023-11-28,2023-12-05,5,up,down,0.47601279616355896,0.2721005082130432,0.2518866956233978
Apple Inc.,2023-11-29,2023-12-06,5,up,down,0.4776722490787506,0.3636907637119293,0.15863695740699768
Apple Inc.,2023-11-30,2023-12-07,5,up,down,0.639868438243866,0.20639567077159882,0.1537359058856964
Apple Inc.,2023-12-01,2023-12-08,5,up,down,0.8557770252227783,0.021297313272953033,0.12292564660310745
Apple Inc.,2023-12-04,2023-12-11,5,up,down,0.620410144329071,0.22548601031303406,0.1541038453578949
Apple Inc.,2023-12-05,2023-12-12,5,up,down,0.8774642944335938,0.07111356407403946,0.05142216384410858
Apple Inc.,2023-12-06,2023-12-13,5,up,down,0.8365783095359802,0.06993873417377472,0.09348293393850327
Apple Inc.,2023-12-07,2023-12-14,5,up,down,0.7036494016647339,0.1559901088476181,0.14036044478416443
Apple Inc.,2023-12-08,2023-12-15,5,up,down,0.7590272426605225,0.10136321187019348,0.13960959017276764
Apple Inc.,2023-12-11,2023-12-18,5,up,down,0.5064853429794312,0.1199205294251442,0.37359413504600525
Apple Inc.,2023-12-12,2023-12-19,5,up,down,0.8299757242202759,0.020632611587643623,0.14939169585704803
Apple Inc.,2023-12-13,2023-12-20,5,flat,down,0.8240014910697937,0.043245766311883926,0.13275277614593506
Apple Inc.,2023-12-14,2023-12-21,5,down,down,0.5153794884681702,0.1256820112466812,0.3589384853839874
Apple Inc.,2023-12-15,2023-12-22,5,down,flat,0.2760275602340698,0.5139887928962708,0.20998363196849823
Apple Inc.,2023-12-18,2023-12-26,5,down,flat,0.29955023527145386,0.5027456879615784,0.19770409166812897
Apple Inc.,2023-12-19,2023-12-27,5,down,down,0.6996566653251648,0.13513608276844025,0.16520720720291138
Apple Inc.,2023-12-20,2023-12-28,5,down,down,0.6617704629898071,0.2192092388868332,0.1190202385187149
Apple Inc.,2023-12-21,2023-12-29,5,down,down,0.40976715087890625,0.32015907764434814,0.270073801279068
Apple Inc.,2023-12-22,2024-01-02,5,down,flat,0.34755825996398926,0.5258512496948242,0.12659049034118652
Apple Inc.,2023-12-26,2024-01-03,5,down,down,0.6008949875831604,0.19134072959423065,0.20776426792144775
Apple Inc.,2023-12-27,2024-01-04,5,down,down,0.632734477519989,0.19940751791000366,0.1678580492734909
Apple Inc.,2023-12-28,2024-01-05,5,down,down,0.8390766978263855,0.03892958536744118,0.1219937652349472
Apple Inc.,2023-12-29,2024-01-08,5,down,down,0.7409766912460327,0.07479546219110489,0.1842278391122818
Apple Inc.,2024-01-02,2024-01-09,5,down,down,0.8175650238990784,0.10374362021684647,0.07869137078523636
Apple Inc.,2024-01-03,2024-01-10,5,flat,down,0.6599167585372925,0.2950950860977173,0.04498816654086113
Apple Inc.,2024-01-04,2024-01-11,5,up,down,0.5873962640762329,0.2762128412723541,0.13639089465141296
Apple Inc.,2024-01-05,2024-01-12,5,up,down,0.74603271484375,0.1048082709312439,0.14915907382965088
Apple Inc.,2024-01-08,2024-01-16,5,flat,down,0.6916390061378479,0.16818678379058838,0.14017419517040253
Apple Inc.,2024-01-09,2024-01-17,5,down,down,0.5649057626724243,0.3899240791797638,0.0451701283454895
Apple Inc.,2024-01-10,2024-01-18,5,up,down,0.737192690372467,0.21311524510383606,0.04969203844666481
Apple Inc.,2024-01-11,2024-01-19,5,up,down,0.8033307790756226,0.1304090917110443,0.06626015901565552
Apple Inc.,2024-01-12,2024-01-22,5,up,down,0.763573408126831,0.15132400393486023,0.08510258048772812
Apple Inc.,2024-01-16,2024-01-23,5,up,down,0.8000480532646179,0.1219768226146698,0.07797509431838989
Apple Inc.,2024-01-17,2024-01-24,5,up,down,0.872462272644043,0.09413697570562363,0.03340068832039833
Apple Inc.,2024-01-18,2024-01-25,5,up,down,0.8661000728607178,0.10803153365850449,0.02586841583251953
Apple Inc.,2024-01-19,2024-01-26,5,up,down,0.6331942677497864,0.24963296949863434,0.11717280745506287
Apple Inc.,2024-01-22,2024-01-29,5,down,down,0.784885048866272,0.054455727338790894,0.16065922379493713
Apple Inc.,2024-01-23,2024-01-30,5,down,down,0.6415011882781982,0.09212043881416321,0.2663784325122833
Apple Inc.,2024-01-24,2024-01-31,5,down,down,0.6068986654281616,0.15096870064735413,0.24213266372680664
Apple Inc.,2024-01-25,2024-02-01,5,down,down,0.4627723693847656,0.39043182134628296,0.14679577946662903
Apple Inc.,2024-01-26,2024-02-02,5,down,flat,0.349309504032135,0.5709095597267151,0.07978092133998871
Apple Inc.,2024-01-29,2024-02-05,5,down,flat,0.1608736366033554,0.5834317207336426,0.2556946575641632
Apple Inc.,2024-01-30,2024-02-06,5,flat,up,0.2508683502674103,0.3257758319377899,0.4233557879924774
Apple Inc.,2024-01-31,2024-02-07,5,up,down,0.4098045825958252,0.270174503326416,0.3200208842754364
Apple Inc.,2024-02-01,2024-02-08,5,up,down,0.6438894271850586,0.24041754007339478,0.11569304764270782
Apple Inc.,2024-02-02,2024-02-09,5,up,down,0.5471371412277222,0.3451673090457916,0.10769559442996979
Apple Inc.,2024-02-05,2024-02-12,5,flat,down,0.6111891865730286,0.306210994720459,0.08259979635477066
Apple Inc.,2024-02-06,2024-02-13,5,down,down,0.4967663884162903,0.48496100306510925,0.018272584304213524
Apple Inc.,2024-02-07,2024-02-14,5,down,down,0.6044830679893494,0.3301796019077301,0.06533733010292053
Apple Inc.,2024-02-08,2024-02-15,5,down,down,0.7720465064048767,0.18217095732688904,0.04578256607055664
Apple Inc.,2024-02-09,2024-02-16,5,down,down,0.645149827003479,0.27610599994659424,0.07874419540166855
Apple Inc.,2024-02-12,2024-02-20,5,down,down,0.6133676767349243,0.3377503752708435,0.04888198897242546
Apple Inc.,2024-02-13,2024-02-21,5,down,down,0.5681719779968262,0.3718833029270172,0.05994473770260811
Apple Inc.,2024-02-14,2024-02-22,5,flat,down,0.8696668148040771,0.0893518328666687,0.040981367230415344
Apple Inc.,2024-02-15,2024-02-23,5,flat,down,0.8531981110572815,0.0847872644662857,0.062014639377593994
Apple Inc.,2024-02-16,2024-02-26,5,flat,down,0.8088818788528442,0.042334072291851044,0.1487840861082077
Apple Inc.,2024-02-20,2024-02-27,5,flat,down,0.6606642007827759,0.07762046158313751,0.2617153227329254
Apple Inc.,2024-02-21,2024-02-28,5,flat,down,0.6611191630363464,0.11469464004039764,0.22418613731861115
Apple Inc.,2024-02-22,2024-02-29,5,down,down,0.744245707988739,0.16936054825782776,0.08639370650053024
Apple Inc.,2024-02-23,2024-03-01,5,down,down,0.8227425217628479,0.13038259744644165,0.04687488079071045
Apple Inc.,2024-02-26,2024-03-04,5,down,down,0.8449293375015259,0.0950903594493866,0.05998026579618454
Apple Inc.,2024-02-27,2024-03-05,5,down,down,0.8687760829925537,0.08416134864091873,0.047062601894140244
Apple Inc.,2024-02-28,2024-03-06,5,down,down,0.8210910558700562,0.10966091603040695,0.06924796849489212
Apple Inc.,2024-02-29,2024-03-07,5,down,down,0.8144580125808716,0.05961265414953232,0.12592937052249908
Apple Inc.,2024-03-01,2024-03-08,5,down,down,0.7481731176376343,0.07368059456348419,0.17814630270004272
Apple Inc.,2024-03-04,2024-03-11,5,down,down,0.616711437702179,0.22836966812610626,0.15491889417171478
Apple Inc.,2024-03-05,2024-03-12,5,up,up,0.19226400554180145,0.20592100918293,0.6018149852752686
Apple Inc.,2024-03-06,2024-03-13,5,up,up,0.23661597073078156,0.1331726461648941,0.6302114129066467
Apple Inc.,2024-03-07,2024-03-14,5,up,up,0.24486824870109558,0.12074130028486252,0.6343904733657837
Apple Inc.,2024-03-08,2024-03-15,5,flat,down,0.6688087582588196,0.04695109277963638,0.284240186214447
Apple Inc.,2024-03-11,2024-03-18,5,up,down,0.7649310827255249,0.16429118812084198,0.0707777738571167
Apple Inc.,2024-03-12,2024-03-19,5,up,down,0.7608767747879028,0.13229097425937653,0.10683222115039825
Apple Inc.,2024-03-13,2024-03-20,5,up,down,0.7894390821456909,0.11172884702682495,0.0988321304321289
Apple Inc.,2024-03-14,2024-03-21,5,flat,down,0.8126487135887146,0.103582002222538,0.083769291639328
Apple Inc.,2024-03-15,2024-03-22,5,flat,down,0.65875643491745,0.1313370168209076,0.20990651845932007
Apple Inc.,2024-03-18,2024-03-25,5,down,down,0.7194583415985107,0.15303969383239746,0.1275019496679306
Apple Inc.,2024-03-19,2024-03-26,5,down,down,0.7259883284568787,0.17983494699001312,0.09417667239904404
Apple Inc.,2024-03-20,2024-03-27,5,down,down,0.903520941734314,0.02794567495584488,0.06853346526622772
Apple Inc.,2024-03-21,2024-03-28,5,down,down,0.7017565369606018,0.17340867221355438,0.1248348131775856
Apple Inc.,2024-03-22,2024-04-01,5,flat,down,0.5406061410903931,0.17451782524585724,0.2848759889602661
Apple Inc.,2024-03-25,2024-04-02,5,down,up,0.29680705070495605,0.27715519070625305,0.4260377287864685
Apple Inc.,2024-03-26,2024-04-03,5,flat,down,0.47463005781173706,0.11896364390850067,0.4064062535762787
Apple Inc.,2024-03-27,2024-04-04,5,down,down,0.632885217666626,0.0870504379272461,0.28006434440612793
Apple Inc.,2024-03-28,2024-04-05,5,down,down,0.6486124992370605,0.19359654188156128,0.15779094398021698
Apple Inc.,2024-04-01,2024-04-08,5,down,down,0.6281559467315674,0.19152089953422546,0.18032319843769073
Apple Inc.,2024-04-02,2024-04-09,5,flat,down,0.6256144642829895,0.13336995244026184,0.24101556837558746
Apple Inc.,2024-04-03,2024-04-10,5,flat,down,0.6560670137405396,0.13724203407764435,0.2066909819841385
Apple Inc.,2024-04-04,2024-04-11,5,up,down,0.7524192929267883,0.12720230221748352,0.12037843465805054
Apple Inc.,2024-04-05,2024-04-12,5,up,down,0.7979035377502441,0.12388372421264648,0.07821278274059296
Apple Inc.,2024-04-08,2024-04-15,5,up,down,0.6965178847312927,0.1498689502477646,0.1536131203174591
Apple Inc.,2024-04-09,2024-04-16,5,up,down,0.8272639513015747,0.05908922106027603,0.11364684998989105
Apple Inc.,2024-04-10,2024-04-17,5,flat,down,0.7844549417495728,0.10669814795255661,0.10884696990251541
Apple Inc.,2024-04-11,2024-04-18,5,down,down,0.7125447392463684,0.08031350374221802,0.20714175701141357
Apple Inc.,2024-04-12,2024-04-19,5,down,down,0.5073041319847107,0.059705499559640884,0.4329903721809387
Apple Inc.,2024-04-15,2024-04-22,5,down,down,0.47781479358673096,0.1598636656999588,0.3623215854167938
Apple Inc.,2024-04-16,2024-04-23,5,down,up,0.22376933693885803,0.33089813590049744,0.4453325569629669
Apple Inc.,2024-04-17,2024-04-24,5,flat,up,0.10720609128475189,0.18892842531204224,0.7038655281066895
Apple Inc.,2024-04-18,2024-04-25,5,up,up,0.21274589002132416,0.2239464372396469,0.5633077025413513
Apple Inc.,2024-04-19,2024-04-26,5,up,down,0.5742025375366211,0.18038833141326904,0.24540916085243225
Apple Inc.,2024-04-22,2024-04-29,5,up,down,0.8132863640785217,0.07454311102628708,0.11217048764228821
Apple Inc.,2024-04-23,2024-04-30,5,up,down,0.8541679978370667,0.10642611980438232,0.03940592333674431
Apple Inc.,2024-04-24,2024-05-01,5,up,down,0.8400325775146484,0.10393153131008148,0.05603589117527008
Apple Inc.,2024-04-25,2024-05-02,5,up,down,0.7330653667449951,0.08266378194093704,0.18427081406116486
Apple Inc.,2024-04-26,2024-05-03,5,up,down,0.7195560932159424,0.12688975036144257,0.15355412662029266
Apple Inc.,2024-04-29,2024-05-06,5,up,down,0.822934091091156,0.0473487451672554,0.12971718609333038
Apple Inc.,2024-04-30,2024-05-07,5,up,down,0.824952244758606,0.07217355072498322,0.10287415236234665
Apple Inc.,2024-05-01,2024-05-08,5,up,down,0.6581553816795349,0.18598900735378265,0.15585565567016602
Apple Inc.,2024-05-02,2024-05-09,5,up,down,0.651313304901123,0.13964742422103882,0.20903930068016052
Apple Inc.,2024-05-03,2024-05-10,5,flat,down,0.9266049861907959,0.05235670506954193,0.021038250997662544
Apple Inc.,2024-05-06,2024-05-13,5,up,down,0.765300989151001,0.21028022468090057,0.024418765679001808
Apple Inc.,2024-05-07,2024-05-14,5,up,down,0.8636859059333801,0.12458103150129318,0.011733089573681355
Apple Inc.,2024-05-08,2024-05-15,5,up,down,0.7046716213226318,0.27070125937461853,0.024627164006233215
Apple Inc.,2024-05-09,2024-05-16,5,up,down,0.8631863594055176,0.11723700165748596,0.019576625898480415
Apple Inc.,2024-05-10,2024-05-17,5,up,down,0.6287057995796204,0.3171205222606659,0.05417364463210106
Apple Inc.,2024-05-13,2024-05-20,5,up,down,0.7363494038581848,0.21893389523029327,0.04471667855978012
Apple Inc.,2024-05-14,2024-05-21,5,up,down,0.8068369626998901,0.17447662353515625,0.018686436116695404
Apple Inc.,2024-05-15,2024-05-22,5,up,down,0.8515980839729309,0.13425974547863007,0.014142139814794064
Apple Inc.,2024-05-16,2024-05-23,5,flat,down,0.9369601607322693,0.04654500260949135,0.016494814306497574
Apple Inc.,2024-05-17,2024-05-24,5,flat,down,0.8447965979576111,0.13834218680858612,0.016861222684383392
Apple Inc.,2024-05-20,2024-05-28,5,flat,down,0.8420650959014893,0.13571879267692566,0.022216105833649635
Apple Inc.,2024-05-21,2024-05-29,5,flat,down,0.8740895986557007,0.09912164509296417,0.026788800954818726
Apple Inc.,2024-05-22,2024-05-30,5,flat,flat,0.43401196599006653,0.5165640711784363,0.04942401126027107
Apple Inc.,2024-05-23,2024-05-31,5,up,flat,0.1712748110294342,0.744455099105835,0.08427008986473083
Apple Inc.,2024-05-24,2024-06-03,5,up,flat,0.2671264111995697,0.6535850763320923,0.0792885422706604
Apple Inc.,2024-05-28,2024-06-04,5,up,down,0.7270126938819885,0.1373298615217209,0.13565750420093536
Apple Inc.,2024-05-29,2024-06-05,5,up,down,0.5705294609069824,0.314496248960495,0.1149742528796196
Apple Inc.,2024-05-30,2024-06-06,5,up,down,0.6749005913734436,0.1910088211297989,0.1340906023979187
Apple Inc.,2024-05-31,2024-06-07,5,up,down,0.7267225384712219,0.1847659796476364,0.08851148188114166
Apple Inc.,2024-06-03,2024-06-10,5,flat,down,0.6779024600982666,0.1297929286956787,0.1923045963048935
Apple Inc.,2024-06-04,2024-06-11,5,up,down,0.7861327528953552,0.06516967713832855,0.14869756996631622
Apple Inc.,2024-06-05,2024-06-12,5,up,down,0.7759946584701538,0.07532769441604614,0.14867763221263885
Apple Inc.,2024-06-06,2024-06-13,5,up,down,0.7609850764274597,0.08284314721822739,0.15617172420024872
Apple Inc.,2024-06-07,2024-06-14,5,up,down,0.8273738622665405,0.05703851208090782,0.11558757722377777
Apple Inc.,2024-06-13,2024-06-18,5,flat,down,0.6504148840904236,0.32241585850715637,0.02716931141912937
"Meta Platforms, Inc.",2022-01-14,2022-01-24,5,down,down,0.4474121928215027,0.2829062342643738,0.26968154311180115
"Meta Platforms, Inc.",2022-01-18,2022-01-25,5,down,up,0.0461423359811306,0.10905320197343826,0.8448045253753662
"Meta Platforms, Inc.",2022-01-19,2022-01-26,5,down,up,0.012944446876645088,0.0698157399892807,0.9172398447990417
"Meta Platforms, Inc.",2022-01-20,2022-01-27,5,down,up,0.015754366293549538,0.09590298682451248,0.8883426189422607
"Meta Platforms, Inc.",2022-01-21,2022-01-28,5,down,up,0.005175402387976646,0.03170440346002579,0.96312016248703
"Meta Platforms, Inc.",2022-01-24,2022-01-31,5,flat,up,0.024287013337016106,0.03928975760936737,0.9364233016967773
"Meta Platforms, Inc.",2022-01-25,2022-02-01,5,up,up,0.0161275677382946,0.07141776382923126,0.9124546647071838
"Meta Platforms, Inc.",2022-01-26,2022-02-02,5,up,up,0.02177578955888748,0.07128025591373444,0.9069439768791199
"Meta Platforms, Inc.",2022-01-27,2022-02-03,5,down,up,0.04136458411812782,0.12225811928510666,0.8363772630691528
"Meta Platforms, Inc.",2022-01-28,2022-02-04,5,down,up,0.051744524389505386,0.06167672201991081,0.8865787982940674
"Meta Platforms, Inc.",2022-01-31,2022-02-07,5,down,up,0.03754488378763199,0.1150449812412262,0.8474101424217224
"Meta Platforms, Inc.",2022-02-01,2022-02-08,5,down,up,0.09169383347034454,0.04187246784567833,0.8664336800575256
"Meta Platforms, Inc.",2022-02-02,2022-02-09,5,down,down,0.4010747969150543,0.3867795467376709,0.21214567124843597
"Meta Platforms, Inc.",2022-02-03,2022-02-10,5,down,up,0.10789954662322998,0.38165977597236633,0.5104407072067261
"Meta Platforms, Inc.",2022-02-04,2022-02-11,5,down,up,0.12429852783679962,0.0669088140130043,0.8087926506996155
"Meta Platforms, Inc.",2022-02-07,2022-02-14,5,down,up,0.12237268686294556,0.055292267352342606,0.8223350644111633
"Meta Platforms, Inc.",2022-02-08,2022-02-15,5,flat,up,0.16904745995998383,0.11780031025409698,0.7131522297859192
"Meta Platforms, Inc.",2022-02-09,2022-02-16,5,down,up,0.17292965948581696,0.1354912370443344,0.6915791630744934
"Meta Platforms, Inc.",2022-02-10,2022-02-17,5,down,up,0.08227012306451797,0.12202177941799164,0.7957081198692322
"Meta Platforms, Inc.",2022-02-11,2022-02-18,5,down,up,0.09736759960651398,0.3384898006916046,0.564142644405365
"Meta Platforms, Inc.",2022-02-14,2022-02-22,5,down,up,0.1787181943655014,0.12865518033504486,0.6926266551017761
"Meta Platforms, Inc.",2022-02-15,2022-02-23,5,down,up,0.11987804621458054,0.15531717240810394,0.7248048186302185
"Meta Platforms, Inc.",2022-02-16,2022-02-24,5,down,up,0.25588884949684143,0.11036597192287445,0.6337452530860901
"Meta Platforms, Inc.",2022-02-17,2022-02-25,5,flat,up,0.39983129501342773,0.15482516586780548,0.445343554019928
"Meta Platforms, Inc.",2022-02-18,2022-02-28,5,flat,up,0.44220244884490967,0.10471893101930618,0.45307859778404236
"Meta Platforms, Inc.",2022-02-22,2022-03-01,5,flat,down,0.46026936173439026,0.1549769937992096,0.38475361466407776
"Meta Platforms, Inc.",2022-02-23,2022-03-02,5,flat,up,0.31854161620140076,0.19193194806575775,0.4895264208316803
"Meta Platforms, Inc.",2022-02-24,2022-03-03,5,up,up,0.23713572323322296,0.07908906042575836,0.6837751865386963
"Meta Platforms, Inc.",2022-02-25,2022-03-04,5,down,up,0.21330350637435913,0.05260957404971123,0.7340869307518005
"Meta Platforms, Inc.",2022-02-28,2022-03-07,5,down,up,0.17551663517951965,0.19146671891212463,0.6330166459083557
"Meta Platforms, Inc.",2022-03-01,2022-03-08,5,down,up,0.13220824301242828,0.17818835377693176,0.6896033883094788
"Meta Platforms, Inc.",2022-03-02,2022-03-09,5,down,up,0.1110297292470932,0.14314152300357819,0.7458288073539734
"Meta Platforms, Inc.",2022-03-03,2022-03-10,5,down,up,0.3624858856201172,0.19257809221744537,0.44493600726127625
"Meta Platforms, Inc.",2022-03-04,2022-03-11,5,down,up,0.18735571205615997,0.03577420860528946,0.77687007188797
"Meta Platforms, Inc.",2022-03-07,2022-03-14,5,down,down,0.6283116936683655,0.046360332518815994,0.3253280222415924
"Meta Platforms, Inc.",2022-03-08,2022-03-15,5,flat,up,0.40829092264175415,0.03118961676955223,0.5605194568634033
"Meta Platforms, Inc.",2022-03-09,2022-03-16,5,flat,down,0.6225571036338806,0.0317988395690918,0.3456440567970276
"Meta Platforms, Inc.",2022-03-10,2022-03-17,5,up,down,0.6446191668510437,0.014495904557406902,0.34088489413261414
"Meta Platforms, Inc.",2022-03-11,2022-03-18,5,up,down,0.8166720867156982,0.024176375940442085,0.15915155410766602
"Meta Platforms, Inc.",2022-03-14,2022-03-21,5,up,down,0.5034177899360657,0.024165663868188858,0.47241654992103577
"Meta Platforms, Inc.",2022-03-15,2022-03-22,5,up,down,0.8020984530448914,0.031209848821163177,0.16669167578220367
"Meta Platforms, Inc.",2022-03-16,2022-03-23,5,up,down,0.5526867508888245,0.16931763291358948,0.27799564599990845
"Meta Platforms, Inc.",2022-03-17,2022-03-24,5,up,flat,0.38476672768592834,0.4535515308380127,0.16168177127838135
"Meta Platforms, Inc.",2022-03-18,2022-03-25,5,up,flat,0.36576151847839355,0.4911816716194153,0.14305676519870758
"Meta Platforms, Inc.",2022-03-21,2022-03-28,5,up,flat,0.27710196375846863,0.6318016648292542,0.0910964161157608
"Meta Platforms, Inc.",2022-03-22,2022-03-29,5,up,flat,0.35452574491500854,0.5860902667045593,0.05938398838043213
"Meta Platforms, Inc.",2022-03-23,2022-03-30,5,up,flat,0.16077694296836853,0.6033110022544861,0.23591206967830658
"Meta Platforms, Inc.",2022-03-24,2022-03-31,5,up,down,0.5000209808349609,0.408831387758255,0.09114760905504227
"Meta Platforms, Inc.",2022-03-25,2022-04-01,5,flat,down,0.5681435465812683,0.37572428584098816,0.056132156401872635
"Meta Platforms, Inc.",2022-03-28,2022-04-04,5,up,down,0.45883119106292725,0.3830251693725586,0.15814366936683655
"Meta Platforms, Inc.",2022-03-29,2022-04-05,5,up,down,0.5729246735572815,0.2753733992576599,0.15170200169086456
"Meta Platforms, Inc.",2022-03-30,2022-04-06,5,flat,down,0.5753438472747803,0.3066958487033844,0.11796032637357712
"Meta Platforms, Inc.",2022-03-31,2022-04-07,5,flat,down,0.3990808427333832,0.27194786071777344,0.32897132635116577
"Meta Platforms, Inc.",2022-04-01,2022-04-08,5,flat,down,0.45277804136276245,0.1225033849477768,0.42471855878829956
"Meta Platforms, Inc.",2022-04-04,2022-04-11,5,down,up,0.29389336705207825,0.17705722153186798,0.5290493965148926
"Meta Platforms, Inc.",2022-04-05,2022-04-12,5,down,down,0.6487777829170227,0.15510204434394836,0.19612014293670654
"Meta Platforms, Inc.",2022-04-06,2022-04-13,5,down,up,0.1595645695924759,0.016913365572690964,0.8235220313072205
"Meta Platforms, Inc.",2022-04-07,2022-04-14,5,down,up,0.29037949442863464,0.01690317504107952,0.6927173137664795
"Meta Platforms, Inc.",2022-04-08,2022-04-18,5,down,up,0.20177942514419556,0.023653198033571243,0.7745673656463623
"Meta Platforms, Inc.",2022-04-11,2022-04-19,5,down,up,0.06838802248239517,0.03342753276228905,0.8981844186782837
"Meta Platforms, Inc.",2022-04-12,2022-04-20,5,down,up,0.20926308631896973,0.17130635678768158,0.6194305419921875
"Meta Platforms, Inc.",2022-04-13,2022-04-21,5,down,up,0.1543145626783371,0.012945692986249924,0.8327397704124451
"Meta Platforms, Inc.",2022-04-14,2022-04-22,5,down,up,0.10800080746412277,0.17419125139713287,0.717807948589325
"Meta Platforms, Inc.",2022-04-18,2022-04-25,5,down,up,0.10249950736761093,0.1434161216020584,0.7540843486785889
"Meta Platforms, Inc.",2022-04-19,2022-04-26,5,down,up,0.228279709815979,0.25061967968940735,0.5211005806922913
"Meta Platforms, Inc.",2022-04-20,2022-04-27,5,down,up,0.15525224804878235,0.16256995499134064,0.6821777820587158
"Meta Platforms, Inc.",2022-04-21,2022-04-28,5,up,down,0.513247013092041,0.07869280129671097,0.4080601632595062
"Meta Platforms, Inc.",2022-04-22,2022-04-29,5,up,down,0.6626887917518616,0.06570013612508774,0.27161112427711487
"Meta Platforms, Inc.",2022-04-25,2022-05-02,5,up,down,0.7139286398887634,0.03831452503800392,0.24775679409503937
"Meta Platforms, Inc.",2022-04-26,2022-05-03,5,up,down,0.75509113073349,0.06345228105783463,0.18145661056041718
"Meta Platforms, Inc.",2022-04-27,2022-05-04,5,up,down,0.921000599861145,0.02055450528860092,0.058444857597351074
"Meta Platforms, Inc.",2022-04-28,2022-05-05,5,up,down,0.4141167402267456,0.18355675041675568,0.40232646465301514
"Meta Platforms, Inc.",2022-04-29,2022-05-06,5,flat,flat,0.27057579159736633,0.5158752202987671,0.213548943400383
"Meta Platforms, Inc.",2022-05-02,2022-05-09,5,down,down,0.4105878174304962,0.33393391966819763,0.25547823309898376
"Meta Platforms, Inc.",2022-05-03,2022-05-10,5,down,flat,0.39650753140449524,0.4971853792667389,0.10630704462528229
"Meta Platforms, Inc.",2022-05-04,2022-05-11,5,down,flat,0.3454631268978119,0.5931036472320557,0.061433181166648865
"Meta Platforms, Inc.",2022-05-05,2022-05-12,5,down,down,0.5192657113075256,0.3410744369029999,0.1396598517894745
"Meta Platforms, Inc.",2022-05-06,2022-05-13,5,down,up,0.3373218774795532,0.15508010983467102,0.5075979828834534
"Meta Platforms, Inc.",2022-05-09,2022-05-16,5,flat,up,0.4568934738636017,0.0541849210858345,0.4889216125011444
"Meta Platforms, Inc.",2022-05-10,2022-05-17,5,flat,down,0.45301327109336853,0.16327904164791107,0.3837077021598816
"Meta Platforms, Inc.",2022-05-11,2022-05-18,5,flat,down,0.7087748050689697,0.07004954665899277,0.22117562592029572
"Meta Platforms, Inc.",2022-05-12,2022-05-19,5,flat,down,0.7958250641822815,0.05123450234532356,0.15294046700000763
"Meta Platforms, Inc.",2022-05-13,2022-05-20,5,flat,down,0.7721395492553711,0.14233045279979706,0.08553006500005722
"Meta Platforms, Inc.",2022-05-16,2022-05-23,5,flat,down,0.713579535484314,0.23598766326904297,0.05043280869722366
"Meta Platforms, Inc.",2022-05-17,2022-05-24,5,down,down,0.7091928720474243,0.21132664382457733,0.07948046177625656
"Meta Platforms, Inc.",2022-05-18,2022-05-25,5,down,down,0.5139820575714111,0.15510722994804382,0.33091068267822266
"Meta Platforms, Inc.",2022-05-19,2022-05-26,5,flat,down,0.7592753767967224,0.06910707801580429,0.1716175675392151
"Meta Platforms, Inc.",2022-05-20,2022-05-27,5,flat,down,0.7582693099975586,0.09609457105398178,0.14563612639904022
"Meta Platforms, Inc.",2022-05-23,2022-05-31,5,flat,down,0.6753327250480652,0.13834825158119202,0.186319038271904
"Meta Platforms, Inc.",2022-05-24,2022-06-01,5,up,down,0.7843570709228516,0.11301058530807495,0.10263238102197647
"Meta Platforms, Inc.",2022-05-25,2022-06-02,5,up,down,0.7594236731529236,0.06442512571811676,0.17615120112895966
"Meta Platforms, Inc.",2022-05-26,2022-06-03,5,up,down,0.8295071721076965,0.10750987380743027,0.06298289448022842
"Meta Platforms, Inc.",2022-05-27,2022-06-06,5,flat,down,0.8045805096626282,0.05384575575590134,0.1415737122297287
"Meta Platforms, Inc.",2022-05-31,2022-06-07,5,flat,down,0.8160763382911682,0.1041797548532486,0.0797438845038414
"Meta Platforms, Inc.",2022-06-01,2022-06-08,5,flat,down,0.6200283765792847,0.3019355535507202,0.0780360996723175
"Meta Platforms, Inc.",2022-06-02,2022-06-09,5,flat,flat,0.26609984040260315,0.6914706230163574,0.04242951422929764
"Meta Platforms, Inc.",2022-06-03,2022-06-10,5,down,flat,0.19510678946971893,0.7638630270957947,0.041030190885066986
"Meta Platforms, Inc.",2022-06-06,2022-06-13,5,down,down,0.5007826685905457,0.16478677093982697,0.3344305753707886
"Meta Platforms, Inc.",2022-06-07,2022-06-14,5,down,down,0.5335115790367126,0.19474859535694122,0.27173981070518494
"Meta Platforms, Inc.",2022-06-08,2022-06-15,5,down,down,0.47894272208213806,0.3570362329483032,0.1640210896730423
"Meta Platforms, Inc.",2022-06-09,2022-06-16,5,down,up,0.19606900215148926,0.02021147683262825,0.783719539642334
"Meta Platforms, Inc.",2022-06-10,2022-06-17,5,down,down,0.5655829310417175,0.16793318092823029,0.266483873128891
"Meta Platforms, Inc.",2022-06-13,2022-06-21,5,down,down,0.6810045838356018,0.1177731528878212,0.20122231543064117
"Meta Platforms, Inc.",2022-06-14,2022-06-22,5,down,down,0.8949267268180847,0.02607635222375393,0.07899696379899979
"Meta Platforms, Inc.",2022-06-15,2022-06-23,5,down,down,0.8584311604499817,0.05455445870757103,0.08701442927122116
"Meta Platforms, Inc.",2022-06-16,2022-06-24,5,flat,down,0.811165452003479,0.09972646087408066,0.08910812437534332
"Meta Platforms, Inc.",2022-06-17,2022-06-27,5,up,up,0.18248438835144043,0.2958037555217743,0.5217118263244629
"Meta Platforms, Inc.",2022-06-21,2022-06-28,5,flat,flat,0.027820901945233345,0.7190723419189453,0.2531067430973053
"Meta Platforms, Inc.",2022-06-22,2022-06-29,5,up,up,0.03141216188669205,0.3325132131576538,0.6360746622085571
"Meta Platforms, Inc.",2022-06-23,2022-06-30,5,up,up,0.029791129752993584,0.3268994688987732,0.6433094143867493
"Meta Platforms, Inc.",2022-06-24,2022-07-01,5,down,up,0.009033831767737865,0.13540638983249664,0.855559766292572
"Meta Platforms, Inc.",2022-06-27,2022-07-05,5,down,flat,0.01164218783378601,0.5034196376800537,0.4849381744861603
"Meta Platforms, Inc.",2022-06-28,2022-07-06,5,flat,flat,0.011484337970614433,0.5488353967666626,0.4396803081035614
"Meta Platforms, Inc.",2022-06-29,2022-07-07,5,up,up,0.02577105350792408,0.37610623240470886,0.5981227159500122
"Meta Platforms, Inc.",2022-06-30,2022-07-08,5,up,up,0.04811945557594299,0.12678182125091553,0.8250987529754639
"Meta Platforms, Inc.",2022-07-01,2022-07-11,5,up,up,0.017303774133324623,0.018432676792144775,0.9642635583877563
"Meta Platforms, Inc.",2022-07-05,2022-07-12,5,flat,up,0.03652968257665634,0.15156136453151703,0.8119089007377625
"Meta Platforms, Inc.",2022-07-06,2022-07-13,5,down,up,0.02993430756032467,0.2211480289697647,0.7489176392555237
"Meta Platforms, Inc.",2022-07-07,2022-07-14,5,down,flat,0.045586470514535904,0.6837319135665894,0.27068158984184265
"Meta Platforms, Inc.",2022-07-08,2022-07-15,5,down,flat,0.017830723896622658,0.7464082837104797,0.23576103150844574
"Meta Platforms, Inc.",2022-07-11,2022-07-18,5,flat,up,0.042880624532699585,0.2552259564399719,0.7018934488296509
"Meta Platforms, Inc.",2022-07-12,2022-07-19,5,up,up,0.037520457059144974,0.12115734815597534,0.8413221836090088
"Meta Platforms, Inc.",2022-07-13,2022-07-20,5,up,up,0.04863978922367096,0.041703782975673676,0.9096564650535583
"Meta Platforms, Inc.",2022-07-14,2022-07-21,5,up,up,0.03106001205742359,0.040532421320676804,0.9284075498580933
"Meta Platforms, Inc.",2022-07-15,2022-07-22,5,up,up,0.12964943051338196,0.36734864115715027,0.5030019879341125
"Meta Platforms, Inc.",2022-07-18,2022-07-25,5,flat,flat,0.022138839587569237,0.9552047252655029,0.022656423971056938
"Meta Platforms, Inc.",2022-07-19,2022-07-26,5,down,flat,0.030960625037550926,0.9068654775619507,0.062173888087272644
"Meta Platforms, Inc.",2022-07-20,2022-07-27,5,down,up,0.26491913199424744,0.33737194538116455,0.3977089822292328
"Meta Platforms, Inc.",2022-07-21,2022-07-28,5,down,up,0.24438391625881195,0.25763025879859924,0.4979858100414276
"Meta Platforms, Inc.",2022-07-22,2022-07-29,5,down,up,0.03676104173064232,0.04869680851697922,0.9145421981811523
"Meta Platforms, Inc.",2022-07-25,2022-08-01,5,down,up,0.014094766229391098,0.01507143210619688,0.9708338379859924
"Meta Platforms, Inc.",2022-07-26,2022-08-02,5,flat,up,0.013778284192085266,0.010765716433525085,0.9754560589790344
"Meta Platforms, Inc.",2022-07-27,2022-08-03,5,flat,up,0.019288798794150352,0.10910601168870926,0.8716051578521729
"Meta Platforms, Inc.",2022-07-28,2022-08-04,5,up,up,0.06273887306451797,0.1497417837381363,0.7875193357467651
"Meta Platforms, Inc.",2022-07-29,2022-08-05,5,up,up,0.035965923219919205,0.14360272884368896,0.8204313516616821
"Meta Platforms, Inc.",2022-08-01,2022-08-08,5,up,up,0.0189216248691082,0.18087106943130493,0.8002073168754578
"Meta Platforms, Inc.",2022-08-02,2022-08-09,5,up,up,0.005163607653230429,0.1022508293390274,0.8925855159759521
"Meta Platforms, Inc.",2022-08-03,2022-08-10,5,up,up,0.01955007016658783,0.2558826208114624,0.7245673537254333
"Meta Platforms, Inc.",2022-08-04,2022-08-11,5,up,up,0.0427020899951458,0.12109868228435516,0.836199164390564
"Meta Platforms, Inc.",2022-08-05,2022-08-12,5,up,up,0.04253895580768585,0.386476993560791,0.5709840655326843
"Meta Platforms, Inc.",2022-08-08,2022-08-15,5,up,up,0.11704865097999573,0.2442212551832199,0.6387300491333008
"Meta Platforms, Inc.",2022-08-09,2022-08-16,5,up,up,0.022111523896455765,0.06581499427556992,0.9120734930038452
"Meta Platforms, Inc.",2022-08-10,2022-08-17,5,flat,up,0.10290978103876114,0.2973679304122925,0.5997223258018494
"Meta Platforms, Inc.",2022-08-11,2022-08-18,5,down,up,0.11469900608062744,0.2768963575363159,0.6084046363830566
"Meta Platforms, Inc.",2022-08-12,2022-08-19,5,down,up,0.06213356554508209,0.3259696662425995,0.6118967533111572
"Meta Platforms, Inc.",2022-08-15,2022-08-22,5,down,up,0.02395828813314438,0.09306316822767258,0.8829785585403442
"Meta Platforms, Inc.",2022-08-16,2022-08-23,5,down,up,0.024935204535722733,0.058505140244960785,0.9165596961975098
"Meta Platforms, Inc.",2022-08-17,2022-08-24,5,down,up,0.01978510431945324,0.034072622656822205,0.9461422562599182
"Meta Platforms, Inc.",2022-08-18,2022-08-25,5,down,up,0.012170408852398396,0.08240307122468948,0.9054265022277832
"Meta Platforms, Inc.",2022-08-19,2022-08-26,5,down,up,0.0525786355137825,0.10007437318563461,0.8473469614982605
"Meta Platforms, Inc.",2022-08-22,2022-08-29,5,down,up,0.025118302553892136,0.10530003905296326,0.8695816397666931
"Meta Platforms, Inc.",2022-08-23,2022-08-30,5,down,up,0.07589106261730194,0.20572532713413239,0.7183836102485657
"Meta Platforms, Inc.",2022-08-24,2022-08-31,5,flat,up,0.0702926442027092,0.3047671914100647,0.6249401569366455
"Meta Platforms, Inc.",2022-08-25,2022-09-01,5,flat,flat,0.026798851788043976,0.7719780802726746,0.20122301578521729
"Meta Platforms, Inc.",2022-08-26,2022-09-02,5,flat,flat,0.03152415528893471,0.6918944716453552,0.27658137679100037
"Meta Platforms, Inc.",2022-08-29,2022-09-06,5,flat,up,0.087172731757164,0.44379138946533203,0.4690358638763428
"Meta Platforms, Inc.",2022-08-30,2022-09-07,5,flat,up,0.07462362200021744,0.2015620768070221,0.7238143086433411
"Meta Platforms, Inc.",2022-08-31,2022-09-08,5,down,up,0.026425762102007866,0.2435968816280365,0.7299773097038269
"Meta Platforms, Inc.",2022-09-01,2022-09-09,5,flat,flat,0.026330819353461266,0.5603673458099365,0.4133017957210541
"Meta Platforms, Inc.",2022-09-02,2022-09-12,5,up,flat,0.06318709254264832,0.5320574641227722,0.40475544333457947
"Meta Platforms, Inc.",2022-09-06,2022-09-13,5,flat,up,0.024772783741354942,0.25694864988327026,0.7182785868644714
"Meta Platforms, Inc.",2022-09-07,2022-09-14,5,down,up,0.03407638892531395,0.13557001948356628,0.8303535580635071
"Meta Platforms, Inc.",2022-09-08,2022-09-15,5,down,up,0.029330894351005554,0.20726370811462402,0.763405442237854
"Meta Platforms, Inc.",2022-09-09,2022-09-16,5,down,up,0.031541064381599426,0.17786380648612976,0.7905951142311096
"Meta Platforms, Inc.",2022-09-12,2022-09-19,5,down,up,0.18417994678020477,0.2722254991531372,0.5435945391654968
"Meta Platforms, Inc.",2022-09-13,2022-09-20,5,down,up,0.02430364117026329,0.06793957203626633,0.9077568054199219
"Meta Platforms, Inc.",2022-09-14,2022-09-21,5,down,up,0.006274187006056309,0.06675368547439575,0.9269720911979675
"Meta Platforms, Inc.",2022-09-15,2022-09-22,5,down,up,0.00949737336486578,0.0486493781208992,0.9418532252311707
"Meta Platforms, Inc.",2022-09-16,2022-09-23,5,down,up,0.019402550533413887,0.11940091103315353,0.8611965179443359
"Meta Platforms, Inc.",2022-09-19,2022-09-26,5,down,up,0.024049220606684685,0.13636669516563416,0.8395841121673584
"Meta Platforms, Inc.",2022-09-20,2022-09-27,5,down,up,0.019580457359552383,0.10965836048126221,0.8707612156867981
"Meta Platforms, Inc.",2022-09-21,2022-09-28,5,down,up,0.03659239411354065,0.06225840002298355,0.9011492133140564
"Meta Platforms, Inc.",2022-09-22,2022-09-29,5,down,up,0.01843334175646305,0.03129487857222557,0.9502717852592468
"Meta Platforms, Inc.",2022-09-23,2022-09-30,5,down,up,0.030199706554412842,0.028020286932587624,0.9417800307273865
"Meta Platforms, Inc.",2022-09-26,2022-10-03,5,flat,up,0.010160301811993122,0.028275029733777046,0.9615646004676819
"Meta Platforms, Inc.",2022-09-27,2022-10-04,5,up,up,0.011839774437248707,0.061847809702157974,0.9263123869895935
"Meta Platforms, Inc.",2022-09-28,2022-10-05,5,flat,up,0.008233150467276573,0.09596677124500275,0.8958001136779785
"Meta Platforms, Inc.",2022-09-29,2022-10-06,5,flat,up,0.013259177096188068,0.1337762027978897,0.8529646396636963
"Meta Platforms, Inc.",2022-09-30,2022-10-07,5,flat,up,0.008762547746300697,0.09815160185098648,0.8930858373641968
"Meta Platforms, Inc.",2022-10-03,2022-10-10,5,down,up,0.02217228338122368,0.16600283980369568,0.8118249177932739
"Meta Platforms, Inc.",2022-10-04,2022-10-11,5,down,flat,0.02536969818174839,0.545501708984375,0.42912858724594116
"Meta Platforms, Inc.",2022-10-05,2022-10-12,5,down,up,0.04735869541764259,0.13970819115638733,0.812933087348938
"Meta Platforms, Inc.",2022-10-06,2022-10-13,5,down,up,0.06904430687427521,0.14714844524860382,0.7838072776794434
"Meta Platforms, Inc.",2022-10-07,2022-10-14,5,down,up,0.07244578003883362,0.08000092208385468,0.8475533127784729
"Meta Platforms, Inc.",2022-10-10,2022-10-17,5,flat,up,0.0645965114235878,0.06098366156220436,0.8744198083877563
"Meta Platforms, Inc.",2022-10-11,2022-10-18,5,up,up,0.01986442506313324,0.10021629184484482,0.8799193501472473
"Meta Platforms, Inc.",2022-10-12,2022-10-19,5,up,up,0.02012239769101143,0.06215272471308708,0.9177248477935791
"Meta Platforms, Inc.",2022-10-13,2022-10-20,5,up,up,0.01335013285279274,0.08069296926259995,0.9059568643569946
"Meta Platforms, Inc.",2022-10-14,2022-10-21,5,flat,up,0.028166402131319046,0.08745834976434708,0.884375274181366
"Meta Platforms, Inc.",2022-10-17,2022-10-24,5,down,up,0.049496378749608994,0.1118723452091217,0.838631272315979
"Meta Platforms, Inc.",2022-10-18,2022-10-25,5,flat,up,0.1915903091430664,0.19002088904380798,0.618388831615448
"Meta Platforms, Inc.",2022-10-19,2022-10-26,5,flat,up,0.057211894541978836,0.43151408433914185,0.511273980140686
"Meta Platforms, Inc.",2022-10-20,2022-10-27,5,down,up,0.06452088057994843,0.34074270725250244,0.5947363972663879
"Meta Platforms, Inc.",2022-10-21,2022-10-28,5,down,up,0.04922047629952431,0.07569719105958939,0.8750823736190796
"Meta Platforms, Inc.",2022-10-24,2022-10-31,5,down,up,0.027699928730726242,0.05293183773756027,0.9193682074546814
"Meta Platforms, Inc.",2022-10-25,2022-11-01,5,down,up,0.028028950095176697,0.13036032021045685,0.8416106700897217
"Meta Platforms, Inc.",2022-10-26,2022-11-02,5,down,up,0.025747859850525856,0.1576484888792038,0.8166036009788513
"Meta Platforms, Inc.",2022-10-27,2022-11-03,5,down,up,0.0022055129520595074,0.028254931792616844,0.9695395231246948
"Meta Platforms, Inc.",2022-10-28,2022-11-04,5,down,up,0.0033039937261492014,0.018488015979528427,0.9782080054283142
"Meta Platforms, Inc.",2022-10-31,2022-11-07,5,flat,up,0.004793996922671795,0.02322426438331604,0.9719817638397217
"Meta Platforms, Inc.",2022-11-01,2022-11-08,5,flat,up,0.0053320047445595264,0.029947977513074875,0.9647200107574463
"Meta Platforms, Inc.",2022-11-02,2022-11-09,5,up,up,0.0025657510850578547,0.020432276651263237,0.977001965045929
"Meta Platforms, Inc.",2022-11-03,2022-11-10,5,up,up,0.001968843163922429,0.03819425776600838,0.9598369002342224
"Meta Platforms, Inc.",2022-11-04,2022-11-11,5,up,up,0.0027919725980609655,0.0343686118721962,0.9628393650054932
"Meta Platforms, Inc.",2022-11-07,2022-11-14,5,up,up,0.006063815206289291,0.08593735098838806,0.90799880027771
"Meta Platforms, Inc.",2022-11-08,2022-11-15,5,up,up,0.008755083195865154,0.12151114642620087,0.8697337508201599
"Meta Platforms, Inc.",2022-11-09,2022-11-16,5,up,up,0.020003164187073708,0.2774418890476227,0.7025549411773682
"Meta Platforms, Inc.",2022-11-10,2022-11-17,5,flat,up,0.048076365143060684,0.24167293310165405,0.7102506756782532
"Meta Platforms, Inc.",2022-11-11,2022-11-18,5,flat,up,0.14901186525821686,0.39024677872657776,0.4607413411140442
"Meta Platforms, Inc.",2022-11-14,2022-11-21,5,flat,up,0.24016575515270233,0.37304002046585083,0.38679417967796326
"Meta Platforms, Inc.",2022-11-15,2022-11-22,5,down,up,0.1597844511270523,0.3105006515979767,0.5297149419784546
"Meta Platforms, Inc.",2022-11-16,2022-11-23,5,flat,flat,0.10571660101413727,0.6132563352584839,0.28102704882621765
"Meta Platforms, Inc.",2022-11-17,2022-11-25,5,flat,up,0.07485736161470413,0.12797529995441437,0.7971673607826233
"Meta Platforms, Inc.",2022-11-18,2022-11-28,5,down,up,0.12598975002765656,0.3058612048625946,0.5681490302085876
"Meta Platforms, Inc.",2022-11-21,2022-11-29,5,flat,up,0.09366612136363983,0.02569267898797989,0.8806411623954773
"Meta Platforms, Inc.",2022-11-22,2022-11-30,5,up,up,0.37186434864997864,0.17949475347995758,0.44864097237586975
"Meta Platforms, Inc.",2022-11-23,2022-12-01,5,up,up,0.23626908659934998,0.23687893152236938,0.526852011680603
"Meta Platforms, Inc.",2022-11-25,2022-12-02,5,up,up,0.28507065773010254,0.3462420701980591,0.36868730187416077
"Meta Platforms, Inc.",2022-11-28,2022-12-05,5,up,down,0.5057411789894104,0.05592420697212219,0.4383346140384674
"Meta Platforms, Inc.",2022-11-29,2022-12-06,5,up,up,0.3199601173400879,0.12134845554828644,0.5586914420127869
"Meta Platforms, Inc.",2022-11-30,2022-12-07,5,flat,flat,0.23346063494682312,0.5786486268043518,0.18789072334766388
"Meta Platforms, Inc.",2022-12-01,2022-12-08,5,down,flat,0.2742225229740143,0.5161819458007812,0.20959557592868805
"Meta Platforms, Inc.",2022-12-02,2022-12-09,5,down,down,0.4411022365093231,0.39068445563316345,0.16821333765983582
"Meta Platforms, Inc.",2022-12-05,2022-12-12,5,down,down,0.768962025642395,0.12942028045654297,0.10161767899990082
"Meta Platforms, Inc.",2022-12-06,2022-12-13,5,up,down,0.7230947017669678,0.06772793084383011,0.20917733013629913
"Meta Platforms, Inc.",2022-12-07,2022-12-14,5,up,up,0.2453187108039856,0.0664161890745163,0.6882650852203369
"Meta Platforms, Inc.",2022-12-08,2022-12-15,5,flat,up,0.04980340972542763,0.06327659636735916,0.8869199752807617
"Meta Platforms, Inc.",2022-12-09,2022-12-16,5,up,up,0.12602093815803528,0.0641997829079628,0.8097792863845825
"Meta Platforms, Inc.",2022-12-12,2022-12-19,5,flat,up,0.14857280254364014,0.2648521661758423,0.5865750312805176
"Meta Platforms, Inc.",2022-12-13,2022-12-20,5,down,flat,0.09653759002685547,0.7854463458061218,0.1180160790681839
"Meta Platforms, Inc.",2022-12-14,2022-12-21,5,down,up,0.14628097414970398,0.3811684250831604,0.472550630569458
"Meta Platforms, Inc.",2022-12-15,2022-12-22,5,flat,up,0.24533195793628693,0.34697407484054565,0.4076939821243286
"Meta Platforms, Inc.",2022-12-16,2022-12-23,5,down,flat,0.13437648117542267,0.48158860206604004,0.3840349018573761
"Meta Platforms, Inc.",2022-12-19,2022-12-27,5,flat,up,0.42050716280937195,0.06897589564323425,0.5105169415473938
"Meta Platforms, Inc.",2022-12-20,2022-12-28,5,flat,up,0.19764138758182526,0.294367253780365,0.507991373538971
"Meta Platforms, Inc.",2022-12-21,2022-12-29,5,flat,up,0.1007862538099289,0.2268144190311432,0.6723993420600891
"Meta Platforms, Inc.",2022-12-22,2022-12-30,5,flat,up,0.032038066536188126,0.04697437211871147,0.9209875464439392
"Meta Platforms, Inc.",2022-12-23,2023-01-03,5,up,up,0.025954874232411385,0.3148663640022278,0.6591787338256836
"Meta Platforms, Inc.",2022-12-27,2023-01-04,5,up,up,0.04252929985523224,0.043206434696912766,0.9142642617225647
"Meta Platforms, Inc.",2022-12-28,2023-01-05,5,up,up,0.030201032757759094,0.06167800351977348,0.9081209897994995
"Meta Platforms, Inc.",2022-12-29,2023-01-06,5,up,up,0.05413816124200821,0.13241316378116608,0.8134486675262451
"Meta Platforms, Inc.",2022-12-30,2023-01-09,5,up,up,0.10115065425634384,0.3487936854362488,0.5500556230545044
"Meta Platforms, Inc.",2023-01-03,2023-01-10,5,up,flat,0.09422549605369568,0.6187704801559448,0.2870040237903595
"Meta Platforms, Inc.",2023-01-04,2023-01-11,5,up,up,0.14786647260189056,0.32635363936424255,0.5257799029350281
"Meta Platforms, Inc.",2023-01-05,2023-01-12,5,up,up,0.10198958963155746,0.23902617394924164,0.6589841842651367
"Meta Platforms, Inc.",2023-01-06,2023-01-13,5,up,up,0.20234419405460358,0.2823581099510193,0.5152976512908936
"Meta Platforms, Inc.",2023-01-09,2023-01-17,5,up,down,0.5486303567886353,0.31646156311035156,0.13490810990333557
"Meta Platforms, Inc.",2023-01-10,2023-01-18,5,up,flat,0.10644033551216125,0.7711635828018188,0.12239609658718109
"Meta Platforms, Inc.",2023-01-11,2023-01-19,5,up,flat,0.37148523330688477,0.5700639486312866,0.058450791984796524
"Meta Platforms, Inc.",2023-01-12,2023-01-20,5,up,flat,0.26108822226524353,0.660635232925415,0.07827659696340561
"Meta Platforms, Inc.",2023-01-13,2023-01-23,5,up,flat,0.27040547132492065,0.6487583518028259,0.08083619922399521
"Meta Platforms, Inc.",2023-01-17,2023-01-24,5,up,flat,0.2847408354282379,0.6540085673332214,0.06125062331557274
"Meta Platforms, Inc.",2023-01-18,2023-01-25,5,up,down,0.6452181935310364,0.1310805231332779,0.2237013280391693
"Meta Platforms, Inc.",2023-01-19,2023-01-26,5,up,down,0.4351593255996704,0.27937284111976624,0.28546780347824097
"Meta Platforms, Inc.",2023-01-20,2023-01-27,5,up,flat,0.2602757513523102,0.5692386627197266,0.17048561573028564
"Meta Platforms, Inc.",2023-01-23,2023-01-30,5,up,flat,0.1275569051504135,0.8440344929695129,0.028408633545041084
"Meta Platforms, Inc.",2023-01-24,2023-01-31,5,up,flat,0.37664616107940674,0.5900342464447021,0.03331954777240753
"Meta Platforms, Inc.",2023-01-25,2023-02-01,5,up,down,0.5499957799911499,0.42229923605918884,0.027705032378435135
"Meta Platforms, Inc.",2023-01-26,2023-02-02,5,up,down,0.6868317127227783,0.29276570677757263,0.020402558147907257
"Meta Platforms, Inc.",2023-01-27,2023-02-03,5,up,down,0.8653457164764404,0.11718569695949554,0.017468523234128952
"Meta Platforms, Inc.",2023-01-30,2023-02-06,5,up,down,0.7543820738792419,0.22440297901630402,0.021214982494711876
"Meta Platforms, Inc.",2023-01-31,2023-02-07,5,up,down,0.9019402265548706,0.07599449157714844,0.022065285593271255
"Meta Platforms, Inc.",2023-02-01,2023-02-08,5,up,down,0.9361840486526489,0.05175678804516792,0.012059099040925503
"Meta Platforms, Inc.",2023-02-02,2023-02-09,5,down,flat,0.3315993547439575,0.5418341755867004,0.12656651437282562
"Meta Platforms, Inc.",2023-02-03,2023-02-10,5,down,flat,0.3547160029411316,0.5663838982582092,0.07890007644891739
"Meta Platforms, Inc.",2023-02-06,2023-02-13,5,down,flat,0.40359365940093994,0.5227794647216797,0.07362685352563858
"Meta Platforms, Inc.",2023-02-07,2023-02-14,5,down,down,0.6900390982627869,0.27974069118499756,0.030220190063118935
"Meta Platforms, Inc.",2023-02-08,2023-02-15,5,down,down,0.538444459438324,0.40175673365592957,0.05979883670806885
"Meta Platforms, Inc.",2023-02-09,2023-02-16,5,down,flat,0.2739688754081726,0.5209129452705383,0.20511816442012787
"Meta Platforms, Inc.",2023-02-10,2023-02-17,5,flat,up,0.2592243552207947,0.3342705965042114,0.4065050482749939
"Meta Platforms, Inc.",2023-02-13,2023-02-21,5,flat,up,0.10743816941976547,0.3384152054786682,0.5541465878486633
"Meta Platforms, Inc.",2023-02-14,2023-02-22,5,down,flat,0.10438378900289536,0.6524791717529297,0.24313706159591675
"Meta Platforms, Inc.",2023-02-15,2023-02-23,5,down,up,0.10277567058801651,0.41037416458129883,0.48685014247894287
"Meta Platforms, Inc.",2023-02-16,2023-02-24,5,flat,flat,0.008928712457418442,0.8326718807220459,0.15839938819408417
"Meta Platforms, Inc.",2023-02-17,2023-02-27,5,flat,flat,0.009334572590887547,0.72362220287323,0.26704323291778564
"Meta Platforms, Inc.",2023-02-21,2023-02-28,5,flat,flat,0.0199262872338295,0.5708501935005188,0.4092234969139099
"Meta Platforms, Inc.",2023-02-22,2023-03-01,5,flat,up,0.034857071936130524,0.42706099152565,0.5380819439888
"Meta Platforms, Inc.",2023-02-23,2023-03-02,5,flat,flat,0.026971757411956787,0.603986918926239,0.3690413236618042
"Meta Platforms, Inc.",2023-02-24,2023-03-03,5,up,flat,0.017648695036768913,0.8167081475257874,0.1656430959701538
"Meta Platforms, Inc.",2023-02-27,2023-03-06,5,up,flat,0.1501220017671585,0.5052987337112427,0.3445792496204376
"Meta Platforms, Inc.",2023-02-28,2023-03-07,5,up,up,0.10142233967781067,0.28004783391952515,0.6185298562049866
"Meta Platforms, Inc.",2023-03-01,2023-03-08,5,up,flat,0.07669168710708618,0.6345219612121582,0.288786381483078
"Meta Platforms, Inc.",2023-03-02,2023-03-09,5,up,flat,0.04591955989599228,0.6215458512306213,0.3325346112251282
"Meta Platforms, Inc.",2023-03-03,2023-03-10,5,flat,flat,0.17340782284736633,0.5733094811439514,0.25328266620635986
"Meta Platforms, Inc.",2023-03-06,2023-03-13,5,down,down,0.808853030204773,0.11673865467309952,0.07440830022096634
"Meta Platforms, Inc.",2023-03-07,2023-03-14,5,up,down,0.604791522026062,0.32010677456855774,0.07510171830654144
"Meta Platforms, Inc.",2023-03-08,2023-03-15,5,up,down,0.6353753805160522,0.3181648552417755,0.04645977169275284
"Meta Platforms, Inc.",2023-03-09,2023-03-16,5,up,down,0.7014511227607727,0.27028465270996094,0.028264205902814865
"Meta Platforms, Inc.",2023-03-10,2023-03-17,5,up,flat,0.20006507635116577,0.6867876052856445,0.11314726620912552
"Meta Platforms, Inc.",2023-03-13,2023-03-20,5,up,flat,0.09089010208845139,0.6771908402442932,0.2319190949201584
"Meta Platforms, Inc.",2023-03-14,2023-03-21,5,up,up,0.30633437633514404,0.08307900279760361,0.6105866432189941
"Meta Platforms, Inc.",2023-03-15,2023-03-22,5,up,up,0.2867802381515503,0.18833185732364655,0.5248879194259644
"Meta Platforms, Inc.",2023-03-16,2023-03-23,5,flat,up,0.2962910234928131,0.3178974390029907,0.3858115077018738
"Meta Platforms, Inc.",2023-03-17,2023-03-24,5,up,up,0.3371210992336273,0.19795769453048706,0.4649212658405304
"Meta Platforms, Inc.",2023-03-20,2023-03-27,5,up,up,0.3197431266307831,0.252419114112854,0.4278377592563629
"Meta Platforms, Inc.",2023-03-21,2023-03-28,5,flat,down,0.352755069732666,0.30354514718055725,0.34369978308677673
"Meta Platforms, Inc.",2023-03-22,2023-03-29,5,flat,down,0.7286590933799744,0.20707251131534576,0.06426835060119629
"Meta Platforms, Inc.",2023-03-23,2023-03-30,5,flat,down,0.7241665124893188,0.18684019148349762,0.08899327367544174
"Meta Platforms, Inc.",2023-03-24,2023-03-31,5,up,down,0.6685760617256165,0.25073665380477905,0.08068728446960449
"Meta Platforms, Inc.",2023-03-27,2023-04-03,5,up,flat,0.3751775622367859,0.48493340611457825,0.13988898694515228
"Meta Platforms, Inc.",2023-03-28,2023-04-04,5,up,down,0.44037994742393494,0.15280640125274658,0.4068136513233185
"Meta Platforms, Inc.",2023-03-29,2023-04-05,5,up,up,0.20891550183296204,0.3163607716560364,0.4747236967086792
"Meta Platforms, Inc.",2023-03-30,2023-04-06,5,up,up,0.27034613490104675,0.31720489263534546,0.4124490022659302
"Meta Platforms, Inc.",2023-03-31,2023-04-10,5,up,up,0.27294987440109253,0.2551267147064209,0.47192344069480896
"Meta Platforms, Inc.",2023-04-03,2023-04-11,5,up,down,0.6474860906600952,0.31015148758888245,0.04236246645450592
"Meta Platforms, Inc.",2023-04-04,2023-04-12,5,flat,down,0.5584614872932434,0.347619891166687,0.09391859173774719
"Meta Platforms, Inc.",2023-04-05,2023-04-13,5,up,down,0.5955784320831299,0.3399662971496582,0.06445527821779251
"Meta Platforms, Inc.",2023-04-06,2023-04-14,5,up,flat,0.26530715823173523,0.6558148860931396,0.0788780003786087
"Meta Platforms, Inc.",2023-04-10,2023-04-17,5,up,flat,0.4075929522514343,0.5109593868255615,0.08144763857126236
"Meta Platforms, Inc.",2023-04-11,2023-04-18,5,up,down,0.5398345589637756,0.3712725043296814,0.08889296650886536
"Meta Platforms, Inc.",2023-04-12,2023-04-19,5,flat,down,0.5729873180389404,0.305926650762558,0.12108602374792099
"Meta Platforms, Inc.",2023-04-13,2023-04-20,5,down,down,0.5703778862953186,0.2989692986011505,0.13065283000469208
"Meta Platforms, Inc.",2023-04-14,2023-04-21,5,down,down,0.7186339497566223,0.21256259083747864,0.06880351155996323
"Meta Platforms, Inc.",2023-04-17,2023-04-24,5,down,flat,0.44523823261260986,0.4491996169090271,0.10556209087371826
"Meta Platforms, Inc.",2023-04-18,2023-04-25,5,down,down,0.4683855473995209,0.446860671043396,0.08475380390882492
"Meta Platforms, Inc.",2023-04-19,2023-04-26,5,down,down,0.5620868802070618,0.3277868628501892,0.11012624949216843
"Meta Platforms, Inc.",2023-04-20,2023-04-27,5,up,flat,0.21572794020175934,0.7177460789680481,0.06652595102787018
"Meta Platforms, Inc.",2023-04-21,2023-04-28,5,up,flat,0.17733952403068542,0.5665677189826965,0.25609275698661804
"Meta Platforms, Inc.",2023-04-24,2023-05-01,5,up,down,0.6604687571525574,0.11537007242441177,0.22416113317012787
"Meta Platforms, Inc.",2023-04-25,2023-05-02,5,up,up,0.31390178203582764,0.289487361907959,0.396610826253891
"Meta Platforms, Inc.",2023-04-26,2023-05-03,5,up,down,0.4459007680416107,0.16495713591575623,0.3891420364379883
"Meta Platforms, Inc.",2023-04-27,2023-05-04,5,down,down,0.5877047181129456,0.22424860298633575,0.18804669380187988
"Meta Platforms, Inc.",2023-04-28,2023-05-05,5,down,down,0.430101603269577,0.4245351552963257,0.14536328613758087
"Meta Platforms, Inc.",2023-05-01,2023-05-08,5,down,down,0.5269487500190735,0.41710975766181946,0.055941469967365265
"Meta Platforms, Inc.",2023-05-02,2023-05-09,5,down,down,0.6239879727363586,0.3467644155025482,0.029247594997286797
"Meta Platforms, Inc.",2023-05-03,2023-05-10,5,flat,down,0.508169949054718,0.3781780004501343,0.1136520579457283
"Meta Platforms, Inc.",2023-05-04,2023-05-11,5,flat,up,0.09752250462770462,0.4373464584350586,0.465131014585495
"Meta Platforms, Inc.",2023-05-05,2023-05-12,5,flat,up,0.046813372522592545,0.3494681119918823,0.6037184596061707
"Meta Platforms, Inc.",2023-05-08,2023-05-15,5,up,up,0.04309777542948723,0.3323419988155365,0.6245601773262024
"Meta Platforms, Inc.",2023-05-09,2023-05-16,5,up,up,0.044562969356775284,0.34097573161125183,0.6144613027572632
"Meta Platforms, Inc.",2023-05-10,2023-05-17,5,up,up,0.08597423136234283,0.18882544338703156,0.7252002954483032
"Meta Platforms, Inc.",2023-05-11,2023-05-18,5,up,up,0.15118296444416046,0.20912383496761322,0.6396932005882263
"Meta Platforms, Inc.",2023-05-12,2023-05-19,5,up,up,0.05172136053442955,0.31517329812049866,0.6331053376197815
"Meta Platforms, Inc.",2023-05-15,2023-05-22,5,up,up,0.3775314390659332,0.1958145648241043,0.42665398120880127
"Meta Platforms, Inc.",2023-05-16,2023-05-23,5,up,flat,0.12789258360862732,0.4755903482437134,0.3965170681476593
"Meta Platforms, Inc.",2023-05-17,2023-05-24,5,up,down,0.5799669623374939,0.19888676702976227,0.22114625573158264
"Meta Platforms, Inc.",2023-05-18,2023-05-25,5,up,down,0.7102104425430298,0.18529309332370758,0.10449648648500443
"Meta Platforms, Inc.",2023-05-19,2023-05-26,5,up,flat,0.35647884011268616,0.5839413404464722,0.05957984924316406
"Meta Platforms, Inc.",2023-05-22,2023-05-30,5,up,down,0.6982000470161438,0.27015337347984314,0.031646642833948135
"Meta Platforms, Inc.",2023-05-23,2023-05-31,5,up,flat,0.4240057170391083,0.5122506618499756,0.06374359875917435
"Meta Platforms, Inc.",2023-05-24,2023-06-01,5,up,flat,0.32278406620025635,0.433997243642807,0.24321863055229187
"Meta Platforms, Inc.",2023-05-25,2023-06-02,5,up,down,0.8206091523170471,0.15076759457588196,0.028623217716813087
"Meta Platforms, Inc.",2023-05-26,2023-06-05,5,up,down,0.866264820098877,0.10887345671653748,0.024861732497811317
"Meta Platforms, Inc.",2023-05-30,2023-06-06,5,up,down,0.8930792808532715,0.09371455013751984,0.01320618949830532
"Meta Platforms, Inc.",2023-05-31,2023-06-07,5,up,down,0.8517223000526428,0.1406591683626175,0.007618481758981943
"Meta Platforms, Inc.",2023-06-01,2023-06-08,5,down,down,0.9484540820121765,0.041143544018268585,0.010402404703199863
"Meta Platforms, Inc.",2023-06-02,2023-06-09,5,down,down,0.8933780193328857,0.10501127690076828,0.0016107348492369056
"Meta Platforms, Inc.",2023-06-05,2023-06-12,5,flat,down,0.9127569794654846,0.08225901424884796,0.004984049126505852
"Meta Platforms, Inc.",2023-06-06,2023-06-13,5,flat,down,0.6961653232574463,0.2721824049949646,0.031652312725782394
"Meta Platforms, Inc.",2023-06-07,2023-06-14,5,up,down,0.47996893525123596,0.3402305841445923,0.17980045080184937
"Meta Platforms, Inc.",2023-06-08,2023-06-15,5,up,down,0.5154833793640137,0.19153226912021637,0.29298436641693115
"Meta Platforms, Inc.",2023-06-09,2023-06-16,5,up,down,0.4749780297279358,0.24454432725906372,0.2804776132106781
"Meta Platforms, Inc.",2023-06-12,2023-06-20,5,up,down,0.5470275282859802,0.11311645805835724,0.33985599875450134
"Meta Platforms, Inc.",2023-06-13,2023-06-21,5,up,down,0.663162112236023,0.07403425872325897,0.26280367374420166
"Meta Platforms, Inc.",2023-06-14,2023-06-22,5,up,down,0.48247140645980835,0.2875964641571045,0.22993212938308716
"Meta Platforms, Inc.",2023-06-15,2023-06-23,5,up,down,0.5416345596313477,0.22731247544288635,0.231052964925766
"Meta Platforms, Inc.",2023-06-16,2023-06-26,5,flat,down,0.7428175210952759,0.08023859560489655,0.1769438236951828
"Meta Platforms, Inc.",2023-06-20,2023-06-27,5,flat,down,0.7397368550300598,0.23442088067531586,0.025842273607850075
"Meta Platforms, Inc.",2023-06-21,2023-06-28,5,up,down,0.8862902522087097,0.10025017708539963,0.013459564186632633
"Meta Platforms, Inc.",2023-06-22,2023-06-29,5,flat,down,0.6981337666511536,0.2847099006175995,0.017156286165118217
"Meta Platforms, Inc.",2023-06-23,2023-06-30,5,flat,down,0.6973305940628052,0.2544366121292114,0.048232801258563995
"Meta Platforms, Inc.",2023-06-26,2023-07-03,5,flat,down,0.7119318842887878,0.2164112627506256,0.07165685296058655
"Meta Platforms, Inc.",2023-06-27,2023-07-05,5,up,down,0.7841375470161438,0.16790500283241272,0.047957416623830795
"Meta Platforms, Inc.",2023-06-28,2023-07-06,5,up,down,0.8742623925209045,0.09306736290454865,0.03267024829983711
"Meta Platforms, Inc.",2023-06-29,2023-07-07,5,up,down,0.6903930306434631,0.26982471346855164,0.03978228196501732
"Meta Platforms, Inc.",2023-06-30,2023-07-10,5,up,down,0.7529325485229492,0.21068258583545685,0.03638492152094841
"Meta Platforms, Inc.",2023-07-03,2023-07-11,5,up,down,0.5994099974632263,0.3390384018421173,0.06155163794755936
"Meta Platforms, Inc.",2023-07-05,2023-07-12,5,up,down,0.8052231669425964,0.11213574558496475,0.08264105021953583
"Meta Platforms, Inc.",2023-07-06,2023-07-13,5,up,down,0.8503119349479675,0.11137081682682037,0.0383172482252121
"Meta Platforms, Inc.",2023-07-07,2023-07-14,5,up,down,0.8056346774101257,0.15950703620910645,0.03485830873250961
"Meta Platforms, Inc.",2023-07-10,2023-07-17,5,up,down,0.8383268117904663,0.11009787023067474,0.05157531052827835
"Meta Platforms, Inc.",2023-07-11,2023-07-18,5,up,down,0.8828383088111877,0.08692611753940582,0.03023555502295494
"Meta Platforms, Inc.",2023-07-12,2023-07-19,5,up,down,0.9340296387672424,0.04857109859585762,0.017399219796061516
"Meta Platforms, Inc.",2023-07-13,2023-07-20,5,down,down,0.9583297371864319,0.0357062891125679,0.005963959731161594
"Meta Platforms, Inc.",2023-07-14,2023-07-21,5,down,down,0.9404142498970032,0.05555925890803337,0.004026432521641254
"Meta Platforms, Inc.",2023-07-17,2023-07-24,5,down,down,0.9212735295295715,0.06825742870569229,0.010469055734574795
"Meta Platforms, Inc.",2023-07-18,2023-07-25,5,down,down,0.9646799564361572,0.030802205204963684,0.004517796915024519
"Meta Platforms, Inc.",2023-07-19,2023-07-26,5,down,down,0.9247675538063049,0.07021265476942062,0.005019800271838903
"Meta Platforms, Inc.",2023-07-20,2023-07-27,5,up,down,0.9796258807182312,0.015828024595975876,0.0045461044646799564
"Meta Platforms, Inc.",2023-07-21,2023-07-28,5,up,down,0.48917701840400696,0.40773293375968933,0.10309002548456192
"Meta Platforms, Inc.",2023-07-24,2023-07-31,5,up,up,0.2789081633090973,0.21985971927642822,0.5012320876121521
"Meta Platforms, Inc.",2023-07-25,2023-08-01,5,up,up,0.43166446685791016,0.07131054252386093,0.4970250427722931
"Meta Platforms, Inc.",2023-07-26,2023-08-02,5,up,up,0.10845167189836502,0.05313120037317276,0.838417112827301
"Meta Platforms, Inc.",2023-07-27,2023-08-03,5,down,up,0.21936041116714478,0.13116489350795746,0.6494746804237366
"Meta Platforms, Inc.",2023-07-28,2023-08-04,5,down,flat,0.3419990837574005,0.5120232105255127,0.14597772061824799
"Meta Platforms, Inc.",2023-07-31,2023-08-07,5,down,down,0.8302305340766907,0.1178399920463562,0.05192948132753372
"Meta Platforms, Inc.",2023-08-01,2023-08-08,5,down,down,0.8561119437217712,0.11476120352745056,0.02912677451968193
"Meta Platforms, Inc.",2023-08-02,2023-08-09,5,down,down,0.7292630672454834,0.24377384781837463,0.026963118463754654
"Meta Platforms, Inc.",2023-08-03,2023-08-10,5,flat,down,0.7475764155387878,0.1446445733308792,0.10777899622917175
"Meta Platforms, Inc.",2023-08-04,2023-08-11,5,down,down,0.7812236547470093,0.13130560517311096,0.08747072517871857
"Meta Platforms, Inc.",2023-08-07,2023-08-14,5,down,flat,0.4057159721851349,0.47335121035575867,0.12093281000852585
"Meta Platforms, Inc.",2023-08-08,2023-08-15,5,down,flat,0.23346713185310364,0.6103051900863647,0.156227707862854
"Meta Platforms, Inc.",2023-08-09,2023-08-16,5,down,up,0.07570020109415054,0.1294870525598526,0.7948127388954163
"Meta Platforms, Inc.",2023-08-10,2023-08-17,5,down,up,0.013813499361276627,0.0651121512055397,0.9210743308067322
"Meta Platforms, Inc.",2023-08-11,2023-08-18,5,down,up,0.03638562932610512,0.03362065181136131,0.929993748664856
"Meta Platforms, Inc.",2023-08-14,2023-08-21,5,down,up,0.05131165310740471,0.057170845568180084,0.8915174603462219
"Meta Platforms, Inc.",2023-08-15,2023-08-22,5,down,up,0.045224010944366455,0.03826498985290527,0.9165109992027283
"Meta Platforms, Inc.",2023-08-16,2023-08-23,5,down,up,0.03658677637577057,0.01804242469370365,0.9453707933425903
"Meta Platforms, Inc.",2023-08-17,2023-08-24,5,flat,up,0.015731267631053925,0.011429175734519958,0.9728395938873291
"Meta Platforms, Inc.",2023-08-18,2023-08-25,5,flat,up,0.018673786893486977,0.03865653648972511,0.9426696300506592
"Meta Platforms, Inc.",2023-08-21,2023-08-28,5,flat,up,0.053357578814029694,0.05594062805175781,0.8907017707824707
"Meta Platforms, Inc.",2023-08-22,2023-08-29,5,flat,up,0.05371164530515671,0.05960356071591377,0.886684775352478
"Meta Platforms, Inc.",2023-08-23,2023-08-30,5,flat,up,0.058129433542490005,0.018435558304190636,0.9234349727630615
"Meta Platforms, Inc.",2023-08-24,2023-08-31,5,flat,up,0.15086734294891357,0.0798325315117836,0.7693001627922058
"Meta Platforms, Inc.",2023-08-25,2023-09-01,5,up,up,0.09147080779075623,0.4138137698173523,0.4947153925895691
"Meta Platforms, Inc.",2023-08-28,2023-09-05,5,up,up,0.1845981776714325,0.10203888267278671,0.7133629322052002
"Meta Platforms, Inc.",2023-08-29,2023-09-06,5,up,up,0.14306998252868652,0.20573484897613525,0.651195228099823
"Meta Platforms, Inc.",2023-08-30,2023-09-07,5,flat,down,0.4186341166496277,0.2583741247653961,0.3229917585849762
"Meta Platforms, Inc.",2023-08-31,2023-09-08,5,flat,down,0.5363900065422058,0.16333907842636108,0.30027085542678833
"Meta Platforms, Inc.",2023-09-01,2023-09-11,5,up,down,0.6396445631980896,0.2043624073266983,0.15599307417869568
"Meta Platforms, Inc.",2023-09-05,2023-09-12,5,up,down,0.40318137407302856,0.40152642130851746,0.19529224932193756
"Meta Platforms, Inc.",2023-09-06,2023-09-13,5,flat,down,0.45676061511039734,0.38201624155044556,0.1612231731414795
"Meta Platforms, Inc.",2023-09-07,2023-09-14,5,up,down,0.5883204936981201,0.20941993594169617,0.20225952565670013
"Meta Platforms, Inc.",2023-09-08,2023-09-15,5,up,down,0.6045548915863037,0.18901534378528595,0.20642977952957153
"Meta Platforms, Inc.",2023-09-11,2023-09-18,5,flat,down,0.5684531331062317,0.3079216480255127,0.123625248670578
"Meta Platforms, Inc.",2023-09-12,2023-09-19,5,flat,down,0.6734601259231567,0.14024879038333893,0.18629108369350433
"Meta Platforms, Inc.",2023-09-13,2023-09-20,5,flat,down,0.792339026927948,0.060953885316848755,0.14670708775520325
"Meta Platforms, Inc.",2023-09-14,2023-09-21,5,down,down,0.8280603289604187,0.050095025449991226,0.12184463441371918
"Meta Platforms, Inc.",2023-09-15,2023-09-22,5,down,down,0.7463627457618713,0.07256860285997391,0.18106871843338013
"Meta Platforms, Inc.",2023-09-18,2023-09-25,5,flat,down,0.8308530449867249,0.011865154840052128,0.1572818160057068
"Meta Platforms, Inc.",2023-09-19,2023-09-26,5,down,down,0.8206636309623718,0.050992902368307114,0.12834343314170837
"Meta Platforms, Inc.",2023-09-20,2023-09-27,5,down,down,0.8391328454017639,0.06004299595952034,0.10082419961690903
"Meta Platforms, Inc.",2023-09-21,2023-09-28,5,up,down,0.7372102737426758,0.1123218983411789,0.15046781301498413
"Meta Platforms, Inc.",2023-09-22,2023-09-29,5,flat,down,0.5065903067588806,0.08900140970945358,0.4044082760810852
"Meta Platforms, Inc.",2023-09-25,2023-10-02,5,up,down,0.685084879398346,0.10883419215679169,0.20608089864253998
"Meta Platforms, Inc.",2023-09-26,2023-10-03,5,up,down,0.5384209156036377,0.133437380194664,0.3281416594982147
"Meta Platforms, Inc.",2023-09-27,2023-10-04,5,up,up,0.2819569706916809,0.3322612941265106,0.38578173518180847
"Meta Platforms, Inc.",2023-09-28,2023-10-05,5,flat,down,0.5652375817298889,0.1621435135602951,0.27261894941329956
"Meta Platforms, Inc.",2023-09-29,2023-10-06,5,flat,down,0.7129451632499695,0.07736759632825851,0.20968729257583618
"Meta Platforms, Inc.",2023-10-02,2023-10-09,5,up,down,0.6026484370231628,0.2334796041250229,0.16387194395065308
"Meta Platforms, Inc.",2023-10-03,2023-10-10,5,up,down,0.8213427662849426,0.06544805318117142,0.11320919543504715
"Meta Platforms, Inc.",2023-10-04,2023-10-11,5,up,down,0.7914502620697021,0.12056254595518112,0.08798718452453613
"Meta Platforms, Inc.",2023-10-05,2023-10-12,5,up,down,0.8738787770271301,0.06957218050956726,0.056549008935689926
"Meta Platforms, Inc.",2023-10-06,2023-10-13,5,up,down,0.6891946792602539,0.08884743601083755,0.22195789217948914
"Meta Platforms, Inc.",2023-10-09,2023-10-16,5,flat,down,0.7111882567405701,0.13999855518341064,0.1488131880760193
"Meta Platforms, Inc.",2023-10-10,2023-10-17,5,flat,down,0.6896831393241882,0.2325209677219391,0.07779590785503387
"Meta Platforms, Inc.",2023-10-11,2023-10-18,5,down,down,0.7736625671386719,0.17045098543167114,0.05588642880320549
"Meta Platforms, Inc.",2023-10-12,2023-10-19,5,down,down,0.5328032374382019,0.4234321117401123,0.043764643371105194
"Meta Platforms, Inc.",2023-10-13,2023-10-20,5,down,flat,0.20165769755840302,0.6138315796852112,0.184510737657547
"Meta Platforms, Inc.",2023-10-16,2023-10-23,5,down,up,0.20847737789154053,0.38635018467903137,0.4051723778247833
"Meta Platforms, Inc.",2023-10-17,2023-10-24,5,down,down,0.39184677600860596,0.2881438732147217,0.32000935077667236
"Meta Platforms, Inc.",2023-10-18,2023-10-25,5,down,up,0.10764888674020767,0.10771191120147705,0.7846392393112183
"Meta Platforms, Inc.",2023-10-19,2023-10-26,5,down,up,0.07409067451953888,0.13224756717681885,0.7936617732048035
"Meta Platforms, Inc.",2023-10-20,2023-10-27,5,down,up,0.020963754504919052,0.13999764621257782,0.839038610458374
"Meta Platforms, Inc.",2023-10-23,2023-10-30,5,down,up,0.048387669026851654,0.15246348083019257,0.7991488575935364
"Meta Platforms, Inc.",2023-10-24,2023-10-31,5,down,up,0.09437547624111176,0.06307369470596313,0.8425508141517639
"Meta Platforms, Inc.",2023-10-25,2023-11-01,5,flat,up,0.025852881371974945,0.12408777326345444,0.8500593900680542
"Meta Platforms, Inc.",2023-10-26,2023-11-02,5,up,up,0.006691248156130314,0.03612508997321129,0.9571835994720459
"Meta Platforms, Inc.",2023-10-27,2023-11-03,5,up,up,0.018208440393209457,0.07631155103445053,0.9054800271987915
"Meta Platforms, Inc.",2023-10-30,2023-11-06,5,up,up,0.039798885583877563,0.04804494231939316,0.9121562242507935
"Meta Platforms, Inc.",2023-10-31,2023-11-07,5,up,up,0.03816503286361694,0.08306808769702911,0.8787669539451599
"Meta Platforms, Inc.",2023-11-01,2023-11-08,5,up,up,0.029099998995661736,0.04369255527853966,0.9272074699401855
"Meta Platforms, Inc.",2023-11-02,2023-11-09,5,up,up,0.18895283341407776,0.13968636095523834,0.6713608503341675
"Meta Platforms, Inc.",2023-11-03,2023-11-10,5,up,up,0.17290233075618744,0.272967129945755,0.5541305541992188
"Meta Platforms, Inc.",2023-11-06,2023-11-13,5,up,down,0.44576495885849,0.25919580459594727,0.29503917694091797
"Meta Platforms, Inc.",2023-11-07,2023-11-14,5,up,down,0.7340133190155029,0.1283496916294098,0.1376369744539261
"Meta Platforms, Inc.",2023-11-08,2023-11-15,5,up,down,0.4907461106777191,0.3454672694206238,0.16378656029701233
"Meta Platforms, Inc.",2023-11-09,2023-11-16,5,up,down,0.6698529720306396,0.2098446488380432,0.12030237913131714
"Meta Platforms, Inc.",2023-11-10,2023-11-17,5,up,down,0.7034024596214294,0.18317021429538727,0.11342731863260269
"Meta Platforms, Inc.",2023-11-13,2023-11-20,5,up,down,0.50123530626297,0.4483584463596344,0.05040624365210533
"Meta Platforms, Inc.",2023-11-14,2023-11-21,5,flat,down,0.6459814310073853,0.26165348291397095,0.0923650786280632
"Meta Platforms, Inc.",2023-11-15,2023-11-22,5,up,down,0.6224058270454407,0.33414727449417114,0.04344689100980759
"Meta Platforms, Inc.",2023-11-16,2023-11-24,5,up,down,0.44358375668525696,0.22200296819210052,0.3344132900238037
"Meta Platforms, Inc.",2023-11-17,2023-11-27,5,up,flat,0.20300239324569702,0.6149163246154785,0.18208126723766327
"Meta Platforms, Inc.",2023-11-20,2023-11-28,5,flat,flat,0.20057733356952667,0.5554826855659485,0.24393998086452484
"Meta Platforms, Inc.",2023-11-21,2023-11-29,5,flat,flat,0.1561315357685089,0.549429178237915,0.29443925619125366
"Meta Platforms, Inc.",2023-11-22,2023-11-30,5,down,down,0.5832338333129883,0.28461310267448425,0.13215306401252747
"Meta Platforms, Inc.",2023-11-24,2023-12-01,5,down,flat,0.24946434795856476,0.6385644674301147,0.11197119206190109
"Meta Platforms, Inc.",2023-11-27,2023-12-04,5,down,flat,0.31936508417129517,0.5694065093994141,0.11122839897871017
"Meta Platforms, Inc.",2023-11-28,2023-12-05,5,down,down,0.4169439971446991,0.37469589710235596,0.20836012065410614
"Meta Platforms, Inc.",2023-11-29,2023-12-06,5,down,down,0.4410773813724518,0.4293261468410492,0.12959644198417664
"Meta Platforms, Inc.",2023-11-30,2023-12-07,5,down,up,0.08887778967618942,0.24162854254245758,0.6694936156272888
"Meta Platforms, Inc.",2023-12-01,2023-12-08,5,flat,up,0.021543005481362343,0.22628259658813477,0.7521743774414062
"Meta Platforms, Inc.",2023-12-04,2023-12-11,5,up,up,0.005340080242604017,0.016790518537163734,0.97786945104599
"Meta Platforms, Inc.",2023-12-05,2023-12-12,5,up,up,0.0054220291785895824,0.020304260775446892,0.9742737412452698
"Meta Platforms, Inc.",2023-12-06,2023-12-13,5,up,up,0.015958653762936592,0.013028670102357864,0.9710127115249634
"Meta Platforms, Inc.",2023-12-07,2023-12-14,5,up,up,0.017824430018663406,0.016398800536990166,0.965776801109314
"Meta Platforms, Inc.",2023-12-08,2023-12-15,5,up,up,0.013835377059876919,0.029650332406163216,0.9565142393112183
"Meta Platforms, Inc.",2023-12-11,2023-12-18,5,up,up,0.007354642264544964,0.08128399401903152,0.9113613367080688
"Meta Platforms, Inc.",2023-12-12,2023-12-19,5,up,up,0.03173603489995003,0.11737097054719925,0.8508930206298828
"Meta Platforms, Inc.",2023-12-13,2023-12-20,5,up,up,0.1213637962937355,0.28644034266471863,0.5921958684921265
"Meta Platforms, Inc.",2023-12-14,2023-12-21,5,up,up,0.0965299978852272,0.27217453718185425,0.6312955021858215
"Meta Platforms, Inc.",2023-12-15,2023-12-22,5,up,flat,0.1737772673368454,0.41335514187812805,0.41286760568618774
"Meta Platforms, Inc.",2023-12-18,2023-12-26,5,up,up,0.07580738514661789,0.4282529652118683,0.49593958258628845
"Meta Platforms, Inc.",2023-12-19,2023-12-27,5,up,flat,0.14659297466278076,0.7867591977119446,0.06664786487817764
"Meta Platforms, Inc.",2023-12-20,2023-12-28,5,up,flat,0.29640042781829834,0.6772018671035767,0.026397667825222015
"Meta Platforms, Inc.",2023-12-21,2023-12-29,5,flat,down,0.5149570107460022,0.471893846988678,0.013149125501513481
"Meta Platforms, Inc.",2023-12-22,2024-01-02,5,down,down,0.6181379556655884,0.3694685697555542,0.012393456883728504
"Meta Platforms, Inc.",2023-12-26,2024-01-03,5,down,flat,0.3265727162361145,0.6605789661407471,0.012848309241235256
"Meta Platforms, Inc.",2023-12-27,2024-01-04,5,down,flat,0.3121858835220337,0.67368483543396,0.01412927731871605
"Meta Platforms, Inc.",2023-12-28,2024-01-05,5,down,flat,0.1763976663351059,0.8130626678466797,0.010539652779698372
"Meta Platforms, Inc.",2023-12-29,2024-01-08,5,flat,flat,0.33621665835380554,0.6491152048110962,0.014668132178485394
"Meta Platforms, Inc.",2024-01-02,2024-01-09,5,up,flat,0.2871897220611572,0.506466269493103,0.20634400844573975
"Meta Platforms, Inc.",2024-01-03,2024-01-10,5,up,down,0.40841615200042725,0.37868237495422363,0.21290147304534912
"Meta Platforms, Inc.",2024-01-04,2024-01-11,5,up,down,0.47639238834381104,0.2070269137620926,0.31658071279525757
"Meta Platforms, Inc.",2024-01-05,2024-01-12,5,up,down,0.8879802227020264,0.05041581764817238,0.06160391494631767
"Meta Platforms, Inc.",2024-01-08,2024-01-16,5,up,down,0.787247896194458,0.11789309978485107,0.0948590487241745
"Meta Platforms, Inc.",2024-01-09,2024-01-17,5,up,down,0.6318283677101135,0.28835147619247437,0.0798201784491539
"Meta Platforms, Inc.",2024-01-10,2024-01-18,5,up,flat,0.29803746938705444,0.5939479470252991,0.10801459103822708
"Meta Platforms, Inc.",2024-01-11,2024-01-19,5,up,flat,0.23924417793750763,0.7318670749664307,0.028888743370771408
"Meta Platforms, Inc.",2024-01-12,2024-01-22,5,up,flat,0.24240553379058838,0.7445863485336304,0.013008113950490952
"Meta Platforms, Inc.",2024-01-16,2024-01-23,5,up,flat,0.16664037108421326,0.8252323269844055,0.008127319626510143
"Meta Platforms, Inc.",2024-01-17,2024-01-24,5,up,flat,0.17160414159297943,0.7987860441207886,0.029609816148877144
"Meta Platforms, Inc.",2024-01-18,2024-01-25,5,up,flat,0.27088460326194763,0.5765770077705383,0.15253835916519165
"Meta Platforms, Inc.",2024-01-19,2024-01-26,5,up,flat,0.23452694714069366,0.7568778395652771,0.00859525054693222
"Meta Platforms, Inc.",2024-01-22,2024-01-29,5,up,flat,0.27225130796432495,0.7249295115470886,0.00281920307315886
"Meta Platforms, Inc.",2024-01-23,2024-01-30,5,up,down,0.6684073805809021,0.33054283261299133,0.001049816724844277
"Meta Platforms, Inc.",2024-01-24,2024-01-31,5,flat,down,0.859992265701294,0.13882751762866974,0.0011802433291450143
"Meta Platforms, Inc.",2024-01-25,2024-02-01,5,up,down,0.7747609615325928,0.22445879876613617,0.0007802121108397841
"Meta Platforms, Inc.",2024-01-26,2024-02-02,5,up,down,0.8755613565444946,0.12414249032735825,0.0002961522259283811
"Meta Platforms, Inc.",2024-01-29,2024-02-05,5,up,down,0.8697904348373413,0.12991128861904144,0.0002982884179800749
"Meta Platforms, Inc.",2024-01-30,2024-02-06,5,up,down,0.7711942791938782,0.2285556048154831,0.00025013109552673995
"Meta Platforms, Inc.",2024-01-31,2024-02-07,5,up,down,0.9122574925422668,0.08630859106779099,0.0014339654007926583
"Meta Platforms, Inc.",2024-02-01,2024-02-08,5,up,down,0.7368552684783936,0.26116669178009033,0.0019780886359512806
"Meta Platforms, Inc.",2024-02-02,2024-02-09,5,flat,down,0.6806300282478333,0.3172953724861145,0.002074555493891239
"Meta Platforms, Inc.",2024-02-05,2024-02-12,5,flat,down,0.6944273710250854,0.3047715425491333,0.0008010757155716419
"Meta Platforms, Inc.",2024-02-06,2024-02-13,5,flat,down,0.6185646057128906,0.3805946409702301,0.0008407423738390207
"Meta Platforms, Inc.",2024-02-07,2024-02-14,5,flat,down,0.7789574861526489,0.22035656869411469,0.000685991020873189
"Meta Platforms, Inc.",2024-02-08,2024-02-15,5,up,down,0.8064655065536499,0.19294363260269165,0.0005908427992835641
"Meta Platforms, Inc.",2024-02-09,2024-02-16,5,flat,down,0.5755438208580017,0.423652708530426,0.0008034893544390798
"Meta Platforms, Inc.",2024-02-12,2024-02-20,5,flat,flat,0.45702797174453735,0.5420160889625549,0.0009559085010550916
"Meta Platforms, Inc.",2024-02-13,2024-02-21,5,flat,down,0.8212648034095764,0.17599105834960938,0.002744140103459358
"Meta Platforms, Inc.",2024-02-14,2024-02-22,5,up,flat,0.3279642164707184,0.6673946976661682,0.004641124978661537
"Meta Platforms, Inc.",2024-02-15,2024-02-23,5,flat,down,0.8791118860244751,0.11976474523544312,0.0011233470868319273
"Meta Platforms, Inc.",2024-02-16,2024-02-26,5,flat,down,0.7529671788215637,0.24518801271915436,0.001844824175350368
"Meta Platforms, Inc.",2024-02-20,2024-02-27,5,up,down,0.8442700505256653,0.1545650064945221,0.0011649919906631112
"Meta Platforms, Inc.",2024-02-21,2024-02-28,5,up,down,0.6153847575187683,0.38337403535842896,0.0012411928037181497
"Meta Platforms, Inc.",2024-02-22,2024-02-29,5,flat,down,0.7711799144744873,0.22530847787857056,0.0035115964710712433
"Meta Platforms, Inc.",2024-02-23,2024-03-01,5,up,down,0.7650936841964722,0.2329261153936386,0.0019801962189376354
"Meta Platforms, Inc.",2024-02-26,2024-03-04,5,up,down,0.6171217560768127,0.380276083946228,0.0026021702215075493
"Meta Platforms, Inc.",2024-02-27,2024-03-05,5,up,flat,0.4804145097732544,0.5174792408943176,0.002106285188347101
"Meta Platforms, Inc.",2024-02-28,2024-03-06,5,up,down,0.625549852848053,0.3705228865146637,0.003927246201783419
"Meta Platforms, Inc.",2024-02-29,2024-03-07,5,up,down,0.677317202091217,0.31880083680152893,0.0038819604087620974
"Meta Platforms, Inc.",2024-03-01,2024-03-08,5,up,down,0.570904552936554,0.425136923789978,0.003958517219871283
"Meta Platforms, Inc.",2024-03-04,2024-03-11,5,down,down,0.8379316926002502,0.16140469908714294,0.0006636178004555404
"Meta Platforms, Inc.",2024-03-05,2024-03-12,5,flat,down,0.745483934879303,0.25255531072616577,0.0019607925787568092
"Meta Platforms, Inc.",2024-03-06,2024-03-13,5,flat,down,0.8014096617698669,0.19610080122947693,0.0024895956739783287
"Meta Platforms, Inc.",2024-03-07,2024-03-14,5,down,down,0.9202565550804138,0.0774729773402214,0.0022704284638166428
"Meta Platforms, Inc.",2024-03-08,2024-03-15,5,down,down,0.8750730752944946,0.12406515330076218,0.0008618209976702929
"Meta Platforms, Inc.",2024-03-11,2024-03-18,5,flat,down,0.8567053079605103,0.13813138008117676,0.005163315683603287
"Meta Platforms, Inc.",2024-03-12,2024-03-19,5,flat,down,0.7376020550727844,0.25948265194892883,0.0029152517672628164
"Meta Platforms, Inc.",2024-03-13,2024-03-20,5,flat,down,0.9542917609214783,0.04408503323793411,0.0016232506604865193
"Meta Platforms, Inc.",2024-03-14,2024-03-21,5,up,down,0.9743291735649109,0.02501792088150978,0.0006528644007630646
"Meta Platforms, Inc.",2024-03-15,2024-03-22,5,up,down,0.9786633253097534,0.020420894026756287,0.0009157637832686305
"Meta Platforms, Inc.",2024-03-18,2024-03-25,5,up,down,0.7691766023635864,0.2296428084373474,0.0011805833783000708
"Meta Platforms, Inc.",2024-03-19,2024-03-26,5,up,down,0.9262101054191589,0.07224853336811066,0.0015413605142384768
"Meta Platforms, Inc.",2024-03-20,2024-03-27,5,flat,down,0.8845469355583191,0.11138343065977097,0.0040696472860872746
"Meta Platforms, Inc.",2024-03-21,2024-03-28,5,down,down,0.9313408136367798,0.06658566743135452,0.0020734835416078568
"Meta Platforms, Inc.",2024-03-22,2024-04-01,5,down,down,0.9201033711433411,0.0787893533706665,0.0011072603520005941
"Meta Platforms, Inc.",2024-03-25,2024-04-02,5,down,down,0.8308472633361816,0.16744396090507507,0.0017087503802031279
"Meta Platforms, Inc.",2024-03-26,2024-04-03,5,flat,down,0.6144575476646423,0.384215772151947,0.0013266386231407523
"Meta Platforms, Inc.",2024-03-27,2024-04-04,5,up,down,0.9303313493728638,0.06652360409498215,0.0031449957750737667
"Meta Platforms, Inc.",2024-03-28,2024-04-05,5,up,down,0.9725365042686462,0.025455864146351814,0.002007565461099148
"Meta Platforms, Inc.",2024-04-01,2024-04-08,5,up,down,0.9777812361717224,0.020820138975977898,0.0013986147241666913
"Meta Platforms, Inc.",2024-04-02,2024-04-09,5,up,down,0.9964849948883057,0.0026892537716776133,0.0008257195586338639
"Meta Platforms, Inc.",2024-04-03,2024-04-10,5,up,down,0.9338522553443909,0.06078164651989937,0.00536607438698411
"Meta Platforms, Inc.",2024-04-04,2024-04-11,5,flat,down,0.8823519945144653,0.11128545552492142,0.006362510845065117
"Meta Platforms, Inc.",2024-04-05,2024-04-12,5,down,down,0.9177768230438232,0.08124304562807083,0.0009800911648198962
"Meta Platforms, Inc.",2024-04-08,2024-04-15,5,down,down,0.899672269821167,0.09946860373020172,0.00085914769442752
"Meta Platforms, Inc.",2024-04-09,2024-04-16,5,down,down,0.7770792841911316,0.22209616005420685,0.0008245949284173548
"Meta Platforms, Inc.",2024-04-10,2024-04-17,5,down,down,0.7639446258544922,0.23509855568408966,0.0009567812667228281
"Meta Platforms, Inc.",2024-04-11,2024-04-18,5,down,down,0.8218652009963989,0.17718210816383362,0.0009527198853902519
"Meta Platforms, Inc.",2024-04-12,2024-04-19,5,down,down,0.9691718816757202,0.030120564624667168,0.0007075343164615333
"Meta Platforms, Inc.",2024-04-15,2024-04-22,5,down,down,0.9568178653717041,0.04167073965072632,0.0015113205881789327
"Meta Platforms, Inc.",2024-04-16,2024-04-23,5,flat,down,0.9642558097839355,0.032359909266233444,0.003384326584637165
"Meta Platforms, Inc.",2024-04-17,2024-04-24,5,flat,down,0.985121488571167,0.012773049995303154,0.0021054628305137157
"Meta Platforms, Inc.",2024-04-18,2024-04-25,5,down,down,0.9931437969207764,0.004703354090452194,0.002152804983779788
"Meta Platforms, Inc.",2024-04-19,2024-04-26,5,down,down,0.9865671992301941,0.011387662030756474,0.0020451319869607687
"Meta Platforms, Inc.",2024-04-22,2024-04-29,5,down,down,0.9772391319274902,0.018997101113200188,0.0037637746427208185
"Meta Platforms, Inc.",2024-04-23,2024-04-30,5,down,down,0.9889025092124939,0.008820057846605778,0.0022773882374167442
"Meta Platforms, Inc.",2024-04-24,2024-05-01,5,down,down,0.9462133646011353,0.05187160149216652,0.001915096421726048
"Meta Platforms, Inc.",2024-04-25,2024-05-02,5,flat,flat,0.22286356985569,0.7253672480583191,0.0517692044377327
"Meta Platforms, Inc.",2024-04-26,2024-05-03,5,flat,down,0.9362976551055908,0.048561375588178635,0.015140973031520844
"Meta Platforms, Inc.",2024-04-29,2024-05-06,5,up,down,0.9441022276878357,0.03773537650704384,0.01816241629421711
"Meta Platforms, Inc.",2024-04-30,2024-05-07,5,up,down,0.9206273555755615,0.06861474364995956,0.010757917538285255
"Meta Platforms, Inc.",2024-05-01,2024-05-08,5,up,down,0.9529053568840027,0.031820982694625854,0.015273677185177803
"Meta Platforms, Inc.",2024-05-02,2024-05-09,5,up,down,0.7376890778541565,0.25282639265060425,0.009484549053013325
"Meta Platforms, Inc.",2024-05-03,2024-05-10,5,up,down,0.7714031338691711,0.21531392633914948,0.013282892294228077
"Meta Platforms, Inc.",2024-05-06,2024-05-13,5,flat,down,0.8494380116462708,0.1462070345878601,0.004355003125965595
"Meta Platforms, Inc.",2024-05-07,2024-05-14,5,flat,down,0.8794559836387634,0.1174163967370987,0.003127689240500331
"Meta Platforms, Inc.",2024-05-08,2024-05-15,5,flat,down,0.5324897170066833,0.4658066928386688,0.0017035899218171835
"Meta Platforms, Inc.",2024-05-09,2024-05-16,5,flat,down,0.6546347141265869,0.3440159857273102,0.0013493223814293742
"Meta Platforms, Inc.",2024-05-10,2024-05-17,5,flat,down,0.8788235187530518,0.11978939920663834,0.0013871020637452602
"Meta Platforms, Inc.",2024-05-13,2024-05-20,5,flat,flat,0.4218217432498932,0.5634737014770508,0.014704558067023754
"Meta Platforms, Inc.",2024-05-14,2024-05-21,5,flat,down,0.9478872418403625,0.041980527341365814,0.010132201947271824
"Meta Platforms, Inc.",2024-05-15,2024-05-22,5,down,down,0.6511679887771606,0.31441551446914673,0.03441649302840233
"Meta Platforms, Inc.",2024-05-16,2024-05-23,5,flat,flat,0.4354180097579956,0.5392992496490479,0.025282755494117737
"Meta Platforms, Inc.",2024-05-17,2024-05-24,5,flat,down,0.7837471961975098,0.1521294116973877,0.06412336230278015
"Meta Platforms, Inc.",2024-05-20,2024-05-28,5,up,down,0.94132399559021,0.04498205706477165,0.013693949207663536
"Meta Platforms, Inc.",2024-05-21,2024-05-29,5,up,down,0.9122878313064575,0.06164006143808365,0.026072077453136444
"Meta Platforms, Inc.",2024-05-22,2024-05-30,5,flat,down,0.9381787180900574,0.042591605335474014,0.019229663535952568
"Meta Platforms, Inc.",2024-05-23,2024-05-31,5,flat,down,0.9792767763137817,0.015502789057791233,0.005220483057200909
"Meta Platforms, Inc.",2024-05-24,2024-06-03,5,flat,down,0.8906095623970032,0.1042730063199997,0.005117433611303568
"Meta Platforms, Inc.",2024-05-28,2024-06-04,5,flat,down,0.9008988738059998,0.09633217006921768,0.00276902480982244
"Meta Platforms, Inc.",2024-05-29,2024-06-05,5,up,down,0.8968815803527832,0.1003844365477562,0.0027339858934283257
"Meta Platforms, Inc.",2024-05-30,2024-06-06,5,up,down,0.9764015078544617,0.020961299538612366,0.002637171419337392
"Meta Platforms, Inc.",2024-05-31,2024-06-07,5,up,down,0.9611055254936218,0.0259502325206995,0.01294419914484024
"Meta Platforms, Inc.",2024-06-03,2024-06-10,5,up,down,0.9089401960372925,0.08370567113161087,0.007354183122515678
"Meta Platforms, Inc.",2024-06-04,2024-06-11,5,up,down,0.9737774729728699,0.023888688534498215,0.002333782846108079
"Meta Platforms, Inc.",2024-06-05,2024-06-12,5,up,down,0.7262610197067261,0.26682600378990173,0.006913000252097845
"Meta Platforms, Inc.",2024-06-06,2024-06-13,5,up,down,0.7879599332809448,0.2066480666399002,0.005391981452703476
"Meta Platforms, Inc.",2024-06-07,2024-06-14,5,up,down,0.7281922698020935,0.26358628273010254,0.008221493102610111
"Meta Platforms, Inc.",2024-06-13,2024-06-18,5,flat,flat,0.4131791591644287,0.5784042477607727,0.00841660238802433
Microsoft Corporation,2021-07-22,2021-07-29,5,flat,down,0.5162331461906433,0.12221930176019669,0.3615475594997406
Microsoft Corporation,2021-07-23,2021-07-30,5,down,down,0.5565463900566101,0.19147849082946777,0.2519751489162445
Microsoft Corporation,2021-07-26,2021-08-02,5,down,up,0.3867565095424652,0.01573687605559826,0.597506582736969
Microsoft Corporation,2021-07-27,2021-08-03,5,flat,up,0.19908468425273895,0.02837274596095085,0.7725425958633423
Microsoft Corporation,2021-07-28,2021-08-04,5,flat,up,0.4484312832355499,0.02748006395995617,0.5240886211395264
Microsoft Corporation,2021-07-29,2021-08-05,5,flat,down,0.657639741897583,0.020549694076180458,0.32181060314178467
Microsoft Corporation,2021-07-30,2021-08-06,5,up,down,0.47882428765296936,0.05799759924411774,0.4631780982017517
Microsoft Corporation,2021-08-02,2021-08-09,5,up,down,0.4916819930076599,0.0506119504570961,0.4577060043811798
Microsoft Corporation,2021-08-03,2021-08-10,5,flat,up,0.4448023736476898,0.01724190078675747,0.5379557609558105
Microsoft Corporation,2021-08-04,2021-08-11,5,flat,up,0.2760014533996582,0.015421746298670769,0.7085768580436707
Microsoft Corporation,2021-08-05,2021-08-12,5,flat,up,0.18502779304981232,0.01424675714224577,0.8007254600524902
Microsoft Corporation,2021-08-06,2021-08-13,5,up,up,0.026665810495615005,0.005858466494828463,0.9674757719039917
Microsoft Corporation,2021-08-09,2021-08-16,5,up,up,0.0225718654692173,0.00644732266664505,0.9709808230400085
Microsoft Corporation,2021-08-10,2021-08-17,5,up,up,0.035149455070495605,0.003614249872043729,0.961236298084259
Microsoft Corporation,2021-08-11,2021-08-18,5,up,up,0.08511672914028168,0.005543299950659275,0.9093400239944458
Microsoft Corporation,2021-08-12,2021-08-19,5,up,up,0.06174274906516075,0.006888055242598057,0.9313692450523376
Microsoft Corporation,2021-08-13,2021-08-20,5,up,up,0.09385369718074799,0.018835635855793953,0.8873107433319092
Microsoft Corporation,2021-08-16,2021-08-23,5,up,up,0.02568832039833069,0.022282373160123825,0.952029287815094
Microsoft Corporation,2021-08-17,2021-08-24,5,up,up,0.019381968304514885,0.014004595577716827,0.9666134715080261
Microsoft Corporation,2021-08-18,2021-08-25,5,up,up,0.01235959492623806,0.007024409249424934,0.9806159734725952
Microsoft Corporation,2021-08-19,2021-08-26,5,up,up,0.07610893249511719,0.016654277220368385,0.9072368144989014
Microsoft Corporation,2021-08-20,2021-08-27,5,down,up,0.16432592272758484,0.03706872835755348,0.7986053228378296
Microsoft Corporation,2021-08-23,2021-08-30,5,flat,up,0.21194009482860565,0.05513405427336693,0.7329258322715759
Microsoft Corporation,2021-08-24,2021-08-31,5,flat,up,0.17801187932491302,0.043883707374334335,0.7781043648719788
Microsoft Corporation,2021-08-25,2021-09-01,5,flat,up,0.1083357036113739,0.0872030258178711,0.8044613003730774
Microsoft Corporation,2021-08-26,2021-09-02,5,flat,up,0.17467983067035675,0.037293560802936554,0.7880266308784485
Microsoft Corporation,2021-08-27,2021-09-03,5,flat,up,0.4464789032936096,0.028401287272572517,0.5251197814941406
Microsoft Corporation,2021-08-30,2021-09-07,5,down,down,0.5630136132240295,0.1316646784543991,0.30532175302505493
Microsoft Corporation,2021-08-31,2021-09-08,5,down,down,0.5003082156181335,0.03921909257769585,0.4604727327823639
Microsoft Corporation,2021-09-01,2021-09-09,5,down,down,0.5434654355049133,0.0204765722155571,0.436057984828949
Microsoft Corporation,2021-09-02,2021-09-10,5,down,up,0.2790432572364807,0.0353379063308239,0.6856188774108887
Microsoft Corporation,2021-09-03,2021-09-13,5,down,up,0.40948110818862915,0.036631520837545395,0.5538873672485352
Microsoft Corporation,2021-09-07,2021-09-14,5,flat,down,0.6361008286476135,0.015916792675852776,0.3479824364185333
Microsoft Corporation,2021-09-08,2021-09-15,5,up,up,0.46581655740737915,0.03232539817690849,0.5018580555915833
Microsoft Corporation,2021-09-09,2021-09-16,5,up,down,0.5315075516700745,0.025371160358190536,0.4431213140487671
Microsoft Corporation,2021-09-10,2021-09-17,5,up,down,0.5057448744773865,0.041913289576768875,0.45234179496765137
Microsoft Corporation,2021-09-13,2021-09-20,5,down,up,0.45714953541755676,0.03871815651655197,0.5041322708129883
Microsoft Corporation,2021-09-14,2021-09-21,5,down,up,0.37445491552352905,0.022014666348695755,0.6035304069519043
Microsoft Corporation,2021-09-15,2021-09-22,5,down,up,0.17206843197345734,0.07416141778230667,0.753770112991333
Microsoft Corporation,2021-09-16,2021-09-23,5,down,up,0.2498711347579956,0.02007916569709778,0.7300496697425842
Microsoft Corporation,2021-09-17,2021-09-24,5,down,up,0.2520745098590851,0.04494334012269974,0.7029821276664734
Microsoft Corporation,2021-09-20,2021-09-27,5,flat,down,0.6872760057449341,0.05168379470705986,0.2610401511192322
Microsoft Corporation,2021-09-21,2021-09-28,5,down,down,0.4689500331878662,0.2133370190858841,0.3177129626274109
Microsoft Corporation,2021-09-22,2021-09-29,5,down,down,0.49117758870124817,0.2693428099155426,0.23947954177856445
Microsoft Corporation,2021-09-23,2021-09-30,5,down,down,0.4971061050891876,0.13085496425628662,0.37203896045684814
Microsoft Corporation,2021-09-24,2021-10-01,5,down,down,0.4658067226409912,0.13050225377082825,0.40369105339050293
Microsoft Corporation,2021-09-27,2021-10-04,5,down,up,0.40146583318710327,0.042111705988645554,0.5564224123954773
Microsoft Corporation,2021-09-28,2021-10-05,5,flat,up,0.07956419140100479,0.10750981420278549,0.8129259943962097
Microsoft Corporation,2021-09-29,2021-10-06,5,up,up,0.012456413358449936,0.05504610016942024,0.9324975609779358
Microsoft Corporation,2021-09-30,2021-10-07,5,up,up,0.011725922115147114,0.02787388302385807,0.9604002237319946
Microsoft Corporation,2021-10-01,2021-10-08,5,up,up,0.027077022939920425,0.11344486474990845,0.8594781160354614
Microsoft Corporation,2021-10-04,2021-10-11,5,up,up,0.013260596431791782,0.08949622511863708,0.8972431421279907
Microsoft Corporation,2021-10-05,2021-10-12,5,up,up,0.014899326488375664,0.08659519255161285,0.8985055088996887
Microsoft Corporation,2021-10-06,2021-10-13,5,up,up,0.01055274996906519,0.34549421072006226,0.6439530849456787
Microsoft Corporation,2021-10-07,2021-10-14,5,up,flat,0.14180560410022736,0.7214454412460327,0.13674896955490112
Microsoft Corporation,2021-10-08,2021-10-15,5,up,flat,0.11184695363044739,0.4914955496788025,0.3966574966907501
Microsoft Corporation,2021-10-11,2021-10-18,5,up,flat,0.09695466607809067,0.4994731843471527,0.403572142124176
Microsoft Corporation,2021-10-12,2021-10-19,5,up,up,0.022834403440356255,0.27545586228370667,0.7017097473144531
Microsoft Corporation,2021-10-13,2021-10-20,5,up,up,0.05858362093567848,0.4391573369503021,0.5022590756416321
Microsoft Corporation,2021-10-14,2021-10-21,5,up,up,0.18016377091407776,0.24065306782722473,0.5791831612586975
Microsoft Corporation,2021-10-15,2021-10-22,5,up,up,0.11509937047958374,0.15415124595165253,0.7307493686676025
Microsoft Corporation,2021-10-18,2021-10-25,5,up,up,0.03046528808772564,0.012737845070660114,0.9567968249320984
Microsoft Corporation,2021-10-19,2021-10-26,5,flat,up,0.015576794743537903,0.011719287373125553,0.9727038741111755
Microsoft Corporation,2021-10-20,2021-10-27,5,up,up,0.02257847785949707,0.008686603046953678,0.9687349200248718
Microsoft Corporation,2021-10-21,2021-10-28,5,up,up,0.04449206218123436,0.02223586104810238,0.933272123336792
Microsoft Corporation,2021-10-22,2021-10-29,5,up,up,0.06502529233694077,0.05261116847395897,0.882363498210907
Microsoft Corporation,2021-10-25,2021-11-01,5,up,up,0.07796778529882431,0.0336911678314209,0.8883410692214966
Microsoft Corporation,2021-10-26,2021-11-02,5,up,up,0.024773651733994484,0.013513647951185703,0.961712658405304
Microsoft Corporation,2021-10-27,2021-11-03,5,up,up,0.04410477355122566,0.027107644826173782,0.9287875890731812
Microsoft Corporation,2021-10-28,2021-11-04,5,up,up,0.11657284945249557,0.14315931499004364,0.740267813205719
Microsoft Corporation,2021-10-29,2021-11-05,5,up,up,0.14808592200279236,0.1626223623752594,0.6892917156219482
Microsoft Corporation,2021-11-01,2021-11-08,5,up,up,0.2187008112668991,0.18674218654632568,0.5945570468902588
Microsoft Corporation,2021-11-02,2021-11-09,5,up,down,0.46954917907714844,0.14535430073738098,0.38509654998779297
Microsoft Corporation,2021-11-03,2021-11-10,5,flat,down,0.4934858977794647,0.14403508603572845,0.36247897148132324
Microsoft Corporation,2021-11-04,2021-11-11,5,flat,up,0.3844497501850128,0.06656170636415482,0.5489885807037354
Microsoft Corporation,2021-11-05,2021-11-12,5,flat,down,0.5578694939613342,0.18838302791118622,0.25374743342399597
Microsoft Corporation,2021-11-08,2021-11-15,5,flat,up,0.39286813139915466,0.16359399259090424,0.4435379207134247
Microsoft Corporation,2021-11-09,2021-11-16,5,flat,down,0.557702898979187,0.14814604818820953,0.2941510081291199
Microsoft Corporation,2021-11-10,2021-11-17,5,up,down,0.48815956711769104,0.04216626286506653,0.46967411041259766
Microsoft Corporation,2021-11-11,2021-11-18,5,up,down,0.6950662732124329,0.0228405948728323,0.2820931077003479
Microsoft Corporation,2021-11-12,2021-11-19,5,up,down,0.8043546080589294,0.09336850047111511,0.10227686911821365
Microsoft Corporation,2021-11-15,2021-11-22,5,up,down,0.7851657271385193,0.0687742605805397,0.14605996012687683
Microsoft Corporation,2021-11-16,2021-11-23,5,flat,down,0.8665270805358887,0.054637446999549866,0.07883546501398087
Microsoft Corporation,2021-11-17,2021-11-24,5,down,down,0.5928493142127991,0.24058496952056885,0.1665657013654709
Microsoft Corporation,2021-11-18,2021-11-26,5,down,down,0.6777447462081909,0.07416784763336182,0.24808739125728607
Microsoft Corporation,2021-11-19,2021-11-29,5,down,down,0.62131667137146,0.19357194006443024,0.18511132895946503
Microsoft Corporation,2021-11-22,2021-11-30,5,down,down,0.5211212635040283,0.05724868178367615,0.4216300845146179
Microsoft Corporation,2021-11-23,2021-12-01,5,down,down,0.5575727224349976,0.035093557089567184,0.40733370184898376
Microsoft Corporation,2021-11-24,2021-12-02,5,down,down,0.684222936630249,0.021447543054819107,0.29432952404022217
Microsoft Corporation,2021-11-26,2021-12-03,5,down,down,0.7361410856246948,0.044690683484077454,0.21916823089122772
Microsoft Corporation,2021-11-29,2021-12-06,5,down,down,0.6774713397026062,0.11373873054981232,0.20878992974758148
Microsoft Corporation,2021-11-30,2021-12-07,5,flat,down,0.7823429107666016,0.05336107313632965,0.1642959713935852
Microsoft Corporation,2021-12-01,2021-12-08,5,flat,down,0.740631639957428,0.0432460643351078,0.2161223292350769
Microsoft Corporation,2021-12-02,2021-12-09,5,up,down,0.7763456702232361,0.1076912134885788,0.11596310883760452
Microsoft Corporation,2021-12-03,2021-12-10,5,up,down,0.8459209203720093,0.0695611983537674,0.08451791107654572
Microsoft Corporation,2021-12-06,2021-12-13,5,up,down,0.7306771278381348,0.12892021238803864,0.140402689576149
Microsoft Corporation,2021-12-07,2021-12-14,5,flat,down,0.8957850933074951,0.02192513458430767,0.08228980004787445
Microsoft Corporation,2021-12-08,2021-12-15,5,flat,down,0.8852196931838989,0.03782956302165985,0.07695078104734421
Microsoft Corporation,2021-12-09,2021-12-16,5,down,down,0.8833677172660828,0.028200045228004456,0.08843226730823517
Microsoft Corporation,2021-12-10,2021-12-17,5,down,down,0.388203889131546,0.22515647113323212,0.38663968443870544
Microsoft Corporation,2021-12-13,2021-12-20,5,down,up,0.43029332160949707,0.12494061887264252,0.4447660446166992
Microsoft Corporation,2021-12-14,2021-12-21,5,down,down,0.4168128967285156,0.3024497926235199,0.2807372808456421
Microsoft Corporation,2021-12-15,2021-12-22,5,flat,up,0.3605675995349884,0.24502646923065186,0.39440593123435974
Microsoft Corporation,2021-12-16,2021-12-23,5,flat,down,0.39055711030960083,0.23276160657405853,0.3766813278198242
Microsoft Corporation,2021-12-17,2021-12-27,5,up,up,0.31496378779411316,0.16750389337539673,0.5175323486328125
Microsoft Corporation,2021-12-20,2021-12-28,5,up,down,0.6073771119117737,0.08057109266519547,0.31205180287361145
Microsoft Corporation,2021-12-21,2021-12-29,5,up,flat,0.1001332700252533,0.633405327796936,0.26646143198013306
Microsoft Corporation,2021-12-22,2021-12-30,5,up,down,0.4925815165042877,0.14763472974300385,0.35978373885154724
Microsoft Corporation,2021-12-23,2021-12-31,5,flat,down,0.607758104801178,0.12847833335399628,0.26376351714134216
Microsoft Corporation,2021-12-27,2022-01-03,5,down,up,0.07050586491823196,0.03368067368865013,0.8958134651184082
Microsoft Corporation,2021-12-28,2022-01-04,5,down,up,0.09550099819898605,0.04342309385538101,0.8610758781433105
Microsoft Corporation,2021-12-29,2022-01-05,5,down,up,0.09083732962608337,0.01817900314927101,0.8909837007522583
Microsoft Corporation,2021-12-30,2022-01-06,5,down,up,0.13150322437286377,0.04481665790081024,0.8236801028251648
Microsoft Corporation,2021-12-31,2022-01-07,5,down,down,0.499238520860672,0.09547977149486542,0.40528175234794617
Microsoft Corporation,2022-01-03,2022-01-10,5,down,down,0.5937610864639282,0.09970571100711823,0.30653321743011475
Microsoft Corporation,2022-01-04,2022-01-11,5,down,up,0.2692478597164154,0.22700637578964233,0.5037457346916199
Microsoft Corporation,2022-01-05,2022-01-12,5,flat,up,0.19907106459140778,0.2578602433204651,0.5430686473846436
Microsoft Corporation,2022-01-06,2022-01-13,5,flat,up,0.04386797174811363,0.23654943704605103,0.7195825576782227
Microsoft Corporation,2022-01-07,2022-01-14,5,down,up,0.07862190157175064,0.14498478174209595,0.7763933539390564
Microsoft Corporation,2022-01-10,2022-01-18,5,down,up,0.08401267975568771,0.13943298161029816,0.7765543460845947
Microsoft Corporation,2022-01-11,2022-01-19,5,down,up,0.08968571573495865,0.20679320394992828,0.7035210728645325
Microsoft Corporation,2022-01-12,2022-01-20,5,down,up,0.10992871224880219,0.30301088094711304,0.5870604515075684
Microsoft Corporation,2022-01-13,2022-01-21,5,down,up,0.08722280710935593,0.10567758232355118,0.8070996403694153
Microsoft Corporation,2022-01-14,2022-01-24,5,down,up,0.057969994843006134,0.2387845665216446,0.7032454609870911
Microsoft Corporation,2022-01-18,2022-01-25,5,down,up,0.06802438199520111,0.18674708902835846,0.7452285885810852
Microsoft Corporation,2022-01-19,2022-01-26,5,down,up,0.05730336904525757,0.25979945063591003,0.6828972101211548
Microsoft Corporation,2022-01-20,2022-01-27,5,flat,up,0.057534825056791306,0.10128220170736313,0.8411829471588135
Microsoft Corporation,2022-01-21,2022-01-28,5,flat,up,0.057937100529670715,0.1547837108373642,0.7872791886329651
Microsoft Corporation,2022-01-24,2022-01-31,5,up,up,0.09965279698371887,0.22798767685890198,0.6723595261573792
Microsoft Corporation,2022-01-25,2022-02-01,5,up,up,0.06216546148061752,0.060946546494960785,0.8768880367279053
Microsoft Corporation,2022-01-26,2022-02-02,5,up,up,0.13906608521938324,0.2837913930416107,0.5771424770355225
Microsoft Corporation,2022-01-27,2022-02-03,5,flat,up,0.0644664615392685,0.12402704358100891,0.811506450176239
Microsoft Corporation,2022-01-28,2022-02-04,5,flat,up,0.0878075510263443,0.3994852602481842,0.5127071738243103
Microsoft Corporation,2022-01-31,2022-02-07,5,down,flat,0.11851824074983597,0.6491301655769348,0.23235160112380981
Microsoft Corporation,2022-02-01,2022-02-08,5,down,up,0.1207469254732132,0.19347886741161346,0.6857742071151733
Microsoft Corporation,2022-02-02,2022-02-09,5,flat,flat,0.05565546825528145,0.4804036021232605,0.46394091844558716
Microsoft Corporation,2022-02-03,2022-02-10,5,flat,up,0.02410699985921383,0.08477839827537537,0.8911145925521851
Microsoft Corporation,2022-02-04,2022-02-11,5,flat,up,0.012623162008821964,0.03492440655827522,0.9524524807929993
Microsoft Corporation,2022-02-07,2022-02-14,5,down,up,0.022123659029603004,0.032225217670202255,0.945651113986969
Microsoft Corporation,2022-02-08,2022-02-15,5,flat,up,0.029217146337032318,0.06006382778286934,0.9107189774513245
Microsoft Corporation,2022-02-09,2022-02-16,5,down,up,0.04423881694674492,0.21379829943180084,0.7419629096984863
Microsoft Corporation,2022-02-10,2022-02-17,5,down,up,0.023129867389798164,0.09040984511375427,0.8864602446556091
Microsoft Corporation,2022-02-11,2022-02-18,5,down,up,0.02768373116850853,0.08882363140583038,0.883492648601532
Microsoft Corporation,2022-02-14,2022-02-22,5,down,up,0.06628047674894333,0.20356246829032898,0.7301570773124695
Microsoft Corporation,2022-02-15,2022-02-23,5,down,up,0.03967788442969322,0.45227718353271484,0.5080448985099792
Microsoft Corporation,2022-02-16,2022-02-24,5,down,up,0.05596069619059563,0.14576967060565948,0.7982696890830994
Microsoft Corporation,2022-02-17,2022-02-25,5,flat,up,0.020636379718780518,0.17510633170604706,0.804257333278656
Microsoft Corporation,2022-02-18,2022-02-28,5,up,up,0.01640174351632595,0.0580122172832489,0.9255861043930054
Microsoft Corporation,2022-02-22,2022-03-01,5,up,up,0.017042996361851692,0.07189783453941345,0.9110591411590576
Microsoft Corporation,2022-02-23,2022-03-02,5,up,up,0.01282624714076519,0.07150335609912872,0.9156703352928162
Microsoft Corporation,2022-02-24,2022-03-03,5,up,up,0.010705813765525818,0.04269663244485855,0.9465975165367126
Microsoft Corporation,2022-02-25,2022-03-04,5,flat,flat,0.10566038638353348,0.49253061413764954,0.40180906653404236
Microsoft Corporation,2022-02-28,2022-03-07,5,down,flat,0.06212076172232628,0.5408095717430115,0.39706966280937195
Microsoft Corporation,2022-03-01,2022-03-08,5,down,up,0.10090263932943344,0.28904423117637634,0.6100531220436096
Microsoft Corporation,2022-03-02,2022-03-09,5,down,up,0.02590661495923996,0.41195791959762573,0.5621355175971985
Microsoft Corporation,2022-03-03,2022-03-10,5,down,up,0.02878747694194317,0.28108254075050354,0.6901299953460693
Microsoft Corporation,2022-03-04,2022-03-11,5,down,up,0.024039246141910553,0.09495256841182709,0.8810082077980042
Microsoft Corporation,2022-03-07,2022-03-14,5,flat,up,0.059716783463954926,0.18274885416030884,0.757534384727478
Microsoft Corporation,2022-03-08,2022-03-15,5,up,up,0.056544866412878036,0.2151937037706375,0.728261411190033
Microsoft Corporation,2022-03-09,2022-03-16,5,flat,up,0.055635493248701096,0.4249044954776764,0.5194600224494934
Microsoft Corporation,2022-03-10,2022-03-17,5,up,up,0.03816116601228714,0.1265653818845749,0.8352734446525574
Microsoft Corporation,2022-03-11,2022-03-18,5,up,up,0.04483921825885773,0.129865363240242,0.8252954483032227
Microsoft Corporation,2022-03-14,2022-03-21,5,up,up,0.020083701238036156,0.1799612045288086,0.7999551296234131
Microsoft Corporation,2022-03-15,2022-03-22,5,up,flat,0.011345193721354008,0.8180135488510132,0.1706412434577942
Microsoft Corporation,2022-03-16,2022-03-23,5,up,flat,0.05350758507847786,0.6106007695198059,0.33589163422584534
Microsoft Corporation,2022-03-17,2022-03-24,5,up,flat,0.08067215234041214,0.5775084495544434,0.3418194353580475
Microsoft Corporation,2022-03-18,2022-03-25,5,up,flat,0.11723834276199341,0.4834834337234497,0.3992781937122345
Microsoft Corporation,2022-03-21,2022-03-28,5,up,up,0.2002599686384201,0.1987771838903427,0.6009628176689148
Microsoft Corporation,2022-03-22,2022-03-29,5,up,up,0.11453018337488174,0.0895640030503273,0.7959058284759521
Microsoft Corporation,2022-03-23,2022-03-30,5,up,up,0.16953210532665253,0.08150210976600647,0.7489657402038574
Microsoft Corporation,2022-03-24,2022-03-31,5,up,up,0.15276259183883667,0.1878887116909027,0.6593486666679382
Microsoft Corporation,2022-03-25,2022-04-01,5,up,up,0.10104982554912567,0.20727390050888062,0.6916763186454773
Microsoft Corporation,2022-03-28,2022-04-04,5,up,up,0.17663173377513885,0.08791831135749817,0.7354499697685242
Microsoft Corporation,2022-03-29,2022-04-05,5,flat,up,0.1061575710773468,0.12739329040050507,0.7664491534233093
Microsoft Corporation,2022-03-30,2022-04-06,5,down,up,0.12260164320468903,0.03679149970412254,0.8406068086624146
Microsoft Corporation,2022-03-31,2022-04-07,5,down,up,0.18979507684707642,0.049702808260917664,0.7605020999908447
Microsoft Corporation,2022-04-01,2022-04-08,5,down,up,0.17621274292469025,0.10409816354513168,0.719689130783081
Microsoft Corporation,2022-04-04,2022-04-11,5,down,up,0.10012887418270111,0.2802427113056183,0.6196284294128418
Microsoft Corporation,2022-04-05,2022-04-12,5,down,up,0.15040308237075806,0.11992571502923965,0.7296711802482605
Microsoft Corporation,2022-04-06,2022-04-13,5,down,up,0.2660055160522461,0.1706061065196991,0.5633884072303772
Microsoft Corporation,2022-04-07,2022-04-14,5,down,up,0.31649675965309143,0.13402965664863586,0.5494735836982727
Microsoft Corporation,2022-04-08,2022-04-18,5,down,up,0.4023593068122864,0.14794288575649261,0.4496978521347046
Microsoft Corporation,2022-04-11,2022-04-19,5,down,up,0.21418844163417816,0.32380253076553345,0.4620090126991272
Microsoft Corporation,2022-04-12,2022-04-20,5,flat,up,0.1876107156276703,0.19759534299373627,0.6147939562797546
Microsoft Corporation,2022-04-13,2022-04-21,5,flat,up,0.1864042431116104,0.1127687394618988,0.7008270025253296
Microsoft Corporation,2022-04-14,2022-04-22,5,down,up,0.11419349908828735,0.14872314035892487,0.737083375453949
Microsoft Corporation,2022-04-18,2022-04-25,5,flat,up,0.09408730268478394,0.07787037640810013,0.8280423283576965
Microsoft Corporation,2022-04-19,2022-04-26,5,down,up,0.10612549632787704,0.15050192177295685,0.7433725595474243
Microsoft Corporation,2022-04-20,2022-04-27,5,down,up,0.13577590882778168,0.3759288191795349,0.48829519748687744
Microsoft Corporation,2022-04-21,2022-04-28,5,flat,up,0.10567699372768402,0.08392231166362762,0.810400664806366
Microsoft Corporation,2022-04-22,2022-04-29,5,up,up,0.07502441108226776,0.3169681429862976,0.6080074310302734
Microsoft Corporation,2022-04-25,2022-05-02,5,up,up,0.04897446185350418,0.09259220212697983,0.8584333658218384
Microsoft Corporation,2022-04-26,2022-05-03,5,up,up,0.05965790897607803,0.14063243567943573,0.799709677696228
Microsoft Corporation,2022-04-27,2022-05-04,5,flat,up,0.039186373353004456,0.28290826082229614,0.6779053807258606
Microsoft Corporation,2022-04-28,2022-05-05,5,down,flat,0.05480926111340523,0.5243425369262695,0.42084816098213196
Microsoft Corporation,2022-04-29,2022-05-06,5,down,up,0.05694808438420296,0.39782699942588806,0.5452248454093933
Microsoft Corporation,2022-05-02,2022-05-09,5,down,up,0.020649472251534462,0.09896045923233032,0.8803900480270386
Microsoft Corporation,2022-05-03,2022-05-10,5,down,flat,0.03981483727693558,0.6401827335357666,0.3200024664402008
Microsoft Corporation,2022-05-04,2022-05-11,5,down,up,0.03542356938123703,0.4308004677295685,0.5337759852409363
Microsoft Corporation,2022-05-05,2022-05-12,5,down,up,0.024641139432787895,0.16381186246871948,0.811547040939331
Microsoft Corporation,2022-05-06,2022-05-13,5,down,up,0.01639757677912712,0.10073971748352051,0.8828626871109009
Microsoft Corporation,2022-05-09,2022-05-16,5,down,up,0.03944864124059677,0.23312847316265106,0.7274228930473328
Microsoft Corporation,2022-05-10,2022-05-17,5,flat,up,0.03398768976330757,0.22215932607650757,0.743852972984314
Microsoft Corporation,2022-05-11,2022-05-18,5,down,up,0.03980192169547081,0.2605803608894348,0.6996176838874817
Microsoft Corporation,2022-05-12,2022-05-19,5,flat,up,0.1270250380039215,0.3267715275287628,0.5462034344673157
Microsoft Corporation,2022-05-13,2022-05-20,5,flat,flat,0.0661378726363182,0.6477914452552795,0.28607070446014404
Microsoft Corporation,2022-05-16,2022-05-23,5,flat,up,0.030005717650055885,0.3582202196121216,0.6117740869522095
Microsoft Corporation,2022-05-17,2022-05-24,5,down,flat,0.060023751109838486,0.5158616304397583,0.4241146445274353
Microsoft Corporation,2022-05-18,2022-05-25,5,flat,up,0.020807210355997086,0.1776372343301773,0.8015555143356323
Microsoft Corporation,2022-05-19,2022-05-26,5,up,up,0.0195299219340086,0.12155820429325104,0.8589118123054504
Microsoft Corporation,2022-05-20,2022-05-27,5,up,up,0.03371098265051842,0.15971435606479645,0.8065746426582336
Microsoft Corporation,2022-05-23,2022-05-31,5,up,up,0.03137192502617836,0.35599464178085327,0.612633466720581
Microsoft Corporation,2022-05-24,2022-06-01,5,up,up,0.05096110701560974,0.13985230028629303,0.809186577796936
Microsoft Corporation,2022-05-25,2022-06-02,5,up,flat,0.04875136539340019,0.5154473185539246,0.43580132722854614
Microsoft Corporation,2022-05-26,2022-06-03,5,up,flat,0.08716580271720886,0.607363760471344,0.3054704964160919
Microsoft Corporation,2022-05-27,2022-06-06,5,flat,up,0.1226731389760971,0.3540889024734497,0.5232380032539368
Microsoft Corporation,2022-05-31,2022-06-07,5,flat,up,0.1518419086933136,0.3461335003376007,0.5020245909690857
Microsoft Corporation,2022-06-01,2022-06-08,5,flat,up,0.13224297761917114,0.3953838348388672,0.47237324714660645
Microsoft Corporation,2022-06-02,2022-06-09,5,flat,up,0.023129595443606377,0.2565569579601288,0.7203134894371033
Microsoft Corporation,2022-06-03,2022-06-10,5,down,up,0.02194300852715969,0.41605156660079956,0.5620054602622986
Microsoft Corporation,2022-06-06,2022-06-13,5,down,up,0.02737070620059967,0.0833718404173851,0.8892574310302734
Microsoft Corporation,2022-06-07,2022-06-14,5,down,up,0.017747843638062477,0.1336705982685089,0.8485815525054932
Microsoft Corporation,2022-06-08,2022-06-15,5,down,up,0.026191789656877518,0.1845502406358719,0.7892580032348633
Microsoft Corporation,2022-06-09,2022-06-16,5,down,up,0.014394361525774002,0.079403355717659,0.9062023162841797
Microsoft Corporation,2022-06-10,2022-06-17,5,down,up,0.08395051211118698,0.18904787302017212,0.7270015478134155
Microsoft Corporation,2022-06-13,2022-06-21,5,up,flat,0.030129726976156235,0.6445464491844177,0.32532382011413574
Microsoft Corporation,2022-06-14,2022-06-22,5,up,up,0.04448283836245537,0.45920777320861816,0.496309369802475
Microsoft Corporation,2022-06-15,2022-06-23,5,up,flat,0.059894412755966187,0.6592146158218384,0.28089097142219543
Microsoft Corporation,2022-06-16,2022-06-24,5,up,flat,0.06676048040390015,0.46793368458747864,0.4653058648109436
Microsoft Corporation,2022-06-17,2022-06-27,5,up,flat,0.03751063719391823,0.6552076935768127,0.3072817325592041
Microsoft Corporation,2022-06-21,2022-06-28,5,up,flat,0.046979062259197235,0.7181692719459534,0.2348516881465912
Microsoft Corporation,2022-06-22,2022-06-29,5,up,flat,0.14476659893989563,0.5900601744651794,0.2651732563972473
Microsoft Corporation,2022-06-23,2022-06-30,5,flat,flat,0.026426110416650772,0.8876593112945557,0.08591456711292267
Microsoft Corporation,2022-06-24,2022-07-01,5,down,flat,0.18558478355407715,0.6182203888893127,0.1961948722600937
Microsoft Corporation,2022-06-27,2022-07-05,5,down,up,0.1770683079957962,0.3910338580608368,0.4318978786468506
Microsoft Corporation,2022-06-28,2022-07-06,5,up,up,0.02930930256843567,0.3982304036617279,0.5724602937698364
Microsoft Corporation,2022-06-29,2022-07-07,5,up,up,0.009386328980326653,0.2189076691865921,0.7717060446739197
Microsoft Corporation,2022-06-30,2022-07-08,5,up,up,0.015880297869443893,0.059664398431777954,0.9244552850723267
Microsoft Corporation,2022-07-01,2022-07-11,5,up,up,0.0154092563316226,0.14491382241249084,0.8396768569946289
Microsoft Corporation,2022-07-05,2022-07-12,5,flat,up,0.013415028341114521,0.16278335452079773,0.8238016366958618
Microsoft Corporation,2022-07-06,2022-07-13,5,down,flat,0.03995543345808983,0.6719074845314026,0.2881370782852173
Microsoft Corporation,2022-07-07,2022-07-14,5,down,up,0.33868589997291565,0.13530969619750977,0.5260043740272522
Microsoft Corporation,2022-07-08,2022-07-15,5,down,down,0.48470598459243774,0.21843531727790833,0.29685866832733154
Microsoft Corporation,2022-07-11,2022-07-18,5,down,up,0.1642938107252121,0.29516956210136414,0.540536642074585
Microsoft Corporation,2022-07-12,2022-07-19,5,flat,up,0.0910436287522316,0.18812662363052368,0.7208297848701477
Microsoft Corporation,2022-07-13,2022-07-20,5,up,flat,0.307380348443985,0.4644359052181244,0.228183776140213
Microsoft Corporation,2022-07-14,2022-07-21,5,up,up,0.08990573137998581,0.31455856561660767,0.5955356359481812
Microsoft Corporation,2022-07-15,2022-07-22,5,up,up,0.05523344501852989,0.4405909478664398,0.50417560338974
Microsoft Corporation,2022-07-18,2022-07-25,5,flat,up,0.05646831542253494,0.13163593411445618,0.8118957877159119
Microsoft Corporation,2022-07-19,2022-07-26,5,flat,up,0.04216965287923813,0.1513383835554123,0.8064919114112854
Microsoft Corporation,2022-07-20,2022-07-27,5,flat,flat,0.12378790974617004,0.6527554392814636,0.22345663607120514
Microsoft Corporation,2022-07-21,2022-07-28,5,up,down,0.6137943267822266,0.12421523034572601,0.26199042797088623
Microsoft Corporation,2022-07-22,2022-07-29,5,up,down,0.4161357581615448,0.3043287992477417,0.2795354127883911
Microsoft Corporation,2022-07-25,2022-08-01,5,up,up,0.24691735208034515,0.2648395001888275,0.48824313282966614
Microsoft Corporation,2022-07-26,2022-08-02,5,up,up,0.1608520746231079,0.1898030936717987,0.6493448615074158
Microsoft Corporation,2022-07-27,2022-08-03,5,up,down,0.4703606367111206,0.24591952562332153,0.28371989727020264
Microsoft Corporation,2022-07-28,2022-08-04,5,up,up,0.13669253885746002,0.3734293282032013,0.4898781180381775
Microsoft Corporation,2022-07-29,2022-08-05,5,flat,up,0.1683792918920517,0.09846554696559906,0.7331551313400269
Microsoft Corporation,2022-08-01,2022-08-08,5,up,up,0.3196803331375122,0.058405160903930664,0.6219145059585571
Microsoft Corporation,2022-08-02,2022-08-09,5,up,up,0.2749781310558319,0.016657598316669464,0.7083643078804016
Microsoft Corporation,2022-08-03,2022-08-10,5,up,up,0.22936378419399261,0.09606422483921051,0.6745719909667969
Microsoft Corporation,2022-08-04,2022-08-11,5,up,up,0.23852284252643585,0.16128893196582794,0.6001882553100586
Microsoft Corporation,2022-08-05,2022-08-12,5,up,down,0.5617550611495972,0.16295091807842255,0.2752940058708191
Microsoft Corporation,2022-08-08,2022-08-15,5,up,flat,0.12084899097681046,0.6877126097679138,0.19143837690353394
Microsoft Corporation,2022-08-09,2022-08-16,5,up,up,0.16297271847724915,0.17911815643310547,0.657909095287323
Microsoft Corporation,2022-08-10,2022-08-17,5,flat,up,0.030217746272683144,0.37052494287490845,0.5992573499679565
Microsoft Corporation,2022-08-11,2022-08-18,5,flat,up,0.10946004092693329,0.36179861426353455,0.5287413001060486
Microsoft Corporation,2022-08-12,2022-08-19,5,flat,up,0.08716195821762085,0.19067516922950745,0.7221628427505493
Microsoft Corporation,2022-08-15,2022-08-22,5,down,flat,0.18193303048610687,0.4177679717540741,0.4002990126609802
Microsoft Corporation,2022-08-16,2022-08-23,5,down,up,0.1353541612625122,0.04057205095887184,0.8240737915039062
Microsoft Corporation,2022-08-17,2022-08-24,5,down,up,0.3376428186893463,0.05120420828461647,0.6111529469490051
Microsoft Corporation,2022-08-18,2022-08-25,5,down,up,0.44830459356307983,0.04055630788207054,0.5111390948295593
Microsoft Corporation,2022-08-19,2022-08-26,5,down,up,0.29801684617996216,0.010154243558645248,0.6918289065361023
Microsoft Corporation,2022-08-22,2022-08-29,5,down,up,0.3084140419960022,0.14634346961975098,0.5452424883842468
Microsoft Corporation,2022-08-23,2022-08-30,5,down,up,0.19290538132190704,0.15107432007789612,0.6560202836990356
Microsoft Corporation,2022-08-24,2022-08-31,5,down,down,0.5642379522323608,0.07790884375572205,0.3578531742095947
Microsoft Corporation,2022-08-25,2022-09-01,5,down,down,0.6972672939300537,0.15846562385559082,0.14426706731319427
Microsoft Corporation,2022-08-26,2022-09-02,5,down,down,0.7530287504196167,0.04486615210771561,0.2021051049232483
Microsoft Corporation,2022-08-29,2022-09-06,5,down,up,0.36965495347976685,0.20752720534801483,0.42281779646873474
Microsoft Corporation,2022-08-30,2022-09-07,5,down,up,0.38657069206237793,0.1129431426525116,0.5004861950874329
Microsoft Corporation,2022-08-31,2022-09-08,5,down,up,0.05546613410115242,0.05451395735144615,0.890019953250885
Microsoft Corporation,2022-09-01,2022-09-09,5,up,up,0.019969932734966278,0.05773219093680382,0.9222978353500366
Microsoft Corporation,2022-09-02,2022-09-12,5,up,up,0.04632945731282234,0.05352480337023735,0.9001457691192627
Microsoft Corporation,2022-09-06,2022-09-13,5,flat,up,0.03266690671443939,0.06908857822418213,0.8982445597648621
Microsoft Corporation,2022-09-07,2022-09-14,5,down,up,0.03813806176185608,0.17665934562683105,0.7852025628089905
Microsoft Corporation,2022-09-08,2022-09-15,5,down,up,0.025862786918878555,0.1537599116563797,0.8203772902488708
Microsoft Corporation,2022-09-09,2022-09-16,5,down,flat,0.09647206217050552,0.5614254474639893,0.3421024978160858
Microsoft Corporation,2022-09-12,2022-09-19,5,down,flat,0.02918149158358574,0.7024210691452026,0.2683974504470825
Microsoft Corporation,2022-09-13,2022-09-20,5,down,up,0.031690776348114014,0.14234884083271027,0.8259603977203369
Microsoft Corporation,2022-09-14,2022-09-21,5,down,up,0.024915218353271484,0.11125294864177704,0.8638318181037903
Microsoft Corporation,2022-09-15,2022-09-22,5,down,up,0.030222399160265923,0.3840463161468506,0.5857312679290771
Microsoft Corporation,2022-09-16,2022-09-23,5,down,up,0.05015901103615761,0.2903512716293335,0.6594896912574768
Microsoft Corporation,2022-09-19,2022-09-26,5,down,up,0.08619457483291626,0.22443711757659912,0.6893682479858398
Microsoft Corporation,2022-09-20,2022-09-27,5,down,up,0.04795440658926964,0.13099393248558044,0.8210517168045044
Microsoft Corporation,2022-09-21,2022-09-28,5,down,up,0.053168293088674545,0.27433788776397705,0.6724937558174133
Microsoft Corporation,2022-09-22,2022-09-29,5,flat,up,0.020741712301969528,0.3311968147754669,0.6480614542961121
Microsoft Corporation,2022-09-23,2022-09-30,5,flat,up,0.016597414389252663,0.21472600102424622,0.7686766386032104
Microsoft Corporation,2022-09-26,2022-10-03,5,flat,up,0.013003809377551079,0.3129333257675171,0.6740628480911255
Microsoft Corporation,2022-09-27,2022-10-04,5,up,up,0.009731556288897991,0.11665727198123932,0.8736111521720886
Microsoft Corporation,2022-09-28,2022-10-05,5,up,up,0.010128793306648731,0.13655556738376617,0.8533156514167786
Microsoft Corporation,2022-09-29,2022-10-06,5,up,up,0.01095590554177761,0.1386798769235611,0.8503642678260803
Microsoft Corporation,2022-09-30,2022-10-07,5,flat,up,0.005437393207103014,0.10389381647109985,0.8906687498092651
Microsoft Corporation,2022-10-03,2022-10-10,5,down,up,0.006874403916299343,0.2753550112247467,0.717770516872406
Microsoft Corporation,2022-10-04,2022-10-11,5,down,flat,0.025840917602181435,0.8938594460487366,0.08029960840940475
Microsoft Corporation,2022-10-05,2022-10-12,5,down,flat,0.06713136285543442,0.6345282196998596,0.29834043979644775
Microsoft Corporation,2022-10-06,2022-10-13,5,down,flat,0.05036952346563339,0.7018817663192749,0.2477487325668335
Microsoft Corporation,2022-10-07,2022-10-14,5,down,up,0.036721520125865936,0.3059759736061096,0.6573024988174438
Microsoft Corporation,2022-10-10,2022-10-17,5,up,up,0.026467593386769295,0.22919034957885742,0.744342029094696
Microsoft Corporation,2022-10-11,2022-10-18,5,up,up,0.0197214987128973,0.43808719515800476,0.5421913266181946
Microsoft Corporation,2022-10-12,2022-10-19,5,up,up,0.04039178788661957,0.26283350586891174,0.6967746615409851
Microsoft Corporation,2022-10-13,2022-10-20,5,up,up,0.01799444854259491,0.4557335674762726,0.5262719988822937
Microsoft Corporation,2022-10-14,2022-10-21,5,up,flat,0.038638852536678314,0.6756230592727661,0.28573814034461975
Microsoft Corporation,2022-10-17,2022-10-24,5,up,flat,0.03944213315844536,0.9007642269134521,0.05979370325803757
Microsoft Corporation,2022-10-18,2022-10-25,5,up,flat,0.043282948434352875,0.8899627327919006,0.0667543038725853
Microsoft Corporation,2022-10-19,2022-10-26,5,flat,up,0.12257198244333267,0.3329830765724182,0.5444449782371521
Microsoft Corporation,2022-10-20,2022-10-27,5,down,up,0.07748320698738098,0.43901848793029785,0.4834982752799988
Microsoft Corporation,2022-10-21,2022-10-28,5,down,flat,0.01900833658874035,0.7870315909385681,0.1939600110054016
Microsoft Corporation,2022-10-24,2022-10-31,5,down,flat,0.06716121733188629,0.7862858176231384,0.14655299484729767
Microsoft Corporation,2022-10-25,2022-11-01,5,down,flat,0.06807924062013626,0.5562947392463684,0.37562596797943115
Microsoft Corporation,2022-10-26,2022-11-02,5,down,up,0.02367562986910343,0.2975132167339325,0.6788111925125122
Microsoft Corporation,2022-10-27,2022-11-03,5,down,up,0.02830904722213745,0.16364768147468567,0.8080433011054993
Microsoft Corporation,2022-10-28,2022-11-04,5,down,up,0.06402582675218582,0.20423734188079834,0.7317367792129517
Microsoft Corporation,2022-10-31,2022-11-07,5,down,flat,0.06452794373035431,0.5462431311607361,0.3892289400100708
Microsoft Corporation,2022-11-01,2022-11-08,5,flat,up,0.05504809319972992,0.38869789242744446,0.5562540292739868
Microsoft Corporation,2022-11-02,2022-11-09,5,flat,up,0.023832175880670547,0.28686633706092834,0.6893014907836914
Microsoft Corporation,2022-11-03,2022-11-10,5,up,flat,0.05227438360452652,0.5481635928153992,0.39956197142601013
Microsoft Corporation,2022-11-04,2022-11-11,5,up,flat,0.039875876158475876,0.5978739857673645,0.3622501492500305
Microsoft Corporation,2022-11-07,2022-11-14,5,up,flat,0.02002847008407116,0.5608037710189819,0.41916775703430176
Microsoft Corporation,2022-11-08,2022-11-15,5,up,flat,0.04189503565430641,0.8280283808708191,0.13007661700248718
Microsoft Corporation,2022-11-09,2022-11-16,5,up,flat,0.03823162242770195,0.5614113211631775,0.40035703778266907
Microsoft Corporation,2022-11-10,2022-11-17,5,flat,flat,0.2548816204071045,0.5268233418464661,0.21829503774642944
Microsoft Corporation,2022-11-11,2022-11-18,5,flat,up,0.10289791971445084,0.15621650218963623,0.7408855557441711
Microsoft Corporation,2022-11-14,2022-11-21,5,flat,flat,0.2766437828540802,0.505987823009491,0.21736837923526764
Microsoft Corporation,2022-11-15,2022-11-22,5,flat,up,0.2391292005777359,0.27403539419174194,0.48683544993400574
Microsoft Corporation,2022-11-16,2022-11-23,5,up,up,0.20015466213226318,0.3013502061367035,0.4984951615333557
Microsoft Corporation,2022-11-17,2022-11-25,5,up,flat,0.12284841388463974,0.5074576139450073,0.36969396471977234
Microsoft Corporation,2022-11-18,2022-11-28,5,flat,flat,0.06358395516872406,0.7042913436889648,0.23212465643882751
Microsoft Corporation,2022-11-21,2022-11-29,5,flat,flat,0.10665439069271088,0.8159366250038147,0.07740896195173264
Microsoft Corporation,2022-11-22,2022-11-30,5,up,flat,0.0994679406285286,0.8321996927261353,0.06833236664533615
Microsoft Corporation,2022-11-23,2022-12-01,5,up,flat,0.14241766929626465,0.7654836773872375,0.09209862351417542
Microsoft Corporation,2022-11-25,2022-12-02,5,up,flat,0.22993344068527222,0.41192302107810974,0.35814353823661804
Microsoft Corporation,2022-11-28,2022-12-05,5,up,flat,0.13327862322330475,0.7664108872413635,0.10031045973300934
Microsoft Corporation,2022-11-29,2022-12-06,5,up,flat,0.3430742025375366,0.5049936175346375,0.15193216502666473
Microsoft Corporation,2022-11-30,2022-12-07,5,flat,flat,0.27838921546936035,0.5548837184906006,0.16672703623771667
Microsoft Corporation,2022-12-01,2022-12-08,5,down,up,0.2326367199420929,0.20882467925548553,0.5585386157035828
Microsoft Corporation,2022-12-02,2022-12-09,5,down,down,0.42148879170417786,0.2240392416715622,0.35447198152542114
Microsoft Corporation,2022-12-05,2022-12-12,5,flat,up,0.09382787346839905,0.25337037444114685,0.6528017520904541
Microsoft Corporation,2022-12-06,2022-12-13,5,up,flat,0.2517710030078888,0.5882357358932495,0.1599932760000229
Microsoft Corporation,2022-12-07,2022-12-14,5,up,down,0.4536985158920288,0.3733086884021759,0.1729927659034729
Microsoft Corporation,2022-12-08,2022-12-15,5,up,down,0.6092681884765625,0.24266241490840912,0.1480693817138672
Microsoft Corporation,2022-12-09,2022-12-16,5,flat,down,0.4801909923553467,0.15378794074058533,0.3660210371017456
Microsoft Corporation,2022-12-12,2022-12-19,5,down,down,0.5590481758117676,0.26685044169425964,0.17410141229629517
Microsoft Corporation,2022-12-13,2022-12-20,5,down,up,0.04956820234656334,0.10369542241096497,0.8467363715171814
Microsoft Corporation,2022-12-14,2022-12-21,5,down,up,0.21732914447784424,0.04601079225540161,0.7366600632667542
Microsoft Corporation,2022-12-15,2022-12-22,5,down,flat,0.1846167892217636,0.6850769519805908,0.13030631840229034
Microsoft Corporation,2022-12-16,2022-12-23,5,down,flat,0.17585818469524384,0.7473734617233276,0.07676836848258972
Microsoft Corporation,2022-12-19,2022-12-27,5,down,flat,0.09734104573726654,0.8303432464599609,0.0723157450556755
Microsoft Corporation,2022-12-20,2022-12-28,5,down,flat,0.17648610472679138,0.610318660736084,0.21319520473480225
Microsoft Corporation,2022-12-21,2022-12-29,5,down,flat,0.3536345660686493,0.5573639273643494,0.08900150656700134
Microsoft Corporation,2022-12-22,2022-12-30,5,flat,flat,0.26436248421669006,0.5759097337722778,0.1597277969121933
Microsoft Corporation,2022-12-23,2023-01-03,5,up,down,0.6294304132461548,0.2494845986366272,0.12108496576547623
Microsoft Corporation,2022-12-27,2023-01-04,5,down,flat,0.24120773375034332,0.4958517551422119,0.2629404366016388
Microsoft Corporation,2022-12-28,2023-01-05,5,down,flat,0.07843758165836334,0.719873309135437,0.20168907940387726
Microsoft Corporation,2022-12-29,2023-01-06,5,down,flat,0.015015856362879276,0.766897976398468,0.2180861532688141
Microsoft Corporation,2022-12-30,2023-01-09,5,down,up,0.0837455466389656,0.21502508223056793,0.7012293338775635
Microsoft Corporation,2023-01-03,2023-01-10,5,down,flat,0.015413258224725723,0.8890419602394104,0.09554476290941238
Microsoft Corporation,2023-01-04,2023-01-11,5,flat,up,0.027360090985894203,0.3870440423488617,0.5855959057807922
Microsoft Corporation,2023-01-05,2023-01-12,5,up,flat,0.06695349514484406,0.4932492971420288,0.4397972524166107
Microsoft Corporation,2023-01-06,2023-01-13,5,up,up,0.08285258710384369,0.3230781853199005,0.594069242477417
Microsoft Corporation,2023-01-09,2023-01-17,5,up,flat,0.036060698330402374,0.8386051058769226,0.12533420324325562
Microsoft Corporation,2023-01-10,2023-01-18,5,up,flat,0.052270691841840744,0.6681340336799622,0.2795952558517456
Microsoft Corporation,2023-01-11,2023-01-19,5,flat,flat,0.007606919854879379,0.9689176678657532,0.02347538433969021
Microsoft Corporation,2023-01-12,2023-01-20,5,flat,flat,0.012794436886906624,0.9733712673187256,0.013834268786013126
Microsoft Corporation,2023-01-13,2023-01-23,5,up,flat,0.13306285440921783,0.8107010126113892,0.05623617023229599
Microsoft Corporation,2023-01-17,2023-01-24,5,flat,flat,0.17250317335128784,0.7314146161079407,0.09608220309019089
Microsoft Corporation,2023-01-18,2023-01-25,5,flat,flat,0.09334206581115723,0.5159627795219421,0.39069512486457825
Microsoft Corporation,2023-01-19,2023-01-26,5,up,up,0.029364708811044693,0.34270358085632324,0.6279317140579224
Microsoft Corporation,2023-01-20,2023-01-27,5,up,flat,0.011600585654377937,0.7984212636947632,0.18997815251350403
Microsoft Corporation,2023-01-23,2023-01-30,5,flat,flat,0.01121132168918848,0.9363212585449219,0.05246743932366371
Microsoft Corporation,2023-01-24,2023-01-31,5,up,flat,0.3117066025733948,0.5493009686470032,0.13899245858192444
Microsoft Corporation,2023-01-25,2023-02-01,5,up,flat,0.08951451629400253,0.4734112620353699,0.4370742738246918
Microsoft Corporation,2023-01-26,2023-02-02,5,up,up,0.22778157889842987,0.2770601212978363,0.49515828490257263
Microsoft Corporation,2023-01-27,2023-02-03,5,up,down,0.37574681639671326,0.36823853850364685,0.2560146749019623
Microsoft Corporation,2023-01-30,2023-02-06,5,up,flat,0.13707970082759857,0.8392170667648315,0.023703280836343765
Microsoft Corporation,2023-01-31,2023-02-07,5,up,flat,0.12232121080160141,0.7807021141052246,0.09697674214839935
Microsoft Corporation,2023-02-01,2023-02-08,5,up,up,0.11715608090162277,0.4364343285560608,0.4464096128940582
Microsoft Corporation,2023-02-02,2023-02-09,5,up,up,0.1863466054201126,0.22088176012039185,0.592771589756012
Microsoft Corporation,2023-02-03,2023-02-10,5,flat,down,0.474473774433136,0.13666000962257385,0.3888661861419678
Microsoft Corporation,2023-02-06,2023-02-13,5,up,up,0.4049501121044159,0.11555443704128265,0.47949549555778503
Microsoft Corporation,2023-02-07,2023-02-14,5,up,up,0.12305237352848053,0.34378528594970703,0.5331622958183289
Microsoft Corporation,2023-02-08,2023-02-15,5,flat,up,0.11559543758630753,0.32109081745147705,0.5633137226104736
Microsoft Corporation,2023-02-09,2023-02-16,5,down,flat,0.18158096075057983,0.48719170689582825,0.3312273621559143
Microsoft Corporation,2023-02-10,2023-02-17,5,down,flat,0.24909186363220215,0.4750676155090332,0.27584055066108704
Microsoft Corporation,2023-02-13,2023-02-21,5,down,up,0.1110612154006958,0.38137149810791016,0.507567286491394
Microsoft Corporation,2023-02-14,2023-02-22,5,down,down,0.40527644753456116,0.27547141909599304,0.3192521333694458
Microsoft Corporation,2023-02-15,2023-02-23,5,down,down,0.7160701155662537,0.0928225964307785,0.19110728800296783
Microsoft Corporation,2023-02-16,2023-02-24,5,down,down,0.6301970481872559,0.08264844864606857,0.28715455532073975
Microsoft Corporation,2023-02-17,2023-02-27,5,down,down,0.7494317889213562,0.11397653073072433,0.13659170269966125
Microsoft Corporation,2023-02-21,2023-02-28,5,flat,down,0.4957011640071869,0.42547371983528137,0.07882516831159592
Microsoft Corporation,2023-02-22,2023-03-01,5,down,down,0.7445065379142761,0.16689114272594452,0.08860237151384354
Microsoft Corporation,2023-02-23,2023-03-02,5,down,down,0.8967939615249634,0.08836106210947037,0.014844987541437149
Microsoft Corporation,2023-02-24,2023-03-03,5,up,down,0.8212074637413025,0.16119785606861115,0.01759469136595726
Microsoft Corporation,2023-02-27,2023-03-06,5,up,down,0.5054599642753601,0.451656699180603,0.04288334771990776
Microsoft Corporation,2023-02-28,2023-03-07,5,up,down,0.7407833933830261,0.22101809084415436,0.038198523223400116
Microsoft Corporation,2023-03-01,2023-03-08,5,up,down,0.7518993020057678,0.17567601799964905,0.07242473214864731
Microsoft Corporation,2023-03-02,2023-03-09,5,up,down,0.5690190196037292,0.3035305142402649,0.12745046615600586
Microsoft Corporation,2023-03-03,2023-03-10,5,down,flat,0.21946969628334045,0.6833236217498779,0.09720666706562042
Microsoft Corporation,2023-03-06,2023-03-13,5,down,flat,0.3648625314235687,0.5049964785575867,0.1301409900188446
Microsoft Corporation,2023-03-07,2023-03-14,5,up,down,0.5675836205482483,0.29860758781433105,0.13380877673625946
Microsoft Corporation,2023-03-08,2023-03-15,5,up,up,0.12207121402025223,0.24871231615543365,0.6292164325714111
Microsoft Corporation,2023-03-09,2023-03-16,5,up,up,0.11426213383674622,0.08718258142471313,0.798555314540863
Microsoft Corporation,2023-03-10,2023-03-17,5,up,up,0.026380643248558044,0.22606730461120605,0.7475520372390747
Microsoft Corporation,2023-03-13,2023-03-20,5,up,flat,0.03826804831624031,0.5111887454986572,0.45054322481155396
Microsoft Corporation,2023-03-14,2023-03-21,5,up,up,0.23774150013923645,0.1412310004234314,0.6210274696350098
Microsoft Corporation,2023-03-15,2023-03-22,5,up,up,0.048863500356674194,0.016394708305597305,0.934741735458374
Microsoft Corporation,2023-03-16,2023-03-23,5,up,up,0.03736234828829765,0.12823399901390076,0.8344036936759949
Microsoft Corporation,2023-03-17,2023-03-24,5,flat,up,0.07564722746610641,0.03674361854791641,0.8876091837882996
Microsoft Corporation,2023-03-20,2023-03-27,5,up,up,0.12563572824001312,0.03842385858297348,0.835940420627594
Microsoft Corporation,2023-03-21,2023-03-28,5,flat,up,0.1474836766719818,0.04321640729904175,0.809299886226654
Microsoft Corporation,2023-03-22,2023-03-29,5,up,up,0.06663870066404343,0.1011073961853981,0.8322538733482361
Microsoft Corporation,2023-03-23,2023-03-30,5,up,flat,0.03510419651865959,0.7333562970161438,0.2315395176410675
Microsoft Corporation,2023-03-24,2023-03-31,5,up,up,0.1838976889848709,0.32001781463623047,0.4960845410823822
Microsoft Corporation,2023-03-27,2023-04-03,5,up,up,0.10203617811203003,0.3974318206310272,0.5005319714546204
Microsoft Corporation,2023-03-28,2023-04-04,5,up,up,0.2779262959957123,0.15662597119808197,0.5654476881027222
Microsoft Corporation,2023-03-29,2023-04-05,5,up,flat,0.072342649102211,0.708035409450531,0.2196219116449356
Microsoft Corporation,2023-03-30,2023-04-06,5,flat,flat,0.058573175221681595,0.806666910648346,0.13475991785526276
Microsoft Corporation,2023-03-31,2023-04-10,5,flat,up,0.2257452756166458,0.204402357339859,0.569852352142334
Microsoft Corporation,2023-04-03,2023-04-11,5,flat,up,0.17294004559516907,0.0769139751791954,0.7501459717750549
Microsoft Corporation,2023-04-04,2023-04-12,5,flat,up,0.24143604934215546,0.1605490893125534,0.5980148315429688
Microsoft Corporation,2023-04-05,2023-04-13,5,flat,up,0.2668995261192322,0.07538972049951553,0.6577107310295105
Microsoft Corporation,2023-04-06,2023-04-14,5,flat,down,0.39903053641319275,0.31681936979293823,0.28415006399154663
Microsoft Corporation,2023-04-10,2023-04-17,5,flat,down,0.5830433964729309,0.16826511919498444,0.24869143962860107
Microsoft Corporation,2023-04-11,2023-04-18,5,up,down,0.5186499357223511,0.033543094992637634,0.4478069841861725
Microsoft Corporation,2023-04-12,2023-04-19,5,flat,down,0.7312462329864502,0.07513690739870071,0.19361688196659088
Microsoft Corporation,2023-04-13,2023-04-20,5,flat,down,0.5970325469970703,0.12333626300096512,0.2796311378479004
Microsoft Corporation,2023-04-14,2023-04-21,5,flat,down,0.6617891788482666,0.08714762330055237,0.25106316804885864
Microsoft Corporation,2023-04-17,2023-04-24,5,down,down,0.7971263527870178,0.08517548441886902,0.11769817024469376
Microsoft Corporation,2023-04-18,2023-04-25,5,down,down,0.5405359864234924,0.11657191067934036,0.3428920805454254
Microsoft Corporation,2023-04-19,2023-04-26,5,up,down,0.606623649597168,0.03936406224966049,0.35401231050491333
Microsoft Corporation,2023-04-20,2023-04-27,5,up,down,0.6534909605979919,0.01753287762403488,0.32897618412971497
Microsoft Corporation,2023-04-21,2023-04-28,5,up,down,0.670309841632843,0.017085939645767212,0.31260424852371216
Microsoft Corporation,2023-04-24,2023-05-01,5,up,down,0.8563889265060425,0.03162005543708801,0.1119910404086113
Microsoft Corporation,2023-04-25,2023-05-02,5,up,down,0.5051064491271973,0.21171462535858154,0.28317898511886597
Microsoft Corporation,2023-04-26,2023-05-03,5,up,down,0.6337720155715942,0.1565016210079193,0.20972637832164764
Microsoft Corporation,2023-04-27,2023-05-04,5,up,up,0.3002077639102936,0.08611071854829788,0.6136814951896667
Microsoft Corporation,2023-04-28,2023-05-05,5,flat,up,0.23895889520645142,0.3438621759414673,0.4171789288520813
Microsoft Corporation,2023-05-01,2023-05-08,5,flat,up,0.20253325998783112,0.10697383433580399,0.6904929280281067
Microsoft Corporation,2023-05-02,2023-05-09,5,flat,up,0.3747853934764862,0.052016060799360275,0.5731985569000244
Microsoft Corporation,2023-05-03,2023-05-10,5,up,up,0.4101833999156952,0.15060925483703613,0.4392072856426239
Microsoft Corporation,2023-05-04,2023-05-11,5,up,down,0.49260449409484863,0.1527043730020523,0.35469117760658264
Microsoft Corporation,2023-05-05,2023-05-12,5,flat,down,0.5287070274353027,0.3475185036659241,0.12377449125051498
Microsoft Corporation,2023-05-08,2023-05-15,5,flat,down,0.7036414742469788,0.16774381697177887,0.12861475348472595
Microsoft Corporation,2023-05-09,2023-05-16,5,up,down,0.7188202738761902,0.0745210200548172,0.2066587209701538
Microsoft Corporation,2023-05-10,2023-05-17,5,flat,down,0.5029351115226746,0.4019508361816406,0.09511404484510422
Microsoft Corporation,2023-05-11,2023-05-18,5,up,down,0.7543205618858337,0.0516408309340477,0.19403864443302155
Microsoft Corporation,2023-05-12,2023-05-19,5,up,down,0.81517493724823,0.032183438539505005,0.15264160931110382
Microsoft Corporation,2023-05-15,2023-05-22,5,up,down,0.7966662645339966,0.028046078979969025,0.1752876341342926
Microsoft Corporation,2023-05-16,2023-05-23,5,up,down,0.4954039752483368,0.1534402072429657,0.3511558175086975
Microsoft Corporation,2023-05-17,2023-05-24,5,flat,down,0.6104885339736938,0.23717144131660461,0.15234003961086273
Microsoft Corporation,2023-05-18,2023-05-25,5,up,down,0.684783399105072,0.16692452132701874,0.14829212427139282
Microsoft Corporation,2023-05-19,2023-05-26,5,up,down,0.5840032696723938,0.14965792000293732,0.2663388252258301
Microsoft Corporation,2023-05-22,2023-05-30,5,up,down,0.6843295693397522,0.06944926083087921,0.2462211698293686
Microsoft Corporation,2023-05-23,2023-05-31,5,up,up,0.3560318052768707,0.06226755306124687,0.5817006230354309
Microsoft Corporation,2023-05-24,2023-06-01,5,up,up,0.41027602553367615,0.01064508967101574,0.5790789127349854
Microsoft Corporation,2023-05-25,2023-06-02,5,up,down,0.5757521986961365,0.052496060729026794,0.3717517852783203
Microsoft Corporation,2023-05-26,2023-06-05,5,up,down,0.46932438015937805,0.10609108209609985,0.4245845675468445
Microsoft Corporation,2023-05-30,2023-06-06,5,flat,down,0.46780362725257874,0.10150367766618729,0.4306926429271698
Microsoft Corporation,2023-05-31,2023-06-07,5,down,up,0.3043220043182373,0.06442540884017944,0.6312525868415833
Microsoft Corporation,2023-06-01,2023-06-08,5,down,up,0.3862511217594147,0.026041658595204353,0.5877071619033813
Microsoft Corporation,2023-06-02,2023-06-09,5,down,flat,0.3833106458187103,0.38925331830978394,0.22743600606918335
Microsoft Corporation,2023-06-05,2023-06-12,5,down,flat,0.2784784436225891,0.5633363127708435,0.15818525850772858
Microsoft Corporation,2023-06-06,2023-06-13,5,flat,down,0.6372472643852234,0.08309244364500046,0.27966025471687317
Microsoft Corporation,2023-06-07,2023-06-14,5,up,down,0.492422491312027,0.04302904009819031,0.4645485281944275
Microsoft Corporation,2023-06-08,2023-06-15,5,up,down,0.5882939100265503,0.15761184692382812,0.2540941834449768
Microsoft Corporation,2023-06-09,2023-06-16,5,up,down,0.6137949824333191,0.21480904519557953,0.17139603197574615
Microsoft Corporation,2023-06-12,2023-06-20,5,up,down,0.7199784517288208,0.16762186586856842,0.11239968985319138
Microsoft Corporation,2023-06-13,2023-06-21,5,flat,down,0.728416919708252,0.13061854243278503,0.1409645825624466
Microsoft Corporation,2023-06-14,2023-06-22,5,flat,down,0.717161238193512,0.13579580187797546,0.14704298973083496
Microsoft Corporation,2023-06-15,2023-06-23,5,down,up,0.21646463871002197,0.13253286480903625,0.6510025262832642
Microsoft Corporation,2023-06-16,2023-06-26,5,down,down,0.3640589714050293,0.2858433127403259,0.3500977158546448
Microsoft Corporation,2023-06-20,2023-06-27,5,down,up,0.315016508102417,0.05932197719812393,0.6256614923477173
Microsoft Corporation,2023-06-21,2023-06-28,5,flat,down,0.5673692226409912,0.06466078013181686,0.3679700195789337
Microsoft Corporation,2023-06-22,2023-06-29,5,flat,down,0.5378289818763733,0.1994779109954834,0.2626931071281433
Microsoft Corporation,2023-06-23,2023-06-30,5,up,down,0.8348679542541504,0.03263116255402565,0.13250091671943665
Microsoft Corporation,2023-06-26,2023-07-03,5,up,down,0.7126627564430237,0.09444353729486465,0.19289371371269226
Microsoft Corporation,2023-06-27,2023-07-05,5,up,down,0.7078056931495667,0.16010762751102448,0.13208669424057007
Microsoft Corporation,2023-06-28,2023-07-06,5,up,down,0.7322484254837036,0.08424161374568939,0.1835099756717682
Microsoft Corporation,2023-06-29,2023-07-07,5,up,down,0.8139538168907166,0.03365765139460564,0.1523885428905487
Microsoft Corporation,2023-06-30,2023-07-10,5,down,down,0.68316650390625,0.1777031272649765,0.1391303986310959
Microsoft Corporation,2023-07-03,2023-07-11,5,down,down,0.674252986907959,0.13964350521564484,0.18610349297523499
Microsoft Corporation,2023-07-05,2023-07-12,5,flat,down,0.7614606022834778,0.07878894358873367,0.15975043177604675
Microsoft Corporation,2023-07-06,2023-07-13,5,flat,down,0.7447658181190491,0.11336919665336609,0.14186500012874603
Microsoft Corporation,2023-07-07,2023-07-14,5,up,down,0.7953832149505615,0.06511219590902328,0.13950461149215698
Microsoft Corporation,2023-07-10,2023-07-17,5,up,down,0.5090392827987671,0.2803855240345001,0.2105751782655716
Microsoft Corporation,2023-07-11,2023-07-18,5,up,down,0.6199117302894592,0.1494334191083908,0.23065488040447235
Microsoft Corporation,2023-07-12,2023-07-19,5,up,down,0.722961962223053,0.12398647516965866,0.15305157005786896
Microsoft Corporation,2023-07-13,2023-07-20,5,up,down,0.6468991041183472,0.13711202144622803,0.21598884463310242
Microsoft Corporation,2023-07-14,2023-07-21,5,flat,up,0.13891856372356415,0.14210335910320282,0.7189780473709106
Microsoft Corporation,2023-07-17,2023-07-24,5,flat,up,0.3184688091278076,0.04897603392601013,0.6325551271438599
Microsoft Corporation,2023-07-18,2023-07-25,5,down,up,0.026161523535847664,0.04497886821627617,0.9288595914840698
Microsoft Corporation,2023-07-19,2023-07-26,5,down,up,0.09945925325155258,0.3614844083786011,0.5390563607215881
Microsoft Corporation,2023-07-20,2023-07-27,5,down,up,0.0474870391190052,0.2115345448255539,0.7409784197807312
Microsoft Corporation,2023-07-21,2023-07-28,5,down,up,0.18987011909484863,0.12273280322551727,0.6873970627784729
Microsoft Corporation,2023-07-24,2023-07-31,5,down,up,0.2627737522125244,0.14862380921840668,0.5886024832725525
Microsoft Corporation,2023-07-25,2023-08-01,5,down,down,0.4762347340583801,0.1989794224500656,0.32478582859039307
Microsoft Corporation,2023-07-26,2023-08-02,5,down,down,0.5783400535583496,0.20383083820343018,0.21782907843589783
Microsoft Corporation,2023-07-27,2023-08-03,5,down,down,0.43751412630081177,0.18319492042064667,0.37929096817970276
Microsoft Corporation,2023-07-28,2023-08-04,5,down,down,0.49463599920272827,0.11244389414787292,0.3929201364517212
Microsoft Corporation,2023-07-31,2023-08-07,5,down,down,0.7589932084083557,0.09597323834896088,0.1450335532426834
Microsoft Corporation,2023-08-01,2023-08-08,5,down,down,0.8477626442909241,0.04544601961970329,0.10679130256175995
Microsoft Corporation,2023-08-02,2023-08-09,5,down,down,0.5695077180862427,0.1411774605512619,0.28931480646133423
Microsoft Corporation,2023-08-03,2023-08-10,5,flat,up,0.38190409541130066,0.18090735375881195,0.4371885061264038
Microsoft Corporation,2023-08-04,2023-08-11,5,down,up,0.1788809597492218,0.2991769313812256,0.521942138671875
Microsoft Corporation,2023-08-07,2023-08-14,5,down,up,0.23722471296787262,0.20443058013916016,0.5583447217941284
Microsoft Corporation,2023-08-08,2023-08-15,5,flat,up,0.17239698767662048,0.25360050797462463,0.5740025639533997
Microsoft Corporation,2023-08-09,2023-08-16,5,flat,up,0.09184633195400238,0.11393946409225464,0.7942141890525818
Microsoft Corporation,2023-08-10,2023-08-17,5,down,up,0.08840735256671906,0.1181015595793724,0.7934910655021667
Microsoft Corporation,2023-08-11,2023-08-18,5,down,up,0.03552486002445221,0.11653092503547668,0.8479442596435547
Microsoft Corporation,2023-08-14,2023-08-21,5,flat,up,0.03465072438120842,0.28657862544059753,0.6787706613540649
Microsoft Corporation,2023-08-15,2023-08-22,5,flat,up,0.009715327061712742,0.07770023494958878,0.9125843644142151
Microsoft Corporation,2023-08-16,2023-08-23,5,up,up,0.0054169087670743465,0.023729775100946426,0.9708533883094788
Microsoft Corporation,2023-08-17,2023-08-24,5,up,up,0.0013090206775814295,0.013444699347019196,0.9852463603019714
Microsoft Corporation,2023-08-18,2023-08-25,5,up,up,0.001451280084438622,0.007887509651482105,0.9906612038612366
Microsoft Corporation,2023-08-21,2023-08-28,5,up,up,0.0028031403198838234,0.046744655817747116,0.9504522681236267
Microsoft Corporation,2023-08-22,2023-08-29,5,flat,up,0.005126833915710449,0.06543906778097153,0.929434061050415
Microsoft Corporation,2023-08-23,2023-08-30,5,flat,up,0.0040349531918764114,0.11393372714519501,0.8820313215255737
Microsoft Corporation,2023-08-24,2023-08-31,5,flat,up,0.010898479260504246,0.1556905210018158,0.8334109783172607
Microsoft Corporation,2023-08-25,2023-09-01,5,up,up,0.011494828388094902,0.05736987292766571,0.9311352968215942
Microsoft Corporation,2023-08-28,2023-09-05,5,up,up,0.010502072051167488,0.2919503152370453,0.6975476145744324
Microsoft Corporation,2023-08-29,2023-09-06,5,up,up,0.011326509527862072,0.09163177758455276,0.8970416784286499
Microsoft Corporation,2023-08-30,2023-09-07,5,flat,up,0.010980702936649323,0.09068331122398376,0.8983359336853027
Microsoft Corporation,2023-08-31,2023-09-08,5,up,up,0.006990352179855108,0.032227445393800735,0.9607822299003601
Microsoft Corporation,2023-09-01,2023-09-11,5,up,up,0.011956115253269672,0.20515762269496918,0.7828863263130188
Microsoft Corporation,2023-09-05,2023-09-12,5,flat,up,0.04871948063373566,0.16624410450458527,0.7850364446640015
Microsoft Corporation,2023-09-06,2023-09-13,5,flat,up,0.0616966187953949,0.1220322921872139,0.8162710666656494
Microsoft Corporation,2023-09-07,2023-09-14,5,up,up,0.11967343091964722,0.11390625685453415,0.766420304775238
Microsoft Corporation,2023-09-08,2023-09-15,5,flat,up,0.10775701701641083,0.21530938148498535,0.6769335865974426
Microsoft Corporation,2023-09-11,2023-09-18,5,down,up,0.04020991176366806,0.12826769053936005,0.8315224647521973
Microsoft Corporation,2023-09-12,2023-09-19,5,down,up,0.21689602732658386,0.19645510613918304,0.5866488814353943
Microsoft Corporation,2023-09-13,2023-09-20,5,down,up,0.1431213915348053,0.043766118586063385,0.8131124377250671
Microsoft Corporation,2023-09-14,2023-09-21,5,down,up,0.009094949811697006,0.023787951096892357,0.9671170711517334
Microsoft Corporation,2023-09-15,2023-09-22,5,down,up,0.2700687050819397,0.06397777050733566,0.6659535765647888
Microsoft Corporation,2023-09-18,2023-09-25,5,down,up,0.28348255157470703,0.07563809305429459,0.6408793330192566
Microsoft Corporation,2023-09-19,2023-09-26,5,down,up,0.28502553701400757,0.042796529829502106,0.6721779108047485
Microsoft Corporation,2023-09-20,2023-09-27,5,down,up,0.0936664268374443,0.08186303824186325,0.824470579624176
Microsoft Corporation,2023-09-21,2023-09-28,5,down,up,0.02978174388408661,0.15181966125965118,0.818398654460907
Microsoft Corporation,2023-09-22,2023-09-29,5,flat,up,0.007828743197023869,0.04520757868885994,0.9469637274742126
Microsoft Corporation,2023-09-25,2023-10-02,5,flat,up,0.006800258066505194,0.03092748485505581,0.9622722268104553
Microsoft Corporation,2023-09-26,2023-10-03,5,up,up,0.010871285572648048,0.02805880643427372,0.9610698819160461
Microsoft Corporation,2023-09-27,2023-10-04,5,up,up,0.008320758119225502,0.022372379899024963,0.9693068265914917
Microsoft Corporation,2023-09-28,2023-10-05,5,up,up,0.01455914881080389,0.03419225662946701,0.9512486457824707
Microsoft Corporation,2023-09-29,2023-10-06,5,up,up,0.015879826620221138,0.11982040107250214,0.8642997145652771
Microsoft Corporation,2023-10-02,2023-10-09,5,up,up,0.02077091671526432,0.11924606561660767,0.8599830269813538
Microsoft Corporation,2023-10-03,2023-10-10,5,up,up,0.010163377970457077,0.04595628380775452,0.9438803195953369
Microsoft Corporation,2023-10-04,2023-10-11,5,up,up,0.016806304454803467,0.05554094538092613,0.9276527762413025
Microsoft Corporation,2023-10-05,2023-10-12,5,up,up,0.014116962440311909,0.22346633672714233,0.7624167203903198
Microsoft Corporation,2023-10-06,2023-10-13,5,up,flat,0.010029531084001064,0.6543875932693481,0.3355829119682312
Microsoft Corporation,2023-10-09,2023-10-16,5,up,up,0.034322913736104965,0.32212546467781067,0.6435515880584717
Microsoft Corporation,2023-10-10,2023-10-17,5,flat,up,0.03318759799003601,0.1247929111123085,0.8420194387435913
Microsoft Corporation,2023-10-11,2023-10-18,5,flat,up,0.16631563007831573,0.07289054989814758,0.7607938647270203
Microsoft Corporation,2023-10-12,2023-10-19,5,flat,up,0.0824340432882309,0.06436224281787872,0.8532037734985352
Microsoft Corporation,2023-10-13,2023-10-20,5,flat,up,0.048317909240722656,0.07973027229309082,0.8719518184661865
Microsoft Corporation,2023-10-16,2023-10-23,5,down,up,0.07423792779445648,0.22167065739631653,0.7040914297103882
Microsoft Corporation,2023-10-17,2023-10-24,5,flat,up,0.2746616303920746,0.07510917633771896,0.6502291560173035
Microsoft Corporation,2023-10-18,2023-10-25,5,up,up,0.15990547835826874,0.12840446829795837,0.7116900682449341
Microsoft Corporation,2023-10-19,2023-10-26,5,flat,up,0.19781336188316345,0.09505538642406464,0.7071312069892883
Microsoft Corporation,2023-10-20,2023-10-27,5,flat,down,0.5334711670875549,0.10201006382703781,0.36451879143714905
Microsoft Corporation,2023-10-23,2023-10-30,5,up,up,0.3857630491256714,0.1294814944267273,0.48475539684295654
Microsoft Corporation,2023-10-24,2023-10-31,5,up,up,0.19485077261924744,0.23349566757678986,0.5716535449028015
Microsoft Corporation,2023-10-25,2023-11-01,5,flat,up,0.07725276798009872,0.08312307298183441,0.8396241664886475
Microsoft Corporation,2023-10-26,2023-11-02,5,up,up,0.31000590324401855,0.24120192229747772,0.4487921893596649
Microsoft Corporation,2023-10-27,2023-11-03,5,up,down,0.4262896478176117,0.2203187346458435,0.3533916473388672
Microsoft Corporation,2023-10-30,2023-11-06,5,up,up,0.06745241582393646,0.43213385343551636,0.500413715839386
Microsoft Corporation,2023-10-31,2023-11-07,5,up,up,0.08042807877063751,0.2259448617696762,0.6936269998550415
Microsoft Corporation,2023-11-01,2023-11-08,5,up,up,0.18272952735424042,0.162390798330307,0.6548796892166138
Microsoft Corporation,2023-11-02,2023-11-09,5,up,up,0.04284743592143059,0.05342736467719078,0.9037252068519592
Microsoft Corporation,2023-11-03,2023-11-10,5,up,up,0.03840849548578262,0.08517634123563766,0.8764151930809021
Microsoft Corporation,2023-11-06,2023-11-13,5,up,up,0.034096281975507736,0.3911350667476654,0.5747686624526978
Microsoft Corporation,2023-11-07,2023-11-14,5,up,flat,0.08134590834379196,0.5612100958824158,0.35744404792785645
Microsoft Corporation,2023-11-08,2023-11-15,5,up,flat,0.10005787014961243,0.5900411605834961,0.3099009692668915
Microsoft Corporation,2023-11-09,2023-11-16,5,up,up,0.23090359568595886,0.23641470074653625,0.5326817035675049
Microsoft Corporation,2023-11-10,2023-11-17,5,up,flat,0.20724283158779144,0.5919447541236877,0.200812429189682
Microsoft Corporation,2023-11-13,2023-11-20,5,up,flat,0.25665879249572754,0.5128336548805237,0.23050755262374878
Microsoft Corporation,2023-11-14,2023-11-21,5,up,flat,0.23813362419605255,0.5860551595687866,0.17581118643283844
Microsoft Corporation,2023-11-15,2023-11-22,5,up,flat,0.2998228967189789,0.44491830468177795,0.2552587687969208
Microsoft Corporation,2023-11-16,2023-11-24,5,up,flat,0.25637006759643555,0.6024746298789978,0.14115533232688904
Microsoft Corporation,2023-11-17,2023-11-27,5,up,up,0.20639504492282867,0.31869059801101685,0.4749143719673157
Microsoft Corporation,2023-11-20,2023-11-28,5,up,flat,0.20626938343048096,0.7205209732055664,0.07320961356163025
Microsoft Corporation,2023-11-21,2023-11-29,5,up,down,0.46805816888809204,0.32471007108688354,0.20723173022270203
Microsoft Corporation,2023-11-22,2023-11-30,5,flat,down,0.5216345191001892,0.40849223732948303,0.06987322121858597
Microsoft Corporation,2023-11-24,2023-12-01,5,flat,up,0.35190585255622864,0.24669098854064941,0.40140318870544434
Microsoft Corporation,2023-11-27,2023-12-04,5,down,up,0.24077999591827393,0.21938012540340424,0.5398398637771606
Microsoft Corporation,2023-11-28,2023-12-05,5,down,flat,0.38656798005104065,0.39237910509109497,0.22105292975902557
Microsoft Corporation,2023-11-29,2023-12-06,5,down,up,0.3366880416870117,0.10348977893590927,0.5598222017288208
Microsoft Corporation,2023-11-30,2023-12-07,5,down,up,0.2809315323829651,0.037330448627471924,0.681738018989563
Microsoft Corporation,2023-12-01,2023-12-08,5,down,up,0.15798446536064148,0.01711389608681202,0.8249016404151917
Microsoft Corporation,2023-12-04,2023-12-11,5,flat,down,0.7345115542411804,0.09207668900489807,0.1734117567539215
Microsoft Corporation,2023-12-05,2023-12-12,5,flat,down,0.7207793593406677,0.12169656157493591,0.15752412378787994
Microsoft Corporation,2023-12-06,2023-12-13,5,up,down,0.6744816899299622,0.07780393958091736,0.24771440029144287
Microsoft Corporation,2023-12-07,2023-12-14,5,flat,down,0.6686261892318726,0.054239459335803986,0.27713435888290405
Microsoft Corporation,2023-12-08,2023-12-15,5,flat,down,0.7097824215888977,0.07628325372934341,0.21393434703350067
Microsoft Corporation,2023-12-11,2023-12-18,5,flat,down,0.6807581782341003,0.02434282936155796,0.29489901661872864
Microsoft Corporation,2023-12-12,2023-12-19,5,flat,down,0.6781096458435059,0.09784156829118729,0.22404885292053223
Microsoft Corporation,2023-12-13,2023-12-20,5,flat,down,0.6775195598602295,0.09911887347698212,0.22336159646511078
Microsoft Corporation,2023-12-14,2023-12-21,5,flat,down,0.877945601940155,0.02479606308043003,0.09725827723741531
Microsoft Corporation,2023-12-15,2023-12-22,5,up,down,0.8687124252319336,0.031301382929086685,0.09998621046543121
Microsoft Corporation,2023-12-18,2023-12-26,5,up,down,0.7516941428184509,0.09207718074321747,0.1562286764383316
Microsoft Corporation,2023-12-19,2023-12-27,5,flat,down,0.6187403202056885,0.08633413910865784,0.2949255406856537
Microsoft Corporation,2023-12-20,2023-12-28,5,flat,down,0.5754013657569885,0.10725315660238266,0.3173454999923706
Microsoft Corporation,2023-12-21,2023-12-29,5,flat,down,0.6120144128799438,0.05517327040433884,0.3328123092651367
Microsoft Corporation,2023-12-22,2024-01-02,5,flat,up,0.2677414119243622,0.04880141094326973,0.6834571957588196
Microsoft Corporation,2023-12-26,2024-01-03,5,down,up,0.20727074146270752,0.017548302188515663,0.775180995464325
Microsoft Corporation,2023-12-27,2024-01-04,5,down,up,0.24726057052612305,0.019740967079997063,0.7329984307289124
Microsoft Corporation,2023-12-28,2024-01-05,5,down,up,0.2378210425376892,0.013816124759614468,0.7483628392219543
Microsoft Corporation,2023-12-29,2024-01-08,5,down,up,0.23330897092819214,0.012931856326758862,0.7537591457366943
Microsoft Corporation,2024-01-02,2024-01-09,5,flat,up,0.38771185278892517,0.028370050713419914,0.5839180946350098
Microsoft Corporation,2024-01-03,2024-01-10,5,up,up,0.08091967552900314,0.011122578755021095,0.9079577326774597
Microsoft Corporation,2024-01-04,2024-01-11,5,up,up,0.12970857322216034,0.04593639448285103,0.8243550658226013
Microsoft Corporation,2024-01-05,2024-01-12,5,up,up,0.10574983805418015,0.01766788214445114,0.8765822649002075
Microsoft Corporation,2024-01-08,2024-01-16,5,up,up,0.18508708477020264,0.014584948308765888,0.8003279566764832
Microsoft Corporation,2024-01-09,2024-01-17,5,up,up,0.4019196033477783,0.018026340752840042,0.5800540447235107
Microsoft Corporation,2024-01-10,2024-01-18,5,up,up,0.10404302924871445,0.01206651795655489,0.8838904500007629
Microsoft Corporation,2024-01-11,2024-01-19,5,up,up,0.019939040765166283,0.009176664985716343,0.9708842635154724
Microsoft Corporation,2024-01-12,2024-01-22,5,up,up,0.015207226388156414,0.003335028188303113,0.9814577698707581
Microsoft Corporation,2024-01-16,2024-01-23,5,up,up,0.036533843725919724,0.016748450696468353,0.9467176795005798
Microsoft Corporation,2024-01-17,2024-01-24,5,up,up,0.01493243407458067,0.007651803083717823,0.9774157404899597
Microsoft Corporation,2024-01-18,2024-01-25,5,up,up,0.05893721804022789,0.12729357182979584,0.8137692213058472
Microsoft Corporation,2024-01-19,2024-01-26,5,up,flat,0.0728391632437706,0.6087420582771301,0.3184187710285187
Microsoft Corporation,2024-01-22,2024-01-29,5,up,up,0.1567108929157257,0.3802868127822876,0.4630022346973419
Microsoft Corporation,2024-01-23,2024-01-30,5,up,flat,0.0828428566455841,0.6246114373207092,0.29254570603370667
Microsoft Corporation,2024-01-24,2024-01-31,5,flat,flat,0.15369080007076263,0.6288210153579712,0.21748822927474976
Microsoft Corporation,2024-01-25,2024-02-01,5,flat,down,0.4357384443283081,0.31720614433288574,0.24705539643764496
Microsoft Corporation,2024-01-26,2024-02-02,5,up,down,0.34892192482948303,0.3227265775203705,0.3283514976501465
Microsoft Corporation,2024-01-29,2024-02-05,5,flat,flat,0.32772892713546753,0.6085582971572876,0.06371274590492249
Microsoft Corporation,2024-01-30,2024-02-06,5,down,down,0.46316447854042053,0.37812539935112,0.15871009230613708
Microsoft Corporation,2024-01-31,2024-02-07,5,up,down,0.5251057147979736,0.06554695963859558,0.4093473255634308
Microsoft Corporation,2024-02-01,2024-02-08,5,up,down,0.644750714302063,0.035957250744104385,0.3192920386791229
Microsoft Corporation,2024-02-02,2024-02-09,5,up,down,0.7622250318527222,0.16355541348457336,0.07421956211328506
Microsoft Corporation,2024-02-05,2024-02-12,5,up,down,0.7357847690582275,0.05005268752574921,0.21416251361370087
Microsoft Corporation,2024-02-06,2024-02-13,5,flat,down,0.5545713305473328,0.1219315379858017,0.3234971761703491
Microsoft Corporation,2024-02-07,2024-02-14,5,flat,down,0.5388033390045166,0.2275819033384323,0.2336147576570511
Microsoft Corporation,2024-02-08,2024-02-15,5,down,down,0.6138485670089722,0.25771164894104004,0.1284397840499878
Microsoft Corporation,2024-02-09,2024-02-16,5,down,down,0.6445152163505554,0.24115565419197083,0.11432915180921555
Microsoft Corporation,2024-02-12,2024-02-20,5,down,down,0.6207683682441711,0.10971147567033768,0.26952019333839417
Microsoft Corporation,2024-02-13,2024-02-21,5,down,down,0.7456108331680298,0.0769665539264679,0.1774226576089859
Microsoft Corporation,2024-02-14,2024-02-22,5,flat,down,0.6403178572654724,0.18508033454418182,0.17460182309150696
Microsoft Corporation,2024-02-15,2024-02-23,5,up,down,0.7347797155380249,0.0726272240281105,0.1925930380821228
Microsoft Corporation,2024-02-16,2024-02-26,5,flat,down,0.8548214435577393,0.03504007309675217,0.11013854295015335
Microsoft Corporation,2024-02-20,2024-02-27,5,up,down,0.8450993299484253,0.07100366055965424,0.08389702439308167
Microsoft Corporation,2024-02-21,2024-02-28,5,up,down,0.8104674220085144,0.07087042182683945,0.11866212636232376
Microsoft Corporation,2024-02-22,2024-02-29,5,flat,down,0.811423659324646,0.03017948567867279,0.1583968698978424
Microsoft Corporation,2024-02-23,2024-03-01,5,flat,down,0.7665292620658875,0.10366257280111313,0.12980815768241882
Microsoft Corporation,2024-02-26,2024-03-04,5,up,down,0.8705924153327942,0.04845466464757919,0.08095292001962662
Microsoft Corporation,2024-02-27,2024-03-05,5,flat,down,0.7945263981819153,0.05083153024315834,0.1546420454978943
Microsoft Corporation,2024-02-28,2024-03-06,5,down,down,0.6818949580192566,0.10760438442230225,0.21050065755844116
Microsoft Corporation,2024-02-29,2024-03-07,5,down,down,0.7314918637275696,0.0868411660194397,0.18166695535182953
Microsoft Corporation,2024-03-01,2024-03-08,5,down,down,0.716611921787262,0.10364317148923874,0.1797448992729187
Microsoft Corporation,2024-03-04,2024-03-11,5,down,down,0.5835320949554443,0.1336631178855896,0.28280478715896606
Microsoft Corporation,2024-03-05,2024-03-12,5,up,down,0.7811199426651001,0.08823899179697037,0.13064108788967133
Microsoft Corporation,2024-03-06,2024-03-13,5,up,down,0.4190613627433777,0.3151776194572449,0.26576098799705505
Microsoft Corporation,2024-03-07,2024-03-14,5,up,down,0.49974524974823,0.3099527955055237,0.19030192494392395
Microsoft Corporation,2024-03-08,2024-03-15,5,up,down,0.7582055926322937,0.07121700793504715,0.17057740688323975
Microsoft Corporation,2024-03-11,2024-03-18,5,up,down,0.5894030928611755,0.20427429676055908,0.206322580575943
Microsoft Corporation,2024-03-12,2024-03-19,5,up,down,0.6240965127944946,0.1668044477701187,0.20909902453422546
Microsoft Corporation,2024-03-13,2024-03-20,5,up,up,0.33834171295166016,0.13914862275123596,0.5225096940994263
Microsoft Corporation,2024-03-14,2024-03-21,5,up,up,0.1277511864900589,0.054551005363464355,0.8176978230476379
Microsoft Corporation,2024-03-15,2024-03-22,5,up,up,0.20148856937885284,0.12412552535533905,0.6743859052658081
Microsoft Corporation,2024-03-18,2024-03-25,5,up,up,0.1969752162694931,0.07402761280536652,0.7289971113204956
Microsoft Corporation,2024-03-19,2024-03-26,5,up,up,0.2986873984336853,0.19177907705307007,0.5095335841178894
Microsoft Corporation,2024-03-20,2024-03-27,5,flat,up,0.13374441862106323,0.40230122208595276,0.4639543890953064
Microsoft Corporation,2024-03-21,2024-03-28,5,down,up,0.09747284650802612,0.263833612203598,0.6386935114860535
Microsoft Corporation,2024-03-22,2024-04-01,5,flat,flat,0.08097821474075317,0.49541643261909485,0.423605352640152
Microsoft Corporation,2024-03-25,2024-04-02,5,down,up,0.1489894688129425,0.24211759865283966,0.6088929176330566
Microsoft Corporation,2024-03-26,2024-04-03,5,flat,down,0.4469951093196869,0.11466231197118759,0.4383426308631897
Microsoft Corporation,2024-03-27,2024-04-04,5,flat,down,0.6268906593322754,0.04761413484811783,0.32549524307250977
Microsoft Corporation,2024-03-28,2024-04-05,5,flat,down,0.6847043037414551,0.06221846491098404,0.25307726860046387
Microsoft Corporation,2024-04-01,2024-04-08,5,flat,down,0.6067910194396973,0.1208517998456955,0.27235716581344604
Microsoft Corporation,2024-04-02,2024-04-09,5,up,down,0.7527289390563965,0.06692812591791153,0.1803428828716278
Microsoft Corporation,2024-04-03,2024-04-10,5,flat,down,0.8607723712921143,0.06581103801727295,0.07341660559177399
Microsoft Corporation,2024-04-04,2024-04-11,5,up,down,0.823434591293335,0.054681722074747086,0.12188370525836945
Microsoft Corporation,2024-04-05,2024-04-12,5,flat,down,0.7660630345344543,0.04876672476530075,0.1851702630519867
Microsoft Corporation,2024-04-08,2024-04-15,5,down,down,0.6723560094833374,0.0977218821644783,0.2299221009016037
Microsoft Corporation,2024-04-09,2024-04-16,5,down,up,0.42126771807670593,0.07654768228530884,0.5021845698356628
Microsoft Corporation,2024-04-10,2024-04-17,5,down,down,0.7144564986228943,0.06761974096298218,0.21792377531528473
Microsoft Corporation,2024-04-11,2024-04-18,5,down,down,0.4732910096645355,0.18444618582725525,0.342262864112854
Microsoft Corporation,2024-04-12,2024-04-19,5,down,down,0.6601662635803223,0.061974164098501205,0.27785956859588623
Microsoft Corporation,2024-04-15,2024-04-22,5,down,up,0.30631402134895325,0.05944906175136566,0.6342368721961975
Microsoft Corporation,2024-04-16,2024-04-23,5,down,down,0.5236484408378601,0.12406330555677414,0.35228827595710754
Microsoft Corporation,2024-04-17,2024-04-24,5,down,down,0.4715343415737152,0.13288287818431854,0.39558279514312744
Microsoft Corporation,2024-04-18,2024-04-25,5,down,up,0.18456056714057922,0.15995967388153076,0.6554797887802124
Microsoft Corporation,2024-04-19,2024-04-26,5,up,up,0.029626784846186638,0.033978987485170364,0.936394214630127
Microsoft Corporation,2024-04-22,2024-04-29,5,flat,up,0.0049222977831959724,0.014077814295887947,0.9809999465942383
Microsoft Corporation,2024-04-23,2024-04-30,5,down,up,0.07057876884937286,0.09637091308832169,0.8330503702163696
Microsoft Corporation,2024-04-24,2024-05-01,5,down,up,0.0467853918671608,0.06890930235385895,0.8843053579330444
Microsoft Corporation,2024-04-25,2024-05-02,5,flat,up,0.02638952061533928,0.20323176681995392,0.7703787088394165
Microsoft Corporation,2024-04-26,2024-05-03,5,down,flat,0.09425271302461624,0.5264098048210144,0.37933745980262756
Microsoft Corporation,2024-04-29,2024-05-06,5,up,up,0.05444146320223808,0.1048799604177475,0.8406785726547241
Microsoft Corporation,2024-04-30,2024-05-07,5,up,up,0.09133978933095932,0.29685208201408386,0.6118081212043762
Microsoft Corporation,2024-05-01,2024-05-08,5,up,up,0.12699663639068604,0.14160409569740295,0.7313992381095886
Microsoft Corporation,2024-05-02,2024-05-09,5,up,up,0.05403108522295952,0.3289605975151062,0.6170083284378052
Microsoft Corporation,2024-05-03,2024-05-10,5,up,up,0.044898081570863724,0.33445242047309875,0.620649516582489
Microsoft Corporation,2024-05-06,2024-05-13,5,flat,flat,0.030676482245326042,0.7396049499511719,0.22971855103969574
Microsoft Corporation,2024-05-07,2024-05-14,5,flat,flat,0.1270461231470108,0.4769478738307953,0.3960059583187103
Microsoft Corporation,2024-05-08,2024-05-15,5,up,up,0.03605332970619202,0.21884475648403168,0.7451018691062927
Microsoft Corporation,2024-05-09,2024-05-16,5,up,up,0.04165071249008179,0.33719441294670105,0.6211549043655396
Microsoft Corporation,2024-05-10,2024-05-17,5,up,up,0.03305911272764206,0.42886778712272644,0.5380731225013733
Microsoft Corporation,2024-05-13,2024-05-20,5,up,up,0.12221115827560425,0.2625555396080017,0.615233302116394
Microsoft Corporation,2024-05-14,2024-05-21,5,up,up,0.17906762659549713,0.21095038950443268,0.6099819540977478
Microsoft Corporation,2024-05-15,2024-05-22,5,up,up,0.11777161061763763,0.12352365255355835,0.7587047219276428
Microsoft Corporation,2024-05-16,2024-05-23,5,up,up,0.14959357678890228,0.15233281254768372,0.6980736255645752
Microsoft Corporation,2024-05-17,2024-05-24,5,up,up,0.14023640751838684,0.20777681469917297,0.6519867777824402
Microsoft Corporation,2024-05-20,2024-05-28,5,up,up,0.10487335175275803,0.18194930255413055,0.7131773233413696
Microsoft Corporation,2024-05-21,2024-05-29,5,flat,up,0.04126804322004318,0.06941908597946167,0.8893128633499146
Microsoft Corporation,2024-05-22,2024-05-30,5,down,up,0.10988399386405945,0.0833434984087944,0.8067724704742432
Microsoft Corporation,2024-05-23,2024-05-31,5,down,up,0.07988220453262329,0.12092083692550659,0.7991969585418701
Microsoft Corporation,2024-05-24,2024-06-03,5,down,up,0.14087924361228943,0.08977824449539185,0.7693425416946411
Microsoft Corporation,2024-05-28,2024-06-04,5,down,up,0.09960762411355972,0.09804089367389679,0.8023514747619629
Microsoft Corporation,2024-05-29,2024-06-05,5,down,up,0.09483332186937332,0.03928745537996292,0.865879237651825
Microsoft Corporation,2024-05-30,2024-06-06,5,up,down,0.6702163815498352,0.07653587311506271,0.25324776768684387
Microsoft Corporation,2024-05-31,2024-06-07,5,up,down,0.6422375440597534,0.16284187138080597,0.1949205845594406
Microsoft Corporation,2024-06-03,2024-06-10,5,up,down,0.4906853139400482,0.19377034902572632,0.31554436683654785
Microsoft Corporation,2024-06-04,2024-06-11,5,up,down,0.5797150135040283,0.22996242344379425,0.190322607755661
Microsoft Corporation,2024-06-05,2024-06-12,5,up,down,0.715177059173584,0.1424325406551361,0.1423904001712799
Microsoft Corporation,2024-06-06,2024-06-13,5,up,down,0.46351560950279236,0.12881912291049957,0.40766531229019165
Microsoft Corporation,2024-06-07,2024-06-14,5,up,up,0.3589017689228058,0.10400602221488953,0.5370922088623047
Microsoft Corporation,2024-06-13,2024-06-18,5,up,up,0.05824624374508858,0.03368737921118736,0.9080663323402405
NVIDIA Corporation,2021-07-22,2021-07-29,5,flat,up,0.05989259481430054,0.2717244327068329,0.6683829426765442
NVIDIA Corporation,2021-07-23,2021-07-30,5,flat,up,0.03766115382313728,0.2598536014556885,0.7024852633476257
NVIDIA Corporation,2021-07-26,2021-08-02,5,up,flat,0.028966788202524185,0.6317899227142334,0.3392432928085327
NVIDIA Corporation,2021-07-27,2021-08-03,5,up,flat,0.04282652214169502,0.8213565349578857,0.13581693172454834
NVIDIA Corporation,2021-07-28,2021-08-04,5,up,flat,0.32148006558418274,0.44143906235694885,0.2370808720588684
NVIDIA Corporation,2021-07-29,2021-08-05,5,up,down,0.41804632544517517,0.20189139246940613,0.3800622820854187
NVIDIA Corporation,2021-07-30,2021-08-06,5,up,flat,0.27172744274139404,0.43099892139434814,0.2972736060619354
NVIDIA Corporation,2021-08-02,2021-08-09,5,up,up,0.405074805021286,0.12728029489517212,0.4676448702812195
NVIDIA Corporation,2021-08-03,2021-08-10,5,up,up,0.3757656216621399,0.15311306715011597,0.4711213707923889
NVIDIA Corporation,2021-08-04,2021-08-11,5,flat,up,0.21018771827220917,0.14918525516986847,0.6406269669532776
NVIDIA Corporation,2021-08-05,2021-08-12,5,down,up,0.07976407557725906,0.4239163398742676,0.49631959199905396
NVIDIA Corporation,2021-08-06,2021-08-13,5,down,up,0.2155711054801941,0.36043867468833923,0.42399024963378906
NVIDIA Corporation,2021-08-09,2021-08-16,5,down,down,0.8571578860282898,0.07748623937368393,0.06535589694976807
NVIDIA Corporation,2021-08-10,2021-08-17,5,down,down,0.7350870370864868,0.19767607748508453,0.06723693758249283
NVIDIA Corporation,2021-08-11,2021-08-18,5,down,down,0.608928382396698,0.3330390155315399,0.05803266167640686
NVIDIA Corporation,2021-08-12,2021-08-19,5,flat,down,0.6480610370635986,0.16013476252555847,0.19180415570735931
NVIDIA Corporation,2021-08-13,2021-08-20,5,up,down,0.8061737418174744,0.02547318860888481,0.16835300624370575
NVIDIA Corporation,2021-08-16,2021-08-23,5,up,down,0.8919404149055481,0.04960184171795845,0.05845773592591286
NVIDIA Corporation,2021-08-17,2021-08-24,5,up,down,0.8222920894622803,0.09529189765453339,0.08241602033376694
NVIDIA Corporation,2021-08-18,2021-08-25,5,up,down,0.6418241858482361,0.06385258585214615,0.29432323575019836
NVIDIA Corporation,2021-08-19,2021-08-26,5,up,down,0.6035855412483215,0.19736018776893616,0.1990542858839035
NVIDIA Corporation,2021-08-20,2021-08-27,5,up,down,0.5620934367179871,0.04439160227775574,0.3935149312019348
NVIDIA Corporation,2021-08-23,2021-08-30,5,up,flat,0.339750200510025,0.35289597511291504,0.3073538839817047
NVIDIA Corporation,2021-08-24,2021-08-31,5,up,up,0.10203102231025696,0.3357398509979248,0.5622291564941406
NVIDIA Corporation,2021-08-25,2021-09-01,5,up,flat,0.07178609818220139,0.49853527545928955,0.4296785891056061
NVIDIA Corporation,2021-08-26,2021-09-02,5,flat,up,0.1437406986951828,0.42158257961273193,0.4346766769886017
NVIDIA Corporation,2021-08-27,2021-09-03,5,flat,down,0.4125188887119293,0.22550490498542786,0.3619762063026428
NVIDIA Corporation,2021-08-30,2021-09-07,5,flat,up,0.34178754687309265,0.2855633497238159,0.37264907360076904
NVIDIA Corporation,2021-08-31,2021-09-08,5,flat,down,0.516991913318634,0.24161110818386078,0.2413969784975052
NVIDIA Corporation,2021-09-01,2021-09-09,5,flat,down,0.44131356477737427,0.37111830711364746,0.18756818771362305
NVIDIA Corporation,2021-09-02,2021-09-10,5,flat,down,0.474368691444397,0.3373076617717743,0.18832366168498993
NVIDIA Corporation,2021-09-03,2021-09-13,5,flat,down,0.6484928727149963,0.17842580378055573,0.17308129370212555
NVIDIA Corporation,2021-09-07,2021-09-14,5,down,down,0.6551280617713928,0.15555551648139954,0.18931640684604645
NVIDIA Corporation,2021-09-08,2021-09-15,5,flat,down,0.5370486378669739,0.4037323594093323,0.05921899154782295
NVIDIA Corporation,2021-09-09,2021-09-16,5,flat,down,0.7808935642242432,0.16466955840587616,0.05443686619400978
NVIDIA Corporation,2021-09-10,2021-09-17,5,down,down,0.8985751867294312,0.07496605813503265,0.02645876072347164
NVIDIA Corporation,2021-09-13,2021-09-20,5,down,down,0.9326814413070679,0.036441948264837265,0.03087659366428852
NVIDIA Corporation,2021-09-14,2021-09-21,5,down,down,0.9284060001373291,0.0337122306227684,0.037881724536418915
NVIDIA Corporation,2021-09-15,2021-09-22,5,down,down,0.9461348056793213,0.019577836617827415,0.03428734093904495
NVIDIA Corporation,2021-09-16,2021-09-23,5,flat,down,0.9377712607383728,0.01624283194541931,0.04598584398627281
NVIDIA Corporation,2021-09-17,2021-09-24,5,flat,down,0.9024388790130615,0.03079313226044178,0.06676798313856125
NVIDIA Corporation,2021-09-20,2021-09-27,5,up,down,0.43591931462287903,0.20569224655628204,0.35838839411735535
NVIDIA Corporation,2021-09-21,2021-09-28,5,flat,up,0.20608539879322052,0.2030743956565857,0.5908401608467102
NVIDIA Corporation,2021-09-22,2021-09-29,5,down,down,0.39772653579711914,0.30058836936950684,0.30168503522872925
NVIDIA Corporation,2021-09-23,2021-09-30,5,down,down,0.8431494235992432,0.031063929200172424,0.12578672170639038
NVIDIA Corporation,2021-09-24,2021-10-01,5,down,down,0.8808085322380066,0.046644337475299835,0.07254717499017715
NVIDIA Corporation,2021-09-27,2021-10-04,5,down,down,0.9072785973548889,0.04828958213329315,0.04443184286355972
NVIDIA Corporation,2021-09-28,2021-10-05,5,down,flat,0.10454551130533218,0.828161358833313,0.06729309260845184
NVIDIA Corporation,2021-09-29,2021-10-06,5,down,flat,0.06398118287324905,0.8122462630271912,0.12377258390188217
NVIDIA Corporation,2021-09-30,2021-10-07,5,flat,up,0.15429550409317017,0.3923000991344452,0.45340439677238464
NVIDIA Corporation,2021-10-01,2021-10-08,5,up,up,0.12387717515230179,0.07764787971973419,0.7984749674797058
NVIDIA Corporation,2021-10-04,2021-10-11,5,up,up,0.22262543439865112,0.18369963765144348,0.5936749577522278
NVIDIA Corporation,2021-10-05,2021-10-12,5,up,up,0.0766124576330185,0.22590096294879913,0.6974865794181824
NVIDIA Corporation,2021-10-06,2021-10-13,5,up,up,0.05005309730768204,0.17993561923503876,0.7700112462043762
NVIDIA Corporation,2021-10-07,2021-10-14,5,flat,flat,0.11090631037950516,0.6388244032859802,0.2502692937850952
NVIDIA Corporation,2021-10-08,2021-10-15,5,up,flat,0.1767016351222992,0.6263626217842102,0.1969357430934906
NVIDIA Corporation,2021-10-11,2021-10-18,5,up,up,0.1943945735692978,0.36260586977005005,0.4429995119571686
NVIDIA Corporation,2021-10-12,2021-10-19,5,up,up,0.19484396278858185,0.3511582314968109,0.45399779081344604
NVIDIA Corporation,2021-10-13,2021-10-20,5,up,flat,0.20792870223522186,0.4286734461784363,0.3633978068828583
NVIDIA Corporation,2021-10-14,2021-10-21,5,up,flat,0.1909152716398239,0.5347952842712402,0.27428945899009705
NVIDIA Corporation,2021-10-15,2021-10-22,5,up,up,0.20024996995925903,0.2848677337169647,0.5148822665214539
NVIDIA Corporation,2021-10-18,2021-10-25,5,up,up,0.41925686597824097,0.06701898574829102,0.513724148273468
NVIDIA Corporation,2021-10-19,2021-10-26,5,up,up,0.26318979263305664,0.04712735489010811,0.6896828413009644
NVIDIA Corporation,2021-10-20,2021-10-27,5,up,down,0.5005195140838623,0.11939431726932526,0.38008618354797363
NVIDIA Corporation,2021-10-21,2021-10-28,5,up,up,0.29430583119392395,0.061761319637298584,0.6439328789710999
NVIDIA Corporation,2021-10-22,2021-10-29,5,up,up,0.17124174535274506,0.04109686240553856,0.7876613736152649
NVIDIA Corporation,2021-10-25,2021-11-01,5,up,up,0.40648484230041504,0.08582403510808945,0.5076910853385925
NVIDIA Corporation,2021-10-26,2021-11-02,5,up,down,0.3997408449649811,0.23773115873336792,0.3625279664993286
NVIDIA Corporation,2021-10-27,2021-11-03,5,up,down,0.4393651783466339,0.34023749828338623,0.22039726376533508
NVIDIA Corporation,2021-10-28,2021-11-04,5,up,flat,0.37270671129226685,0.4829416871070862,0.1443515568971634
NVIDIA Corporation,2021-10-29,2021-11-05,5,up,down,0.5446475744247437,0.33017536997795105,0.1251770704984665
NVIDIA Corporation,2021-11-01,2021-11-08,5,up,down,0.6666601300239563,0.2466617226600647,0.08667810261249542
NVIDIA Corporation,2021-11-02,2021-11-09,5,up,down,0.5987438559532166,0.26509374380111694,0.1361624002456665
NVIDIA Corporation,2021-11-03,2021-11-10,5,up,down,0.6403623223304749,0.26891466975212097,0.09072303026914597
NVIDIA Corporation,2021-11-04,2021-11-11,5,up,down,0.6757330298423767,0.21508492529392242,0.10918200761079788
NVIDIA Corporation,2021-11-05,2021-11-12,5,flat,flat,0.32369986176490784,0.4551981985569,0.22110195457935333
NVIDIA Corporation,2021-11-08,2021-11-15,5,flat,down,0.4298262596130371,0.3612477481365204,0.2089259773492813
NVIDIA Corporation,2021-11-09,2021-11-16,5,down,flat,0.3085169196128845,0.41512176394462585,0.2763613164424896
NVIDIA Corporation,2021-11-10,2021-11-17,5,flat,down,0.6146565079689026,0.15809689462184906,0.22724656760692596
NVIDIA Corporation,2021-11-11,2021-11-18,5,up,up,0.30375340580940247,0.22158633172512054,0.47466030716896057
NVIDIA Corporation,2021-11-12,2021-11-19,5,up,flat,0.25310206413269043,0.5944482088088989,0.15244969725608826
NVIDIA Corporation,2021-11-15,2021-11-22,5,up,flat,0.36543044447898865,0.44423234462738037,0.19033721089363098
NVIDIA Corporation,2021-11-16,2021-11-23,5,up,flat,0.1402137279510498,0.704318106174469,0.1554681807756424
NVIDIA Corporation,2021-11-17,2021-11-24,5,up,down,0.4685884118080139,0.4397573173046112,0.09165427088737488
NVIDIA Corporation,2021-11-18,2021-11-26,5,flat,up,0.22068673372268677,0.28263092041015625,0.49668240547180176
NVIDIA Corporation,2021-11-19,2021-11-29,5,flat,flat,0.206251323223114,0.47757986187934875,0.31616881489753723
NVIDIA Corporation,2021-11-22,2021-11-30,5,flat,down,0.4143185019493103,0.33516332507133484,0.25051820278167725
NVIDIA Corporation,2021-11-23,2021-12-01,5,flat,down,0.5299229025840759,0.3466219902038574,0.12345512211322784
NVIDIA Corporation,2021-11-24,2021-12-02,5,flat,down,0.5398591756820679,0.36350083351135254,0.09663999080657959
NVIDIA Corporation,2021-11-26,2021-12-03,5,flat,down,0.6793829798698425,0.2939077615737915,0.026709288358688354
NVIDIA Corporation,2021-11-29,2021-12-06,5,down,down,0.8152551054954529,0.14977343380451202,0.034971512854099274
NVIDIA Corporation,2021-11-30,2021-12-07,5,down,down,0.8680517077445984,0.11262506991624832,0.01932317018508911
NVIDIA Corporation,2021-12-01,2021-12-08,5,flat,down,0.7874149680137634,0.1812307983636856,0.031354211270809174
NVIDIA Corporation,2021-12-02,2021-12-09,5,flat,flat,0.2926149368286133,0.606252908706665,0.10113219171762466
NVIDIA Corporation,2021-12-03,2021-12-10,5,flat,flat,0.13949082791805267,0.7746594548225403,0.08584970980882645
NVIDIA Corporation,2021-12-06,2021-12-13,5,flat,flat,0.14087191224098206,0.5520801544189453,0.3070479929447174
NVIDIA Corporation,2021-12-07,2021-12-14,5,down,flat,0.4113211929798126,0.5123072862625122,0.07637151330709457
NVIDIA Corporation,2021-12-08,2021-12-15,5,down,flat,0.3469887971878052,0.5930269360542297,0.05998425558209419
NVIDIA Corporation,2021-12-09,2021-12-16,5,down,flat,0.11430911719799042,0.8062440156936646,0.07944687455892563
NVIDIA Corporation,2021-12-10,2021-12-17,5,down,flat,0.05767431482672691,0.914872944355011,0.027452712878584862
NVIDIA Corporation,2021-12-13,2021-12-20,5,down,flat,0.10932730883359909,0.7840033173561096,0.1066693365573883
NVIDIA Corporation,2021-12-14,2021-12-21,5,flat,flat,0.057887814939022064,0.5003885626792908,0.44172367453575134
NVIDIA Corporation,2021-12-15,2021-12-22,5,flat,flat,0.17164947092533112,0.68850177526474,0.1398487389087677
NVIDIA Corporation,2021-12-16,2021-12-23,5,flat,flat,0.11773224174976349,0.8082191944122314,0.07404860109090805
NVIDIA Corporation,2021-12-17,2021-12-27,5,up,flat,0.15004092454910278,0.6463173627853394,0.20364172756671906
NVIDIA Corporation,2021-12-20,2021-12-28,5,up,flat,0.21939079463481903,0.46995770931243896,0.3106514513492584
NVIDIA Corporation,2021-12-21,2021-12-29,5,up,flat,0.07448529452085495,0.6877316236495972,0.23778308928012848
NVIDIA Corporation,2021-12-22,2021-12-30,5,flat,flat,0.08865352720022202,0.7243908047676086,0.18695569038391113
NVIDIA Corporation,2021-12-23,2021-12-31,5,flat,flat,0.0451236255466938,0.8302996754646301,0.12457672506570816
NVIDIA Corporation,2021-12-27,2022-01-03,5,flat,flat,0.03352890536189079,0.7583917379379272,0.20807935297489166
NVIDIA Corporation,2021-12-28,2022-01-04,5,down,down,0.4872843623161316,0.26144829392433167,0.25126731395721436
NVIDIA Corporation,2021-12-29,2022-01-05,5,down,down,0.44312626123428345,0.3880205750465393,0.16885313391685486
NVIDIA Corporation,2021-12-30,2022-01-06,5,down,flat,0.3809812068939209,0.5693385004997253,0.04968033358454704
NVIDIA Corporation,2021-12-31,2022-01-07,5,down,flat,0.26429298520088196,0.6928179264068604,0.04288908466696739
NVIDIA Corporation,2022-01-03,2022-01-10,5,down,flat,0.35556644201278687,0.5826132893562317,0.06182029843330383
NVIDIA Corporation,2022-01-04,2022-01-11,5,down,flat,0.15842293202877045,0.7849951386451721,0.05658193677663803
NVIDIA Corporation,2022-01-05,2022-01-12,5,flat,flat,0.3453911244869232,0.4039321541786194,0.2506767213344574
NVIDIA Corporation,2022-01-06,2022-01-13,5,flat,up,0.15885697305202484,0.17531690001487732,0.6658260822296143
NVIDIA Corporation,2022-01-07,2022-01-14,5,down,up,0.09792706370353699,0.3523379862308502,0.5497349500656128
NVIDIA Corporation,2022-01-10,2022-01-18,5,flat,up,0.05803368240594864,0.1768673062324524,0.7650989890098572
NVIDIA Corporation,2022-01-11,2022-01-19,5,down,up,0.04917125776410103,0.3378351032733917,0.6129936575889587
NVIDIA Corporation,2022-01-12,2022-01-20,5,down,flat,0.020845701918005943,0.6881510019302368,0.2910032868385315
NVIDIA Corporation,2022-01-13,2022-01-21,5,down,flat,0.04822484776377678,0.5084270238876343,0.44334810972213745
NVIDIA Corporation,2022-01-14,2022-01-24,5,down,up,0.13036833703517914,0.34664273262023926,0.5229889750480652
NVIDIA Corporation,2022-01-18,2022-01-25,5,down,up,0.09992176294326782,0.2990640103816986,0.601014256477356
NVIDIA Corporation,2022-01-19,2022-01-26,5,down,up,0.15933863818645477,0.17264136672019958,0.6680199503898621
NVIDIA Corporation,2022-01-20,2022-01-27,5,down,up,0.04240735247731209,0.073973149061203,0.883619487285614
NVIDIA Corporation,2022-01-21,2022-01-28,5,down,up,0.043123695999383926,0.07100243121385574,0.8858738541603088
NVIDIA Corporation,2022-01-24,2022-01-31,5,up,up,0.025638483464717865,0.22761625051498413,0.7467452883720398
NVIDIA Corporation,2022-01-25,2022-02-01,5,up,up,0.02991129271686077,0.047269925475120544,0.9228187799453735
NVIDIA Corporation,2022-01-26,2022-02-02,5,up,up,0.05708678066730499,0.14074677228927612,0.8021664023399353
NVIDIA Corporation,2022-01-27,2022-02-03,5,up,up,0.12619562447071075,0.14676715433597565,0.727037250995636
NVIDIA Corporation,2022-01-28,2022-02-04,5,up,up,0.1411609798669815,0.1605129837989807,0.698326051235199
NVIDIA Corporation,2022-01-31,2022-02-07,5,up,up,0.06296639144420624,0.4612762928009033,0.47575730085372925
NVIDIA Corporation,2022-02-01,2022-02-08,5,flat,flat,0.08933498710393906,0.8469629883766174,0.06370195001363754
NVIDIA Corporation,2022-02-02,2022-02-09,5,flat,flat,0.20212283730506897,0.5998412370681763,0.19803597033023834
NVIDIA Corporation,2022-02-03,2022-02-10,5,up,down,0.6052520275115967,0.2628736197948456,0.13187432289123535
NVIDIA Corporation,2022-02-04,2022-02-11,5,up,flat,0.39829021692276,0.44921183586120605,0.15249791741371155
NVIDIA Corporation,2022-02-07,2022-02-14,5,flat,flat,0.3340163826942444,0.3987870216369629,0.26719653606414795
NVIDIA Corporation,2022-02-08,2022-02-15,5,up,down,0.4332318603992462,0.34603020548820496,0.22073794901371002
NVIDIA Corporation,2022-02-09,2022-02-16,5,flat,flat,0.1825222373008728,0.6700573563575745,0.14742045104503632
NVIDIA Corporation,2022-02-10,2022-02-17,5,down,flat,0.18273183703422546,0.6759502291679382,0.1413179486989975
NVIDIA Corporation,2022-02-11,2022-02-18,5,down,down,0.49820905923843384,0.2798163592815399,0.22197456657886505
NVIDIA Corporation,2022-02-14,2022-02-22,5,down,flat,0.1944999098777771,0.6897541880607605,0.1157459020614624
NVIDIA Corporation,2022-02-15,2022-02-23,5,down,flat,0.21175773441791534,0.5512465834617615,0.23699571192264557
NVIDIA Corporation,2022-02-16,2022-02-24,5,down,flat,0.23170623183250427,0.499111145734787,0.26918265223503113
NVIDIA Corporation,2022-02-17,2022-02-25,5,down,flat,0.3650225102901459,0.5023902654647827,0.13258717954158783
NVIDIA Corporation,2022-02-18,2022-02-28,5,flat,flat,0.3202226459980011,0.49426504969596863,0.18551233410835266
NVIDIA Corporation,2022-02-22,2022-03-01,5,flat,flat,0.19233669340610504,0.6771998405456543,0.13046343624591827
NVIDIA Corporation,2022-02-23,2022-03-02,5,up,down,0.4131905734539032,0.3361532986164093,0.2506561577320099
NVIDIA Corporation,2022-02-24,2022-03-03,5,up,up,0.20869725942611694,0.20400205254554749,0.587300717830658
NVIDIA Corporation,2022-02-25,2022-03-04,5,flat,up,0.15966729819774628,0.39672961831092834,0.4436030387878418
NVIDIA Corporation,2022-02-28,2022-03-07,5,down,flat,0.1782938539981842,0.6629023551940918,0.1588037759065628
NVIDIA Corporation,2022-03-01,2022-03-08,5,down,flat,0.26885750889778137,0.6062430143356323,0.12489940226078033
NVIDIA Corporation,2022-03-02,2022-03-09,5,down,flat,0.42897337675094604,0.49388691782951355,0.07713966071605682
NVIDIA Corporation,2022-03-03,2022-03-10,5,down,flat,0.24735872447490692,0.6685293912887573,0.08411188423633575
NVIDIA Corporation,2022-03-04,2022-03-11,5,flat,flat,0.4281628131866455,0.5049981474876404,0.06683899462223053
NVIDIA Corporation,2022-03-07,2022-03-14,5,flat,down,0.6037139296531677,0.21395103633403778,0.1823350191116333
NVIDIA Corporation,2022-03-08,2022-03-15,5,up,up,0.1992446631193161,0.31284448504447937,0.48791083693504333
NVIDIA Corporation,2022-03-09,2022-03-16,5,up,up,0.18938623368740082,0.2947975695133209,0.5158162117004395
NVIDIA Corporation,2022-03-10,2022-03-17,5,up,flat,0.3072548806667328,0.4229411482810974,0.2698040008544922
NVIDIA Corporation,2022-03-11,2022-03-18,5,up,flat,0.08553709834814072,0.7915613055229187,0.12290164828300476
NVIDIA Corporation,2022-03-14,2022-03-21,5,up,flat,0.34237003326416016,0.4797377586364746,0.17789220809936523
NVIDIA Corporation,2022-03-15,2022-03-22,5,up,flat,0.09521108865737915,0.7254152297973633,0.17937371134757996
NVIDIA Corporation,2022-03-16,2022-03-23,5,up,flat,0.13054366409778595,0.6394489407539368,0.23000739514827728
NVIDIA Corporation,2022-03-17,2022-03-24,5,up,flat,0.0595453679561615,0.7039090394973755,0.23654554784297943
NVIDIA Corporation,2022-03-18,2022-03-25,5,up,flat,0.26136335730552673,0.4430887699127197,0.2955479323863983
NVIDIA Corporation,2022-03-21,2022-03-28,5,up,up,0.11310433596372604,0.4172796905040741,0.46961599588394165
NVIDIA Corporation,2022-03-22,2022-03-29,5,up,up,0.05065644159913063,0.37285903096199036,0.5764845013618469
NVIDIA Corporation,2022-03-23,2022-03-30,5,up,up,0.13082203269004822,0.12320461869239807,0.7459734082221985
NVIDIA Corporation,2022-03-24,2022-03-31,5,flat,up,0.2038831114768982,0.2595163583755493,0.5366005897521973
NVIDIA Corporation,2022-03-25,2022-04-01,5,down,up,0.12082720547914505,0.2878626585006714,0.5913101434707642
NVIDIA Corporation,2022-03-28,2022-04-04,5,down,flat,0.12526194751262665,0.6159067153930664,0.25883135199546814
NVIDIA Corporation,2022-03-29,2022-04-05,5,down,up,0.1390903890132904,0.24589814245700836,0.6150115132331848
NVIDIA Corporation,2022-03-30,2022-04-06,5,down,up,0.2537185549736023,0.2941655218601227,0.45211589336395264
NVIDIA Corporation,2022-03-31,2022-04-07,5,down,flat,0.2663100063800812,0.5341823697090149,0.19950760900974274
NVIDIA Corporation,2022-04-01,2022-04-08,5,down,flat,0.1402471661567688,0.5909163951873779,0.26883646845817566
NVIDIA Corporation,2022-04-04,2022-04-11,5,down,flat,0.2260589450597763,0.6360242962837219,0.13791674375534058
NVIDIA Corporation,2022-04-05,2022-04-12,5,down,flat,0.06170528754591942,0.8963781595230103,0.04191650077700615
NVIDIA Corporation,2022-04-06,2022-04-13,5,down,flat,0.4063730835914612,0.43516772985458374,0.1584591567516327
NVIDIA Corporation,2022-04-07,2022-04-14,5,down,flat,0.03657295182347298,0.4975532293319702,0.4658738374710083
NVIDIA Corporation,2022-04-08,2022-04-18,5,down,up,0.07679353654384613,0.35594305396080017,0.5672634243965149
NVIDIA Corporation,2022-04-11,2022-04-19,5,flat,up,0.09712440520524979,0.35494351387023926,0.5479320883750916
NVIDIA Corporation,2022-04-12,2022-04-20,5,flat,up,0.1862993836402893,0.1015251949429512,0.7121754884719849
NVIDIA Corporation,2022-04-13,2022-04-21,5,down,up,0.15407514572143555,0.13086390495300293,0.7150609493255615
NVIDIA Corporation,2022-04-14,2022-04-22,5,down,up,0.08406469970941544,0.09605162590742111,0.8198837041854858
NVIDIA Corporation,2022-04-18,2022-04-25,5,down,up,0.12625806033611298,0.10191963613033295,0.7718223333358765
NVIDIA Corporation,2022-04-19,2022-04-26,5,down,up,0.0685265064239502,0.23816736042499542,0.6933060884475708
NVIDIA Corporation,2022-04-20,2022-04-27,5,down,up,0.07001979649066925,0.40843772888183594,0.521542489528656
NVIDIA Corporation,2022-04-21,2022-04-28,5,down,up,0.13502031564712524,0.2959257960319519,0.5690538883209229
NVIDIA Corporation,2022-04-22,2022-04-29,5,down,up,0.13664807379245758,0.2518763840198517,0.6114755272865295
NVIDIA Corporation,2022-04-25,2022-05-02,5,flat,up,0.027384644374251366,0.08060676604509354,0.8920086622238159
NVIDIA Corporation,2022-04-26,2022-05-03,5,flat,up,0.01633462868630886,0.028043381869792938,0.9556219577789307
NVIDIA Corporation,2022-04-27,2022-05-04,5,up,up,0.011495456099510193,0.02682662010192871,0.9616779685020447
NVIDIA Corporation,2022-04-28,2022-05-05,5,flat,up,0.027821451425552368,0.06378823518753052,0.9083902835845947
NVIDIA Corporation,2022-04-29,2022-05-06,5,flat,up,0.033182356506586075,0.13355585932731628,0.8332617878913879
NVIDIA Corporation,2022-05-02,2022-05-09,5,down,up,0.01570303738117218,0.1073603704571724,0.8769366145133972
NVIDIA Corporation,2022-05-03,2022-05-10,5,down,up,0.03150606527924538,0.37739279866218567,0.5911011099815369
NVIDIA Corporation,2022-05-04,2022-05-11,5,down,flat,0.05379705876111984,0.5483041405677795,0.39789876341819763
NVIDIA Corporation,2022-05-05,2022-05-12,5,down,up,0.09889905154705048,0.30036377906799316,0.6007371544837952
NVIDIA Corporation,2022-05-06,2022-05-13,5,down,up,0.13945746421813965,0.31701624393463135,0.543526291847229
NVIDIA Corporation,2022-05-09,2022-05-16,5,flat,up,0.09203824400901794,0.3884839117527008,0.5194778442382812
NVIDIA Corporation,2022-05-10,2022-05-17,5,flat,up,0.08074390888214111,0.08252467960119247,0.8367313742637634
NVIDIA Corporation,2022-05-11,2022-05-18,5,flat,up,0.06287569552659988,0.09049168974161148,0.8466326594352722
NVIDIA Corporation,2022-05-12,2022-05-19,5,up,up,0.04294944182038307,0.23685458302497864,0.720196008682251
NVIDIA Corporation,2022-05-13,2022-05-20,5,flat,up,0.07457130402326584,0.10471406579017639,0.8207146525382996
NVIDIA Corporation,2022-05-16,2022-05-23,5,down,up,0.08381736278533936,0.31793439388275146,0.5982482433319092
NVIDIA Corporation,2022-05-17,2022-05-24,5,down,up,0.13476240634918213,0.20500719547271729,0.6602303981781006
NVIDIA Corporation,2022-05-18,2022-05-25,5,down,up,0.19866476953029633,0.13121671974658966,0.670118510723114
NVIDIA Corporation,2022-05-19,2022-05-26,5,flat,up,0.11651227623224258,0.3015061616897583,0.5819815397262573
NVIDIA Corporation,2022-05-20,2022-05-27,5,up,up,0.22865889966487885,0.23199500143527985,0.5393460988998413
NVIDIA Corporation,2022-05-23,2022-05-31,5,up,up,0.2478674352169037,0.2768552601337433,0.47527727484703064
NVIDIA Corporation,2022-05-24,2022-06-01,5,up,up,0.2529270052909851,0.34529563784599304,0.4017774164676666
NVIDIA Corporation,2022-05-25,2022-06-02,5,up,up,0.24070905148983002,0.22038282454013824,0.5389081239700317
NVIDIA Corporation,2022-05-26,2022-06-03,5,up,up,0.11729881167411804,0.1402992308139801,0.7424020171165466
NVIDIA Corporation,2022-05-27,2022-06-06,5,flat,flat,0.013763422146439552,0.5481536984443665,0.43808284401893616
NVIDIA Corporation,2022-05-31,2022-06-07,5,flat,flat,0.026287151500582695,0.586687445640564,0.387025386095047
NVIDIA Corporation,2022-06-01,2022-06-08,5,flat,flat,0.032677046954631805,0.6396211981773376,0.3277018070220947
NVIDIA Corporation,2022-06-02,2022-06-09,5,flat,up,0.03631075844168663,0.47344842553138733,0.49024084210395813
NVIDIA Corporation,2022-06-03,2022-06-10,5,down,up,0.05485953390598297,0.46412524580955505,0.481015145778656
NVIDIA Corporation,2022-06-06,2022-06-13,5,down,up,0.0715557411313057,0.25333741307258606,0.6751068830490112
NVIDIA Corporation,2022-06-07,2022-06-14,5,down,flat,0.0501929447054863,0.6160115599632263,0.3337955176830292
NVIDIA Corporation,2022-06-08,2022-06-15,5,down,up,0.0958256870508194,0.41298994421958923,0.4911843240261078
NVIDIA Corporation,2022-06-09,2022-06-16,5,down,up,0.10386274755001068,0.43749287724494934,0.4586443603038788
NVIDIA Corporation,2022-06-10,2022-06-17,5,down,up,0.19009225070476532,0.29326897859573364,0.5166387557983398
NVIDIA Corporation,2022-06-13,2022-06-21,5,up,flat,0.04812635853886604,0.5261147618293762,0.42575886845588684
NVIDIA Corporation,2022-06-14,2022-06-22,5,up,up,0.054151423275470734,0.1875387728214264,0.7583097815513611
NVIDIA Corporation,2022-06-15,2022-06-23,5,flat,up,0.03806255757808685,0.19121432304382324,0.7707231044769287
NVIDIA Corporation,2022-06-16,2022-06-24,5,up,up,0.0687284916639328,0.28172552585601807,0.6495459675788879
NVIDIA Corporation,2022-06-17,2022-06-27,5,up,up,0.07609552145004272,0.32973912358283997,0.5941653251647949
NVIDIA Corporation,2022-06-21,2022-06-28,5,flat,up,0.017881881445646286,0.19262975454330444,0.7894884347915649
NVIDIA Corporation,2022-06-22,2022-06-29,5,down,flat,0.023046156391501427,0.5848610401153564,0.3920927941799164
NVIDIA Corporation,2022-06-23,2022-06-30,5,down,flat,0.04194062948226929,0.4891936779022217,0.46886569261550903
NVIDIA Corporation,2022-06-24,2022-07-01,5,down,up,0.04324200376868248,0.315921813249588,0.6408361792564392
NVIDIA Corporation,2022-06-27,2022-07-05,5,down,flat,0.04389386624097824,0.5812270641326904,0.3748790919780731
NVIDIA Corporation,2022-06-28,2022-07-06,5,down,up,0.26503559947013855,0.30234596133232117,0.43261846899986267
NVIDIA Corporation,2022-06-29,2022-07-07,5,flat,flat,0.2536851465702057,0.4758172631263733,0.27049753069877625
NVIDIA Corporation,2022-06-30,2022-07-08,5,flat,up,0.08035441488027573,0.2566719949245453,0.6629736423492432
NVIDIA Corporation,2022-07-01,2022-07-11,5,up,up,0.0583324059844017,0.24707573652267456,0.6945918798446655
NVIDIA Corporation,2022-07-05,2022-07-12,5,up,up,0.0972735732793808,0.11977960169315338,0.7829468250274658
NVIDIA Corporation,2022-07-06,2022-07-13,5,flat,up,0.19089747965335846,0.18886008858680725,0.6202424168586731
NVIDIA Corporation,2022-07-07,2022-07-14,5,down,flat,0.04585762321949005,0.5267062187194824,0.42743614315986633
NVIDIA Corporation,2022-07-08,2022-07-15,5,flat,flat,0.24748097360134125,0.5225430130958557,0.22997602820396423
NVIDIA Corporation,2022-07-11,2022-07-18,5,up,flat,0.27890846133232117,0.40008458495140076,0.3210069239139557
NVIDIA Corporation,2022-07-12,2022-07-19,5,up,flat,0.3008248805999756,0.45462313294410706,0.24455201625823975
NVIDIA Corporation,2022-07-13,2022-07-20,5,up,down,0.47930213809013367,0.35326308012008667,0.16743478178977966
NVIDIA Corporation,2022-07-14,2022-07-21,5,up,flat,0.2556307911872864,0.4483625590801239,0.2960066497325897
NVIDIA Corporation,2022-07-15,2022-07-22,5,up,flat,0.17603743076324463,0.46549928188323975,0.358463317155838
NVIDIA Corporation,2022-07-18,2022-07-25,5,up,flat,0.053739551454782486,0.5516610145568848,0.39459943771362305
NVIDIA Corporation,2022-07-19,2022-07-26,5,flat,flat,0.06217845901846886,0.6585049629211426,0.2793165445327759
NVIDIA Corporation,2022-07-20,2022-07-27,5,flat,up,0.0846145898103714,0.2622736990451813,0.6531116366386414
NVIDIA Corporation,2022-07-21,2022-07-28,5,flat,up,0.09425748884677887,0.2694976329803467,0.6362448930740356
NVIDIA Corporation,2022-07-22,2022-07-29,5,flat,up,0.038568202406167984,0.08847391605377197,0.8729579448699951
NVIDIA Corporation,2022-07-25,2022-08-01,5,up,up,0.01808786764740944,0.32453376054763794,0.6573783755302429
NVIDIA Corporation,2022-07-26,2022-08-02,5,up,up,0.011531226336956024,0.4250713586807251,0.5633974075317383
NVIDIA Corporation,2022-07-27,2022-08-03,5,up,up,0.02308555878698826,0.10954199731349945,0.867372453212738
NVIDIA Corporation,2022-07-28,2022-08-04,5,up,up,0.02067842148244381,0.059458982199430466,0.9198626279830933
NVIDIA Corporation,2022-07-29,2022-08-05,5,up,up,0.01818711869418621,0.25072214007377625,0.731090784072876
NVIDIA Corporation,2022-08-01,2022-08-08,5,down,up,0.005524866748601198,0.09999828040599823,0.8944768905639648
NVIDIA Corporation,2022-08-02,2022-08-09,5,down,up,0.02187085524201393,0.12118761241436005,0.8569415807723999
NVIDIA Corporation,2022-08-03,2022-08-10,5,down,up,0.015898264944553375,0.0934840515255928,0.8906177282333374
NVIDIA Corporation,2022-08-04,2022-08-11,5,down,up,0.006929183378815651,0.029798027127981186,0.963272750377655
NVIDIA Corporation,2022-08-05,2022-08-12,5,down,up,0.008388005197048187,0.12718228995800018,0.8644296526908875
NVIDIA Corporation,2022-08-08,2022-08-15,5,up,up,0.009423221461474895,0.4498366713523865,0.5407400727272034
NVIDIA Corporation,2022-08-09,2022-08-16,5,up,flat,0.008265084587037563,0.6265531778335571,0.36518174409866333
NVIDIA Corporation,2022-08-10,2022-08-17,5,up,flat,0.06782394647598267,0.6534498929977417,0.27872616052627563
NVIDIA Corporation,2022-08-11,2022-08-18,5,flat,flat,0.06508039683103561,0.7212886810302734,0.21363095939159393
NVIDIA Corporation,2022-08-12,2022-08-19,5,flat,flat,0.09808248281478882,0.6132364273071289,0.2886810302734375
NVIDIA Corporation,2022-08-15,2022-08-22,5,down,up,0.02526385895907879,0.16772930324077606,0.8070068955421448
NVIDIA Corporation,2022-08-16,2022-08-23,5,down,up,0.07351308315992355,0.42934703826904297,0.4971398711204529
NVIDIA Corporation,2022-08-17,2022-08-24,5,down,up,0.07191988825798035,0.31131094694137573,0.6167691946029663
NVIDIA Corporation,2022-08-18,2022-08-25,5,down,flat,0.12364901602268219,0.4452376663684845,0.4311133325099945
NVIDIA Corporation,2022-08-19,2022-08-26,5,down,flat,0.057859085500240326,0.762943685054779,0.1791972517967224
NVIDIA Corporation,2022-08-22,2022-08-29,5,down,flat,0.1182120144367218,0.4771733283996582,0.4046146869659424
NVIDIA Corporation,2022-08-23,2022-08-30,5,down,flat,0.05157802999019623,0.5123471021652222,0.4360748529434204
NVIDIA Corporation,2022-08-24,2022-08-31,5,down,up,0.02725795842707157,0.42247363924980164,0.5502684712409973
NVIDIA Corporation,2022-08-25,2022-09-01,5,down,up,0.03064735420048237,0.31297567486763,0.6563769578933716
NVIDIA Corporation,2022-08-26,2022-09-02,5,down,up,0.04558803141117096,0.45999276638031006,0.4944192171096802
NVIDIA Corporation,2022-08-29,2022-09-06,5,down,up,0.0832587257027626,0.13049153983592987,0.7862497568130493
NVIDIA Corporation,2022-08-30,2022-09-07,5,down,up,0.027928031980991364,0.06894791126251221,0.9031240344047546
NVIDIA Corporation,2022-08-31,2022-09-08,5,down,up,0.007717797998338938,0.07945418357849121,0.9128279685974121
NVIDIA Corporation,2022-09-01,2022-09-09,5,flat,up,0.014579021371901035,0.14530442655086517,0.8401165008544922
NVIDIA Corporation,2022-09-02,2022-09-12,5,up,up,0.01436515524983406,0.02472647838294506,0.9609083533287048
NVIDIA Corporation,2022-09-06,2022-09-13,5,flat,up,0.007248417008668184,0.0319078229367733,0.9608437418937683
NVIDIA Corporation,2022-09-07,2022-09-14,5,down,up,0.02097388356924057,0.06486548483371735,0.9141606688499451
NVIDIA Corporation,2022-09-08,2022-09-15,5,down,up,0.03611448407173157,0.07324843108654022,0.8906370997428894
NVIDIA Corporation,2022-09-09,2022-09-16,5,down,up,0.03809387981891632,0.3240169882774353,0.6378891468048096
NVIDIA Corporation,2022-09-12,2022-09-19,5,down,up,0.0870613232254982,0.44575104117393494,0.4671875834465027
NVIDIA Corporation,2022-09-13,2022-09-20,5,flat,up,0.0658721774816513,0.30295270681381226,0.6311751008033752
NVIDIA Corporation,2022-09-14,2022-09-21,5,flat,up,0.03875400871038437,0.18238689005374908,0.7788591384887695
NVIDIA Corporation,2022-09-15,2022-09-22,5,flat,up,0.019739702343940735,0.1123247742652893,0.8679355382919312
NVIDIA Corporation,2022-09-16,2022-09-23,5,down,up,0.0843999832868576,0.28386232256889343,0.6317377090454102
NVIDIA Corporation,2022-09-19,2022-09-26,5,down,flat,0.07660398632287979,0.5295292735099792,0.39386671781539917
NVIDIA Corporation,2022-09-20,2022-09-27,5,down,flat,0.16311417520046234,0.5516276955604553,0.28525814414024353
NVIDIA Corporation,2022-09-21,2022-09-28,5,down,flat,0.187530055642128,0.6723006367683411,0.14016926288604736
NVIDIA Corporation,2022-09-22,2022-09-29,5,down,flat,0.2708493769168854,0.5053365230560303,0.22381404042243958
NVIDIA Corporation,2022-09-23,2022-09-30,5,flat,up,0.127335786819458,0.38662436604499817,0.48603981733322144
NVIDIA Corporation,2022-09-26,2022-10-03,5,flat,up,0.3007719814777374,0.206588014960289,0.49263995885849
NVIDIA Corporation,2022-09-27,2022-10-04,5,up,up,0.21776854991912842,0.2245144098997116,0.5577170848846436
NVIDIA Corporation,2022-09-28,2022-10-05,5,up,down,0.48025640845298767,0.21036191284656525,0.3093816339969635
NVIDIA Corporation,2022-09-29,2022-10-06,5,up,flat,0.2858124077320099,0.4376627802848816,0.2765248417854309
NVIDIA Corporation,2022-09-30,2022-10-07,5,flat,flat,0.200645312666893,0.6121964454650879,0.1871582418680191
NVIDIA Corporation,2022-10-03,2022-10-10,5,down,up,0.36694270372390747,0.16818556189537048,0.46487170457839966
NVIDIA Corporation,2022-10-04,2022-10-11,5,down,up,0.35235854983329773,0.29357054829597473,0.35407084226608276
NVIDIA Corporation,2022-10-05,2022-10-12,5,down,down,0.6464895009994507,0.15194134414196014,0.20156912505626678
NVIDIA Corporation,2022-10-06,2022-10-13,5,down,up,0.25359174609184265,0.3030898869037628,0.4433184266090393
NVIDIA Corporation,2022-10-07,2022-10-14,5,down,down,0.44984933733940125,0.22878044843673706,0.3213701844215393
NVIDIA Corporation,2022-10-10,2022-10-17,5,flat,up,0.2175133377313614,0.16255541145801544,0.6199312210083008
NVIDIA Corporation,2022-10-11,2022-10-18,5,up,up,0.05846012011170387,0.3086920976638794,0.632847785949707
NVIDIA Corporation,2022-10-12,2022-10-19,5,up,flat,0.1438843309879303,0.4676080048084259,0.3885077238082886
NVIDIA Corporation,2022-10-13,2022-10-20,5,up,up,0.09128623455762863,0.2115306556224823,0.6971831321716309
NVIDIA Corporation,2022-10-14,2022-10-21,5,up,up,0.1793130785226822,0.22843502461910248,0.5922518372535706
NVIDIA Corporation,2022-10-17,2022-10-24,5,up,up,0.1992306262254715,0.16637122631072998,0.6343981623649597
NVIDIA Corporation,2022-10-18,2022-10-25,5,up,up,0.1744239181280136,0.2446931153535843,0.5808829665184021
NVIDIA Corporation,2022-10-19,2022-10-26,5,up,up,0.22018085420131683,0.19173955917358398,0.5880796313285828
NVIDIA Corporation,2022-10-20,2022-10-27,5,up,up,0.08359850198030472,0.45325490832328796,0.4631465673446655
NVIDIA Corporation,2022-10-21,2022-10-28,5,up,up,0.11058688163757324,0.15163405239582062,0.7377790212631226
NVIDIA Corporation,2022-10-24,2022-10-31,5,up,flat,0.053937118500471115,0.49208152294158936,0.4539813697338104
NVIDIA Corporation,2022-10-25,2022-11-01,5,up,flat,0.07112874835729599,0.5041137337684631,0.4247575104236603
NVIDIA Corporation,2022-10-26,2022-11-02,5,up,flat,0.1341659128665924,0.5366404056549072,0.32919368147850037
NVIDIA Corporation,2022-10-27,2022-11-03,5,flat,flat,0.22249385714530945,0.39372381567955017,0.383782297372818
NVIDIA Corporation,2022-10-28,2022-11-04,5,up,down,0.33855172991752625,0.33447328209877014,0.326975017786026
NVIDIA Corporation,2022-10-31,2022-11-07,5,up,up,0.21266567707061768,0.14348718523979187,0.6438471674919128
NVIDIA Corporation,2022-11-01,2022-11-08,5,up,up,0.0797133669257164,0.18695221841335297,0.7333344221115112
NVIDIA Corporation,2022-11-02,2022-11-09,5,flat,up,0.10011846572160721,0.25210127234458923,0.6477802395820618
NVIDIA Corporation,2022-11-03,2022-11-10,5,up,flat,0.0946829542517662,0.7251087427139282,0.18020832538604736
NVIDIA Corporation,2022-11-04,2022-11-11,5,up,flat,0.06890220195055008,0.7169377207756042,0.21416011452674866
NVIDIA Corporation,2022-11-07,2022-11-14,5,up,flat,0.05086080729961395,0.69644695520401,0.2526922821998596
NVIDIA Corporation,2022-11-08,2022-11-15,5,up,flat,0.06132061406970024,0.7850400805473328,0.1536392718553543
NVIDIA Corporation,2022-11-09,2022-11-16,5,up,down,0.5313082933425903,0.4044693410396576,0.06422236561775208
NVIDIA Corporation,2022-11-10,2022-11-17,5,up,down,0.4768643081188202,0.4641612768173218,0.058974381536245346
NVIDIA Corporation,2022-11-11,2022-11-18,5,flat,down,0.4961998164653778,0.4719933569431305,0.03180687129497528
NVIDIA Corporation,2022-11-14,2022-11-21,5,down,down,0.5688165426254272,0.33839622139930725,0.09278721362352371
NVIDIA Corporation,2022-11-15,2022-11-22,5,down,flat,0.19075068831443787,0.6300809383392334,0.17916837334632874
NVIDIA Corporation,2022-11-16,2022-11-23,5,flat,flat,0.2862136662006378,0.5403773188591003,0.17340897023677826
NVIDIA Corporation,2022-11-17,2022-11-25,5,up,flat,0.03973906487226486,0.9091141223907471,0.051146816462278366
NVIDIA Corporation,2022-11-18,2022-11-28,5,flat,flat,0.012589585036039352,0.9160209894180298,0.07138942927122116
NVIDIA Corporation,2022-11-21,2022-11-29,5,up,flat,0.01072064507752657,0.8984452486038208,0.0908341258764267
NVIDIA Corporation,2022-11-22,2022-11-30,5,up,flat,0.04622139036655426,0.9094087481498718,0.04436991736292839
NVIDIA Corporation,2022-11-23,2022-12-01,5,up,flat,0.278478741645813,0.3778245151042938,0.3436966836452484
NVIDIA Corporation,2022-11-25,2022-12-02,5,up,flat,0.17057210206985474,0.5498145818710327,0.27961334586143494
NVIDIA Corporation,2022-11-28,2022-12-05,5,up,up,0.06446036696434021,0.25568482279777527,0.6798548698425293
NVIDIA Corporation,2022-11-29,2022-12-06,5,up,flat,0.2363690286874771,0.5721277594566345,0.19150319695472717
NVIDIA Corporation,2022-11-30,2022-12-07,5,flat,up,0.09858536720275879,0.19577819108963013,0.7056365013122559
NVIDIA Corporation,2022-12-01,2022-12-08,5,down,up,0.040281958878040314,0.1898661106824875,0.7698518633842468
NVIDIA Corporation,2022-12-02,2022-12-09,5,up,up,0.035964105278253555,0.36639952659606934,0.597636342048645
NVIDIA Corporation,2022-12-05,2022-12-12,5,up,up,0.03381527215242386,0.2128923386335373,0.7532923817634583
NVIDIA Corporation,2022-12-06,2022-12-13,5,up,up,0.1171746775507927,0.38099467754364014,0.5018306970596313
NVIDIA Corporation,2022-12-07,2022-12-14,5,up,flat,0.06720156222581863,0.7261878252029419,0.20661060512065887
NVIDIA Corporation,2022-12-08,2022-12-15,5,up,up,0.34779804944992065,0.23244525492191315,0.41975662112236023
NVIDIA Corporation,2022-12-09,2022-12-16,5,down,up,0.1554809957742691,0.35021713376045227,0.49430185556411743
NVIDIA Corporation,2022-12-12,2022-12-19,5,down,up,0.08773019909858704,0.3935181498527527,0.5187516808509827
NVIDIA Corporation,2022-12-13,2022-12-20,5,down,up,0.03341849893331528,0.13196472823619843,0.8346167802810669
NVIDIA Corporation,2022-12-14,2022-12-21,5,down,up,0.07421009987592697,0.17944562435150146,0.746344268321991
NVIDIA Corporation,2022-12-15,2022-12-22,5,down,up,0.08494942635297775,0.2782590389251709,0.6367915272712708
NVIDIA Corporation,2022-12-16,2022-12-23,5,down,flat,0.0640675351023674,0.6218303442001343,0.31410208344459534
NVIDIA Corporation,2022-12-19,2022-12-27,5,down,flat,0.06914214044809341,0.5656623244285583,0.36519551277160645
NVIDIA Corporation,2022-12-20,2022-12-28,5,down,flat,0.01933840662240982,0.7211588025093079,0.2595027983188629
NVIDIA Corporation,2022-12-21,2022-12-29,5,down,flat,0.0384703055024147,0.7496522665023804,0.2118774801492691
NVIDIA Corporation,2022-12-22,2022-12-30,5,down,flat,0.05187090113759041,0.6490747332572937,0.2990543842315674
NVIDIA Corporation,2022-12-23,2023-01-03,5,down,flat,0.07393334805965424,0.5658168792724609,0.360249787569046
NVIDIA Corporation,2022-12-27,2023-01-04,5,flat,up,0.10788292437791824,0.3141070604324341,0.5780100226402283
NVIDIA Corporation,2022-12-28,2023-01-05,5,flat,up,0.03997518867254257,0.10253544896841049,0.8574894070625305
NVIDIA Corporation,2022-12-29,2023-01-06,5,up,up,0.15550057590007782,0.17456968128681183,0.6699297428131104
NVIDIA Corporation,2022-12-30,2023-01-09,5,up,up,0.1186828464269638,0.13096514344215393,0.7503520250320435
NVIDIA Corporation,2023-01-03,2023-01-10,5,up,flat,0.03841734305024147,0.560965895652771,0.40061676502227783
NVIDIA Corporation,2023-01-04,2023-01-11,5,up,up,0.03455086424946785,0.41595014929771423,0.549498975276947
NVIDIA Corporation,2023-01-05,2023-01-12,5,up,up,0.04250841587781906,0.280940979719162,0.6765506267547607
NVIDIA Corporation,2023-01-06,2023-01-13,5,up,flat,0.3518396317958832,0.42453035712242126,0.22363001108169556
NVIDIA Corporation,2023-01-09,2023-01-17,5,up,flat,0.2522199749946594,0.7002458572387695,0.04753413796424866
NVIDIA Corporation,2023-01-10,2023-01-18,5,up,flat,0.11200699210166931,0.8031365871429443,0.08485648036003113
NVIDIA Corporation,2023-01-11,2023-01-19,5,up,flat,0.05536506325006485,0.900827944278717,0.04380704089999199
NVIDIA Corporation,2023-01-12,2023-01-20,5,up,flat,0.12324418872594833,0.7984605431556702,0.0782952681183815
NVIDIA Corporation,2023-01-13,2023-01-23,5,up,down,0.6334519386291504,0.32333287596702576,0.043215177953243256
NVIDIA Corporation,2023-01-17,2023-01-24,5,up,down,0.632666289806366,0.34498515725135803,0.02234858088195324
NVIDIA Corporation,2023-01-18,2023-01-25,5,up,down,0.5711101293563843,0.40089112520217896,0.02799871936440468
NVIDIA Corporation,2023-01-19,2023-01-26,5,up,flat,0.40419602394104004,0.5536910891532898,0.04211282730102539
NVIDIA Corporation,2023-01-20,2023-01-27,5,up,flat,0.4391200840473175,0.5136336088180542,0.04724624752998352
NVIDIA Corporation,2023-01-23,2023-01-30,5,up,down,0.6202391982078552,0.3455674648284912,0.034193314611911774
NVIDIA Corporation,2023-01-24,2023-01-31,5,flat,flat,0.38309675455093384,0.5834668278694153,0.0334363654255867
NVIDIA Corporation,2023-01-25,2023-02-01,5,up,flat,0.3616029620170593,0.5848120450973511,0.0535850003361702
NVIDIA Corporation,2023-01-26,2023-02-02,5,up,down,0.5300155878067017,0.4294907748699188,0.04049362987279892
NVIDIA Corporation,2023-01-27,2023-02-03,5,up,down,0.5813211798667908,0.3761885464191437,0.04249027743935585
NVIDIA Corporation,2023-01-30,2023-02-06,5,up,flat,0.39171773195266724,0.5008074045181274,0.10747482627630234
NVIDIA Corporation,2023-01-31,2023-02-07,5,up,flat,0.3265659213066101,0.6103347539901733,0.06309934705495834
NVIDIA Corporation,2023-02-01,2023-02-08,5,up,down,0.5565715432167053,0.30286264419555664,0.14056579768657684
NVIDIA Corporation,2023-02-02,2023-02-09,5,up,down,0.5264166593551636,0.3724077045917511,0.10117562860250473
NVIDIA Corporation,2023-02-03,2023-02-10,5,flat,flat,0.29642006754875183,0.5942927002906799,0.10928722470998764
NVIDIA Corporation,2023-02-06,2023-02-13,5,up,flat,0.4394828975200653,0.4897204041481018,0.0707966685295105
NVIDIA Corporation,2023-02-07,2023-02-14,5,flat,down,0.5320661664009094,0.34748002886772156,0.12045379728078842
NVIDIA Corporation,2023-02-08,2023-02-15,5,flat,down,0.5773055553436279,0.34023720026016235,0.08245723694562912
NVIDIA Corporation,2023-02-09,2023-02-16,5,flat,flat,0.46281248331069946,0.48243334889411926,0.05475412309169769
NVIDIA Corporation,2023-02-10,2023-02-17,5,flat,down,0.4607622027397156,0.42830464243888855,0.11093312501907349
NVIDIA Corporation,2023-02-13,2023-02-21,5,down,flat,0.4134557545185089,0.4384109675884247,0.14813324809074402
NVIDIA Corporation,2023-02-14,2023-02-22,5,down,down,0.44431596994400024,0.40035009384155273,0.1553339660167694
NVIDIA Corporation,2023-02-15,2023-02-23,5,up,down,0.5073382258415222,0.3289971351623535,0.16366462409496307
NVIDIA Corporation,2023-02-16,2023-02-24,5,up,flat,0.2337975800037384,0.6794047951698303,0.08679768443107605
NVIDIA Corporation,2023-02-17,2023-02-27,5,up,flat,0.31863078474998474,0.6185754537582397,0.06279375404119492
NVIDIA Corporation,2023-02-21,2023-02-28,5,up,flat,0.1962379515171051,0.7066056728363037,0.0971563383936882
NVIDIA Corporation,2023-02-22,2023-03-01,5,up,flat,0.17537201941013336,0.5202162861824036,0.30441173911094666
NVIDIA Corporation,2023-02-23,2023-03-02,5,down,flat,0.4350455403327942,0.4431648552417755,0.1217896118760109
NVIDIA Corporation,2023-02-24,2023-03-03,5,flat,flat,0.35352587699890137,0.460439532995224,0.18603460490703583
NVIDIA Corporation,2023-02-27,2023-03-06,5,flat,down,0.4548754394054413,0.3797667622566223,0.1653578132390976
NVIDIA Corporation,2023-02-28,2023-03-07,5,flat,down,0.3967010974884033,0.30707263946533203,0.29622623324394226
NVIDIA Corporation,2023-03-01,2023-03-08,5,up,flat,0.31851133704185486,0.48885390162467957,0.19263476133346558
NVIDIA Corporation,2023-03-02,2023-03-09,5,up,flat,0.19947773218154907,0.7222298979759216,0.0782923772931099
NVIDIA Corporation,2023-03-03,2023-03-10,5,flat,down,0.4633294343948364,0.41985201835632324,0.11681854724884033
NVIDIA Corporation,2023-03-06,2023-03-13,5,down,down,0.44941624999046326,0.43625408411026,0.11432966589927673
NVIDIA Corporation,2023-03-07,2023-03-14,5,flat,flat,0.3500612676143646,0.542526364326477,0.10741238296031952
NVIDIA Corporation,2023-03-08,2023-03-15,5,flat,down,0.5366711020469666,0.2669849991798401,0.19634389877319336
NVIDIA Corporation,2023-03-09,2023-03-16,5,up,flat,0.3309788107872009,0.4298502206802368,0.23917099833488464
NVIDIA Corporation,2023-03-10,2023-03-17,5,up,flat,0.22993622720241547,0.6704975962638855,0.09956616163253784
NVIDIA Corporation,2023-03-13,2023-03-20,5,up,flat,0.1128314658999443,0.8043709993362427,0.0827975943684578
NVIDIA Corporation,2023-03-14,2023-03-21,5,up,down,0.6350363492965698,0.27810075879096985,0.08686293661594391
NVIDIA Corporation,2023-03-15,2023-03-22,5,up,flat,0.3333975672721863,0.5637420415878296,0.10286038368940353
NVIDIA Corporation,2023-03-16,2023-03-23,5,up,flat,0.37139344215393066,0.5070334076881409,0.12157315015792847
NVIDIA Corporation,2023-03-17,2023-03-24,5,up,down,0.442624032497406,0.38264331221580505,0.17473261058330536
NVIDIA Corporation,2023-03-20,2023-03-27,5,up,down,0.38852551579475403,0.3315437436103821,0.2799307405948639
NVIDIA Corporation,2023-03-21,2023-03-28,5,flat,down,0.649356484413147,0.22756290435791016,0.12308055907487869
NVIDIA Corporation,2023-03-22,2023-03-29,5,flat,up,0.22639143466949463,0.18154636025428772,0.59206223487854
NVIDIA Corporation,2023-03-23,2023-03-30,5,flat,up,0.3338242173194885,0.19075608253479004,0.47541967034339905
NVIDIA Corporation,2023-03-24,2023-03-31,5,up,down,0.465878963470459,0.2649203836917877,0.26920071244239807
NVIDIA Corporation,2023-03-27,2023-04-03,5,up,down,0.354198694229126,0.34170395135879517,0.30409732460975647
NVIDIA Corporation,2023-03-28,2023-04-04,5,up,down,0.8233640789985657,0.15766671299934387,0.01896919496357441
NVIDIA Corporation,2023-03-29,2023-04-05,5,flat,down,0.5805892944335938,0.3659435510635376,0.05346716195344925
NVIDIA Corporation,2023-03-30,2023-04-06,5,down,down,0.9178728461265564,0.06278149038553238,0.019345609471201897
NVIDIA Corporation,2023-03-31,2023-04-10,5,flat,down,0.8125766515731812,0.1393776386976242,0.04804575815796852
NVIDIA Corporation,2023-04-03,2023-04-11,5,flat,down,0.8437440395355225,0.13102184236049652,0.025234084576368332
NVIDIA Corporation,2023-04-04,2023-04-12,5,down,down,0.42726147174835205,0.3722529709339142,0.20048555731773376
NVIDIA Corporation,2023-04-05,2023-04-13,5,flat,flat,0.3709731996059418,0.5287783145904541,0.10024850070476532
NVIDIA Corporation,2023-04-06,2023-04-14,5,flat,flat,0.2787972092628479,0.6192131638526917,0.10198964178562164
NVIDIA Corporation,2023-04-10,2023-04-17,5,down,flat,0.4578498899936676,0.4599638879299164,0.08218623697757721
NVIDIA Corporation,2023-04-11,2023-04-18,5,flat,flat,0.347652405500412,0.5749558210372925,0.07739176601171494
NVIDIA Corporation,2023-04-12,2023-04-19,5,up,flat,0.3161783814430237,0.600155770778656,0.0836658850312233
NVIDIA Corporation,2023-04-13,2023-04-20,5,up,flat,0.352272093296051,0.5315634608268738,0.11616447567939758
NVIDIA Corporation,2023-04-14,2023-04-21,5,up,flat,0.4065855145454407,0.470163494348526,0.1232510432600975
NVIDIA Corporation,2023-04-17,2023-04-24,5,flat,flat,0.4043204188346863,0.4583207368850708,0.13735878467559814
NVIDIA Corporation,2023-04-18,2023-04-25,5,down,flat,0.36481624841690063,0.43443015217781067,0.20075364410877228
NVIDIA Corporation,2023-04-19,2023-04-26,5,down,down,0.4501512944698334,0.34693533182144165,0.2029133439064026
NVIDIA Corporation,2023-04-20,2023-04-27,5,flat,flat,0.36410099267959595,0.3935784101486206,0.24232059717178345
NVIDIA Corporation,2023-04-21,2023-04-28,5,up,flat,0.31061431765556335,0.5641517639160156,0.12523393332958221
NVIDIA Corporation,2023-04-24,2023-05-01,5,up,flat,0.4193740487098694,0.43360060453414917,0.14702539145946503
NVIDIA Corporation,2023-04-25,2023-05-02,5,up,flat,0.13580404222011566,0.7618364691734314,0.10235951095819473
NVIDIA Corporation,2023-04-26,2023-05-03,5,up,flat,0.4070337414741516,0.44458991289138794,0.14837628602981567
NVIDIA Corporation,2023-04-27,2023-05-04,5,flat,flat,0.43469664454460144,0.4468056857585907,0.11849766969680786
NVIDIA Corporation,2023-04-28,2023-05-05,5,up,down,0.49325430393218994,0.3895677924156189,0.11717788875102997
NVIDIA Corporation,2023-05-01,2023-05-08,5,flat,up,0.20769456028938293,0.2875683009624481,0.504737138748169
NVIDIA Corporation,2023-05-02,2023-05-09,5,flat,flat,0.27925631403923035,0.3894212245941162,0.3313225209712982
NVIDIA Corporation,2023-05-03,2023-05-10,5,up,down,0.5330949425697327,0.28743407130241394,0.1794710010290146
NVIDIA Corporation,2023-05-04,2023-05-11,5,up,flat,0.4091963768005371,0.4215146601200104,0.1692889928817749
NVIDIA Corporation,2023-05-05,2023-05-12,5,flat,down,0.40844565629959106,0.23352408409118652,0.3580302298069
NVIDIA Corporation,2023-05-08,2023-05-15,5,flat,down,0.5499427318572998,0.11612015962600708,0.33393704891204834
NVIDIA Corporation,2023-05-09,2023-05-16,5,up,down,0.4777697026729584,0.25932008028030396,0.2629101574420929
NVIDIA Corporation,2023-05-10,2023-05-17,5,up,down,0.4893876910209656,0.21079404652118683,0.299818217754364
NVIDIA Corporation,2023-05-11,2023-05-18,5,up,down,0.4093233346939087,0.3263856768608093,0.264290988445282
NVIDIA Corporation,2023-05-12,2023-05-19,5,up,down,0.8244550228118896,0.12461791187524796,0.050927117466926575
NVIDIA Corporation,2023-05-15,2023-05-22,5,up,down,0.9243031740188599,0.04966345056891441,0.026033341884613037
NVIDIA Corporation,2023-05-16,2023-05-23,5,up,down,0.6684741973876953,0.15223681926727295,0.17928899824619293
NVIDIA Corporation,2023-05-17,2023-05-24,5,up,down,0.5353590846061707,0.15614540874958038,0.30849552154541016
NVIDIA Corporation,2023-05-18,2023-05-25,5,up,flat,0.2033977210521698,0.4033312201499939,0.3932710289955139
NVIDIA Corporation,2023-05-19,2023-05-26,5,up,down,0.4522174894809723,0.3296447694301605,0.21813778579235077
NVIDIA Corporation,2023-05-22,2023-05-30,5,up,up,0.34254610538482666,0.2732950448989868,0.38415881991386414
NVIDIA Corporation,2023-05-23,2023-05-31,5,up,up,0.34656980633735657,0.23212023079395294,0.4213099777698517
NVIDIA Corporation,2023-05-24,2023-06-01,5,up,down,0.59755939245224,0.19308923184871674,0.20935136079788208
NVIDIA Corporation,2023-05-25,2023-06-02,5,up,up,0.19726938009262085,0.38950103521347046,0.4132295548915863
NVIDIA Corporation,2023-05-26,2023-06-05,5,flat,flat,0.21745802462100983,0.4174005687236786,0.3651413321495056
NVIDIA Corporation,2023-05-30,2023-06-06,5,down,flat,0.20193122327327728,0.47759735584259033,0.3204714059829712
NVIDIA Corporation,2023-05-31,2023-06-07,5,flat,up,0.19031430780887604,0.2609088122844696,0.5487768650054932
NVIDIA Corporation,2023-06-01,2023-06-08,5,down,up,0.16192826628684998,0.3667953610420227,0.4712764024734497
NVIDIA Corporation,2023-06-02,2023-06-09,5,flat,flat,0.33383655548095703,0.3888525664806366,0.277310848236084
NVIDIA Corporation,2023-06-05,2023-06-12,5,flat,flat,0.2343025952577591,0.5043388605117798,0.2613585591316223
NVIDIA Corporation,2023-06-06,2023-06-13,5,up,flat,0.1529998928308487,0.6527519226074219,0.194248229265213
NVIDIA Corporation,2023-06-07,2023-06-14,5,up,flat,0.1925872564315796,0.5819202065467834,0.22549249231815338
NVIDIA Corporation,2023-06-08,2023-06-15,5,up,flat,0.1951657384634018,0.6249219179153442,0.17991234362125397
NVIDIA Corporation,2023-06-09,2023-06-16,5,up,flat,0.3414442539215088,0.3684745728969574,0.2900811433792114
NVIDIA Corporation,2023-06-12,2023-06-20,5,up,down,0.5194388628005981,0.2880963683128357,0.19246473908424377
NVIDIA Corporation,2023-06-13,2023-06-21,5,up,up,0.2716897428035736,0.319248229265213,0.40906205773353577
NVIDIA Corporation,2023-06-14,2023-06-22,5,flat,flat,0.1916867345571518,0.441999226808548,0.36631402373313904
NVIDIA Corporation,2023-06-15,2023-06-23,5,flat,down,0.39399510622024536,0.2958376705646515,0.31016722321510315
NVIDIA Corporation,2023-06-16,2023-06-26,5,down,flat,0.3202916383743286,0.4891473352909088,0.19056101143360138
NVIDIA Corporation,2023-06-20,2023-06-27,5,down,flat,0.3383557200431824,0.5018896460533142,0.15975463390350342
NVIDIA Corporation,2023-06-21,2023-06-28,5,down,up,0.23146642744541168,0.2802692651748657,0.4882643520832062
NVIDIA Corporation,2023-06-22,2023-06-29,5,down,flat,0.30143165588378906,0.3686937987804413,0.32987457513809204
NVIDIA Corporation,2023-06-23,2023-06-30,5,flat,flat,0.31823471188545227,0.5810437202453613,0.10072159767150879
NVIDIA Corporation,2023-06-26,2023-07-03,5,up,flat,0.36170458793640137,0.5279521346092224,0.11034323275089264
NVIDIA Corporation,2023-06-27,2023-07-05,5,up,flat,0.24208836257457733,0.578511118888855,0.17940053343772888
NVIDIA Corporation,2023-06-28,2023-07-06,5,up,flat,0.23727194964885712,0.575448215007782,0.18727979063987732
NVIDIA Corporation,2023-06-29,2023-07-07,5,up,flat,0.2581309974193573,0.6005046367645264,0.14136436581611633
NVIDIA Corporation,2023-06-30,2023-07-10,5,flat,flat,0.3541092574596405,0.43670278787612915,0.20918796956539154
NVIDIA Corporation,2023-07-03,2023-07-11,5,flat,down,0.49781471490859985,0.30884435772895813,0.1933409422636032
NVIDIA Corporation,2023-07-05,2023-07-12,5,up,down,0.5360482335090637,0.33941352367401123,0.12453820556402206
NVIDIA Corporation,2023-07-06,2023-07-13,5,up,flat,0.40029892325401306,0.4101718068122864,0.18952928483486176
NVIDIA Corporation,2023-07-07,2023-07-14,5,up,down,0.4811199903488159,0.29692646861076355,0.22195351123809814
NVIDIA Corporation,2023-07-10,2023-07-17,5,up,down,0.44148311018943787,0.39036667346954346,0.16815020143985748
NVIDIA Corporation,2023-07-11,2023-07-18,5,up,down,0.44020581245422363,0.42836302518844604,0.13143114745616913
NVIDIA Corporation,2023-07-12,2023-07-19,5,up,down,0.40607520937919617,0.3489641845226288,0.24496060609817505
NVIDIA Corporation,2023-07-13,2023-07-20,5,up,flat,0.27529704570770264,0.4296608865261078,0.2950420677661896
NVIDIA Corporation,2023-07-14,2023-07-21,5,down,up,0.3104465901851654,0.26244255900382996,0.427110880613327
NVIDIA Corporation,2023-07-17,2023-07-24,5,down,flat,0.3314586579799652,0.40579381585121155,0.26274752616882324
NVIDIA Corporation,2023-07-18,2023-07-25,5,down,down,0.4150470197200775,0.18548671901226044,0.39946630597114563
NVIDIA Corporation,2023-07-19,2023-07-26,5,down,down,0.4233328402042389,0.27610352635383606,0.30056366324424744
NVIDIA Corporation,2023-07-20,2023-07-27,5,flat,down,0.5877359509468079,0.24750114977359772,0.16476288437843323
NVIDIA Corporation,2023-07-21,2023-07-28,5,up,down,0.8556796312332153,0.11168358474969864,0.032636795192956924
NVIDIA Corporation,2023-07-24,2023-07-31,5,up,flat,0.14717240631580353,0.768193781375885,0.08463378995656967
NVIDIA Corporation,2023-07-25,2023-08-01,5,up,flat,0.39205992221832275,0.44041210412979126,0.16752800345420837
NVIDIA Corporation,2023-07-26,2023-08-02,5,flat,flat,0.29749441146850586,0.5888700485229492,0.11363555490970612
NVIDIA Corporation,2023-07-27,2023-08-03,5,down,down,0.49218353629112244,0.3294953405857086,0.17832115292549133
NVIDIA Corporation,2023-07-28,2023-08-04,5,down,down,0.4468490183353424,0.3884432017803192,0.16470779478549957
NVIDIA Corporation,2023-07-31,2023-08-07,5,down,down,0.44476601481437683,0.3757035732269287,0.17953044176101685
NVIDIA Corporation,2023-08-01,2023-08-08,5,down,flat,0.36633387207984924,0.4751848876476288,0.1584811955690384
NVIDIA Corporation,2023-08-02,2023-08-09,5,down,flat,0.09468279033899307,0.8651965856552124,0.040120601654052734
NVIDIA Corporation,2023-08-03,2023-08-10,5,down,flat,0.06485071033239365,0.8948405981063843,0.040308669209480286
NVIDIA Corporation,2023-08-04,2023-08-11,5,down,flat,0.2088318169116974,0.7149170637130737,0.07625112682580948
NVIDIA Corporation,2023-08-07,2023-08-14,5,down,flat,0.1926104575395584,0.7433075904846191,0.06408197432756424
NVIDIA Corporation,2023-08-08,2023-08-15,5,flat,flat,0.09100674092769623,0.8716232776641846,0.03737000748515129
NVIDIA Corporation,2023-08-09,2023-08-16,5,flat,flat,0.09459773451089859,0.8359971046447754,0.0694052055478096
NVIDIA Corporation,2023-08-10,2023-08-17,5,up,flat,0.062192078679800034,0.881866455078125,0.055941447615623474
NVIDIA Corporation,2023-08-11,2023-08-18,5,up,down,0.4967305064201355,0.32196947932243347,0.18130002915859222
NVIDIA Corporation,2023-08-14,2023-08-21,5,up,up,0.16234251856803894,0.39452773332595825,0.4431297183036804
NVIDIA Corporation,2023-08-15,2023-08-22,5,up,flat,0.10565389692783356,0.6083518266677856,0.2859942317008972
NVIDIA Corporation,2023-08-16,2023-08-23,5,up,flat,0.0765598937869072,0.7167778015136719,0.20666231215000153
NVIDIA Corporation,2023-08-17,2023-08-24,5,up,flat,0.10844015330076218,0.6624357104301453,0.22912418842315674
NVIDIA Corporation,2023-08-18,2023-08-25,5,up,flat,0.07999324053525925,0.6164674758911133,0.30353933572769165
NVIDIA Corporation,2023-08-21,2023-08-28,5,flat,flat,0.37548893690109253,0.47076091170310974,0.15375010669231415
NVIDIA Corporation,2023-08-22,2023-08-29,5,flat,up,0.20279879868030548,0.383975088596344,0.41322606801986694
NVIDIA Corporation,2023-08-23,2023-08-30,5,up,flat,0.18803094327449799,0.6080327033996582,0.2039363533258438
NVIDIA Corporation,2023-08-24,2023-08-31,5,flat,down,0.41175609827041626,0.37584197521209717,0.21240197122097015
NVIDIA Corporation,2023-08-25,2023-09-01,5,up,flat,0.3196214437484741,0.4106234312057495,0.26975515484809875
NVIDIA Corporation,2023-08-28,2023-09-05,5,up,flat,0.30025702714920044,0.5869550108909607,0.11278792470693588
NVIDIA Corporation,2023-08-29,2023-09-06,5,flat,down,0.4672124981880188,0.321687787771225,0.21109969913959503
NVIDIA Corporation,2023-08-30,2023-09-07,5,down,flat,0.28957563638687134,0.42017605900764465,0.2902483642101288
NVIDIA Corporation,2023-08-31,2023-09-08,5,down,down,0.43934181332588196,0.4210960268974304,0.13956217467784882
NVIDIA Corporation,2023-09-01,2023-09-11,5,down,flat,0.24828049540519714,0.5252816081047058,0.22643791139125824
NVIDIA Corporation,2023-09-05,2023-09-12,5,down,flat,0.23484425246715546,0.6018679738044739,0.16328783333301544
NVIDIA Corporation,2023-09-06,2023-09-13,5,down,flat,0.19595561921596527,0.6616545915603638,0.14238981902599335
NVIDIA Corporation,2023-09-07,2023-09-14,5,flat,flat,0.3976837694644928,0.5471484661102295,0.055167775601148605
NVIDIA Corporation,2023-09-08,2023-09-15,5,down,flat,0.05660928040742874,0.85442054271698,0.0889701098203659
NVIDIA Corporation,2023-09-11,2023-09-18,5,down,flat,0.07081128656864166,0.8201696872711182,0.10901904106140137
NVIDIA Corporation,2023-09-12,2023-09-19,5,down,flat,0.1460333913564682,0.6286506652832031,0.22531592845916748
NVIDIA Corporation,2023-09-13,2023-09-20,5,down,flat,0.10613562911748886,0.7923284769058228,0.10153591632843018
NVIDIA Corporation,2023-09-14,2023-09-21,5,down,flat,0.17571114003658295,0.771195650100708,0.053093232214450836
NVIDIA Corporation,2023-09-15,2023-09-22,5,down,flat,0.0922769159078598,0.8212391138076782,0.08648397028446198
NVIDIA Corporation,2023-09-18,2023-09-25,5,down,flat,0.13595536351203918,0.5533146262168884,0.3107300102710724
NVIDIA Corporation,2023-09-19,2023-09-26,5,down,flat,0.05753427371382713,0.7345578074455261,0.20790795981884003
NVIDIA Corporation,2023-09-20,2023-09-27,5,flat,flat,0.1582798808813095,0.45539623498916626,0.3863238990306854
NVIDIA Corporation,2023-09-21,2023-09-28,5,up,up,0.13783052563667297,0.17743512988090515,0.6847343444824219
NVIDIA Corporation,2023-09-22,2023-09-29,5,up,up,0.0628853365778923,0.12550240755081177,0.8116123080253601
NVIDIA Corporation,2023-09-25,2023-10-02,5,up,up,0.04004663601517677,0.17841209471225739,0.7815412878990173
NVIDIA Corporation,2023-09-26,2023-10-03,5,up,up,0.037549834698438644,0.28301379084587097,0.6794363856315613
NVIDIA Corporation,2023-09-27,2023-10-04,5,up,up,0.03647254779934883,0.32144469022750854,0.6420828104019165
NVIDIA Corporation,2023-09-28,2023-10-05,5,up,up,0.03570118546485901,0.44660183787345886,0.5176969766616821
NVIDIA Corporation,2023-09-29,2023-10-06,5,up,flat,0.02268507517874241,0.7588674426078796,0.21844744682312012
NVIDIA Corporation,2023-10-02,2023-10-09,5,flat,flat,0.2079678773880005,0.5731834769248962,0.2188486009836197
NVIDIA Corporation,2023-10-03,2023-10-10,5,up,flat,0.26824069023132324,0.45746055245399475,0.2742987275123596
NVIDIA Corporation,2023-10-04,2023-10-11,5,up,down,0.4226541519165039,0.36153751611709595,0.21580828726291656
NVIDIA Corporation,2023-10-05,2023-10-12,5,up,down,0.37970373034477234,0.3586060106754303,0.261690229177475
NVIDIA Corporation,2023-10-06,2023-10-13,5,up,down,0.4501171410083771,0.3322373926639557,0.21764542162418365
NVIDIA Corporation,2023-10-09,2023-10-16,5,flat,down,0.42847874760627747,0.335200697183609,0.2363205999135971
NVIDIA Corporation,2023-10-10,2023-10-17,5,down,down,0.47532641887664795,0.16324613988399506,0.3614274859428406
NVIDIA Corporation,2023-10-11,2023-10-18,5,down,up,0.41793814301490784,0.15328466892242432,0.42877721786499023
NVIDIA Corporation,2023-10-12,2023-10-19,5,down,down,0.4741239547729492,0.18827533721923828,0.3376006484031677
NVIDIA Corporation,2023-10-13,2023-10-20,5,down,down,0.6952202320098877,0.1260109543800354,0.17876885831356049
NVIDIA Corporation,2023-10-16,2023-10-23,5,down,flat,0.2311631441116333,0.721166729927063,0.04767008498311043
NVIDIA Corporation,2023-10-17,2023-10-24,5,flat,flat,0.19152112305164337,0.5540092587471008,0.254469633102417
NVIDIA Corporation,2023-10-18,2023-10-25,5,flat,down,0.5188472270965576,0.22815266251564026,0.25300008058547974
NVIDIA Corporation,2023-10-19,2023-10-26,5,down,up,0.15802887082099915,0.22223524749279022,0.619735836982727
NVIDIA Corporation,2023-10-20,2023-10-27,5,down,up,0.08510126173496246,0.14978185296058655,0.7651169300079346
NVIDIA Corporation,2023-10-23,2023-10-30,5,down,up,0.06945031136274338,0.12299851328134537,0.8075511455535889
NVIDIA Corporation,2023-10-24,2023-10-31,5,down,flat,0.025311043485999107,0.6098545789718628,0.36483442783355713
NVIDIA Corporation,2023-10-25,2023-11-01,5,down,flat,0.023195624351501465,0.5664116740226746,0.410392701625824
NVIDIA Corporation,2023-10-26,2023-11-02,5,up,up,0.07130425423383713,0.33641383051872253,0.5922819375991821
NVIDIA Corporation,2023-10-27,2023-11-03,5,up,flat,0.04217931255698204,0.494191437959671,0.46362924575805664
NVIDIA Corporation,2023-10-30,2023-11-06,5,up,up,0.06380467861890793,0.24427412450313568,0.6919211745262146
NVIDIA Corporation,2023-10-31,2023-11-07,5,up,up,0.13169778883457184,0.11987346410751343,0.7484287619590759
NVIDIA Corporation,2023-11-01,2023-11-08,5,up,flat,0.03096732310950756,0.6081275343894958,0.36090511083602905
NVIDIA Corporation,2023-11-02,2023-11-09,5,up,flat,0.019843660295009613,0.7177654504776001,0.26239094138145447
NVIDIA Corporation,2023-11-03,2023-11-10,5,up,up,0.263487845659256,0.2907653748989105,0.44574683904647827
NVIDIA Corporation,2023-11-06,2023-11-13,5,up,up,0.29902881383895874,0.3434881269931793,0.3574830889701843
NVIDIA Corporation,2023-11-07,2023-11-14,5,up,down,0.5841594338417053,0.19084230065345764,0.22499829530715942
NVIDIA Corporation,2023-11-08,2023-11-15,5,up,down,0.5894662141799927,0.16192005574703217,0.24861367046833038
NVIDIA Corporation,2023-11-09,2023-11-16,5,up,up,0.4059714376926422,0.18676741421222687,0.4072611927986145
NVIDIA Corporation,2023-11-10,2023-11-17,5,up,up,0.1940332055091858,0.32521966099739075,0.4807471036911011
NVIDIA Corporation,2023-11-13,2023-11-20,5,up,up,0.2051515430212021,0.3759695887565613,0.41887882351875305
NVIDIA Corporation,2023-11-14,2023-11-21,5,flat,up,0.19948676228523254,0.24521514773368835,0.5552980899810791
NVIDIA Corporation,2023-11-15,2023-11-22,5,flat,up,0.2628534138202667,0.3177988529205322,0.41934770345687866
NVIDIA Corporation,2023-11-16,2023-11-24,5,down,down,0.4865680932998657,0.2523784935474396,0.2610534429550171
NVIDIA Corporation,2023-11-17,2023-11-27,5,down,down,0.6145857572555542,0.19111648201942444,0.19429771602153778
NVIDIA Corporation,2023-11-20,2023-11-28,5,down,down,0.6541637778282166,0.13825520873069763,0.2075810432434082
NVIDIA Corporation,2023-11-21,2023-11-29,5,down,down,0.5496289730072021,0.23023463785648346,0.22013640403747559
NVIDIA Corporation,2023-11-22,2023-11-30,5,down,flat,0.35058093070983887,0.48182737827301025,0.16759173572063446
NVIDIA Corporation,2023-11-24,2023-12-01,5,down,flat,0.3640894293785095,0.4988560676574707,0.13705454766750336
NVIDIA Corporation,2023-11-27,2023-12-04,5,down,flat,0.2679806053638458,0.4812993109226227,0.2507201135158539
NVIDIA Corporation,2023-11-28,2023-12-05,5,down,flat,0.2734360694885254,0.6234263777732849,0.1031375527381897
NVIDIA Corporation,2023-11-29,2023-12-06,5,down,flat,0.3186812996864319,0.5297124981880188,0.15160620212554932
NVIDIA Corporation,2023-11-30,2023-12-07,5,down,flat,0.14031194150447845,0.7731299996376038,0.08655811101198196
NVIDIA Corporation,2023-12-01,2023-12-08,5,flat,flat,0.12022673338651657,0.8079172968864441,0.07185595482587814
NVIDIA Corporation,2023-12-04,2023-12-11,5,up,flat,0.09173633903265,0.7063562870025635,0.2019074261188507
NVIDIA Corporation,2023-12-05,2023-12-12,5,up,flat,0.13416054844856262,0.6777566075325012,0.18808285892009735
NVIDIA Corporation,2023-12-06,2023-12-13,5,up,flat,0.13447080552577972,0.7959438562393188,0.06958535313606262
NVIDIA Corporation,2023-12-07,2023-12-14,5,up,flat,0.17730292677879333,0.695854663848877,0.1268424391746521
NVIDIA Corporation,2023-12-08,2023-12-15,5,up,flat,0.22231507301330566,0.6525349617004395,0.12514998018741608
NVIDIA Corporation,2023-12-11,2023-12-18,5,up,flat,0.37138524651527405,0.5091450810432434,0.11946970224380493
NVIDIA Corporation,2023-12-12,2023-12-19,5,up,flat,0.26883676648139954,0.5794647932052612,0.15169845521450043
NVIDIA Corporation,2023-12-13,2023-12-20,5,up,down,0.3597814440727234,0.3118709325790405,0.3283475935459137
NVIDIA Corporation,2023-12-14,2023-12-21,5,flat,flat,0.3888638913631439,0.39417794346809387,0.21695813536643982
NVIDIA Corporation,2023-12-15,2023-12-22,5,flat,down,0.8222516179084778,0.13418921828269958,0.043559156358242035
NVIDIA Corporation,2023-12-18,2023-12-26,5,flat,up,0.329537034034729,0.31451743841171265,0.35594549775123596
NVIDIA Corporation,2023-12-19,2023-12-27,5,flat,flat,0.2743780314922333,0.5344630479812622,0.19115887582302094
NVIDIA Corporation,2023-12-20,2023-12-28,5,flat,down,0.5610904097557068,0.31049680709838867,0.12841278314590454
NVIDIA Corporation,2023-12-21,2023-12-29,5,flat,down,0.5476502776145935,0.3584859073162079,0.0938638225197792
NVIDIA Corporation,2023-12-22,2024-01-02,5,flat,down,0.5288375616073608,0.32076606154441833,0.15039637684822083
NVIDIA Corporation,2023-12-26,2024-01-03,5,down,down,0.5322315096855164,0.3381378650665283,0.12963059544563293
NVIDIA Corporation,2023-12-27,2024-01-04,5,down,down,0.5790491700172424,0.31389686465263367,0.10705398768186569
NVIDIA Corporation,2023-12-28,2024-01-05,5,down,down,0.709952712059021,0.184498131275177,0.105549156665802
NVIDIA Corporation,2023-12-29,2024-01-08,5,up,down,0.489854633808136,0.3627072274684906,0.1474381685256958
NVIDIA Corporation,2024-01-02,2024-01-09,5,up,down,0.729020893573761,0.23971012234687805,0.03126900643110275
NVIDIA Corporation,2024-01-03,2024-01-10,5,up,flat,0.2026415765285492,0.5619871020317078,0.23537138104438782
NVIDIA Corporation,2024-01-04,2024-01-11,5,up,flat,0.20032304525375366,0.6817691326141357,0.11790779232978821
NVIDIA Corporation,2024-01-05,2024-01-12,5,up,flat,0.25872763991355896,0.6060047745704651,0.13526757061481476
NVIDIA Corporation,2024-01-08,2024-01-16,5,up,down,0.7311988472938538,0.1630425900220871,0.10575857758522034
NVIDIA Corporation,2024-01-09,2024-01-17,5,up,up,0.19385337829589844,0.3792198598384857,0.4269268214702606
NVIDIA Corporation,2024-01-10,2024-01-18,5,up,up,0.3600543439388275,0.26859238743782043,0.37135329842567444
NVIDIA Corporation,2024-01-11,2024-01-19,5,up,down,0.41827070713043213,0.286560595035553,0.2951687276363373
NVIDIA Corporation,2024-01-12,2024-01-22,5,up,down,0.46193069219589233,0.22671034932136536,0.31135889887809753
NVIDIA Corporation,2024-01-16,2024-01-23,5,up,down,0.4117758870124817,0.18908508121967316,0.39913901686668396
NVIDIA Corporation,2024-01-17,2024-01-24,5,up,flat,0.344428151845932,0.35966160893440247,0.29591020941734314
NVIDIA Corporation,2024-01-18,2024-01-25,5,up,flat,0.4124545753002167,0.42299684882164,0.16454856097698212
NVIDIA Corporation,2024-01-19,2024-01-26,5,up,down,0.5021002292633057,0.28424686193466187,0.21365290880203247
NVIDIA Corporation,2024-01-22,2024-01-29,5,up,down,0.6001327633857727,0.28965967893600464,0.11020756512880325
NVIDIA Corporation,2024-01-23,2024-01-30,5,up,down,0.534368097782135,0.36387351155281067,0.1017584279179573
NVIDIA Corporation,2024-01-24,2024-01-31,5,flat,down,0.6246119737625122,0.22798679769039154,0.14740125834941864
NVIDIA Corporation,2024-01-25,2024-02-01,5,flat,down,0.5839844346046448,0.3287568986415863,0.08725868910551071
NVIDIA Corporation,2024-01-26,2024-02-02,5,up,down,0.4485273063182831,0.33805686235427856,0.21341586112976074
NVIDIA Corporation,2024-01-29,2024-02-05,5,up,down,0.7583709955215454,0.1780996471643448,0.06352930516004562
NVIDIA Corporation,2024-01-30,2024-02-06,5,up,down,0.5984158515930176,0.24878306686878204,0.15280108153820038
NVIDIA Corporation,2024-01-31,2024-02-07,5,up,down,0.6839820742607117,0.14144963026046753,0.1745682656764984
NVIDIA Corporation,2024-02-01,2024-02-08,5,up,down,0.7077522873878479,0.07903102785348892,0.2132166475057602
NVIDIA Corporation,2024-02-02,2024-02-09,5,up,flat,0.34978699684143066,0.3780798017978668,0.27213314175605774
NVIDIA Corporation,2024-02-05,2024-02-12,5,up,down,0.6770204305648804,0.23872244358062744,0.08425715565681458
NVIDIA Corporation,2024-02-06,2024-02-13,5,up,down,0.5846543908119202,0.29909083247184753,0.11625483632087708
NVIDIA Corporation,2024-02-07,2024-02-14,5,up,down,0.6491889953613281,0.27985796332359314,0.07095299661159515
NVIDIA Corporation,2024-02-08,2024-02-15,5,up,down,0.6236089468002319,0.29226168990135193,0.08412940055131912
NVIDIA Corporation,2024-02-09,2024-02-16,5,up,down,0.628861665725708,0.25530457496643066,0.11583377420902252
NVIDIA Corporation,2024-02-12,2024-02-20,5,down,down,0.5223125219345093,0.33045682311058044,0.1472306251525879
NVIDIA Corporation,2024-02-13,2024-02-21,5,down,down,0.534533679485321,0.34713369607925415,0.11833266168832779
NVIDIA Corporation,2024-02-14,2024-02-22,5,up,down,0.5001536011695862,0.28867873549461365,0.21116766333580017
NVIDIA Corporation,2024-02-15,2024-02-23,5,up,down,0.5129411220550537,0.34447312355041504,0.14258572459220886
NVIDIA Corporation,2024-02-16,2024-02-26,5,up,down,0.6671043634414673,0.21617917716503143,0.11671644449234009
NVIDIA Corporation,2024-02-20,2024-02-27,5,up,down,0.7405537962913513,0.2311709225177765,0.02827531285583973
NVIDIA Corporation,2024-02-21,2024-02-28,5,up,flat,0.16719985008239746,0.6828327775001526,0.14996740221977234
NVIDIA Corporation,2024-02-22,2024-02-29,5,up,down,0.46933266520500183,0.3830644190311432,0.14760296046733856
NVIDIA Corporation,2024-02-23,2024-03-01,5,flat,flat,0.16264379024505615,0.5086588859558105,0.3286972939968109
NVIDIA Corporation,2024-02-26,2024-03-04,5,up,up,0.16416312754154205,0.389858216047287,0.4459786117076874
NVIDIA Corporation,2024-02-27,2024-03-05,5,up,up,0.3861154019832611,0.22492508590221405,0.38895946741104126
NVIDIA Corporation,2024-02-28,2024-03-06,5,up,down,0.37591904401779175,0.2859293520450592,0.3381515443325043
NVIDIA Corporation,2024-02-29,2024-03-07,5,up,down,0.4782208204269409,0.22528871893882751,0.29649052023887634
NVIDIA Corporation,2024-03-01,2024-03-08,5,up,down,0.49210894107818604,0.17257191240787506,0.3353191614151001
NVIDIA Corporation,2024-03-04,2024-03-11,5,flat,flat,0.18073180317878723,0.4590516984462738,0.36021655797958374
NVIDIA Corporation,2024-03-05,2024-03-12,5,up,flat,0.13489514589309692,0.4889778792858124,0.3761270344257355
NVIDIA Corporation,2024-03-06,2024-03-13,5,up,flat,0.28988590836524963,0.4719248116016388,0.23818930983543396
NVIDIA Corporation,2024-03-07,2024-03-14,5,down,flat,0.283393919467926,0.46691811084747314,0.2496880143880844
NVIDIA Corporation,2024-03-08,2024-03-15,5,down,down,0.43618327379226685,0.3695842921733856,0.19423246383666992
NVIDIA Corporation,2024-03-11,2024-03-18,5,up,down,0.5786615014076233,0.2502148151397705,0.171123668551445
NVIDIA Corporation,2024-03-12,2024-03-19,5,flat,up,0.3271883726119995,0.28194743394851685,0.39086419343948364
NVIDIA Corporation,2024-03-13,2024-03-20,5,flat,down,0.40436866879463196,0.37988969683647156,0.21574166417121887
NVIDIA Corporation,2024-03-14,2024-03-21,5,up,flat,0.25429636240005493,0.5153707265853882,0.23033291101455688
NVIDIA Corporation,2024-03-15,2024-03-22,5,up,flat,0.22938980162143707,0.6399192214012146,0.13069090247154236
NVIDIA Corporation,2024-03-18,2024-03-25,5,up,flat,0.36107757687568665,0.46059998869895935,0.1783224493265152
NVIDIA Corporation,2024-03-19,2024-03-26,5,up,flat,0.1941123902797699,0.7099243402481079,0.09596327692270279
NVIDIA Corporation,2024-03-20,2024-03-27,5,flat,flat,0.3940039277076721,0.5277286171913147,0.07826744765043259
NVIDIA Corporation,2024-03-21,2024-03-28,5,flat,flat,0.35947084426879883,0.5130448937416077,0.1274842470884323
NVIDIA Corporation,2024-03-22,2024-04-01,5,down,flat,0.19243374466896057,0.5129714012145996,0.29459482431411743
NVIDIA Corporation,2024-03-25,2024-04-02,5,down,flat,0.21531648933887482,0.5637885928153992,0.22089487314224243
NVIDIA Corporation,2024-03-26,2024-04-03,5,down,flat,0.2872019410133362,0.4301151931285858,0.282682865858078
NVIDIA Corporation,2024-03-27,2024-04-04,5,down,flat,0.25304627418518066,0.6323955655097961,0.1145581528544426
NVIDIA Corporation,2024-03-28,2024-04-05,5,down,flat,0.10982689261436462,0.8264942765235901,0.06367885321378708
NVIDIA Corporation,2024-04-01,2024-04-08,5,down,flat,0.22653940320014954,0.6251429319381714,0.1483176350593567
NVIDIA Corporation,2024-04-02,2024-04-09,5,down,flat,0.22909000515937805,0.6359279751777649,0.13498203456401825
NVIDIA Corporation,2024-04-03,2024-04-10,5,down,flat,0.1335151642560959,0.794967532157898,0.07151726633310318
NVIDIA Corporation,2024-04-04,2024-04-11,5,flat,flat,0.06927148997783661,0.8893047571182251,0.04142371565103531
NVIDIA Corporation,2024-04-05,2024-04-12,5,flat,flat,0.08819524943828583,0.8782416582107544,0.03356308117508888
NVIDIA Corporation,2024-04-08,2024-04-15,5,flat,flat,0.1145767793059349,0.8414125442504883,0.0440107136964798
NVIDIA Corporation,2024-04-09,2024-04-16,5,flat,flat,0.1554221659898758,0.7839847207069397,0.06059316545724869
NVIDIA Corporation,2024-04-10,2024-04-17,5,flat,flat,0.1458279937505722,0.7594313621520996,0.09474071115255356
NVIDIA Corporation,2024-04-11,2024-04-18,5,down,down,0.47132647037506104,0.3853425979614258,0.14333097636699677
NVIDIA Corporation,2024-04-12,2024-04-19,5,down,flat,0.33602699637413025,0.5383520722389221,0.12562094628810883
NVIDIA Corporation,2024-04-15,2024-04-22,5,down,flat,0.15384194254875183,0.7611092925071716,0.08504876494407654
NVIDIA Corporation,2024-04-16,2024-04-23,5,down,flat,0.2032407522201538,0.7105849385261536,0.08617434650659561
NVIDIA Corporation,2024-04-17,2024-04-24,5,down,flat,0.196440190076828,0.7037678360939026,0.09979198127985
NVIDIA Corporation,2024-04-18,2024-04-25,5,down,flat,0.14050614833831787,0.5599992275238037,0.2994946241378784
NVIDIA Corporation,2024-04-19,2024-04-26,5,up,up,0.24700184166431427,0.28366872668266296,0.4693294167518616
NVIDIA Corporation,2024-04-22,2024-04-29,5,up,up,0.0899018719792366,0.15448413789272308,0.7556139826774597
NVIDIA Corporation,2024-04-23,2024-04-30,5,up,up,0.32762420177459717,0.28248584270477295,0.3898899257183075
NVIDIA Corporation,2024-04-24,2024-05-01,5,up,flat,0.08508036285638809,0.571062445640564,0.34385716915130615
NVIDIA Corporation,2024-04-25,2024-05-02,5,up,up,0.06462118774652481,0.2872360050678253,0.6481428146362305
NVIDIA Corporation,2024-04-26,2024-05-03,5,up,flat,0.017420509830117226,0.8081100583076477,0.17446941137313843
NVIDIA Corporation,2024-04-29,2024-05-06,5,up,flat,0.03940927982330322,0.7341307997703552,0.22645992040634155
NVIDIA Corporation,2024-04-30,2024-05-07,5,up,flat,0.18181638419628143,0.6235084533691406,0.19467519223690033
NVIDIA Corporation,2024-05-01,2024-05-08,5,up,flat,0.0599048025906086,0.7422864437103271,0.19780874252319336
NVIDIA Corporation,2024-05-02,2024-05-09,5,up,flat,0.24160178005695343,0.48240798711776733,0.27599024772644043
NVIDIA Corporation,2024-05-03,2024-05-10,5,flat,down,0.5279601216316223,0.18397969007492065,0.2880602180957794
NVIDIA Corporation,2024-05-06,2024-05-13,5,flat,down,0.44417309761047363,0.26834166049957275,0.2874852120876312
NVIDIA Corporation,2024-05-07,2024-05-14,5,flat,down,0.5103310346603394,0.32379814982414246,0.1658708155155182
NVIDIA Corporation,2024-05-08,2024-05-15,5,up,flat,0.24069863557815552,0.5165078043937683,0.24279356002807617
NVIDIA Corporation,2024-05-09,2024-05-16,5,up,flat,0.2042522430419922,0.5289047956466675,0.26684296131134033
NVIDIA Corporation,2024-05-10,2024-05-17,5,up,flat,0.33991941809654236,0.4963061213493347,0.16377444565296173
NVIDIA Corporation,2024-05-13,2024-05-20,5,up,flat,0.2456350326538086,0.6319630742073059,0.12240184098482132
NVIDIA Corporation,2024-05-14,2024-05-21,5,up,flat,0.31715676188468933,0.5651060938835144,0.11773716658353806
NVIDIA Corporation,2024-05-15,2024-05-22,5,flat,down,0.5356957912445068,0.24987296760082245,0.2144312560558319
NVIDIA Corporation,2024-05-16,2024-05-23,5,up,up,0.2210792750120163,0.3658043146133423,0.4131164252758026
NVIDIA Corporation,2024-05-17,2024-05-24,5,up,flat,0.33067265152931213,0.5034003257751465,0.1659270077943802
NVIDIA Corporation,2024-05-20,2024-05-28,5,down,up,0.3291521370410919,0.28213343024253845,0.38871443271636963
NVIDIA Corporation,2024-05-21,2024-05-29,5,down,flat,0.2171977311372757,0.4541190564632416,0.3286832273006439
NVIDIA Corporation,2024-05-22,2024-05-30,5,down,down,0.4796048402786255,0.318734347820282,0.20166078209877014
NVIDIA Corporation,2024-05-23,2024-05-31,5,down,flat,0.21452414989471436,0.4782421886920929,0.30723363161087036
NVIDIA Corporation,2024-05-24,2024-06-03,5,down,down,0.5910488963127136,0.12621551752090454,0.2827356159687042
NVIDIA Corporation,2024-05-28,2024-06-04,5,flat,flat,0.06959129124879837,0.4745299220085144,0.45587876439094543
NVIDIA Corporation,2024-05-29,2024-06-05,5,flat,up,0.022354718297719955,0.049800362437963486,0.9278449416160583
NVIDIA Corporation,2024-05-30,2024-06-06,5,flat,up,0.02952307090163231,0.08464409410953522,0.8858329057693481
NVIDIA Corporation,2024-05-31,2024-06-07,5,flat,up,0.03968365117907524,0.09160948544740677,0.8687068819999695
NVIDIA Corporation,2024-06-03,2024-06-10,5,flat,up,0.03983662649989128,0.13873593509197235,0.8214274048805237
NVIDIA Corporation,2024-06-04,2024-06-11,5,flat,up,0.09230561554431915,0.20801620185375214,0.6996782422065735
NVIDIA Corporation,2024-06-05,2024-06-12,5,flat,up,0.08472782373428345,0.35583606362342834,0.5594360828399658
NVIDIA Corporation,2024-06-06,2024-06-13,5,flat,flat,0.09075233340263367,0.5046969056129456,0.4045507609844208
NVIDIA Corporation,2024-06-07,2024-06-14,5,flat,flat,0.1859213262796402,0.48172247409820557,0.3323562443256378
NVIDIA Corporation,2024-06-12,2024-06-18,5,flat,up,0.08560942858457565,0.33447206020355225,0.5799185037612915
NVIDIA Corporation,2024-06-14,2024-06-20,5,flat,flat,0.10908269882202148,0.5076728463172913,0.38324445486068726
"Tesla, Inc.",2021-09-01,2021-09-09,5,up,up,0.44147995114326477,0.05397960916161537,0.5045404434204102
"Tesla, Inc.",2021-09-02,2021-09-10,5,up,down,0.6882129311561584,0.06359072774648666,0.2481963336467743
"Tesla, Inc.",2021-09-03,2021-09-13,5,flat,down,0.6253744959831238,0.03663308173418045,0.337992399930954
"Tesla, Inc.",2021-09-07,2021-09-14,5,flat,down,0.6521509289741516,0.046612001955509186,0.301237016916275
"Tesla, Inc.",2021-09-08,2021-09-15,5,flat,down,0.8879089951515198,0.06849819421768188,0.04359286278486252
"Tesla, Inc.",2021-09-09,2021-09-16,5,flat,down,0.8091405630111694,0.12213853746652603,0.06872088462114334
"Tesla, Inc.",2021-09-10,2021-09-17,5,up,down,0.879748523235321,0.07088436931371689,0.049367114901542664
"Tesla, Inc.",2021-09-13,2021-09-20,5,flat,down,0.8926794528961182,0.053909312933683395,0.053411249071359634
"Tesla, Inc.",2021-09-14,2021-09-21,5,flat,down,0.9784155488014221,0.0029000192880630493,0.01868440769612789
"Tesla, Inc.",2021-09-15,2021-09-22,5,flat,down,0.9883202314376831,0.0037898269947618246,0.007889971137046814
"Tesla, Inc.",2021-09-16,2021-09-23,5,flat,down,0.9809595346450806,0.0037125551607459784,0.015327866189181805
"Tesla, Inc.",2021-09-17,2021-09-24,5,flat,down,0.9798577427864075,0.002883508335798979,0.01725873164832592
"Tesla, Inc.",2021-09-20,2021-09-27,5,up,down,0.8981931209564209,0.0218120776116848,0.07999478280544281
"Tesla, Inc.",2021-09-21,2021-09-28,5,up,down,0.8652213215827942,0.02354520745575428,0.11123348027467728
"Tesla, Inc.",2021-09-22,2021-09-29,5,up,down,0.9192320108413696,0.005322943441569805,0.07544508576393127
"Tesla, Inc.",2021-09-23,2021-09-30,5,up,down,0.9157335162162781,0.008834222331643105,0.07543221861124039
"Tesla, Inc.",2021-09-24,2021-10-01,5,up,down,0.9061632752418518,0.009274271316826344,0.08456245064735413
"Tesla, Inc.",2021-09-27,2021-10-04,5,flat,down,0.8076399564743042,0.025395218282938004,0.1669648438692093
"Tesla, Inc.",2021-09-28,2021-10-05,5,flat,down,0.9225528836250305,0.02389959618449211,0.05354757979512215
"Tesla, Inc.",2021-09-29,2021-10-06,5,flat,down,0.9769856929779053,0.014258973300457,0.00875537097454071
"Tesla, Inc.",2021-09-30,2021-10-07,5,up,down,0.9682106375694275,0.00865865033119917,0.023130711168050766
"Tesla, Inc.",2021-10-01,2021-10-08,5,up,down,0.9758461713790894,0.0031102453358471394,0.021043524146080017
"Tesla, Inc.",2021-10-04,2021-10-11,5,flat,down,0.9637881517410278,0.006212686654180288,0.029999079182744026
"Tesla, Inc.",2021-10-05,2021-10-12,5,up,down,0.9824601411819458,0.004040337633341551,0.013499503023922443
"Tesla, Inc.",2021-10-06,2021-10-13,5,up,down,0.986514151096344,0.0033575017005205154,0.010128291323781013
"Tesla, Inc.",2021-10-07,2021-10-14,5,up,down,0.977220356464386,0.0034885674249380827,0.019291086122393608
"Tesla, Inc.",2021-10-08,2021-10-15,5,up,down,0.970775842666626,0.0068230112083256245,0.02240116335451603
"Tesla, Inc.",2021-10-11,2021-10-18,5,up,down,0.9908340573310852,0.00196614908054471,0.0071998718194663525
"Tesla, Inc.",2021-10-12,2021-10-19,5,up,down,0.9827120304107666,0.004378840327262878,0.012909069657325745
"Tesla, Inc.",2021-10-13,2021-10-20,5,up,down,0.9760573506355286,0.010414589196443558,0.01352804247289896
"Tesla, Inc.",2021-10-14,2021-10-21,5,up,down,0.9725865721702576,0.009261754341423512,0.01815168187022209
"Tesla, Inc.",2021-10-15,2021-10-22,5,up,down,0.9502395391464233,0.014710082672536373,0.035050418227910995
"Tesla, Inc.",2021-10-18,2021-10-25,5,up,down,0.8650320172309875,0.04673480987548828,0.08823318779468536
"Tesla, Inc.",2021-10-19,2021-10-26,5,up,down,0.9158865809440613,0.02979600429534912,0.054317399859428406
"Tesla, Inc.",2021-10-20,2021-10-27,5,up,down,0.8704769611358643,0.053613658994436264,0.07590937614440918
"Tesla, Inc.",2021-10-21,2021-10-28,5,up,down,0.9567812085151672,0.013054663315415382,0.030164072290062904
"Tesla, Inc.",2021-10-22,2021-10-29,5,up,down,0.7908391356468201,0.04903807491064072,0.16012278199195862
"Tesla, Inc.",2021-10-25,2021-11-01,5,up,down,0.7769347429275513,0.2019868940114975,0.02107832208275795
"Tesla, Inc.",2021-10-26,2021-11-02,5,up,down,0.7799039483070374,0.19248048961162567,0.027615537866950035
"Tesla, Inc.",2021-10-27,2021-11-03,5,up,down,0.8943009376525879,0.0742100402712822,0.03148902952671051
"Tesla, Inc.",2021-10-28,2021-11-04,5,up,down,0.891215980052948,0.07576760649681091,0.03301635757088661
"Tesla, Inc.",2021-10-29,2021-11-05,5,up,down,0.8539870381355286,0.11591017246246338,0.03010278008878231
"Tesla, Inc.",2021-11-01,2021-11-08,5,flat,down,0.8124207258224487,0.15187211334705353,0.03570710867643356
"Tesla, Inc.",2021-11-02,2021-11-09,5,down,down,0.8131638169288635,0.14367534220218658,0.04316077008843422
"Tesla, Inc.",2021-11-03,2021-11-10,5,down,down,0.8204013705253601,0.1513310819864273,0.028267543762922287
"Tesla, Inc.",2021-11-04,2021-11-11,5,down,down,0.7858995795249939,0.17153427004814148,0.04256611317396164
"Tesla, Inc.",2021-11-05,2021-11-12,5,down,down,0.5935686826705933,0.366852730512619,0.03957854583859444
"Tesla, Inc.",2021-11-08,2021-11-15,5,down,down,0.40060344338417053,0.30454516410827637,0.2948513925075531
"Tesla, Inc.",2021-11-09,2021-11-16,5,down,up,0.10574899613857269,0.153159961104393,0.7410910129547119
"Tesla, Inc.",2021-11-10,2021-11-17,5,up,up,0.012442839331924915,0.04629040136933327,0.9412667751312256
"Tesla, Inc.",2021-11-11,2021-11-18,5,flat,up,0.13576878607273102,0.07155348360538483,0.7926777601242065
"Tesla, Inc.",2021-11-12,2021-11-19,5,up,up,0.18642227351665497,0.030194750055670738,0.7833829522132874
"Tesla, Inc.",2021-11-15,2021-11-22,5,up,up,0.42754438519477844,0.07773711532354355,0.4947184920310974
"Tesla, Inc.",2021-11-16,2021-11-23,5,up,down,0.5334001779556274,0.2317177802324295,0.23488202691078186
"Tesla, Inc.",2021-11-17,2021-11-24,5,flat,flat,0.4079746901988983,0.5463110208511353,0.04571432247757912
"Tesla, Inc.",2021-11-18,2021-11-26,5,flat,down,0.7178736329078674,0.233515202999115,0.04861122742295265
"Tesla, Inc.",2021-11-19,2021-11-29,5,flat,down,0.6223669052124023,0.3426189720630646,0.0350140817463398
"Tesla, Inc.",2021-11-22,2021-11-30,5,flat,down,0.4912145137786865,0.43505018949508667,0.07373522222042084
"Tesla, Inc.",2021-11-23,2021-12-01,5,flat,down,0.6018732786178589,0.3496215045452118,0.048505205661058426
"Tesla, Inc.",2021-11-24,2021-12-02,5,flat,down,0.6396503448486328,0.2025475949048996,0.15780207514762878
"Tesla, Inc.",2021-11-26,2021-12-03,5,down,up,0.4586915671825409,0.07421334832906723,0.46709510684013367
"Tesla, Inc.",2021-11-29,2021-12-06,5,down,down,0.901893675327301,0.04313775151968002,0.054968588054180145
"Tesla, Inc.",2021-11-30,2021-12-07,5,down,down,0.622169017791748,0.3197961151599884,0.058034881949424744
"Tesla, Inc.",2021-12-01,2021-12-08,5,down,down,0.7425939440727234,0.22038204967975616,0.03702395409345627
"Tesla, Inc.",2021-12-02,2021-12-09,5,down,down,0.8678317070007324,0.07099934667348862,0.06116890907287598
"Tesla, Inc.",2021-12-03,2021-12-10,5,down,up,0.4496682286262512,0.08523167669773102,0.4651000499725342
"Tesla, Inc.",2021-12-06,2021-12-13,5,flat,up,0.3101946711540222,0.03041531890630722,0.6593900322914124
"Tesla, Inc.",2021-12-07,2021-12-14,5,down,down,0.8399399518966675,0.05661784112453461,0.10344219952821732
"Tesla, Inc.",2021-12-08,2021-12-15,5,down,down,0.8764619827270508,0.08549895137548447,0.03803906962275505
"Tesla, Inc.",2021-12-09,2021-12-16,5,down,down,0.6518982648849487,0.30630603432655334,0.041795697063207626
"Tesla, Inc.",2021-12-10,2021-12-17,5,down,down,0.8937052488327026,0.0477125309407711,0.058582205325365067
"Tesla, Inc.",2021-12-13,2021-12-20,5,down,down,0.8631332516670227,0.012838625349104404,0.12402816861867905
"Tesla, Inc.",2021-12-14,2021-12-21,5,down,down,0.7506146430969238,0.011478385888040066,0.23790694773197174
"Tesla, Inc.",2021-12-15,2021-12-22,5,flat,down,0.9309488534927368,0.015421561896800995,0.053629569709300995
"Tesla, Inc.",2021-12-16,2021-12-23,5,up,down,0.937225341796875,0.037465956062078476,0.0253087617456913
"Tesla, Inc.",2021-12-17,2021-12-27,5,up,down,0.9321691393852234,0.03141912445425987,0.03641170635819435
"Tesla, Inc.",2021-12-20,2021-12-28,5,up,down,0.8976602554321289,0.0384315550327301,0.06390823423862457
"Tesla, Inc.",2021-12-21,2021-12-29,5,up,down,0.9524842500686646,0.012916825711727142,0.0345989465713501
"Tesla, Inc.",2021-12-22,2021-12-30,5,up,down,0.6722837090492249,0.2856638729572296,0.04205242916941643
"Tesla, Inc.",2021-12-23,2021-12-31,5,up,down,0.4941471815109253,0.4851267635822296,0.020726030692458153
"Tesla, Inc.",2021-12-27,2022-01-03,5,up,down,0.6224023699760437,0.3378186523914337,0.039778951555490494
"Tesla, Inc.",2021-12-28,2022-01-04,5,up,down,0.6661177277565002,0.2998201251029968,0.03406210616230965
"Tesla, Inc.",2021-12-29,2022-01-05,5,up,down,0.7199857234954834,0.2572106719017029,0.02280355803668499
"Tesla, Inc.",2021-12-30,2022-01-06,5,flat,down,0.767430305480957,0.20791900157928467,0.024650733917951584
"Tesla, Inc.",2021-12-31,2022-01-07,5,flat,down,0.7580674290657043,0.2096162885427475,0.03231631964445114
"Tesla, Inc.",2022-01-03,2022-01-10,5,down,flat,0.4407152235507965,0.5422729849815369,0.01701178029179573
"Tesla, Inc.",2022-01-04,2022-01-11,5,down,down,0.6682083010673523,0.3040224015712738,0.027769261971116066
"Tesla, Inc.",2022-01-05,2022-01-12,5,flat,down,0.6622414588928223,0.3008599281311035,0.03689861670136452
"Tesla, Inc.",2022-01-06,2022-01-13,5,flat,up,0.3786790072917938,0.0683174654841423,0.5530035495758057
"Tesla, Inc.",2022-01-07,2022-01-14,5,flat,down,0.6260934472084045,0.058549005538225174,0.315357506275177
"Tesla, Inc.",2022-01-10,2022-01-18,5,flat,up,0.3004123270511627,0.03461387753486633,0.664973795413971
"Tesla, Inc.",2022-01-11,2022-01-19,5,down,down,0.7698022127151489,0.1482132226228714,0.08198453485965729
"Tesla, Inc.",2022-01-12,2022-01-20,5,down,down,0.5220209360122681,0.46145519614219666,0.016523834317922592
"Tesla, Inc.",2022-01-13,2022-01-21,5,down,down,0.6146637797355652,0.3558772802352905,0.029458917677402496
"Tesla, Inc.",2022-01-14,2022-01-24,5,down,down,0.7906814813613892,0.1334046721458435,0.07591379433870316
"Tesla, Inc.",2022-01-18,2022-01-25,5,down,down,0.7600896954536438,0.03469862788915634,0.20521171391010284
"Tesla, Inc.",2022-01-19,2022-01-26,5,down,down,0.9271043539047241,0.01890701986849308,0.05398865044116974
"Tesla, Inc.",2022-01-20,2022-01-27,5,down,down,0.9663602709770203,0.013449814170598984,0.02018994465470314
"Tesla, Inc.",2022-01-21,2022-01-28,5,down,down,0.8023346066474915,0.01220434345304966,0.18546107411384583
"Tesla, Inc.",2022-01-24,2022-01-31,5,flat,up,0.2631610035896301,0.09450604021549225,0.6423329710960388
"Tesla, Inc.",2022-01-25,2022-02-01,5,flat,down,0.7717227935791016,0.020723821595311165,0.2075534462928772
"Tesla, Inc.",2022-01-26,2022-02-02,5,down,down,0.9287678599357605,0.0330837219953537,0.03814839944243431
"Tesla, Inc.",2022-01-27,2022-02-03,5,flat,down,0.6440566778182983,0.08959201723337173,0.2663513422012329
"Tesla, Inc.",2022-01-28,2022-02-04,5,up,up,0.20476941764354706,0.045462850481271744,0.7497677206993103
"Tesla, Inc.",2022-01-31,2022-02-07,5,flat,down,0.8600075244903564,0.055310651659965515,0.08468178659677505
"Tesla, Inc.",2022-02-01,2022-02-08,5,flat,down,0.7356125712394714,0.23282010853290558,0.03156735375523567
"Tesla, Inc.",2022-02-02,2022-02-09,5,flat,down,0.7991669774055481,0.18253958225250244,0.01829342357814312
"Tesla, Inc.",2022-02-03,2022-02-10,5,flat,down,0.9215230941772461,0.04571673646569252,0.03276021033525467
"Tesla, Inc.",2022-02-04,2022-02-11,5,flat,down,0.8678003549575806,0.12001680582761765,0.012182842940092087
"Tesla, Inc.",2022-02-07,2022-02-14,5,down,down,0.8568909168243408,0.115194171667099,0.02791494131088257
"Tesla, Inc.",2022-02-08,2022-02-15,5,flat,down,0.9083173871040344,0.06896709650754929,0.022715546190738678
"Tesla, Inc.",2022-02-09,2022-02-16,5,flat,down,0.8136283159255981,0.17022164165973663,0.016150059178471565
"Tesla, Inc.",2022-02-10,2022-02-17,5,flat,down,0.8522352576255798,0.12612713873386383,0.02163761854171753
"Tesla, Inc.",2022-02-11,2022-02-18,5,flat,down,0.8102527260780334,0.11288397759199142,0.07686326652765274
"Tesla, Inc.",2022-02-14,2022-02-22,5,down,down,0.733192503452301,0.07488404214382172,0.19192348420619965
"Tesla, Inc.",2022-02-15,2022-02-23,5,down,down,0.9203616976737976,0.06543941795825958,0.014198919758200645
"Tesla, Inc.",2022-02-16,2022-02-24,5,down,down,0.7697862386703491,0.2213744819164276,0.008839229121804237
"Tesla, Inc.",2022-02-17,2022-02-25,5,down,down,0.7984050512313843,0.19322939217090607,0.00836553331464529
"Tesla, Inc.",2022-02-18,2022-02-28,5,down,down,0.819782018661499,0.10931140929460526,0.07090657949447632
"Tesla, Inc.",2022-02-22,2022-03-01,5,up,up,0.3454490005970001,0.161704421043396,0.4928465485572815
"Tesla, Inc.",2022-02-23,2022-03-02,5,up,up,0.3425932824611664,0.09991395473480225,0.557492733001709
"Tesla, Inc.",2022-02-24,2022-03-03,5,up,up,0.02564932219684124,0.026273677125573158,0.9480770230293274
"Tesla, Inc.",2022-02-25,2022-03-04,5,up,down,0.7284272313117981,0.03717755526304245,0.23439523577690125
"Tesla, Inc.",2022-02-28,2022-03-07,5,flat,down,0.7289037704467773,0.252175509929657,0.018920745700597763
"Tesla, Inc.",2022-03-01,2022-03-08,5,down,down,0.6104997396469116,0.3791031241416931,0.01039711944758892
"Tesla, Inc.",2022-03-02,2022-03-09,5,flat,down,0.9024149179458618,0.09094520658254623,0.006639891769737005
"Tesla, Inc.",2022-03-03,2022-03-10,5,flat,down,0.8969002962112427,0.09519067406654358,0.007909038104116917
"Tesla, Inc.",2022-03-04,2022-03-11,5,flat,down,0.9013118743896484,0.08573772758245468,0.012950372882187366
"Tesla, Inc.",2022-03-07,2022-03-14,5,down,down,0.9285019040107727,0.04999838396906853,0.02149973064661026
"Tesla, Inc.",2022-03-08,2022-03-15,5,down,down,0.6252410411834717,0.15098361670970917,0.22377534210681915
"Tesla, Inc.",2022-03-09,2022-03-16,5,flat,down,0.9196978211402893,0.06862946599721909,0.011672668159008026
"Tesla, Inc.",2022-03-10,2022-03-17,5,flat,down,0.9689491987228394,0.026088129729032516,0.004962623585015535
"Tesla, Inc.",2022-03-11,2022-03-18,5,up,down,0.926884114742279,0.06198635324835777,0.01112955342978239
"Tesla, Inc.",2022-03-14,2022-03-21,5,up,down,0.4849444031715393,0.11205929517745972,0.402996301651001
"Tesla, Inc.",2022-03-15,2022-03-22,5,up,down,0.7733187675476074,0.037825267761945724,0.18885594606399536
"Tesla, Inc.",2022-03-16,2022-03-23,5,up,down,0.9512687921524048,0.040687017142772675,0.008044208399951458
"Tesla, Inc.",2022-03-17,2022-03-24,5,up,down,0.6905422210693359,0.2975955903530121,0.011862233281135559
"Tesla, Inc.",2022-03-18,2022-03-25,5,up,flat,0.45300161838531494,0.5319075584411621,0.015090825967490673
"Tesla, Inc.",2022-03-21,2022-03-28,5,up,flat,0.4539260268211365,0.5230505466461182,0.02302340604364872
"Tesla, Inc.",2022-03-22,2022-03-29,5,up,flat,0.349977046251297,0.6255637407302856,0.024459227919578552
"Tesla, Inc.",2022-03-23,2022-03-30,5,up,flat,0.33288663625717163,0.6491827964782715,0.01793060451745987
"Tesla, Inc.",2022-03-24,2022-03-31,5,up,flat,0.39627039432525635,0.5861130952835083,0.017616549506783485
"Tesla, Inc.",2022-03-25,2022-04-01,5,up,down,0.5313228964805603,0.40775951743125916,0.060917627066373825
"Tesla, Inc.",2022-03-28,2022-04-04,5,up,flat,0.42712855339050293,0.5000495314598083,0.07282193750143051
"Tesla, Inc.",2022-03-29,2022-04-05,5,flat,flat,0.17719879746437073,0.75525963306427,0.06754161417484283
"Tesla, Inc.",2022-03-30,2022-04-06,5,down,flat,0.14034685492515564,0.7962102293968201,0.06344296038150787
"Tesla, Inc.",2022-03-31,2022-04-07,5,down,flat,0.17087191343307495,0.740068793296814,0.08905930072069168
"Tesla, Inc.",2022-04-01,2022-04-08,5,down,flat,0.21865855157375336,0.5536273717880249,0.22771409153938293
"Tesla, Inc.",2022-04-04,2022-04-11,5,down,down,0.4989434778690338,0.4171755313873291,0.08388099819421768
"Tesla, Inc.",2022-04-05,2022-04-12,5,down,flat,0.4735102355480194,0.4768787920475006,0.049610916525125504
"Tesla, Inc.",2022-04-06,2022-04-13,5,down,flat,0.21378931403160095,0.5683068633079529,0.21790388226509094
"Tesla, Inc.",2022-04-07,2022-04-14,5,down,up,0.14732663333415985,0.13400886952877045,0.7186645269393921
"Tesla, Inc.",2022-04-08,2022-04-18,5,down,up,0.14985151588916779,0.23438987135887146,0.6157586574554443
"Tesla, Inc.",2022-04-11,2022-04-19,5,up,up,0.1366063803434372,0.025351030752062798,0.8380426168441772
"Tesla, Inc.",2022-04-12,2022-04-20,5,flat,down,0.5421192646026611,0.04520634561777115,0.4126743674278259
"Tesla, Inc.",2022-04-13,2022-04-21,5,up,down,0.7406418919563293,0.16365766525268555,0.09570043534040451
"Tesla, Inc.",2022-04-14,2022-04-22,5,flat,down,0.8547497391700745,0.11679719388484955,0.028453093022108078
"Tesla, Inc.",2022-04-18,2022-04-25,5,flat,down,0.9258212447166443,0.056906431913375854,0.017272328957915306
"Tesla, Inc.",2022-04-19,2022-04-26,5,down,down,0.9344441294670105,0.051616325974464417,0.013939504511654377
"Tesla, Inc.",2022-04-20,2022-04-27,5,down,down,0.9629626274108887,0.02858622558414936,0.008451198227703571
"Tesla, Inc.",2022-04-21,2022-04-28,5,down,down,0.8661414980888367,0.11810655146837234,0.01575198397040367
"Tesla, Inc.",2022-04-22,2022-04-29,5,down,down,0.9548050761222839,0.03396620601415634,0.011228732764720917
"Tesla, Inc.",2022-04-25,2022-05-02,5,down,down,0.9450963139533997,0.033789679408073425,0.02111399918794632
"Tesla, Inc.",2022-04-26,2022-05-03,5,down,down,0.8929440975189209,0.015416407957673073,0.09163947403430939
"Tesla, Inc.",2022-04-27,2022-05-04,5,up,down,0.8748213648796082,0.015089049004018307,0.11008956283330917
"Tesla, Inc.",2022-04-28,2022-05-05,5,up,down,0.9080634117126465,0.013553337194025517,0.07838330417871475
"Tesla, Inc.",2022-04-29,2022-05-06,5,flat,down,0.9673335552215576,0.013478506356477737,0.019187984988093376
"Tesla, Inc.",2022-05-02,2022-05-09,5,down,down,0.9717056155204773,0.011819854378700256,0.016474595293402672
"Tesla, Inc.",2022-05-03,2022-05-10,5,down,down,0.8258300423622131,0.16585388779640198,0.008316056802868843
"Tesla, Inc.",2022-05-04,2022-05-11,5,down,down,0.8860694169998169,0.10540153831243515,0.008529039099812508
"Tesla, Inc.",2022-05-05,2022-05-12,5,down,down,0.9647752642631531,0.030993668362498283,0.004231105092912912
"Tesla, Inc.",2022-05-06,2022-05-13,5,down,down,0.9562298059463501,0.02253171056509018,0.021238481625914574
"Tesla, Inc.",2022-05-09,2022-05-16,5,down,down,0.4701369106769562,0.08393263816833496,0.44593048095703125
"Tesla, Inc.",2022-05-10,2022-05-17,5,down,down,0.5890766978263855,0.0368441604077816,0.374079167842865
"Tesla, Inc.",2022-05-11,2022-05-18,5,down,up,0.12136523425579071,0.03593558818101883,0.8426992297172546
"Tesla, Inc.",2022-05-12,2022-05-19,5,flat,up,0.0783737450838089,0.030054545029997826,0.8915717005729675
"Tesla, Inc.",2022-05-13,2022-05-20,5,down,down,0.7641336917877197,0.04583940654993057,0.19002683460712433
"Tesla, Inc.",2022-05-16,2022-05-23,5,down,down,0.858536422252655,0.051132116466760635,0.09033151715993881
"Tesla, Inc.",2022-05-17,2022-05-24,5,down,down,0.7109284400939941,0.23324191570281982,0.05582967773079872
"Tesla, Inc.",2022-05-18,2022-05-25,5,down,down,0.7158541083335876,0.08290129899978638,0.20124459266662598
"Tesla, Inc.",2022-05-19,2022-05-26,5,flat,down,0.8039079308509827,0.04358157515525818,0.15251049399375916
"Tesla, Inc.",2022-05-20,2022-05-27,5,up,up,0.23899221420288086,0.05310199782252312,0.7079058289527893
"Tesla, Inc.",2022-05-23,2022-05-31,5,up,up,0.2170201987028122,0.0857975110411644,0.6971823573112488
"Tesla, Inc.",2022-05-24,2022-06-01,5,up,up,0.10987316817045212,0.05223894864320755,0.8378878235816956
"Tesla, Inc.",2022-05-25,2022-06-02,5,up,up,0.18693816661834717,0.04103860631585121,0.7720232009887695
"Tesla, Inc.",2022-05-26,2022-06-03,5,up,flat,0.3711692690849304,0.4999428391456604,0.12888787686824799
"Tesla, Inc.",2022-05-27,2022-06-06,5,flat,flat,0.3397510051727295,0.6517032980918884,0.00854571908712387
"Tesla, Inc.",2022-05-31,2022-06-07,5,down,flat,0.26922208070755005,0.72081458568573,0.009963352233171463
"Tesla, Inc.",2022-06-01,2022-06-08,5,flat,flat,0.24514560401439667,0.7381489872932434,0.016705354675650597
"Tesla, Inc.",2022-06-02,2022-06-09,5,flat,flat,0.1584092676639557,0.8213620185852051,0.020228678360581398
"Tesla, Inc.",2022-06-03,2022-06-10,5,flat,flat,0.133994922041893,0.7528982758522034,0.11310684680938721
"Tesla, Inc.",2022-06-06,2022-06-13,5,down,down,0.5185409188270569,0.41153496503829956,0.06992406398057938
"Tesla, Inc.",2022-06-07,2022-06-14,5,down,down,0.6444693803787231,0.15617628395557404,0.199354350566864
"Tesla, Inc.",2022-06-08,2022-06-15,5,down,down,0.7909800410270691,0.19371692836284637,0.01530308835208416
"Tesla, Inc.",2022-06-09,2022-06-16,5,down,down,0.7680166959762573,0.22282545268535614,0.00915781781077385
"Tesla, Inc.",2022-06-10,2022-06-17,5,down,down,0.7381564974784851,0.17973263561725616,0.08211091160774231
"Tesla, Inc.",2022-06-13,2022-06-21,5,up,up,0.4168838858604431,0.06714668869972229,0.515969455242157
"Tesla, Inc.",2022-06-14,2022-06-22,5,up,down,0.6475651860237122,0.035641543567180634,0.316793292760849
"Tesla, Inc.",2022-06-15,2022-06-23,5,up,down,0.634541392326355,0.2807970643043518,0.08466154336929321
"Tesla, Inc.",2022-06-16,2022-06-24,5,up,down,0.4571841061115265,0.24245131015777588,0.30036455392837524
"Tesla, Inc.",2022-06-17,2022-06-27,5,up,down,0.8774331212043762,0.02945486269891262,0.09311205893754959
"Tesla, Inc.",2022-06-21,2022-06-28,5,flat,flat,0.46131178736686707,0.5175222158432007,0.021166004240512848
"Tesla, Inc.",2022-06-22,2022-06-29,5,down,flat,0.09155584126710892,0.8919592499732971,0.01648494228720665
"Tesla, Inc.",2022-06-23,2022-06-30,5,down,flat,0.2490253746509552,0.6989294290542603,0.05204524099826813
"Tesla, Inc.",2022-06-24,2022-07-01,5,down,flat,0.1633317470550537,0.7806901931762695,0.05597809702157974
"Tesla, Inc.",2022-06-27,2022-07-05,5,down,flat,0.1719965785741806,0.7093656659126282,0.11863773316144943
"Tesla, Inc.",2022-06-28,2022-07-06,5,down,flat,0.17803624272346497,0.6269941926002502,0.19496960937976837
"Tesla, Inc.",2022-06-29,2022-07-07,5,up,flat,0.24705496430397034,0.4089915454387665,0.3439534604549408
"Tesla, Inc.",2022-06-30,2022-07-08,5,up,down,0.6818812489509583,0.1539432555437088,0.16417548060417175
"Tesla, Inc.",2022-07-01,2022-07-11,5,up,down,0.5846688747406006,0.3078785240650177,0.1074526384472847
"Tesla, Inc.",2022-07-05,2022-07-12,5,up,down,0.8144426941871643,0.0840795636177063,0.1014777272939682
"Tesla, Inc.",2022-07-06,2022-07-13,5,flat,down,0.5921689867973328,0.3686084747314453,0.039222560822963715
"Tesla, Inc.",2022-07-07,2022-07-14,5,flat,down,0.48700955510139465,0.4115689992904663,0.10142148286104202
"Tesla, Inc.",2022-07-08,2022-07-15,5,down,flat,0.36222270131111145,0.4869751036167145,0.15080223977565765
"Tesla, Inc.",2022-07-11,2022-07-18,5,flat,flat,0.2556993067264557,0.5567654371261597,0.18753525614738464
"Tesla, Inc.",2022-07-12,2022-07-19,5,up,flat,0.0738130509853363,0.5725082159042358,0.35367876291275024
"Tesla, Inc.",2022-07-13,2022-07-20,5,up,up,0.13488110899925232,0.20245672762393951,0.662662148475647
"Tesla, Inc.",2022-07-14,2022-07-21,5,up,down,0.44852763414382935,0.316506028175354,0.23496629297733307
"Tesla, Inc.",2022-07-15,2022-07-22,5,up,down,0.5897157192230225,0.34208032488822937,0.06820396333932877
"Tesla, Inc.",2022-07-18,2022-07-25,5,up,down,0.7139996886253357,0.2083538919687271,0.07764645665884018
"Tesla, Inc.",2022-07-19,2022-07-26,5,up,down,0.8194132447242737,0.13560128211975098,0.04498545452952385
"Tesla, Inc.",2022-07-20,2022-07-27,5,up,down,0.9172446727752686,0.07224185764789581,0.010513474233448505
"Tesla, Inc.",2022-07-21,2022-07-28,5,up,down,0.7110228538513184,0.25110897421836853,0.037868183106184006
"Tesla, Inc.",2022-07-22,2022-07-29,5,up,flat,0.3354288935661316,0.5928841233253479,0.07168705761432648
"Tesla, Inc.",2022-07-25,2022-08-01,5,up,flat,0.39404335618019104,0.5521518588066101,0.05380479618906975
"Tesla, Inc.",2022-07-26,2022-08-02,5,up,flat,0.44287192821502686,0.5126522183418274,0.04447583854198456
"Tesla, Inc.",2022-07-27,2022-08-03,5,up,flat,0.41092216968536377,0.530852735042572,0.05822509899735451
"Tesla, Inc.",2022-07-28,2022-08-04,5,up,flat,0.41703686118125916,0.5609980225563049,0.02196510136127472
"Tesla, Inc.",2022-07-29,2022-08-05,5,up,down,0.6467490792274475,0.33546632528305054,0.01778455264866352
"Tesla, Inc.",2022-08-01,2022-08-08,5,down,down,0.5556274056434631,0.41148820519447327,0.03288441523909569
"Tesla, Inc.",2022-08-02,2022-08-09,5,down,down,0.70022052526474,0.2606351375579834,0.03914439305663109
"Tesla, Inc.",2022-08-03,2022-08-10,5,down,down,0.5944554805755615,0.3674861490726471,0.03805840387940407
"Tesla, Inc.",2022-08-04,2022-08-11,5,down,down,0.5634374022483826,0.39245492219924927,0.044107675552368164
"Tesla, Inc.",2022-08-05,2022-08-12,5,flat,flat,0.34225133061408997,0.3892997205257416,0.26844891905784607
"Tesla, Inc.",2022-08-08,2022-08-15,5,up,flat,0.3066995143890381,0.47142186760902405,0.22187860310077667
"Tesla, Inc.",2022-08-09,2022-08-16,5,up,up,0.23727865517139435,0.20957574248313904,0.5531455874443054
"Tesla, Inc.",2022-08-10,2022-08-17,5,up,down,0.7626470327377319,0.20762424170970917,0.02972874604165554
"Tesla, Inc.",2022-08-11,2022-08-18,5,up,down,0.8200764060020447,0.1486860066652298,0.031237658113241196
"Tesla, Inc.",2022-08-12,2022-08-19,5,flat,down,0.8507700562477112,0.13048473000526428,0.018745271489024162
"Tesla, Inc.",2022-08-15,2022-08-22,5,down,down,0.5001822113990784,0.46748268604278564,0.03233513981103897
"Tesla, Inc.",2022-08-16,2022-08-23,5,down,down,0.5676800608634949,0.39778223633766174,0.03453768044710159
"Tesla, Inc.",2022-08-17,2022-08-24,5,flat,down,0.7427812218666077,0.23485630750656128,0.02236250229179859
"Tesla, Inc.",2022-08-18,2022-08-25,5,flat,down,0.9480716586112976,0.034644968807697296,0.017283441498875618
"Tesla, Inc.",2022-08-19,2022-08-26,5,flat,down,0.9295052289962769,0.05020800232887268,0.02028682455420494
"Tesla, Inc.",2022-08-22,2022-08-29,5,flat,down,0.9265721440315247,0.04592977464199066,0.027498047798871994
"Tesla, Inc.",2022-08-23,2022-08-30,5,down,down,0.912073016166687,0.06626260280609131,0.021664375439286232
"Tesla, Inc.",2022-08-24,2022-08-31,5,down,down,0.9736536145210266,0.019822299480438232,0.0065240864641964436
"Tesla, Inc.",2022-08-25,2022-09-01,5,down,down,0.9691864252090454,0.025929167866706848,0.004884351510554552
"Tesla, Inc.",2022-08-26,2022-09-02,5,down,down,0.980222761631012,0.015362177044153214,0.004415035713464022
"Tesla, Inc.",2022-08-29,2022-09-06,5,down,down,0.9373689889907837,0.01623646914958954,0.046394556760787964
"Tesla, Inc.",2022-08-30,2022-09-07,5,flat,down,0.9435995221138,0.013301188126206398,0.04309931397438049
"Tesla, Inc.",2022-08-31,2022-09-08,5,up,down,0.9523569941520691,0.003681424306705594,0.04396158829331398
"Tesla, Inc.",2022-09-01,2022-09-09,5,up,down,0.9811933040618896,0.0030077341943979263,0.015798931941390038
"Tesla, Inc.",2022-09-02,2022-09-12,5,up,down,0.956293523311615,0.006617446895688772,0.037088993936777115
"Tesla, Inc.",2022-09-06,2022-09-13,5,up,down,0.9735186696052551,0.0032961752731353045,0.023185143247246742
"Tesla, Inc.",2022-09-07,2022-09-14,5,up,down,0.9709582328796387,0.007950235158205032,0.021091587841510773
"Tesla, Inc.",2022-09-08,2022-09-15,5,up,down,0.9601919054985046,0.020484106615185738,0.019324004650115967
"Tesla, Inc.",2022-09-09,2022-09-16,5,flat,down,0.9233072996139526,0.04799976199865341,0.028692925348877907
"Tesla, Inc.",2022-09-12,2022-09-19,5,flat,down,0.9474032521247864,0.035092901438474655,0.017503801733255386
"Tesla, Inc.",2022-09-13,2022-09-20,5,up,down,0.9123976826667786,0.07737316936254501,0.010229161940515041
"Tesla, Inc.",2022-09-14,2022-09-21,5,up,down,0.9574305415153503,0.03808886930346489,0.004480578470975161
"Tesla, Inc.",2022-09-15,2022-09-22,5,down,down,0.9483370184898376,0.045721154659986496,0.005941823590546846
"Tesla, Inc.",2022-09-16,2022-09-23,5,down,down,0.9723614454269409,0.02380623295903206,0.0038322689943015575
"Tesla, Inc.",2022-09-19,2022-09-26,5,down,down,0.9832820296287537,0.014360067434608936,0.0023579285480082035
"Tesla, Inc.",2022-09-20,2022-09-27,5,down,down,0.9854317307472229,0.01028464362025261,0.004283576738089323
"Tesla, Inc.",2022-09-21,2022-09-28,5,down,down,0.9782614707946777,0.015976840630173683,0.0057616205886006355
"Tesla, Inc.",2022-09-22,2022-09-29,5,down,down,0.9331318736076355,0.05383862927556038,0.01302953902631998
"Tesla, Inc.",2022-09-23,2022-09-30,5,down,down,0.8067598938941956,0.05100063234567642,0.14223945140838623
"Tesla, Inc.",2022-09-26,2022-10-03,5,down,down,0.9309136271476746,0.004875191953033209,0.06421120464801788
"Tesla, Inc.",2022-09-27,2022-10-04,5,down,down,0.9848852157592773,0.00585857592523098,0.009256226010620594
"Tesla, Inc.",2022-09-28,2022-10-05,5,down,down,0.9727766513824463,0.02245463617146015,0.004768749698996544
"Tesla, Inc.",2022-09-29,2022-10-06,5,down,down,0.9917585253715515,0.004585243295878172,0.0036562394816428423
"Tesla, Inc.",2022-09-30,2022-10-07,5,down,down,0.9759706258773804,0.0033780804369598627,0.020651347935199738
"Tesla, Inc.",2022-10-03,2022-10-10,5,down,up,0.4262321889400482,0.07197646796703339,0.5017913579940796
"Tesla, Inc.",2022-10-04,2022-10-11,5,down,down,0.6799360513687134,0.031392719596624374,0.2886711657047272
"Tesla, Inc.",2022-10-05,2022-10-12,5,down,up,0.4016263484954834,0.03551366180181503,0.5628600120544434
"Tesla, Inc.",2022-10-06,2022-10-13,5,down,down,0.7923368215560913,0.01835808716714382,0.1893051117658615
"Tesla, Inc.",2022-10-07,2022-10-14,5,down,up,0.31419283151626587,0.04035798832774162,0.645449161529541
"Tesla, Inc.",2022-10-10,2022-10-17,5,down,down,0.6277179718017578,0.02407807856798172,0.3482039272785187
"Tesla, Inc.",2022-10-11,2022-10-18,5,flat,down,0.5511641502380371,0.016213493421673775,0.43262234330177307
"Tesla, Inc.",2022-10-12,2022-10-19,5,flat,down,0.7609337568283081,0.022589195519685745,0.21647712588310242
"Tesla, Inc.",2022-10-13,2022-10-20,5,flat,down,0.7622087001800537,0.036195915192365646,0.20159538090229034
"Tesla, Inc.",2022-10-14,2022-10-21,5,flat,up,0.22531405091285706,0.12910078465938568,0.6455851197242737
"Tesla, Inc.",2022-10-17,2022-10-24,5,down,up,0.2255008965730667,0.21865728497505188,0.5558418035507202
"Tesla, Inc.",2022-10-18,2022-10-25,5,flat,flat,0.08611368387937546,0.5239652991294861,0.3899209797382355
"Tesla, Inc.",2022-10-19,2022-10-26,5,flat,up,0.045547667890787125,0.34517714381217957,0.6092751622200012
"Tesla, Inc.",2022-10-20,2022-10-27,5,up,up,0.019521035254001617,0.12639585137367249,0.8540831208229065
"Tesla, Inc.",2022-10-21,2022-10-28,5,up,up,0.007918068207800388,0.0804726704955101,0.9116092324256897
"Tesla, Inc.",2022-10-24,2022-10-31,5,up,up,0.010055480524897575,0.09165634214878082,0.8982881307601929
"Tesla, Inc.",2022-10-25,2022-11-01,5,up,up,0.030089642852544785,0.47826918959617615,0.49164119362831116
"Tesla, Inc.",2022-10-26,2022-11-02,5,flat,up,0.0530298613011837,0.4701942205429077,0.4767758548259735
"Tesla, Inc.",2022-10-27,2022-11-03,5,down,flat,0.061592478305101395,0.8748897910118103,0.06351771205663681
"Tesla, Inc.",2022-10-28,2022-11-04,5,down,flat,0.15959255397319794,0.6456005573272705,0.19480690360069275
"Tesla, Inc.",2022-10-31,2022-11-07,5,down,flat,0.1926133930683136,0.5156163573265076,0.2917702794075012
"Tesla, Inc.",2022-11-01,2022-11-08,5,down,flat,0.07945522665977478,0.6344208121299744,0.28612399101257324
"Tesla, Inc.",2022-11-02,2022-11-09,5,down,up,0.04817768558859825,0.28500720858573914,0.6668151021003723
"Tesla, Inc.",2022-11-03,2022-11-10,5,down,up,0.011448291130363941,0.08584300428628922,0.9027086496353149
"Tesla, Inc.",2022-11-04,2022-11-11,5,down,up,0.019279589876532555,0.14831259846687317,0.8324078321456909
"Tesla, Inc.",2022-11-07,2022-11-14,5,down,up,0.02971816435456276,0.15536975860595703,0.8149120807647705
"Tesla, Inc.",2022-11-08,2022-11-15,5,flat,up,0.00975007377564907,0.01965249516069889,0.9705974459648132
"Tesla, Inc.",2022-11-09,2022-11-16,5,flat,up,0.0012159168254584074,0.022833723574876785,0.9759504199028015
"Tesla, Inc.",2022-11-10,2022-11-17,5,flat,up,0.0019385383930057287,0.009754209779202938,0.9883072972297668
"Tesla, Inc.",2022-11-11,2022-11-18,5,down,up,0.0019194066990166903,0.017327798530459404,0.9807527661323547
"Tesla, Inc.",2022-11-14,2022-11-21,5,down,up,0.0035547770094126463,0.3065459430217743,0.6898993253707886
"Tesla, Inc.",2022-11-15,2022-11-22,5,down,up,0.002263928996399045,0.10237660259008408,0.8953595161437988
"Tesla, Inc.",2022-11-16,2022-11-23,5,down,up,0.002935821423307061,0.06599526852369308,0.9310689568519592
"Tesla, Inc.",2022-11-17,2022-11-25,5,flat,up,0.0017086759908124804,0.01582786627113819,0.9824634790420532
"Tesla, Inc.",2022-11-18,2022-11-28,5,flat,up,0.004051381256431341,0.018123647198081017,0.9778249859809875
"Tesla, Inc.",2022-11-21,2022-11-29,5,up,up,0.008043134585022926,0.015502617694437504,0.9764542579650879
"Tesla, Inc.",2022-11-22,2022-11-30,5,up,up,0.012773598544299603,0.008986907079815865,0.9782394766807556
"Tesla, Inc.",2022-11-23,2022-12-01,5,up,up,0.008483398705720901,0.05747094005346298,0.934045672416687
"Tesla, Inc.",2022-11-25,2022-12-02,5,up,up,0.027030056342482567,0.08450166136026382,0.8884682655334473
"Tesla, Inc.",2022-11-28,2022-12-05,5,flat,up,0.02980269491672516,0.05619611591100693,0.9140012264251709
"Tesla, Inc.",2022-11-29,2022-12-06,5,flat,up,0.034905366599559784,0.17870037257671356,0.7863942384719849
"Tesla, Inc.",2022-11-30,2022-12-07,5,down,flat,0.09760332852602005,0.6219021677970886,0.2804945111274719
"Tesla, Inc.",2022-12-01,2022-12-08,5,down,flat,0.20097148418426514,0.4819909334182739,0.31703755259513855
"Tesla, Inc.",2022-12-02,2022-12-09,5,down,up,0.26470768451690674,0.34533050656318665,0.389961838722229
"Tesla, Inc.",2022-12-05,2022-12-12,5,down,up,0.021521618589758873,0.14920781552791595,0.8292705416679382
"Tesla, Inc.",2022-12-06,2022-12-13,5,down,up,0.007695523090660572,0.02115057222545147,0.9711539149284363
"Tesla, Inc.",2022-12-07,2022-12-14,5,down,up,0.017994271591305733,0.032447487115859985,0.9495581984519958
"Tesla, Inc.",2022-12-08,2022-12-15,5,down,up,0.0246423352509737,0.019185924902558327,0.9561716914176941
"Tesla, Inc.",2022-12-09,2022-12-16,5,down,up,0.012614096514880657,0.015255054458975792,0.9721308946609497
"Tesla, Inc.",2022-12-12,2022-12-19,5,down,up,0.020954588428139687,0.024223338812589645,0.9548220038414001
"Tesla, Inc.",2022-12-13,2022-12-20,5,down,up,0.03639736399054527,0.03975154832005501,0.9238511323928833
"Tesla, Inc.",2022-12-14,2022-12-21,5,down,up,0.01601126790046692,0.017543204128742218,0.9664455056190491
"Tesla, Inc.",2022-12-15,2022-12-22,5,down,up,0.017295511439442635,0.008168792352080345,0.9745356440544128
"Tesla, Inc.",2022-12-16,2022-12-23,5,down,up,0.01701868511736393,0.009641408920288086,0.973339855670929
"Tesla, Inc.",2022-12-19,2022-12-27,5,down,up,0.02548092044889927,0.01870400831103325,0.9558150768280029
"Tesla, Inc.",2022-12-20,2022-12-28,5,down,up,0.036861781030893326,0.010540102608501911,0.9525981545448303
"Tesla, Inc.",2022-12-21,2022-12-29,5,down,up,0.014715451747179031,0.00812006276100874,0.9771644473075867
"Tesla, Inc.",2022-12-22,2022-12-30,5,down,up,0.003432657802477479,0.0069323210045695305,0.9896350502967834
"Tesla, Inc.",2022-12-23,2023-01-03,5,down,up,0.009246616624295712,0.010007420554757118,0.9807460308074951
"Tesla, Inc.",2022-12-27,2023-01-04,5,flat,up,0.001566228223964572,0.01216164417564869,0.9862720966339111
"Tesla, Inc.",2022-12-28,2023-01-05,5,flat,up,0.00208412017673254,0.0055276560597121716,0.9923882484436035
"Tesla, Inc.",2022-12-29,2023-01-06,5,down,up,0.0022327881306409836,0.005666262470185757,0.9921008944511414
"Tesla, Inc.",2022-12-30,2023-01-09,5,flat,up,0.005086274351924658,0.03507181629538536,0.9598418474197388
"Tesla, Inc.",2023-01-03,2023-01-10,5,up,up,0.0054932027123868465,0.024392008781433105,0.9701148271560669
"Tesla, Inc.",2023-01-04,2023-01-11,5,up,up,0.0052560544572770596,0.010862884111702442,0.9838809967041016
"Tesla, Inc.",2023-01-05,2023-01-12,5,up,up,0.005085067357867956,0.018935224041342735,0.9759796857833862
"Tesla, Inc.",2023-01-06,2023-01-13,5,up,up,0.005660561844706535,0.011796930804848671,0.9825425148010254
"Tesla, Inc.",2023-01-09,2023-01-17,5,up,up,0.042120788246393204,0.1593773066997528,0.7985019087791443
"Tesla, Inc.",2023-01-10,2023-01-18,5,up,up,0.1087663471698761,0.3446941077709198,0.5465395450592041
"Tesla, Inc.",2023-01-11,2023-01-19,5,flat,up,0.023556610569357872,0.43243420124053955,0.5440092086791992
"Tesla, Inc.",2023-01-12,2023-01-20,5,up,up,0.04169629514217377,0.18036706745624542,0.7779366374015808
"Tesla, Inc.",2023-01-13,2023-01-23,5,up,up,0.03837747871875763,0.22503909468650818,0.736583411693573
"Tesla, Inc.",2023-01-17,2023-01-24,5,up,up,0.10114271938800812,0.3929169476032257,0.505940318107605
"Tesla, Inc.",2023-01-18,2023-01-25,5,up,flat,0.1587105691432953,0.5163674354553223,0.32492202520370483
"Tesla, Inc.",2023-01-19,2023-01-26,5,up,up,0.12452436238527298,0.33527258038520813,0.5402030348777771
"Tesla, Inc.",2023-01-20,2023-01-27,5,up,flat,0.16754090785980225,0.4363098442554474,0.39614930748939514
"Tesla, Inc.",2023-01-23,2023-01-30,5,up,up,0.20541831851005554,0.22163665294647217,0.5729450583457947
"Tesla, Inc.",2023-01-24,2023-01-31,5,up,flat,0.08764784783124924,0.5179518461227417,0.39440029859542847
"Tesla, Inc.",2023-01-25,2023-02-01,5,up,up,0.1441987156867981,0.3108437657356262,0.5449575185775757
"Tesla, Inc.",2023-01-26,2023-02-02,5,up,up,0.0701199397444725,0.33259284496307373,0.5972872376441956
"Tesla, Inc.",2023-01-27,2023-02-03,5,up,flat,0.09047741442918777,0.7020473480224609,0.2074752151966095
"Tesla, Inc.",2023-01-30,2023-02-06,5,up,flat,0.0797443613409996,0.7717259526252747,0.14852966368198395
"Tesla, Inc.",2023-01-31,2023-02-07,5,up,flat,0.10038850456476212,0.5960577726364136,0.30355367064476013
"Tesla, Inc.",2023-02-01,2023-02-08,5,up,up,0.33321163058280945,0.19271470606327057,0.4740736484527588
"Tesla, Inc.",2023-02-02,2023-02-09,5,up,up,0.13134045898914337,0.2737169861793518,0.5949426293373108
"Tesla, Inc.",2023-02-03,2023-02-10,5,up,up,0.1157308891415596,0.37719085812568665,0.5070782899856567
"Tesla, Inc.",2023-02-06,2023-02-13,5,flat,flat,0.11203471571207047,0.5045862197875977,0.3833790421485901
"Tesla, Inc.",2023-02-07,2023-02-14,5,flat,up,0.11033853143453598,0.217436283826828,0.6722251772880554
"Tesla, Inc.",2023-02-08,2023-02-15,5,up,flat,0.06940070539712906,0.7050477266311646,0.22555159032344818
"Tesla, Inc.",2023-02-09,2023-02-16,5,flat,flat,0.13654842972755432,0.813393771648407,0.05005777254700661
"Tesla, Inc.",2023-02-10,2023-02-17,5,flat,flat,0.14358557760715485,0.6449307203292847,0.2114836871623993
"Tesla, Inc.",2023-02-13,2023-02-21,5,up,up,0.06959974765777588,0.12612219154834747,0.8042780756950378
"Tesla, Inc.",2023-02-14,2023-02-22,5,flat,up,0.029338963329792023,0.09738243371248245,0.8732786178588867
"Tesla, Inc.",2023-02-15,2023-02-23,5,down,flat,0.06872174143791199,0.7982824444770813,0.1329958587884903
"Tesla, Inc.",2023-02-16,2023-02-24,5,down,flat,0.07420815527439117,0.7376940846443176,0.1880977898836136
"Tesla, Inc.",2023-02-17,2023-02-27,5,flat,flat,0.06751968711614609,0.5690551996231079,0.3634251356124878
"Tesla, Inc.",2023-02-21,2023-02-28,5,flat,up,0.04673989862203598,0.14883935451507568,0.8044207096099854
"Tesla, Inc.",2023-02-22,2023-03-01,5,flat,up,0.02946699969470501,0.28484785556793213,0.6856851577758789
"Tesla, Inc.",2023-02-23,2023-03-02,5,down,flat,0.052559200674295425,0.5602092742919922,0.3872315287590027
"Tesla, Inc.",2023-02-24,2023-03-03,5,flat,up,0.05471426993608475,0.4268220365047455,0.518463671207428
"Tesla, Inc.",2023-02-27,2023-03-06,5,down,up,0.024150483310222626,0.4688739478588104,0.5069755911827087
"Tesla, Inc.",2023-02-28,2023-03-07,5,down,up,0.05250066518783569,0.4537719190120697,0.493727445602417
"Tesla, Inc.",2023-03-01,2023-03-08,5,down,flat,0.06559763848781586,0.6662026643753052,0.26819974184036255
"Tesla, Inc.",2023-03-02,2023-03-09,5,down,up,0.07390203326940536,0.18217872083187103,0.743919312953949
"Tesla, Inc.",2023-03-03,2023-03-10,5,down,up,0.02593955397605896,0.07201085239648819,0.9020496606826782
"Tesla, Inc.",2023-03-06,2023-03-13,5,down,up,0.0467132143676281,0.19671094417572021,0.7565758228302002
"Tesla, Inc.",2023-03-07,2023-03-14,5,down,up,0.0728432759642601,0.07432970404624939,0.8528270125389099
"Tesla, Inc.",2023-03-08,2023-03-15,5,flat,up,0.03956523910164833,0.03499988466501236,0.9254348874092102
"Tesla, Inc.",2023-03-09,2023-03-16,5,flat,up,0.07688422501087189,0.11317607760429382,0.8099397420883179
"Tesla, Inc.",2023-03-10,2023-03-17,5,up,up,0.04600511118769646,0.019974686205387115,0.9340201616287231
"Tesla, Inc.",2023-03-13,2023-03-20,5,up,up,0.06277205795049667,0.014020385220646858,0.9232075214385986
"Tesla, Inc.",2023-03-14,2023-03-21,5,up,up,0.15118317306041718,0.22991202771663666,0.6189048290252686
"Tesla, Inc.",2023-03-15,2023-03-22,5,up,up,0.21905389428138733,0.1985073983669281,0.5824387073516846
"Tesla, Inc.",2023-03-16,2023-03-23,5,up,up,0.28082749247550964,0.13449585437774658,0.5846766829490662
"Tesla, Inc.",2023-03-17,2023-03-24,5,up,up,0.2898279130458832,0.1734699308872223,0.5367021560668945
"Tesla, Inc.",2023-03-20,2023-03-27,5,up,up,0.3412313163280487,0.14600443840026855,0.5127642750740051
"Tesla, Inc.",2023-03-21,2023-03-28,5,flat,up,0.3165510892868042,0.20012310147285461,0.4833258390426636
"Tesla, Inc.",2023-03-22,2023-03-29,5,flat,up,0.3931087255477905,0.17220091819763184,0.4346903860569
"Tesla, Inc.",2023-03-23,2023-03-30,5,flat,down,0.46460166573524475,0.23847253620624542,0.29692578315734863
"Tesla, Inc.",2023-03-24,2023-03-31,5,up,up,0.20923247933387756,0.2447536736726761,0.5460138320922852
"Tesla, Inc.",2023-03-27,2023-04-03,5,flat,up,0.2711733877658844,0.25850921869277954,0.47031736373901367
"Tesla, Inc.",2023-03-28,2023-04-04,5,up,up,0.16275392472743988,0.3238447308540344,0.5134013295173645
"Tesla, Inc.",2023-03-29,2023-04-05,5,down,flat,0.3142581582069397,0.3917977213859558,0.2939441502094269
"Tesla, Inc.",2023-03-30,2023-04-06,5,down,down,0.47037750482559204,0.2025381177663803,0.32708436250686646
"Tesla, Inc.",2023-03-31,2023-04-10,5,down,flat,0.2992307245731354,0.4026170074939728,0.29815229773521423
"Tesla, Inc.",2023-04-03,2023-04-11,5,down,flat,0.22934769093990326,0.39028656482696533,0.3803657591342926
"Tesla, Inc.",2023-04-04,2023-04-12,5,down,up,0.24519743025302887,0.29059910774230957,0.464203417301178
"Tesla, Inc.",2023-04-05,2023-04-13,5,flat,up,0.1970062404870987,0.06443352997303009,0.7385602593421936
"Tesla, Inc.",2023-04-06,2023-04-14,5,flat,up,0.17040327191352844,0.1819043904542923,0.6476923227310181
"Tesla, Inc.",2023-04-10,2023-04-17,5,up,up,0.16499342024326324,0.03621680289506912,0.7987897396087646
"Tesla, Inc.",2023-04-11,2023-04-18,5,flat,up,0.26075202226638794,0.269721657037735,0.4695263206958771
"Tesla, Inc.",2023-04-12,2023-04-19,5,down,flat,0.12523016333580017,0.4584948420524597,0.4162750244140625
"Tesla, Inc.",2023-04-13,2023-04-20,5,down,up,0.09909473359584808,0.3211579918861389,0.5797472596168518
"Tesla, Inc.",2023-04-14,2023-04-21,5,down,up,0.08014975488185883,0.11328192055225372,0.8065683245658875
"Tesla, Inc.",2023-04-17,2023-04-24,5,down,up,0.14266811311244965,0.23017586767673492,0.6271560192108154
"Tesla, Inc.",2023-04-18,2023-04-25,5,down,up,0.11828441917896271,0.13743296265602112,0.744282603263855
"Tesla, Inc.",2023-04-19,2023-04-26,5,down,up,0.03347579762339592,0.03766997158527374,0.92885422706604
"Tesla, Inc.",2023-04-20,2023-04-27,5,down,up,0.07552943378686905,0.0637315884232521,0.86073899269104
"Tesla, Inc.",2023-04-21,2023-04-28,5,flat,up,0.05378486588597298,0.0195041224360466,0.9267110824584961
"Tesla, Inc.",2023-04-24,2023-05-01,5,flat,up,0.054887812584638596,0.017804235219955444,0.9273079633712769
"Tesla, Inc.",2023-04-25,2023-05-02,5,flat,up,0.015773365274071693,0.008013531565666199,0.9762130975723267
"Tesla, Inc.",2023-04-26,2023-05-03,5,up,up,0.024283001199364662,0.013902498409152031,0.9618144631385803
"Tesla, Inc.",2023-04-27,2023-05-04,5,up,up,0.025707075372338295,0.029745588079094887,0.9445473551750183
"Tesla, Inc.",2023-04-28,2023-05-05,5,up,up,0.022358115762472153,0.10147420316934586,0.8761676549911499
"Tesla, Inc.",2023-05-01,2023-05-08,5,up,up,0.0417688749730587,0.07987236231565475,0.8783587217330933
"Tesla, Inc.",2023-05-02,2023-05-09,5,up,up,0.040918998420238495,0.13384537398815155,0.8252356648445129
"Tesla, Inc.",2023-05-03,2023-05-10,5,up,up,0.0386311411857605,0.12489532679319382,0.8364735245704651
"Tesla, Inc.",2023-05-04,2023-05-11,5,up,up,0.05599917843937874,0.18891394138336182,0.7550868391990662
"Tesla, Inc.",2023-05-05,2023-05-12,5,up,flat,0.060916464775800705,0.49801188707351685,0.44107162952423096
"Tesla, Inc.",2023-05-08,2023-05-15,5,down,up,0.1990288496017456,0.2981034815311432,0.5028676390647888
"Tesla, Inc.",2023-05-09,2023-05-16,5,flat,flat,0.15269635617733002,0.6125505566596985,0.2347530871629715
"Tesla, Inc.",2023-05-10,2023-05-17,5,flat,flat,0.29502031207084656,0.5292514562606812,0.17572826147079468
"Tesla, Inc.",2023-05-11,2023-05-18,5,up,up,0.19852986931800842,0.28178223967552185,0.5196878910064697
"Tesla, Inc.",2023-05-12,2023-05-19,5,up,up,0.07487485557794571,0.2783106565475464,0.6468145251274109
"Tesla, Inc.",2023-05-15,2023-05-22,5,up,up,0.018944337964057922,0.1055598184466362,0.8754958510398865
"Tesla, Inc.",2023-05-16,2023-05-23,5,up,up,0.014867575839161873,0.0954400822520256,0.8896923065185547
"Tesla, Inc.",2023-05-17,2023-05-24,5,up,up,0.025988280773162842,0.06730544567108154,0.9067062735557556
"Tesla, Inc.",2023-05-18,2023-05-25,5,up,up,0.05806485190987587,0.2034982442855835,0.7384369373321533
"Tesla, Inc.",2023-05-19,2023-05-26,5,up,up,0.14377106726169586,0.27324143052101135,0.5829875469207764
"Tesla, Inc.",2023-05-22,2023-05-30,5,up,flat,0.15338794887065887,0.45621979236602783,0.3903922140598297
"Tesla, Inc.",2023-05-23,2023-05-31,5,up,flat,0.3392675518989563,0.4660845696926117,0.19464781880378723
"Tesla, Inc.",2023-05-24,2023-06-01,5,up,flat,0.28388988971710205,0.44253242015838623,0.2735776901245117
"Tesla, Inc.",2023-05-25,2023-06-02,5,up,down,0.517390787601471,0.18017466366291046,0.3024345636367798
"Tesla, Inc.",2023-05-26,2023-06-05,5,up,up,0.23646794259548187,0.2570132315158844,0.5065189003944397
"Tesla, Inc.",2023-05-30,2023-06-06,5,up,flat,0.03906460478901863,0.6941802501678467,0.26675519347190857
"Tesla, Inc.",2023-05-31,2023-06-07,5,up,flat,0.19000351428985596,0.5030005574226379,0.3069958984851837
"Tesla, Inc.",2023-06-01,2023-06-08,5,up,flat,0.12463937699794769,0.6955057382583618,0.1798548847436905
"Tesla, Inc.",2023-06-02,2023-06-09,5,up,flat,0.08295804262161255,0.573270857334137,0.3437711000442505
"Tesla, Inc.",2023-06-05,2023-06-12,5,up,flat,0.10028190165758133,0.6616466045379639,0.23807144165039062
"Tesla, Inc.",2023-06-06,2023-06-13,5,up,flat,0.1590617150068283,0.6081944108009338,0.23274390399456024
"Tesla, Inc.",2023-06-07,2023-06-14,5,up,flat,0.28616219758987427,0.439612478017807,0.27422526478767395
"Tesla, Inc.",2023-06-08,2023-06-15,5,up,down,0.5361312627792358,0.182270348072052,0.28159838914871216
"Tesla, Inc.",2023-06-09,2023-06-16,5,up,down,0.43294307589530945,0.2676977217197418,0.2993592321872711
"Tesla, Inc.",2023-06-12,2023-06-20,5,up,up,0.4191122353076935,0.1439169943332672,0.4369708001613617
"Tesla, Inc.",2023-06-13,2023-06-21,5,up,up,0.4416288435459137,0.11654592305421829,0.4418253004550934
"Tesla, Inc.",2023-06-14,2023-06-22,5,flat,up,0.3275130093097687,0.25546184182167053,0.4170251786708832
"Tesla, Inc.",2023-06-15,2023-06-23,5,flat,up,0.31111598014831543,0.320027619600296,0.36885637044906616
"Tesla, Inc.",2023-06-16,2023-06-26,5,down,down,0.7793703675270081,0.1301906257867813,0.09043902158737183
"Tesla, Inc.",2023-06-20,2023-06-27,5,down,down,0.4224061369895935,0.35258543491363525,0.22500844299793243
"Tesla, Inc.",2023-06-21,2023-06-28,5,down,down,0.7508618235588074,0.1794309765100479,0.06970721483230591
"Tesla, Inc.",2023-06-22,2023-06-29,5,flat,up,0.19010081887245178,0.24988700449466705,0.56001216173172
"Tesla, Inc.",2023-06-23,2023-06-30,5,flat,down,0.44127756357192993,0.13214226067066193,0.4265802204608917
"Tesla, Inc.",2023-06-26,2023-07-03,5,up,up,0.04158393293619156,0.14156484603881836,0.8168512582778931
"Tesla, Inc.",2023-06-27,2023-07-05,5,up,up,0.2223759889602661,0.31272855401039124,0.4648955166339874
"Tesla, Inc.",2023-06-28,2023-07-06,5,up,down,0.8484050035476685,0.0873802900314331,0.06421471387147903
"Tesla, Inc.",2023-06-29,2023-07-07,5,up,down,0.8770692944526672,0.07976704835891724,0.04316369816660881
"Tesla, Inc.",2023-06-30,2023-07-10,5,up,down,0.8957929015159607,0.07722771167755127,0.026979321613907814
"Tesla, Inc.",2023-07-03,2023-07-11,5,down,down,0.6153088808059692,0.18507100641727448,0.1996200978755951
"Tesla, Inc.",2023-07-05,2023-07-12,5,down,down,0.7255144715309143,0.19900979101657867,0.07547571510076523
"Tesla, Inc.",2023-07-06,2023-07-13,5,flat,flat,0.41625919938087463,0.48514291644096375,0.09859786182641983
"Tesla, Inc.",2023-07-07,2023-07-14,5,flat,down,0.5670320987701416,0.3048690855503082,0.12809884548187256
"Tesla, Inc.",2023-07-10,2023-07-17,5,up,down,0.36507299542427063,0.32797297835350037,0.3069539964199066
"Tesla, Inc.",2023-07-11,2023-07-18,5,up,down,0.8057432174682617,0.12232919037342072,0.07192756235599518
"Tesla, Inc.",2023-07-12,2023-07-19,5,up,down,0.8979883790016174,0.061670031398534775,0.040341611951589584
"Tesla, Inc.",2023-07-13,2023-07-20,5,flat,down,0.94708251953125,0.036995358765125275,0.01592218317091465
"Tesla, Inc.",2023-07-14,2023-07-21,5,down,down,0.9135763645172119,0.06041138619184494,0.026012202724814415
"Tesla, Inc.",2023-07-17,2023-07-24,5,down,down,0.851035475730896,0.09607410430908203,0.05289039388298988
"Tesla, Inc.",2023-07-18,2023-07-25,5,down,down,0.8879362344741821,0.07065906375646591,0.041404739022254944
"Tesla, Inc.",2023-07-19,2023-07-26,5,down,down,0.8513964414596558,0.11381904035806656,0.03478454053401947
"Tesla, Inc.",2023-07-20,2023-07-27,5,down,up,0.2668299674987793,0.050784703344106674,0.6823853254318237
"Tesla, Inc.",2023-07-21,2023-07-28,5,flat,down,0.6225493550300598,0.03755088523030281,0.33989977836608887
"Tesla, Inc.",2023-07-24,2023-07-31,5,flat,down,0.5611059069633484,0.017278354614973068,0.42161574959754944
"Tesla, Inc.",2023-07-25,2023-08-01,5,flat,down,0.9654214978218079,0.017628716304898262,0.016949815675616264
"Tesla, Inc.",2023-07-26,2023-08-02,5,down,down,0.9490233063697815,0.022851604968309402,0.028125068172812462
"Tesla, Inc.",2023-07-27,2023-08-03,5,down,down,0.9829917550086975,0.010049734264612198,0.00695847999304533
"Tesla, Inc.",2023-07-28,2023-08-04,5,flat,down,0.9786511063575745,0.011330729350447655,0.010018160566687584
"Tesla, Inc.",2023-07-31,2023-08-07,5,down,down,0.985582172870636,0.008578038774430752,0.005839829333126545
"Tesla, Inc.",2023-08-01,2023-08-08,5,down,down,0.9833847284317017,0.010773641057312489,0.00584163935855031
"Tesla, Inc.",2023-08-02,2023-08-09,5,down,down,0.9792004823684692,0.010608905926346779,0.010190597735345364
"Tesla, Inc.",2023-08-03,2023-08-10,5,down,down,0.9779923558235168,0.011585094965994358,0.010422514751553535
"Tesla, Inc.",2023-08-04,2023-08-11,5,down,down,0.9819247722625732,0.007623434066772461,0.010451732203364372
"Tesla, Inc.",2023-08-07,2023-08-14,5,down,down,0.9906219840049744,0.005536261014640331,0.0038416977040469646
"Tesla, Inc.",2023-08-08,2023-08-15,5,down,down,0.9880099892616272,0.004149571526795626,0.007840486243367195
"Tesla, Inc.",2023-08-09,2023-08-16,5,down,down,0.9894634485244751,0.0017795289168134332,0.008757006376981735
"Tesla, Inc.",2023-08-10,2023-08-17,5,down,down,0.9911189675331116,0.0032207928597927094,0.00566028943285346
"Tesla, Inc.",2023-08-11,2023-08-18,5,down,down,0.9916064739227295,0.004007155075669289,0.0043863398022949696
"Tesla, Inc.",2023-08-14,2023-08-21,5,down,down,0.9900201559066772,0.0065598380751907825,0.0034199694637209177
"Tesla, Inc.",2023-08-15,2023-08-22,5,flat,down,0.9883188009262085,0.008012710139155388,0.0036684495862573385
"Tesla, Inc.",2023-08-16,2023-08-23,5,up,down,0.977931022644043,0.010858150199055672,0.01121089980006218
"Tesla, Inc.",2023-08-17,2023-08-24,5,up,down,0.9672192931175232,0.015644844621419907,0.017135845497250557
"Tesla, Inc.",2023-08-18,2023-08-25,5,up,down,0.94035404920578,0.025828519836068153,0.033817388117313385
"Tesla, Inc.",2023-08-21,2023-08-28,5,up,down,0.9306505918502808,0.04894843325018883,0.02040093019604683
"Tesla, Inc.",2023-08-22,2023-08-29,5,up,down,0.8797143697738647,0.10225144773721695,0.018034150823950768
"Tesla, Inc.",2023-08-23,2023-08-30,5,up,down,0.8579935431480408,0.1344667226076126,0.007539743557572365
"Tesla, Inc.",2023-08-24,2023-08-31,5,up,down,0.7877748608589172,0.20281247794628143,0.009412613697350025
"Tesla, Inc.",2023-08-25,2023-09-01,5,up,down,0.5602940917015076,0.418147474527359,0.02155841886997223
"Tesla, Inc.",2023-08-28,2023-09-05,5,up,flat,0.43505915999412537,0.49905046820640564,0.0658903494477272
"Tesla, Inc.",2023-08-29,2023-09-06,5,flat,flat,0.40605416893959045,0.4584940969944,0.1354517787694931
"Tesla, Inc.",2023-08-30,2023-09-07,5,down,down,0.496344655752182,0.3713991343975067,0.1322561800479889
"Tesla, Inc.",2023-08-31,2023-09-08,5,down,down,0.8109005689620972,0.15619103610515594,0.032908424735069275
"Tesla, Inc.",2023-09-01,2023-09-11,5,up,down,0.6752201318740845,0.25376975536346436,0.07101008296012878
"Tesla, Inc.",2023-09-05,2023-09-12,5,up,down,0.7724107503890991,0.19193197786808014,0.03565727174282074
"Tesla, Inc.",2023-09-06,2023-09-13,5,up,down,0.6627856492996216,0.3039151728153229,0.03329922631382942
"Tesla, Inc.",2023-09-07,2023-09-14,5,up,down,0.8244246244430542,0.15300069749355316,0.022574707865715027
"Tesla, Inc.",2023-09-08,2023-09-15,5,up,down,0.885708749294281,0.10829779505729675,0.005993379279971123
"Tesla, Inc.",2023-09-11,2023-09-18,5,flat,down,0.6364648938179016,0.34892725944519043,0.014607877470552921
"Tesla, Inc.",2023-09-12,2023-09-19,5,flat,down,0.7302926182746887,0.25203564763069153,0.017671730369329453
"Tesla, Inc.",2023-09-13,2023-09-20,5,flat,down,0.7387657761573792,0.23836998641490936,0.022864172235131264
"Tesla, Inc.",2023-09-14,2023-09-21,5,down,down,0.8853062391281128,0.10396329313516617,0.01073047798126936
"Tesla, Inc.",2023-09-15,2023-09-22,5,down,down,0.8846628069877625,0.10291147977113724,0.012425684370100498
"Tesla, Inc.",2023-09-18,2023-09-25,5,down,down,0.9449335336685181,0.03472013399004936,0.020346295088529587
"Tesla, Inc.",2023-09-19,2023-09-26,5,down,down,0.9663781523704529,0.029218850657343864,0.004402961581945419
"Tesla, Inc.",2023-09-20,2023-09-27,5,down,down,0.9589861631393433,0.034558262676000595,0.006455549504607916
"Tesla, Inc.",2023-09-21,2023-09-28,5,down,down,0.9630270600318909,0.030059071257710457,0.0069138300605118275
"Tesla, Inc.",2023-09-22,2023-09-29,5,flat,down,0.9419912099838257,0.01588756963610649,0.04212123155593872
"Tesla, Inc.",2023-09-25,2023-10-02,5,flat,down,0.9381799101829529,0.009063221514225006,0.05275691673159599
"Tesla, Inc.",2023-09-26,2023-10-03,5,flat,down,0.9867706298828125,0.0021340674720704556,0.011095321737229824
"Tesla, Inc.",2023-09-27,2023-10-04,5,up,down,0.9857214689254761,0.0030659278854727745,0.011212559416890144
"Tesla, Inc.",2023-09-28,2023-10-05,5,up,down,0.9931290149688721,0.003572912188246846,0.0032981163822114468
"Tesla, Inc.",2023-09-29,2023-10-06,5,up,down,0.9860992431640625,0.008973189629614353,0.004927546251565218
"Tesla, Inc.",2023-10-02,2023-10-09,5,up,down,0.9908831715583801,0.007320001255720854,0.001796790980733931
"Tesla, Inc.",2023-10-03,2023-10-10,5,up,down,0.9900475144386292,0.00833677314221859,0.001615758752450347
"Tesla, Inc.",2023-10-04,2023-10-11,5,up,down,0.9627701044082642,0.03187328949570656,0.005356619134545326
"Tesla, Inc.",2023-10-05,2023-10-12,5,flat,down,0.9492928981781006,0.04161139950156212,0.00909574143588543
"Tesla, Inc.",2023-10-06,2023-10-13,5,flat,down,0.9560051560401917,0.039164334535598755,0.004830533172935247
"Tesla, Inc.",2023-10-09,2023-10-16,5,down,down,0.9650103449821472,0.024719910696148872,0.01026974804699421
"Tesla, Inc.",2023-10-10,2023-10-17,5,down,down,0.9731219410896301,0.01794457994401455,0.008933479897677898
"Tesla, Inc.",2023-10-11,2023-10-18,5,down,down,0.9814961552619934,0.01070230919867754,0.007801503408700228
"Tesla, Inc.",2023-10-12,2023-10-19,5,down,down,0.9748806357383728,0.014614432118833065,0.010504955425858498
"Tesla, Inc.",2023-10-13,2023-10-20,5,down,down,0.9575715065002441,0.023902319371700287,0.018526211380958557
"Tesla, Inc.",2023-10-16,2023-10-23,5,down,down,0.9545608162879944,0.0249029453843832,0.020536229014396667
"Tesla, Inc.",2023-10-17,2023-10-24,5,down,down,0.9410474300384521,0.01684495247900486,0.04210758954286575
"Tesla, Inc.",2023-10-18,2023-10-25,5,down,down,0.960252046585083,0.014595737680792809,0.02515227533876896
"Tesla, Inc.",2023-10-19,2023-10-26,5,down,down,0.557365357875824,0.03962405398488045,0.4030105769634247
"Tesla, Inc.",2023-10-20,2023-10-27,5,down,up,0.2361009269952774,0.0698339119553566,0.6940651535987854
"Tesla, Inc.",2023-10-23,2023-10-30,5,down,up,0.32238975167274475,0.03899664804339409,0.6386135816574097
"Tesla, Inc.",2023-10-24,2023-10-31,5,down,down,0.8182332515716553,0.04868899658322334,0.1330777406692505
"Tesla, Inc.",2023-10-25,2023-11-01,5,down,down,0.7532187700271606,0.04566472768783569,0.20111647248268127
"Tesla, Inc.",2023-10-26,2023-11-02,5,up,down,0.4587128758430481,0.20879621803760529,0.3324909210205078
"Tesla, Inc.",2023-10-27,2023-11-03,5,up,up,0.3004210591316223,0.186407670378685,0.5131712555885315
"Tesla, Inc.",2023-10-30,2023-11-06,5,up,up,0.02617602050304413,0.1762218028306961,0.7976021766662598
"Tesla, Inc.",2023-10-31,2023-11-07,5,up,up,0.03020382858812809,0.04570749029517174,0.9240886569023132
"Tesla, Inc.",2023-11-01,2023-11-08,5,up,up,0.010722264647483826,0.0848548635840416,0.9044228792190552
"Tesla, Inc.",2023-11-02,2023-11-09,5,flat,up,0.009352549910545349,0.3246527314186096,0.6659947037696838
"Tesla, Inc.",2023-11-03,2023-11-10,5,down,flat,0.01815629005432129,0.9316317439079285,0.050211939960718155
"Tesla, Inc.",2023-11-06,2023-11-13,5,flat,flat,0.11456127464771271,0.7884354591369629,0.0970032662153244
"Tesla, Inc.",2023-11-07,2023-11-14,5,up,flat,0.0940534770488739,0.8355781435966492,0.07036834210157394
"Tesla, Inc.",2023-11-08,2023-11-15,5,up,flat,0.09226103872060776,0.8299916982650757,0.07774733006954193
"Tesla, Inc.",2023-11-09,2023-11-16,5,up,up,0.012971566058695316,0.13385140895843506,0.853177011013031
"Tesla, Inc.",2023-11-10,2023-11-17,5,up,up,0.014185902662575245,0.04306241497397423,0.9427516460418701
"Tesla, Inc.",2023-11-13,2023-11-20,5,up,up,0.040228668600320816,0.13946814835071564,0.8203031420707703
"Tesla, Inc.",2023-11-14,2023-11-21,5,flat,flat,0.013693438842892647,0.7581331729888916,0.2281733751296997
"Tesla, Inc.",2023-11-15,2023-11-22,5,flat,flat,0.012887123040854931,0.8541589379310608,0.1329539269208908
"Tesla, Inc.",2023-11-16,2023-11-24,5,flat,up,0.03938942402601242,0.4547589123249054,0.5058516263961792
"Tesla, Inc.",2023-11-17,2023-11-27,5,flat,up,0.016160614788532257,0.24898026883602142,0.7348591089248657
"Tesla, Inc.",2023-11-20,2023-11-28,5,up,flat,0.025494491681456566,0.5633770227432251,0.41112852096557617
"Tesla, Inc.",2023-11-21,2023-11-29,5,up,up,0.13588635623455048,0.3269268572330475,0.5371868014335632
"Tesla, Inc.",2023-11-22,2023-11-30,5,flat,flat,0.2766694724559784,0.6304047703742981,0.09292571246623993
"Tesla, Inc.",2023-11-24,2023-12-01,5,flat,down,0.800837516784668,0.12198261171579361,0.077179916203022
"Tesla, Inc.",2023-11-27,2023-12-04,5,flat,down,0.7101652026176453,0.21229203045368195,0.077542744576931
"Tesla, Inc.",2023-11-28,2023-12-05,5,flat,down,0.8434509634971619,0.12322811037302017,0.033320941030979156
"Tesla, Inc.",2023-11-29,2023-12-06,5,flat,down,0.8367785811424255,0.11822804808616638,0.04499334469437599
"Tesla, Inc.",2023-11-30,2023-12-07,5,flat,down,0.7010699510574341,0.23350299894809723,0.06542709469795227
"Tesla, Inc.",2023-12-01,2023-12-08,5,up,down,0.6790182590484619,0.1964767873287201,0.1245049387216568
"Tesla, Inc.",2023-12-04,2023-12-11,5,up,down,0.6420701742172241,0.16413560509681702,0.19379417598247528
"Tesla, Inc.",2023-12-05,2023-12-12,5,flat,down,0.6802393198013306,0.2690153419971466,0.05074537545442581
"Tesla, Inc.",2023-12-06,2023-12-13,5,down,down,0.8703901767730713,0.1173458993434906,0.012263977900147438
"Tesla, Inc.",2023-12-07,2023-12-14,5,up,down,0.9003188014030457,0.08562006801366806,0.014061063528060913
"Tesla, Inc.",2023-12-08,2023-12-15,5,up,down,0.9458597898483276,0.03273606672883034,0.021404137834906578
"Tesla, Inc.",2023-12-11,2023-12-18,5,up,down,0.8957926034927368,0.07202912122011185,0.03217828646302223
"Tesla, Inc.",2023-12-12,2023-12-19,5,up,down,0.8600250482559204,0.08851682394742966,0.05145807936787605
"Tesla, Inc.",2023-12-13,2023-12-20,5,up,down,0.781814455986023,0.017602277919650078,0.20058321952819824
"Tesla, Inc.",2023-12-14,2023-12-21,5,up,down,0.6695398688316345,0.10420464724302292,0.22625552117824554
"Tesla, Inc.",2023-12-15,2023-12-22,5,flat,down,0.8088728785514832,0.11092951893806458,0.08019756525754929
"Tesla, Inc.",2023-12-18,2023-12-26,5,flat,down,0.9472873210906982,0.02171533927321434,0.03099730797111988
"Tesla, Inc.",2023-12-19,2023-12-27,5,up,down,0.9194016456604004,0.05048151686787605,0.030116764828562737
"Tesla, Inc.",2023-12-20,2023-12-28,5,up,down,0.9634032249450684,0.020545871928334236,0.016050901263952255
"Tesla, Inc.",2023-12-21,2023-12-29,5,flat,down,0.9622634649276733,0.021304475143551826,0.016432059928774834
"Tesla, Inc.",2023-12-22,2024-01-02,5,down,down,0.9760718941688538,0.014524086378514767,0.009403994306921959
"Tesla, Inc.",2023-12-26,2024-01-03,5,down,down,0.9531989097595215,0.032559894025325775,0.014241141267120838
"Tesla, Inc.",2023-12-27,2024-01-04,5,down,down,0.9410910606384277,0.03578067943453789,0.023128271102905273
"Tesla, Inc.",2023-12-28,2024-01-05,5,down,down,0.9928033947944641,0.0028406097553670406,0.004355985671281815
"Tesla, Inc.",2023-12-29,2024-01-08,5,down,down,0.975312352180481,0.018306786194443703,0.006380818784236908
"Tesla, Inc.",2024-01-02,2024-01-09,5,down,down,0.975106954574585,0.010848287492990494,0.01404479332268238
"Tesla, Inc.",2024-01-03,2024-01-10,5,down,down,0.8747574090957642,0.018587836995720863,0.10665477812290192
"Tesla, Inc.",2024-01-04,2024-01-11,5,down,down,0.97612464427948,0.0023257872089743614,0.021549606695771217
"Tesla, Inc.",2024-01-05,2024-01-12,5,down,down,0.912988543510437,0.003199912840500474,0.08381160348653793
"Tesla, Inc.",2024-01-08,2024-01-16,5,down,down,0.916405200958252,0.006052058655768633,0.07754277437925339
"Tesla, Inc.",2024-01-09,2024-01-17,5,down,down,0.9484524130821228,0.004820889327675104,0.046726763248443604
"Tesla, Inc.",2024-01-10,2024-01-18,5,down,down,0.9006522297859192,0.0033891662023961544,0.09595860540866852
"Tesla, Inc.",2024-01-11,2024-01-19,5,down,down,0.9162709712982178,0.011780262924730778,0.07194876670837402
"Tesla, Inc.",2024-01-12,2024-01-22,5,down,down,0.8019535541534424,0.031080342829227448,0.16696609556674957
"Tesla, Inc.",2024-01-16,2024-01-23,5,down,down,0.9357060194015503,0.018324295058846474,0.04596975818276405
"Tesla, Inc.",2024-01-17,2024-01-24,5,down,down,0.8653200268745422,0.03011843003332615,0.10456153005361557
"Tesla, Inc.",2024-01-18,2024-01-25,5,down,down,0.7348859310150146,0.04528949409723282,0.21982459723949432
"Tesla, Inc.",2024-01-19,2024-01-26,5,down,up,0.4585009813308716,0.05201825127005577,0.48948073387145996
"Tesla, Inc.",2024-01-22,2024-01-29,5,down,down,0.5343907475471497,0.07635252922773361,0.3892567455768585
"Tesla, Inc.",2024-01-23,2024-01-30,5,down,up,0.2527899742126465,0.06966692209243774,0.6775431036949158
"Tesla, Inc.",2024-01-24,2024-01-31,5,down,up,0.07931138575077057,0.04701625183224678,0.873672366142273
"Tesla, Inc.",2024-01-25,2024-02-01,5,flat,up,0.05811956524848938,0.14149697124958038,0.8003835082054138
"Tesla, Inc.",2024-01-26,2024-02-02,5,flat,up,0.023084701970219612,0.021615443751215935,0.9552997946739197
"Tesla, Inc.",2024-01-29,2024-02-05,5,down,up,0.019408738240599632,0.022272536531090736,0.9583186507225037
"Tesla, Inc.",2024-01-30,2024-02-06,5,down,up,0.0027619849424809217,0.023771438747644424,0.9734665751457214
"Tesla, Inc.",2024-01-31,2024-02-07,5,flat,up,0.003602210897952318,0.018488718196749687,0.9779090881347656
"Tesla, Inc.",2024-02-01,2024-02-08,5,flat,up,0.0016544489189982414,0.00786055438220501,0.9904850721359253
"Tesla, Inc.",2024-02-02,2024-02-09,5,up,up,0.001965211471542716,0.008363247849047184,0.9896714687347412
"Tesla, Inc.",2024-02-05,2024-02-12,5,up,up,0.0055210646241903305,0.02681042067706585,0.9676685333251953
"Tesla, Inc.",2024-02-06,2024-02-13,5,flat,up,0.006620327942073345,0.01950891874730587,0.9738707542419434
"Tesla, Inc.",2024-02-07,2024-02-14,5,flat,up,0.006994964089244604,0.03363868594169617,0.9593663215637207
"Tesla, Inc.",2024-02-08,2024-02-15,5,up,up,0.03176083788275719,0.07283028960227966,0.8954089283943176
"Tesla, Inc.",2024-02-09,2024-02-16,5,up,up,0.05289326608181,0.16387632489204407,0.7832303643226624
"Tesla, Inc.",2024-02-12,2024-02-20,5,flat,up,0.05533541738986969,0.1687733232975006,0.7758912444114685
"Tesla, Inc.",2024-02-13,2024-02-21,5,up,up,0.006342597771435976,0.030618611723184586,0.9630388021469116
"Tesla, Inc.",2024-02-14,2024-02-22,5,up,up,0.011621259152889252,0.04014553129673004,0.9482332468032837
"Tesla, Inc.",2024-02-15,2024-02-23,5,flat,flat,0.05376190319657326,0.5266003608703613,0.4196377694606781
"Tesla, Inc.",2024-02-16,2024-02-26,5,down,flat,0.08445310592651367,0.5764262676239014,0.33912065625190735
"Tesla, Inc.",2024-02-20,2024-02-27,5,up,up,0.07139000296592712,0.30752032995224,0.6210896968841553
"Tesla, Inc.",2024-02-21,2024-02-28,5,up,up,0.22699156403541565,0.34430018067359924,0.4287082850933075
"Tesla, Inc.",2024-02-22,2024-02-29,5,up,up,0.12444103509187698,0.36396658420562744,0.5115923881530762
"Tesla, Inc.",2024-02-23,2024-03-01,5,up,up,0.12360164523124695,0.2944336235523224,0.5819647312164307
"Tesla, Inc.",2024-02-26,2024-03-04,5,flat,flat,0.1707598716020584,0.5247846841812134,0.304455429315567
"Tesla, Inc.",2024-02-27,2024-03-05,5,down,flat,0.11531616747379303,0.6451749205589294,0.23950891196727753
"Tesla, Inc.",2024-02-28,2024-03-06,5,down,up,0.08660232275724411,0.42197924852371216,0.49141842126846313
"Tesla, Inc.",2024-02-29,2024-03-07,5,down,flat,0.09988227486610413,0.5217928290367126,0.3783248960971832
"Tesla, Inc.",2024-03-01,2024-03-08,5,down,flat,0.08512022346258163,0.4693932831287384,0.44548651576042175
"Tesla, Inc.",2024-03-04,2024-03-11,5,down,up,0.034844186156988144,0.17528347671031952,0.7898723483085632
"Tesla, Inc.",2024-03-05,2024-03-12,5,down,up,0.04129621759057045,0.059796836227178574,0.8989070057868958
"Tesla, Inc.",2024-03-06,2024-03-13,5,down,up,0.023474128916859627,0.03728127107024193,0.9392446279525757
"Tesla, Inc.",2024-03-07,2024-03-14,5,down,up,0.032748423516750336,0.030838126316666603,0.9364134669303894
"Tesla, Inc.",2024-03-08,2024-03-15,5,down,up,0.010046121664345264,0.045878153294324875,0.9440757632255554
"Tesla, Inc.",2024-03-11,2024-03-18,5,down,up,0.007704919204115868,0.03269428759813309,0.9596008658409119
"Tesla, Inc.",2024-03-12,2024-03-19,5,down,up,0.006330025382339954,0.03858132287859917,0.9550886750221252
"Tesla, Inc.",2024-03-13,2024-03-20,5,flat,up,0.0200406014919281,0.04401055723428726,0.9359488487243652
"Tesla, Inc.",2024-03-14,2024-03-21,5,up,up,0.0356418639421463,0.06792048364877701,0.8964376449584961
"Tesla, Inc.",2024-03-15,2024-03-22,5,up,up,0.08226299285888672,0.034152742475271225,0.8835843205451965
"Tesla, Inc.",2024-03-18,2024-03-25,5,flat,up,0.015626827254891396,0.09414928406476974,0.8902238607406616
"Tesla, Inc.",2024-03-19,2024-03-26,5,up,up,0.030863111838698387,0.15211713314056396,0.8170197606086731
"Tesla, Inc.",2024-03-20,2024-03-27,5,up,up,0.022602833807468414,0.24861854314804077,0.7287786602973938
"Tesla, Inc.",2024-03-21,2024-03-28,5,flat,up,0.15649552643299103,0.37020957469940186,0.47329485416412354
"Tesla, Inc.",2024-03-22,2024-04-01,5,up,up,0.05118265002965927,0.15023581683635712,0.7985815405845642
"Tesla, Inc.",2024-03-25,2024-04-02,5,down,up,0.031165799126029015,0.03830062225461006,0.9305336475372314
"Tesla, Inc.",2024-03-26,2024-04-03,5,down,flat,0.15548162162303925,0.5643942952156067,0.28012406826019287
"Tesla, Inc.",2024-03-27,2024-04-04,5,down,up,0.18377050757408142,0.3380431830883026,0.47818633913993835
"Tesla, Inc.",2024-03-28,2024-04-05,5,down,up,0.05467478185892105,0.4224063456058502,0.5229188799858093
"Tesla, Inc.",2024-04-01,2024-04-08,5,flat,up,0.01857205480337143,0.38400256633758545,0.5974254012107849
"Tesla, Inc.",2024-04-02,2024-04-09,5,up,up,0.006986159365624189,0.026814661920070648,0.9661991596221924
"Tesla, Inc.",2024-04-03,2024-04-10,5,up,up,0.013385592959821224,0.02036919817328453,0.9662452340126038
"Tesla, Inc.",2024-04-04,2024-04-11,5,flat,up,0.020365284755825996,0.18240498006343842,0.7972297072410583
"Tesla, Inc.",2024-04-05,2024-04-12,5,up,up,0.012678688392043114,0.19747185707092285,0.7898494601249695
"Tesla, Inc.",2024-04-08,2024-04-15,5,down,flat,0.0376521535217762,0.5391449928283691,0.42320287227630615
"Tesla, Inc.",2024-04-09,2024-04-16,5,down,flat,0.11112719029188156,0.6235159039497375,0.2653569281101227
"Tesla, Inc.",2024-04-10,2024-04-17,5,down,flat,0.0613274909555912,0.553439736366272,0.3852327764034271
"Tesla, Inc.",2024-04-11,2024-04-18,5,down,up,0.07029327005147934,0.2552461624145508,0.6744605898857117
"Tesla, Inc.",2024-04-12,2024-04-19,5,down,up,0.039324358105659485,0.2221423238515854,0.7385332584381104
"Tesla, Inc.",2024-04-15,2024-04-22,5,down,up,0.008999750018119812,0.05727134644985199,0.9337288737297058
"Tesla, Inc.",2024-04-16,2024-04-23,5,down,up,0.06451427936553955,0.0814235657453537,0.8540621399879456
"Tesla, Inc.",2024-04-17,2024-04-24,5,up,up,0.04047709330916405,0.04064377024769783,0.9188792109489441
"Tesla, Inc.",2024-04-18,2024-04-25,5,up,up,0.02868877910077572,0.03459381312131882,0.9367174506187439
"Tesla, Inc.",2024-04-19,2024-04-26,5,up,up,0.018808536231517792,0.013051123358309269,0.9681403636932373
"Tesla, Inc.",2024-04-22,2024-04-29,5,up,up,0.029721297323703766,0.02108602039515972,0.9491927027702332
"Tesla, Inc.",2024-04-23,2024-04-30,5,up,up,0.018431123346090317,0.017296861857175827,0.9642719626426697
"Tesla, Inc.",2024-04-24,2024-05-01,5,up,flat,0.04222866892814636,0.7990676164627075,0.15870369970798492
"Tesla, Inc.",2024-04-25,2024-05-02,5,up,flat,0.10903586447238922,0.7700311541557312,0.12093297392129898
"Tesla, Inc.",2024-04-26,2024-05-03,5,up,flat,0.030982328578829765,0.7168498635292053,0.25216779112815857
"Tesla, Inc.",2024-04-29,2024-05-06,5,down,flat,0.07526839524507523,0.5999974012374878,0.32473424077033997
"Tesla, Inc.",2024-04-30,2024-05-07,5,down,flat,0.1099434420466423,0.4823891222476959,0.4076674282550812
"Tesla, Inc.",2024-05-01,2024-05-08,5,down,flat,0.17946018278598785,0.5485559105873108,0.2719838619232178
"Tesla, Inc.",2024-05-02,2024-05-09,5,down,up,0.08816855400800705,0.2947433292865753,0.6170881390571594
"Tesla, Inc.",2024-05-03,2024-05-10,5,down,up,0.1281614899635315,0.3844108581542969,0.48742762207984924
"Tesla, Inc.",2024-05-06,2024-05-13,5,down,flat,0.13835954666137695,0.6728954911231995,0.18874496221542358
"Tesla, Inc.",2024-05-07,2024-05-14,5,flat,up,0.3264354467391968,0.22463279962539673,0.4489317834377289
"Tesla, Inc.",2024-05-08,2024-05-15,5,flat,up,0.18449515104293823,0.25590217113494873,0.5596027374267578
"Tesla, Inc.",2024-05-09,2024-05-16,5,flat,up,0.2821928858757019,0.16660939157009125,0.5511977076530457
"Tesla, Inc.",2024-05-10,2024-05-17,5,up,up,0.3731059432029724,0.2097921073436737,0.41710197925567627
"Tesla, Inc.",2024-05-13,2024-05-20,5,flat,down,0.48445311188697815,0.10044138878583908,0.41510552167892456
"Tesla, Inc.",2024-05-14,2024-05-21,5,flat,flat,0.3440537750720978,0.4191509187221527,0.2367953360080719
"Tesla, Inc.",2024-05-15,2024-05-22,5,up,down,0.457136332988739,0.2827574610710144,0.26010623574256897
"Tesla, Inc.",2024-05-16,2024-05-23,5,flat,up,0.3057485818862915,0.29911479353904724,0.39513668417930603
"Tesla, Inc.",2024-05-17,2024-05-24,5,flat,down,0.435558557510376,0.24513791501522064,0.3193034827709198
"Tesla, Inc.",2024-05-20,2024-05-28,5,flat,down,0.47778233885765076,0.25143805146217346,0.2707796096801758
"Tesla, Inc.",2024-05-21,2024-05-29,5,down,down,0.5736168026924133,0.22384527325630188,0.2025379240512848
"Tesla, Inc.",2024-05-22,2024-05-30,5,flat,down,0.6511692404747009,0.11662324517965317,0.2322075217962265
"Tesla, Inc.",2024-05-23,2024-05-31,5,flat,down,0.5285013914108276,0.15103410184383392,0.32046452164649963
"Tesla, Inc.",2024-05-24,2024-06-03,5,flat,up,0.3248145282268524,0.16716453433036804,0.5080209374427795
"Tesla, Inc.",2024-05-28,2024-06-04,5,flat,up,0.3126416504383087,0.12878943979740143,0.5585688948631287
"Tesla, Inc.",2024-05-29,2024-06-05,5,flat,up,0.4002228081226349,0.06234490126371384,0.5374323129653931
"Tesla, Inc.",2024-05-30,2024-06-06,5,flat,down,0.528532862663269,0.08841481059789658,0.3830523192882538
"Tesla, Inc.",2024-05-31,2024-06-07,5,flat,down,0.49961352348327637,0.0807667076587677,0.4196197986602783
"Tesla, Inc.",2024-06-03,2024-06-10,5,flat,up,0.406388521194458,0.09083639085292816,0.5027750730514526
"Tesla, Inc.",2024-06-04,2024-06-11,5,down,up,0.178521528840065,0.06973566859960556,0.7517427802085876
"Tesla, Inc.",2024-06-05,2024-06-12,5,flat,up,0.16817058622837067,0.01091031450778246,0.8209190964698792
"Tesla, Inc.",2024-06-06,2024-06-13,5,up,up,0.17936234176158905,0.01660720817744732,0.8040304183959961
"Tesla, Inc.",2024-06-07,2024-06-14,5,up,up,0.31415969133377075,0.029917316511273384,0.6559229493141174
"Tesla, Inc.",2024-06-13,2024-06-18,5,flat,up,0.21634794771671295,0.05749085918068886,0.7261612415313721
"Tesla, Inc.",2024-06-14,2024-06-20,5,flat,down,0.551550567150116,0.15000052750110626,0.2984488606452942
