company,base_date,target_date,horizon,true_label,pred_label,proba_down,proba_flat,proba_up
Alphabet Inc.,2021-07-28,2021-08-03,4,flat,flat,0.3286751073178831,0.38725799523429916,0.2840668974478177
Alphabet Inc.,2021-07-29,2021-08-04,4,flat,flat,0.2863986664769147,0.40093248701575596,0.3126688465073293
Alphabet Inc.,2021-07-30,2021-08-05,4,flat,flat,0.22516152452857546,0.4283912813863173,0.3464471940851071
Alphabet Inc.,2021-08-02,2021-08-06,4,flat,up,0.18879316932368387,0.4013096661786095,0.40989716449770663
Alphabet Inc.,2021-08-03,2021-08-09,4,flat,up,0.22845528473595314,0.3756717095514988,0.39587300571254797
Alphabet Inc.,2021-08-04,2021-08-10,4,flat,up,0.2386282556275926,0.35157889487985444,0.40979284949255307
Alphabet Inc.,2021-08-05,2021-08-11,4,flat,up,0.24056149140998506,0.329222912996932,0.43021559559308287
Alphabet Inc.,2021-08-06,2021-08-12,4,flat,up,0.22185723334073099,0.31719360128698576,0.4609491653722833
Alphabet Inc.,2021-08-09,2021-08-13,4,flat,up,0.19826449935408383,0.32685047932752676,0.47488502131838956
Alphabet Inc.,2021-08-10,2021-08-16,4,flat,up,0.20043698755802516,0.33796971384321184,0.4615932985987629
Alphabet Inc.,2021-08-11,2021-08-17,4,flat,up,0.2135359592865917,0.35009448406601307,0.4363695566473952
Alphabet Inc.,2021-08-12,2021-08-18,4,flat,up,0.19633868857710082,0.3211138177858103,0.4825474936370889
Alphabet Inc.,2021-08-13,2021-08-19,4,down,up,0.16569281619982992,0.30522327569809327,0.529083908102077
Alphabet Inc.,2021-08-16,2021-08-20,4,flat,up,0.17008196142742005,0.2849703167023854,0.5449477218701946
Alphabet Inc.,2021-08-17,2021-08-23,4,up,up,0.15604098319232698,0.2697674127537115,0.5741916040539614
Alphabet Inc.,2021-08-18,2021-08-24,4,up,up,0.1597529828258066,0.2593688748975877,0.5808781422766057
Alphabet Inc.,2021-08-19,2021-08-25,4,up,up,0.1463902757739285,0.24775594668246353,0.6058537775436079
Alphabet Inc.,2021-08-20,2021-08-26,4,up,up,0.12393593137812901,0.22060618943453397,0.655457879187337
Alphabet Inc.,2021-08-23,2021-08-27,4,up,up,0.14301823839818384,0.24915744672560824,0.6078243148762078
Alphabet Inc.,2021-08-24,2021-08-30,4,up,up,0.21374230554565507,0.2847534077717303,0.5015042866826147
Alphabet Inc.,2021-08-25,2021-08-31,4,up,up,0.2552065786014834,0.2842704279611789,0.4605229934373377
Alphabet Inc.,2021-08-26,2021-09-01,4,up,up,0.26279375443111763,0.27498444341600947,0.4622218021528729
Alphabet Inc.,2021-08-27,2021-09-02,4,flat,up,0.1973538828454323,0.28737380625880227,0.5152723108957654
Alphabet Inc.,2021-08-30,2021-09-03,4,flat,up,0.17280523543652263,0.31645354202968434,0.5107412225337931
Alphabet Inc.,2021-08-31,2021-09-07,4,flat,up,0.22409600196169968,0.33184934683204614,0.44405465120625404
Alphabet Inc.,2021-09-01,2021-09-08,4,flat,up,0.2394942032777854,0.3152895069662771,0.4452162897559375
Alphabet Inc.,2021-09-02,2021-09-09,4,flat,up,0.25884157113775835,0.29991804924097015,0.44124037962127144
Alphabet Inc.,2021-09-03,2021-09-10,4,flat,up,0.2094450165297924,0.2861349139898899,0.5044200694803178
Alphabet Inc.,2021-09-07,2021-09-13,4,flat,up,0.15359773444868022,0.2712885631331172,0.5751137024182026
Alphabet Inc.,2021-09-08,2021-09-14,4,flat,up,0.18846885017782924,0.27656268610762536,0.5349684637145454
Alphabet Inc.,2021-09-09,2021-09-15,4,flat,up,0.20442778081424112,0.26767762851682486,0.5278945906689341
Alphabet Inc.,2021-09-10,2021-09-16,4,flat,up,0.22609258360400306,0.2642359235382975,0.5096714928576994
Alphabet Inc.,2021-09-13,2021-09-17,4,flat,up,0.17710497619461862,0.24463262499542152,0.5782623988099598
Alphabet Inc.,2021-09-14,2021-09-20,4,down,up,0.14429445051358547,0.24066407337379098,0.6150414761126236
Alphabet Inc.,2021-09-15,2021-09-21,4,down,up,0.16137162762176688,0.26860220008315255,0.5700261722950806
Alphabet Inc.,2021-09-16,2021-09-22,4,down,up,0.17419662525394017,0.27504025376101254,0.5507631209850473
Alphabet Inc.,2021-09-17,2021-09-23,4,flat,up,0.19638312609870914,0.27082415643597063,0.5327927174653202
Alphabet Inc.,2021-09-20,2021-09-24,4,up,up,0.1588073089462782,0.2804996299498462,0.5606930611038755
Alphabet Inc.,2021-09-21,2021-09-27,4,flat,up,0.0660134351751773,0.23074369131026878,0.703242873514554
Alphabet Inc.,2021-09-22,2021-09-28,4,down,up,0.08742267276654414,0.25860147744535034,0.6539758497881055
Alphabet Inc.,2021-09-23,2021-09-29,4,down,up,0.11266789924542582,0.2874745769993926,0.5998575237551816
Alphabet Inc.,2021-09-24,2021-09-30,4,down,up,0.15435634869811773,0.271224790699358,0.5744188606025242
Alphabet Inc.,2021-09-27,2021-10-01,4,down,up,0.18077628541609647,0.2681828383469199,0.5510408762369836
Alphabet Inc.,2021-09-28,2021-10-04,4,down,up,0.17679813591094481,0.29723676448526426,0.5259650996037909
Alphabet Inc.,2021-09-29,2021-10-05,4,flat,up,0.0901597330774694,0.2816753722885883,0.6281648946339422
Alphabet Inc.,2021-09-30,2021-10-06,4,flat,up,0.0713088557935697,0.2505021380336881,0.6781890061727422
Alphabet Inc.,2021-10-01,2021-10-07,4,up,up,0.06346158783612632,0.26690181480547237,0.6696365973584013
Alphabet Inc.,2021-10-04,2021-10-08,4,up,up,0.11578908752903773,0.2916483541592988,0.5925625583116635
Alphabet Inc.,2021-10-05,2021-10-11,4,up,up,0.11457159261077646,0.2799273188121148,0.6055010885771088
Alphabet Inc.,2021-10-06,2021-10-12,4,flat,up,0.1379748906753131,0.28361781290110694,0.57840729642358
Alphabet Inc.,2021-10-07,2021-10-13,4,flat,up,0.11153662846442387,0.32487684177728277,0.5635865297582934
Alphabet Inc.,2021-10-08,2021-10-14,4,flat,up,0.142570066108861,0.33623154367465047,0.5211983902164886
Alphabet Inc.,2021-10-11,2021-10-15,4,flat,up,0.16141298309855157,0.3624853707118205,0.4761016461896278
Alphabet Inc.,2021-10-12,2021-10-18,4,up,up,0.14550670426685675,0.34828082746150374,0.5062124682716396
Alphabet Inc.,2021-10-13,2021-10-19,4,up,up,0.10271990853777935,0.33574225343114966,0.5615378380310709
Alphabet Inc.,2021-10-14,2021-10-20,4,flat,up,0.07326121985638444,0.34492214929275017,0.5818166308508654
Alphabet Inc.,2021-10-15,2021-10-21,4,flat,up,0.12626067511179237,0.37784404780096764,0.49589527708724
Alphabet Inc.,2021-10-18,2021-10-22,4,flat,up,0.1650478097159358,0.321030107801577,0.5139220824824873
Alphabet Inc.,2021-10-19,2021-10-25,4,down,up,0.14613566256444677,0.2817351844158761,0.5721291530196772
Alphabet Inc.,2021-10-20,2021-10-26,4,down,up,0.16018466242813725,0.2883356457010914,0.5514796918707714
Alphabet Inc.,2021-10-21,2021-10-27,4,flat,up,0.11882142216358899,0.2761905908163594,0.6049879870200516
Alphabet Inc.,2021-10-22,2021-10-28,4,up,up,0.11186486711396057,0.27012078115271504,0.6180143517333244
Alphabet Inc.,2021-10-25,2021-10-29,4,up,up,0.07588641123095162,0.23328200848953043,0.690831580279518
Alphabet Inc.,2021-10-26,2021-11-01,4,up,up,0.05723473513289311,0.19707265342517355,0.7456926114419332
Alphabet Inc.,2021-10-27,2021-11-02,4,flat,up,0.09357107470257643,0.2872789461105309,0.6191499791868927
Alphabet Inc.,2021-10-28,2021-11-03,4,flat,up,0.20185545000433244,0.33943320907733576,0.4587113409183319
Alphabet Inc.,2021-10-29,2021-11-04,4,flat,up,0.3103860724336608,0.34271418782729146,0.3468997397390477
Alphabet Inc.,2021-11-01,2021-11-05,4,up,up,0.2932214679113451,0.34973674891989953,0.35704178316875546
Alphabet Inc.,2021-11-02,2021-11-08,4,up,up,0.19897309004182365,0.39253344186571515,0.40849346809246123
Alphabet Inc.,2021-11-03,2021-11-09,4,flat,up,0.13104055003049483,0.4081274561443507,0.4608319938251544
Alphabet Inc.,2021-11-04,2021-11-10,4,flat,flat,0.15304910152148893,0.44817294512974915,0.39877795334876187
Alphabet Inc.,2021-11-05,2021-11-11,4,flat,flat,0.23044622692433714,0.44218476229705517,0.32736901077860764
Alphabet Inc.,2021-11-08,2021-11-12,4,flat,flat,0.291876480594158,0.4130525551663466,0.2950709642394955
Alphabet Inc.,2021-11-09,2021-11-15,4,flat,flat,0.296890660157581,0.39174407918847814,0.311365260653941
Alphabet Inc.,2021-11-10,2021-11-16,4,flat,flat,0.26449641191214096,0.4163211335375327,0.31918245455032634
Alphabet Inc.,2021-11-11,2021-11-17,4,flat,up,0.16205007185001527,0.39414596023776516,0.44380396791221943
Alphabet Inc.,2021-11-12,2021-11-18,4,flat,up,0.16157932344340742,0.41530447934193454,0.42311619721465804
Alphabet Inc.,2021-11-15,2021-11-19,4,flat,flat,0.20941893812880907,0.4290595492577509,0.3615215126134399
Alphabet Inc.,2021-11-16,2021-11-22,4,flat,up,0.2375932636550465,0.3554858666547038,0.4069208696902498
Alphabet Inc.,2021-11-17,2021-11-23,4,flat,up,0.20841436139281702,0.3280205551012738,0.46356508350590914
Alphabet Inc.,2021-11-18,2021-11-24,4,down,up,0.16928375901536888,0.32519581131552583,0.5055204296691053
Alphabet Inc.,2021-11-19,2021-11-26,4,down,up,0.16062682197677353,0.31804160332071696,0.5213315747025096
Alphabet Inc.,2021-11-22,2021-11-29,4,down,up,0.1869922932184722,0.3313454987846768,0.4816622079968509
Alphabet Inc.,2021-11-23,2021-11-30,4,flat,up,0.154192959335626,0.31478745986375745,0.5310195808006166
Alphabet Inc.,2021-11-24,2021-12-01,4,down,up,0.10958025146341804,0.25372226321521235,0.6366974853213696
Alphabet Inc.,2021-11-26,2021-12-02,4,flat,up,0.12715841115767473,0.2677716540896552,0.6050699347526701
Alphabet Inc.,2021-11-29,2021-12-03,4,flat,up,0.09068220900074131,0.2631648193943734,0.6461529716048853
Alphabet Inc.,2021-11-30,2021-12-06,4,flat,up,0.1616169473028773,0.28023147369703555,0.558151579000087
Alphabet Inc.,2021-12-01,2021-12-07,4,up,up,0.16626815757057545,0.2866986739578815,0.547033168471543
Alphabet Inc.,2021-12-02,2021-12-08,4,up,up,0.1467053887272924,0.27259230981576044,0.5807023014569471
Alphabet Inc.,2021-12-03,2021-12-09,4,up,up,0.13185785071013065,0.28329883922386895,0.5848433100660004
Alphabet Inc.,2021-12-06,2021-12-10,4,up,up,0.15550891085754415,0.3093373514758472,0.5351537376666087
Alphabet Inc.,2021-12-07,2021-12-13,4,flat,up,0.12638386450935202,0.3727838713219997,0.5008322641686482
Alphabet Inc.,2021-12-08,2021-12-14,4,down,flat,0.22168451701921046,0.4011106848307539,0.3772047981500357
Alphabet Inc.,2021-12-09,2021-12-15,4,flat,flat,0.25089303029823656,0.4063229630691249,0.3427840066326386
Alphabet Inc.,2021-12-10,2021-12-16,4,flat,up,0.20588785090735853,0.38686436377932515,0.40724778531331635
Alphabet Inc.,2021-12-13,2021-12-17,4,down,up,0.18568237597234588,0.3854532057052627,0.42886441832239136
Alphabet Inc.,2021-12-14,2021-12-20,4,flat,up,0.14903029263686757,0.39584507701731714,0.4551246303458153
Alphabet Inc.,2021-12-15,2021-12-21,4,flat,up,0.08869492679854121,0.3754838315292008,0.535821241672258
Alphabet Inc.,2021-12-16,2021-12-22,4,flat,up,0.12283131941531825,0.3793346042567698,0.49783407632791205
Alphabet Inc.,2021-12-17,2021-12-23,4,up,up,0.18841080833802812,0.3786346817425464,0.4329545099194255
Alphabet Inc.,2021-12-20,2021-12-27,4,up,up,0.11382033409626716,0.2870973339255742,0.5990823319781586
Alphabet Inc.,2021-12-21,2021-12-28,4,up,up,0.07345895393894447,0.24461631798782893,0.6819247280732267
Alphabet Inc.,2021-12-22,2021-12-29,4,flat,up,0.09141893740903692,0.30284213237393237,0.6057389302170307
Alphabet Inc.,2021-12-23,2021-12-30,4,flat,up,0.11708454868072417,0.331781719369528,0.5511337319497479
Alphabet Inc.,2021-12-27,2021-12-31,4,flat,up,0.17718775876406337,0.31634270007894166,0.5064695411569949
Alphabet Inc.,2021-12-28,2022-01-03,4,flat,up,0.17115502353297185,0.30420639535129435,0.5246385811157338
Alphabet Inc.,2021-12-29,2022-01-04,4,flat,up,0.11518002833433882,0.2955284798423216,0.5892914918233395
Alphabet Inc.,2021-12-30,2022-01-05,4,down,up,0.08321452192380051,0.2890843056230042,0.6277011724531952
Alphabet Inc.,2021-12-31,2022-01-06,4,down,up,0.09467988590843437,0.29881339381161437,0.6065067202799513
Alphabet Inc.,2022-01-03,2022-01-07,4,down,up,0.09872722553219755,0.2813727926192794,0.619899981848523
Alphabet Inc.,2022-01-04,2022-01-10,4,down,up,0.08301188645078067,0.23716351366944594,0.6798245998797735
Alphabet Inc.,2022-01-05,2022-01-11,4,flat,up,0.12523785557781658,0.24663002563604638,0.6281321187861371
Alphabet Inc.,2022-01-06,2022-01-12,4,up,up,0.06361805099798515,0.18939811226484032,0.7469838367371745
Alphabet Inc.,2022-01-07,2022-01-13,4,up,up,0.035914643145877466,0.14758475172812313,0.8165006051259994
Alphabet Inc.,2022-01-10,2022-01-14,4,flat,up,0.04744506547640013,0.18379994636163896,0.7687549881619609
Alphabet Inc.,2022-01-11,2022-01-18,4,flat,up,0.04272704205934003,0.19721083792891284,0.7600621200117471
Alphabet Inc.,2022-01-12,2022-01-19,4,down,up,0.08034074223946086,0.23336432657914946,0.6862949311813896
Alphabet Inc.,2022-01-13,2022-01-20,4,down,up,0.18637673992297452,0.29384555064221557,0.5197777094348099
Alphabet Inc.,2022-01-14,2022-01-21,4,down,up,0.14596371785468698,0.2956504325081396,0.5583858496371734
Alphabet Inc.,2022-01-18,2022-01-24,4,down,up,0.10114514808385631,0.2831701104271991,0.6156847414889446
Alphabet Inc.,2022-01-19,2022-01-25,4,down,up,0.05572975463797305,0.2899454451166401,0.6543248002453869
Alphabet Inc.,2022-01-20,2022-01-26,4,down,up,0.07529512649581198,0.33533525325596086,0.5893696202482271
Alphabet Inc.,2022-01-21,2022-01-27,4,flat,up,0.11063183821512931,0.34581873447333195,0.5435494273115388
Alphabet Inc.,2022-01-24,2022-01-28,4,flat,up,0.10979592706666799,0.3080184094177382,0.5821856635155938
Alphabet Inc.,2022-01-25,2022-01-31,4,up,up,0.05784141389446288,0.24756019498119422,0.6945983911243429
Alphabet Inc.,2022-01-26,2022-02-01,4,up,up,0.04668947959526064,0.2554401507246229,0.6978703696801164
Alphabet Inc.,2022-01-27,2022-02-02,4,up,up,0.09369266224574765,0.3350989418692708,0.5712083958849815
Alphabet Inc.,2022-01-28,2022-02-03,4,up,up,0.1362777003685465,0.3618622368269534,0.5018600628045001
Alphabet Inc.,2022-01-31,2022-02-04,4,up,up,0.12187246223142942,0.36436355987186275,0.5137639778967079
Alphabet Inc.,2022-02-01,2022-02-07,4,flat,up,0.13327579888903515,0.4321876464736097,0.43453655463735524
Alphabet Inc.,2022-02-02,2022-02-08,4,down,flat,0.06868370822737077,0.7254547579725062,0.20586153380012298
Alphabet Inc.,2022-02-03,2022-02-09,4,flat,flat,0.3708638834643488,0.5844442198326952,0.044691896702956
Alphabet Inc.,2022-02-04,2022-02-10,4,flat,flat,0.24285088326848595,0.6851197147771043,0.07202940195440977
Alphabet Inc.,2022-02-07,2022-02-11,4,flat,flat,0.14107644694332233,0.7002437846025678,0.15867976845410983
Alphabet Inc.,2022-02-08,2022-02-14,4,flat,flat,0.09607395662532256,0.7569302224670452,0.14699582090763216
Alphabet Inc.,2022-02-09,2022-02-15,4,flat,flat,0.04565956953886442,0.7283897142917761,0.22595071616935944
Alphabet Inc.,2022-02-10,2022-02-16,4,flat,flat,0.14360929027678468,0.6816479068061444,0.17474280291707095
Alphabet Inc.,2022-02-11,2022-02-17,4,flat,flat,0.21174873507226813,0.6047572930244297,0.1834939719033022
Alphabet Inc.,2022-02-14,2022-02-18,4,flat,flat,0.13835183649193925,0.5530765780236693,0.30857158548439156
Alphabet Inc.,2022-02-15,2022-02-22,4,down,flat,0.07522284395552196,0.5192778305418804,0.40549932550259765
Alphabet Inc.,2022-02-16,2022-02-23,4,down,flat,0.11403339046483978,0.608851121351192,0.27711548818396814
Alphabet Inc.,2022-02-17,2022-02-24,4,down,flat,0.15274024233040223,0.6280581433307085,0.21920161433888924
Alphabet Inc.,2022-02-18,2022-02-25,4,flat,flat,0.15327789430577787,0.5883973579075094,0.2583247477867127
Alphabet Inc.,2022-02-22,2022-02-28,4,flat,flat,0.11473256195609581,0.589385946776238,0.29588149126766605
Alphabet Inc.,2022-02-23,2022-03-01,4,up,flat,0.055813013928560924,0.5010686029501434,0.4431183831212957
Alphabet Inc.,2022-02-24,2022-03-02,4,up,flat,0.06916513573675144,0.5456176570014813,0.3852172072617671
Alphabet Inc.,2022-02-25,2022-03-03,4,flat,flat,0.05926581501242194,0.5701965105954258,0.3705376743921524
Alphabet Inc.,2022-02-28,2022-03-04,4,flat,flat,0.14635421093866172,0.5937883052750954,0.2598574837862429
Alphabet Inc.,2022-03-01,2022-03-07,4,down,flat,0.14698099367342943,0.599334427938922,0.2536845783876486
Alphabet Inc.,2022-03-02,2022-03-08,4,down,flat,0.11892685207218504,0.5730243836859561,0.3080487642418589
Alphabet Inc.,2022-03-03,2022-03-09,4,flat,flat,0.13870677612748206,0.47637161961060875,0.3849216042619093
Alphabet Inc.,2022-03-04,2022-03-10,4,flat,flat,0.12891870170548192,0.4584151159720838,0.41266618232243435
Alphabet Inc.,2022-03-07,2022-03-11,4,flat,flat,0.11468066873273877,0.4507556414921925,0.4345636897750688
Alphabet Inc.,2022-03-08,2022-03-14,4,flat,up,0.08865872396304106,0.3986021542686805,0.5127391217682784
Alphabet Inc.,2022-03-09,2022-03-15,4,flat,up,0.05618647442514637,0.43537630573802516,0.5084372198368284
Alphabet Inc.,2022-03-10,2022-03-16,4,flat,flat,0.1543568653974137,0.46125744069195557,0.3843856939106307
Alphabet Inc.,2022-03-11,2022-03-17,4,flat,flat,0.20202916864619502,0.45173997836345814,0.3462308529903468
Alphabet Inc.,2022-03-14,2022-03-18,4,up,flat,0.24625160277265076,0.39529613557647225,0.358452261650877
Alphabet Inc.,2022-03-15,2022-03-21,4,up,up,0.11592632250467912,0.4032229601650736,0.48085071733024726
Alphabet Inc.,2022-03-16,2022-03-22,4,up,up,0.05517817784193575,0.38475256202308744,0.5600692601349768
Alphabet Inc.,2022-03-17,2022-03-23,4,up,flat,0.10305059030407311,0.4862879451546008,0.410661464541326
Alphabet Inc.,2022-03-18,2022-03-24,4,up,flat,0.17731983714192676,0.49878910881719174,0.32389105404088153
Alphabet Inc.,2022-03-21,2022-03-25,4,up,flat,0.22256513548275497,0.4649194825455621,0.3125153819716831
Alphabet Inc.,2022-03-22,2022-03-28,4,flat,flat,0.19858717300469664,0.49989934314873824,0.3015134838465652
Alphabet Inc.,2022-03-23,2022-03-29,4,up,flat,0.19003924331122704,0.5381850764774744,0.27177568021129855
Alphabet Inc.,2022-03-24,2022-03-30,4,flat,flat,0.16934665225841078,0.5599882078810702,0.27066513986051904
Alphabet Inc.,2022-03-25,2022-03-31,4,flat,flat,0.19565937890782306,0.5146002534997955,0.2897403675923814
Alphabet Inc.,2022-03-28,2022-04-01,4,flat,flat,0.22336553109386567,0.49236582030338893,0.28426864860274537
Alphabet Inc.,2022-03-29,2022-04-04,4,flat,flat,0.1669975017754492,0.4610208227478403,0.3719816754767106
Alphabet Inc.,2022-03-30,2022-04-05,4,flat,flat,0.23925398478070645,0.4439143156691252,0.3168316995501683
Alphabet Inc.,2022-03-31,2022-04-06,4,flat,flat,0.24199129310140483,0.43603633962156774,0.32197236727702744
Alphabet Inc.,2022-04-01,2022-04-07,4,down,up,0.18375403787700392,0.3889059157726859,0.42734004635031025
Alphabet Inc.,2022-04-04,2022-04-08,4,down,up,0.140865441863845,0.3751457393932083,0.4839888187429466
Alphabet Inc.,2022-04-05,2022-04-11,4,down,up,0.2052487173052614,0.3867639555954695,0.4079873270992691
Alphabet Inc.,2022-04-06,2022-04-12,4,down,flat,0.2814470095392425,0.37810622943134115,0.34044676102941634
Alphabet Inc.,2022-04-07,2022-04-13,4,down,up,0.1721919224355078,0.3300322281372802,0.4977758494272121
Alphabet Inc.,2022-04-08,2022-04-14,4,down,up,0.12674954998527949,0.31735015200195066,0.5559002980127699
Alphabet Inc.,2022-04-11,2022-04-18,4,down,up,0.11693298069589769,0.3250673814608595,0.5579996378432428
Alphabet Inc.,2022-04-12,2022-04-19,4,flat,up,0.08236315180401703,0.30712577459989665,0.6105110735960864
Alphabet Inc.,2022-04-13,2022-04-20,4,flat,up,0.10715678048700872,0.28135522375307576,0.6114879957599155
Alphabet Inc.,2022-04-14,2022-04-21,4,flat,up,0.1289336619431624,0.3026150186642418,0.5684513193925957
Alphabet Inc.,2022-04-18,2022-04-22,4,down,up,0.13097645036666622,0.2929856774012308,0.576037872232103
Alphabet Inc.,2022-04-19,2022-04-25,4,down,up,0.11186848949803922,0.306086527340837,0.5820449831611236
Alphabet Inc.,2022-04-20,2022-04-26,4,down,up,0.158454148241257,0.35893992131478664,0.4826059304439564
Alphabet Inc.,2022-04-21,2022-04-27,4,down,flat,0.20243541861798653,0.4042501921092563,0.39331438927275714
Alphabet Inc.,2022-04-22,2022-04-28,4,down,flat,0.1758983602140911,0.418262520712083,0.40583911907382586
Alphabet Inc.,2022-04-25,2022-04-29,4,down,up,0.0798113824040071,0.3644301812664223,0.5557584363295706
Alphabet Inc.,2022-04-26,2022-05-02,4,down,up,0.0679764756196061,0.370037823462314,0.56198570091808
Alphabet Inc.,2022-04-27,2022-05-03,4,flat,up,0.12969503596107665,0.4284135836264703,0.44189138041245296
Alphabet Inc.,2022-04-28,2022-05-04,4,flat,up,0.04264212715329791,0.3458432995873229,0.6115145732593791
Alphabet Inc.,2022-04-29,2022-05-05,4,flat,up,0.13209316597719398,0.3954756846896696,0.47243114933313646
Alphabet Inc.,2022-05-02,2022-05-06,4,flat,up,0.11755117005933816,0.42291404061344495,0.4595347893272169
Alphabet Inc.,2022-05-03,2022-05-09,4,flat,up,0.05985787952809181,0.33437308725824366,0.6057690332136645
Alphabet Inc.,2022-05-04,2022-05-10,4,down,flat,0.11719588830948563,0.4657458459408127,0.4170582657497016
Alphabet Inc.,2022-05-05,2022-05-11,4,flat,flat,0.18317010538175568,0.5254850439863606,0.2913448506318837
Alphabet Inc.,2022-05-06,2022-05-12,4,flat,flat,0.15270425699377832,0.5068648864143356,0.34043085659188604
Alphabet Inc.,2022-05-09,2022-05-13,4,flat,flat,0.10558382881351079,0.4537579369178241,0.4406582342686651
Alphabet Inc.,2022-05-10,2022-05-16,4,flat,up,0.052660084332591915,0.4399120351687575,0.5074278804986506
Alphabet Inc.,2022-05-11,2022-05-17,4,flat,up,0.0771609068343992,0.4490619534467904,0.47377713971881036
Alphabet Inc.,2022-05-12,2022-05-18,4,flat,up,0.11143625197376332,0.4317422092247972,0.45682153880143955
Alphabet Inc.,2022-05-13,2022-05-19,4,flat,up,0.06472411540960545,0.3799151490415807,0.5553607355488138
Alphabet Inc.,2022-05-16,2022-05-20,4,down,up,0.13086750838095232,0.4159486494044024,0.45318384221464536
Alphabet Inc.,2022-05-17,2022-05-23,4,down,up,0.08342542604404174,0.40075078561497157,0.5158237883409866
Alphabet Inc.,2022-05-18,2022-05-24,4,down,up,0.11918148995056366,0.38443403099964796,0.4963844790497883
Alphabet Inc.,2022-05-19,2022-05-25,4,down,up,0.0844751836621868,0.3543226095222221,0.5612022068155911
Alphabet Inc.,2022-05-20,2022-05-26,4,flat,up,0.05439094839427188,0.30955492529971174,0.6360541263060164
Alphabet Inc.,2022-05-23,2022-05-27,4,flat,up,0.0389487743897513,0.3069159081526371,0.6541353174576116
Alphabet Inc.,2022-05-24,2022-05-31,4,up,up,0.09708312031749859,0.3905635920338808,0.5123532876486206
Alphabet Inc.,2022-05-25,2022-06-01,4,up,up,0.035212945853013565,0.239945357578734,0.7248416965682524
Alphabet Inc.,2022-05-26,2022-06-02,4,up,up,0.03589859022092821,0.21550887145530795,0.7485925383237639
Alphabet Inc.,2022-05-27,2022-06-03,4,flat,up,0.0503487842091967,0.3514331448929314,0.5982180708978718
Alphabet Inc.,2022-05-31,2022-06-06,4,flat,up,0.10630352670344001,0.4443050623475655,0.4493914109489946
Alphabet Inc.,2022-06-01,2022-06-07,4,flat,flat,0.21807503076836415,0.4742092254277744,0.30771574380386146
Alphabet Inc.,2022-06-02,2022-06-08,4,flat,flat,0.19678772140475237,0.47747315338977303,0.3257391252054746
Alphabet Inc.,2022-06-03,2022-06-09,4,flat,flat,0.15429868474104594,0.5068706435629697,0.3388306716959843
Alphabet Inc.,2022-06-06,2022-06-10,4,down,flat,0.09232961646810844,0.5549380159943444,0.35273236753754705
Alphabet Inc.,2022-06-07,2022-06-13,4,down,flat,0.15725525548260852,0.5811385077844363,0.2616062367329552
Alphabet Inc.,2022-06-08,2022-06-14,4,down,flat,0.14085430074528849,0.5503011396791695,0.308844559575542
Alphabet Inc.,2022-06-09,2022-06-15,4,down,flat,0.1948482531149331,0.5040368232790404,0.3011149236060263
Alphabet Inc.,2022-06-10,2022-06-16,4,down,flat,0.1922554278735817,0.4798209402099804,0.327923631916438
Alphabet Inc.,2022-06-13,2022-06-17,4,flat,flat,0.12441709784953157,0.44373962941917344,0.4318432727312951
Alphabet Inc.,2022-06-14,2022-06-21,4,up,up,0.04343892972525837,0.311479119732445,0.6450819505422966
Alphabet Inc.,2022-06-15,2022-06-22,4,flat,up,0.04422576985938275,0.3669689425106176,0.5888052876299996
Alphabet Inc.,2022-06-16,2022-06-23,4,up,flat,0.15084682015132234,0.46787178487845377,0.38128139497022384
Alphabet Inc.,2022-06-17,2022-06-24,4,up,up,0.1388702978009985,0.41553328868514156,0.44559641351386
Alphabet Inc.,2022-06-21,2022-06-27,4,up,up,0.10654871483536513,0.42424707476983753,0.4692042103947973
Alphabet Inc.,2022-06-22,2022-06-28,4,flat,flat,0.1604203287311338,0.5254709425915406,0.31410872867732553
Alphabet Inc.,2022-06-23,2022-06-29,4,flat,flat,0.1625552974432019,0.5246927387606368,0.3127519637961614
Alphabet Inc.,2022-06-24,2022-06-30,4,down,flat,0.14798789611800858,0.5610900395716284,0.290922064310363
Alphabet Inc.,2022-06-27,2022-07-01,4,down,flat,0.22084426126615672,0.5770470775176337,0.20210866121620946
Alphabet Inc.,2022-06-28,2022-07-05,4,down,flat,0.26492470567298937,0.5799245283926621,0.15515076593434862
Alphabet Inc.,2022-06-29,2022-07-06,4,flat,flat,0.185123810845078,0.5665956522662616,0.24828053688866042
Alphabet Inc.,2022-06-30,2022-07-07,4,up,flat,0.15174823416074532,0.5585740412717717,0.2896777245674831
Alphabet Inc.,2022-07-01,2022-07-08,4,up,flat,0.09042703044895922,0.535669335064062,0.37390363448697883
Alphabet Inc.,2022-07-05,2022-07-11,4,up,flat,0.07798852447904109,0.5392761604618381,0.3827353150591208
Alphabet Inc.,2022-07-06,2022-07-12,4,flat,flat,0.12800161118220826,0.5936949034102996,0.27830348540749206
Alphabet Inc.,2022-07-07,2022-07-13,4,down,flat,0.2476063866489448,0.5847273851980865,0.16766622815296867
Alphabet Inc.,2022-07-08,2022-07-14,4,down,flat,0.33847890154066557,0.5322315789276296,0.12928951953170478
Alphabet Inc.,2022-07-11,2022-07-15,4,down,flat,0.3454556662177529,0.5316166996289754,0.12292763415327174
Alphabet Inc.,2022-07-12,2022-07-18,4,down,flat,0.23478257280894624,0.5933483835201615,0.17186904367089223
Alphabet Inc.,2022-07-13,2022-07-19,4,flat,flat,0.17708022623746614,0.6193943205803248,0.20352545318220902
Alphabet Inc.,2022-07-14,2022-07-20,4,flat,flat,0.12205351295376561,0.635858762280946,0.24208772476528836
Alphabet Inc.,2022-07-15,2022-07-21,4,flat,flat,0.08793225760060838,0.5748834319436373,0.33718431045575425
Alphabet Inc.,2022-07-18,2022-07-22,4,flat,flat,0.20217590786562992,0.5667282491446787,0.23109584298969138
Alphabet Inc.,2022-07-19,2022-07-25,4,down,flat,0.18717192965634596,0.5468524072486173,0.2659756630950368
Alphabet Inc.,2022-07-20,2022-07-26,4,down,flat,0.22281872985317025,0.5129834185712758,0.2641978515755539
Alphabet Inc.,2022-07-21,2022-07-27,4,flat,flat,0.27801310755643976,0.518812126320254,0.20317476612330626
Alphabet Inc.,2022-07-22,2022-07-28,4,flat,flat,0.2777246601105321,0.563273347794235,0.1590019920952329
Alphabet Inc.,2022-07-25,2022-07-29,4,up,flat,0.1532927582860306,0.5475982058141039,0.29910903589986565
Alphabet Inc.,2022-07-26,2022-08-01,4,up,flat,0.1373519649152263,0.5377134276892775,0.32493460739549607
Alphabet Inc.,2022-07-27,2022-08-02,4,flat,flat,0.05763601782582632,0.6193454839427234,0.3230184982314503
Alphabet Inc.,2022-07-28,2022-08-03,4,flat,flat,0.16663515039849827,0.6422382326250576,0.191126616976444
Alphabet Inc.,2022-07-29,2022-08-04,4,flat,flat,0.28618968315911414,0.5916633886877667,0.12214692815311923
Alphabet Inc.,2022-08-01,2022-08-05,4,flat,flat,0.3164773809485,0.5413743329385553,0.1421482861129448
Alphabet Inc.,2022-08-02,2022-08-08,4,flat,flat,0.28434585643624327,0.5706919144353801,0.1449622291283766
Alphabet Inc.,2022-08-03,2022-08-09,4,flat,flat,0.1602781982111588,0.6540251558019328,0.18569664598690838
Alphabet Inc.,2022-08-04,2022-08-10,4,flat,flat,0.19356694053709098,0.6595408424321338,0.14689221703077515
Alphabet Inc.,2022-08-05,2022-08-11,4,flat,flat,0.2548094301194873,0.6084115240991894,0.1367790457813231
Alphabet Inc.,2022-08-08,2022-08-12,4,flat,flat,0.21266673589743745,0.592280640483222,0.1950526236193404
Alphabet Inc.,2022-08-09,2022-08-15,4,up,flat,0.26463532714195986,0.5402975837694423,0.19506708908859785
Alphabet Inc.,2022-08-10,2022-08-16,4,flat,flat,0.1713740064286492,0.5849097895608764,0.24371620401047445
Alphabet Inc.,2022-08-11,2022-08-17,4,flat,flat,0.24186822318036846,0.53075551967197,0.22737625714766146
Alphabet Inc.,2022-08-12,2022-08-18,4,flat,flat,0.2750020130842823,0.5284517376256306,0.19654624929008704
Alphabet Inc.,2022-08-15,2022-08-19,4,down,flat,0.2733148401785917,0.503878652155832,0.2228065076655763
Alphabet Inc.,2022-08-16,2022-08-22,4,down,flat,0.26481586447284056,0.47191125768655956,0.2632728778405998
Alphabet Inc.,2022-08-17,2022-08-23,4,down,flat,0.24544692997132286,0.47785788876375745,0.2766951812649197
Alphabet Inc.,2022-08-18,2022-08-24,4,down,flat,0.18832377629402075,0.4752636726627813,0.336412551043198
Alphabet Inc.,2022-08-19,2022-08-25,4,flat,flat,0.22724847874950843,0.4411885912402123,0.33156293001027926
Alphabet Inc.,2022-08-22,2022-08-26,4,flat,flat,0.219836907861418,0.4450683492473509,0.33509474289123103
Alphabet Inc.,2022-08-23,2022-08-29,4,down,up,0.12892777788819518,0.37290632160375736,0.4981659005080476
Alphabet Inc.,2022-08-24,2022-08-30,4,down,up,0.15114262478338902,0.32720519415428534,0.5216521810623257
Alphabet Inc.,2022-08-25,2022-08-31,4,down,up,0.14738354741081935,0.3524224988980736,0.5001939536911071
Alphabet Inc.,2022-08-26,2022-09-01,4,down,flat,0.2875215803730336,0.3718753651987863,0.34060305442818006
Alphabet Inc.,2022-08-29,2022-09-02,4,flat,up,0.25122825625314077,0.37062304100126825,0.37814870274559104
Alphabet Inc.,2022-08-30,2022-09-06,4,flat,up,0.1260827744715025,0.3323798681261648,0.5415373574023326
Alphabet Inc.,2022-08-31,2022-09-07,4,flat,up,0.10610094776918207,0.3538165984229708,0.540082453807847
Alphabet Inc.,2022-09-01,2022-09-08,4,flat,up,0.13421456890794486,0.3884239089956382,0.47736152209641697
Alphabet Inc.,2022-09-02,2022-09-09,4,flat,up,0.15946266763462463,0.38956324052223584,0.45097409184313947
Alphabet Inc.,2022-09-06,2022-09-12,4,up,up,0.23195762529141567,0.36674926968296295,0.4012931050256213
Alphabet Inc.,2022-09-07,2022-09-13,4,flat,up,0.11817103091040408,0.3716401982815842,0.5101887708080117
Alphabet Inc.,2022-09-08,2022-09-14,4,down,up,0.14983950596790302,0.371675845332769,0.47848464869932805
Alphabet Inc.,2022-09-09,2022-09-15,4,down,up,0.1399277992950155,0.41049001050312156,0.4495821902018629
Alphabet Inc.,2022-09-12,2022-09-16,4,down,up,0.17358200753380962,0.39292101369715826,0.4334969787690322
Alphabet Inc.,2022-09-13,2022-09-19,4,down,flat,0.28765717239428557,0.4196018403895879,0.29274098721612657
Alphabet Inc.,2022-09-14,2022-09-20,4,down,up,0.11572716581603465,0.3709301106460041,0.5133427235379612
Alphabet Inc.,2022-09-15,2022-09-21,4,flat,up,0.0773850375415161,0.32769923251674116,0.5949157299417428
Alphabet Inc.,2022-09-16,2022-09-22,4,flat,up,0.07499293028429932,0.31651234545341905,0.6084947242622817
Alphabet Inc.,2022-09-19,2022-09-23,4,down,up,0.06358220059665268,0.2796504984240844,0.6567673009792628
Alphabet Inc.,2022-09-20,2022-09-26,4,down,up,0.1143373932588667,0.26644763601561905,0.6192149707255142
Alphabet Inc.,2022-09-21,2022-09-27,4,flat,up,0.11739605972517092,0.26292722422708975,0.6196767160477392
Alphabet Inc.,2022-09-22,2022-09-28,4,flat,up,0.09427756533120336,0.24160683126303453,0.664115603405762
Alphabet Inc.,2022-09-23,2022-09-29,4,flat,up,0.08276871539571337,0.22665248591916795,0.6905787986851187
Alphabet Inc.,2022-09-26,2022-09-30,4,flat,up,0.07855215808376145,0.23123243936162705,0.6902154025546116
Alphabet Inc.,2022-09-27,2022-10-03,4,flat,up,0.08710238810269195,0.2336529382880959,0.6792446736092121
Alphabet Inc.,2022-09-28,2022-10-04,4,flat,up,0.09180910362544331,0.24816249172035765,0.6600284046541991
Alphabet Inc.,2022-09-29,2022-10-05,4,up,up,0.13744628744333212,0.2715517546020438,0.5910019579546242
Alphabet Inc.,2022-09-30,2022-10-06,4,up,up,0.12450309599141149,0.2695360658013137,0.6059608382072749
Alphabet Inc.,2022-10-03,2022-10-07,4,flat,up,0.07170465486728787,0.230238379018586,0.6980569661141262
Alphabet Inc.,2022-10-04,2022-10-10,4,flat,up,0.06722930334984442,0.2973342429983575,0.6354364536517981
Alphabet Inc.,2022-10-05,2022-10-11,4,flat,up,0.1820261614397161,0.36117522150606085,0.45679861705422314
Alphabet Inc.,2022-10-06,2022-10-12,4,down,up,0.15738889209535148,0.34931021631127307,0.4933008915933755
Alphabet Inc.,2022-10-07,2022-10-13,4,flat,up,0.20400672150731008,0.3232346997262371,0.47275857876645266
Alphabet Inc.,2022-10-10,2022-10-14,4,flat,up,0.11939000186596363,0.30819830056002484,0.5724116975740116
Alphabet Inc.,2022-10-11,2022-10-17,4,flat,up,0.08408715439314839,0.2509231379882882,0.6649897076185634
Alphabet Inc.,2022-10-12,2022-10-18,4,up,up,0.08521988453437129,0.2563612390985513,0.6584188763670774
Alphabet Inc.,2022-10-13,2022-10-19,4,flat,up,0.12901809858310856,0.2774581773439709,0.5935237240729205
Alphabet Inc.,2022-10-14,2022-10-20,4,flat,up,0.12432201290929946,0.27964020532212336,0.596037781768577
Alphabet Inc.,2022-10-17,2022-10-21,4,flat,up,0.1528171892388533,0.30044953899913523,0.5467332717620116
Alphabet Inc.,2022-10-18,2022-10-24,4,flat,up,0.16720770770082646,0.35132369198384206,0.4814686003153315
Alphabet Inc.,2022-10-19,2022-10-25,4,up,up,0.2728521272883742,0.34876778636123973,0.3783800863503861
Alphabet Inc.,2022-10-20,2022-10-26,4,down,up,0.16567072793856266,0.3505137032484674,0.48381556881296994
Alphabet Inc.,2022-10-21,2022-10-27,4,down,up,0.17672802804189205,0.3485382499703156,0.4747337219877923
Alphabet Inc.,2022-10-24,2022-10-28,4,down,up,0.107383817344879,0.38276163460562723,0.5098545480494938
Alphabet Inc.,2022-10-25,2022-10-31,4,down,up,0.1439976474165311,0.40829930099500006,0.44770305158846885
Alphabet Inc.,2022-10-26,2022-11-01,4,flat,flat,0.3601016283733119,0.47877330168720034,0.16112506993948786
Alphabet Inc.,2022-10-27,2022-11-02,4,down,flat,0.11241549969799595,0.4652779994546227,0.4223065008473812
Alphabet Inc.,2022-10-28,2022-11-03,4,down,up,0.04735891884054576,0.403660034199627,0.5489810469598273
Alphabet Inc.,2022-10-31,2022-11-04,4,down,flat,0.06622135169002291,0.5281740965913628,0.40560455171861426
Alphabet Inc.,2022-11-01,2022-11-07,4,down,flat,0.15107387645045442,0.5667450449197877,0.2821810786297578
Alphabet Inc.,2022-11-02,2022-11-08,4,flat,flat,0.2379445398754498,0.48695096520831194,0.27510449491623834
Alphabet Inc.,2022-11-03,2022-11-09,4,flat,flat,0.15329701235956075,0.4583862824273745,0.3883167052130648
Alphabet Inc.,2022-11-04,2022-11-10,4,up,up,0.03431959050584615,0.39512743694366187,0.570552972550492
Alphabet Inc.,2022-11-07,2022-11-11,4,up,up,0.03525537678136871,0.4801125344795336,0.48463208873909774
Alphabet Inc.,2022-11-08,2022-11-14,4,up,flat,0.09794957462433773,0.6233153548989168,0.27873507047674567
Alphabet Inc.,2022-11-09,2022-11-15,4,up,flat,0.19320543925177788,0.5761231645481361,0.230671396200086
Alphabet Inc.,2022-11-10,2022-11-16,4,up,flat,0.09110540031673367,0.6365224329530733,0.2723721667301931
Alphabet Inc.,2022-11-11,2022-11-17,4,flat,flat,0.14484306525668433,0.700685740806192,0.15447119393712383
Alphabet Inc.,2022-11-14,2022-11-18,4,flat,flat,0.17033625461378366,0.733576197324875,0.09608754806134136
Alphabet Inc.,2022-11-15,2022-11-21,4,flat,flat,0.12025098779145121,0.7194662176853734,0.1602827945231754
Alphabet Inc.,2022-11-16,2022-11-22,4,flat,flat,0.19271137980413658,0.6832897755169431,0.12399884467892029
Alphabet Inc.,2022-11-17,2022-11-23,4,flat,flat,0.1407082663105658,0.7048080631216836,0.15448367056775048
Alphabet Inc.,2022-11-18,2022-11-25,4,flat,flat,0.10510953146264644,0.6833457899868935,0.2115446785504599
Alphabet Inc.,2022-11-21,2022-11-28,4,flat,flat,0.13705742793325576,0.6414225518791599,0.2215200201875845
Alphabet Inc.,2022-11-22,2022-11-29,4,flat,flat,0.11289453407095854,0.609188089465378,0.27791737646366355
Alphabet Inc.,2022-11-23,2022-11-30,4,flat,flat,0.10547864635956242,0.5019782085486839,0.3925431450917537
Alphabet Inc.,2022-11-25,2022-12-01,4,up,flat,0.18651255076317017,0.4948315874521185,0.3186558617847113
Alphabet Inc.,2022-11-28,2022-12-02,4,up,flat,0.22617973781366862,0.4890497120908071,0.2847705500955241
Alphabet Inc.,2022-11-29,2022-12-05,4,up,flat,0.19036518118639442,0.45930792664977144,0.3503268921638341
Alphabet Inc.,2022-11-30,2022-12-06,4,flat,flat,0.12117514696956169,0.5170677561386996,0.36175709689173874
Alphabet Inc.,2022-12-01,2022-12-07,4,down,flat,0.14465687748950315,0.5321624752129749,0.3231806472975219
Alphabet Inc.,2022-12-02,2022-12-08,4,down,flat,0.3441605896957227,0.46919572978171364,0.18664368052256355
Alphabet Inc.,2022-12-05,2022-12-09,4,down,flat,0.28677596665144783,0.47005368515110585,0.24317034819744635
Alphabet Inc.,2022-12-06,2022-12-12,4,down,flat,0.2813624679287688,0.44722661393181207,0.2714109181394192
Alphabet Inc.,2022-12-07,2022-12-13,4,flat,flat,0.18632461393422262,0.5022090460494899,0.3114663400162875
Alphabet Inc.,2022-12-08,2022-12-14,4,flat,flat,0.10822001536596326,0.48197178892757625,0.4098081957064605
Alphabet Inc.,2022-12-09,2022-12-15,4,flat,up,0.14257220928112316,0.4228838681511493,0.43454392256772745
Alphabet Inc.,2022-12-12,2022-12-16,4,flat,up,0.15659561605244068,0.39007777167871466,0.4533266122688448
Alphabet Inc.,2022-12-13,2022-12-19,4,down,up,0.10006397655399438,0.4341876569340868,0.46574836651191887
Alphabet Inc.,2022-12-14,2022-12-20,4,down,flat,0.3415754617106153,0.426882195996929,0.23154234229245557
Alphabet Inc.,2022-12-15,2022-12-21,4,flat,flat,0.3283599976668188,0.4593354524670891,0.21230454986609215
Alphabet Inc.,2022-12-16,2022-12-22,4,flat,flat,0.17556183816562254,0.4461502838907436,0.37828787794363383
Alphabet Inc.,2022-12-19,2022-12-23,4,flat,flat,0.1341874257048869,0.4838824045725344,0.3819301697225787
Alphabet Inc.,2022-12-20,2022-12-27,4,flat,flat,0.10204575423145958,0.47597643532519085,0.42197781044334964
Alphabet Inc.,2022-12-21,2022-12-28,4,down,flat,0.09717203441714804,0.4635342065552271,0.43929375902762485
Alphabet Inc.,2022-12-22,2022-12-29,4,flat,flat,0.21751718853568258,0.4510394350558602,0.3314433764084573
Alphabet Inc.,2022-12-23,2022-12-30,4,flat,flat,0.14444873373432646,0.44385157418371507,0.41169969208195856
Alphabet Inc.,2022-12-27,2023-01-03,4,flat,up,0.14448427476570996,0.4191090959923085,0.43640662924198154
Alphabet Inc.,2022-12-28,2023-01-04,4,flat,flat,0.16804600838580228,0.4532934114477634,0.3786605801664342
Alphabet Inc.,2022-12-29,2023-01-05,4,flat,up,0.11297268355749969,0.43494096233046425,0.45208635411203596
Alphabet Inc.,2022-12-30,2023-01-06,4,flat,flat,0.1703386093737008,0.420073095844307,0.4095882947819922
Alphabet Inc.,2023-01-03,2023-01-09,4,flat,flat,0.1356023048993002,0.4582139079245584,0.40618378717614134
Alphabet Inc.,2023-01-04,2023-01-10,4,flat,flat,0.20332460409642003,0.4310119536090182,0.36566344229456166
Alphabet Inc.,2023-01-05,2023-01-11,4,up,flat,0.2337293786437153,0.4071529106677785,0.3591177106885062
Alphabet Inc.,2023-01-06,2023-01-12,4,up,up,0.11898781621131416,0.34649577988803276,0.534516403900653
Alphabet Inc.,2023-01-09,2023-01-13,4,up,up,0.08421092743953458,0.36473677910293256,0.5510522934575328
Alphabet Inc.,2023-01-10,2023-01-17,4,up,flat,0.17163463945544805,0.42988303226338187,0.39848232828117003
Alphabet Inc.,2023-01-11,2023-01-18,4,flat,up,0.0968679516621428,0.44208289306687815,0.4610491552709789
Alphabet Inc.,2023-01-12,2023-01-19,4,flat,flat,0.22454808328683656,0.397227613754439,0.37822430295872445
Alphabet Inc.,2023-01-13,2023-01-20,4,up,flat,0.23088157310711202,0.4130797019377357,0.3560387249551524
Alphabet Inc.,2023-01-17,2023-01-23,4,up,up,0.18843906616235065,0.37111079398805735,0.4404501398495921
Alphabet Inc.,2023-01-18,2023-01-24,4,up,up,0.18866959572869996,0.3796843699686068,0.43164603430269316
Alphabet Inc.,2023-01-19,2023-01-25,4,up,up,0.17174012987901158,0.40415367321382095,0.4241061969071675
Alphabet Inc.,2023-01-20,2023-01-26,4,flat,flat,0.11057144085762645,0.4921141902228037,0.39731436891956984
Alphabet Inc.,2023-01-23,2023-01-27,4,flat,flat,0.27762266366801447,0.5154684785392813,0.2069088577927041
Alphabet Inc.,2023-01-24,2023-01-30,4,flat,down,0.44290844797479184,0.43590349313333326,0.12118805889187485
Alphabet Inc.,2023-01-25,2023-01-31,4,flat,down,0.42477439655685745,0.42442103281438304,0.15080457062875954
Alphabet Inc.,2023-01-26,2023-02-01,4,flat,flat,0.19903613879805704,0.5158419942339788,0.2851218669679642
Alphabet Inc.,2023-01-27,2023-02-02,4,up,flat,0.1771357371582415,0.5645849647667083,0.2582792980750502
Alphabet Inc.,2023-01-30,2023-02-03,4,up,flat,0.28534078195122425,0.5624451632730743,0.15221405477570144
Alphabet Inc.,2023-01-31,2023-02-06,4,up,flat,0.2575813290123043,0.5309875726730275,0.21143109831466816
Alphabet Inc.,2023-02-01,2023-02-07,4,up,flat,0.28230814445922087,0.5015955837864425,0.21609627175433668
Alphabet Inc.,2023-02-02,2023-02-08,4,down,flat,0.16497495905985093,0.6781605962193226,0.15686444472082647
Alphabet Inc.,2023-02-03,2023-02-09,4,down,down,0.49463476052267596,0.46976272541581154,0.035602514061512484
Alphabet Inc.,2023-02-06,2023-02-10,4,down,flat,0.41879882625679266,0.5333468375252323,0.04785433621797506
Alphabet Inc.,2023-02-07,2023-02-13,4,down,flat,0.25379426212732814,0.6518822836467841,0.0943234542258878
Alphabet Inc.,2023-02-08,2023-02-14,4,down,flat,0.3463256790130196,0.6201592530857679,0.03351506790121247
Alphabet Inc.,2023-02-09,2023-02-15,4,flat,flat,0.17753766525593215,0.7603784095399276,0.06208392520414023
Alphabet Inc.,2023-02-10,2023-02-16,4,flat,flat,0.15708889779073257,0.7400884565729515,0.10282264563631587
Alphabet Inc.,2023-02-13,2023-02-17,4,flat,flat,0.15215475485450547,0.7355577770778303,0.11228746806766411
Alphabet Inc.,2023-02-14,2023-02-21,4,flat,flat,0.1408632192025551,0.7333443247517804,0.12579245604566464
Alphabet Inc.,2023-02-15,2023-02-22,4,flat,flat,0.1528443565405866,0.7203914612225565,0.12676418223685698
Alphabet Inc.,2023-02-16,2023-02-23,4,down,flat,0.24531067641397464,0.6698631664603358,0.08482615712568951
Alphabet Inc.,2023-02-17,2023-02-24,4,down,flat,0.28611524412111966,0.6333357037412342,0.08054905213764627
Alphabet Inc.,2023-02-21,2023-02-27,4,flat,flat,0.23659064568067475,0.6603269245199991,0.10308242979932619
Alphabet Inc.,2023-02-22,2023-02-28,4,flat,flat,0.15775116887629526,0.7064275816972062,0.1358212494264985
Alphabet Inc.,2023-02-23,2023-03-01,4,flat,flat,0.12736311685462165,0.7006422504290626,0.17199463271631582
Alphabet Inc.,2023-02-24,2023-03-02,4,flat,flat,0.15677008187316088,0.6721068050006356,0.17112311312620357
Alphabet Inc.,2023-02-27,2023-03-03,4,up,flat,0.12125448107643075,0.6383318508458973,0.24041366807767192
Alphabet Inc.,2023-02-28,2023-03-06,4,up,flat,0.14492520631405373,0.5966445610570302,0.25843023262891607
Alphabet Inc.,2023-03-01,2023-03-07,4,up,flat,0.12558098991129793,0.5470562290936566,0.3273627809950454
Alphabet Inc.,2023-03-02,2023-03-08,4,up,flat,0.10605980396232075,0.5000054954335874,0.3939347006040919
Alphabet Inc.,2023-03-03,2023-03-09,4,flat,up,0.12490389344809406,0.4274664046678878,0.44762970188401807
Alphabet Inc.,2023-03-06,2023-03-10,4,down,flat,0.16262254031964743,0.470451080084002,0.3669263795963505
Alphabet Inc.,2023-03-07,2023-03-13,4,down,flat,0.22416453335492487,0.4675634069216191,0.30827205972345606
Alphabet Inc.,2023-03-08,2023-03-14,4,flat,flat,0.1881974288418733,0.41839316815764965,0.3934094030004771
Alphabet Inc.,2023-03-09,2023-03-15,4,flat,up,0.2021213935085647,0.37542936339200317,0.42244924309943216
Alphabet Inc.,2023-03-10,2023-03-16,4,up,up,0.17415793537459587,0.3507147818536177,0.4751272827717865
Alphabet Inc.,2023-03-13,2023-03-17,4,up,up,0.1193840807900457,0.3114650817097113,0.5691508375002431
Alphabet Inc.,2023-03-14,2023-03-20,4,up,up,0.0912458417991773,0.3231620598597504,0.5855920983410723
Alphabet Inc.,2023-03-15,2023-03-21,4,up,up,0.1837957183801584,0.3854360182436709,0.43076826337617063
Alphabet Inc.,2023-03-16,2023-03-22,4,up,flat,0.1995565729213761,0.45338502593281077,0.34705840114581316
Alphabet Inc.,2023-03-17,2023-03-23,4,up,flat,0.325255749087023,0.4529970652505125,0.22174718566246454
Alphabet Inc.,2023-03-20,2023-03-24,4,up,down,0.4606514135126387,0.40623428167553477,0.1331143048118266
Alphabet Inc.,2023-03-21,2023-03-27,4,flat,flat,0.31491643423668064,0.5012929083466858,0.18379065741663342
Alphabet Inc.,2023-03-22,2023-03-28,4,down,flat,0.3456332355319844,0.5075070094599804,0.14685975500803516
Alphabet Inc.,2023-03-23,2023-03-29,4,down,flat,0.3451012382337744,0.5400216501961446,0.11487711157008094
Alphabet Inc.,2023-03-24,2023-03-30,4,down,flat,0.39357783989594125,0.490625012538743,0.11579714756531576
Alphabet Inc.,2023-03-27,2023-03-31,4,flat,flat,0.41586130051511416,0.467478704582999,0.11665999490188689
Alphabet Inc.,2023-03-28,2023-04-03,4,flat,flat,0.35370269891074957,0.49635473248672013,0.1499425686025303
Alphabet Inc.,2023-03-29,2023-04-04,4,flat,flat,0.22845746232226383,0.5296698730921653,0.24187266458557094
Alphabet Inc.,2023-03-30,2023-04-05,4,up,flat,0.2770240168152024,0.5083840948239022,0.21459188836089532
Alphabet Inc.,2023-03-31,2023-04-06,4,up,flat,0.24485957770060188,0.5222992876244225,0.23284113467497558
Alphabet Inc.,2023-04-03,2023-04-10,4,up,flat,0.3330135458178657,0.47369149257557247,0.19329496160656187
Alphabet Inc.,2023-04-04,2023-04-11,4,flat,flat,0.34830749289316226,0.47125944475317705,0.18043306235366072
Alphabet Inc.,2023-04-05,2023-04-12,4,flat,flat,0.3608846561128387,0.4540155323757928,0.1850998115113686
Alphabet Inc.,2023-04-06,2023-04-13,4,flat,flat,0.3092898141678117,0.5098377500691654,0.18087243576302287
Alphabet Inc.,2023-04-10,2023-04-14,4,flat,flat,0.3787698390582999,0.4861629791067533,0.13506718183494684
Alphabet Inc.,2023-04-11,2023-04-17,4,flat,flat,0.34074133318616073,0.5073353359851992,0.15192333082864012
Alphabet Inc.,2023-04-12,2023-04-18,4,flat,flat,0.3017928564396929,0.5029385453658428,0.19526859819446427
Alphabet Inc.,2023-04-13,2023-04-19,4,down,flat,0.271821751035024,0.5196013954127022,0.2085768535522738
Alphabet Inc.,2023-04-14,2023-04-20,4,down,flat,0.3084338902676442,0.49024836684609274,0.20131774288626303
Alphabet Inc.,2023-04-17,2023-04-21,4,flat,down,0.43473919506865993,0.41819270219093596,0.14706810274040408
Alphabet Inc.,2023-04-18,2023-04-24,4,flat,flat,0.2999664530747684,0.44861651058873825,0.25141703633649326
Alphabet Inc.,2023-04-19,2023-04-25,4,flat,flat,0.30620770842868,0.42484627802103214,0.26894601355028797
Alphabet Inc.,2023-04-20,2023-04-26,4,flat,flat,0.22421595865644536,0.4671572012941921,0.3086268400493625
Alphabet Inc.,2023-04-21,2023-04-27,4,flat,flat,0.24589138909545424,0.4464458836081394,0.30766272729640637
Alphabet Inc.,2023-04-24,2023-04-28,4,flat,flat,0.30398735944422683,0.43019198037442885,0.2658206601813442
Alphabet Inc.,2023-04-25,2023-05-01,4,flat,flat,0.35222816032752485,0.4017584293263613,0.24601341034611382
Alphabet Inc.,2023-04-26,2023-05-02,4,flat,flat,0.333437525416111,0.3987932265690641,0.2677692480148249
Alphabet Inc.,2023-04-27,2023-05-03,4,flat,flat,0.23170909587166386,0.43540080056587765,0.3328901035624587
Alphabet Inc.,2023-04-28,2023-05-04,4,flat,flat,0.27974356800108535,0.44366585479222437,0.27659057720669034
Alphabet Inc.,2023-05-01,2023-05-05,4,flat,flat,0.3196148351719813,0.4290034094993758,0.25138175532864293
Alphabet Inc.,2023-05-02,2023-05-08,4,flat,flat,0.36092949208092606,0.39868788719723497,0.240382620721839
Alphabet Inc.,2023-05-03,2023-05-09,4,flat,flat,0.2641909214103684,0.4027805236067542,0.33302855498287737
Alphabet Inc.,2023-05-04,2023-05-10,4,up,flat,0.24642090482079212,0.402591982670751,0.3509871125084569
Alphabet Inc.,2023-05-05,2023-05-11,4,up,up,0.19851471603922236,0.38666319697573154,0.41482208698504613
Alphabet Inc.,2023-05-08,2023-05-12,4,up,up,0.19553670149372313,0.38478446935667093,0.41967882914960597
Alphabet Inc.,2023-05-09,2023-05-15,4,up,flat,0.24810303008750098,0.40341655772417667,0.3484804121883222
Alphabet Inc.,2023-05-10,2023-05-16,4,up,flat,0.3025167799936743,0.42626376273112015,0.27121945727520563
Alphabet Inc.,2023-05-11,2023-05-17,4,up,flat,0.25403604963924636,0.5471844597203972,0.1987794906403564
Alphabet Inc.,2023-05-12,2023-05-18,4,up,down,0.47318171636881834,0.44130257937535294,0.08551570425582879
Alphabet Inc.,2023-05-15,2023-05-19,4,up,down,0.4855383202866989,0.43276108641761896,0.08170059329568215
Alphabet Inc.,2023-05-16,2023-05-22,4,up,flat,0.37364881383087806,0.4990441056391847,0.12730708052993725
Alphabet Inc.,2023-05-17,2023-05-23,4,up,flat,0.3447744281460314,0.5304577462952194,0.12476782555874935
Alphabet Inc.,2023-05-18,2023-05-24,4,flat,flat,0.3382482884374927,0.5543686276272107,0.10738308393529647
Alphabet Inc.,2023-05-19,2023-05-25,4,flat,flat,0.4228376629400846,0.4977713711470459,0.07939096591286947
Alphabet Inc.,2023-05-22,2023-05-26,4,flat,down,0.5051268119296279,0.4281891908551494,0.0666839972152228
Alphabet Inc.,2023-05-23,2023-05-30,4,flat,down,0.5179934636518307,0.4151586198114249,0.06684791653674443
Alphabet Inc.,2023-05-24,2023-05-31,4,flat,down,0.458163827579258,0.45726308084460626,0.08457309157613575
Alphabet Inc.,2023-05-25,2023-06-01,4,flat,flat,0.29676147049974205,0.5777432887866066,0.1254952407136513
Alphabet Inc.,2023-05-26,2023-06-02,4,flat,flat,0.4099291792065713,0.511632892551051,0.0784379282423776
Alphabet Inc.,2023-05-30,2023-06-05,4,flat,flat,0.4345555595415714,0.4984827950225875,0.066961645435841
Alphabet Inc.,2023-05-31,2023-06-06,4,up,down,0.4893175953722112,0.42872190277768385,0.08196050185010496
Alphabet Inc.,2023-06-01,2023-06-07,4,flat,flat,0.40222141097181147,0.47096560049726177,0.1268129885309268
Alphabet Inc.,2023-06-02,2023-06-08,4,flat,flat,0.329930835615262,0.5223270191955186,0.1477421451892193
Alphabet Inc.,2023-06-05,2023-06-09,4,flat,flat,0.3495695293063115,0.5340368191114793,0.11639365158220921
Alphabet Inc.,2023-06-06,2023-06-12,4,down,flat,0.36548174683511114,0.5203051205886164,0.11421313257627239
Alphabet Inc.,2023-06-07,2023-06-13,4,flat,flat,0.4505697866509109,0.4726602738629143,0.0767699394861748
Alphabet Inc.,2023-06-08,2023-06-14,4,flat,flat,0.37383468666224107,0.5170451093802073,0.10912020395755169
Alphabet Inc.,2023-06-09,2023-06-15,4,flat,flat,0.25543200778876474,0.5217323638816083,0.22283562832962708
Alphabet Inc.,2023-06-12,2023-06-16,4,flat,flat,0.24051605708446508,0.5309893255471639,0.22849461736837098
Alphabet Inc.,2023-06-13,2023-06-20,4,flat,flat,0.2590317415164605,0.534104145656113,0.2068641128274264
Alphabet Inc.,2023-06-14,2023-06-21,4,flat,flat,0.36594008588178767,0.46090032921540475,0.17315958490280764
Alphabet Inc.,2023-06-15,2023-06-22,4,flat,flat,0.31515419376093146,0.45164541616552223,0.23320039007354626
Alphabet Inc.,2023-06-16,2023-06-23,4,flat,flat,0.29778166358014724,0.4557232449671212,0.24649509145273152
Alphabet Inc.,2023-06-20,2023-06-26,4,down,flat,0.301612561981274,0.4648284006907447,0.2335590373279812
Alphabet Inc.,2023-06-21,2023-06-27,4,down,flat,0.2661907253514452,0.47002278241631684,0.2637864922322381
Alphabet Inc.,2023-06-22,2023-06-28,4,flat,flat,0.2311320469254506,0.4776512246173021,0.29121672845724733
Alphabet Inc.,2023-06-23,2023-06-29,4,flat,flat,0.21576431967647933,0.46700478241245463,0.3172308979110661
Alphabet Inc.,2023-06-26,2023-06-30,4,flat,flat,0.2874679164121403,0.43509420166325563,0.2774378819246041
Alphabet Inc.,2023-06-27,2023-07-03,4,flat,flat,0.26562541394821243,0.40951817152565045,0.32485641452613717
Alphabet Inc.,2023-06-28,2023-07-05,4,flat,up,0.16082383917371995,0.3696418250227478,0.4695343358035322
Alphabet Inc.,2023-06-29,2023-07-06,4,flat,up,0.17401301225765128,0.38989884188430285,0.43608814585804573
Alphabet Inc.,2023-06-30,2023-07-07,4,flat,flat,0.18227817779185174,0.41527209881403165,0.4024497233941166
Alphabet Inc.,2023-07-03,2023-07-10,4,flat,flat,0.25770487982266604,0.38183655770372843,0.36045856247360547
Alphabet Inc.,2023-07-05,2023-07-11,4,down,up,0.2130458421948709,0.39112518708051813,0.39582897072461093
Alphabet Inc.,2023-07-06,2023-07-12,4,flat,flat,0.2307689644175174,0.38773540377148447,0.38149563181099805
Alphabet Inc.,2023-07-07,2023-07-13,4,flat,up,0.1658871366241224,0.3877336698787478,0.4463791934971297
Alphabet Inc.,2023-07-10,2023-07-14,4,up,up,0.21000050328164632,0.3720611994745253,0.4179382972438283
Alphabet Inc.,2023-07-11,2023-07-17,4,up,up,0.14674282970292388,0.3519395397401888,0.5013176305568873
Alphabet Inc.,2023-07-12,2023-07-18,4,up,up,0.09601364086098334,0.33221099213034055,0.5717753670086761
Alphabet Inc.,2023-07-13,2023-07-19,4,flat,up,0.13813818143711648,0.4155981289776214,0.4462636895852621
Alphabet Inc.,2023-07-14,2023-07-20,4,down,flat,0.2386302516517999,0.4428041808514018,0.3185655674967983
Alphabet Inc.,2023-07-17,2023-07-21,4,down,flat,0.3403541563300429,0.39671118595277954,0.2629346577171775
Alphabet Inc.,2023-07-18,2023-07-24,4,flat,flat,0.2959572756284271,0.3873689433246728,0.3166737810469002
Alphabet Inc.,2023-07-19,2023-07-25,4,flat,up,0.16920128982429009,0.40270402055467236,0.42809468962103747
Alphabet Inc.,2023-07-20,2023-07-26,4,up,flat,0.16017172053096004,0.4487222206097434,0.3911060588592965
Alphabet Inc.,2023-07-21,2023-07-27,4,up,up,0.12088122590255182,0.4332534072843278,0.4458653668131204
Alphabet Inc.,2023-07-24,2023-07-28,4,up,up,0.11839441304177567,0.41482266592468864,0.46678292103353564
Alphabet Inc.,2023-07-25,2023-07-31,4,up,up,0.19138942825492544,0.4028069085578678,0.40580366318720673
Alphabet Inc.,2023-07-26,2023-08-01,4,flat,flat,0.12984432015437664,0.5187824062066594,0.351373273638964
Alphabet Inc.,2023-07-27,2023-08-02,4,flat,flat,0.392789761337784,0.47247945756125187,0.1347307811009641
Alphabet Inc.,2023-07-28,2023-08-03,4,flat,flat,0.3861108221942188,0.5044240984187643,0.1094650793870169
Alphabet Inc.,2023-07-31,2023-08-04,4,flat,flat,0.3198282851413928,0.535362432025651,0.14480928283295608
Alphabet Inc.,2023-08-01,2023-08-07,4,flat,flat,0.2963398020675675,0.5745815165994577,0.12907868133297476
Alphabet Inc.,2023-08-02,2023-08-08,4,flat,flat,0.1936515871269348,0.6285085511018496,0.17783986177121555
Alphabet Inc.,2023-08-03,2023-08-09,4,flat,flat,0.1537151286727279,0.6142140187729166,0.23207085255435547
Alphabet Inc.,2023-08-04,2023-08-10,4,flat,flat,0.1695774637966726,0.5923256506167246,0.2380968855866027
Alphabet Inc.,2023-08-07,2023-08-11,4,flat,flat,0.22270121584426333,0.5723963940340053,0.2049023901217314
Alphabet Inc.,2023-08-08,2023-08-14,4,flat,flat,0.2762036635648021,0.5187588276839111,0.20503750875128673
Alphabet Inc.,2023-08-09,2023-08-15,4,flat,flat,0.3109722246912549,0.4768648980260126,0.21216287728273245
Alphabet Inc.,2023-08-10,2023-08-16,4,flat,flat,0.2703480160749386,0.4921482038027955,0.23750378012226583
Alphabet Inc.,2023-08-11,2023-08-17,4,flat,flat,0.25302375076151645,0.5029360089331553,0.24404024030532817
Alphabet Inc.,2023-08-14,2023-08-18,4,flat,flat,0.17722110712272884,0.5408909659759401,0.2818879269013311
Alphabet Inc.,2023-08-15,2023-08-21,4,flat,flat,0.19471454871016766,0.4999100054968829,0.30537544579294934
Alphabet Inc.,2023-08-16,2023-08-22,4,flat,flat,0.21762371517487744,0.48540685792145094,0.2969694269036716
Alphabet Inc.,2023-08-17,2023-08-23,4,flat,flat,0.1606973982600824,0.44677485285622154,0.392527748883696
Alphabet Inc.,2023-08-18,2023-08-24,4,up,flat,0.22415545182323557,0.45194344923521734,0.3239010989415471
Alphabet Inc.,2023-08-21,2023-08-25,4,flat,flat,0.15142079789504354,0.45203910193919733,0.3965401001657592
Alphabet Inc.,2023-08-22,2023-08-28,4,flat,up,0.1170620141795176,0.4155328045028423,0.46740518131764014
Alphabet Inc.,2023-08-23,2023-08-29,4,flat,up,0.1934517929856398,0.39799661296405275,0.4085515940503074
Alphabet Inc.,2023-08-24,2023-08-30,4,up,flat,0.27778233697576793,0.40421202434929115,0.3180056386749409
Alphabet Inc.,2023-08-25,2023-08-31,4,up,flat,0.3230465950529689,0.3771658730841271,0.299787531862904
Alphabet Inc.,2023-08-28,2023-09-01,4,up,up,0.17104809342440405,0.38648552273287917,0.4424663838427167
Alphabet Inc.,2023-08-29,2023-09-05,4,flat,flat,0.17103300492740525,0.4518186950081211,0.37714830006447353
Alphabet Inc.,2023-08-30,2023-09-06,4,flat,flat,0.23195576754951036,0.4822758120015156,0.28576842044897416
Alphabet Inc.,2023-08-31,2023-09-07,4,flat,flat,0.2952043428173999,0.454736599029894,0.25005905815270624
Alphabet Inc.,2023-09-01,2023-09-08,4,flat,flat,0.35366272648764124,0.4169046308943377,0.229432642618021
Alphabet Inc.,2023-09-05,2023-09-11,4,flat,flat,0.3035985603082275,0.4294690082575471,0.2669324314342254
Alphabet Inc.,2023-09-06,2023-09-12,4,flat,flat,0.22032241460300656,0.44985081037340063,0.3298267750235927
Alphabet Inc.,2023-09-07,2023-09-13,4,flat,flat,0.21764050728193263,0.4427958275325484,0.33956366518551895
Alphabet Inc.,2023-09-08,2023-09-14,4,flat,flat,0.19121673843544726,0.4323050394772714,0.3764782220872815
Alphabet Inc.,2023-09-11,2023-09-15,4,flat,flat,0.2430667494203825,0.4055109611316342,0.35142228944798337
Alphabet Inc.,2023-09-12,2023-09-18,4,flat,flat,0.30264482592316405,0.3830239816658152,0.3143311924110208
Alphabet Inc.,2023-09-13,2023-09-19,4,flat,up,0.2563018779517336,0.363105224920098,0.3805928971281684
Alphabet Inc.,2023-09-14,2023-09-20,4,flat,up,0.1939100519949791,0.3590699549771412,0.4470199930278796
Alphabet Inc.,2023-09-15,2023-09-21,4,down,flat,0.2453935401340749,0.37766576940597274,0.3769406904599524
Alphabet Inc.,2023-09-18,2023-09-22,4,down,up,0.24155976700347676,0.3737914600423103,0.384648772954213
Alphabet Inc.,2023-09-19,2023-09-25,4,down,up,0.2278427827287295,0.3322371802432809,0.43992003702798954
Alphabet Inc.,2023-09-20,2023-09-26,4,down,up,0.2355740511529461,0.3481374498225353,0.41628849902451853
Alphabet Inc.,2023-09-21,2023-09-27,4,flat,up,0.19270943487556036,0.3584118552600234,0.4488787098644163
Alphabet Inc.,2023-09-22,2023-09-28,4,flat,up,0.08671020626663481,0.30002685757365904,0.6132629361597062
Alphabet Inc.,2023-09-25,2023-09-29,4,flat,up,0.10136177103334998,0.2950074589012885,0.6036307700653615
Alphabet Inc.,2023-09-26,2023-10-02,4,up,up,0.13610500625990227,0.31893388846577014,0.5449611052743276
Alphabet Inc.,2023-09-27,2023-10-03,4,up,up,0.12460882578548767,0.2681483215203912,0.6072428526941211
Alphabet Inc.,2023-09-28,2023-10-04,4,up,up,0.15744075877129823,0.28649045650102356,0.5560687847276782
Alphabet Inc.,2023-09-29,2023-10-05,4,flat,up,0.1883335555138763,0.3282239015840724,0.4834425429020513
Alphabet Inc.,2023-10-02,2023-10-06,4,up,up,0.18264186703349877,0.3594797492040213,0.45787838376247997
Alphabet Inc.,2023-10-03,2023-10-09,4,up,up,0.18425086549019715,0.36568268527675957,0.4500664492330434
Alphabet Inc.,2023-10-04,2023-10-10,4,up,up,0.17052664324596317,0.3939380975170967,0.43553525923694014
Alphabet Inc.,2023-10-05,2023-10-11,4,up,up,0.15822125870469467,0.4023289626975955,0.4394497785977098
Alphabet Inc.,2023-10-06,2023-10-12,4,up,flat,0.17042220517868537,0.4214460746484246,0.4081317201728901
Alphabet Inc.,2023-10-09,2023-10-13,4,flat,flat,0.1948336702386709,0.4332261254339047,0.3719402043274243
Alphabet Inc.,2023-10-10,2023-10-16,4,flat,flat,0.21912900596723434,0.41449752288280006,0.3663734711499655
Alphabet Inc.,2023-10-11,2023-10-17,4,flat,flat,0.2136522499775248,0.41100193188389317,0.375345818138582
Alphabet Inc.,2023-10-12,2023-10-18,4,flat,flat,0.24256926283735436,0.4031550447164386,0.35427569244620694
Alphabet Inc.,2023-10-13,2023-10-19,4,flat,flat,0.25260674270858324,0.4051502255685369,0.3422430317228798
Alphabet Inc.,2023-10-16,2023-10-20,4,flat,up,0.1736515698560246,0.38357893603662746,0.442769494107348
Alphabet Inc.,2023-10-17,2023-10-23,4,down,up,0.18159158227944006,0.38352715398940146,0.4348812637311585
Alphabet Inc.,2023-10-18,2023-10-24,4,flat,up,0.20187228873233515,0.3801821534417261,0.4179455578259388
Alphabet Inc.,2023-10-19,2023-10-25,4,down,up,0.25408252291306493,0.3060411321280776,0.4398763449588575
Alphabet Inc.,2023-10-20,2023-10-26,4,down,up,0.25824092783750874,0.2919663253084049,0.44979274685408643
Alphabet Inc.,2023-10-23,2023-10-27,4,down,up,0.2007933478892033,0.2916798950763328,0.5075267570344639
Alphabet Inc.,2023-10-24,2023-10-30,4,down,up,0.15048500098741208,0.2993879927726371,0.5501270062399508
Alphabet Inc.,2023-10-25,2023-10-31,4,flat,flat,0.3083533577175693,0.48710413278346637,0.20454250949896427
Alphabet Inc.,2023-10-26,2023-11-01,4,flat,up,0.07824157805758264,0.4447138008914431,0.4770446210509743
Alphabet Inc.,2023-10-27,2023-11-02,4,up,up,0.036640294264225194,0.3250890368609069,0.6382706688748679
Alphabet Inc.,2023-10-30,2023-11-03,4,up,up,0.040001345785900956,0.43680705865357405,0.523191595560525
Alphabet Inc.,2023-10-31,2023-11-06,4,up,flat,0.07803395626432855,0.4778943812914063,0.4440716624442652
Alphabet Inc.,2023-11-01,2023-11-07,4,up,flat,0.16498735607263507,0.4703777505701867,0.3646348933571782
Alphabet Inc.,2023-11-02,2023-11-08,4,flat,flat,0.16304762390141633,0.47115794773012293,0.36579442836846077
Alphabet Inc.,2023-11-03,2023-11-09,4,flat,flat,0.14415606671472392,0.5391563378725621,0.3166875954127139
Alphabet Inc.,2023-11-06,2023-11-10,4,flat,flat,0.1069771399632918,0.5748348225520876,0.3181880374846206
Alphabet Inc.,2023-11-07,2023-11-13,4,flat,flat,0.1081225642603192,0.6053011054336822,0.28657633030599866
Alphabet Inc.,2023-11-08,2023-11-14,4,flat,flat,0.11984727710247173,0.6076919083027952,0.2724608145947331
Alphabet Inc.,2023-11-09,2023-11-15,4,up,flat,0.11653884416357904,0.5876609887987919,0.295800167037629
Alphabet Inc.,2023-11-10,2023-11-16,4,up,flat,0.105553729717243,0.5461317241600563,0.3483145461227006
Alphabet Inc.,2023-11-13,2023-11-17,4,up,flat,0.0963299378784416,0.5100907754094649,0.3935792867120936
Alphabet Inc.,2023-11-14,2023-11-20,4,flat,up,0.06899044885798103,0.41375480014686267,0.5172547509951563
Alphabet Inc.,2023-11-15,2023-11-21,4,flat,up,0.0960847598275645,0.40350991778865464,0.5004053223837809
Alphabet Inc.,2023-11-16,2023-11-22,4,flat,up,0.09443357495232245,0.3949312567031431,0.5106351683445345
Alphabet Inc.,2023-11-17,2023-11-24,4,flat,up,0.1190996350643683,0.3881315888060303,0.4927687761296014
Alphabet Inc.,2023-11-20,2023-11-27,4,flat,up,0.10022017772818391,0.39010905618448766,0.5096707660873284
Alphabet Inc.,2023-11-21,2023-11-28,4,flat,up,0.07158762795758104,0.359385480558594,0.5690268914838249
Alphabet Inc.,2023-11-22,2023-11-29,4,flat,up,0.1410047574903914,0.28869146487828695,0.5703037776313216
Alphabet Inc.,2023-11-24,2023-11-30,4,down,up,0.23804394820623623,0.2660956553564925,0.49586039643727114
Alphabet Inc.,2023-11-27,2023-12-01,4,down,up,0.20984168099763137,0.249864669796843,0.5402936492055257
Alphabet Inc.,2023-11-28,2023-12-04,4,down,up,0.17700003409343756,0.23260729489592002,0.5903926710106424
Alphabet Inc.,2023-11-29,2023-12-05,4,down,up,0.17303926951232726,0.2615150278313272,0.5654457026563456
Alphabet Inc.,2023-11-30,2023-12-06,4,down,up,0.19303932418181013,0.28514529920370746,0.5218153766144824
Alphabet Inc.,2023-12-01,2023-12-07,4,up,up,0.1453231319985179,0.24525010548041318,0.609426762521069
Alphabet Inc.,2023-12-04,2023-12-08,4,up,up,0.12986282829467866,0.242572202758029,0.6275649689472923
Alphabet Inc.,2023-12-05,2023-12-11,4,flat,up,0.07930566310102731,0.22741247417106997,0.6932818627279028
Alphabet Inc.,2023-12-06,2023-12-12,4,flat,up,0.1004484425951854,0.24401312463969888,0.6555384327651157
Alphabet Inc.,2023-12-07,2023-12-13,4,down,up,0.1176935108178986,0.3672499462537982,0.5150565429283033
Alphabet Inc.,2023-12-08,2023-12-14,4,flat,flat,0.3203172517736738,0.37364663730349884,0.30603611092282734
Alphabet Inc.,2023-12-11,2023-12-15,4,flat,flat,0.2759037042037868,0.39721489802566445,0.3268813977705488
Alphabet Inc.,2023-12-12,2023-12-18,4,flat,up,0.14750672993902542,0.37904183404689695,0.4734514360140775
Alphabet Inc.,2023-12-13,2023-12-19,4,up,up,0.10896352485844746,0.412922733271097,0.4781137418704554
Alphabet Inc.,2023-12-14,2023-12-20,4,up,flat,0.11763474890942596,0.45288327231381237,0.4294819787767616
Alphabet Inc.,2023-12-15,2023-12-21,4,up,up,0.13835672849682618,0.42597643671987234,0.4356668347833015
Alphabet Inc.,2023-12-18,2023-12-22,4,up,flat,0.16106486510295284,0.4204169319121426,0.41851820298490455
Alphabet Inc.,2023-12-19,2023-12-26,4,up,flat,0.17537868832298564,0.42855791591010767,0.39606339576690663
Alphabet Inc.,2023-12-20,2023-12-27,4,flat,flat,0.1948760177209934,0.4588454454806131,0.34627853679839354
Alphabet Inc.,2023-12-21,2023-12-28,4,flat,flat,0.2547279666773337,0.46598678568269813,0.27928524763996815
Alphabet Inc.,2023-12-22,2023-12-29,4,flat,flat,0.23056123664421133,0.47104010812456276,0.2983986552312261
Alphabet Inc.,2023-12-26,2024-01-02,4,down,flat,0.20216413522598622,0.47101852079248857,0.32681734398152534
Alphabet Inc.,2023-12-27,2024-01-03,4,flat,flat,0.20012805135258835,0.4853146553055939,0.3145572933418178
Alphabet Inc.,2023-12-28,2024-01-04,4,flat,up,0.15107481184529717,0.4179431044277805,0.4309820837269222
Alphabet Inc.,2023-12-29,2024-01-05,4,down,up,0.1538548265797935,0.376364307591989,0.46978086582821754
Alphabet Inc.,2024-01-02,2024-01-08,4,flat,up,0.15192715800750398,0.34658318241479735,0.5014896595776986
Alphabet Inc.,2024-01-03,2024-01-09,4,flat,up,0.12947765601191744,0.31667924743262715,0.5538430965554555
Alphabet Inc.,2024-01-04,2024-01-10,4,up,up,0.15728669156739056,0.31681934905580433,0.5258939593768052
Alphabet Inc.,2024-01-05,2024-01-11,4,up,up,0.15710192989003044,0.30249105825449024,0.5404070118554793
Alphabet Inc.,2024-01-08,2024-01-12,4,up,up,0.1313778891923369,0.2591633358282233,0.6094587749794398
Alphabet Inc.,2024-01-09,2024-01-16,4,up,up,0.14543335642545477,0.2759649915248465,0.5786016520496988
Alphabet Inc.,2024-01-10,2024-01-17,4,flat,up,0.19800468475602911,0.31633971293639757,0.4856556023075732
Alphabet Inc.,2024-01-11,2024-01-18,4,flat,up,0.23814025872564196,0.3245298252398804,0.43732991603447763
Alphabet Inc.,2024-01-12,2024-01-19,4,up,up,0.25821729606658794,0.3235098199661033,0.41827288396730883
Alphabet Inc.,2024-01-16,2024-01-22,4,up,up,0.21696102596601882,0.3405992579030653,0.4424397161309159
Alphabet Inc.,2024-01-17,2024-01-23,4,up,up,0.19480483532136902,0.3636005429457095,0.44159462173292147
Alphabet Inc.,2024-01-18,2024-01-24,4,up,up,0.13148831889701862,0.3594236604818873,0.5090880206210942
Alphabet Inc.,2024-01-19,2024-01-25,4,up,up,0.1774924719498419,0.38710521106589935,0.43540231698425885
Alphabet Inc.,2024-01-22,2024-01-26,4,up,flat,0.27777453674174185,0.3903820029338666,0.33184346032439155
Alphabet Inc.,2024-01-23,2024-01-29,4,up,flat,0.32751923840385905,0.34888588304492224,0.3235948785512187
Alphabet Inc.,2024-01-24,2024-01-30,4,up,up,0.25774021873559544,0.36161128693818456,0.38064849432621994
Alphabet Inc.,2024-01-25,2024-01-31,4,down,flat,0.2696805047183454,0.4074391130556954,0.3228803822259593
Alphabet Inc.,2024-01-26,2024-02-01,4,down,flat,0.3011792259783056,0.4317920678924833,0.2670287061292111
Alphabet Inc.,2024-01-29,2024-02-02,4,down,flat,0.3063978768958885,0.41723249097463966,0.2763696321294718
Alphabet Inc.,2024-01-30,2024-02-05,4,down,flat,0.3367105467541517,0.3941261737613226,0.26916327948452573
Alphabet Inc.,2024-01-31,2024-02-06,4,flat,flat,0.3182796767187366,0.4996548983005581,0.1820654249807054
Alphabet Inc.,2024-02-01,2024-02-07,4,flat,up,0.07084378475993325,0.4458929667745792,0.4832632484654876
Alphabet Inc.,2024-02-02,2024-02-08,4,up,flat,0.09224798483016079,0.46318624731323393,0.4445657678566054
Alphabet Inc.,2024-02-05,2024-02-09,4,up,flat,0.08453091710468183,0.522881889987004,0.392587192908314
Alphabet Inc.,2024-02-06,2024-02-12,4,up,flat,0.17667990944486014,0.47735686490750406,0.34596322564763576
Alphabet Inc.,2024-02-07,2024-02-13,4,flat,flat,0.28947414014921297,0.4406903439677513,0.2698355158830356
Alphabet Inc.,2024-02-08,2024-02-14,4,flat,flat,0.22754675574614286,0.43432599542267614,0.33812724883118095
Alphabet Inc.,2024-02-09,2024-02-15,4,down,flat,0.15634492084369842,0.5145071690615275,0.3291479100947741
Alphabet Inc.,2024-02-12,2024-02-16,4,down,flat,0.15641746731972192,0.5701498361631294,0.2734326965171486
Alphabet Inc.,2024-02-13,2024-02-20,4,down,flat,0.1788256729408267,0.5991372580902318,0.22203706896894135
Alphabet Inc.,2024-02-14,2024-02-21,4,down,flat,0.11065543766068969,0.5457381213178387,0.3436064410214716
Alphabet Inc.,2024-02-15,2024-02-22,4,flat,flat,0.1418854550451086,0.5615821302406796,0.2965324147142117
Alphabet Inc.,2024-02-16,2024-02-23,4,flat,flat,0.09576828530201378,0.5298493379283519,0.3743823767696343
Alphabet Inc.,2024-02-20,2024-02-26,4,flat,flat,0.10719484615035654,0.4806241074964587,0.4121810463531847
Alphabet Inc.,2024-02-21,2024-02-27,4,down,up,0.08227251709207695,0.39114983327344455,0.5265776496344785
Alphabet Inc.,2024-02-22,2024-02-28,4,down,up,0.09282212779983343,0.38640583555007924,0.5207720366500873
Alphabet Inc.,2024-02-23,2024-02-29,4,down,up,0.1363434523420077,0.37189121006783266,0.49176533759015967
Alphabet Inc.,2024-02-26,2024-03-01,4,flat,up,0.15893041331715255,0.3836422191168043,0.45742736756604313
Alphabet Inc.,2024-02-27,2024-03-04,4,down,up,0.07032919561988898,0.3225922435592541,0.6070785608208569
Alphabet Inc.,2024-02-28,2024-03-05,4,down,up,0.049606658907867786,0.3098560653391852,0.6405372757529469
Alphabet Inc.,2024-02-29,2024-03-06,4,down,up,0.05023987184181041,0.2798290569532846,0.669931071204905
Alphabet Inc.,2024-03-01,2024-03-07,4,down,up,0.07123770056450346,0.2739374983144272,0.6548248011210693
Alphabet Inc.,2024-03-04,2024-03-08,4,flat,up,0.14116632116204766,0.30653849882943646,0.5522951800085159
Alphabet Inc.,2024-03-05,2024-03-11,4,up,up,0.0774713499839635,0.2219019609568906,0.7006266890591459
Alphabet Inc.,2024-03-06,2024-03-12,4,up,up,0.04209346161358411,0.1915746200782,0.7663319183082159
Alphabet Inc.,2024-03-07,2024-03-13,4,up,up,0.04275487281266734,0.21643326578551425,0.7408118614018183
Alphabet Inc.,2024-03-08,2024-03-14,4,up,up,0.06263001463206154,0.2680407854972506,0.669329199870688
Alphabet Inc.,2024-03-11,2024-03-15,4,up,up,0.10690966183202642,0.2965778257376318,0.5965125124303418
Alphabet Inc.,2024-03-12,2024-03-18,4,up,up,0.1353096782561254,0.3095468813347521,0.5551434404091224
Alphabet Inc.,2024-03-13,2024-03-19,4,up,up,0.10703381463523412,0.3144797180874526,0.5784864672773132
Alphabet Inc.,2024-03-14,2024-03-20,4,up,up,0.10533145818509133,0.37004783630780363,0.5246207055071049
Alphabet Inc.,2024-03-15,2024-03-21,4,up,up,0.1438168217113797,0.38018605928769866,0.4759971190009218
Alphabet Inc.,2024-03-18,2024-03-22,4,flat,flat,0.09822867164238014,0.5085312979435536,0.39324003041406635
Alphabet Inc.,2024-03-19,2024-03-25,4,flat,flat,0.27623680403044276,0.49381231151952787,0.22995088445002929
Alphabet Inc.,2024-03-20,2024-03-26,4,flat,flat,0.21651107506366044,0.5156506830213483,0.26783824191499117
Alphabet Inc.,2024-03-21,2024-03-27,4,flat,flat,0.19145135648046785,0.47410313156563955,0.33444551195389255
Alphabet Inc.,2024-03-22,2024-03-28,4,flat,flat,0.1760294156876387,0.5044559807142142,0.31951460359814715
Alphabet Inc.,2024-03-25,2024-04-01,4,flat,flat,0.20138548300231998,0.49021927866465687,0.3083952383330231
Alphabet Inc.,2024-03-26,2024-04-02,4,flat,flat,0.19925925546369647,0.47377737369438755,0.32696337084191596
Alphabet Inc.,2024-03-27,2024-04-03,4,up,flat,0.2713599052874698,0.4315464326626391,0.297093662049891
Alphabet Inc.,2024-03-28,2024-04-04,4,flat,flat,0.23959244877286415,0.4350483527447269,0.32535919848240913
Alphabet Inc.,2024-04-01,2024-04-05,4,flat,flat,0.2190218183209339,0.44742285288087313,0.3335553287981929
Alphabet Inc.,2024-04-02,2024-04-08,4,flat,flat,0.3124220977356376,0.4383992445849688,0.24917865767939354
Alphabet Inc.,2024-04-03,2024-04-09,4,flat,flat,0.3366107100971314,0.4307991560843888,0.23259013381847995
Alphabet Inc.,2024-04-04,2024-04-10,4,up,flat,0.34092855252140775,0.4321918217574726,0.22687962572111964
Alphabet Inc.,2024-04-05,2024-04-11,4,up,flat,0.27389608588861725,0.45992167024661523,0.2661822438647675
Alphabet Inc.,2024-04-08,2024-04-12,4,up,flat,0.16728310498914334,0.4349187538198315,0.3977981411910251
Alphabet Inc.,2024-04-09,2024-04-15,4,flat,flat,0.2163539012835098,0.4763808355036649,0.30726526321282543
Alphabet Inc.,2024-04-10,2024-04-16,4,flat,flat,0.3420803292996222,0.4463198650215462,0.21159980567883163
Alphabet Inc.,2024-04-11,2024-04-17,4,flat,flat,0.3070159255050588,0.44748345008582024,0.245500624409121
Alphabet Inc.,2024-04-12,2024-04-18,4,flat,flat,0.3229790153995323,0.4356009128597538,0.241420071740714
Alphabet Inc.,2024-04-15,2024-04-19,4,flat,flat,0.27949058328629584,0.48764328271013613,0.23286613400356806
Alphabet Inc.,2024-04-16,2024-04-22,4,flat,flat,0.26401754586678305,0.4346481994120167,0.30133425472120023
Alphabet Inc.,2024-04-17,2024-04-23,4,flat,flat,0.19195632928760153,0.4363326599839434,0.371711010728455
Alphabet Inc.,2024-04-18,2024-04-24,4,flat,flat,0.2284908970963179,0.4381104955321382,0.33339860737154386
Alphabet Inc.,2024-04-19,2024-04-25,4,flat,flat,0.25354096639947843,0.416750144518243,0.3297088890822785
Alphabet Inc.,2024-04-22,2024-04-26,4,up,flat,0.23492887262767376,0.38344391702751085,0.3816272103448155
Alphabet Inc.,2024-04-23,2024-04-29,4,up,flat,0.24224302698854236,0.39497778403468436,0.36277918897677325
Alphabet Inc.,2024-04-24,2024-04-30,4,up,flat,0.25398228134653955,0.40382584691164486,0.34219187174181565
Alphabet Inc.,2024-04-25,2024-05-01,4,up,flat,0.30399582712252904,0.43642577603117216,0.2595783968462989
Alphabet Inc.,2024-04-26,2024-05-02,4,down,flat,0.04798373054914441,0.8023102316655372,0.14970603778531838
Alphabet Inc.,2024-04-29,2024-05-03,4,flat,flat,0.3940033246159719,0.588072178645526,0.01792449673850227
Alphabet Inc.,2024-04-30,2024-05-06,4,flat,flat,0.25100267978406515,0.7275717286356499,0.021425591580284904
Alphabet Inc.,2024-05-01,2024-05-07,4,up,flat,0.1860713568018298,0.7509850299398819,0.06294361325828832
Alphabet Inc.,2024-05-02,2024-05-08,4,flat,flat,0.13040257546940046,0.8213910677174353,0.04820635681316426
Alphabet Inc.,2024-05-03,2024-05-09,4,flat,flat,0.0708667880070145,0.8691856055433757,0.0599476064496099
Alphabet Inc.,2024-05-06,2024-05-10,4,flat,flat,0.1211040964430451,0.8264097304029162,0.05248617315403873
Alphabet Inc.,2024-05-07,2024-05-13,4,flat,flat,0.2202688911167831,0.733825266226954,0.04590584265626292
Alphabet Inc.,2024-05-08,2024-05-14,4,flat,flat,0.24033110784038283,0.7173045381707596,0.04236435398885757
Alphabet Inc.,2024-05-09,2024-05-15,4,flat,flat,0.17218834161393934,0.759709076809411,0.06810258157664975
Alphabet Inc.,2024-05-10,2024-05-16,4,up,flat,0.16707103273445933,0.7718826541126539,0.061046313152886854
Alphabet Inc.,2024-05-13,2024-05-17,4,up,flat,0.1456424692516175,0.7977825878408388,0.05657494290754356
Alphabet Inc.,2024-05-14,2024-05-20,4,up,flat,0.10587514459989215,0.823067573816946,0.0710572815831619
Alphabet Inc.,2024-05-15,2024-05-21,4,up,flat,0.14621207782472959,0.7854095271724942,0.06837839500277607
Alphabet Inc.,2024-05-16,2024-05-22,4,flat,flat,0.15312225674707686,0.7319856706998217,0.11489207255310144
Alphabet Inc.,2024-05-17,2024-05-23,4,flat,flat,0.17066249447323364,0.6942546645914632,0.13508284093530318
Alphabet Inc.,2024-05-20,2024-05-24,4,flat,flat,0.1490589292877788,0.7048201487830537,0.14612092192916754
Alphabet Inc.,2024-05-21,2024-05-28,4,flat,flat,0.12603231779656765,0.7239565954623683,0.15001108674106395
Alphabet Inc.,2024-05-22,2024-05-29,4,flat,flat,0.11590653083502934,0.7365881753008979,0.14750529386407268
Alphabet Inc.,2024-05-23,2024-05-30,4,flat,flat,0.10844362550306658,0.7192044229527124,0.17235195154422106
Alphabet Inc.,2024-05-24,2024-05-31,4,down,flat,0.22571039068097895,0.4878137731818563,0.28647583613716454
Alphabet Inc.,2024-05-28,2024-06-03,4,flat,flat,0.21069608399925757,0.4342685229323277,0.3550353930684147
Alphabet Inc.,2024-05-29,2024-06-04,4,flat,flat,0.24345229874092714,0.3992389709896163,0.3573087302694566
Alphabet Inc.,2024-05-30,2024-06-05,4,flat,flat,0.2830653460911092,0.38361803064184297,0.3333166232670479
Alphabet Inc.,2024-05-31,2024-06-06,4,up,up,0.22362258863735984,0.3606156761618118,0.4157617352008284
Alphabet Inc.,2024-06-03,2024-06-07,4,up,up,0.14032196978322978,0.3305473875602925,0.5291306426564777
Alphabet Inc.,2024-06-04,2024-06-10,4,flat,up,0.14832457793036602,0.3479224017886945,0.5037530202809395
Alphabet Inc.,2024-06-05,2024-06-11,4,flat,up,0.16049478080938223,0.3687390268977861,0.4707661922928318
Alphabet Inc.,2024-06-06,2024-06-12,4,flat,up,0.2164155886746389,0.3608531650682176,0.42273124625714353
Alphabet Inc.,2024-06-07,2024-06-13,4,flat,up,0.2522337353982979,0.36999032462452774,0.37777593997717435
Alphabet Inc.,2024-06-10,2024-06-14,4,flat,up,0.20241585051956484,0.3713955979435773,0.4261885515368578
Alphabet Inc.,2024-06-13,2024-06-18,4,flat,up,0.20441779975110683,0.39154798459986884,0.4040342156490243
Alphabet Inc.,2024-06-14,2024-06-20,4,flat,up,0.16535296206067948,0.34734034996913604,0.48730668797018445
"Amazon.com, Inc.",2021-07-23,2021-07-29,4,flat,down,0.38560417951001247,0.26503252524196413,0.3493632952480234
"Amazon.com, Inc.",2021-07-26,2021-07-30,4,down,up,0.3614387188783199,0.27278951874476653,0.36577176237691367
"Amazon.com, Inc.",2021-07-27,2021-08-02,4,down,down,0.3759186520581459,0.29187704868162173,0.3322042992602324
"Amazon.com, Inc.",2021-07-28,2021-08-03,4,down,up,0.335845484828877,0.2770147813600936,0.38713973381102934
"Amazon.com, Inc.",2021-07-29,2021-08-04,4,down,up,0.30723934744104403,0.27661463279399356,0.41614601976496246
"Amazon.com, Inc.",2021-07-30,2021-08-05,4,flat,flat,0.3480323865397119,0.4302653922017267,0.22170222125856145
"Amazon.com, Inc.",2021-08-02,2021-08-06,4,flat,up,0.2321251749060637,0.3046043331301295,0.46327049196380676
"Amazon.com, Inc.",2021-08-03,2021-08-09,4,flat,up,0.23534247474725883,0.30469904802157527,0.459958477231166
"Amazon.com, Inc.",2021-08-04,2021-08-10,4,flat,flat,0.2861664933362607,0.36454789994016246,0.3492856067235769
"Amazon.com, Inc.",2021-08-05,2021-08-11,4,flat,up,0.3344941388792711,0.32991468365291743,0.3355911774678115
"Amazon.com, Inc.",2021-08-06,2021-08-12,4,flat,up,0.33069783224309995,0.2937436136492306,0.37555855410766953
"Amazon.com, Inc.",2021-08-09,2021-08-13,4,flat,up,0.3073566838053949,0.2914730655636103,0.40117025063099476
"Amazon.com, Inc.",2021-08-10,2021-08-16,4,flat,up,0.2872493059322698,0.2847263832258235,0.42802431084190673
"Amazon.com, Inc.",2021-08-11,2021-08-17,4,flat,up,0.28780747933254447,0.30288746067100913,0.40930505999644634
"Amazon.com, Inc.",2021-08-12,2021-08-18,4,flat,up,0.2623616957019505,0.3344595744565989,0.4031787298414506
"Amazon.com, Inc.",2021-08-13,2021-08-19,4,down,up,0.257206484949394,0.324381119079575,0.4184123959710309
"Amazon.com, Inc.",2021-08-16,2021-08-20,4,down,up,0.2808001779848652,0.32513347264919107,0.3940663493659438
"Amazon.com, Inc.",2021-08-17,2021-08-23,4,flat,up,0.28893178010091014,0.3115476757738163,0.39952054412527355
"Amazon.com, Inc.",2021-08-18,2021-08-24,4,flat,up,0.2943262539547976,0.3045407173816042,0.40113302866359823
"Amazon.com, Inc.",2021-08-19,2021-08-25,4,up,up,0.27117854069646874,0.2753882684621558,0.45343319084137546
"Amazon.com, Inc.",2021-08-20,2021-08-26,4,up,up,0.2627278929638472,0.2512448857474386,0.48602722128871423
"Amazon.com, Inc.",2021-08-23,2021-08-27,4,up,up,0.24508597580494867,0.2526087815710695,0.5023052426239819
"Amazon.com, Inc.",2021-08-24,2021-08-30,4,up,up,0.2546486110680077,0.2809677927794625,0.46438359615252983
"Amazon.com, Inc.",2021-08-25,2021-08-31,4,up,up,0.2711715935316205,0.3044787689769892,0.4243496374913904
"Amazon.com, Inc.",2021-08-26,2021-09-01,4,up,up,0.2463996386248329,0.2949650829114102,0.4586352784637569
"Amazon.com, Inc.",2021-08-27,2021-09-02,4,up,up,0.2511602085944217,0.22279216387895348,0.5260476275266248
"Amazon.com, Inc.",2021-08-30,2021-09-03,4,up,up,0.25479647035010206,0.241380607140764,0.503822922509134
"Amazon.com, Inc.",2021-08-31,2021-09-07,4,up,up,0.2897653930052458,0.26864768585894505,0.44158692113580905
"Amazon.com, Inc.",2021-09-01,2021-09-08,4,flat,up,0.3169786806183242,0.2727068547701153,0.4103144646115604
"Amazon.com, Inc.",2021-09-02,2021-09-09,4,flat,down,0.36774669893021805,0.2701787629693367,0.36207453810044526
"Amazon.com, Inc.",2021-09-03,2021-09-10,4,flat,up,0.36831452862834985,0.24061687678493152,0.3910685945867186
"Amazon.com, Inc.",2021-09-07,2021-09-13,4,flat,up,0.33791021327241794,0.21584095434109138,0.4462488323864906
"Amazon.com, Inc.",2021-09-08,2021-09-14,4,down,up,0.3656864739470189,0.2316981356013809,0.4026153904516001
"Amazon.com, Inc.",2021-09-09,2021-09-15,4,down,down,0.41402199431032444,0.2321637570931213,0.35381424859655425
"Amazon.com, Inc.",2021-09-10,2021-09-16,4,flat,down,0.4203008401301496,0.2162331779495223,0.3634659819203281
"Amazon.com, Inc.",2021-09-13,2021-09-17,4,flat,down,0.3996171868627093,0.20151839524480344,0.39886441789248717
"Amazon.com, Inc.",2021-09-14,2021-09-20,4,down,up,0.39258153238197424,0.19018113984874854,0.41723732776927724
"Amazon.com, Inc.",2021-09-15,2021-09-21,4,down,up,0.40529398269269457,0.1868994150149214,0.407806602292384
"Amazon.com, Inc.",2021-09-16,2021-09-22,4,down,up,0.3855568363307786,0.19292614027773475,0.42151702339148667
"Amazon.com, Inc.",2021-09-17,2021-09-23,4,down,up,0.38742157978291264,0.20735340004167194,0.40522502017541545
"Amazon.com, Inc.",2021-09-20,2021-09-24,4,flat,down,0.4072985526201935,0.24460162089637788,0.3480998264834287
"Amazon.com, Inc.",2021-09-21,2021-09-27,4,flat,up,0.3155616122521644,0.20457824797758362,0.47986013977025194
"Amazon.com, Inc.",2021-09-22,2021-09-28,4,flat,up,0.2803981606325546,0.2109268314299099,0.5086750079375355
"Amazon.com, Inc.",2021-09-23,2021-09-29,4,down,up,0.2885804793913622,0.24100867704561055,0.4704108435630273
"Amazon.com, Inc.",2021-09-24,2021-09-30,4,down,up,0.31743009436547226,0.2511706639793832,0.43139924165514465
"Amazon.com, Inc.",2021-09-27,2021-10-01,4,down,up,0.3304975386087734,0.25360301288049814,0.4158994485107286
"Amazon.com, Inc.",2021-09-28,2021-10-04,4,down,up,0.31865015091925203,0.2523807564215996,0.4289690926591483
"Amazon.com, Inc.",2021-09-29,2021-10-05,4,down,up,0.28338316298158206,0.22154085916522362,0.49507597785319424
"Amazon.com, Inc.",2021-09-30,2021-10-06,4,flat,up,0.2876494250560395,0.22375888039529981,0.48859169454866047
"Amazon.com, Inc.",2021-10-01,2021-10-07,4,flat,up,0.2953154782662943,0.2332483028977367,0.47143621883596903
"Amazon.com, Inc.",2021-10-04,2021-10-08,4,up,up,0.32243141926619845,0.24325766139173852,0.4343109193420631
"Amazon.com, Inc.",2021-10-05,2021-10-11,4,flat,up,0.29667907219155326,0.21368860385541585,0.48963232395303097
"Amazon.com, Inc.",2021-10-06,2021-10-12,4,flat,up,0.28737867901638503,0.21423597075738704,0.49838535022622804
"Amazon.com, Inc.",2021-10-07,2021-10-13,4,flat,up,0.2816271620243227,0.236781396826089,0.4815914411495883
"Amazon.com, Inc.",2021-10-08,2021-10-14,4,flat,up,0.31396301189496617,0.2673528043605343,0.41868418374449945
"Amazon.com, Inc.",2021-10-11,2021-10-15,4,up,up,0.32316375620425475,0.2753076384582583,0.40152860533748697
"Amazon.com, Inc.",2021-10-12,2021-10-18,4,up,up,0.2779644384834069,0.24472750107412028,0.4773080604424727
"Amazon.com, Inc.",2021-10-13,2021-10-19,4,up,up,0.2503309275033851,0.24281412192683927,0.5068549505697757
"Amazon.com, Inc.",2021-10-14,2021-10-20,4,up,up,0.2655869749609699,0.26914675837577956,0.46526626666325066
"Amazon.com, Inc.",2021-10-15,2021-10-21,4,up,up,0.27307408814165446,0.2768665532075234,0.4500593586508222
"Amazon.com, Inc.",2021-10-18,2021-10-22,4,flat,up,0.29541706444360216,0.27051962925686984,0.43406330629952805
"Amazon.com, Inc.",2021-10-19,2021-10-25,4,down,up,0.325639899970617,0.28522176938083627,0.3891383306485467
"Amazon.com, Inc.",2021-10-20,2021-10-26,4,down,up,0.34718457558831106,0.26416211829750996,0.38865330611417903
"Amazon.com, Inc.",2021-10-21,2021-10-27,4,flat,up,0.3345164635917715,0.2453742851827566,0.42010925122547194
"Amazon.com, Inc.",2021-10-22,2021-10-28,4,flat,up,0.3315623583564832,0.2514967493597726,0.41694089228374415
"Amazon.com, Inc.",2021-10-25,2021-10-29,4,flat,up,0.3236644311988584,0.24204320292788004,0.43429236587326164
"Amazon.com, Inc.",2021-10-26,2021-11-01,4,flat,up,0.28428888577295225,0.2095206119226802,0.5061905023043676
"Amazon.com, Inc.",2021-10-27,2021-11-02,4,down,up,0.3223228943988977,0.23436398110651727,0.443313124494585
"Amazon.com, Inc.",2021-10-28,2021-11-03,4,down,up,0.36150695611156053,0.24763558240334577,0.39085746148509365
"Amazon.com, Inc.",2021-10-29,2021-11-04,4,up,down,0.414574062687771,0.2693627087891606,0.31606322852306834
"Amazon.com, Inc.",2021-11-01,2021-11-05,4,up,up,0.325367686057081,0.23959567583175775,0.4350366381111612
"Amazon.com, Inc.",2021-11-02,2021-11-08,4,up,up,0.31655480925506524,0.2491702586738429,0.4342749320710918
"Amazon.com, Inc.",2021-11-03,2021-11-09,4,up,up,0.30238802228575906,0.2699775944234099,0.4276343832908311
"Amazon.com, Inc.",2021-11-04,2021-11-10,4,up,up,0.3093656115967464,0.27377265409322926,0.4168617343100243
"Amazon.com, Inc.",2021-11-05,2021-11-11,4,flat,up,0.3387241545577834,0.30594120133275043,0.3553346441094662
"Amazon.com, Inc.",2021-11-08,2021-11-12,4,flat,down,0.40082315826241527,0.31569536320557595,0.2834814785320088
"Amazon.com, Inc.",2021-11-09,2021-11-15,4,flat,down,0.38085544962356827,0.3042320615088733,0.31491248886755846
"Amazon.com, Inc.",2021-11-10,2021-11-16,4,flat,down,0.3876843980829743,0.3140645404566637,0.29825106146036207
"Amazon.com, Inc.",2021-11-11,2021-11-17,4,flat,down,0.3660587489493267,0.3314156200724224,0.30252563097825075
"Amazon.com, Inc.",2021-11-12,2021-11-18,4,up,down,0.3542932741257039,0.32230083502653994,0.32340589084775617
"Amazon.com, Inc.",2021-11-15,2021-11-19,4,up,down,0.3481738050375631,0.3123216333469996,0.3395045616154373
"Amazon.com, Inc.",2021-11-16,2021-11-22,4,flat,down,0.40996047829300075,0.3101056824290004,0.27993383927799886
"Amazon.com, Inc.",2021-11-17,2021-11-23,4,flat,down,0.41619234202792227,0.2871606943333834,0.29664696363869447
"Amazon.com, Inc.",2021-11-18,2021-11-24,4,flat,down,0.3966197865754801,0.2687633626165504,0.3346168508079695
"Amazon.com, Inc.",2021-11-19,2021-11-26,4,down,down,0.4178152535237571,0.2815310769255198,0.30065366955072304
"Amazon.com, Inc.",2021-11-22,2021-11-29,4,flat,down,0.48740748747723367,0.30449946663014543,0.2080930458926208
"Amazon.com, Inc.",2021-11-23,2021-11-30,4,flat,down,0.4395013854101828,0.29396958492870556,0.2665290296611116
"Amazon.com, Inc.",2021-11-24,2021-12-01,4,flat,down,0.3750668771445351,0.2702104946946994,0.35472262816076555
"Amazon.com, Inc.",2021-11-26,2021-12-02,4,down,down,0.3832608004072027,0.29186383311540237,0.324875366477395
"Amazon.com, Inc.",2021-11-29,2021-12-03,4,down,down,0.4116433518138739,0.26803350851662605,0.3203231396695
"Amazon.com, Inc.",2021-11-30,2021-12-06,4,down,down,0.4184211297436549,0.2605021431968448,0.3210767270595003
"Amazon.com, Inc.",2021-12-01,2021-12-07,4,flat,down,0.40423931875339825,0.2564864017944493,0.3392742794521523
"Amazon.com, Inc.",2021-12-02,2021-12-08,4,flat,down,0.37874308514933297,0.24567104507792265,0.37558586977274444
"Amazon.com, Inc.",2021-12-03,2021-12-09,4,flat,up,0.3632951963204896,0.240517815731158,0.3961869879483524
"Amazon.com, Inc.",2021-12-06,2021-12-10,4,flat,up,0.3422289659051489,0.24775118757696377,0.41001984651788725
"Amazon.com, Inc.",2021-12-07,2021-12-13,4,flat,up,0.3068387117049218,0.2675332364373657,0.4256280518577125
"Amazon.com, Inc.",2021-12-08,2021-12-14,4,down,down,0.36963528072422147,0.31844300070730436,0.3119217185684742
"Amazon.com, Inc.",2021-12-09,2021-12-15,4,down,down,0.3821182823077427,0.311481243004569,0.3064004746876882
"Amazon.com, Inc.",2021-12-10,2021-12-16,4,flat,down,0.3595109893311506,0.29292198840453043,0.3475670222643189
"Amazon.com, Inc.",2021-12-13,2021-12-17,4,flat,up,0.32386441223683,0.3045258913230366,0.37160969644013353
"Amazon.com, Inc.",2021-12-14,2021-12-20,4,flat,up,0.30779264822222674,0.30485615731404475,0.38735119446372845
"Amazon.com, Inc.",2021-12-15,2021-12-21,4,flat,up,0.2797388908278406,0.29620788543026316,0.4240532237418962
"Amazon.com, Inc.",2021-12-16,2021-12-22,4,flat,up,0.3095716478716302,0.33381903809239044,0.35660931403597934
"Amazon.com, Inc.",2021-12-17,2021-12-23,4,flat,down,0.3637625534324254,0.33968677503710754,0.2965506715304671
"Amazon.com, Inc.",2021-12-20,2021-12-27,4,flat,up,0.3521776858882443,0.28001694175838626,0.36780537235336946
"Amazon.com, Inc.",2021-12-21,2021-12-28,4,flat,up,0.29105912173890297,0.2615256827959739,0.4474151954651231
"Amazon.com, Inc.",2021-12-22,2021-12-29,4,flat,up,0.30390862690787923,0.29600023507967116,0.40009113801244967
"Amazon.com, Inc.",2021-12-23,2021-12-30,4,flat,up,0.32081169971602214,0.30951763992172615,0.3696706603622518
"Amazon.com, Inc.",2021-12-27,2021-12-31,4,flat,up,0.3193945693417683,0.3005338424034261,0.3800715882548056
"Amazon.com, Inc.",2021-12-28,2022-01-03,4,flat,up,0.2981535988524033,0.28871255023544057,0.4131338509121561
"Amazon.com, Inc.",2021-12-29,2022-01-04,4,flat,up,0.30020850287686895,0.273870702036204,0.4259207950869271
"Amazon.com, Inc.",2021-12-30,2022-01-05,4,flat,up,0.30203608055890085,0.26201447962352703,0.43594943981757206
"Amazon.com, Inc.",2021-12-31,2022-01-06,4,down,up,0.30771837882577385,0.2578414920844253,0.4344401290898008
"Amazon.com, Inc.",2022-01-03,2022-01-07,4,down,up,0.2880399119475814,0.2543574761283759,0.4576026119240428
"Amazon.com, Inc.",2022-01-04,2022-01-10,4,down,up,0.3059350858656433,0.26715275907463726,0.4269121550597195
"Amazon.com, Inc.",2022-01-05,2022-01-11,4,flat,up,0.3369576318496934,0.26181632421775825,0.4012260439325483
"Amazon.com, Inc.",2022-01-06,2022-01-12,4,flat,up,0.30253853457130503,0.233417879650112,0.46404358577858296
"Amazon.com, Inc.",2022-01-07,2022-01-13,4,flat,up,0.25200202859427506,0.21674453120299153,0.5312534402027334
"Amazon.com, Inc.",2022-01-10,2022-01-14,4,flat,up,0.2967898972550675,0.2551226232966054,0.44808747944832705
"Amazon.com, Inc.",2022-01-11,2022-01-18,4,down,up,0.247868618011053,0.2239719964579077,0.5281593855310392
"Amazon.com, Inc.",2022-01-12,2022-01-19,4,down,up,0.2760304476813522,0.24907233060619724,0.47489722171245047
"Amazon.com, Inc.",2022-01-13,2022-01-20,4,down,up,0.34187419204740593,0.3018894849001022,0.35623632305249187
"Amazon.com, Inc.",2022-01-14,2022-01-21,4,down,up,0.3263380233193568,0.2581060630595887,0.41555591362105443
"Amazon.com, Inc.",2022-01-18,2022-01-24,4,down,up,0.29059630227631617,0.24527979756820015,0.4641239001554836
"Amazon.com, Inc.",2022-01-19,2022-01-25,4,down,up,0.2772562551235436,0.2594247957760538,0.46331894910040267
"Amazon.com, Inc.",2022-01-20,2022-01-26,4,down,up,0.3160392900348627,0.28293105363258325,0.401029656332554
"Amazon.com, Inc.",2022-01-21,2022-01-27,4,down,down,0.36478688738087206,0.3461837539968789,0.28902935862224904
"Amazon.com, Inc.",2022-01-24,2022-01-28,4,flat,up,0.3308904754831543,0.33370617895152754,0.33540334556531815
"Amazon.com, Inc.",2022-01-25,2022-01-31,4,up,up,0.2755662537657548,0.2894691155638893,0.43496463067035573
"Amazon.com, Inc.",2022-01-26,2022-02-01,4,up,up,0.31177969921676946,0.341255836769703,0.3469644640135276
"Amazon.com, Inc.",2022-01-27,2022-02-02,4,up,flat,0.3636731574147253,0.3666808874493425,0.2696459551359322
"Amazon.com, Inc.",2022-01-28,2022-02-03,4,flat,flat,0.35606222802922083,0.3567258665021727,0.28721190546860637
"Amazon.com, Inc.",2022-01-31,2022-02-04,4,up,flat,0.2934543122357399,0.36587828900554914,0.34066739875871094
"Amazon.com, Inc.",2022-02-01,2022-02-07,4,up,flat,0.3228958406964629,0.42230627738688287,0.2547978819166543
"Amazon.com, Inc.",2022-02-02,2022-02-08,4,up,flat,0.33018708185609197,0.4556699473696245,0.2141429707742836
"Amazon.com, Inc.",2022-02-03,2022-02-09,4,up,flat,0.3331010779468391,0.5723813818536171,0.09451754019954395
"Amazon.com, Inc.",2022-02-04,2022-02-10,4,flat,flat,0.15150621159082592,0.4911542325825933,0.35733955582658067
"Amazon.com, Inc.",2022-02-07,2022-02-11,4,flat,flat,0.2273974088270233,0.6529435886447895,0.11965900252818712
"Amazon.com, Inc.",2022-02-08,2022-02-14,4,flat,flat,0.2849518499485886,0.6614131347108635,0.053635015340547924
"Amazon.com, Inc.",2022-02-09,2022-02-15,4,flat,flat,0.3294078716475236,0.5514224639714466,0.11916966438102997
"Amazon.com, Inc.",2022-02-10,2022-02-16,4,flat,flat,0.3302866241508291,0.5544315766691963,0.1152817991799746
"Amazon.com, Inc.",2022-02-11,2022-02-17,4,flat,flat,0.3320546786598595,0.5549406483897583,0.11300467295038213
"Amazon.com, Inc.",2022-02-14,2022-02-18,4,flat,flat,0.3374654960705448,0.5020719512697972,0.16046255265965811
"Amazon.com, Inc.",2022-02-15,2022-02-22,4,flat,flat,0.3054969320756747,0.5139101778549474,0.18059289006937787
"Amazon.com, Inc.",2022-02-16,2022-02-23,4,down,flat,0.3194882182535312,0.5502816574498691,0.13023012429659966
"Amazon.com, Inc.",2022-02-17,2022-02-24,4,down,flat,0.38510332750678644,0.47997873074583114,0.13491794174738245
"Amazon.com, Inc.",2022-02-18,2022-02-25,4,flat,flat,0.4106140605954597,0.4537389790665307,0.13564696033800958
"Amazon.com, Inc.",2022-02-22,2022-02-28,4,flat,flat,0.37813493489608313,0.46006073932503144,0.1618043257788855
"Amazon.com, Inc.",2022-02-23,2022-03-01,4,flat,flat,0.3522778321841614,0.46023718076515535,0.18748498705068325
"Amazon.com, Inc.",2022-02-24,2022-03-02,4,flat,flat,0.3301150000302201,0.4901701400662656,0.1797148599035144
"Amazon.com, Inc.",2022-02-25,2022-03-03,4,flat,flat,0.2553939875423793,0.4351500916268203,0.3094559208308005
"Amazon.com, Inc.",2022-02-28,2022-03-04,4,down,flat,0.30006491323669277,0.5046789921275769,0.19525609463573024
"Amazon.com, Inc.",2022-03-01,2022-03-07,4,down,flat,0.33369622637650065,0.4945782946541344,0.17172547896936496
"Amazon.com, Inc.",2022-03-02,2022-03-08,4,down,flat,0.3191698637942918,0.4569247348920761,0.22390540131363215
"Amazon.com, Inc.",2022-03-03,2022-03-09,4,down,flat,0.28729941274105525,0.47544956878686423,0.23725101847208052
"Amazon.com, Inc.",2022-03-04,2022-03-10,4,flat,flat,0.30238057311761385,0.49387641133699456,0.20374301554539154
"Amazon.com, Inc.",2022-03-07,2022-03-11,4,up,flat,0.35862652801560085,0.3861875928669596,0.2551858791174397
"Amazon.com, Inc.",2022-03-08,2022-03-14,4,up,flat,0.35077284389149893,0.3972287572228728,0.2519983988856282
"Amazon.com, Inc.",2022-03-09,2022-03-15,4,up,flat,0.2852681348417245,0.3693245419537893,0.34540732320448614
"Amazon.com, Inc.",2022-03-10,2022-03-16,4,flat,flat,0.28055785107725884,0.37674866284252995,0.3426934860802111
"Amazon.com, Inc.",2022-03-11,2022-03-17,4,up,flat,0.3736141467317981,0.44634568649115364,0.18004016677704837
"Amazon.com, Inc.",2022-03-14,2022-03-18,4,up,flat,0.4123831507541006,0.4391992651852934,0.14841758406060598
"Amazon.com, Inc.",2022-03-15,2022-03-21,4,up,flat,0.3251215544348511,0.3938476138252911,0.2810308317398578
"Amazon.com, Inc.",2022-03-16,2022-03-22,4,up,flat,0.2510782249671409,0.39313788687114215,0.35578388816171685
"Amazon.com, Inc.",2022-03-17,2022-03-23,4,up,flat,0.2772753706867292,0.4927950376388322,0.2299295916744386
"Amazon.com, Inc.",2022-03-18,2022-03-24,4,flat,flat,0.3106508232727137,0.5060694067355618,0.18327976999172454
"Amazon.com, Inc.",2022-03-21,2022-03-25,4,flat,flat,0.33146318587518026,0.49359475148793386,0.17494206263688583
"Amazon.com, Inc.",2022-03-22,2022-03-28,4,flat,flat,0.3575007547102022,0.4592624132416839,0.18323683204811392
"Amazon.com, Inc.",2022-03-23,2022-03-29,4,flat,flat,0.3937153598799299,0.4316714157717154,0.1746132243483547
"Amazon.com, Inc.",2022-03-24,2022-03-30,4,flat,flat,0.41372589636921253,0.4227192225531343,0.1635548810776531
"Amazon.com, Inc.",2022-03-25,2022-03-31,4,flat,down,0.39997893470015866,0.3992998857278592,0.2007211795719822
"Amazon.com, Inc.",2022-03-28,2022-04-01,4,flat,down,0.4123088092933953,0.37961089193564307,0.20808029877096174
"Amazon.com, Inc.",2022-03-29,2022-04-04,4,flat,down,0.46684016347575963,0.35690733093108595,0.17625250559315436
"Amazon.com, Inc.",2022-03-30,2022-04-05,4,flat,down,0.5326819041645193,0.32283384584009367,0.14448424999538695
"Amazon.com, Inc.",2022-03-31,2022-04-06,4,down,down,0.5232371427325246,0.30413723500754203,0.17262562225993333
"Amazon.com, Inc.",2022-04-01,2022-04-07,4,down,down,0.4859181327163587,0.27702967589299377,0.23705219139064754
"Amazon.com, Inc.",2022-04-04,2022-04-08,4,down,down,0.4568815482702926,0.27569873026408875,0.26741972146561854
"Amazon.com, Inc.",2022-04-05,2022-04-11,4,down,down,0.49879917834751436,0.27604922291206024,0.2251515987404254
"Amazon.com, Inc.",2022-04-06,2022-04-12,4,down,down,0.5070334916521201,0.3119740686148857,0.18099243973299423
"Amazon.com, Inc.",2022-04-07,2022-04-13,4,down,down,0.44517687873833917,0.2687114790424311,0.28611164221922974
"Amazon.com, Inc.",2022-04-08,2022-04-14,4,flat,down,0.39863453568827023,0.2728690233937697,0.3284964409179601
"Amazon.com, Inc.",2022-04-11,2022-04-18,4,flat,down,0.40305842163653416,0.2992323820354846,0.29770919632798115
"Amazon.com, Inc.",2022-04-12,2022-04-19,4,flat,up,0.3426792503032433,0.29846304854417993,0.35885770115257687
"Amazon.com, Inc.",2022-04-13,2022-04-20,4,flat,up,0.34295847639159577,0.3099476563269107,0.3470938672814936
"Amazon.com, Inc.",2022-04-14,2022-04-21,4,flat,down,0.3508042520791595,0.32774408056645626,0.3214516673543842
"Amazon.com, Inc.",2022-04-18,2022-04-22,4,down,down,0.37905598095045157,0.3180782874774009,0.3028657315721474
"Amazon.com, Inc.",2022-04-19,2022-04-25,4,down,up,0.3230933761264366,0.3147272093256413,0.362179414547922
"Amazon.com, Inc.",2022-04-20,2022-04-26,4,down,flat,0.33277104434190297,0.3599656705314308,0.3072632851266661
"Amazon.com, Inc.",2022-04-21,2022-04-27,4,down,flat,0.3700268946403641,0.4037055904802005,0.22626751487943542
"Amazon.com, Inc.",2022-04-22,2022-04-28,4,flat,flat,0.3610129398560372,0.40111159252668654,0.23787546761727613
"Amazon.com, Inc.",2022-04-25,2022-04-29,4,down,flat,0.30112650708495314,0.37214514362622236,0.32672834928882455
"Amazon.com, Inc.",2022-04-26,2022-05-02,4,down,flat,0.32405407534483627,0.3836403321456224,0.29230559250954136
"Amazon.com, Inc.",2022-04-27,2022-05-03,4,down,flat,0.3583388483707818,0.36840660012016635,0.27325455150905187
"Amazon.com, Inc.",2022-04-28,2022-05-04,4,down,up,0.30089704298893327,0.3311807867282924,0.36792217028277435
"Amazon.com, Inc.",2022-04-29,2022-05-05,4,down,flat,0.3802913089559243,0.5578026045535682,0.061906086490507495
"Amazon.com, Inc.",2022-05-02,2022-05-06,4,flat,flat,0.3228402699449946,0.49846784138690414,0.1786918886681013
"Amazon.com, Inc.",2022-05-03,2022-05-09,4,down,flat,0.23891278321023604,0.4291351596922401,0.3319520570975239
"Amazon.com, Inc.",2022-05-04,2022-05-10,4,down,flat,0.2645788576105475,0.5774668870786099,0.1579542553108426
"Amazon.com, Inc.",2022-05-05,2022-05-11,4,down,flat,0.32684868781461046,0.5823070696087033,0.09084424257668626
"Amazon.com, Inc.",2022-05-06,2022-05-12,4,down,flat,0.3428796927320502,0.5314187820679048,0.12570152520004507
"Amazon.com, Inc.",2022-05-09,2022-05-13,4,flat,flat,0.3146145750674673,0.5619377814114515,0.12344764352108134
"Amazon.com, Inc.",2022-05-10,2022-05-16,4,flat,flat,0.28675703930586954,0.5436884963607315,0.16955446433339896
"Amazon.com, Inc.",2022-05-11,2022-05-17,4,flat,flat,0.3169173445266341,0.5624909383563804,0.12059171711698558
"Amazon.com, Inc.",2022-05-12,2022-05-18,4,flat,flat,0.2869863449772808,0.6035163085291696,0.10949734649354946
"Amazon.com, Inc.",2022-05-13,2022-05-19,4,flat,flat,0.24762697283223176,0.5820384223302146,0.17033460483755358
"Amazon.com, Inc.",2022-05-16,2022-05-20,4,flat,flat,0.28389265710959866,0.6143150948210662,0.10179224806933511
"Amazon.com, Inc.",2022-05-17,2022-05-23,4,flat,flat,0.2880177776953761,0.6157572485661102,0.09622497373851367
"Amazon.com, Inc.",2022-05-18,2022-05-24,4,flat,flat,0.2998951612984135,0.626460955795804,0.07364388290578255
"Amazon.com, Inc.",2022-05-19,2022-05-25,4,flat,flat,0.25189512814210774,0.6055072709582909,0.14259760089960138
"Amazon.com, Inc.",2022-05-20,2022-05-26,4,flat,flat,0.219312796228882,0.592710101098329,0.18797710267278905
"Amazon.com, Inc.",2022-05-23,2022-05-27,4,up,flat,0.2431898116424007,0.6157098839095079,0.1411003044480914
"Amazon.com, Inc.",2022-05-24,2022-05-31,4,up,flat,0.278408735833063,0.6141185815639929,0.10747268260294418
"Amazon.com, Inc.",2022-05-25,2022-06-01,4,up,flat,0.24206586862654014,0.5370964150249767,0.2208377163484831
"Amazon.com, Inc.",2022-05-26,2022-06-02,4,up,flat,0.22155286607432947,0.5128125062704358,0.26563462765523466
"Amazon.com, Inc.",2022-05-27,2022-06-03,4,up,flat,0.29014287177540354,0.47373632306941577,0.2361208051551807
"Amazon.com, Inc.",2022-05-31,2022-06-06,4,up,flat,0.3136049312495033,0.4775421939489298,0.20885287480156675
"Amazon.com, Inc.",2022-06-01,2022-06-07,4,flat,flat,0.2995589458077195,0.4914043989373423,0.2090366552549382
"Amazon.com, Inc.",2022-06-02,2022-06-08,4,flat,flat,0.3158217630034757,0.5081790936284665,0.1759991433680578
"Amazon.com, Inc.",2022-06-03,2022-06-09,4,flat,flat,0.33601293886033423,0.47808611081325064,0.1859009503264152
"Amazon.com, Inc.",2022-06-06,2022-06-10,4,down,flat,0.3223625815887183,0.4535512085316975,0.2240862098795842
"Amazon.com, Inc.",2022-06-07,2022-06-13,4,down,flat,0.3845704054328321,0.48068088873929904,0.13474870582786896
"Amazon.com, Inc.",2022-06-08,2022-06-14,4,down,flat,0.3951366891466648,0.4239912467444944,0.18087206410884085
"Amazon.com, Inc.",2022-06-09,2022-06-15,4,down,down,0.4428678728767346,0.3932854382944898,0.16384668882877565
"Amazon.com, Inc.",2022-06-10,2022-06-16,4,down,down,0.44406081873681763,0.4300646706986221,0.1258745105645603
"Amazon.com, Inc.",2022-06-13,2022-06-17,4,flat,down,0.444745095807306,0.4233392057287852,0.13191569846390877
"Amazon.com, Inc.",2022-06-14,2022-06-21,4,flat,flat,0.3640393343222516,0.37105880207787917,0.2649018635998692
"Amazon.com, Inc.",2022-06-15,2022-06-22,4,flat,flat,0.3337949706202058,0.3956423738633442,0.27056265551645
"Amazon.com, Inc.",2022-06-16,2022-06-23,4,up,flat,0.4266800345316775,0.445579656338214,0.12774030913010834
"Amazon.com, Inc.",2022-06-17,2022-06-24,4,up,flat,0.4040205924542922,0.41260669652164206,0.18337271102406566
"Amazon.com, Inc.",2022-06-21,2022-06-27,4,up,flat,0.329662092642232,0.41353759121319406,0.2568003161445739
"Amazon.com, Inc.",2022-06-22,2022-06-28,4,flat,flat,0.3315589814943512,0.4987367206083038,0.16970429789734492
"Amazon.com, Inc.",2022-06-23,2022-06-29,4,flat,flat,0.3122995630426537,0.5125562356877736,0.17514420126957267
"Amazon.com, Inc.",2022-06-24,2022-06-30,4,down,flat,0.26788340384463366,0.5382681770929016,0.1938484190624647
"Amazon.com, Inc.",2022-06-27,2022-07-01,4,down,flat,0.27349822303644644,0.5829917633845163,0.1435100135790374
"Amazon.com, Inc.",2022-06-28,2022-07-05,4,flat,flat,0.316730003450963,0.5904076341523622,0.09286236239667466
"Amazon.com, Inc.",2022-06-29,2022-07-06,4,flat,flat,0.3195463410679199,0.5269586982945164,0.15349496063756374
"Amazon.com, Inc.",2022-06-30,2022-07-07,4,up,flat,0.3158067144728825,0.5155651887447862,0.16862809678233132
"Amazon.com, Inc.",2022-07-01,2022-07-08,4,up,flat,0.2970216845308082,0.4963513519010657,0.2066269635681261
"Amazon.com, Inc.",2022-07-05,2022-07-11,4,flat,flat,0.3259331147610653,0.4818990754239973,0.19216780981493745
"Amazon.com, Inc.",2022-07-06,2022-07-12,4,flat,flat,0.3362407995119075,0.4822268451245899,0.18153235536350268
"Amazon.com, Inc.",2022-07-07,2022-07-13,4,down,flat,0.3588520064683992,0.47650410758151107,0.1646438859500896
"Amazon.com, Inc.",2022-07-08,2022-07-14,4,flat,flat,0.35937485151547016,0.4593675291621619,0.18125761932236797
"Amazon.com, Inc.",2022-07-11,2022-07-15,4,flat,flat,0.3572605439633458,0.45998238579707146,0.18275707023958276
"Amazon.com, Inc.",2022-07-12,2022-07-18,4,flat,flat,0.3358662821072749,0.4425428573170762,0.2215908605756489
"Amazon.com, Inc.",2022-07-13,2022-07-19,4,up,flat,0.3490277380908279,0.4093978554402887,0.24157440646888342
"Amazon.com, Inc.",2022-07-14,2022-07-20,4,up,flat,0.31983408642735184,0.39526592238378117,0.28489999118886705
"Amazon.com, Inc.",2022-07-15,2022-07-21,4,up,flat,0.3227895818630473,0.3889196793710647,0.2882907387658879
"Amazon.com, Inc.",2022-07-18,2022-07-22,4,up,flat,0.37582445327835473,0.4045647474583725,0.21961079926327282
"Amazon.com, Inc.",2022-07-19,2022-07-25,4,up,flat,0.37841288075268853,0.38712874709526895,0.23445837215204246
"Amazon.com, Inc.",2022-07-20,2022-07-26,4,down,flat,0.3470725432219244,0.36991201212852975,0.2830154446495458
"Amazon.com, Inc.",2022-07-21,2022-07-27,4,flat,flat,0.3648574762053404,0.4001246505780733,0.2350178732165862
"Amazon.com, Inc.",2022-07-22,2022-07-28,4,flat,flat,0.3908067738330864,0.4310492408727224,0.17814398529419118
"Amazon.com, Inc.",2022-07-25,2022-07-29,4,up,flat,0.39710417285990496,0.4117019997778529,0.19119382736224233
"Amazon.com, Inc.",2022-07-26,2022-08-01,4,up,flat,0.391742963723059,0.45219275675695586,0.1560642795199852
"Amazon.com, Inc.",2022-07-27,2022-08-02,4,up,flat,0.3048128283281873,0.37437684655405884,0.3208103251177539
"Amazon.com, Inc.",2022-07-28,2022-08-03,4,up,flat,0.3585137092062845,0.4022400094026734,0.23924628139104215
"Amazon.com, Inc.",2022-07-29,2022-08-04,4,up,flat,0.3035488449406202,0.42852931310575515,0.2679218419536247
"Amazon.com, Inc.",2022-08-01,2022-08-05,4,flat,flat,0.45530119272606895,0.4673175824528328,0.07738122482109816
"Amazon.com, Inc.",2022-08-02,2022-08-08,4,up,down,0.483650715936309,0.43148045769180593,0.08486882637188503
"Amazon.com, Inc.",2022-08-03,2022-08-09,4,flat,down,0.43688808701554166,0.38987014283283594,0.17324177015162245
"Amazon.com, Inc.",2022-08-04,2022-08-10,4,flat,flat,0.4000896001435962,0.4365265229748268,0.1633838768815771
"Amazon.com, Inc.",2022-08-05,2022-08-11,4,flat,flat,0.43692423515865875,0.47921380516203765,0.08386195967930367
"Amazon.com, Inc.",2022-08-08,2022-08-12,4,flat,flat,0.44401660900942547,0.4602954885719498,0.09568790241862479
"Amazon.com, Inc.",2022-08-09,2022-08-15,4,flat,down,0.4629430057965387,0.4451928688929131,0.09186412531054818
"Amazon.com, Inc.",2022-08-10,2022-08-16,4,flat,down,0.4247408079114615,0.41364800152430203,0.16161119056423642
"Amazon.com, Inc.",2022-08-11,2022-08-17,4,flat,down,0.5136783989689608,0.3846645344400887,0.1016570665909505
"Amazon.com, Inc.",2022-08-12,2022-08-18,4,flat,down,0.4991097534181318,0.40555453686660303,0.0953357097152653
"Amazon.com, Inc.",2022-08-15,2022-08-19,4,flat,down,0.4833000250783729,0.39131579050441184,0.1253841844172153
"Amazon.com, Inc.",2022-08-16,2022-08-22,4,down,down,0.44865756018722663,0.40789976086255175,0.14344267895022153
"Amazon.com, Inc.",2022-08-17,2022-08-23,4,down,down,0.46885706024874196,0.417534934124465,0.11360800562679303
"Amazon.com, Inc.",2022-08-18,2022-08-24,4,down,down,0.42823653416052343,0.4083675623607643,0.16339590347871213
"Amazon.com, Inc.",2022-08-19,2022-08-25,4,flat,flat,0.4146420735016958,0.41771256301305365,0.16764536348525058
"Amazon.com, Inc.",2022-08-22,2022-08-26,4,flat,flat,0.3959004971546041,0.45333042243101224,0.15076908041438367
"Amazon.com, Inc.",2022-08-23,2022-08-29,4,flat,flat,0.35992485514319267,0.38457817592002236,0.255496968936785
"Amazon.com, Inc.",2022-08-24,2022-08-30,4,flat,flat,0.32904966267485686,0.394368130866918,0.27658220645822507
"Amazon.com, Inc.",2022-08-25,2022-08-31,4,down,flat,0.2971840093410662,0.41814188120668816,0.28467410945224564
"Amazon.com, Inc.",2022-08-26,2022-09-01,4,down,down,0.4122001318024198,0.33889887686568565,0.2489009913318945
"Amazon.com, Inc.",2022-08-29,2022-09-02,4,flat,down,0.4057557483727421,0.34242645847355174,0.2518177931537063
"Amazon.com, Inc.",2022-08-30,2022-09-06,4,flat,up,0.32403033807505166,0.3109934685639597,0.3649761933609885
"Amazon.com, Inc.",2022-08-31,2022-09-07,4,flat,up,0.3218320702771528,0.3368717098679208,0.34129621985492636
"Amazon.com, Inc.",2022-09-01,2022-09-08,4,flat,flat,0.34738324662122566,0.3556713623183227,0.29694539106045176
"Amazon.com, Inc.",2022-09-02,2022-09-09,4,flat,up,0.29656760467353144,0.3423530071712652,0.36107938815520335
"Amazon.com, Inc.",2022-09-06,2022-09-12,4,up,flat,0.3468323998203716,0.3805642803482061,0.2726033198314222
"Amazon.com, Inc.",2022-09-07,2022-09-13,4,flat,flat,0.3272523248653432,0.36860135721404097,0.3041463179206159
"Amazon.com, Inc.",2022-09-08,2022-09-14,4,flat,flat,0.3290667110918435,0.33628432953050247,0.3346489593776541
"Amazon.com, Inc.",2022-09-09,2022-09-15,4,down,flat,0.2958858301164905,0.36776970514910307,0.33634446473440643
"Amazon.com, Inc.",2022-09-12,2022-09-16,4,down,flat,0.30725701933615585,0.39598960034148173,0.2967533803223624
"Amazon.com, Inc.",2022-09-13,2022-09-19,4,down,flat,0.36630586817557437,0.4771694897232847,0.15652464210114087
"Amazon.com, Inc.",2022-09-14,2022-09-20,4,down,flat,0.30433776913808297,0.4029469504826773,0.2927152803792397
"Amazon.com, Inc.",2022-09-15,2022-09-21,4,down,flat,0.2727830092758977,0.374259427156012,0.35295756356809027
"Amazon.com, Inc.",2022-09-16,2022-09-22,4,down,flat,0.3206623321394927,0.4442405113406746,0.23509715651983276
"Amazon.com, Inc.",2022-09-19,2022-09-23,4,down,flat,0.2839066182079636,0.3824354794740411,0.3336579023179953
"Amazon.com, Inc.",2022-09-20,2022-09-26,4,down,flat,0.30838058731659007,0.35673656490265837,0.33488284778075156
"Amazon.com, Inc.",2022-09-21,2022-09-27,4,down,flat,0.3453133217206799,0.3852471165281684,0.2694395617511517
"Amazon.com, Inc.",2022-09-22,2022-09-28,4,flat,flat,0.3623969580737874,0.3628773241610953,0.27472571776511734
"Amazon.com, Inc.",2022-09-23,2022-09-29,4,flat,flat,0.3385697023968697,0.3409993948636612,0.3204309027394691
"Amazon.com, Inc.",2022-09-26,2022-09-30,4,flat,up,0.2825209195452195,0.3432402247059044,0.37423885574887616
"Amazon.com, Inc.",2022-09-27,2022-10-03,4,flat,flat,0.28924637844358114,0.3702814772766387,0.3404721442797802
"Amazon.com, Inc.",2022-09-28,2022-10-04,4,up,flat,0.31441364917231596,0.40790780108445307,0.27767854974323086
"Amazon.com, Inc.",2022-09-29,2022-10-05,4,up,flat,0.33189201283912256,0.4207142606073295,0.24739372655354785
"Amazon.com, Inc.",2022-09-30,2022-10-06,4,up,flat,0.3196427856399964,0.3955810760372276,0.2847761383227761
"Amazon.com, Inc.",2022-10-03,2022-10-07,4,flat,flat,0.29446073415512225,0.37299991731807985,0.3325393485267979
"Amazon.com, Inc.",2022-10-04,2022-10-10,4,down,flat,0.24576970479069565,0.3885468288338955,0.36568346637540877
"Amazon.com, Inc.",2022-10-05,2022-10-11,4,down,flat,0.3405071218697028,0.47261018877709376,0.18688268935320335
"Amazon.com, Inc.",2022-10-06,2022-10-12,4,down,flat,0.32152027243963893,0.4517952211679879,0.22668450639237317
"Amazon.com, Inc.",2022-10-07,2022-10-13,4,down,flat,0.34332566907992346,0.45102827689951536,0.20564605402056121
"Amazon.com, Inc.",2022-10-10,2022-10-14,4,flat,flat,0.30349991681499044,0.4120190849004028,0.2844809982846069
"Amazon.com, Inc.",2022-10-11,2022-10-17,4,flat,flat,0.31063415103066916,0.38405781960916263,0.3053080293601683
"Amazon.com, Inc.",2022-10-12,2022-10-18,4,up,flat,0.3027104793544039,0.38442954684451097,0.3128599738010851
"Amazon.com, Inc.",2022-10-13,2022-10-19,4,up,flat,0.3577403938544854,0.40280178014084506,0.23945782600466958
"Amazon.com, Inc.",2022-10-14,2022-10-20,4,flat,flat,0.3296835968273878,0.3538273547042435,0.3164890484683687
"Amazon.com, Inc.",2022-10-17,2022-10-21,4,flat,flat,0.33224483810641253,0.34792375098259753,0.31983141091099
"Amazon.com, Inc.",2022-10-18,2022-10-24,4,flat,flat,0.2900485338438326,0.37887908787054897,0.33107237828561853
"Amazon.com, Inc.",2022-10-19,2022-10-25,4,up,flat,0.37435441610991516,0.4481567452073938,0.17748883868269105
"Amazon.com, Inc.",2022-10-20,2022-10-26,4,flat,flat,0.32208783228146826,0.43205303198610706,0.2458591357324247
"Amazon.com, Inc.",2022-10-21,2022-10-27,4,flat,flat,0.284238908125313,0.4018656222779645,0.31389546959672243
"Amazon.com, Inc.",2022-10-24,2022-10-28,4,down,flat,0.2857930007185753,0.4419612868397171,0.2722457124417076
"Amazon.com, Inc.",2022-10-25,2022-10-31,4,down,flat,0.321971369811481,0.461769479127684,0.21625915106083488
"Amazon.com, Inc.",2022-10-26,2022-11-01,4,down,flat,0.34874441337183226,0.48808787221950944,0.16316771440865815
"Amazon.com, Inc.",2022-10-27,2022-11-02,4,down,flat,0.34153855611917516,0.4679129300533988,0.190548513827426
"Amazon.com, Inc.",2022-10-28,2022-11-03,4,down,flat,0.3356707812975252,0.5680021237316325,0.0963270949708423
"Amazon.com, Inc.",2022-10-31,2022-11-04,4,down,flat,0.23118303077824318,0.4483746912219723,0.3204422779997845
"Amazon.com, Inc.",2022-11-01,2022-11-07,4,down,flat,0.3068767093041562,0.5153249118600682,0.17779837883577557
"Amazon.com, Inc.",2022-11-02,2022-11-08,4,flat,flat,0.35138339916481415,0.5578939205496235,0.09072268028556237
"Amazon.com, Inc.",2022-11-03,2022-11-09,4,flat,flat,0.36269875222928805,0.4855915477264021,0.1517097000443099
"Amazon.com, Inc.",2022-11-04,2022-11-10,4,flat,flat,0.31216053352322604,0.43318354850032526,0.2546559179764486
"Amazon.com, Inc.",2022-11-07,2022-11-11,4,up,flat,0.3131860425747946,0.4782333919845878,0.2085805654406175
"Amazon.com, Inc.",2022-11-08,2022-11-14,4,up,flat,0.3282172188341602,0.5104137201756941,0.16136906099014575
"Amazon.com, Inc.",2022-11-09,2022-11-15,4,up,flat,0.3271558025782394,0.5343889858524914,0.1384552115692691
"Amazon.com, Inc.",2022-11-10,2022-11-16,4,flat,flat,0.1915284612474991,0.522156702576515,0.2863148361759859
"Amazon.com, Inc.",2022-11-11,2022-11-17,4,flat,flat,0.22723127507565363,0.6259409124267,0.14682781249764632
"Amazon.com, Inc.",2022-11-14,2022-11-18,4,flat,flat,0.2728727545427378,0.6592381696459252,0.06788907581133709
"Amazon.com, Inc.",2022-11-15,2022-11-21,4,down,flat,0.25173412655743427,0.6185212768825576,0.12974459656000806
"Amazon.com, Inc.",2022-11-16,2022-11-22,4,flat,flat,0.2520543877814687,0.6550871150039483,0.09285849721458299
"Amazon.com, Inc.",2022-11-17,2022-11-23,4,flat,flat,0.244715770027565,0.6316853350925993,0.12359889487983575
"Amazon.com, Inc.",2022-11-18,2022-11-25,4,flat,flat,0.25269141584791194,0.5871125270214441,0.16019605713064405
"Amazon.com, Inc.",2022-11-21,2022-11-28,4,flat,flat,0.2633367791017463,0.599135967265965,0.13752725363228857
"Amazon.com, Inc.",2022-11-22,2022-11-29,4,flat,flat,0.27594778152051164,0.55810358790796,0.16594863057152837
"Amazon.com, Inc.",2022-11-23,2022-11-30,4,flat,flat,0.2721366984470943,0.49782814840140444,0.23003515315150114
"Amazon.com, Inc.",2022-11-25,2022-12-01,4,flat,flat,0.2892313959303224,0.4966205533004372,0.21414805076924034
"Amazon.com, Inc.",2022-11-28,2022-12-02,4,flat,flat,0.31063563796479854,0.4392137099864878,0.25015065204871356
"Amazon.com, Inc.",2022-11-29,2022-12-05,4,flat,flat,0.3241990395156732,0.44391954794457034,0.23188141253975647
"Amazon.com, Inc.",2022-11-30,2022-12-06,4,down,flat,0.2698014989267832,0.44450659503012263,0.2856919060430942
"Amazon.com, Inc.",2022-12-01,2022-12-07,4,down,flat,0.26373927768893063,0.410936810018526,0.3253239122925434
"Amazon.com, Inc.",2022-12-02,2022-12-08,4,down,flat,0.3147335222549454,0.4579871940276788,0.22727928371737574
"Amazon.com, Inc.",2022-12-05,2022-12-09,4,flat,flat,0.3173128215686107,0.44299138456864406,0.23969579386274517
"Amazon.com, Inc.",2022-12-06,2022-12-12,4,flat,flat,0.29567545745715934,0.42926496051484475,0.27505958202799585
"Amazon.com, Inc.",2022-12-07,2022-12-13,4,up,flat,0.27455663253482954,0.3984288466981851,0.32701452076698534
"Amazon.com, Inc.",2022-12-08,2022-12-14,4,flat,flat,0.2658882696586799,0.3843535894067403,0.3497581409345798
"Amazon.com, Inc.",2022-12-09,2022-12-15,4,flat,flat,0.34060150768314196,0.35090084938009103,0.30849764293676696
"Amazon.com, Inc.",2022-12-12,2022-12-16,4,flat,down,0.3408688811015386,0.32206485374761123,0.3370662651508501
"Amazon.com, Inc.",2022-12-13,2022-12-19,4,down,up,0.2675295558391453,0.30013783917253256,0.4323326049883221
"Amazon.com, Inc.",2022-12-14,2022-12-20,4,down,flat,0.36080810544367875,0.38391223376649175,0.25527966078982955
"Amazon.com, Inc.",2022-12-15,2022-12-21,4,flat,flat,0.3722624264220531,0.38393897433082363,0.24379859924712324
"Amazon.com, Inc.",2022-12-16,2022-12-22,4,down,up,0.2983046749097813,0.3331056757514921,0.3685896493387266
"Amazon.com, Inc.",2022-12-19,2022-12-23,4,flat,flat,0.30749621108425507,0.3681277688340877,0.3243760200816572
"Amazon.com, Inc.",2022-12-20,2022-12-27,4,flat,flat,0.31880731899600423,0.3571123375564006,0.3240803434475952
"Amazon.com, Inc.",2022-12-21,2022-12-28,4,down,up,0.30077891932349377,0.3339753867092636,0.36524569396724266
"Amazon.com, Inc.",2022-12-22,2022-12-29,4,flat,flat,0.36348480941028055,0.3808563452363459,0.2556588453533735
"Amazon.com, Inc.",2022-12-23,2022-12-30,4,flat,flat,0.33674055399643116,0.3415278083375207,0.32173163766604806
"Amazon.com, Inc.",2022-12-27,2023-01-03,4,flat,up,0.33234725565274864,0.3176074426474587,0.3500453016997927
"Amazon.com, Inc.",2022-12-28,2023-01-04,4,up,flat,0.35128691387465955,0.35976954703087083,0.2889435390944696
"Amazon.com, Inc.",2022-12-29,2023-01-05,4,flat,up,0.3012391889329976,0.33025621672754335,0.3685045943394589
"Amazon.com, Inc.",2022-12-30,2023-01-06,4,flat,flat,0.3191413360050203,0.34247104882716967,0.33838761516781
"Amazon.com, Inc.",2023-01-03,2023-01-09,4,flat,up,0.2851338113448377,0.35560127663974384,0.35926491201541844
"Amazon.com, Inc.",2023-01-04,2023-01-10,4,up,flat,0.32491079338689466,0.37365765528406514,0.30143155132904026
"Amazon.com, Inc.",2023-01-05,2023-01-11,4,up,flat,0.3414491638756167,0.3705983003773906,0.2879525357469927
"Amazon.com, Inc.",2023-01-06,2023-01-12,4,up,up,0.30776043304892836,0.33743337520185435,0.3548061917492173
"Amazon.com, Inc.",2023-01-09,2023-01-13,4,up,up,0.24548635023494852,0.3266209788277811,0.42789267093727046
"Amazon.com, Inc.",2023-01-10,2023-01-17,4,up,flat,0.3203680294935551,0.4053507820392431,0.27428118846720184
"Amazon.com, Inc.",2023-01-11,2023-01-18,4,up,flat,0.2888101949345979,0.4055945382404851,0.30559526682491706
"Amazon.com, Inc.",2023-01-12,2023-01-19,4,flat,flat,0.322235480701131,0.4080408467269065,0.2697236725719626
"Amazon.com, Inc.",2023-01-13,2023-01-20,4,flat,flat,0.3564081730305633,0.43359496799928127,0.2099968589701553
"Amazon.com, Inc.",2023-01-17,2023-01-23,4,flat,flat,0.3633765227263755,0.3911940806849627,0.24542939658866184
"Amazon.com, Inc.",2023-01-18,2023-01-24,4,flat,flat,0.3829648273042312,0.39032658389225067,0.22670858880351819
"Amazon.com, Inc.",2023-01-19,2023-01-25,4,flat,down,0.40986903778033523,0.4092724439175251,0.18085851830213956
"Amazon.com, Inc.",2023-01-20,2023-01-26,4,flat,down,0.3679101894128215,0.3648279371549467,0.2672618734322318
"Amazon.com, Inc.",2023-01-23,2023-01-27,4,up,down,0.3862963176906929,0.358270732948425,0.25543294936088223
"Amazon.com, Inc.",2023-01-24,2023-01-30,4,up,down,0.4603688711285136,0.35895384785606027,0.18067728101542607
"Amazon.com, Inc.",2023-01-25,2023-01-31,4,up,down,0.4870213575147268,0.3454002963059775,0.1675783461792957
"Amazon.com, Inc.",2023-01-26,2023-02-01,4,up,down,0.3711783341250373,0.30593511329150846,0.3228865525834543
"Amazon.com, Inc.",2023-01-27,2023-02-02,4,up,down,0.40472423764984977,0.33999733699236123,0.255278425357789
"Amazon.com, Inc.",2023-01-30,2023-02-03,4,up,down,0.4746676449765885,0.36837318974779404,0.1569591652756176
"Amazon.com, Inc.",2023-01-31,2023-02-06,4,flat,down,0.42487843959670163,0.35106325230781205,0.2240583080954863
"Amazon.com, Inc.",2023-02-01,2023-02-07,4,flat,down,0.3873276662331061,0.36667697373715097,0.24599536002974295
"Amazon.com, Inc.",2023-02-02,2023-02-08,4,down,flat,0.3324562394975821,0.378878829107929,0.2886649313944888
"Amazon.com, Inc.",2023-02-03,2023-02-09,4,down,flat,0.44970605948162445,0.4790692033500723,0.07122473716830327
"Amazon.com, Inc.",2023-02-06,2023-02-10,4,down,flat,0.39368809694834744,0.4730332829837846,0.1332786200678679
"Amazon.com, Inc.",2023-02-07,2023-02-13,4,flat,flat,0.3446265522783831,0.4306915241456954,0.22468192357592148
"Amazon.com, Inc.",2023-02-08,2023-02-14,4,flat,flat,0.3355162581701461,0.45177046651843383,0.2127132753114199
"Amazon.com, Inc.",2023-02-09,2023-02-15,4,flat,flat,0.3917370350838528,0.4428033714800139,0.1654595934361333
"Amazon.com, Inc.",2023-02-10,2023-02-16,4,flat,flat,0.40657923215895914,0.42794258386108464,0.1654781839799562
"Amazon.com, Inc.",2023-02-13,2023-02-17,4,flat,flat,0.3593096881089567,0.4077134438921553,0.23297686799888806
"Amazon.com, Inc.",2023-02-14,2023-02-21,4,flat,flat,0.3526482623885629,0.4182434808901328,0.2291082567213042
"Amazon.com, Inc.",2023-02-15,2023-02-22,4,flat,flat,0.35887354569275753,0.43367978798790274,0.20744666631933972
"Amazon.com, Inc.",2023-02-16,2023-02-23,4,flat,flat,0.348382086937552,0.463690009263297,0.18792790379915103
"Amazon.com, Inc.",2023-02-17,2023-02-24,4,flat,flat,0.32666562975900065,0.4794710653727214,0.193863304868278
"Amazon.com, Inc.",2023-02-21,2023-02-27,4,flat,flat,0.31502223345185615,0.47556075325247604,0.2094170132956679
"Amazon.com, Inc.",2023-02-22,2023-02-28,4,flat,flat,0.27454579634234566,0.4487631850050019,0.2766910186526525
"Amazon.com, Inc.",2023-02-23,2023-03-01,4,flat,flat,0.29427998149397583,0.45649057880129285,0.24922943970473135
"Amazon.com, Inc.",2023-02-24,2023-03-02,4,flat,flat,0.3236563866186773,0.4624230675719167,0.213920545809406
"Amazon.com, Inc.",2023-02-27,2023-03-03,4,flat,flat,0.2886371356532777,0.40730644443061137,0.3040564199161108
"Amazon.com, Inc.",2023-02-28,2023-03-06,4,flat,flat,0.29351302405551244,0.4094473476525454,0.29703962829194214
"Amazon.com, Inc.",2023-03-01,2023-03-07,4,flat,flat,0.31609624959698407,0.41204035008789053,0.2718634003151254
"Amazon.com, Inc.",2023-03-02,2023-03-08,4,flat,flat,0.31844280236266226,0.4058267988652584,0.2757303987720793
"Amazon.com, Inc.",2023-03-03,2023-03-09,4,flat,up,0.2636364154155619,0.315594204523634,0.4207693800608041
"Amazon.com, Inc.",2023-03-06,2023-03-10,4,down,up,0.3054950238879263,0.3271534965534512,0.36735147955862246
"Amazon.com, Inc.",2023-03-07,2023-03-13,4,down,down,0.3512676142222215,0.3455765260261036,0.3031558597516748
"Amazon.com, Inc.",2023-03-08,2023-03-14,4,flat,up,0.3267986347646247,0.3124253394314857,0.3607760258038897
"Amazon.com, Inc.",2023-03-09,2023-03-15,4,flat,up,0.2913964008614275,0.31386210869050135,0.39474149044807116
"Amazon.com, Inc.",2023-03-10,2023-03-16,4,up,flat,0.3315248674555619,0.3399089847201886,0.3285661478242495
"Amazon.com, Inc.",2023-03-13,2023-03-17,4,up,up,0.3290118665961804,0.31050009004949386,0.36048804335432577
"Amazon.com, Inc.",2023-03-14,2023-03-20,4,up,up,0.26461319688697565,0.29175153146714883,0.44363527164587546
"Amazon.com, Inc.",2023-03-15,2023-03-21,4,up,flat,0.32000861518801654,0.3612471982417102,0.3187441865702732
"Amazon.com, Inc.",2023-03-16,2023-03-22,4,flat,flat,0.3091761335889053,0.34592950686106727,0.34489435955002745
"Amazon.com, Inc.",2023-03-17,2023-03-23,4,flat,flat,0.33543923099699063,0.3658815148196696,0.29867925418333985
"Amazon.com, Inc.",2023-03-20,2023-03-24,4,flat,flat,0.36011627431856785,0.39592917936676697,0.24395454631466515
"Amazon.com, Inc.",2023-03-21,2023-03-27,4,flat,up,0.30632851626927105,0.3426392838018243,0.3510321999289047
"Amazon.com, Inc.",2023-03-22,2023-03-28,4,flat,flat,0.32540995138542933,0.3686330705276449,0.30595697808692585
"Amazon.com, Inc.",2023-03-23,2023-03-29,4,flat,flat,0.36428501937454055,0.39435003794284873,0.24136494268261072
"Amazon.com, Inc.",2023-03-24,2023-03-30,4,up,down,0.3887866752573404,0.3642561877383145,0.2469571370043451
"Amazon.com, Inc.",2023-03-27,2023-03-31,4,up,down,0.3459769850011448,0.3335282909609044,0.32049472403795076
"Amazon.com, Inc.",2023-03-28,2023-04-03,4,up,down,0.38049702483271824,0.3431531358551892,0.27634983931209245
"Amazon.com, Inc.",2023-03-29,2023-04-04,4,up,down,0.36131090266912896,0.3167361900047595,0.32195290732611165
"Amazon.com, Inc.",2023-03-30,2023-04-05,4,flat,down,0.36444328736485004,0.3237494036014739,0.311807309033676
"Amazon.com, Inc.",2023-03-31,2023-04-06,4,flat,down,0.3891252206329338,0.35182088238567094,0.25905389698139525
"Amazon.com, Inc.",2023-04-03,2023-04-10,4,flat,down,0.41235656041516605,0.33307715606010646,0.25456628352472743
"Amazon.com, Inc.",2023-04-04,2023-04-11,4,down,down,0.3651697904632211,0.3193518286730764,0.3154783808637025
"Amazon.com, Inc.",2023-04-05,2023-04-12,4,down,down,0.37996115479653747,0.3353122373602671,0.28472660784319526
"Amazon.com, Inc.",2023-04-06,2023-04-13,4,flat,down,0.3810235137529486,0.33891713252399314,0.28005935372305824
"Amazon.com, Inc.",2023-04-10,2023-04-14,4,flat,down,0.36557544612493653,0.3022661797864509,0.3321583740886127
"Amazon.com, Inc.",2023-04-11,2023-04-17,4,up,down,0.36968268284615313,0.3174365396969959,0.31288077745685094
"Amazon.com, Inc.",2023-04-12,2023-04-18,4,up,down,0.3832341907868228,0.2919216560171456,0.3248441531960316
"Amazon.com, Inc.",2023-04-13,2023-04-19,4,flat,up,0.33584626392135847,0.27093636420635914,0.3932173718722824
"Amazon.com, Inc.",2023-04-14,2023-04-20,4,flat,up,0.3493895533411197,0.2823369728535579,0.36827347380532227
"Amazon.com, Inc.",2023-04-17,2023-04-21,4,up,down,0.3747072294026042,0.3135344968129124,0.31175827378448345
"Amazon.com, Inc.",2023-04-18,2023-04-24,4,up,down,0.369472108578672,0.31128501088453375,0.3192428805367943
"Amazon.com, Inc.",2023-04-19,2023-04-25,4,flat,down,0.34588844774176947,0.3181384873651184,0.33597306489311207
"Amazon.com, Inc.",2023-04-20,2023-04-26,4,flat,up,0.32826360927835724,0.3220214968041684,0.3497148939174743
"Amazon.com, Inc.",2023-04-21,2023-04-27,4,flat,up,0.319258012957483,0.3288965741367892,0.3518454129057278
"Amazon.com, Inc.",2023-04-24,2023-04-28,4,flat,down,0.36944407290789527,0.358885302941465,0.27167062415063975
"Amazon.com, Inc.",2023-04-25,2023-05-01,4,flat,down,0.3990234676032445,0.38152077427577885,0.21945575812097667
"Amazon.com, Inc.",2023-04-26,2023-05-02,4,flat,up,0.3239094394960977,0.31577013368100154,0.36032042682290083
"Amazon.com, Inc.",2023-04-27,2023-05-03,4,down,up,0.30261754750171116,0.317056899004708,0.3803255534935809
"Amazon.com, Inc.",2023-04-28,2023-05-04,4,flat,down,0.41412086956202976,0.39015586949406345,0.19572326094390674
"Amazon.com, Inc.",2023-05-01,2023-05-05,4,flat,down,0.4225111017488491,0.3703261293867915,0.20716276886435936
"Amazon.com, Inc.",2023-05-02,2023-05-08,4,flat,down,0.35091437240734563,0.32159239593440264,0.3274932316582518
"Amazon.com, Inc.",2023-05-03,2023-05-09,4,flat,up,0.30984754356419597,0.3165787074352267,0.3735737490005773
"Amazon.com, Inc.",2023-05-04,2023-05-10,4,up,down,0.3677427918520589,0.355364443757222,0.2768927643907191
"Amazon.com, Inc.",2023-05-05,2023-05-11,4,up,down,0.36799917085730965,0.3552819337073877,0.27671889543530265
"Amazon.com, Inc.",2023-05-08,2023-05-12,4,up,flat,0.34454612309498794,0.35897818392726616,0.29647569297774584
"Amazon.com, Inc.",2023-05-09,2023-05-15,4,up,flat,0.3326399964359654,0.36364337391770046,0.30371662964633406
"Amazon.com, Inc.",2023-05-10,2023-05-16,4,flat,flat,0.3103659590847872,0.34825467922400577,0.34137936169120714
"Amazon.com, Inc.",2023-05-11,2023-05-17,4,up,flat,0.32665962557413614,0.38055837529096287,0.29278199913490094
"Amazon.com, Inc.",2023-05-12,2023-05-18,4,up,flat,0.36965779600537674,0.40784535104463737,0.22249685294998595
"Amazon.com, Inc.",2023-05-15,2023-05-19,4,up,flat,0.36003469435821683,0.3708363739912405,0.2691289316505427
"Amazon.com, Inc.",2023-05-16,2023-05-22,4,flat,flat,0.33002046235458066,0.3453906035724095,0.32458893407300976
"Amazon.com, Inc.",2023-05-17,2023-05-23,4,flat,flat,0.3348281838633693,0.3586408314562533,0.3065309846803773
"Amazon.com, Inc.",2023-05-18,2023-05-24,4,flat,down,0.3704755022155064,0.365105217210673,0.2644192805738206
"Amazon.com, Inc.",2023-05-19,2023-05-25,4,flat,down,0.4172553095212714,0.362287605911471,0.22045708456725768
"Amazon.com, Inc.",2023-05-22,2023-05-26,4,up,down,0.4160209406239764,0.3503927223371726,0.23358633703885107
"Amazon.com, Inc.",2023-05-23,2023-05-30,4,up,down,0.406652066866338,0.3059553076533296,0.28739262548033234
"Amazon.com, Inc.",2023-05-24,2023-05-31,4,up,down,0.38588511772783196,0.3016631825840641,0.3124516996881039
"Amazon.com, Inc.",2023-05-25,2023-06-01,4,up,down,0.43222389201428413,0.3057737154586571,0.2620023925270587
"Amazon.com, Inc.",2023-05-26,2023-06-02,4,up,down,0.412471343144628,0.2978439254887202,0.28968473136665185
"Amazon.com, Inc.",2023-05-30,2023-06-05,4,flat,down,0.4284225591556921,0.28646745888657127,0.2851099819577366
"Amazon.com, Inc.",2023-05-31,2023-06-06,4,up,down,0.48987855237897787,0.3049217598261264,0.20519968779489578
"Amazon.com, Inc.",2023-06-01,2023-06-07,4,flat,down,0.4593227666859439,0.28283568980952895,0.2578415435045272
"Amazon.com, Inc.",2023-06-02,2023-06-08,4,flat,down,0.39801143136772693,0.28422789705336854,0.3177606715789045
"Amazon.com, Inc.",2023-06-05,2023-06-09,4,flat,down,0.44952798517914677,0.3288621305335832,0.22160988428727008
"Amazon.com, Inc.",2023-06-06,2023-06-12,4,flat,down,0.4303034188632319,0.3155993651877601,0.2540972159490079
"Amazon.com, Inc.",2023-06-07,2023-06-13,4,flat,down,0.449591804596017,0.3314340152226398,0.2189741801813432
"Amazon.com, Inc.",2023-06-08,2023-06-14,4,flat,down,0.43056632044423,0.31432227351324904,0.25511140604252086
"Amazon.com, Inc.",2023-06-09,2023-06-15,4,flat,down,0.42453958119368734,0.29616282964295876,0.279297589163354
"Amazon.com, Inc.",2023-06-12,2023-06-16,4,flat,down,0.42124824178414316,0.30748960037561346,0.27126215784024343
"Amazon.com, Inc.",2023-06-13,2023-06-20,4,flat,down,0.4242591120618117,0.31185575565694135,0.26388513228124694
"Amazon.com, Inc.",2023-06-14,2023-06-21,4,flat,down,0.4548591067702916,0.31966175941607466,0.2254791338136337
"Amazon.com, Inc.",2023-06-15,2023-06-22,4,flat,down,0.4298865593425197,0.31224187889656757,0.2578715617609127
"Amazon.com, Inc.",2023-06-16,2023-06-23,4,flat,down,0.40031005151310994,0.3012333019033504,0.2984566465835397
"Amazon.com, Inc.",2023-06-20,2023-06-26,4,flat,down,0.4162658274010097,0.3122169430987105,0.27151722950027973
"Amazon.com, Inc.",2023-06-21,2023-06-27,4,up,down,0.4054803726870714,0.30276500325856076,0.2917546240543679
"Amazon.com, Inc.",2023-06-22,2023-06-28,4,flat,down,0.360911147606437,0.29818979170953946,0.3408990606840235
"Amazon.com, Inc.",2023-06-23,2023-06-29,4,flat,down,0.38357855703844046,0.31753709120121243,0.29888435176034717
"Amazon.com, Inc.",2023-06-26,2023-06-30,4,flat,down,0.4239879165007129,0.3203561284215985,0.2556559550776886
"Amazon.com, Inc.",2023-06-27,2023-07-03,4,flat,down,0.39706062719294205,0.30553705551147514,0.29740231729558275
"Amazon.com, Inc.",2023-06-28,2023-07-05,4,flat,down,0.3619927991639652,0.3014335820235535,0.3365736188124813
"Amazon.com, Inc.",2023-06-29,2023-07-06,4,flat,down,0.3762248414792716,0.3115826239001119,0.3121925346206165
"Amazon.com, Inc.",2023-06-30,2023-07-07,4,flat,up,0.3456313874696336,0.29413077793023396,0.3602378346001324
"Amazon.com, Inc.",2023-07-03,2023-07-10,4,flat,down,0.35870114116515917,0.3041465523843457,0.33715230645049526
"Amazon.com, Inc.",2023-07-05,2023-07-11,4,flat,down,0.385236397098819,0.3028737208936738,0.31188988200750706
"Amazon.com, Inc.",2023-07-06,2023-07-12,4,flat,down,0.39934028698216656,0.28266824140546865,0.3179914716123648
"Amazon.com, Inc.",2023-07-07,2023-07-13,4,up,up,0.33380294775199865,0.25524816870585165,0.41094888354214976
"Amazon.com, Inc.",2023-07-10,2023-07-14,4,up,down,0.3640326015057978,0.2813563103993216,0.3546110880948807
"Amazon.com, Inc.",2023-07-11,2023-07-17,4,up,up,0.3443563900888025,0.27454607702215594,0.3810975328890416
"Amazon.com, Inc.",2023-07-12,2023-07-18,4,flat,up,0.32644075214289764,0.2705589011104874,0.40300034674661506
"Amazon.com, Inc.",2023-07-13,2023-07-19,4,flat,up,0.3186653819394637,0.28984401568434515,0.3914906023761912
"Amazon.com, Inc.",2023-07-14,2023-07-20,4,flat,down,0.37910892947746594,0.31058758310534024,0.3103034874171938
"Amazon.com, Inc.",2023-07-17,2023-07-21,4,down,down,0.38604107334657417,0.30373406487132176,0.310224861782104
"Amazon.com, Inc.",2023-07-18,2023-07-24,4,down,down,0.36517128340833854,0.28996279907612815,0.3448659175155332
"Amazon.com, Inc.",2023-07-19,2023-07-25,4,down,up,0.3093031529281139,0.27690299642878724,0.4137938506430989
"Amazon.com, Inc.",2023-07-20,2023-07-26,4,down,down,0.36300504511117204,0.31869518072066255,0.3182997741681654
"Amazon.com, Inc.",2023-07-21,2023-07-27,4,flat,down,0.36111969791253706,0.3014495516898126,0.3374307503976504
"Amazon.com, Inc.",2023-07-24,2023-07-28,4,flat,up,0.3386934958146728,0.27010397521141905,0.3912025289739081
"Amazon.com, Inc.",2023-07-25,2023-07-31,4,up,up,0.3427016037277902,0.2700761623191993,0.3872222339530106
"Amazon.com, Inc.",2023-07-26,2023-08-01,4,up,down,0.37133937766679226,0.26469889291189264,0.363961729421315
"Amazon.com, Inc.",2023-07-27,2023-08-02,4,flat,up,0.31585742876716,0.24574301759604358,0.43839955363679645
"Amazon.com, Inc.",2023-07-28,2023-08-03,4,flat,up,0.3378290383455288,0.2828514621216613,0.37931949953280986
"Amazon.com, Inc.",2023-07-31,2023-08-04,4,up,up,0.3349667725309296,0.302360536545074,0.3626726909239964
"Amazon.com, Inc.",2023-08-01,2023-08-07,4,up,down,0.3638870844612312,0.30828709815443983,0.32782581738432903
"Amazon.com, Inc.",2023-08-02,2023-08-08,4,up,down,0.3566781048125918,0.34104257130094057,0.3022793238864675
"Amazon.com, Inc.",2023-08-03,2023-08-09,4,up,up,0.2982701818680734,0.29720195449102466,0.404527863640902
"Amazon.com, Inc.",2023-08-04,2023-08-10,4,flat,up,0.17843572383547557,0.29465807523115145,0.5269062009333729
"Amazon.com, Inc.",2023-08-07,2023-08-11,4,flat,flat,0.3482936790325035,0.48463908592137667,0.16706723504611984
"Amazon.com, Inc.",2023-08-08,2023-08-14,4,flat,flat,0.39294881998605424,0.4647700823723021,0.14228109764164365
"Amazon.com, Inc.",2023-08-09,2023-08-15,4,flat,flat,0.3640989891995559,0.37798678348553943,0.2579142273149047
"Amazon.com, Inc.",2023-08-10,2023-08-16,4,flat,flat,0.3092348651151931,0.3986278818181867,0.29213725306662014
"Amazon.com, Inc.",2023-08-11,2023-08-17,4,flat,flat,0.3308966867543483,0.42654750767952543,0.24255580556612624
"Amazon.com, Inc.",2023-08-14,2023-08-18,4,down,flat,0.3304197640421582,0.4140547515382655,0.25552548441957623
"Amazon.com, Inc.",2023-08-15,2023-08-21,4,down,flat,0.3521544675403346,0.43016635144921245,0.21767918101045297
"Amazon.com, Inc.",2023-08-16,2023-08-22,4,flat,flat,0.37512948193619433,0.4224625042757788,0.20240801378802686
"Amazon.com, Inc.",2023-08-17,2023-08-23,4,flat,down,0.38188053208758693,0.3416991163891436,0.27642035152326944
"Amazon.com, Inc.",2023-08-18,2023-08-24,4,flat,down,0.36217993703801593,0.35730924292818156,0.2805108200338024
"Amazon.com, Inc.",2023-08-21,2023-08-25,4,flat,flat,0.3189002469191363,0.3577263765761022,0.3233733765047615
"Amazon.com, Inc.",2023-08-22,2023-08-28,4,flat,flat,0.32533501346591825,0.3863340235236731,0.28833096301040867
"Amazon.com, Inc.",2023-08-23,2023-08-29,4,flat,flat,0.3288755315556091,0.4069534936218334,0.2641709748225575
"Amazon.com, Inc.",2023-08-24,2023-08-30,4,flat,flat,0.3157011065406224,0.38197217544788514,0.3023267180114926
"Amazon.com, Inc.",2023-08-25,2023-08-31,4,up,flat,0.30464064475157115,0.38185445477335916,0.31350490047506974
"Amazon.com, Inc.",2023-08-28,2023-09-01,4,up,flat,0.2684778225915378,0.36760480768749015,0.36391736972097205
"Amazon.com, Inc.",2023-08-29,2023-09-05,4,up,flat,0.2603740282945003,0.3852446637032743,0.3543813080022254
"Amazon.com, Inc.",2023-08-30,2023-09-06,4,flat,flat,0.273042610469811,0.4001653367719922,0.3267920527581968
"Amazon.com, Inc.",2023-08-31,2023-09-07,4,flat,flat,0.26274814632543914,0.40607566394008193,0.3311761897344788
"Amazon.com, Inc.",2023-09-01,2023-09-08,4,flat,up,0.314838541678061,0.29680308185128856,0.3883583764706504
"Amazon.com, Inc.",2023-09-05,2023-09-11,4,up,down,0.35039098944418434,0.3067731177006182,0.3428358928551974
"Amazon.com, Inc.",2023-09-06,2023-09-12,4,up,up,0.33380833067357,0.2806689789354794,0.38552269039095066
"Amazon.com, Inc.",2023-09-07,2023-09-13,4,up,up,0.3092584021669806,0.2597069906436046,0.43103460718941483
"Amazon.com, Inc.",2023-09-08,2023-09-14,4,up,up,0.2909055629469365,0.26535861599831895,0.4437358210547445
"Amazon.com, Inc.",2023-09-11,2023-09-15,4,flat,up,0.31654158931585097,0.2810281466569114,0.4024302640272377
"Amazon.com, Inc.",2023-09-12,2023-09-18,4,flat,down,0.3726705519388396,0.3062991427328596,0.3210303053283009
"Amazon.com, Inc.",2023-09-13,2023-09-19,4,down,down,0.37336097649048217,0.2999402825351292,0.32669874097438867
"Amazon.com, Inc.",2023-09-14,2023-09-20,4,down,up,0.3588808583907196,0.280007881869095,0.36111125974018543
"Amazon.com, Inc.",2023-09-15,2023-09-21,4,down,down,0.40180126847122466,0.30828262194558886,0.2899161095831864
"Amazon.com, Inc.",2023-09-18,2023-09-22,4,down,down,0.3706231120395882,0.28606061469520333,0.3433162732652085
"Amazon.com, Inc.",2023-09-19,2023-09-25,4,down,down,0.36352663207080715,0.2862875902658879,0.350185777663305
"Amazon.com, Inc.",2023-09-20,2023-09-26,4,down,up,0.3482838726811287,0.2767692564843085,0.3749468708345628
"Amazon.com, Inc.",2023-09-21,2023-09-27,4,down,down,0.40673612293615646,0.32275041658809794,0.27051346047574565
"Amazon.com, Inc.",2023-09-22,2023-09-28,4,down,up,0.3370352087170468,0.26434340913271553,0.39862138215023774
"Amazon.com, Inc.",2023-09-25,2023-09-29,4,flat,up,0.322438238405653,0.2682575825280828,0.40930417906626415
"Amazon.com, Inc.",2023-09-26,2023-10-02,4,flat,down,0.3770359269988042,0.3175774493224601,0.30538662367873554
"Amazon.com, Inc.",2023-09-27,2023-10-03,4,flat,down,0.37560639818080377,0.301213232543567,0.32318036927562915
"Amazon.com, Inc.",2023-09-28,2023-10-04,4,flat,up,0.336471294807803,0.28875298854744713,0.3747757166447498
"Amazon.com, Inc.",2023-09-29,2023-10-05,4,flat,up,0.2861243348944396,0.2981456476466208,0.41573001745893956
"Amazon.com, Inc.",2023-10-02,2023-10-06,4,flat,flat,0.3301694064279188,0.34563937997074806,0.32419121360133313
"Amazon.com, Inc.",2023-10-03,2023-10-09,4,flat,flat,0.3650523431125661,0.3724939775529581,0.26245367933447583
"Amazon.com, Inc.",2023-10-04,2023-10-10,4,flat,flat,0.30786444128392,0.35978266727151115,0.3323528914445688
"Amazon.com, Inc.",2023-10-05,2023-10-11,4,up,flat,0.3015867445005235,0.3624118792645971,0.33600137623487925
"Amazon.com, Inc.",2023-10-06,2023-10-12,4,up,flat,0.30763628115810315,0.37472454283910145,0.3176391760027954
"Amazon.com, Inc.",2023-10-09,2023-10-13,4,up,flat,0.31401676396772243,0.3620993387169532,0.32388389731532446
"Amazon.com, Inc.",2023-10-10,2023-10-16,4,flat,flat,0.30120459270161515,0.37098925962852725,0.32780614766985755
"Amazon.com, Inc.",2023-10-11,2023-10-17,4,flat,flat,0.3193468190358456,0.37237959304793916,0.3082735879162152
"Amazon.com, Inc.",2023-10-12,2023-10-18,4,flat,flat,0.3200783380340442,0.36540326204027535,0.3145183999256805
"Amazon.com, Inc.",2023-10-13,2023-10-19,4,flat,flat,0.3490799068908135,0.36266702906585485,0.2882530640433317
"Amazon.com, Inc.",2023-10-16,2023-10-20,4,down,up,0.306869501821421,0.3412659290710803,0.35186456910749875
"Amazon.com, Inc.",2023-10-17,2023-10-23,4,down,up,0.31622656226781226,0.3332422903222927,0.350531147409895
"Amazon.com, Inc.",2023-10-18,2023-10-24,4,flat,up,0.32345901730589366,0.33549286122126976,0.3410481214728365
"Amazon.com, Inc.",2023-10-19,2023-10-25,4,down,up,0.317775715206414,0.2812978545460783,0.4009264302475078
"Amazon.com, Inc.",2023-10-20,2023-10-26,4,down,down,0.35773841129157236,0.3090592912558708,0.3332022974525569
"Amazon.com, Inc.",2023-10-23,2023-10-27,4,flat,up,0.3393846065745145,0.2701132428822067,0.3905021505432788
"Amazon.com, Inc.",2023-10-24,2023-10-30,4,flat,up,0.29932725890983414,0.24543323606049544,0.4552395050296705
"Amazon.com, Inc.",2023-10-25,2023-10-31,4,up,down,0.3884698858237547,0.3266487156115048,0.2848813985647404
"Amazon.com, Inc.",2023-10-26,2023-11-01,4,up,down,0.37177194382700496,0.31335274180689976,0.3148753143660952
"Amazon.com, Inc.",2023-10-27,2023-11-02,4,up,up,0.21671504931815117,0.2473436125160643,0.5359413381657845
"Amazon.com, Inc.",2023-10-30,2023-11-03,4,up,flat,0.3006254375171968,0.3841918231805629,0.31518273930224044
"Amazon.com, Inc.",2023-10-31,2023-11-06,4,up,flat,0.36398227096981556,0.4213031902999217,0.2147145387302627
"Amazon.com, Inc.",2023-11-01,2023-11-07,4,up,flat,0.3491672727037582,0.3760265280941632,0.2748061992020786
"Amazon.com, Inc.",2023-11-02,2023-11-08,4,flat,flat,0.3168384631114854,0.3965131524665397,0.286648384421975
"Amazon.com, Inc.",2023-11-03,2023-11-09,4,flat,flat,0.33617848516170046,0.4329045221533981,0.23091699268490146
"Amazon.com, Inc.",2023-11-06,2023-11-10,4,flat,flat,0.34207750100227097,0.4199592267719389,0.2379632722257902
"Amazon.com, Inc.",2023-11-07,2023-11-13,4,flat,flat,0.3288377726955742,0.42140445903661705,0.24975776826780877
"Amazon.com, Inc.",2023-11-08,2023-11-14,4,flat,flat,0.35685526027715353,0.4345300715287259,0.2086146681941206
"Amazon.com, Inc.",2023-11-09,2023-11-15,4,flat,down,0.41380879100006723,0.39049978758337245,0.19569142141656032
"Amazon.com, Inc.",2023-11-10,2023-11-16,4,flat,down,0.41036265169767633,0.35311330878167607,0.23652403952064763
"Amazon.com, Inc.",2023-11-13,2023-11-17,4,flat,down,0.4177979606713587,0.3526513946232073,0.22955064470543393
"Amazon.com, Inc.",2023-11-14,2023-11-20,4,flat,down,0.40805810433492046,0.3348053091391017,0.2571365865259779
"Amazon.com, Inc.",2023-11-15,2023-11-21,4,flat,down,0.47710799104981927,0.33311379853315304,0.18977821041702778
"Amazon.com, Inc.",2023-11-16,2023-11-22,4,up,down,0.474588118323784,0.33734950441609785,0.18806237726011818
"Amazon.com, Inc.",2023-11-17,2023-11-24,4,flat,down,0.3932999775380096,0.2867222037923155,0.31997781866967495
"Amazon.com, Inc.",2023-11-20,2023-11-27,4,flat,down,0.3975810240068432,0.30529257032990925,0.2971264056632476
"Amazon.com, Inc.",2023-11-21,2023-11-28,4,up,down,0.4503628348133058,0.3425035147162195,0.20713365047047466
"Amazon.com, Inc.",2023-11-22,2023-11-29,4,flat,down,0.3951547031754235,0.30286982461877976,0.30197547220579657
"Amazon.com, Inc.",2023-11-24,2023-11-30,4,flat,down,0.38806279635792645,0.3127601968606165,0.2991770067814569
"Amazon.com, Inc.",2023-11-27,2023-12-01,4,flat,down,0.400457949364665,0.2977144689142182,0.3018275817211168
"Amazon.com, Inc.",2023-11-28,2023-12-04,4,flat,down,0.42373753991651913,0.27766511107382763,0.29859734900965335
"Amazon.com, Inc.",2023-11-29,2023-12-05,4,flat,down,0.3749784014776056,0.2860835840439387,0.3389380144784557
"Amazon.com, Inc.",2023-11-30,2023-12-06,4,flat,down,0.37393053046480634,0.2986393822124728,0.3274300873227208
"Amazon.com, Inc.",2023-12-01,2023-12-07,4,flat,up,0.342103952526246,0.2736221317713539,0.38427391570240016
"Amazon.com, Inc.",2023-12-04,2023-12-08,4,flat,down,0.37204329261151214,0.2856099994955779,0.34234670789290994
"Amazon.com, Inc.",2023-12-05,2023-12-11,4,flat,up,0.3293861075110063,0.28585663068353584,0.38475726180545794
"Amazon.com, Inc.",2023-12-06,2023-12-12,4,flat,up,0.3384587609367594,0.2751077971375556,0.38643344192568496
"Amazon.com, Inc.",2023-12-07,2023-12-13,4,flat,up,0.3384447965112112,0.292529542061614,0.3690256614271748
"Amazon.com, Inc.",2023-12-08,2023-12-14,4,flat,up,0.34910826081233154,0.27957078239687433,0.37132095679079413
"Amazon.com, Inc.",2023-12-11,2023-12-15,4,up,up,0.34283866175630995,0.2878063193929066,0.3693550188507835
"Amazon.com, Inc.",2023-12-12,2023-12-18,4,up,up,0.3039307761733913,0.27159615831920847,0.42447306550740027
"Amazon.com, Inc.",2023-12-13,2023-12-19,4,up,up,0.30127743281694036,0.2699193901311517,0.4288031770519081
"Amazon.com, Inc.",2023-12-14,2023-12-20,4,up,up,0.34242699023605905,0.2991960828366938,0.3583769269272471
"Amazon.com, Inc.",2023-12-15,2023-12-21,4,up,up,0.33278739054051365,0.29086195100248063,0.3763506584570057
"Amazon.com, Inc.",2023-12-18,2023-12-22,4,flat,up,0.31379429898346034,0.2849580096482323,0.40124769136830735
"Amazon.com, Inc.",2023-12-19,2023-12-26,4,flat,down,0.35150162153106085,0.3087522787178462,0.339746099751093
"Amazon.com, Inc.",2023-12-20,2023-12-27,4,flat,down,0.3950939325500028,0.30615528783808144,0.2987507796119157
"Amazon.com, Inc.",2023-12-21,2023-12-28,4,flat,down,0.3731858838699424,0.2804471971913422,0.34636691893871546
"Amazon.com, Inc.",2023-12-22,2023-12-29,4,flat,up,0.3572688975224376,0.28032340011485785,0.3624077023627046
"Amazon.com, Inc.",2023-12-26,2024-01-02,4,flat,down,0.3709544036147461,0.27205611750969433,0.3569894788755595
"Amazon.com, Inc.",2023-12-27,2024-01-03,4,down,down,0.37788701605574787,0.2589256727040412,0.36318731124021086
"Amazon.com, Inc.",2023-12-28,2024-01-04,4,down,down,0.38003104323488757,0.25335447083383916,0.3666144859312733
"Amazon.com, Inc.",2023-12-29,2024-01-05,4,down,down,0.39176279872319775,0.23949276006582432,0.36874444121097794
"Amazon.com, Inc.",2024-01-02,2024-01-08,4,flat,down,0.39001651068341503,0.22298548026966344,0.3869980090469215
"Amazon.com, Inc.",2024-01-03,2024-01-09,4,flat,up,0.36141238971738815,0.2127955052397776,0.4257921050428342
"Amazon.com, Inc.",2024-01-04,2024-01-10,4,up,up,0.3682716459646772,0.233342947611193,0.3983854064241298
"Amazon.com, Inc.",2024-01-05,2024-01-11,4,up,up,0.3074749203891962,0.20550057372428007,0.4870245058865237
"Amazon.com, Inc.",2024-01-08,2024-01-12,4,up,up,0.28471902573382535,0.21132010069328228,0.5039608735728923
"Amazon.com, Inc.",2024-01-09,2024-01-16,4,up,up,0.3197906723724877,0.2509241461873947,0.4292851814401176
"Amazon.com, Inc.",2024-01-10,2024-01-17,4,flat,up,0.32889150116383364,0.26138325528648854,0.4097252435496779
"Amazon.com, Inc.",2024-01-11,2024-01-18,4,flat,up,0.3334771833284641,0.27136792308735347,0.39515489358418243
"Amazon.com, Inc.",2024-01-12,2024-01-19,4,flat,up,0.34409421506278537,0.2917606352375569,0.36414514969965767
"Amazon.com, Inc.",2024-01-16,2024-01-22,4,flat,up,0.3354931169916836,0.29298364416836503,0.3715232388399513
"Amazon.com, Inc.",2024-01-17,2024-01-23,4,up,up,0.316518705567814,0.291786740671499,0.39169455376068696
"Amazon.com, Inc.",2024-01-18,2024-01-24,4,up,up,0.2744400362249501,0.2763506776392555,0.4492092861357943
"Amazon.com, Inc.",2024-01-19,2024-01-25,4,flat,up,0.3063655416652749,0.293405154315843,0.40022930401888207
"Amazon.com, Inc.",2024-01-22,2024-01-26,4,up,up,0.34406332076445206,0.3029937673548226,0.35294291188072535
"Amazon.com, Inc.",2024-01-23,2024-01-29,4,up,down,0.37113081550109595,0.2832493458895211,0.3456198386093829
"Amazon.com, Inc.",2024-01-24,2024-01-30,4,flat,up,0.3387308916681996,0.26238253887894797,0.3988865694528524
"Amazon.com, Inc.",2024-01-25,2024-01-31,4,flat,down,0.36964577574008894,0.2690744742913348,0.3612797499685763
"Amazon.com, Inc.",2024-01-26,2024-02-01,4,flat,up,0.3497017770552265,0.2675066117133868,0.3827916112313868
"Amazon.com, Inc.",2024-01-29,2024-02-02,4,up,up,0.3609918301887941,0.2756785557006901,0.3633296141105158
"Amazon.com, Inc.",2024-01-30,2024-02-05,4,up,down,0.3791405102745805,0.2912181558191429,0.3296413339062766
"Amazon.com, Inc.",2024-01-31,2024-02-06,4,up,down,0.40013427232622134,0.2838714783703818,0.315994249303397
"Amazon.com, Inc.",2024-02-01,2024-02-07,4,up,up,0.3296277062616067,0.25438259746468134,0.41598969627371196
"Amazon.com, Inc.",2024-02-02,2024-02-08,4,flat,up,0.2590781743618033,0.2619336138834054,0.4789882117547913
"Amazon.com, Inc.",2024-02-05,2024-02-09,4,flat,down,0.44714979818129197,0.36868461455179513,0.18416558726691296
"Amazon.com, Inc.",2024-02-06,2024-02-12,4,up,down,0.4806443681274314,0.33470442206827616,0.1846512098042925
"Amazon.com, Inc.",2024-02-07,2024-02-13,4,flat,down,0.41771917849106077,0.293177459975721,0.2891033615332182
"Amazon.com, Inc.",2024-02-08,2024-02-14,4,flat,down,0.4030436413136367,0.3147002337196141,0.28225612496674923
"Amazon.com, Inc.",2024-02-09,2024-02-15,4,flat,down,0.3997885963491145,0.33060979506172317,0.26960160858916227
"Amazon.com, Inc.",2024-02-12,2024-02-16,4,down,down,0.4312384375266647,0.34729031407774896,0.22147124839558627
"Amazon.com, Inc.",2024-02-13,2024-02-20,4,flat,down,0.4537732173357798,0.3843055059526357,0.16192127671158452
"Amazon.com, Inc.",2024-02-14,2024-02-21,4,flat,down,0.3972914791938624,0.3200989922873398,0.2826095285187978
"Amazon.com, Inc.",2024-02-15,2024-02-22,4,flat,down,0.42101240426167597,0.30508749715592737,0.2739000985823966
"Amazon.com, Inc.",2024-02-16,2024-02-23,4,up,down,0.4330535818462958,0.33371155947583586,0.2332348586778684
"Amazon.com, Inc.",2024-02-20,2024-02-26,4,up,down,0.43744293726260747,0.3141609390276174,0.24839612370977515
"Amazon.com, Inc.",2024-02-21,2024-02-27,4,up,down,0.3857326015456619,0.30744577507142,0.3068216233829181
"Amazon.com, Inc.",2024-02-22,2024-02-28,4,flat,down,0.36420508693939047,0.31542536740130694,0.32036954565930253
"Amazon.com, Inc.",2024-02-23,2024-02-29,4,flat,down,0.39716275583669824,0.3374763938782235,0.2653608502850782
"Amazon.com, Inc.",2024-02-26,2024-03-01,4,flat,down,0.3922141098714173,0.34697126025966696,0.2608146298689156
"Amazon.com, Inc.",2024-02-27,2024-03-04,4,up,down,0.363079613226748,0.3546178936440233,0.28230249312922867
"Amazon.com, Inc.",2024-02-28,2024-03-05,4,flat,flat,0.33440567254020875,0.3438322662635677,0.3217620611962235
"Amazon.com, Inc.",2024-02-29,2024-03-06,4,flat,up,0.30000453168211905,0.3392345665885263,0.36076090172935465
"Amazon.com, Inc.",2024-03-01,2024-03-07,4,flat,flat,0.29716535251823006,0.3539209523500056,0.34891369513176446
"Amazon.com, Inc.",2024-03-04,2024-03-08,4,flat,down,0.36943036408585567,0.30154369818525567,0.32902593772888866
"Amazon.com, Inc.",2024-03-05,2024-03-11,4,flat,down,0.3905716384129808,0.28998253545810254,0.31944582612891664
"Amazon.com, Inc.",2024-03-06,2024-03-12,4,flat,up,0.34797248298414,0.2523964737405738,0.39963104327528626
"Amazon.com, Inc.",2024-03-07,2024-03-13,4,flat,up,0.3168387409283107,0.24964213589671153,0.43351912317497787
"Amazon.com, Inc.",2024-03-08,2024-03-14,4,flat,up,0.33837516711886567,0.27957119305248473,0.38205363982864965
"Amazon.com, Inc.",2024-03-11,2024-03-15,4,flat,down,0.37173901742693893,0.2876282850168197,0.34063269755624126
"Amazon.com, Inc.",2024-03-12,2024-03-18,4,flat,up,0.3147449188046173,0.25908896354036487,0.42616611765501783
"Amazon.com, Inc.",2024-03-13,2024-03-19,4,flat,up,0.30394658429196214,0.24668809495040817,0.44936532075762975
"Amazon.com, Inc.",2024-03-14,2024-03-20,4,flat,up,0.3353717269243155,0.2681345863296162,0.3964936867460684
"Amazon.com, Inc.",2024-03-15,2024-03-21,4,up,down,0.37714942842609267,0.2773274089301905,0.3455231626437168
"Amazon.com, Inc.",2024-03-18,2024-03-22,4,flat,up,0.3267026051784207,0.2597814983275601,0.41351589649401915
"Amazon.com, Inc.",2024-03-19,2024-03-25,4,up,up,0.30446936769094357,0.2507404815288503,0.4447901507802062
"Amazon.com, Inc.",2024-03-20,2024-03-26,4,flat,up,0.28610761473774865,0.252482440896909,0.4614099443653423
"Amazon.com, Inc.",2024-03-21,2024-03-27,4,flat,up,0.31149558596911786,0.25260413002440474,0.4359002840064774
"Amazon.com, Inc.",2024-03-22,2024-03-28,4,flat,up,0.3530777659212306,0.27778899725151524,0.36913323682725413
"Amazon.com, Inc.",2024-03-25,2024-04-01,4,flat,up,0.32626129246372465,0.2574005450443704,0.41633816249190503
"Amazon.com, Inc.",2024-03-26,2024-04-02,4,flat,up,0.31411042651702414,0.2551135038717771,0.43077606961119863
"Amazon.com, Inc.",2024-03-27,2024-04-03,4,flat,up,0.3139216021709004,0.2667915651823526,0.4192868326467469
"Amazon.com, Inc.",2024-03-28,2024-04-04,4,flat,up,0.3040331920478928,0.26300615848359654,0.4329606494685107
"Amazon.com, Inc.",2024-04-01,2024-04-05,4,flat,up,0.31016925963693043,0.27175863485566704,0.4180721055074025
"Amazon.com, Inc.",2024-04-02,2024-04-08,4,up,up,0.33062559214429066,0.26916140178645087,0.40021300606925847
"Amazon.com, Inc.",2024-04-03,2024-04-09,4,up,up,0.3085470580651861,0.23517221176737324,0.45628073016744064
"Amazon.com, Inc.",2024-04-04,2024-04-10,4,flat,up,0.32340067680714507,0.24041996805312943,0.4361793551397254
"Amazon.com, Inc.",2024-04-05,2024-04-11,4,up,up,0.3369332184919154,0.25650965006464155,0.40655713144344313
"Amazon.com, Inc.",2024-04-08,2024-04-12,4,flat,up,0.3515817296378073,0.2506876900598901,0.39773058030230257
"Amazon.com, Inc.",2024-04-09,2024-04-15,4,flat,down,0.3742694482346867,0.2612021435358711,0.36452840822944216
"Amazon.com, Inc.",2024-04-10,2024-04-16,4,flat,down,0.3771401429546656,0.255165487777782,0.36769436926755245
"Amazon.com, Inc.",2024-04-11,2024-04-17,4,down,up,0.32652722203728757,0.22786368083148614,0.4456090971312263
"Amazon.com, Inc.",2024-04-12,2024-04-18,4,down,down,0.3794507357414308,0.2528071274388648,0.36774213681970425
"Amazon.com, Inc.",2024-04-15,2024-04-19,4,down,down,0.3933724291528123,0.24936601421758806,0.3572615566295995
"Amazon.com, Inc.",2024-04-16,2024-04-22,4,down,up,0.3826065891295674,0.22263918011029016,0.3947542307601424
"Amazon.com, Inc.",2024-04-17,2024-04-23,4,down,up,0.3493146425258588,0.21831209394932125,0.43237326352482003
"Amazon.com, Inc.",2024-04-18,2024-04-24,4,flat,up,0.3559795847718034,0.21879736919022508,0.4252230460379715
"Amazon.com, Inc.",2024-04-19,2024-04-25,4,down,up,0.36721284796434794,0.22871986869731503,0.40406728333833697
"Amazon.com, Inc.",2024-04-22,2024-04-26,4,flat,up,0.3112887759861338,0.21441309176153525,0.47429813225233086
"Amazon.com, Inc.",2024-04-23,2024-04-29,4,flat,up,0.304777211021441,0.23129618398676507,0.46392660499179394
"Amazon.com, Inc.",2024-04-24,2024-04-30,4,flat,up,0.3458285549881371,0.24932933316658143,0.40484211184528146
"Amazon.com, Inc.",2024-04-25,2024-05-01,4,up,down,0.3889364626169472,0.3031426041839828,0.30792093319907005
"Amazon.com, Inc.",2024-04-26,2024-05-02,4,flat,up,0.2304174189541285,0.2446322310578341,0.5249503499880374
"Amazon.com, Inc.",2024-04-29,2024-05-03,4,up,up,0.28429442916184594,0.3272653410967971,0.3884402297413569
"Amazon.com, Inc.",2024-04-30,2024-05-06,4,up,flat,0.36646282842935257,0.403660209804053,0.2298769617665944
"Amazon.com, Inc.",2024-05-01,2024-05-07,4,up,flat,0.3224725935020507,0.34946021458013876,0.3280671919178106
"Amazon.com, Inc.",2024-05-02,2024-05-08,4,flat,flat,0.2924677973155242,0.36926831781342473,0.3382638848710512
"Amazon.com, Inc.",2024-05-03,2024-05-09,4,flat,flat,0.29666962738435204,0.4037950226683834,0.2995353499472646
"Amazon.com, Inc.",2024-05-06,2024-05-10,4,flat,flat,0.3484674070200565,0.4038295884272664,0.24770300455267708
"Amazon.com, Inc.",2024-05-07,2024-05-13,4,flat,flat,0.34008921372503675,0.3988512609111177,0.2610595253638455
"Amazon.com, Inc.",2024-05-08,2024-05-14,4,flat,flat,0.3471250959963771,0.400346487198992,0.252528416804631
"Amazon.com, Inc.",2024-05-09,2024-05-15,4,flat,flat,0.3445365885752615,0.35255217184595966,0.3029112395787788
"Amazon.com, Inc.",2024-05-10,2024-05-16,4,flat,down,0.37599118935437525,0.34832312139947463,0.27568568924615006
"Amazon.com, Inc.",2024-05-13,2024-05-17,4,flat,down,0.3795912814448532,0.34372536018363464,0.27668335837151226
"Amazon.com, Inc.",2024-05-14,2024-05-20,4,flat,down,0.3889181706499096,0.3109883638582811,0.30009346549180915
"Amazon.com, Inc.",2024-05-15,2024-05-21,4,flat,down,0.36830077623907903,0.2868628556259797,0.34483636813494134
"Amazon.com, Inc.",2024-05-16,2024-05-22,4,flat,down,0.3816667502245084,0.2684921817857312,0.3498410679897604
"Amazon.com, Inc.",2024-05-17,2024-05-23,4,flat,down,0.3844302082242578,0.2610381526205664,0.3545316391551758
"Amazon.com, Inc.",2024-05-20,2024-05-24,4,flat,up,0.359255299454611,0.25606013586851484,0.3846845646768742
"Amazon.com, Inc.",2024-05-21,2024-05-28,4,flat,up,0.3491285728769157,0.25911147442768745,0.3917599526953969
"Amazon.com, Inc.",2024-05-22,2024-05-29,4,flat,up,0.3029664722561119,0.24762157121283968,0.4494119565310484
"Amazon.com, Inc.",2024-05-23,2024-05-30,4,flat,up,0.3107899365768802,0.24986444034596528,0.4393456230771546
"Amazon.com, Inc.",2024-05-24,2024-05-31,4,down,up,0.30875209971071454,0.23338474678409246,0.4578631535051929
"Amazon.com, Inc.",2024-05-28,2024-06-03,4,down,up,0.29567162783315987,0.2113898572852302,0.49293851488161
"Amazon.com, Inc.",2024-05-29,2024-06-04,4,down,up,0.2769374671982555,0.2129452898754391,0.5101172429263053
"Amazon.com, Inc.",2024-05-30,2024-06-05,4,flat,up,0.31642753706869525,0.23191096151465831,0.45166150141664646
"Amazon.com, Inc.",2024-05-31,2024-06-06,4,up,up,0.3169823645087018,0.23287028074677246,0.4501473547445257
"Amazon.com, Inc.",2024-06-03,2024-06-07,4,up,up,0.2641563685604318,0.1998099079666852,0.5360337234728829
"Amazon.com, Inc.",2024-06-04,2024-06-10,4,up,up,0.26525747160421353,0.22625274051488817,0.5084897878808983
"Amazon.com, Inc.",2024-06-05,2024-06-11,4,up,up,0.2793977737147101,0.23296674879499019,0.4876354774902998
"Amazon.com, Inc.",2024-06-06,2024-06-12,4,up,up,0.2862953358668331,0.24262940965175261,0.47107525448141424
"Amazon.com, Inc.",2024-06-07,2024-06-13,4,flat,up,0.30468908814539764,0.26418096062013435,0.43112995123446796
"Amazon.com, Inc.",2024-06-10,2024-06-14,4,flat,up,0.30687942290916925,0.2624243831768574,0.4306961939139734
"Amazon.com, Inc.",2024-06-12,2024-06-18,4,down,up,0.297861974467186,0.2684973487161029,0.43364067681671103
"Amazon.com, Inc.",2024-06-14,2024-06-20,4,flat,up,0.30521292717451737,0.25290269170673557,0.44188438111874706
Apple Inc.,2021-07-22,2021-07-28,4,flat,up,0.280715928358583,0.3594568301463528,0.3598272414950642
Apple Inc.,2021-07-23,2021-07-29,4,flat,up,0.283598031582891,0.3484884795203481,0.36791348889676084
Apple Inc.,2021-07-26,2021-07-30,4,down,flat,0.3017976929838561,0.35472929888528876,0.34347300813085524
Apple Inc.,2021-07-27,2021-08-02,4,flat,up,0.33623348569565403,0.3218731447701818,0.3418933695341642
Apple Inc.,2021-07-28,2021-08-03,4,flat,down,0.3869711747643917,0.32805722198754556,0.2849716032480627
Apple Inc.,2021-07-29,2021-08-04,4,flat,flat,0.33988701878178296,0.3641660221830488,0.29594695903516816
Apple Inc.,2021-07-30,2021-08-05,4,flat,flat,0.36317420526250127,0.38130110007975615,0.25552469465774247
Apple Inc.,2021-08-02,2021-08-06,4,flat,down,0.3581721512927911,0.3411345845327971,0.3006932641744117
Apple Inc.,2021-08-03,2021-08-09,4,flat,down,0.3558489683236564,0.3435273644814134,0.30062366719493006
Apple Inc.,2021-08-04,2021-08-10,4,flat,down,0.35328272021378176,0.34131517083288443,0.3054021089533338
Apple Inc.,2021-08-05,2021-08-11,4,flat,down,0.3552916961034824,0.2910337426453764,0.3536745612511412
Apple Inc.,2021-08-06,2021-08-12,4,flat,up,0.3556756433510337,0.28536009014058833,0.358964266508378
Apple Inc.,2021-08-09,2021-08-13,4,up,up,0.3363435556991854,0.26293532623620264,0.40072111806461186
Apple Inc.,2021-08-10,2021-08-16,4,up,up,0.3257396319098875,0.29251438529261026,0.3817459827975023
Apple Inc.,2021-08-11,2021-08-17,4,up,up,0.33323060354434264,0.24944931779170412,0.4173200786639532
Apple Inc.,2021-08-12,2021-08-18,4,flat,up,0.2936945043619745,0.268992467904745,0.43731302773328046
Apple Inc.,2021-08-13,2021-08-19,4,down,up,0.27757344207266416,0.27564897879706607,0.44677757913026983
Apple Inc.,2021-08-16,2021-08-20,4,flat,up,0.29084667273260223,0.28974341396933007,0.41940991329806776
Apple Inc.,2021-08-17,2021-08-23,4,flat,up,0.26010982320657766,0.2655395294799578,0.47435064731346455
Apple Inc.,2021-08-18,2021-08-24,4,flat,up,0.3194694979772197,0.3161080936859184,0.3644224083368619
Apple Inc.,2021-08-19,2021-08-25,4,up,up,0.32410985654823454,0.33081106466293486,0.34507907878883054
Apple Inc.,2021-08-20,2021-08-26,4,flat,up,0.2603671571259563,0.3373002373315866,0.40233260554245703
Apple Inc.,2021-08-23,2021-08-27,4,flat,up,0.2723280822531696,0.33432996868618586,0.3933419490606444
Apple Inc.,2021-08-24,2021-08-30,4,flat,up,0.2705906572544844,0.30722917175874215,0.4221801709867735
Apple Inc.,2021-08-25,2021-08-31,4,up,up,0.3011008433228981,0.2796267935675388,0.419272363109563
Apple Inc.,2021-08-26,2021-09-01,4,up,up,0.311930404875293,0.27959684596829704,0.40847274915641
Apple Inc.,2021-08-27,2021-09-02,4,up,up,0.3005548783253098,0.26622897203059503,0.43321614964409516
Apple Inc.,2021-08-30,2021-09-03,4,up,up,0.2588452216729223,0.254384367203776,0.48677041112330166
Apple Inc.,2021-08-31,2021-09-07,4,up,up,0.2923206226274545,0.26646170141786213,0.4412176759546834
Apple Inc.,2021-09-01,2021-09-08,4,flat,up,0.2684460109152463,0.28362122038294835,0.4479327687018055
Apple Inc.,2021-09-02,2021-09-09,4,flat,up,0.25855939570153574,0.30485848627169054,0.4365821180267737
Apple Inc.,2021-09-03,2021-09-10,4,flat,up,0.23445984686844354,0.33045465968917487,0.4350854934423816
Apple Inc.,2021-09-07,2021-09-13,4,down,up,0.2001700035445701,0.33036867945763077,0.4694613169977991
Apple Inc.,2021-09-08,2021-09-14,4,down,up,0.22119163872951927,0.31204477452125984,0.4667635867492209
Apple Inc.,2021-09-09,2021-09-15,4,down,up,0.22855249592477478,0.2955620112426466,0.4758854928325786
Apple Inc.,2021-09-10,2021-09-16,4,down,up,0.2804009590477551,0.3292515828779538,0.39034745807429116
Apple Inc.,2021-09-13,2021-09-17,4,flat,up,0.2886996461849752,0.30800512660288465,0.40329522721214006
Apple Inc.,2021-09-14,2021-09-20,4,down,up,0.3006704329633014,0.3029364122705909,0.39639315476610765
Apple Inc.,2021-09-15,2021-09-21,4,down,up,0.32236772063465763,0.2993633030861003,0.3782689762792421
Apple Inc.,2021-09-16,2021-09-22,4,down,up,0.3211695889697875,0.3080568940578617,0.37077351697235084
Apple Inc.,2021-09-17,2021-09-23,4,flat,down,0.3662012584479674,0.2864724796050573,0.3473262619469753
Apple Inc.,2021-09-20,2021-09-24,4,up,down,0.41769496478197066,0.2899562125326932,0.2923488226853361
Apple Inc.,2021-09-21,2021-09-27,4,flat,up,0.3331873543463135,0.318995931056144,0.34781671459754254
Apple Inc.,2021-09-22,2021-09-28,4,flat,flat,0.32055139366672275,0.3572643805764704,0.3221842257568069
Apple Inc.,2021-09-23,2021-09-29,4,down,up,0.31874425340540546,0.34015343472084636,0.34110231187374823
Apple Inc.,2021-09-24,2021-09-30,4,down,up,0.33633850120657977,0.32265481354605147,0.34100668524736866
Apple Inc.,2021-09-27,2021-10-01,4,down,down,0.3554332243535064,0.32032991651576365,0.3242368591307299
Apple Inc.,2021-09-28,2021-10-04,4,flat,down,0.35442259211134425,0.32389422653478156,0.32168318135387425
Apple Inc.,2021-09-29,2021-10-05,4,flat,up,0.3063456976486236,0.34425454148287593,0.34939976086850044
Apple Inc.,2021-09-30,2021-10-06,4,flat,up,0.3080048951991201,0.31848802470675897,0.3735070800941209
Apple Inc.,2021-10-01,2021-10-07,4,flat,flat,0.3132341676343904,0.3472232622878498,0.33954257007775984
Apple Inc.,2021-10-04,2021-10-08,4,up,up,0.3095489733977834,0.3343676063460377,0.35608342025617884
Apple Inc.,2021-10-05,2021-10-11,4,flat,up,0.28464582645888137,0.3417861405295822,0.37356803301153646
Apple Inc.,2021-10-06,2021-10-12,4,flat,up,0.30864657577459365,0.3003116408803432,0.3910417833450632
Apple Inc.,2021-10-07,2021-10-13,4,flat,up,0.24427455947068616,0.28985010932004485,0.46587533120926905
Apple Inc.,2021-10-08,2021-10-14,4,flat,up,0.2714914425559534,0.31397861672339583,0.41452994072065064
Apple Inc.,2021-10-11,2021-10-15,4,flat,up,0.2750531483540914,0.32195847171287334,0.4029883799330352
Apple Inc.,2021-10-12,2021-10-18,4,flat,up,0.26853481613069957,0.2974807509364918,0.4339844329328087
Apple Inc.,2021-10-13,2021-10-19,4,up,up,0.2843402446701506,0.33932372173367736,0.3763360335961719
Apple Inc.,2021-10-14,2021-10-20,4,up,up,0.21750252895448013,0.34263803957135974,0.4398594314741602
Apple Inc.,2021-10-15,2021-10-21,4,up,up,0.22435138000821048,0.33262029944950045,0.44302832054228913
Apple Inc.,2021-10-18,2021-10-22,4,up,up,0.22739866660526048,0.3331732885021588,0.43942804489258064
Apple Inc.,2021-10-19,2021-10-25,4,flat,up,0.1779291733510054,0.3168547056297994,0.5052161210191952
Apple Inc.,2021-10-20,2021-10-26,4,flat,up,0.1885636660436711,0.3244552541015104,0.4869810798548185
Apple Inc.,2021-10-21,2021-10-27,4,flat,up,0.1796818051192552,0.2856561875887991,0.5346620072919457
Apple Inc.,2021-10-22,2021-10-28,4,flat,up,0.1564265741708873,0.28486042295605035,0.5587130028730624
Apple Inc.,2021-10-25,2021-10-29,4,flat,up,0.17018947709901397,0.2893478219492299,0.5404627009517561
Apple Inc.,2021-10-26,2021-11-01,4,flat,up,0.13739911523956203,0.2881331272543825,0.5744677575060555
Apple Inc.,2021-10-27,2021-11-02,4,flat,up,0.1555766703818738,0.25593731831080085,0.5884860113073253
Apple Inc.,2021-10-28,2021-11-03,4,flat,up,0.1345444818214717,0.25896770976732114,0.6064878084112072
Apple Inc.,2021-10-29,2021-11-04,4,up,up,0.210026328308419,0.29288024228144444,0.49709342941013657
Apple Inc.,2021-11-01,2021-11-05,4,flat,up,0.1731150371609381,0.2823484599624669,0.544536502876595
Apple Inc.,2021-11-02,2021-11-08,4,flat,up,0.1801443033784768,0.29370304049453183,0.5261526561269914
Apple Inc.,2021-11-03,2021-11-09,4,flat,up,0.18578049661117302,0.31836225842784605,0.495857244960981
Apple Inc.,2021-11-04,2021-11-10,4,flat,up,0.1907165263419138,0.3068868200519787,0.5023966536061075
Apple Inc.,2021-11-05,2021-11-11,4,down,up,0.20453560523721576,0.293676222991859,0.5017881717709253
Apple Inc.,2021-11-08,2021-11-12,4,flat,up,0.2110034640493086,0.26509070956483566,0.5239058263858557
Apple Inc.,2021-11-09,2021-11-15,4,flat,up,0.21472860345384653,0.24706586881732195,0.5382055277288316
Apple Inc.,2021-11-10,2021-11-16,4,flat,up,0.27086362940406117,0.24496290433283238,0.4841734662631064
Apple Inc.,2021-11-11,2021-11-17,4,up,up,0.27426460421026316,0.24114896982420372,0.48458642596553325
Apple Inc.,2021-11-12,2021-11-18,4,up,up,0.2711533928663369,0.2719616155635574,0.4568849915701058
Apple Inc.,2021-11-15,2021-11-19,4,up,up,0.2657929674455359,0.28138709838695825,0.4528199341675059
Apple Inc.,2021-11-16,2021-11-22,4,up,up,0.2869399402815235,0.29414128899525477,0.4189187707232217
Apple Inc.,2021-11-17,2021-11-23,4,up,up,0.24537155256524718,0.2858993126502203,0.4687291347845325
Apple Inc.,2021-11-18,2021-11-24,4,up,up,0.215544845634834,0.2943446033420186,0.4901105510231474
Apple Inc.,2021-11-19,2021-11-26,4,flat,up,0.2104661059664507,0.28251851319692395,0.5070153808366253
Apple Inc.,2021-11-22,2021-11-29,4,flat,up,0.19371703648774077,0.26609958492907,0.5401833785831892
Apple Inc.,2021-11-23,2021-11-30,4,flat,up,0.24139030787407792,0.2834072807819876,0.47520241134393454
Apple Inc.,2021-11-24,2021-12-01,4,up,up,0.19300606643725413,0.3068961753523651,0.5000977582103808
Apple Inc.,2021-11-26,2021-12-02,4,flat,up,0.2332414884454161,0.37465340490372834,0.3921051066508556
Apple Inc.,2021-11-29,2021-12-03,4,flat,up,0.19565148877988336,0.3933162419370562,0.4110322692830604
Apple Inc.,2021-11-30,2021-12-06,4,flat,flat,0.19476813954483926,0.41523419324111316,0.38999766721404755
Apple Inc.,2021-12-01,2021-12-07,4,flat,up,0.20054880083423066,0.3899349757617859,0.40951622340398347
Apple Inc.,2021-12-02,2021-12-08,4,up,flat,0.3236326786960156,0.39464868065124586,0.28171864065273855
Apple Inc.,2021-12-03,2021-12-09,4,up,flat,0.24180041975657504,0.3885688487770192,0.36963073146640574
Apple Inc.,2021-12-06,2021-12-10,4,up,flat,0.2521232583520788,0.41991052876084956,0.32796621288707156
Apple Inc.,2021-12-07,2021-12-13,4,up,flat,0.255545834479408,0.43445245592295334,0.3100017095976387
Apple Inc.,2021-12-08,2021-12-14,4,flat,flat,0.2692687964533819,0.3978346729403534,0.3328965306062648
Apple Inc.,2021-12-09,2021-12-15,4,flat,flat,0.2859978834464026,0.39749374240740865,0.3165083741461887
Apple Inc.,2021-12-10,2021-12-16,4,flat,flat,0.25291816297067526,0.3958522463080777,0.3512295907212471
Apple Inc.,2021-12-13,2021-12-17,4,down,flat,0.24886684862229383,0.4112655488594488,0.33986760251825726
Apple Inc.,2021-12-14,2021-12-20,4,down,flat,0.3124180270530071,0.4459808900844529,0.24160108286254
Apple Inc.,2021-12-15,2021-12-21,4,flat,flat,0.240391472841344,0.547591370019949,0.21201715713870714
Apple Inc.,2021-12-16,2021-12-22,4,flat,flat,0.290919771397889,0.5532530025224239,0.15582722607968705
Apple Inc.,2021-12-17,2021-12-23,4,flat,flat,0.3425621639427518,0.5278702905488751,0.12956754550837304
Apple Inc.,2021-12-20,2021-12-27,4,up,flat,0.3508357323709083,0.47028928069491177,0.17887498693417983
Apple Inc.,2021-12-21,2021-12-28,4,up,flat,0.3385249719394924,0.46389622986726176,0.197578798193246
Apple Inc.,2021-12-22,2021-12-29,4,flat,flat,0.36508245989604576,0.42023924611713237,0.2146782939868219
Apple Inc.,2021-12-23,2021-12-30,4,flat,down,0.38377833305622655,0.36097968525079716,0.2552419816929763
Apple Inc.,2021-12-27,2021-12-31,4,flat,down,0.40445404620697334,0.3204950452089656,0.2750509085840611
Apple Inc.,2021-12-28,2022-01-03,4,flat,down,0.3869874747837419,0.3647646163302067,0.24824790888605128
Apple Inc.,2021-12-29,2022-01-04,4,flat,down,0.3875676448891155,0.3357800706434903,0.27665228446739415
Apple Inc.,2021-12-30,2022-01-05,4,flat,down,0.3838858415429744,0.33932186503916834,0.2767922934178572
Apple Inc.,2021-12-31,2022-01-06,4,down,down,0.3921487178009877,0.3642727408867632,0.2435785413122491
Apple Inc.,2022-01-03,2022-01-07,4,down,flat,0.3390020140919515,0.39666094190542817,0.26433704400262037
Apple Inc.,2022-01-04,2022-01-10,4,down,flat,0.3600703137603472,0.3671204112619116,0.2728092749777412
Apple Inc.,2022-01-05,2022-01-11,4,down,down,0.41755320959026054,0.34932807445983916,0.23311871594990036
Apple Inc.,2022-01-06,2022-01-12,4,flat,down,0.3841500618826064,0.347814403077021,0.2680355350403727
Apple Inc.,2022-01-07,2022-01-13,4,flat,flat,0.344230716348295,0.35598569388142254,0.29978358977028247
Apple Inc.,2022-01-10,2022-01-14,4,flat,down,0.38800042810033175,0.3537062841898822,0.25829328770978593
Apple Inc.,2022-01-11,2022-01-18,4,flat,down,0.33861307599746504,0.32375827715645966,0.3376286468460753
Apple Inc.,2022-01-12,2022-01-19,4,down,down,0.36090993726691245,0.29388837030429626,0.34520169242879123
Apple Inc.,2022-01-13,2022-01-20,4,down,down,0.43384663978040555,0.2731030740033542,0.2930502862162402
Apple Inc.,2022-01-14,2022-01-21,4,down,down,0.39238503899202376,0.25462961576410525,0.352985345243871
Apple Inc.,2022-01-18,2022-01-24,4,down,down,0.40789876372118505,0.2711430967394535,0.32095813953936153
Apple Inc.,2022-01-19,2022-01-25,4,down,down,0.42074771191133764,0.32609839407607616,0.25315389401258614
Apple Inc.,2022-01-20,2022-01-26,4,down,down,0.40621705529926494,0.3562170692165491,0.23756587548418592
Apple Inc.,2022-01-21,2022-01-27,4,flat,down,0.4184892542209398,0.3677594559371455,0.2137512898419147
Apple Inc.,2022-01-24,2022-01-28,4,up,down,0.40963667912864665,0.40243842872718016,0.18792489214417324
Apple Inc.,2022-01-25,2022-01-31,4,up,flat,0.36859654700768185,0.3734382113686259,0.2579652416236922
Apple Inc.,2022-01-26,2022-02-01,4,up,flat,0.3620327772032617,0.36230963998502225,0.275657582811716
Apple Inc.,2022-01-27,2022-02-02,4,up,down,0.40412928153808186,0.3396735823267212,0.256197136135197
Apple Inc.,2022-01-28,2022-02-03,4,up,up,0.32002705055081226,0.33952299711594797,0.3404499523332398
Apple Inc.,2022-01-31,2022-02-04,4,flat,down,0.3470322082469204,0.3337146317539272,0.3192531599991524
Apple Inc.,2022-02-01,2022-02-07,4,flat,flat,0.3392309125928225,0.35177455694835497,0.30899453045882247
Apple Inc.,2022-02-02,2022-02-08,4,flat,flat,0.2940766882631743,0.3688431643232124,0.33708014741361325
Apple Inc.,2022-02-03,2022-02-09,4,flat,flat,0.28234031762781436,0.44255385772439154,0.27510582464779404
Apple Inc.,2022-02-04,2022-02-10,4,flat,flat,0.2323420277396928,0.5320391624242742,0.2356188098360331
Apple Inc.,2022-02-07,2022-02-11,4,flat,flat,0.18557385184576947,0.5810679656020185,0.2333581825522121
Apple Inc.,2022-02-08,2022-02-14,4,down,flat,0.18051185937623868,0.5805359953216731,0.23895214530208825
Apple Inc.,2022-02-09,2022-02-15,4,flat,flat,0.16093762311623935,0.527391593823301,0.3116707830604597
Apple Inc.,2022-02-10,2022-02-16,4,flat,flat,0.2157321153764042,0.4756171858343915,0.3086506987892043
Apple Inc.,2022-02-11,2022-02-17,4,flat,flat,0.21802033383179614,0.4255074367406591,0.35647222942754486
Apple Inc.,2022-02-14,2022-02-18,4,flat,flat,0.21948854771487067,0.40439010588620244,0.37612134639892697
Apple Inc.,2022-02-15,2022-02-22,4,down,up,0.1755257675207932,0.3767440271751013,0.4477302053041056
Apple Inc.,2022-02-16,2022-02-23,4,down,up,0.21433558497930313,0.3892434875488248,0.3964209274718719
Apple Inc.,2022-02-17,2022-02-24,4,down,up,0.22584701998015183,0.3349862175184137,0.43916676250143444
Apple Inc.,2022-02-18,2022-02-25,4,down,up,0.22292850359759486,0.3170776476556503,0.45999384874675486
Apple Inc.,2022-02-22,2022-02-28,4,flat,flat,0.27090994506011024,0.36920466410905023,0.3598853908308395
Apple Inc.,2022-02-23,2022-03-01,4,flat,flat,0.27154317503496855,0.37334397191809104,0.35511285304694057
Apple Inc.,2022-02-24,2022-03-02,4,up,flat,0.34399786679123007,0.4294416898826188,0.22656044332615105
Apple Inc.,2022-02-25,2022-03-03,4,flat,flat,0.22960866243598324,0.44067092152525544,0.3297204160387613
Apple Inc.,2022-02-28,2022-03-04,4,flat,flat,0.30154937214844996,0.4569495092713393,0.2415011185802108
Apple Inc.,2022-03-01,2022-03-07,4,flat,flat,0.3249724731685761,0.37964064215224863,0.2953868846791752
Apple Inc.,2022-03-02,2022-03-08,4,down,flat,0.2963898902603588,0.3900951360730374,0.31351497366660386
Apple Inc.,2022-03-03,2022-03-09,4,down,flat,0.28805411080224885,0.42519229226142663,0.2867535969363246
Apple Inc.,2022-03-04,2022-03-10,4,down,flat,0.2980905115883516,0.46474832803195587,0.2371611603796924
Apple Inc.,2022-03-07,2022-03-11,4,flat,flat,0.27830901792112833,0.4879113138349978,0.23377966824387397
Apple Inc.,2022-03-08,2022-03-14,4,down,flat,0.2827556979804771,0.5337429336246331,0.18350136839488987
Apple Inc.,2022-03-09,2022-03-15,4,down,flat,0.2062036229157068,0.5879975894280683,0.20579878765622486
Apple Inc.,2022-03-10,2022-03-16,4,flat,flat,0.30246242165234827,0.5148190779898602,0.18271850035779152
Apple Inc.,2022-03-11,2022-03-17,4,flat,flat,0.30915673101119645,0.4751275199824793,0.21571574900632418
Apple Inc.,2022-03-14,2022-03-18,4,up,flat,0.3142269958881588,0.5006830656061114,0.18508993850572975
Apple Inc.,2022-03-15,2022-03-21,4,up,flat,0.23837588403806664,0.5202126469426739,0.2414114690192596
Apple Inc.,2022-03-16,2022-03-22,4,up,flat,0.21259646743891433,0.4533538065765047,0.3340497259845808
Apple Inc.,2022-03-17,2022-03-23,4,up,flat,0.2666220812813491,0.4463585913799083,0.2870193273387426
Apple Inc.,2022-03-18,2022-03-24,4,up,flat,0.24797376893367395,0.43023760492596486,0.32178862614036113
Apple Inc.,2022-03-21,2022-03-25,4,up,flat,0.2358088834932873,0.4451570175495203,0.3190340989571923
Apple Inc.,2022-03-22,2022-03-28,4,up,flat,0.2202614401425165,0.4269697788200341,0.3527687810374494
Apple Inc.,2022-03-23,2022-03-29,4,up,flat,0.19063404997877648,0.4741828391480612,0.3351831108731623
Apple Inc.,2022-03-24,2022-03-30,4,up,flat,0.1816672474284157,0.49154955370621306,0.3267831988653712
Apple Inc.,2022-03-25,2022-03-31,4,flat,flat,0.15244588195875058,0.5254089731443522,0.3221451448968973
Apple Inc.,2022-03-28,2022-04-01,4,flat,flat,0.14603777647840574,0.4731905279407135,0.38077169558088075
Apple Inc.,2022-03-29,2022-04-04,4,flat,up,0.10783009384402899,0.39245409990657076,0.49971580624940026
Apple Inc.,2022-03-30,2022-04-05,4,flat,up,0.11391284343851091,0.39912270988082327,0.4869644466806659
Apple Inc.,2022-03-31,2022-04-06,4,down,up,0.12087318608899747,0.36347087740147366,0.5156559365095289
Apple Inc.,2022-04-01,2022-04-07,4,flat,up,0.12204324281555827,0.3334498132530158,0.5445069439314258
Apple Inc.,2022-04-04,2022-04-08,4,down,up,0.10004953054587741,0.34377165497438006,0.5561788144797425
Apple Inc.,2022-04-05,2022-04-11,4,down,up,0.12539182235588997,0.32721936551683223,0.5473888121272779
Apple Inc.,2022-04-06,2022-04-12,4,down,up,0.1761782531887552,0.3119848145979177,0.5118369322133272
Apple Inc.,2022-04-07,2022-04-13,4,flat,up,0.15893661073890555,0.2737768383427416,0.5672865509183529
Apple Inc.,2022-04-08,2022-04-14,4,flat,up,0.1945112350136935,0.30854226490819336,0.49694650007811303
Apple Inc.,2022-04-11,2022-04-18,4,flat,up,0.2592305025676789,0.29054195604818905,0.4502275413841322
Apple Inc.,2022-04-12,2022-04-19,4,flat,up,0.2427470762661003,0.2962789071285539,0.46097401660534576
Apple Inc.,2022-04-13,2022-04-20,4,flat,up,0.29528940509373086,0.3305846004858664,0.3741259944204027
Apple Inc.,2022-04-14,2022-04-21,4,flat,flat,0.3395688495400723,0.3488672948883228,0.31156385557160493
Apple Inc.,2022-04-18,2022-04-22,4,flat,down,0.37745661723759083,0.3222823812760016,0.3002610014864076
Apple Inc.,2022-04-19,2022-04-25,4,down,flat,0.3359439003846489,0.34919421437260223,0.31486188524274894
Apple Inc.,2022-04-20,2022-04-26,4,down,flat,0.3234449168072676,0.38743159062798826,0.28912349256474396
Apple Inc.,2022-04-21,2022-04-27,4,down,flat,0.3467551905822302,0.37480600969664835,0.2784387997211215
Apple Inc.,2022-04-22,2022-04-28,4,flat,down,0.39222788535902586,0.39219526481222966,0.21557684982874442
Apple Inc.,2022-04-25,2022-04-29,4,flat,flat,0.3518261295951928,0.4406103994074156,0.20756347099739156
Apple Inc.,2022-04-26,2022-05-02,4,flat,flat,0.3301552442750954,0.4562786102404342,0.21356614548447037
Apple Inc.,2022-04-27,2022-05-03,4,flat,flat,0.34729616180667255,0.43746897346661795,0.21523486472670955
Apple Inc.,2022-04-28,2022-05-04,4,flat,flat,0.28321961344457686,0.4232468357913048,0.29353355076411836
Apple Inc.,2022-04-29,2022-05-05,4,flat,flat,0.3867433743894228,0.41676526120692164,0.19649136440365558
Apple Inc.,2022-05-02,2022-05-06,4,flat,down,0.41201690457649837,0.38269357891939654,0.20528951650410518
Apple Inc.,2022-05-03,2022-05-09,4,flat,flat,0.3114706541238615,0.39259415743448045,0.2959351884416581
Apple Inc.,2022-05-04,2022-05-10,4,down,flat,0.31153113491978807,0.4358877715349186,0.2525810935452934
Apple Inc.,2022-05-05,2022-05-11,4,down,flat,0.38138166600409623,0.4512048181798138,0.1674135158160901
Apple Inc.,2022-05-06,2022-05-12,4,down,flat,0.35589752323287877,0.47742851185659035,0.16667396491053083
Apple Inc.,2022-05-09,2022-05-13,4,down,flat,0.33096262441106344,0.5371190026865593,0.1319183729023771
Apple Inc.,2022-05-10,2022-05-16,4,down,flat,0.24890765470972767,0.6111652434216562,0.13992710186861615
Apple Inc.,2022-05-11,2022-05-17,4,flat,flat,0.31772221087169766,0.5739020265117285,0.10837576261657375
Apple Inc.,2022-05-12,2022-05-18,4,flat,flat,0.31531755585562976,0.5993303368437448,0.08535210730062538
Apple Inc.,2022-05-13,2022-05-19,4,down,flat,0.19155150639251214,0.6773083975317492,0.1311400960757387
Apple Inc.,2022-05-16,2022-05-20,4,down,flat,0.24879444611534024,0.6284594849973931,0.12274606888726655
Apple Inc.,2022-05-17,2022-05-23,4,down,flat,0.26615662384984373,0.516667682620733,0.21717569352942329
Apple Inc.,2022-05-18,2022-05-24,4,flat,flat,0.3552803038618022,0.49701557705267757,0.14770411908552014
Apple Inc.,2022-05-19,2022-05-25,4,flat,flat,0.3235778368255289,0.5227067777341208,0.15371538544035052
Apple Inc.,2022-05-20,2022-05-26,4,flat,flat,0.24171752070384828,0.589739443873521,0.1685430354226308
Apple Inc.,2022-05-23,2022-05-27,4,up,flat,0.20905562510964373,0.6201220106988048,0.17082236419155142
Apple Inc.,2022-05-24,2022-05-31,4,up,flat,0.25180307512395694,0.5905575025454357,0.15763942233060738
Apple Inc.,2022-05-25,2022-06-01,4,up,flat,0.23901998774445737,0.5436469822086444,0.21733303004689827
Apple Inc.,2022-05-26,2022-06-02,4,up,flat,0.23405841116519913,0.5230817625370333,0.24285982629776753
Apple Inc.,2022-05-27,2022-06-03,4,flat,flat,0.16891834578952986,0.49813128749089775,0.33295036671957257
Apple Inc.,2022-05-31,2022-06-06,4,flat,flat,0.22435554914239625,0.4714447113211766,0.3041997395364272
Apple Inc.,2022-06-01,2022-06-07,4,flat,flat,0.19283696418723725,0.4965442378010137,0.3106187980117491
Apple Inc.,2022-06-02,2022-06-08,4,flat,flat,0.16781399217842224,0.5534125536438788,0.27877345417769905
Apple Inc.,2022-06-03,2022-06-09,4,flat,flat,0.17302793868960945,0.610911368700579,0.2160606926098115
Apple Inc.,2022-06-06,2022-06-10,4,down,flat,0.1278137013039783,0.6312614188122088,0.24092487988381284
Apple Inc.,2022-06-07,2022-06-13,4,down,flat,0.1490783106692222,0.6272230468997803,0.22369864243099769
Apple Inc.,2022-06-08,2022-06-14,4,down,flat,0.1369720813870299,0.5670098226165824,0.2960180959963876
Apple Inc.,2022-06-09,2022-06-15,4,down,flat,0.1759653709701812,0.5744951943258847,0.24953943470393405
Apple Inc.,2022-06-10,2022-06-16,4,down,flat,0.20965626600153126,0.5364592715283752,0.2538844624700936
Apple Inc.,2022-06-13,2022-06-17,4,flat,flat,0.19309640348262935,0.566412879588176,0.2404907169291946
Apple Inc.,2022-06-14,2022-06-21,4,flat,flat,0.1526239753004197,0.5633792012359983,0.2839968234635819
Apple Inc.,2022-06-15,2022-06-22,4,flat,flat,0.1669666511082141,0.5467660936259274,0.28626725526585856
Apple Inc.,2022-06-16,2022-06-23,4,up,flat,0.24814010616652266,0.5182365581285168,0.23362333570496055
Apple Inc.,2022-06-17,2022-06-24,4,up,flat,0.2141966260812178,0.4405051835506171,0.34529819036816517
Apple Inc.,2022-06-21,2022-06-27,4,up,flat,0.19654318239649918,0.4246870337792662,0.3787697838242347
Apple Inc.,2022-06-22,2022-06-28,4,flat,flat,0.24262085869175176,0.43727680795895746,0.3201023333492908
Apple Inc.,2022-06-23,2022-06-29,4,flat,flat,0.21279838766607642,0.41036724910844274,0.37683436322548086
Apple Inc.,2022-06-24,2022-06-30,4,flat,flat,0.18873331675831953,0.45729376180601394,0.3539729214356665
Apple Inc.,2022-06-27,2022-07-01,4,down,flat,0.18317294817310228,0.513561718612818,0.3032653332140797
Apple Inc.,2022-06-28,2022-07-05,4,flat,flat,0.19492164219507088,0.5026145024284924,0.3024638553764368
Apple Inc.,2022-06-29,2022-07-06,4,flat,flat,0.19197655124403562,0.4964442676995486,0.3115791810564158
Apple Inc.,2022-06-30,2022-07-07,4,up,flat,0.17797215349035556,0.5630144150684243,0.2590134314412203
Apple Inc.,2022-07-01,2022-07-08,4,up,flat,0.14222167433030902,0.5586024167988767,0.29917590887081436
Apple Inc.,2022-07-05,2022-07-11,4,up,flat,0.14896418687328294,0.4902486138064051,0.36078719932031206
Apple Inc.,2022-07-06,2022-07-12,4,flat,flat,0.15549478510807752,0.46173090674023165,0.38277430815169083
Apple Inc.,2022-07-07,2022-07-13,4,flat,up,0.15581965746954327,0.41868813460233056,0.42549220792812614
Apple Inc.,2022-07-08,2022-07-14,4,flat,up,0.15837229575739437,0.3851704455800641,0.45645725866254144
Apple Inc.,2022-07-11,2022-07-15,4,up,up,0.17964162046621548,0.3698748178118889,0.4504835617218955
Apple Inc.,2022-07-12,2022-07-18,4,flat,up,0.14987876446153622,0.38407438084092577,0.46604685469753815
Apple Inc.,2022-07-13,2022-07-19,4,up,flat,0.18773382549780268,0.43340626094895,0.37885991355324716
Apple Inc.,2022-07-14,2022-07-20,4,up,flat,0.15420355387542978,0.45203031145889633,0.39376613466567384
Apple Inc.,2022-07-15,2022-07-21,4,up,up,0.14675193487661206,0.41348512662953535,0.4397629384938525
Apple Inc.,2022-07-18,2022-07-22,4,up,flat,0.21379045397863122,0.40921379258487617,0.37699575343649266
Apple Inc.,2022-07-19,2022-07-25,4,up,up,0.1948678247950067,0.35530010955388414,0.44983206565110917
Apple Inc.,2022-07-20,2022-07-26,4,flat,up,0.1802944906000003,0.3529385497176974,0.46676695968230236
Apple Inc.,2022-07-21,2022-07-27,4,flat,up,0.18874842890971422,0.3505530004332834,0.46069857065700237
Apple Inc.,2022-07-22,2022-07-28,4,flat,up,0.1936994016533712,0.359548225812686,0.44675237253394273
Apple Inc.,2022-07-25,2022-07-29,4,up,up,0.2132420768979142,0.3628122479213312,0.4239456751807547
Apple Inc.,2022-07-26,2022-08-01,4,up,up,0.21527145149656823,0.38351756932308784,0.401210979180344
Apple Inc.,2022-07-27,2022-08-02,4,up,up,0.17638463269788748,0.3747963611635117,0.44881900613860076
Apple Inc.,2022-07-28,2022-08-03,4,up,up,0.20913792280041424,0.36076471559672474,0.43009736160286094
Apple Inc.,2022-07-29,2022-08-04,4,up,up,0.20161289579406053,0.3134610942719062,0.48492600993403334
Apple Inc.,2022-08-01,2022-08-05,4,flat,up,0.25191358103441097,0.3411935612422286,0.40689285772336037
Apple Inc.,2022-08-02,2022-08-08,4,up,up,0.25949534085833276,0.32094584758220784,0.4195588115594594
Apple Inc.,2022-08-03,2022-08-09,4,flat,up,0.20510271401934269,0.3167881009272411,0.47810918505341615
Apple Inc.,2022-08-04,2022-08-10,4,flat,up,0.2277583493251347,0.35078058846537585,0.4214610622094894
Apple Inc.,2022-08-05,2022-08-11,4,up,up,0.25334242210621266,0.35756547757842555,0.38909210031536173
Apple Inc.,2022-08-08,2022-08-12,4,up,up,0.21596181182170276,0.3427967539692181,0.44124143420907913
Apple Inc.,2022-08-09,2022-08-15,4,up,up,0.25751167040582096,0.3656217602961186,0.3768665692980605
Apple Inc.,2022-08-10,2022-08-16,4,up,up,0.2046925319696875,0.3337794386989648,0.4615280293313478
Apple Inc.,2022-08-11,2022-08-17,4,up,up,0.24984735063519367,0.3076941132652909,0.4424585360995155
Apple Inc.,2022-08-12,2022-08-18,4,flat,up,0.2601877341758026,0.32423197562649797,0.41558029019769943
Apple Inc.,2022-08-15,2022-08-19,4,flat,up,0.2450198493015444,0.32558866791553553,0.4293914827829201
Apple Inc.,2022-08-16,2022-08-22,4,down,up,0.24844524682947308,0.3342669994817976,0.4172877536887294
Apple Inc.,2022-08-17,2022-08-23,4,down,up,0.23270770928461304,0.3410484975991057,0.42624379311628124
Apple Inc.,2022-08-18,2022-08-24,4,down,up,0.23689582622198876,0.3156341176288228,0.44747005614918856
Apple Inc.,2022-08-19,2022-08-25,4,flat,up,0.26945180268597396,0.3113076123715135,0.4192405849425126
Apple Inc.,2022-08-22,2022-08-26,4,flat,flat,0.31212624820826457,0.34739707276915527,0.3404766790225803
Apple Inc.,2022-08-23,2022-08-29,4,down,up,0.3021466271293556,0.29741645135698874,0.4004369215136556
Apple Inc.,2022-08-24,2022-08-30,4,down,up,0.32492893558223385,0.2742263881820992,0.400844676235667
Apple Inc.,2022-08-25,2022-08-31,4,down,up,0.32007466488179015,0.272458561032708,0.4074667740855019
Apple Inc.,2022-08-26,2022-09-01,4,down,down,0.42547855093898723,0.252800740205173,0.32172070885583964
Apple Inc.,2022-08-29,2022-09-02,4,down,down,0.4850670370839815,0.2619494806779375,0.2529834822380809
Apple Inc.,2022-08-30,2022-09-06,4,down,down,0.41663980161282205,0.2790846325629639,0.304275565824214
Apple Inc.,2022-08-31,2022-09-07,4,down,down,0.4441811731922333,0.3097127547909314,0.24610607201683532
Apple Inc.,2022-09-01,2022-09-08,4,flat,down,0.45994842346360904,0.2939231544732405,0.24612842206315041
Apple Inc.,2022-09-02,2022-09-09,4,flat,down,0.42220726035640727,0.3244809599923194,0.2533117796512733
Apple Inc.,2022-09-06,2022-09-12,4,up,down,0.4848918339021645,0.30253813879827096,0.21257002729956456
Apple Inc.,2022-09-07,2022-09-13,4,flat,down,0.4250039741919478,0.2915006674708151,0.28349535833723705
Apple Inc.,2022-09-08,2022-09-14,4,flat,down,0.4429808627240798,0.2703002800040346,0.2867188572718855
Apple Inc.,2022-09-09,2022-09-15,4,flat,down,0.3922378049781873,0.30390572106852975,0.3038564739532829
Apple Inc.,2022-09-12,2022-09-16,4,down,up,0.31621194946638986,0.3156561885144601,0.3681318620191501
Apple Inc.,2022-09-13,2022-09-19,4,down,down,0.462699046169733,0.3426174129828771,0.19468354084738976
Apple Inc.,2022-09-14,2022-09-20,4,flat,flat,0.3723352177697614,0.3794826930388245,0.24818208919141418
Apple Inc.,2022-09-15,2022-09-21,4,flat,flat,0.3399488659076028,0.4505810195767769,0.20947011451562023
Apple Inc.,2022-09-16,2022-09-22,4,flat,flat,0.3368199109673088,0.4600441291875335,0.20313595984515775
Apple Inc.,2022-09-19,2022-09-23,4,flat,flat,0.2584615569439665,0.49418701565226114,0.2473514274037723
Apple Inc.,2022-09-20,2022-09-26,4,flat,flat,0.26462216589596327,0.4682587648417374,0.2671190692622992
Apple Inc.,2022-09-21,2022-09-27,4,flat,flat,0.2912810840609087,0.4724520968952625,0.23626681904382868
Apple Inc.,2022-09-22,2022-09-28,4,flat,flat,0.3155545878168245,0.43403011967312194,0.2504152925100534
Apple Inc.,2022-09-23,2022-09-29,4,down,flat,0.3142749243324459,0.4102937807767965,0.2754312948907577
Apple Inc.,2022-09-26,2022-09-30,4,down,flat,0.2606504950282539,0.4989066303519205,0.2404428746198255
Apple Inc.,2022-09-27,2022-10-03,4,down,flat,0.25175022348911563,0.5260272315939938,0.2222225449168905
Apple Inc.,2022-09-28,2022-10-04,4,flat,flat,0.3203888376360023,0.5144514540171667,0.1651597083468309
Apple Inc.,2022-09-29,2022-10-05,4,flat,flat,0.2988133499978116,0.5619659785427418,0.13922067145944667
Apple Inc.,2022-09-30,2022-10-06,4,up,flat,0.2635818991774257,0.5899878994262546,0.1464302013963198
Apple Inc.,2022-10-03,2022-10-07,4,flat,flat,0.22672769726917738,0.5640591479869467,0.20921315474387592
Apple Inc.,2022-10-04,2022-10-10,4,down,flat,0.204519400880147,0.4978790226103842,0.29760157650946867
Apple Inc.,2022-10-05,2022-10-11,4,down,flat,0.3006155723572202,0.45273204351014795,0.24665238413263185
Apple Inc.,2022-10-06,2022-10-12,4,down,flat,0.26973287528648027,0.4242030604545444,0.3060640642589753
Apple Inc.,2022-10-07,2022-10-13,4,flat,flat,0.3090670717726173,0.45556149032818827,0.23537143789919449
Apple Inc.,2022-10-10,2022-10-14,4,flat,flat,0.2653029708261749,0.4329783678416216,0.3017186613322036
Apple Inc.,2022-10-11,2022-10-17,4,flat,flat,0.24018845258173313,0.47663898292259155,0.2831725644956753
Apple Inc.,2022-10-12,2022-10-18,4,up,flat,0.240189758680065,0.506853217391028,0.25295702392890695
Apple Inc.,2022-10-13,2022-10-19,4,flat,flat,0.24542165859066187,0.49272859810662084,0.2618497433027173
Apple Inc.,2022-10-14,2022-10-20,4,flat,flat,0.23026437370035668,0.4660704242691263,0.303665202030517
Apple Inc.,2022-10-17,2022-10-21,4,flat,flat,0.2545228559018821,0.44322707368585373,0.30225007041226426
Apple Inc.,2022-10-18,2022-10-24,4,flat,flat,0.2184628345422345,0.42446315842312254,0.3570740070346429
Apple Inc.,2022-10-19,2022-10-25,4,up,flat,0.25091388687738714,0.41885255461596066,0.3302335585066521
Apple Inc.,2022-10-20,2022-10-26,4,up,flat,0.1988067114135884,0.4875332531631738,0.3136600354232377
Apple Inc.,2022-10-21,2022-10-27,4,flat,flat,0.17798255523715398,0.5092390642194421,0.31277838054340396
Apple Inc.,2022-10-24,2022-10-28,4,flat,flat,0.16900170843600867,0.494672714048934,0.3363255775150574
Apple Inc.,2022-10-25,2022-10-31,4,flat,flat,0.16088590470838016,0.4675266127674339,0.37158748252418605
Apple Inc.,2022-10-26,2022-11-01,4,flat,flat,0.19642494835738095,0.47853274568957355,0.3250423059530456
Apple Inc.,2022-10-27,2022-11-02,4,flat,flat,0.21338469100676566,0.4664019483057341,0.3202133606875001
Apple Inc.,2022-10-28,2022-11-03,4,down,flat,0.1451514810881386,0.47130089180067053,0.3835476271111909
Apple Inc.,2022-10-31,2022-11-04,4,down,flat,0.19886637008949518,0.5150439694785758,0.28608966043192907
Apple Inc.,2022-11-01,2022-11-07,4,down,flat,0.22862244076352306,0.47407798382696903,0.2972995754095079
Apple Inc.,2022-11-02,2022-11-08,4,down,flat,0.2520186504853197,0.5042918530143635,0.2436894965003167
Apple Inc.,2022-11-03,2022-11-09,4,flat,flat,0.24950878568780296,0.5856618520777724,0.1648293622344246
Apple Inc.,2022-11-04,2022-11-10,4,flat,flat,0.19848509538847772,0.6106100149985477,0.19090488961297464
Apple Inc.,2022-11-07,2022-11-11,4,up,flat,0.25227370590348236,0.5636911500182993,0.18403514407821833
Apple Inc.,2022-11-08,2022-11-14,4,up,flat,0.24719467965587175,0.5506562450636125,0.20214907528051576
Apple Inc.,2022-11-09,2022-11-15,4,up,flat,0.33169507424814765,0.5131921169505413,0.155112808801311
Apple Inc.,2022-11-10,2022-11-16,4,flat,flat,0.28709920355552887,0.4195563321676553,0.2933444642768159
Apple Inc.,2022-11-11,2022-11-17,4,flat,flat,0.355857443640872,0.4117070815539822,0.23243547480514587
Apple Inc.,2022-11-14,2022-11-18,4,flat,down,0.39937050454525913,0.3932889127609127,0.20734058269382816
Apple Inc.,2022-11-15,2022-11-21,4,flat,flat,0.3417013228257628,0.4413248292886783,0.2169738478855589
Apple Inc.,2022-11-16,2022-11-22,4,flat,flat,0.34126391143945195,0.5295247014065502,0.12921138715399788
Apple Inc.,2022-11-17,2022-11-23,4,flat,flat,0.2470821676257955,0.5694912855287259,0.18342654684547874
Apple Inc.,2022-11-18,2022-11-25,4,flat,flat,0.19723217360905412,0.6048772414938877,0.1978905848970582
Apple Inc.,2022-11-21,2022-11-28,4,flat,flat,0.2580780551729411,0.5757976988575098,0.1661242459695492
Apple Inc.,2022-11-22,2022-11-29,4,down,flat,0.21518702828375252,0.5379638858574572,0.24684908585879034
Apple Inc.,2022-11-23,2022-11-30,4,down,flat,0.20656921639772943,0.4869436177867467,0.306487165815524
Apple Inc.,2022-11-25,2022-12-01,4,flat,flat,0.24664050663370357,0.46930935415326225,0.28405013921303424
Apple Inc.,2022-11-28,2022-12-02,4,flat,flat,0.2595113206129145,0.44125947997797593,0.2992291994091096
Apple Inc.,2022-11-29,2022-12-05,4,up,flat,0.2740630172527077,0.4461450410837817,0.27979194166351046
Apple Inc.,2022-11-30,2022-12-06,4,flat,flat,0.23041330912165703,0.5211791406657929,0.2484075502125501
Apple Inc.,2022-12-01,2022-12-07,4,down,flat,0.21555968546139745,0.42584929243256286,0.3585910221060396
Apple Inc.,2022-12-02,2022-12-08,4,down,up,0.30543269455325034,0.34406456434560384,0.3505027411011458
Apple Inc.,2022-12-05,2022-12-09,4,down,flat,0.27882565943040244,0.36529023436087044,0.35588410620872707
Apple Inc.,2022-12-06,2022-12-12,4,flat,flat,0.32754358505352493,0.4079297756918083,0.26452663925466674
Apple Inc.,2022-12-07,2022-12-13,4,up,flat,0.32719023693695604,0.41933794150516834,0.25347182155787557
Apple Inc.,2022-12-08,2022-12-14,4,flat,flat,0.2682382345639478,0.4573448499199366,0.2744169155161155
Apple Inc.,2022-12-09,2022-12-15,4,flat,flat,0.29000621276689115,0.5121163635928939,0.19787742364021502
Apple Inc.,2022-12-12,2022-12-16,4,down,flat,0.28759374423134126,0.49174812989885347,0.2206581258698053
Apple Inc.,2022-12-13,2022-12-19,4,down,flat,0.2600032444278624,0.4463136828657026,0.29368307270643507
Apple Inc.,2022-12-14,2022-12-20,4,down,flat,0.37618866018666386,0.4295299357669867,0.19428140404634958
Apple Inc.,2022-12-15,2022-12-21,4,flat,flat,0.36363363008630645,0.4570335793439688,0.17933279056972476
Apple Inc.,2022-12-16,2022-12-22,4,flat,flat,0.32041640507699487,0.4817920899291362,0.19779150499386894
Apple Inc.,2022-12-19,2022-12-23,4,flat,flat,0.3051193944403892,0.5229671194574479,0.1719134861021628
Apple Inc.,2022-12-20,2022-12-27,4,flat,flat,0.28050946304316277,0.5136818958162521,0.2058086411405851
Apple Inc.,2022-12-21,2022-12-28,4,down,flat,0.25582222860251197,0.47018483306262887,0.27399293833485916
Apple Inc.,2022-12-22,2022-12-29,4,flat,flat,0.3554552478360635,0.42308627925441006,0.2214584729095264
Apple Inc.,2022-12-23,2022-12-30,4,flat,flat,0.3405594625895863,0.3692052272109798,0.2902353101994339
Apple Inc.,2022-12-27,2023-01-03,4,flat,up,0.32501107163307347,0.3282135178214332,0.3467754105454934
Apple Inc.,2022-12-28,2023-01-04,4,flat,flat,0.3479598914449914,0.38538697324332233,0.2666531353116863
Apple Inc.,2022-12-29,2023-01-05,4,flat,flat,0.2776401877090508,0.432146823615292,0.29021298867565715
Apple Inc.,2022-12-30,2023-01-06,4,flat,flat,0.29513609246254885,0.42645766572078964,0.2784062418166614
Apple Inc.,2023-01-03,2023-01-09,4,flat,flat,0.3150319349607441,0.44045283204602337,0.2445152329932324
Apple Inc.,2023-01-04,2023-01-10,4,flat,flat,0.2808616832194386,0.43440245770560865,0.2847358590749527
Apple Inc.,2023-01-05,2023-01-11,4,up,flat,0.2811169447480147,0.4003313106087765,0.3185517446432088
Apple Inc.,2023-01-06,2023-01-12,4,up,flat,0.23587569797647748,0.38497008539379735,0.3791542166297252
Apple Inc.,2023-01-09,2023-01-13,4,flat,up,0.20362111167942867,0.38543560778152886,0.4109432805390425
Apple Inc.,2023-01-10,2023-01-17,4,up,flat,0.2595073871011112,0.3870418784130106,0.3534507344858782
Apple Inc.,2023-01-11,2023-01-18,4,up,up,0.19451082116463042,0.39627001939131934,0.40921915944405013
Apple Inc.,2023-01-12,2023-01-19,4,flat,flat,0.19932838061306477,0.43639853788447547,0.3642730815024598
Apple Inc.,2023-01-13,2023-01-20,4,flat,flat,0.20276592666157103,0.4463453071303017,0.3508887662081272
Apple Inc.,2023-01-17,2023-01-23,4,up,flat,0.167075962315722,0.43759850283867363,0.3953255348456044
Apple Inc.,2023-01-18,2023-01-24,4,up,flat,0.1771257533620158,0.4984641145032257,0.3244101321347586
Apple Inc.,2023-01-19,2023-01-25,4,up,flat,0.1868251849473353,0.4788187810036981,0.33435603404896663
Apple Inc.,2023-01-20,2023-01-26,4,up,flat,0.1483297991919563,0.4354562577504023,0.41621394305764126
Apple Inc.,2023-01-23,2023-01-27,4,up,up,0.14511113190329417,0.40367531140010676,0.45121355669659907
Apple Inc.,2023-01-24,2023-01-30,4,flat,up,0.1518966257286725,0.38104745002081347,0.4670559242505141
Apple Inc.,2023-01-25,2023-01-31,4,flat,up,0.1694628740414553,0.3186536559207101,0.5118834700378346
Apple Inc.,2023-01-26,2023-02-01,4,flat,up,0.13821433076930323,0.32204394689197513,0.5397417223387218
Apple Inc.,2023-01-27,2023-02-02,4,up,up,0.14193362992467637,0.3386292543786175,0.5194371156967061
Apple Inc.,2023-01-30,2023-02-03,4,up,up,0.15798618127800498,0.31358995540790346,0.5284238633140916
Apple Inc.,2023-01-31,2023-02-06,4,up,up,0.1611245950186991,0.2869425121502281,0.5519328928310728
Apple Inc.,2023-02-01,2023-02-07,4,up,up,0.15910619650729868,0.3610219108450003,0.479871892647701
Apple Inc.,2023-02-02,2023-02-08,4,flat,up,0.13105807393022997,0.3194717125590312,0.5494702135107389
Apple Inc.,2023-02-03,2023-02-09,4,flat,up,0.19430963077793154,0.31710234077371446,0.48858802844835403
Apple Inc.,2023-02-06,2023-02-10,4,flat,up,0.2170406174210816,0.3308982864529543,0.45206109612596407
Apple Inc.,2023-02-07,2023-02-13,4,flat,up,0.1984466467498908,0.38320125902408386,0.41835209422602543
Apple Inc.,2023-02-08,2023-02-14,4,flat,flat,0.21041036273052,0.41989995782270134,0.3696896794467786
Apple Inc.,2023-02-09,2023-02-15,4,flat,flat,0.21707169647064417,0.4260316154513719,0.3568966880779839
Apple Inc.,2023-02-10,2023-02-16,4,flat,flat,0.24424004010193562,0.43205818224495074,0.32370177765311375
Apple Inc.,2023-02-13,2023-02-17,4,flat,flat,0.21528574432230163,0.431903504684622,0.35281075099307635
Apple Inc.,2023-02-14,2023-02-21,4,flat,flat,0.2608466290071276,0.3923881806839058,0.34676519030896663
Apple Inc.,2023-02-15,2023-02-22,4,down,up,0.26324108371825417,0.31499995245479623,0.4217589638269496
Apple Inc.,2023-02-16,2023-02-23,4,down,up,0.29551042603844124,0.3267208753013115,0.3777686986602472
Apple Inc.,2023-02-17,2023-02-24,4,down,down,0.3514453154638607,0.344462718414265,0.3040919661218743
Apple Inc.,2023-02-21,2023-02-27,4,flat,down,0.37740105855210976,0.35261937093560725,0.26997957051228283
Apple Inc.,2023-02-22,2023-02-28,4,flat,flat,0.3643683991263985,0.3734412892913169,0.26219031158228456
Apple Inc.,2023-02-23,2023-03-01,4,flat,flat,0.35361292640467495,0.3861163136602007,0.2602707599351244
Apple Inc.,2023-02-24,2023-03-02,4,flat,down,0.40638103636094847,0.34468664845048497,0.24893231518856643
Apple Inc.,2023-02-27,2023-03-03,4,flat,down,0.35254039343113025,0.32633723932938313,0.3211223672394867
Apple Inc.,2023-02-28,2023-03-06,4,up,down,0.3937625961932351,0.30813616455939635,0.29810123924736853
Apple Inc.,2023-03-01,2023-03-07,4,up,down,0.41731477968424063,0.28965826519512994,0.29302695512062943
Apple Inc.,2023-03-02,2023-03-08,4,up,down,0.41018737753186,0.2595007888720332,0.3303118335961067
Apple Inc.,2023-03-03,2023-03-09,4,flat,up,0.3523398672361001,0.27912086905546196,0.368539263708438
Apple Inc.,2023-03-06,2023-03-10,4,down,up,0.3378033057614851,0.27242289743978826,0.3897737967987267
Apple Inc.,2023-03-07,2023-03-13,4,flat,down,0.4239674065561747,0.25881800879383665,0.31721458464998853
Apple Inc.,2023-03-08,2023-03-14,4,flat,up,0.35024472503091314,0.27837118934544336,0.3713840856236434
Apple Inc.,2023-03-09,2023-03-15,4,flat,flat,0.33856541117292965,0.344951751098948,0.31648283772812225
Apple Inc.,2023-03-10,2023-03-16,4,up,flat,0.3511430245270081,0.3756508660183122,0.27320610945467977
Apple Inc.,2023-03-13,2023-03-17,4,up,flat,0.2847255415317486,0.41141495523788635,0.3038595032303649
Apple Inc.,2023-03-14,2023-03-20,4,up,flat,0.27214939920036324,0.45042677460036745,0.27742382619926936
Apple Inc.,2023-03-15,2023-03-21,4,up,flat,0.3059880845302261,0.39967989320831415,0.2943320222614598
Apple Inc.,2023-03-16,2023-03-22,4,up,up,0.26713502185515425,0.35276948131170904,0.38009549683313676
Apple Inc.,2023-03-17,2023-03-23,4,up,up,0.2867271017368841,0.3334163114193424,0.37985658684377355
Apple Inc.,2023-03-20,2023-03-24,4,flat,up,0.28626468401866906,0.3516840166603361,0.3620512993209949
Apple Inc.,2023-03-21,2023-03-27,4,flat,up,0.2512117434373121,0.3423049554286794,0.4064833011340085
Apple Inc.,2023-03-22,2023-03-28,4,flat,flat,0.2558493210422309,0.40436103140046575,0.3397896475573033
Apple Inc.,2023-03-23,2023-03-29,4,flat,flat,0.24747238132407062,0.4013861084430554,0.35114151023287393
Apple Inc.,2023-03-24,2023-03-30,4,flat,flat,0.225086609296814,0.39320735776910976,0.38170603293407634
Apple Inc.,2023-03-27,2023-03-31,4,up,up,0.2364994341368502,0.36154473379079644,0.4019558320723534
Apple Inc.,2023-03-28,2023-04-03,4,up,up,0.26276787488251446,0.36768217520457996,0.36954994991290563
Apple Inc.,2023-03-29,2023-04-04,4,up,up,0.21685861261249081,0.3241848825464721,0.4589565048410371
Apple Inc.,2023-03-30,2023-04-05,4,flat,up,0.2344721117127661,0.3411307297910288,0.4243971584962051
Apple Inc.,2023-03-31,2023-04-06,4,flat,up,0.22995131485086348,0.2905493307865677,0.4794993543625689
Apple Inc.,2023-04-03,2023-04-10,4,down,up,0.2139440145803625,0.2714886485295492,0.5145673368900883
Apple Inc.,2023-04-04,2023-04-11,4,down,up,0.21636246189156055,0.2896215582817709,0.49401597982666867
Apple Inc.,2023-04-05,2023-04-12,4,down,up,0.2415614486996774,0.3045333902842856,0.4539051610160369
Apple Inc.,2023-04-06,2023-04-13,4,flat,up,0.22489260642134312,0.29340579812866613,0.4817015954499907
Apple Inc.,2023-04-10,2023-04-14,4,up,up,0.2794870093264924,0.3238872622721183,0.39662572840138927
Apple Inc.,2023-04-11,2023-04-17,4,up,up,0.2536555997612004,0.3452816970112151,0.40106270322758447
Apple Inc.,2023-04-12,2023-04-18,4,up,up,0.28376071302158107,0.28968242517019854,0.42655686180822044
Apple Inc.,2023-04-13,2023-04-19,4,up,up,0.26215684756531393,0.27642814987344333,0.46141500256124274
Apple Inc.,2023-04-14,2023-04-20,4,flat,up,0.2830416785534605,0.2777015375031799,0.4392567839433595
Apple Inc.,2023-04-17,2023-04-21,4,flat,up,0.30358404609335066,0.23903165992359274,0.45738429398305663
Apple Inc.,2023-04-18,2023-04-24,4,flat,up,0.2744910008606855,0.22322081817752734,0.5022881809617872
Apple Inc.,2023-04-19,2023-04-25,4,flat,up,0.28319369591341487,0.27926843576471416,0.43753786832187097
Apple Inc.,2023-04-20,2023-04-26,4,down,up,0.2853932155640362,0.27409176892846154,0.44051501550750227
Apple Inc.,2023-04-21,2023-04-27,4,flat,up,0.2983391333759223,0.2764220830983192,0.42523878352575845
Apple Inc.,2023-04-24,2023-04-28,4,up,up,0.28861838796038497,0.29159959231493576,0.41978201972467916
Apple Inc.,2023-04-25,2023-05-01,4,up,up,0.2921315416768347,0.28127169486324716,0.4265967634599181
Apple Inc.,2023-04-26,2023-05-02,4,up,up,0.32195577093142247,0.2345370137362509,0.4435072153323265
Apple Inc.,2023-04-27,2023-05-03,4,flat,up,0.2669826169287806,0.23078836256420937,0.50222902050701
Apple Inc.,2023-04-28,2023-05-04,4,down,up,0.26753558123414617,0.23139807343600355,0.5010663453298503
Apple Inc.,2023-05-01,2023-05-05,4,up,up,0.2698372908271214,0.23302989472606275,0.49713281444681595
Apple Inc.,2023-05-02,2023-05-08,4,up,up,0.26662835275957847,0.22800390881679933,0.5053677384236221
Apple Inc.,2023-05-03,2023-05-09,4,up,up,0.2590742211281578,0.24058038304160195,0.5003453958302402
Apple Inc.,2023-05-04,2023-05-10,4,up,up,0.302574782751215,0.28533912842374,0.412086088825045
Apple Inc.,2023-05-05,2023-05-11,4,flat,up,0.19335230969634265,0.27452153754139336,0.532126152762264
Apple Inc.,2023-05-08,2023-05-12,4,flat,up,0.2782292080317976,0.2963199889424576,0.4254508030257449
Apple Inc.,2023-05-09,2023-05-15,4,flat,up,0.26721378895728193,0.2664569124958388,0.46632929854687927
Apple Inc.,2023-05-10,2023-05-16,4,flat,up,0.23036769449688294,0.2610544100431469,0.5085778954599702
Apple Inc.,2023-05-11,2023-05-17,4,flat,up,0.2453913447836242,0.30271708966510535,0.4518915655512706
Apple Inc.,2023-05-12,2023-05-18,4,flat,up,0.24199355469891676,0.31914561079568216,0.43886083450540103
Apple Inc.,2023-05-15,2023-05-19,4,up,up,0.2485353516252629,0.28702919848399605,0.4644354498907409
Apple Inc.,2023-05-16,2023-05-22,4,flat,up,0.2554306527181147,0.3036100488703607,0.44095929841152454
Apple Inc.,2023-05-17,2023-05-23,4,flat,up,0.24029825758471546,0.2832614245462147,0.4764403178690699
Apple Inc.,2023-05-18,2023-05-24,4,flat,up,0.21679639044824972,0.21832554697900836,0.5648780625727419
Apple Inc.,2023-05-19,2023-05-25,4,down,up,0.22437221859137557,0.22952842858937328,0.5460993528192511
Apple Inc.,2023-05-22,2023-05-26,4,flat,up,0.2651703147782786,0.23996927454725353,0.4948604106744678
Apple Inc.,2023-05-23,2023-05-30,4,up,up,0.26552462564763574,0.24513872637033587,0.48933664798202847
Apple Inc.,2023-05-24,2023-05-31,4,up,up,0.2693018799469641,0.2670575464587546,0.46364057359428124
Apple Inc.,2023-05-25,2023-06-01,4,up,up,0.22507989408553453,0.25931725834502717,0.5156028475694383
Apple Inc.,2023-05-26,2023-06-02,4,up,up,0.22629303344281715,0.2541397098840099,0.5195672566731729
Apple Inc.,2023-05-30,2023-06-05,4,up,up,0.2134688506832771,0.2476670336587311,0.5388641156579919
Apple Inc.,2023-05-31,2023-06-06,4,flat,up,0.2304392297639041,0.26636088787386064,0.5031998823622353
Apple Inc.,2023-06-01,2023-06-07,4,flat,up,0.2046639099704481,0.26825295038693586,0.5270831396426161
Apple Inc.,2023-06-02,2023-06-08,4,flat,up,0.19185420914921444,0.25625040973126983,0.5518953811195157
Apple Inc.,2023-06-05,2023-06-09,4,flat,up,0.22326298539460987,0.30106786276147246,0.4756691518439177
Apple Inc.,2023-06-06,2023-06-12,4,up,up,0.24761264621045603,0.3277526956438644,0.42463465814567963
Apple Inc.,2023-06-07,2023-06-13,4,up,up,0.23602905319370024,0.3169144912836852,0.4470564555226145
Apple Inc.,2023-06-08,2023-06-14,4,up,up,0.22692989974481428,0.33513425140110387,0.4379358488540818
Apple Inc.,2023-06-09,2023-06-15,4,up,up,0.20605056884650372,0.31400084946926193,0.4799485816842345
Apple Inc.,2023-06-12,2023-06-16,4,up,up,0.222741164280095,0.2778146181619035,0.49944421755800156
Apple Inc.,2023-06-13,2023-06-20,4,flat,up,0.21849266277211235,0.27882944244617,0.5026778947817176
Apple Inc.,2023-06-14,2023-06-21,4,flat,up,0.21067362646304127,0.30410313806585426,0.48522323547110435
Apple Inc.,2023-06-15,2023-06-22,4,flat,up,0.19763364690832338,0.28955978187254333,0.5128065712191333
Apple Inc.,2023-06-16,2023-06-23,4,flat,up,0.20449348128312486,0.3054501290096888,0.49005638970718635
Apple Inc.,2023-06-20,2023-06-26,4,flat,up,0.214738744421038,0.2950550165956863,0.49020623898327575
Apple Inc.,2023-06-21,2023-06-27,4,flat,up,0.22158245454229122,0.28032498225980945,0.4980925631978993
Apple Inc.,2023-06-22,2023-06-28,4,up,up,0.20763258874025867,0.27958186727033235,0.5127855439894089
Apple Inc.,2023-06-23,2023-06-29,4,up,up,0.21797189615966217,0.2762129988896632,0.5058151049506746
Apple Inc.,2023-06-26,2023-06-30,4,up,up,0.2150675653671412,0.24825126512829035,0.5366811695045686
Apple Inc.,2023-06-27,2023-07-03,4,up,up,0.21283338433055354,0.26691413607550546,0.5202524795939409
Apple Inc.,2023-06-28,2023-07-05,4,up,up,0.19441777187819553,0.2775205448658684,0.528061683255936
Apple Inc.,2023-06-29,2023-07-06,4,flat,up,0.19076891311469446,0.2600055052460195,0.549225581639286
Apple Inc.,2023-06-30,2023-07-07,4,flat,up,0.17219184179699334,0.24392048544911948,0.5838876727538872
Apple Inc.,2023-07-03,2023-07-10,4,down,up,0.19326991325834278,0.25608981983885776,0.5506402669027995
Apple Inc.,2023-07-05,2023-07-11,4,down,up,0.2054482921148224,0.24944013854300648,0.5451115693421711
Apple Inc.,2023-07-06,2023-07-12,4,flat,up,0.20546115580233362,0.2358313898821611,0.5587074543155053
Apple Inc.,2023-07-07,2023-07-13,4,flat,up,0.20265023528755072,0.25571174340620395,0.5416380213062454
Apple Inc.,2023-07-10,2023-07-14,4,flat,up,0.25710468646110723,0.28634770330435155,0.4565476102345412
Apple Inc.,2023-07-11,2023-07-17,4,up,up,0.25476522684458375,0.24694304500152264,0.4982917281538936
Apple Inc.,2023-07-12,2023-07-18,4,up,up,0.24497779179107018,0.2588207714417607,0.49620143676716927
Apple Inc.,2023-07-13,2023-07-19,4,up,up,0.2492916800717753,0.26912031082694904,0.48158800910127564
Apple Inc.,2023-07-14,2023-07-20,4,up,up,0.2523412836611403,0.19825712299547477,0.549401593343385
Apple Inc.,2023-07-17,2023-07-21,4,flat,up,0.2270711818197312,0.19732861523941939,0.5756002029408495
Apple Inc.,2023-07-18,2023-07-24,4,flat,up,0.24071163963999756,0.23837827979558884,0.5209100805644136
Apple Inc.,2023-07-19,2023-07-25,4,flat,up,0.22690711489210694,0.24706674539293338,0.5260261397149597
Apple Inc.,2023-07-20,2023-07-26,4,flat,up,0.2642837654826055,0.2383364112416283,0.4973798232757663
Apple Inc.,2023-07-21,2023-07-27,4,flat,up,0.27268250330879473,0.2773010411515531,0.45001645553965225
Apple Inc.,2023-07-24,2023-07-28,4,flat,up,0.24424070652441332,0.3022479507240138,0.4535113427515729
Apple Inc.,2023-07-25,2023-07-31,4,flat,up,0.2497898675289284,0.302384118395671,0.44782601407540057
Apple Inc.,2023-07-26,2023-08-01,4,flat,up,0.24133066518602173,0.2963073125326536,0.46236202228132467
Apple Inc.,2023-07-27,2023-08-02,4,flat,up,0.24123749271742853,0.32535163523183774,0.4334108720507337
Apple Inc.,2023-07-28,2023-08-03,4,down,up,0.23394300236463741,0.3285363473044237,0.4375206503309389
Apple Inc.,2023-07-31,2023-08-04,4,down,up,0.21907863331045108,0.30610740026079486,0.47481396642875406
Apple Inc.,2023-08-01,2023-08-07,4,down,up,0.2215183943859336,0.2576295672617772,0.5208520383522891
Apple Inc.,2023-08-02,2023-08-08,4,down,up,0.2746634315353923,0.2731265368491227,0.45221003161548506
Apple Inc.,2023-08-03,2023-08-09,4,down,up,0.29007461143775026,0.2800853479860022,0.4298400405762476
Apple Inc.,2023-08-04,2023-08-10,4,down,down,0.3709374468592824,0.3465547795854392,0.2825077735552784
Apple Inc.,2023-08-07,2023-08-11,4,flat,flat,0.34316684376331336,0.3698935022720944,0.28693965396459226
Apple Inc.,2023-08-08,2023-08-14,4,flat,flat,0.3159883902577655,0.3751199543378195,0.3088916554044151
Apple Inc.,2023-08-09,2023-08-15,4,flat,flat,0.3348144606466975,0.34354123310096,0.32164430625234247
Apple Inc.,2023-08-10,2023-08-16,4,flat,up,0.34325632821168944,0.2769651431578286,0.37977852863048206
Apple Inc.,2023-08-11,2023-08-17,4,flat,up,0.3639215812483399,0.21217594304037354,0.42390247571128653
Apple Inc.,2023-08-14,2023-08-18,4,down,up,0.31488338469850585,0.2083565074714734,0.4767601078300208
Apple Inc.,2023-08-15,2023-08-21,4,flat,up,0.32367070896667327,0.21764322897252228,0.4586860620608044
Apple Inc.,2023-08-16,2023-08-22,4,flat,up,0.3105954836585981,0.22387298176878606,0.46553153457261576
Apple Inc.,2023-08-17,2023-08-23,4,up,up,0.29658718995373357,0.27987411038246135,0.4235386996638052
Apple Inc.,2023-08-18,2023-08-24,4,up,up,0.28474099765883176,0.3295520011178215,0.38570700122334667
Apple Inc.,2023-08-21,2023-08-25,4,flat,up,0.21639105883613635,0.3247240726336462,0.4588848685302174
Apple Inc.,2023-08-22,2023-08-28,4,flat,up,0.19321687760740577,0.3258041571282705,0.4809789652643237
Apple Inc.,2023-08-23,2023-08-29,4,flat,up,0.17274196216182144,0.3167423860971696,0.5105156517410089
Apple Inc.,2023-08-24,2023-08-30,4,up,up,0.18133488163895728,0.2918397276264021,0.5268253907346406
Apple Inc.,2023-08-25,2023-08-31,4,up,up,0.1585711096891601,0.2615525898922822,0.5798763004185576
Apple Inc.,2023-08-28,2023-09-01,4,up,up,0.12449319586804761,0.2610289785035495,0.6144778256284029
Apple Inc.,2023-08-29,2023-09-05,4,up,up,0.13046558992436588,0.2913011626778515,0.5782332473977827
Apple Inc.,2023-08-30,2023-09-06,4,flat,up,0.11052417846735509,0.2676784784227544,0.6217973431098905
Apple Inc.,2023-08-31,2023-09-07,4,down,up,0.11730839771957816,0.28907906312863973,0.5936125391517821
Apple Inc.,2023-09-01,2023-09-08,4,down,up,0.10484692678813771,0.27386342475874287,0.6212896484531194
Apple Inc.,2023-09-05,2023-09-11,4,down,up,0.10005036412352429,0.2391587070407283,0.6607909288357474
Apple Inc.,2023-09-06,2023-09-12,4,down,up,0.13754128455719924,0.2986829343072998,0.563775781135501
Apple Inc.,2023-09-07,2023-09-13,4,flat,flat,0.1766080118655536,0.46943751951433554,0.3539544686201108
Apple Inc.,2023-09-08,2023-09-14,4,flat,flat,0.10695980146750257,0.4655496325475592,0.4274905659849382
Apple Inc.,2023-09-11,2023-09-15,4,flat,flat,0.14132093652473202,0.5100558142716667,0.3486232492036012
Apple Inc.,2023-09-12,2023-09-18,4,flat,flat,0.1830361248903593,0.46865794816525247,0.3483059269443881
Apple Inc.,2023-09-13,2023-09-19,4,flat,up,0.2030585806396667,0.35918737204691775,0.43775404731341544
Apple Inc.,2023-09-14,2023-09-20,4,flat,up,0.21878062910103704,0.29822730561406124,0.48299206528490185
Apple Inc.,2023-09-15,2023-09-21,4,flat,up,0.20398463830649669,0.300999746530073,0.4950156151634303
Apple Inc.,2023-09-18,2023-09-22,4,flat,up,0.21819148636974384,0.2900299448376497,0.49177856879260656
Apple Inc.,2023-09-19,2023-09-25,4,flat,up,0.23840405721058072,0.32555046943640575,0.43604547335301347
Apple Inc.,2023-09-20,2023-09-26,4,down,flat,0.23877667962330382,0.3809132569813907,0.3803100633953055
Apple Inc.,2023-09-21,2023-09-27,4,flat,flat,0.246333149862765,0.3846806764947466,0.3689861736424884
Apple Inc.,2023-09-22,2023-09-28,4,down,flat,0.21205041444676978,0.3996854458572981,0.38826413969593215
Apple Inc.,2023-09-25,2023-09-29,4,flat,flat,0.21253821648172627,0.4475616907372014,0.33990009278107236
Apple Inc.,2023-09-26,2023-10-02,4,flat,flat,0.22640511446086595,0.41757275585931275,0.35602212967982133
Apple Inc.,2023-09-27,2023-10-03,4,flat,up,0.20523004676369389,0.3881441826117444,0.4066257706245617
Apple Inc.,2023-09-28,2023-10-04,4,flat,up,0.20918644211998655,0.3851499782942023,0.40566357958581106
Apple Inc.,2023-09-29,2023-10-05,4,flat,up,0.18147487500752332,0.3484988777355947,0.47002624725688213
Apple Inc.,2023-10-02,2023-10-06,4,flat,up,0.19552404180151411,0.3160799024232587,0.4883960557752272
Apple Inc.,2023-10-03,2023-10-09,4,up,up,0.22019336189563243,0.29743323329921395,0.4823734048051535
Apple Inc.,2023-10-04,2023-10-10,4,up,up,0.21138333205689944,0.3333985072446892,0.4552181606984114
Apple Inc.,2023-10-05,2023-10-11,4,up,up,0.19675012832156435,0.3294501078471378,0.4737997638312978
Apple Inc.,2023-10-06,2023-10-12,4,up,up,0.19467609970471014,0.32903908954707983,0.47628481074821005
Apple Inc.,2023-10-09,2023-10-13,4,flat,up,0.1828252249573281,0.32571708699542684,0.49145768804724516
Apple Inc.,2023-10-10,2023-10-16,4,flat,up,0.17225959732150253,0.3609027367450927,0.4668376659334048
Apple Inc.,2023-10-11,2023-10-17,4,flat,up,0.16209910482256054,0.36700114887138036,0.47089974630605913
Apple Inc.,2023-10-12,2023-10-18,4,down,up,0.13939339660776356,0.34668398423755814,0.5139226191546783
Apple Inc.,2023-10-13,2023-10-19,4,down,up,0.1593338824931029,0.3392933926085947,0.5013727248983023
Apple Inc.,2023-10-16,2023-10-20,4,down,up,0.1699019864820382,0.33590962834414334,0.4941883851738184
Apple Inc.,2023-10-17,2023-10-23,4,down,up,0.16391102085498613,0.31471896581306247,0.5213700133319514
Apple Inc.,2023-10-18,2023-10-24,4,down,up,0.171433435233821,0.2855028043235316,0.5430637604426474
Apple Inc.,2023-10-19,2023-10-25,4,down,up,0.17051678340431387,0.27702252560960305,0.5524606909860832
Apple Inc.,2023-10-20,2023-10-26,4,down,up,0.20421999197555013,0.27271641145295755,0.5230635965714924
Apple Inc.,2023-10-23,2023-10-27,4,down,up,0.22394719125133977,0.27274491973493314,0.5033078890137271
Apple Inc.,2023-10-24,2023-10-30,4,down,up,0.1925465605403603,0.28145726233773166,0.525996177121908
Apple Inc.,2023-10-25,2023-10-31,4,flat,up,0.2381083455675691,0.28623991139538635,0.4756517430370445
Apple Inc.,2023-10-26,2023-11-01,4,up,up,0.27631515878746943,0.2735165250305339,0.45016831618199665
Apple Inc.,2023-10-27,2023-11-02,4,up,up,0.25401223333706835,0.27157376223800395,0.4744140044249277
Apple Inc.,2023-10-30,2023-11-03,4,up,up,0.2284031603806965,0.29950464781004593,0.47209219180925766
Apple Inc.,2023-10-31,2023-11-06,4,up,up,0.26329476135372726,0.26909285658325754,0.46761238206301514
Apple Inc.,2023-11-01,2023-11-07,4,up,up,0.22159005249010075,0.24616764232906624,0.532242305180833
Apple Inc.,2023-11-02,2023-11-08,4,up,up,0.1975606238421539,0.24362718417240917,0.558812191985437
Apple Inc.,2023-11-03,2023-11-09,4,up,up,0.2499871152262912,0.27730427509911315,0.47270860967459566
Apple Inc.,2023-11-06,2023-11-10,4,up,up,0.17478019408892098,0.2345600851854373,0.5906597207256417
Apple Inc.,2023-11-07,2023-11-13,4,up,up,0.1722504412269331,0.2917083739283602,0.5360411848447066
Apple Inc.,2023-11-08,2023-11-14,4,up,up,0.15984827820204575,0.3246651291043343,0.51548659269362
Apple Inc.,2023-11-09,2023-11-15,4,up,up,0.14344217756961455,0.32994295811559377,0.5266148643147917
Apple Inc.,2023-11-10,2023-11-16,4,up,up,0.12348950359533437,0.3315090612803895,0.5450014351242761
Apple Inc.,2023-11-13,2023-11-17,4,up,up,0.12267543027034017,0.3674701462204465,0.5098544235092134
Apple Inc.,2023-11-14,2023-11-20,4,up,up,0.10082840564650927,0.32872306457141987,0.5704485297820708
Apple Inc.,2023-11-15,2023-11-21,4,flat,up,0.09992312127142669,0.29204544706198293,0.6080314316665903
Apple Inc.,2023-11-16,2023-11-22,4,flat,up,0.09590937407073534,0.29813527186887057,0.6059553540603941
Apple Inc.,2023-11-17,2023-11-24,4,flat,up,0.09505708864426507,0.2845600625917584,0.6203828487639764
Apple Inc.,2023-11-20,2023-11-27,4,flat,up,0.0914997480425905,0.256399687613826,0.6521005643435835
Apple Inc.,2023-11-21,2023-11-28,4,flat,up,0.09345461011957383,0.2588430046664285,0.6477023852139977
Apple Inc.,2023-11-22,2023-11-29,4,flat,up,0.0908058019046381,0.2524305181966691,0.6567636798986928
Apple Inc.,2023-11-24,2023-11-30,4,flat,up,0.11311098448172792,0.23337364154810525,0.6535153739701668
Apple Inc.,2023-11-27,2023-12-01,4,flat,up,0.11848303742040635,0.20879319357358034,0.6727237690060134
Apple Inc.,2023-11-28,2023-12-04,4,flat,up,0.1224611350065096,0.20491603548399492,0.6726228295094955
Apple Inc.,2023-11-29,2023-12-05,4,flat,up,0.14720482139103708,0.22015765377057184,0.6326375248383912
Apple Inc.,2023-11-30,2023-12-06,4,up,up,0.17502798418982396,0.1970290483208651,0.627942967489311
Apple Inc.,2023-12-01,2023-12-07,4,up,up,0.16740585588347048,0.20057975243475434,0.6320143916817752
Apple Inc.,2023-12-04,2023-12-08,4,up,up,0.22499234601163307,0.22903102206789988,0.5459766319204671
Apple Inc.,2023-12-05,2023-12-11,4,flat,up,0.1958714905091716,0.2110932161424025,0.593035293348426
Apple Inc.,2023-12-06,2023-12-12,4,flat,up,0.22717132731511794,0.2093405688365004,0.5634881038483817
Apple Inc.,2023-12-07,2023-12-13,4,flat,up,0.2320137432076882,0.23579103120889133,0.5321952255834205
Apple Inc.,2023-12-08,2023-12-14,4,up,up,0.2213200584957545,0.2330081036139725,0.545671837890273
Apple Inc.,2023-12-11,2023-12-15,4,up,up,0.2777186807863813,0.2712269192433582,0.4510543999702604
Apple Inc.,2023-12-12,2023-12-18,4,flat,up,0.24081824782175043,0.2947724078047609,0.46440934437348874
Apple Inc.,2023-12-13,2023-12-19,4,flat,up,0.22182720305012563,0.30210736331037275,0.47606543363950166
Apple Inc.,2023-12-14,2023-12-20,4,flat,up,0.24122937166510303,0.29868875514665316,0.4600818731882438
Apple Inc.,2023-12-15,2023-12-21,4,flat,up,0.24088187726182303,0.2551579130690288,0.5039602096691482
Apple Inc.,2023-12-18,2023-12-22,4,flat,up,0.26741014395811186,0.25124182854870997,0.48134802749317823
Apple Inc.,2023-12-19,2023-12-26,4,down,up,0.22470093134093685,0.24888594306553224,0.5264131255935308
Apple Inc.,2023-12-20,2023-12-27,4,down,up,0.244790445543344,0.2506378222222176,0.5045717322344383
Apple Inc.,2023-12-21,2023-12-28,4,flat,up,0.2673274809600349,0.2336553686127407,0.49901715042722455
Apple Inc.,2023-12-22,2023-12-29,4,flat,up,0.27332125833752063,0.2445826095504222,0.4820961321120572
Apple Inc.,2023-12-26,2024-01-02,4,down,up,0.2662772263217083,0.2278795446543437,0.505843229023948
Apple Inc.,2023-12-27,2024-01-03,4,down,up,0.2702898636781733,0.19111258089484512,0.5385975554269816
Apple Inc.,2023-12-28,2024-01-04,4,down,up,0.244997061193818,0.1932992171182237,0.5617037216879583
Apple Inc.,2023-12-29,2024-01-05,4,down,up,0.28863913988598705,0.20141524391714247,0.5099456161968705
Apple Inc.,2024-01-02,2024-01-08,4,flat,down,0.3778855104353054,0.26693047989724644,0.3551840096674482
Apple Inc.,2024-01-03,2024-01-09,4,flat,up,0.305936917034531,0.27157555105936354,0.4224875319061055
Apple Inc.,2024-01-04,2024-01-10,4,up,up,0.32371447119192703,0.31546059134575183,0.3608249374623211
Apple Inc.,2024-01-05,2024-01-11,4,up,up,0.305736001572312,0.2877567340776454,0.4065072643500427
Apple Inc.,2024-01-08,2024-01-12,4,flat,up,0.2743138704585672,0.28464657201567123,0.4410395575257616
Apple Inc.,2024-01-09,2024-01-16,4,flat,up,0.30329894178894756,0.26432980659731037,0.4323712516137421
Apple Inc.,2024-01-10,2024-01-17,4,down,up,0.2660015431964976,0.2601216217540715,0.4738768350494308
Apple Inc.,2024-01-11,2024-01-18,4,flat,up,0.25530112805336785,0.2596405278835695,0.48505834406306264
Apple Inc.,2024-01-12,2024-01-19,4,up,up,0.23945863216133592,0.2978282507650657,0.4627131170735983
Apple Inc.,2024-01-16,2024-01-22,4,up,flat,0.259330067807577,0.3705378967185382,0.3701320354738848
Apple Inc.,2024-01-17,2024-01-23,4,up,up,0.23686065928317002,0.3747907286171085,0.3883486120997215
Apple Inc.,2024-01-18,2024-01-24,4,up,up,0.16985674497391054,0.3834987582698792,0.44664449675621026
Apple Inc.,2024-01-19,2024-01-25,4,up,up,0.19340646578463272,0.3734601637014283,0.433133370513939
Apple Inc.,2024-01-22,2024-01-26,4,flat,up,0.17672145225562472,0.2843335319687938,0.5389450157755815
Apple Inc.,2024-01-23,2024-01-29,4,down,up,0.1489547424976425,0.24043247226777267,0.6106127852345847
Apple Inc.,2024-01-24,2024-01-30,4,down,up,0.13948919972560564,0.2784318371809334,0.582078963093461
Apple Inc.,2024-01-25,2024-01-31,4,down,up,0.1238277172988859,0.2818145654310786,0.5943577172700355
Apple Inc.,2024-01-26,2024-02-01,4,down,up,0.13476727306035635,0.3054206084001069,0.5598121185395368
Apple Inc.,2024-01-29,2024-02-02,4,down,up,0.13784528398990975,0.34735098391282576,0.5148037320972645
Apple Inc.,2024-01-30,2024-02-05,4,flat,up,0.1429225099132272,0.35462432753344036,0.5024531625533324
Apple Inc.,2024-01-31,2024-02-06,4,flat,up,0.18137257124556153,0.3170990997721069,0.5015283289823316
Apple Inc.,2024-02-01,2024-02-07,4,up,up,0.16624186934198637,0.2825532823367669,0.5512048483212467
Apple Inc.,2024-02-02,2024-02-08,4,up,up,0.23333166643186726,0.31023766664207014,0.45643066692606254
Apple Inc.,2024-02-05,2024-02-09,4,flat,up,0.1741010731425386,0.25632464795835774,0.5695742788991036
Apple Inc.,2024-02-06,2024-02-12,4,flat,up,0.22799386512315833,0.26889289260186633,0.5031132422749753
Apple Inc.,2024-02-07,2024-02-13,4,down,up,0.19944215371443996,0.22863601266755376,0.5719218336180063
Apple Inc.,2024-02-08,2024-02-14,4,down,up,0.21824896586691503,0.23867114965952924,0.5430798844735557
Apple Inc.,2024-02-09,2024-02-15,4,down,up,0.19992903880555557,0.2814776611996097,0.5185932999948347
Apple Inc.,2024-02-12,2024-02-16,4,down,up,0.2052149112500957,0.3148415226334076,0.47994356611649674
Apple Inc.,2024-02-13,2024-02-20,4,down,up,0.23526178161400557,0.3519807028471509,0.4127575155388435
Apple Inc.,2024-02-14,2024-02-21,4,flat,up,0.2245772704789979,0.3389360910387647,0.4364866384822374
Apple Inc.,2024-02-15,2024-02-22,4,flat,up,0.23253530938924255,0.3554211465653623,0.4120435440453952
Apple Inc.,2024-02-16,2024-02-23,4,flat,up,0.23727296709525902,0.27548287271260213,0.4872441601921389
Apple Inc.,2024-02-20,2024-02-26,4,flat,up,0.2464855218799799,0.25304815911274686,0.5004663190072732
Apple Inc.,2024-02-21,2024-02-27,4,flat,up,0.22319888482108952,0.2406921401124228,0.5361089750664877
Apple Inc.,2024-02-22,2024-02-28,4,flat,up,0.20182231200738351,0.25636163927093564,0.5418160487216808
Apple Inc.,2024-02-23,2024-02-29,4,flat,up,0.20758418867507103,0.2255751096507502,0.5668407016741788
Apple Inc.,2024-02-26,2024-03-01,4,flat,up,0.21770257872937956,0.2316951293576772,0.5506022919129432
Apple Inc.,2024-02-27,2024-03-04,4,down,up,0.19905031010247223,0.28218360204435655,0.5187660878531712
Apple Inc.,2024-02-28,2024-03-05,4,down,up,0.2070580307999902,0.27662528314541623,0.5163166860545936
Apple Inc.,2024-02-29,2024-03-06,4,down,up,0.21671849906152246,0.26211185098781126,0.5211696499506663
Apple Inc.,2024-03-01,2024-03-07,4,down,up,0.23062328207194954,0.2752181080873556,0.494158609840695
Apple Inc.,2024-03-04,2024-03-08,4,down,up,0.2596563116385458,0.32768731191536804,0.4126563764460862
Apple Inc.,2024-03-05,2024-03-11,4,flat,up,0.26298276241719826,0.32905715850059447,0.40796007908220727
Apple Inc.,2024-03-06,2024-03-12,4,flat,up,0.2195319655076026,0.3153113908441198,0.4651566436482777
Apple Inc.,2024-03-07,2024-03-13,4,flat,up,0.23664701374732425,0.31412037592556,0.44923261032711576
Apple Inc.,2024-03-08,2024-03-14,4,flat,up,0.21633900223048186,0.3139178435833569,0.4697431541861613
Apple Inc.,2024-03-11,2024-03-15,4,flat,up,0.20160247400777026,0.27467509234792625,0.5237224336443035
Apple Inc.,2024-03-12,2024-03-18,4,flat,up,0.23771373699190074,0.2438772192817633,0.518409043726336
Apple Inc.,2024-03-13,2024-03-19,4,flat,up,0.22433400503709988,0.23581669637700248,0.5398492985858977
Apple Inc.,2024-03-14,2024-03-20,4,up,up,0.19389399778364946,0.27607167660092036,0.5300343256154302
Apple Inc.,2024-03-15,2024-03-21,4,flat,up,0.22178490397401793,0.31735892073366384,0.46085617529231826
Apple Inc.,2024-03-18,2024-03-22,4,flat,up,0.15234244210174844,0.3186057014389805,0.5290518564592711
Apple Inc.,2024-03-19,2024-03-25,4,down,up,0.18369551377152277,0.3385690363590059,0.4777354498694712
Apple Inc.,2024-03-20,2024-03-26,4,down,up,0.14938777947572482,0.33758291552453895,0.5130293049997362
Apple Inc.,2024-03-21,2024-03-27,4,flat,up,0.19417156184726447,0.34928861762254665,0.45653982053018893
Apple Inc.,2024-03-22,2024-03-28,4,flat,up,0.18445532533157097,0.34085719766612693,0.4746874770023022
Apple Inc.,2024-03-25,2024-04-01,4,flat,up,0.16457111733040664,0.33442731906300016,0.5010015636065932
Apple Inc.,2024-03-26,2024-04-02,4,flat,up,0.17269706446743813,0.361693393634407,0.46560954189815495
Apple Inc.,2024-03-27,2024-04-03,4,flat,up,0.1634298511627193,0.33983324579843216,0.4967369030388485
Apple Inc.,2024-03-28,2024-04-04,4,flat,up,0.19072722488805102,0.3135692810587944,0.49570349405315467
Apple Inc.,2024-04-01,2024-04-05,4,flat,up,0.2008641711690477,0.26316043279251916,0.535975396038433
Apple Inc.,2024-04-02,2024-04-08,4,flat,up,0.20267891731135387,0.2597333771090959,0.5375877055795503
Apple Inc.,2024-04-03,2024-04-09,4,flat,up,0.19165953886155307,0.27558457302581574,0.5327558881126312
Apple Inc.,2024-04-04,2024-04-10,4,flat,up,0.19678733002867843,0.307764173523042,0.49544849644827965
Apple Inc.,2024-04-05,2024-04-11,4,flat,up,0.2094559659109746,0.3139576884023258,0.47658634568669955
Apple Inc.,2024-04-08,2024-04-12,4,up,up,0.2032276318458756,0.2970339445806832,0.4997384235734412
Apple Inc.,2024-04-09,2024-04-15,4,up,up,0.17919473769013863,0.30954885113315017,0.5112564111767112
Apple Inc.,2024-04-10,2024-04-16,4,flat,up,0.19582619705759635,0.27646674879957306,0.5277070541428306
Apple Inc.,2024-04-11,2024-04-17,4,flat,up,0.14152670401753797,0.23007508309350408,0.6283982128889579
Apple Inc.,2024-04-12,2024-04-18,4,down,up,0.13664486860091934,0.24172235338160103,0.6216327780174796
Apple Inc.,2024-04-15,2024-04-19,4,down,up,0.18466919338393337,0.26881249836520404,0.5465183082508626
Apple Inc.,2024-04-16,2024-04-22,4,down,up,0.20108428578407567,0.26532881540092373,0.5335868988150005
Apple Inc.,2024-04-17,2024-04-23,4,flat,up,0.18466520529700484,0.29606105261503385,0.5192737420879613
Apple Inc.,2024-04-18,2024-04-24,4,flat,up,0.19088251509205864,0.33403528125472715,0.47508220365321413
Apple Inc.,2024-04-19,2024-04-25,4,up,up,0.2052279070248434,0.3453295640905131,0.4494425288846435
Apple Inc.,2024-04-22,2024-04-26,4,up,up,0.19502703402899513,0.3495184345903318,0.45545453138067316
Apple Inc.,2024-04-23,2024-04-29,4,up,up,0.204076928963939,0.3640702770163476,0.43185279401971344
Apple Inc.,2024-04-24,2024-04-30,4,up,up,0.18501080133809325,0.3150935929785858,0.49989560568332086
Apple Inc.,2024-04-25,2024-05-01,4,flat,up,0.19042285998811426,0.28478130083630426,0.5247958391755815
Apple Inc.,2024-04-26,2024-05-02,4,flat,up,0.21065520054539266,0.32486370820537075,0.4644810912492364
Apple Inc.,2024-04-29,2024-05-03,4,up,up,0.17422011494544423,0.33265826081878813,0.49312162423576766
Apple Inc.,2024-04-30,2024-05-06,4,up,up,0.24265742175032232,0.3639976622179103,0.39334491603176736
Apple Inc.,2024-05-01,2024-05-07,4,up,up,0.21936198306526153,0.34690545679615514,0.43373256013858325
Apple Inc.,2024-05-02,2024-05-08,4,up,up,0.16678511318110775,0.3636755734025152,0.46953931341637706
Apple Inc.,2024-05-03,2024-05-09,4,flat,up,0.11413595333076643,0.3285136389708727,0.5573504076983609
Apple Inc.,2024-05-06,2024-05-10,4,flat,up,0.21617594102564883,0.33872748876408093,0.44509657021027027
Apple Inc.,2024-05-07,2024-05-13,4,flat,up,0.15150475201574198,0.27258884751211593,0.575906400472142
Apple Inc.,2024-05-08,2024-05-14,4,up,up,0.15468179534417173,0.3017596104264332,0.5435585942293951
Apple Inc.,2024-05-09,2024-05-15,4,up,up,0.1371389137690483,0.3629408371564178,0.499920249074534
Apple Inc.,2024-05-10,2024-05-16,4,up,up,0.12084072177468519,0.39550707784145345,0.48365220038386153
Apple Inc.,2024-05-13,2024-05-17,4,flat,flat,0.1290569047416682,0.4411703642441979,0.4297727310141338
Apple Inc.,2024-05-14,2024-05-20,4,flat,flat,0.12584459978664064,0.4462787892252054,0.4278766109881539
Apple Inc.,2024-05-15,2024-05-21,4,flat,up,0.11715608143496065,0.42481432622890014,0.45802959233613916
Apple Inc.,2024-05-16,2024-05-22,4,flat,up,0.1294416029748522,0.31701580932581575,0.5535425876993321
Apple Inc.,2024-05-17,2024-05-23,4,flat,up,0.13943696224053026,0.29975586283417666,0.5608071749252931
Apple Inc.,2024-05-20,2024-05-24,4,flat,up,0.13323745685585775,0.3051266773311463,0.5616358658129961
Apple Inc.,2024-05-21,2024-05-28,4,flat,up,0.13311207810843673,0.31911283270324053,0.5477750891883227
Apple Inc.,2024-05-22,2024-05-29,4,flat,up,0.15501760463858782,0.3005040475624669,0.5444783477989452
Apple Inc.,2024-05-23,2024-05-30,4,flat,up,0.16049036316163232,0.25686407620510815,0.5826455606332596
Apple Inc.,2024-05-24,2024-05-31,4,flat,up,0.14881774756552257,0.27804851325577024,0.5731337391787071
Apple Inc.,2024-05-28,2024-06-03,4,flat,up,0.15894379059436986,0.2833653134164597,0.5576908959891704
Apple Inc.,2024-05-29,2024-06-04,4,up,up,0.19973150210895674,0.26086997641648046,0.5393985214745628
Apple Inc.,2024-05-30,2024-06-05,4,up,up,0.20339786432563156,0.26358820139798395,0.5330139342763845
Apple Inc.,2024-05-31,2024-06-06,4,up,up,0.2330916423882363,0.30086347623099025,0.46604488138077343
Apple Inc.,2024-06-03,2024-06-07,4,flat,up,0.22500001412316462,0.24647665404104477,0.5285233318357906
Apple Inc.,2024-06-04,2024-06-10,4,flat,up,0.24092899140227736,0.2374224888607589,0.5216485197369638
Apple Inc.,2024-06-05,2024-06-11,4,up,up,0.23155410618389646,0.25920422105384255,0.509241672762261
Apple Inc.,2024-06-06,2024-06-12,4,up,up,0.25447445420634374,0.26406730075307766,0.4814582450405787
Apple Inc.,2024-06-07,2024-06-13,4,up,up,0.24323978162411436,0.27076412238879755,0.48599609598708804
Apple Inc.,2024-06-10,2024-06-14,4,up,up,0.27461467692641744,0.26885790031667983,0.4565274227569027
Apple Inc.,2024-06-14,2024-06-18,4,flat,up,0.2476043902122749,0.20332397332865515,0.54907163645907
"Meta Platforms, Inc.",2022-01-18,2022-01-24,4,down,down,0.3752616610137371,0.29731552987511456,0.3274228091111483
"Meta Platforms, Inc.",2022-01-19,2022-01-25,4,down,up,0.30739515426537006,0.3085595046023539,0.3840453411322761
"Meta Platforms, Inc.",2022-01-20,2022-01-26,4,down,up,0.32625143203255885,0.32449933774325257,0.3492492302241887
"Meta Platforms, Inc.",2022-01-21,2022-01-27,4,down,flat,0.3305669286046621,0.3420113017357616,0.32742176965957637
"Meta Platforms, Inc.",2022-01-24,2022-01-28,4,flat,up,0.23488003468927626,0.35913888853925413,0.4059810767714696
"Meta Platforms, Inc.",2022-01-25,2022-01-31,4,flat,up,0.21172332187489998,0.32180435148207037,0.4664723266430295
"Meta Platforms, Inc.",2022-01-26,2022-02-01,4,up,up,0.24124136085419698,0.3440446178814006,0.4147140212644023
"Meta Platforms, Inc.",2022-01-27,2022-02-02,4,up,flat,0.2542292050716272,0.37797002006663716,0.3678007748617356
"Meta Platforms, Inc.",2022-01-28,2022-02-03,4,down,flat,0.23823815193544795,0.39209595006327536,0.36966589800127675
"Meta Platforms, Inc.",2022-01-31,2022-02-04,4,down,flat,0.2312750715205755,0.4116768054233323,0.3570481230560921
"Meta Platforms, Inc.",2022-02-01,2022-02-07,4,down,flat,0.2895814130550061,0.45707171244070693,0.25334687450428683
"Meta Platforms, Inc.",2022-02-02,2022-02-08,4,down,flat,0.34107598964969504,0.4980052816645293,0.16091872868577572
"Meta Platforms, Inc.",2022-02-03,2022-02-09,4,flat,flat,0.27443461700686356,0.6243472119576485,0.10121817103548804
"Meta Platforms, Inc.",2022-02-04,2022-02-10,4,flat,up,0.03870584476559461,0.39462023630213866,0.5666739189322667
"Meta Platforms, Inc.",2022-02-07,2022-02-11,4,flat,up,0.03575968407628122,0.27839638296005975,0.6858439329636591
"Meta Platforms, Inc.",2022-02-08,2022-02-14,4,flat,up,0.03255250257578641,0.46445014603231033,0.5029973513919033
"Meta Platforms, Inc.",2022-02-09,2022-02-15,4,flat,up,0.011900085075140818,0.4888644131759007,0.49923550174895853
"Meta Platforms, Inc.",2022-02-10,2022-02-16,4,flat,flat,0.029318276220412505,0.5461501545306475,0.4245315692489399
"Meta Platforms, Inc.",2022-02-11,2022-02-17,4,flat,flat,0.046275950322437906,0.6461703897592075,0.30755365991835454
"Meta Platforms, Inc.",2022-02-14,2022-02-18,4,flat,flat,0.09336101299214081,0.7424160088175937,0.1642229781902654
"Meta Platforms, Inc.",2022-02-15,2022-02-22,4,down,flat,0.12093014793716776,0.759110954047,0.11995889801583212
"Meta Platforms, Inc.",2022-02-16,2022-02-23,4,flat,flat,0.07531622237044233,0.8573088156506693,0.06737496197888826
"Meta Platforms, Inc.",2022-02-17,2022-02-24,4,flat,flat,0.07409094806171375,0.8618343352531876,0.06407471668509855
"Meta Platforms, Inc.",2022-02-18,2022-02-25,4,flat,flat,0.07580947557998718,0.848694808164357,0.07549571625565568
"Meta Platforms, Inc.",2022-02-22,2022-02-28,4,flat,flat,0.07459366718309168,0.8424962011525399,0.08291013166436834
"Meta Platforms, Inc.",2022-02-23,2022-03-01,4,flat,flat,0.08151918198735328,0.8241667390414144,0.09431407897123234
"Meta Platforms, Inc.",2022-02-24,2022-03-02,4,flat,flat,0.13743365660722437,0.7476902674727223,0.11487607592005346
"Meta Platforms, Inc.",2022-02-25,2022-03-03,4,flat,flat,0.12213772176948785,0.7434271766275676,0.1344351016029445
"Meta Platforms, Inc.",2022-02-28,2022-03-04,4,flat,flat,0.16733134451389692,0.7251543706655821,0.10751428482052099
"Meta Platforms, Inc.",2022-03-01,2022-03-07,4,down,flat,0.21795071666822824,0.677532593745796,0.10451668958597571
"Meta Platforms, Inc.",2022-03-02,2022-03-08,4,down,flat,0.24506692801511384,0.588241319276276,0.16669175270861014
"Meta Platforms, Inc.",2022-03-03,2022-03-09,4,down,flat,0.31000493341231977,0.38325359330229114,0.3067414732853891
"Meta Platforms, Inc.",2022-03-04,2022-03-10,4,flat,flat,0.3746009343258351,0.37517859531261805,0.2502204703615469
"Meta Platforms, Inc.",2022-03-07,2022-03-11,4,flat,flat,0.3510426956263604,0.38368196787506814,0.2652753364985715
"Meta Platforms, Inc.",2022-03-08,2022-03-14,4,flat,flat,0.2758699638403265,0.3657225624469648,0.35840747371270865
"Meta Platforms, Inc.",2022-03-09,2022-03-15,4,flat,up,0.2079568326649176,0.34872196756319096,0.44332119977189144
"Meta Platforms, Inc.",2022-03-10,2022-03-16,4,flat,flat,0.30629651363616206,0.36161895648378306,0.3320845298800548
"Meta Platforms, Inc.",2022-03-11,2022-03-17,4,up,flat,0.3082069767433814,0.36878761068162785,0.3230054125749907
"Meta Platforms, Inc.",2022-03-14,2022-03-18,4,up,up,0.28672632740487053,0.339618220362895,0.3736554522322344
"Meta Platforms, Inc.",2022-03-15,2022-03-21,4,up,up,0.28493847091659974,0.3255433231549164,0.3895182059284839
"Meta Platforms, Inc.",2022-03-16,2022-03-22,4,up,up,0.2954586772912434,0.34528630121167353,0.359255021497083
"Meta Platforms, Inc.",2022-03-17,2022-03-23,4,up,flat,0.3731485357532275,0.3737783559185029,0.2530731083282696
"Meta Platforms, Inc.",2022-03-18,2022-03-24,4,flat,flat,0.37224224230218306,0.4053193038266704,0.2224384538711466
"Meta Platforms, Inc.",2022-03-21,2022-03-25,4,up,down,0.4180301029260662,0.4006190635969296,0.18135083347700423
"Meta Platforms, Inc.",2022-03-22,2022-03-28,4,flat,down,0.4338423336728019,0.3956611695912378,0.17049649673596037
"Meta Platforms, Inc.",2022-03-23,2022-03-29,4,up,down,0.4443788289439957,0.4016460859028435,0.15397508515316075
"Meta Platforms, Inc.",2022-03-24,2022-03-30,4,up,flat,0.3966535306751269,0.4326798235106459,0.17066664581422722
"Meta Platforms, Inc.",2022-03-25,2022-03-31,4,flat,flat,0.3690167860997256,0.45052765243278037,0.18045556146749417
"Meta Platforms, Inc.",2022-03-28,2022-04-01,4,flat,flat,0.3828044867525172,0.44134848267140075,0.175847030576082
"Meta Platforms, Inc.",2022-03-29,2022-04-04,4,flat,flat,0.35075877120203786,0.44825311123318995,0.20098811756477214
"Meta Platforms, Inc.",2022-03-30,2022-04-05,4,flat,flat,0.3824758453892775,0.43844462203176277,0.1790795325789597
"Meta Platforms, Inc.",2022-03-31,2022-04-06,4,flat,flat,0.40279900277685554,0.4275728693267058,0.16962812789643855
"Meta Platforms, Inc.",2022-04-01,2022-04-07,4,flat,flat,0.36935877337278555,0.4289475818233918,0.2016936448038226
"Meta Platforms, Inc.",2022-04-04,2022-04-08,4,down,flat,0.34102504611475043,0.43195074491775265,0.2270242089674968
"Meta Platforms, Inc.",2022-04-05,2022-04-11,4,down,flat,0.35107502061204504,0.4469707944866837,0.2019541849012712
"Meta Platforms, Inc.",2022-04-06,2022-04-12,4,down,flat,0.3980203065631258,0.43319100800838545,0.16878868542848877
"Meta Platforms, Inc.",2022-04-07,2022-04-13,4,down,flat,0.3364176302184426,0.4086256147805826,0.2549567550009747
"Meta Platforms, Inc.",2022-04-08,2022-04-14,4,down,flat,0.32478553307408914,0.3641373550734533,0.3110771118524575
"Meta Platforms, Inc.",2022-04-11,2022-04-18,4,down,down,0.3658147920109182,0.3406033182727412,0.2935818897163406
"Meta Platforms, Inc.",2022-04-12,2022-04-19,4,flat,up,0.31710826576706735,0.3347483394955326,0.3481433947374
"Meta Platforms, Inc.",2022-04-13,2022-04-20,4,down,up,0.32672072765230764,0.306842627363136,0.36643664498455647
"Meta Platforms, Inc.",2022-04-14,2022-04-21,4,down,up,0.2983123882812716,0.29375564064341186,0.40793197107531654
"Meta Platforms, Inc.",2022-04-18,2022-04-22,4,down,up,0.3202943846411324,0.29328424141584214,0.3864213739430255
"Meta Platforms, Inc.",2022-04-19,2022-04-25,4,down,up,0.3079667480115648,0.3020791810937405,0.38995407089469464
"Meta Platforms, Inc.",2022-04-20,2022-04-26,4,down,flat,0.3438560792667541,0.3488029421194772,0.3073409786137687
"Meta Platforms, Inc.",2022-04-21,2022-04-27,4,down,flat,0.31206806366869627,0.3812812086334069,0.3066507276978968
"Meta Platforms, Inc.",2022-04-22,2022-04-28,4,up,up,0.22614161716818065,0.37843958934130145,0.3954187934905179
"Meta Platforms, Inc.",2022-04-25,2022-04-29,4,up,up,0.19693084898115226,0.3787407615389406,0.4243283894799071
"Meta Platforms, Inc.",2022-04-26,2022-05-02,4,up,flat,0.19144102303975613,0.4237169314176655,0.38484204554257845
"Meta Platforms, Inc.",2022-04-27,2022-05-03,4,up,flat,0.20699551493261842,0.4762467239179127,0.3167577611494688
"Meta Platforms, Inc.",2022-04-28,2022-05-04,4,up,up,0.08004692876201931,0.4174167925159177,0.502536278722063
"Meta Platforms, Inc.",2022-04-29,2022-05-05,4,flat,flat,0.26355356391500834,0.5485107354650753,0.18793570061991643
"Meta Platforms, Inc.",2022-05-02,2022-05-06,4,flat,flat,0.29886681780310154,0.5855316473427356,0.11560153485416291
"Meta Platforms, Inc.",2022-05-03,2022-05-09,4,down,flat,0.2793549274244825,0.5864098686255422,0.13423520394997523
"Meta Platforms, Inc.",2022-05-04,2022-05-10,4,down,flat,0.3377939422940169,0.5439586980856086,0.1182473596203746
"Meta Platforms, Inc.",2022-05-05,2022-05-11,4,down,flat,0.28397737618146335,0.6318795553657055,0.08414306845283115
"Meta Platforms, Inc.",2022-05-06,2022-05-12,4,down,flat,0.2822410043185212,0.6208820833375829,0.09687691234389596
"Meta Platforms, Inc.",2022-05-09,2022-05-13,4,flat,flat,0.22119751902449972,0.5921576617847838,0.18664481919071646
"Meta Platforms, Inc.",2022-05-10,2022-05-16,4,flat,flat,0.16344257001432227,0.5340993509774324,0.30245807900824523
"Meta Platforms, Inc.",2022-05-11,2022-05-17,4,flat,flat,0.20144149023684374,0.4799644205753546,0.31859408918780163
"Meta Platforms, Inc.",2022-05-12,2022-05-18,4,flat,flat,0.1651880074917481,0.4691822994034604,0.36562969310479154
"Meta Platforms, Inc.",2022-05-13,2022-05-19,4,flat,up,0.12833076650605935,0.42605636784330636,0.44561286565063435
"Meta Platforms, Inc.",2022-05-16,2022-05-20,4,flat,flat,0.16959741426827923,0.4488987967806697,0.3815037889510511
"Meta Platforms, Inc.",2022-05-17,2022-05-23,4,flat,flat,0.21930139102610777,0.48209616519790943,0.2986024437759828
"Meta Platforms, Inc.",2022-05-18,2022-05-24,4,down,flat,0.2888355443245464,0.463360071993245,0.2478043836822086
"Meta Platforms, Inc.",2022-05-19,2022-05-25,4,flat,flat,0.2655989079053698,0.4510562066094526,0.28334488548517756
"Meta Platforms, Inc.",2022-05-20,2022-05-26,4,flat,flat,0.22526169250089842,0.44843233588376447,0.32630597161533714
"Meta Platforms, Inc.",2022-05-23,2022-05-27,4,flat,flat,0.2445919139460604,0.4634322170399395,0.291975869014
"Meta Platforms, Inc.",2022-05-24,2022-05-31,4,up,flat,0.26652552343333724,0.4965062558027845,0.2369682207638782
"Meta Platforms, Inc.",2022-05-25,2022-06-01,4,up,up,0.15376268616383879,0.4175320175823969,0.4287052962537643
"Meta Platforms, Inc.",2022-05-26,2022-06-02,4,flat,up,0.16993353182668233,0.392220499910196,0.43784596826312167
"Meta Platforms, Inc.",2022-05-27,2022-06-03,4,flat,flat,0.2279421922730642,0.44270625477428155,0.3293515529526544
"Meta Platforms, Inc.",2022-05-31,2022-06-06,4,flat,flat,0.2691056147315005,0.4794575393091542,0.25143684595934523
"Meta Platforms, Inc.",2022-06-01,2022-06-07,4,flat,flat,0.3108748750213014,0.4480751275270978,0.24104999745160077
"Meta Platforms, Inc.",2022-06-02,2022-06-08,4,flat,flat,0.28551896265495574,0.42713154866865594,0.28734948867638826
"Meta Platforms, Inc.",2022-06-03,2022-06-09,4,flat,flat,0.3412277905537307,0.4061348045381664,0.25263740490810294
"Meta Platforms, Inc.",2022-06-06,2022-06-10,4,down,flat,0.3304312356877087,0.4169293901846771,0.2526393741276142
"Meta Platforms, Inc.",2022-06-07,2022-06-13,4,down,flat,0.28703795757893136,0.4348110864556072,0.27815095596546147
"Meta Platforms, Inc.",2022-06-08,2022-06-14,4,down,flat,0.266417681814876,0.4165492887004817,0.3170330294846422
"Meta Platforms, Inc.",2022-06-09,2022-06-15,4,down,flat,0.31319950812471514,0.4172069062054466,0.26959358566983826
"Meta Platforms, Inc.",2022-06-10,2022-06-16,4,down,flat,0.2934407285885176,0.40579788986248144,0.300761381549001
"Meta Platforms, Inc.",2022-06-13,2022-06-17,4,flat,flat,0.22659458056817,0.3910002450742157,0.3824051743576143
"Meta Platforms, Inc.",2022-06-14,2022-06-21,4,flat,up,0.16591741595258222,0.33993369475589214,0.49414888929152556
"Meta Platforms, Inc.",2022-06-15,2022-06-22,4,down,up,0.1328291113372067,0.3418857747174862,0.5252851139453071
"Meta Platforms, Inc.",2022-06-16,2022-06-23,4,flat,flat,0.18756893707173913,0.41342732168658336,0.3990037412416775
"Meta Platforms, Inc.",2022-06-17,2022-06-24,4,flat,up,0.15059146671958612,0.41045041348224215,0.4389581197981718
"Meta Platforms, Inc.",2022-06-21,2022-06-27,4,flat,flat,0.1864230995126783,0.4161961521227411,0.3973807483645806
"Meta Platforms, Inc.",2022-06-22,2022-06-28,4,flat,flat,0.25055281651751204,0.43755880084968385,0.31188838263280416
"Meta Platforms, Inc.",2022-06-23,2022-06-29,4,flat,flat,0.24767785780914367,0.4749688986916524,0.27735324349920387
"Meta Platforms, Inc.",2022-06-24,2022-06-30,4,flat,flat,0.2143451745301902,0.495161211355212,0.2904936141145978
"Meta Platforms, Inc.",2022-06-27,2022-07-01,4,down,flat,0.27290024079923575,0.529449000872792,0.19765075832797227
"Meta Platforms, Inc.",2022-06-28,2022-07-05,4,flat,flat,0.31918116290958415,0.5429638602654813,0.13785497682493456
"Meta Platforms, Inc.",2022-06-29,2022-07-06,4,flat,flat,0.3015779643790205,0.5182885934617161,0.18013344215926338
"Meta Platforms, Inc.",2022-06-30,2022-07-07,4,up,flat,0.3054519149322745,0.4851406781297549,0.20940740693797066
"Meta Platforms, Inc.",2022-07-01,2022-07-08,4,up,flat,0.31107410472879016,0.48717530041790685,0.20175059485330304
"Meta Platforms, Inc.",2022-07-05,2022-07-11,4,flat,flat,0.25576417814348446,0.493790337292762,0.2504454845637536
"Meta Platforms, Inc.",2022-07-06,2022-07-12,4,flat,flat,0.251478246432086,0.47649096985969297,0.27203078370822104
"Meta Platforms, Inc.",2022-07-07,2022-07-13,4,down,flat,0.2948353316329915,0.4593559756420155,0.24580869272499298
"Meta Platforms, Inc.",2022-07-08,2022-07-14,4,down,flat,0.34192289457388764,0.403095432891523,0.2549816725345895
"Meta Platforms, Inc.",2022-07-11,2022-07-15,4,flat,down,0.3815339691958859,0.3548343136149445,0.26363171718916956
"Meta Platforms, Inc.",2022-07-12,2022-07-18,4,flat,down,0.33856217030354435,0.3323195549208244,0.3291182747756313
"Meta Platforms, Inc.",2022-07-13,2022-07-19,4,up,down,0.34419309763470324,0.336345533854783,0.3194613685105138
"Meta Platforms, Inc.",2022-07-14,2022-07-20,4,up,flat,0.33225740511166,0.34305854824433096,0.32468404664400907
"Meta Platforms, Inc.",2022-07-15,2022-07-21,4,up,up,0.2592079680698682,0.3354067397992937,0.40538529213083807
"Meta Platforms, Inc.",2022-07-18,2022-07-22,4,flat,up,0.2659088383235923,0.3270404124381763,0.40705074923823137
"Meta Platforms, Inc.",2022-07-19,2022-07-25,4,flat,flat,0.3123399048144132,0.34650006174691667,0.34116003343867013
"Meta Platforms, Inc.",2022-07-20,2022-07-26,4,down,flat,0.3451093569554346,0.37514403299344534,0.2797466100511201
"Meta Platforms, Inc.",2022-07-21,2022-07-27,4,down,down,0.41409979766106214,0.38176316150462075,0.20413704083431716
"Meta Platforms, Inc.",2022-07-22,2022-07-28,4,down,down,0.4453147605455193,0.3911676524770164,0.16351758697746427
"Meta Platforms, Inc.",2022-07-25,2022-07-29,4,down,flat,0.3575566946218314,0.39055238447517054,0.2518909209029981
"Meta Platforms, Inc.",2022-07-26,2022-08-01,4,flat,flat,0.32537194825520543,0.3766096258383141,0.29801842590648053
"Meta Platforms, Inc.",2022-07-27,2022-08-02,4,flat,up,0.22110141393102764,0.38816141617328886,0.3907371698956835
"Meta Platforms, Inc.",2022-07-28,2022-08-03,4,flat,flat,0.2595821342126152,0.41461533777884957,0.32580252800853515
"Meta Platforms, Inc.",2022-07-29,2022-08-04,4,up,up,0.21439047931946298,0.37164120335347073,0.4139683173270663
"Meta Platforms, Inc.",2022-08-01,2022-08-05,4,flat,up,0.18697348498924996,0.3462729018395196,0.46675361317123054
"Meta Platforms, Inc.",2022-08-02,2022-08-08,4,up,up,0.2482938368174568,0.3571783591371742,0.394527804045369
"Meta Platforms, Inc.",2022-08-03,2022-08-09,4,flat,flat,0.23651876680657885,0.3965626967409624,0.36691853645245875
"Meta Platforms, Inc.",2022-08-04,2022-08-10,4,flat,flat,0.2877320141266498,0.419422999608315,0.2928449862650352
"Meta Platforms, Inc.",2022-08-05,2022-08-11,4,up,flat,0.3311918015260602,0.43222250409839,0.23658569437554988
"Meta Platforms, Inc.",2022-08-08,2022-08-12,4,up,flat,0.29528884255881105,0.4454511916340631,0.25925996580712585
"Meta Platforms, Inc.",2022-08-09,2022-08-15,4,up,flat,0.36336804568979325,0.4160853371349497,0.2205466171752571
"Meta Platforms, Inc.",2022-08-10,2022-08-16,4,flat,flat,0.2741105197895778,0.46071589459232176,0.2651735856181003
"Meta Platforms, Inc.",2022-08-11,2022-08-17,4,flat,flat,0.3371785902746007,0.46320409094665094,0.19961731877874844
"Meta Platforms, Inc.",2022-08-12,2022-08-18,4,flat,flat,0.3343633580785934,0.47091052531652705,0.19472611660487943
"Meta Platforms, Inc.",2022-08-15,2022-08-19,4,down,flat,0.3292191570764637,0.4592766492773964,0.21150419364613987
"Meta Platforms, Inc.",2022-08-16,2022-08-22,4,down,flat,0.35500654716074015,0.41579481305603455,0.22919863978322536
"Meta Platforms, Inc.",2022-08-17,2022-08-23,4,down,flat,0.36032496042431045,0.40320320935028126,0.23647183022540816
"Meta Platforms, Inc.",2022-08-18,2022-08-24,4,down,flat,0.33614877072830623,0.38927769751508884,0.2745735317566049
"Meta Platforms, Inc.",2022-08-19,2022-08-25,4,flat,flat,0.33290428651565535,0.3682677639903281,0.29882794949401653
"Meta Platforms, Inc.",2022-08-22,2022-08-26,4,flat,flat,0.289053939496903,0.3607418321513292,0.35020422835176784
"Meta Platforms, Inc.",2022-08-23,2022-08-29,4,flat,up,0.2528533068294131,0.32576890937838937,0.4213777837921976
"Meta Platforms, Inc.",2022-08-24,2022-08-30,4,flat,up,0.2514485207087935,0.31952526566338907,0.42902621362781745
"Meta Platforms, Inc.",2022-08-25,2022-08-31,4,flat,up,0.23779486211635417,0.33066777465640596,0.43153736322723985
"Meta Platforms, Inc.",2022-08-26,2022-09-01,4,flat,flat,0.3149922703995621,0.34612206861559097,0.33888566098484696
"Meta Platforms, Inc.",2022-08-29,2022-09-02,4,flat,down,0.34951190706836616,0.348579844019105,0.3019082489125288
"Meta Platforms, Inc.",2022-08-30,2022-09-06,4,flat,up,0.3146753495823544,0.33678937856876934,0.3485352718488764
"Meta Platforms, Inc.",2022-08-31,2022-09-07,4,down,up,0.27226502070333575,0.3424349411347582,0.38530003816190617
"Meta Platforms, Inc.",2022-09-01,2022-09-08,4,flat,flat,0.3586787994610931,0.3833141554924574,0.2580070450464495
"Meta Platforms, Inc.",2022-09-02,2022-09-09,4,flat,flat,0.3356877640155476,0.4145256012875407,0.24978663469691179
"Meta Platforms, Inc.",2022-09-06,2022-09-12,4,up,flat,0.34079933961007164,0.3962061787354489,0.2629944816544795
"Meta Platforms, Inc.",2022-09-07,2022-09-13,4,flat,flat,0.31463789834022193,0.37902006963314394,0.3063420320266341
"Meta Platforms, Inc.",2022-09-08,2022-09-14,4,down,flat,0.3122812662271047,0.3859356080360253,0.30178312573687
"Meta Platforms, Inc.",2022-09-09,2022-09-15,4,down,flat,0.29368216879493764,0.39471991248496174,0.3115979187201006
"Meta Platforms, Inc.",2022-09-12,2022-09-16,4,down,flat,0.3181153046620867,0.4091906772152709,0.27269401812264227
"Meta Platforms, Inc.",2022-09-13,2022-09-19,4,down,flat,0.37746226286480716,0.40714595729910213,0.21539177983609065
"Meta Platforms, Inc.",2022-09-14,2022-09-20,4,flat,flat,0.2826988143780326,0.37549518685308153,0.3418059987688859
"Meta Platforms, Inc.",2022-09-15,2022-09-21,4,flat,up,0.249737289070498,0.33597862644273985,0.4142840844867621
"Meta Platforms, Inc.",2022-09-16,2022-09-22,4,flat,up,0.2735465108997424,0.3568541310001395,0.36959935810011807
"Meta Platforms, Inc.",2022-09-19,2022-09-23,4,flat,up,0.22856238993025857,0.3746081793465191,0.39682943072322235
"Meta Platforms, Inc.",2022-09-20,2022-09-26,4,down,up,0.24051902866554498,0.35224419404280627,0.40723677729164875
"Meta Platforms, Inc.",2022-09-21,2022-09-27,4,down,up,0.26836833779042923,0.348223955593983,0.38340770661558776
"Meta Platforms, Inc.",2022-09-22,2022-09-28,4,flat,flat,0.30687993958615584,0.3540057736728978,0.33911428674094635
"Meta Platforms, Inc.",2022-09-23,2022-09-29,4,flat,flat,0.33025843572098085,0.3481134465616495,0.3216281177173696
"Meta Platforms, Inc.",2022-09-26,2022-09-30,4,flat,flat,0.3179314769316929,0.37946885206166214,0.30259967100664487
"Meta Platforms, Inc.",2022-09-27,2022-10-03,4,flat,flat,0.31141972281177016,0.40268769335867066,0.28589258382955907
"Meta Platforms, Inc.",2022-09-28,2022-10-04,4,flat,flat,0.26857933957095675,0.41711295144267346,0.31430770898636984
"Meta Platforms, Inc.",2022-09-29,2022-10-05,4,flat,flat,0.3055328849244559,0.4184690603207314,0.2759980547548126
"Meta Platforms, Inc.",2022-09-30,2022-10-06,4,flat,flat,0.3189876802016764,0.4212183855854978,0.2597939342128258
"Meta Platforms, Inc.",2022-10-03,2022-10-07,4,flat,flat,0.3176450463416815,0.4023653895160262,0.27998956414229226
"Meta Platforms, Inc.",2022-10-04,2022-10-10,4,down,flat,0.31501560350833413,0.39994935503291573,0.2850350414587501
"Meta Platforms, Inc.",2022-10-05,2022-10-11,4,down,flat,0.37753880732757994,0.40439868453229244,0.21806250814012765
"Meta Platforms, Inc.",2022-10-06,2022-10-12,4,down,flat,0.33337322260716296,0.4117066250153055,0.25492015237753146
"Meta Platforms, Inc.",2022-10-07,2022-10-13,4,down,flat,0.35526984156564884,0.3953170737978652,0.24941308463648598
"Meta Platforms, Inc.",2022-10-10,2022-10-14,4,flat,flat,0.337818845830936,0.3664794985950238,0.29570165557404005
"Meta Platforms, Inc.",2022-10-11,2022-10-17,4,flat,flat,0.3523113899060993,0.3566267778884801,0.29106183220542076
"Meta Platforms, Inc.",2022-10-12,2022-10-18,4,up,flat,0.32559962852566743,0.34680543704719125,0.3275949344271414
"Meta Platforms, Inc.",2022-10-13,2022-10-19,4,up,up,0.30593129969418226,0.3470229239038532,0.3470457764019645
"Meta Platforms, Inc.",2022-10-14,2022-10-20,4,flat,up,0.28685953855089696,0.33955875710507694,0.3735817043440261
"Meta Platforms, Inc.",2022-10-17,2022-10-21,4,flat,up,0.29111023229336597,0.3471953797491262,0.3616943879575079
"Meta Platforms, Inc.",2022-10-18,2022-10-24,4,down,flat,0.3300990856042387,0.34930155531388524,0.3205993590818762
"Meta Platforms, Inc.",2022-10-19,2022-10-25,4,flat,down,0.38453764872529406,0.34242759269498796,0.273034758579718
"Meta Platforms, Inc.",2022-10-20,2022-10-26,4,flat,down,0.3812810750690243,0.3407438958105393,0.27797502912043637
"Meta Platforms, Inc.",2022-10-21,2022-10-27,4,down,down,0.4077298022834959,0.3452198323749053,0.24705036534159888
"Meta Platforms, Inc.",2022-10-24,2022-10-28,4,down,flat,0.3152665569443894,0.3667611000107014,0.3179723430449092
"Meta Platforms, Inc.",2022-10-25,2022-10-31,4,down,flat,0.2652438213705503,0.37156453222371716,0.3631916464057324
"Meta Platforms, Inc.",2022-10-26,2022-11-01,4,down,flat,0.3569275221073747,0.38774561313213307,0.25532686476049227
"Meta Platforms, Inc.",2022-10-27,2022-11-02,4,flat,flat,0.33267335193897946,0.5191393793434991,0.14818726871752147
"Meta Platforms, Inc.",2022-10-28,2022-11-03,4,down,up,0.06394052520836493,0.3612019855648398,0.5748574892267952
"Meta Platforms, Inc.",2022-10-31,2022-11-04,4,flat,up,0.08891711580127774,0.3813304757614704,0.5297524084372518
"Meta Platforms, Inc.",2022-11-01,2022-11-07,4,flat,flat,0.10768656362068418,0.494715030315686,0.39759840606362973
"Meta Platforms, Inc.",2022-11-02,2022-11-08,4,flat,flat,0.09959975526412468,0.5528720145367431,0.3475282301991323
"Meta Platforms, Inc.",2022-11-03,2022-11-09,4,up,flat,0.1375208581896581,0.4808229858124551,0.3816561559978868
"Meta Platforms, Inc.",2022-11-04,2022-11-10,4,up,flat,0.12498597991495891,0.48254644804227576,0.3924675720427653
"Meta Platforms, Inc.",2022-11-07,2022-11-11,4,up,flat,0.16853065589285804,0.4987878535117547,0.3326814905953873
"Meta Platforms, Inc.",2022-11-08,2022-11-14,4,up,flat,0.25208007735091614,0.5592512880772044,0.1886686345718795
"Meta Platforms, Inc.",2022-11-09,2022-11-15,4,up,flat,0.19425799967883944,0.6048494619820943,0.2008925383390662
"Meta Platforms, Inc.",2022-11-10,2022-11-16,4,flat,flat,0.23110977571653787,0.5722698073120023,0.19662041697145977
"Meta Platforms, Inc.",2022-11-11,2022-11-17,4,flat,flat,0.3166833992898075,0.5520578472607047,0.1312587534494877
"Meta Platforms, Inc.",2022-11-14,2022-11-18,4,flat,flat,0.3005814428366683,0.5762339664853984,0.1231845906779332
"Meta Platforms, Inc.",2022-11-15,2022-11-21,4,flat,flat,0.2917499940227822,0.5545437306418268,0.1537062753353911
"Meta Platforms, Inc.",2022-11-16,2022-11-22,4,flat,flat,0.3458397807301239,0.5187076287744414,0.1354525904954348
"Meta Platforms, Inc.",2022-11-17,2022-11-23,4,flat,flat,0.30192401681652803,0.5388926702230964,0.15918331296037566
"Meta Platforms, Inc.",2022-11-18,2022-11-25,4,flat,flat,0.2396856874078086,0.5093832607894985,0.25093105180269293
"Meta Platforms, Inc.",2022-11-21,2022-11-28,4,flat,flat,0.2701977300048824,0.48187459272745736,0.24792767726766013
"Meta Platforms, Inc.",2022-11-22,2022-11-29,4,flat,flat,0.2542324771685266,0.45015977494681186,0.2956077478846615
"Meta Platforms, Inc.",2022-11-23,2022-11-30,4,flat,flat,0.23064656342279985,0.39521712570960105,0.3741363108675991
"Meta Platforms, Inc.",2022-11-25,2022-12-01,4,up,flat,0.3058492707702185,0.38390540018546526,0.31024532904431623
"Meta Platforms, Inc.",2022-11-28,2022-12-02,4,up,flat,0.32676542282764354,0.39042770278033306,0.2828068743920234
"Meta Platforms, Inc.",2022-11-29,2022-12-05,4,up,flat,0.3213453308864699,0.37779779511331274,0.3008568740002174
"Meta Platforms, Inc.",2022-11-30,2022-12-06,4,flat,flat,0.2746366545891625,0.3761586244274956,0.34920472098334193
"Meta Platforms, Inc.",2022-12-01,2022-12-07,4,down,flat,0.3106032756968206,0.37673314515673995,0.3126635791464395
"Meta Platforms, Inc.",2022-12-02,2022-12-08,4,down,down,0.39425892722850714,0.3812396483832844,0.22450142438820841
"Meta Platforms, Inc.",2022-12-05,2022-12-09,4,down,flat,0.3708063198298132,0.3781707921927425,0.25102288797744426
"Meta Platforms, Inc.",2022-12-06,2022-12-12,4,flat,down,0.4115445809292429,0.36834931963860973,0.2201060994321474
"Meta Platforms, Inc.",2022-12-07,2022-12-13,4,up,flat,0.3563544057650901,0.3652418797538124,0.2784037144810975
"Meta Platforms, Inc.",2022-12-08,2022-12-14,4,up,flat,0.2769246547230955,0.36461454245418484,0.3584608028227197
"Meta Platforms, Inc.",2022-12-09,2022-12-15,4,flat,flat,0.31858288695521975,0.3651082654989552,0.316308847545825
"Meta Platforms, Inc.",2022-12-12,2022-12-16,4,up,flat,0.3108382103666063,0.3722140606671249,0.3169477289662688
"Meta Platforms, Inc.",2022-12-13,2022-12-19,4,down,up,0.24075352833147723,0.33625245921049357,0.42299401245802926
"Meta Platforms, Inc.",2022-12-14,2022-12-20,4,down,down,0.3410940306309754,0.3408551129017671,0.31805085646725745
"Meta Platforms, Inc.",2022-12-15,2022-12-21,4,flat,down,0.38650698865406447,0.3642024343682574,0.24929057697767815
"Meta Platforms, Inc.",2022-12-16,2022-12-22,4,flat,up,0.27400995494841573,0.3626978197366262,0.3632922253149581
"Meta Platforms, Inc.",2022-12-19,2022-12-23,4,flat,flat,0.3519745334660023,0.37291756248583613,0.27510790404816154
"Meta Platforms, Inc.",2022-12-20,2022-12-27,4,flat,flat,0.2919489540982594,0.3959538786111142,0.3120971672906263
"Meta Platforms, Inc.",2022-12-21,2022-12-28,4,flat,up,0.2452708542038241,0.3771661058301099,0.377563039966066
"Meta Platforms, Inc.",2022-12-22,2022-12-29,4,flat,flat,0.3139304368028248,0.366179700048328,0.31988986314884726
"Meta Platforms, Inc.",2022-12-23,2022-12-30,4,flat,flat,0.27837889030522894,0.383674572916079,0.3379465367786921
"Meta Platforms, Inc.",2022-12-27,2023-01-03,4,up,up,0.2914658256201742,0.34664224739300237,0.3618919269868233
"Meta Platforms, Inc.",2022-12-28,2023-01-04,4,up,up,0.31388556325501565,0.3414094601209646,0.34470497662401967
"Meta Platforms, Inc.",2022-12-29,2023-01-05,4,up,up,0.2763692064022911,0.3583378236719525,0.3652929699257564
"Meta Platforms, Inc.",2022-12-30,2023-01-06,4,up,flat,0.3031565790621586,0.35570511459472487,0.34113830634311665
"Meta Platforms, Inc.",2023-01-03,2023-01-09,4,up,up,0.26966922943304905,0.36448963855969385,0.36584113200725704
"Meta Platforms, Inc.",2023-01-04,2023-01-10,4,flat,flat,0.3130412841854016,0.3709793600980673,0.3159793557165311
"Meta Platforms, Inc.",2023-01-05,2023-01-11,4,up,down,0.37621113067834533,0.37082156575359904,0.25296730356805575
"Meta Platforms, Inc.",2023-01-06,2023-01-12,4,up,flat,0.32618055617581176,0.38025842953457767,0.2935610142896107
"Meta Platforms, Inc.",2023-01-09,2023-01-13,4,up,flat,0.3417674859009418,0.3742127433810863,0.28401977071797196
"Meta Platforms, Inc.",2023-01-10,2023-01-17,4,up,flat,0.3623670115583228,0.3932090254615948,0.2444239629800825
"Meta Platforms, Inc.",2023-01-11,2023-01-18,4,flat,flat,0.315550266091045,0.4088726888592491,0.2755770450497058
"Meta Platforms, Inc.",2023-01-12,2023-01-19,4,flat,flat,0.299787065927283,0.4052419942613287,0.29497093981138833
"Meta Platforms, Inc.",2023-01-13,2023-01-20,4,flat,flat,0.3149025758118227,0.414200798190883,0.27089662599729436
"Meta Platforms, Inc.",2023-01-17,2023-01-23,4,up,flat,0.3357409301624605,0.412071022543367,0.2521880472941725
"Meta Platforms, Inc.",2023-01-18,2023-01-24,4,up,flat,0.32776389611654516,0.40592943591644315,0.2663066679670118
"Meta Platforms, Inc.",2023-01-19,2023-01-25,4,up,flat,0.3144376920070727,0.4041938498367644,0.28136845815616296
"Meta Platforms, Inc.",2023-01-20,2023-01-26,4,up,flat,0.289841146815558,0.40558717940484335,0.3045716737795986
"Meta Platforms, Inc.",2023-01-23,2023-01-27,4,up,flat,0.298420572809527,0.4158381263673318,0.28574130082314114
"Meta Platforms, Inc.",2023-01-24,2023-01-30,4,up,flat,0.3174086508934027,0.4265107507247607,0.2560805983818367
"Meta Platforms, Inc.",2023-01-25,2023-01-31,4,up,flat,0.33798065731263927,0.41759032789891554,0.24442901478844523
"Meta Platforms, Inc.",2023-01-26,2023-02-01,4,up,flat,0.2885891977545214,0.4121052563409807,0.2993055459044979
"Meta Platforms, Inc.",2023-01-27,2023-02-02,4,up,flat,0.3124920631626918,0.4193284042410277,0.2681795325962805
"Meta Platforms, Inc.",2023-01-30,2023-02-03,4,up,flat,0.3723006909312814,0.430329789568348,0.19736951950037068
"Meta Platforms, Inc.",2023-01-31,2023-02-06,4,up,flat,0.33980987299087395,0.4289674884821039,0.2312226385270222
"Meta Platforms, Inc.",2023-02-01,2023-02-07,4,up,flat,0.30330299962807405,0.41870031407401276,0.2779966862979132
"Meta Platforms, Inc.",2023-02-02,2023-02-08,4,flat,flat,0.1623575234926318,0.47281608860105623,0.3648263879063119
"Meta Platforms, Inc.",2023-02-03,2023-02-09,4,flat,flat,0.45367065280279373,0.49695479504921386,0.04937455214799243
"Meta Platforms, Inc.",2023-02-06,2023-02-10,4,down,flat,0.3918882005459323,0.5652778588959696,0.042833940558098
"Meta Platforms, Inc.",2023-02-07,2023-02-13,4,down,flat,0.3057342579108463,0.6146888076978272,0.07957693439132658
"Meta Platforms, Inc.",2023-02-08,2023-02-14,4,flat,flat,0.3687155237753578,0.5570375453624373,0.07424693086220482
"Meta Platforms, Inc.",2023-02-09,2023-02-15,4,flat,flat,0.24916740481011,0.6821295996675993,0.0687029955222907
"Meta Platforms, Inc.",2023-02-10,2023-02-16,4,flat,flat,0.2249700466284975,0.6772555839825263,0.09777436938897612
"Meta Platforms, Inc.",2023-02-13,2023-02-17,4,flat,flat,0.13154204625581917,0.6615218225809935,0.20693613116318746
"Meta Platforms, Inc.",2023-02-14,2023-02-21,4,flat,flat,0.13881298280378943,0.6355554241021912,0.22563159309401926
"Meta Platforms, Inc.",2023-02-15,2023-02-22,4,flat,flat,0.18178134702643875,0.5867715512932579,0.23144710168030355
"Meta Platforms, Inc.",2023-02-16,2023-02-23,4,flat,flat,0.18140648169652304,0.5687962934227676,0.2497972248807094
"Meta Platforms, Inc.",2023-02-17,2023-02-24,4,flat,flat,0.18246250816188372,0.5325222776244841,0.28501521421363213
"Meta Platforms, Inc.",2023-02-21,2023-02-27,4,flat,flat,0.17139568646670514,0.5358411984242605,0.2927631151090344
"Meta Platforms, Inc.",2023-02-22,2023-02-28,4,flat,flat,0.2120289271232986,0.5516510178180011,0.23632005505870038
"Meta Platforms, Inc.",2023-02-23,2023-03-01,4,flat,flat,0.20691682510189965,0.501855633463466,0.29122754143463436
"Meta Platforms, Inc.",2023-02-24,2023-03-02,4,flat,flat,0.22685707768240398,0.47273509699194044,0.30040782532565563
"Meta Platforms, Inc.",2023-02-27,2023-03-03,4,up,flat,0.21323550697871452,0.4531382085348511,0.3336262844864344
"Meta Platforms, Inc.",2023-02-28,2023-03-06,4,up,flat,0.22110747493376162,0.45096551870298757,0.32792700636325084
"Meta Platforms, Inc.",2023-03-01,2023-03-07,4,up,flat,0.25688780876904943,0.44253040974405433,0.3005817814868962
"Meta Platforms, Inc.",2023-03-02,2023-03-08,4,up,flat,0.2769691051462942,0.41672850720624954,0.3063023876474562
"Meta Platforms, Inc.",2023-03-03,2023-03-09,4,flat,flat,0.2639454096451247,0.40634193701141863,0.3297126533434567
"Meta Platforms, Inc.",2023-03-06,2023-03-10,4,down,flat,0.3415589176867513,0.4064944111483001,0.25194667116494857
"Meta Platforms, Inc.",2023-03-07,2023-03-13,4,down,flat,0.3749605078639988,0.4288954891174569,0.19614400301854434
"Meta Platforms, Inc.",2023-03-08,2023-03-14,4,up,flat,0.3844226367819116,0.4089794412162492,0.2065979220018393
"Meta Platforms, Inc.",2023-03-09,2023-03-15,4,up,flat,0.3250768516343197,0.3958083263400905,0.27911482202558974
"Meta Platforms, Inc.",2023-03-10,2023-03-16,4,up,flat,0.33817456713353133,0.3931912001805428,0.2686342326859258
"Meta Platforms, Inc.",2023-03-13,2023-03-17,4,up,flat,0.31457368476785547,0.3934657762528088,0.29196053897933566
"Meta Platforms, Inc.",2023-03-14,2023-03-20,4,up,flat,0.22116244311249056,0.3982124893510058,0.3806250675365036
"Meta Platforms, Inc.",2023-03-15,2023-03-21,4,up,flat,0.29287435914400145,0.4315926649277339,0.27553297592826476
"Meta Platforms, Inc.",2023-03-16,2023-03-22,4,flat,flat,0.310684298272861,0.4660199123682669,0.22329578935887212
"Meta Platforms, Inc.",2023-03-17,2023-03-23,4,flat,flat,0.37532553796434653,0.45297925178402393,0.17169521025162945
"Meta Platforms, Inc.",2023-03-20,2023-03-24,4,up,flat,0.3672260247167814,0.44105260411551833,0.19172137116770038
"Meta Platforms, Inc.",2023-03-21,2023-03-27,4,flat,flat,0.30996989777128564,0.4760520571204644,0.21397804510825
"Meta Platforms, Inc.",2023-03-22,2023-03-28,4,flat,flat,0.3333348460463774,0.4896454734197279,0.17701968053389464
"Meta Platforms, Inc.",2023-03-23,2023-03-29,4,flat,flat,0.28198408372516826,0.5227612856335019,0.19525463064132986
"Meta Platforms, Inc.",2023-03-24,2023-03-30,4,flat,flat,0.26483804237098985,0.5116109047514051,0.22355105287760516
"Meta Platforms, Inc.",2023-03-27,2023-03-31,4,flat,flat,0.2916243233742159,0.4720854687700793,0.23629020785570481
"Meta Platforms, Inc.",2023-03-28,2023-04-03,4,up,flat,0.2983769877175927,0.45341269266093104,0.24821031962147636
"Meta Platforms, Inc.",2023-03-29,2023-04-04,4,up,flat,0.2655571801275561,0.4269736454862139,0.30746917438623006
"Meta Platforms, Inc.",2023-03-30,2023-04-05,4,up,flat,0.28490045880321196,0.4316478620935491,0.28345167910323893
"Meta Platforms, Inc.",2023-03-31,2023-04-06,4,flat,flat,0.2775239653403501,0.44745503778702256,0.2750209968726273
"Meta Platforms, Inc.",2023-04-03,2023-04-10,4,flat,flat,0.2979052490869241,0.43999384062119923,0.2621009102918767
"Meta Platforms, Inc.",2023-04-04,2023-04-11,4,flat,flat,0.29902303852494316,0.43700178974862186,0.26397517172643487
"Meta Platforms, Inc.",2023-04-05,2023-04-12,4,flat,flat,0.34451615993120693,0.4256360757865387,0.22984776428225426
"Meta Platforms, Inc.",2023-04-06,2023-04-13,4,flat,flat,0.33728640815313443,0.42087941515375327,0.24183417669311222
"Meta Platforms, Inc.",2023-04-10,2023-04-14,4,up,flat,0.31304582574594064,0.41710374736098726,0.26985042689307215
"Meta Platforms, Inc.",2023-04-11,2023-04-17,4,flat,flat,0.312373541897219,0.3994996710373268,0.2881267870654543
"Meta Platforms, Inc.",2023-04-12,2023-04-18,4,flat,flat,0.32304583354114347,0.38282764529232494,0.29412652116653154
"Meta Platforms, Inc.",2023-04-13,2023-04-19,4,flat,flat,0.2933512212422699,0.37826339565335376,0.3283853831043763
"Meta Platforms, Inc.",2023-04-14,2023-04-20,4,down,flat,0.3176817897339866,0.37868224410092355,0.30363596616508975
"Meta Platforms, Inc.",2023-04-17,2023-04-21,4,down,flat,0.3453554075665649,0.3762267838209424,0.2784178086124927
"Meta Platforms, Inc.",2023-04-18,2023-04-24,4,down,flat,0.3547146298451968,0.3587629390399763,0.2865224311148269
"Meta Platforms, Inc.",2023-04-19,2023-04-25,4,down,down,0.3703371584466502,0.3412255708673745,0.2884372706859753
"Meta Platforms, Inc.",2023-04-20,2023-04-26,4,flat,down,0.3403447471750944,0.32931444013222033,0.3303408126926852
"Meta Platforms, Inc.",2023-04-21,2023-04-27,4,up,down,0.35478691991549866,0.3107719080119291,0.3344411720725721
"Meta Platforms, Inc.",2023-04-24,2023-04-28,4,up,up,0.3056934292002282,0.30904604918611356,0.38526052161365826
"Meta Platforms, Inc.",2023-04-25,2023-05-01,4,up,up,0.3291614972890326,0.3049756722584221,0.36586283045254525
"Meta Platforms, Inc.",2023-04-26,2023-05-02,4,up,up,0.28768444743220933,0.2910822381746225,0.4212333143931683
"Meta Platforms, Inc.",2023-04-27,2023-05-03,4,flat,up,0.19458806209337456,0.3540213005727391,0.45139063733388635
"Meta Platforms, Inc.",2023-04-28,2023-05-04,4,flat,down,0.4521191044600377,0.4046422891093957,0.14323860643056666
"Meta Platforms, Inc.",2023-05-01,2023-05-05,4,down,flat,0.4075384322026633,0.4718288316831954,0.12063273611414133
"Meta Platforms, Inc.",2023-05-02,2023-05-08,4,down,flat,0.3969503834008007,0.4595280682559617,0.14352154834323763
"Meta Platforms, Inc.",2023-05-03,2023-05-09,4,flat,down,0.4539949608618291,0.41656632264742227,0.12943871649074862
"Meta Platforms, Inc.",2023-05-04,2023-05-10,4,flat,flat,0.36299483050351683,0.4844160237493418,0.15258914574714125
"Meta Platforms, Inc.",2023-05-05,2023-05-11,4,flat,flat,0.33694969656544815,0.46860621733823876,0.19444408609631308
"Meta Platforms, Inc.",2023-05-08,2023-05-12,4,flat,flat,0.24509689508670982,0.4630810612517698,0.29182204366152026
"Meta Platforms, Inc.",2023-05-09,2023-05-15,4,flat,flat,0.22453157469389107,0.43849627411240694,0.336972151193702
"Meta Platforms, Inc.",2023-05-10,2023-05-16,4,flat,flat,0.24603869222793368,0.40365350639989195,0.3503078013721744
"Meta Platforms, Inc.",2023-05-11,2023-05-17,4,flat,flat,0.24056088426214664,0.41816715822797007,0.3412719575098834
"Meta Platforms, Inc.",2023-05-12,2023-05-18,4,up,flat,0.25789974214474376,0.42367806189127744,0.3184221959639788
"Meta Platforms, Inc.",2023-05-15,2023-05-19,4,up,flat,0.2561044826188722,0.4348813720524505,0.30901414532867716
"Meta Platforms, Inc.",2023-05-16,2023-05-22,4,up,flat,0.2943705828068458,0.44127718334333504,0.2643522338498192
"Meta Platforms, Inc.",2023-05-17,2023-05-23,4,up,flat,0.3007243492606382,0.4203281444464278,0.27894750629293397
"Meta Platforms, Inc.",2023-05-18,2023-05-24,4,flat,flat,0.3074423888394061,0.4279112271170617,0.26464638404353225
"Meta Platforms, Inc.",2023-05-19,2023-05-25,4,up,flat,0.31934721905319724,0.4297676426056876,0.25088513834111514
"Meta Platforms, Inc.",2023-05-22,2023-05-26,4,up,flat,0.31806017185939633,0.433706900301666,0.24823292783893766
"Meta Platforms, Inc.",2023-05-23,2023-05-30,4,up,flat,0.34274028367810816,0.3989580948409306,0.25830162148096125
"Meta Platforms, Inc.",2023-05-24,2023-05-31,4,up,flat,0.3503882924024224,0.35995432147150347,0.28965738612607406
"Meta Platforms, Inc.",2023-05-25,2023-06-01,4,up,flat,0.33887012665371374,0.369190012013506,0.29193986133278027
"Meta Platforms, Inc.",2023-05-26,2023-06-02,4,up,flat,0.3546681921531124,0.38975572113223467,0.2555760867146528
"Meta Platforms, Inc.",2023-05-30,2023-06-05,4,up,flat,0.3495700890647511,0.4293930077568649,0.22103690317838398
"Meta Platforms, Inc.",2023-05-31,2023-06-06,4,up,flat,0.39867289950251455,0.42228526466630395,0.17904183583118152
"Meta Platforms, Inc.",2023-06-01,2023-06-07,4,flat,flat,0.3478583521927047,0.44711632813842156,0.20502531966887366
"Meta Platforms, Inc.",2023-06-02,2023-06-08,4,down,flat,0.3857683661047376,0.44787641870665557,0.166355215188607
"Meta Platforms, Inc.",2023-06-05,2023-06-09,4,down,flat,0.41281710847733266,0.44869757986529774,0.1384853116573695
"Meta Platforms, Inc.",2023-06-06,2023-06-12,4,flat,flat,0.3567089334956035,0.47569069151548876,0.16760037498890776
"Meta Platforms, Inc.",2023-06-07,2023-06-13,4,flat,flat,0.3623135060477716,0.4484305797720043,0.18925591418022414
"Meta Platforms, Inc.",2023-06-08,2023-06-14,4,up,flat,0.34171005665497983,0.42406800522165905,0.2342219381233613
"Meta Platforms, Inc.",2023-06-09,2023-06-15,4,up,flat,0.2913628461521141,0.4044839728657091,0.30415318098217686
"Meta Platforms, Inc.",2023-06-12,2023-06-16,4,up,flat,0.27431089871072933,0.39381373179475193,0.3318753694945188
"Meta Platforms, Inc.",2023-06-13,2023-06-20,4,up,flat,0.27732779011416525,0.4206885440270754,0.3019836658587593
"Meta Platforms, Inc.",2023-06-14,2023-06-21,4,up,flat,0.3171183710262111,0.41363042111546144,0.26925120785832746
"Meta Platforms, Inc.",2023-06-15,2023-06-22,4,flat,flat,0.3023882312427747,0.41685575717356504,0.28075601158366026
"Meta Platforms, Inc.",2023-06-16,2023-06-23,4,flat,flat,0.3411207908267168,0.42440161956066025,0.23447758961262286
"Meta Platforms, Inc.",2023-06-20,2023-06-26,4,flat,flat,0.40731231356580244,0.42233710928979046,0.17035057714440713
"Meta Platforms, Inc.",2023-06-21,2023-06-27,4,flat,flat,0.3636986404299732,0.4415393069552542,0.19476205261477275
"Meta Platforms, Inc.",2023-06-22,2023-06-28,4,flat,flat,0.3570655834833242,0.42026687674797913,0.2226675397686968
"Meta Platforms, Inc.",2023-06-23,2023-06-29,4,flat,flat,0.3274984868732743,0.4228699335578515,0.24963157956887413
"Meta Platforms, Inc.",2023-06-26,2023-06-30,4,flat,flat,0.34434974638567306,0.4151310519466641,0.2405192016676628
"Meta Platforms, Inc.",2023-06-27,2023-07-03,4,flat,flat,0.3108045350543103,0.41377063160107774,0.27542483334461193
"Meta Platforms, Inc.",2023-06-28,2023-07-05,4,flat,flat,0.3000793620542386,0.39947192220986083,0.30044871573590054
"Meta Platforms, Inc.",2023-06-29,2023-07-06,4,up,flat,0.3338919643041845,0.37315360624664196,0.29295442944917355
"Meta Platforms, Inc.",2023-06-30,2023-07-07,4,flat,flat,0.30485117744146734,0.37380631319923957,0.32134250935929304
"Meta Platforms, Inc.",2023-07-03,2023-07-10,4,flat,flat,0.30967963136115484,0.3797918833220145,0.3105284853168305
"Meta Platforms, Inc.",2023-07-05,2023-07-11,4,flat,flat,0.2874037626657082,0.4056521905026625,0.30694404683162924
"Meta Platforms, Inc.",2023-07-06,2023-07-12,4,up,flat,0.30606851746815283,0.4227702021401043,0.2711612803917428
"Meta Platforms, Inc.",2023-07-07,2023-07-13,4,up,flat,0.34983911822216435,0.40420409649153527,0.24595678528630036
"Meta Platforms, Inc.",2023-07-10,2023-07-14,4,up,flat,0.3165019115704682,0.4034776986636538,0.280020389765878
"Meta Platforms, Inc.",2023-07-11,2023-07-17,4,up,flat,0.33374550553424465,0.38645883075002246,0.2797956637157329
"Meta Platforms, Inc.",2023-07-12,2023-07-18,4,flat,flat,0.3141780685075168,0.42312561267885734,0.2626963188136259
"Meta Platforms, Inc.",2023-07-13,2023-07-19,4,flat,flat,0.3375030154237857,0.46565765291049993,0.19683933166571438
"Meta Platforms, Inc.",2023-07-14,2023-07-20,4,flat,flat,0.39479541742382807,0.4507517557075521,0.15445282686861983
"Meta Platforms, Inc.",2023-07-17,2023-07-21,4,down,flat,0.39155476019399654,0.42887499759739406,0.17957024220860934
"Meta Platforms, Inc.",2023-07-18,2023-07-24,4,down,flat,0.39237781961126306,0.39962580919931745,0.20799637118941952
"Meta Platforms, Inc.",2023-07-19,2023-07-25,4,down,flat,0.3830032172089796,0.41664397266913844,0.20035281012188202
"Meta Platforms, Inc.",2023-07-20,2023-07-26,4,down,flat,0.38775360231960226,0.4269140913745288,0.18533230630586892
"Meta Platforms, Inc.",2023-07-21,2023-07-27,4,up,flat,0.34340720769536087,0.4006726158427386,0.25592017646190063
"Meta Platforms, Inc.",2023-07-24,2023-07-28,4,up,up,0.2700377241869011,0.34303893799788304,0.38692333781521576
"Meta Platforms, Inc.",2023-07-25,2023-07-31,4,up,up,0.23923175711853686,0.29907284454024663,0.4616953983412165
"Meta Platforms, Inc.",2023-07-26,2023-08-01,4,up,up,0.2468794934328189,0.3207885448928998,0.4323319616742813
"Meta Platforms, Inc.",2023-07-27,2023-08-02,4,flat,flat,0.2087261635814739,0.41397788100596394,0.37729595541256217
"Meta Platforms, Inc.",2023-07-28,2023-08-03,4,flat,flat,0.31408933413908163,0.4722237906949817,0.21368687516593676
"Meta Platforms, Inc.",2023-07-31,2023-08-04,4,flat,flat,0.3415958674506326,0.4886750892096906,0.16972904333967687
"Meta Platforms, Inc.",2023-08-01,2023-08-07,4,flat,flat,0.40467115335670195,0.43883471181600325,0.1564941348272948
"Meta Platforms, Inc.",2023-08-02,2023-08-08,4,flat,down,0.436381667803682,0.41450663376665553,0.14911169842966263
"Meta Platforms, Inc.",2023-08-03,2023-08-09,4,flat,flat,0.36981778722011976,0.44217746902381894,0.18800474375606122
"Meta Platforms, Inc.",2023-08-04,2023-08-10,4,flat,flat,0.3104846681537752,0.44300024460102966,0.24651508724519508
"Meta Platforms, Inc.",2023-08-07,2023-08-11,4,down,flat,0.26823827036674075,0.4266431019877899,0.30511862764546943
"Meta Platforms, Inc.",2023-08-08,2023-08-14,4,flat,flat,0.2566177178726954,0.40520679000858323,0.33817549211872133
"Meta Platforms, Inc.",2023-08-09,2023-08-15,4,flat,flat,0.29691181167445496,0.3544614461523248,0.34862674217322026
"Meta Platforms, Inc.",2023-08-10,2023-08-16,4,flat,up,0.2852445198043722,0.32727783022438817,0.3874776499712396
"Meta Platforms, Inc.",2023-08-11,2023-08-17,4,down,up,0.3180061331713614,0.31104160709827666,0.37095225973036183
"Meta Platforms, Inc.",2023-08-14,2023-08-18,4,down,up,0.28375875017269464,0.3220794568392546,0.3941617929880508
"Meta Platforms, Inc.",2023-08-15,2023-08-21,4,down,up,0.2673567432105601,0.3365673788615341,0.39607587792790583
"Meta Platforms, Inc.",2023-08-16,2023-08-22,4,flat,up,0.30708764702399743,0.3197505779058404,0.3731617750701621
"Meta Platforms, Inc.",2023-08-17,2023-08-23,4,flat,up,0.2839120281167847,0.3071889477852616,0.4088990240979538
"Meta Platforms, Inc.",2023-08-18,2023-08-24,4,up,up,0.26970612632648033,0.2924412578354513,0.43785261583806834
"Meta Platforms, Inc.",2023-08-21,2023-08-25,4,flat,up,0.20637408117803185,0.28891867345601085,0.5047072453659573
"Meta Platforms, Inc.",2023-08-22,2023-08-28,4,flat,up,0.2517403371281108,0.3370762993923003,0.4111833634795889
"Meta Platforms, Inc.",2023-08-23,2023-08-29,4,flat,flat,0.2708637221626407,0.3981585433321181,0.33097773450524126
"Meta Platforms, Inc.",2023-08-24,2023-08-30,4,flat,flat,0.2793223189281553,0.4198337283167738,0.30084395275507086
"Meta Platforms, Inc.",2023-08-25,2023-08-31,4,up,flat,0.3451452373207553,0.394541129239929,0.26031363343931563
"Meta Platforms, Inc.",2023-08-28,2023-09-01,4,up,flat,0.29675309266048605,0.39001781585482836,0.31322909148468564
"Meta Platforms, Inc.",2023-08-29,2023-09-05,4,flat,flat,0.3347893636677969,0.4005135963553098,0.2646970399768934
"Meta Platforms, Inc.",2023-08-30,2023-09-06,4,flat,flat,0.34127864619148046,0.43132762896277177,0.2273937248457478
"Meta Platforms, Inc.",2023-08-31,2023-09-07,4,flat,flat,0.3186150882893113,0.4477920399680133,0.2335928717426753
"Meta Platforms, Inc.",2023-09-01,2023-09-08,4,flat,flat,0.3426922811284468,0.40446840854373667,0.2528393103278165
"Meta Platforms, Inc.",2023-09-05,2023-09-11,4,flat,flat,0.35487256587059485,0.38126958623799007,0.26385784789141503
"Meta Platforms, Inc.",2023-09-06,2023-09-12,4,flat,down,0.3699461550077898,0.3693207125462241,0.2607331324459861
"Meta Platforms, Inc.",2023-09-07,2023-09-13,4,flat,down,0.38181408441776654,0.36004628394026733,0.258139631641966
"Meta Platforms, Inc.",2023-09-08,2023-09-14,4,up,flat,0.3409884554595417,0.3592683150228392,0.29974322951761906
"Meta Platforms, Inc.",2023-09-11,2023-09-15,4,flat,flat,0.3242008027818767,0.3555863156061912,0.32021288161193223
"Meta Platforms, Inc.",2023-09-12,2023-09-18,4,flat,down,0.3743567514620201,0.34774713091017084,0.27789611762780897
"Meta Platforms, Inc.",2023-09-13,2023-09-19,4,flat,down,0.37975928615039256,0.3374378750417391,0.2828028388078684
"Meta Platforms, Inc.",2023-09-14,2023-09-20,4,flat,down,0.3547670882302667,0.34008323412613173,0.3051496776436015
"Meta Platforms, Inc.",2023-09-15,2023-09-21,4,down,down,0.4215370267546997,0.32650948077653114,0.25195349246876914
"Meta Platforms, Inc.",2023-09-18,2023-09-22,4,flat,down,0.41787050598771075,0.31186929461498997,0.2702601993972993
"Meta Platforms, Inc.",2023-09-19,2023-09-25,4,flat,down,0.3563433933262532,0.2960556178584038,0.34760098881534296
"Meta Platforms, Inc.",2023-09-20,2023-09-26,4,flat,down,0.3667693566307996,0.2945673388735302,0.3386633044956702
"Meta Platforms, Inc.",2023-09-21,2023-09-27,4,flat,down,0.37929294853281637,0.29326419236766593,0.32744285909951765
"Meta Platforms, Inc.",2023-09-22,2023-09-28,4,flat,up,0.3006046329593571,0.2863919675950615,0.4130033994455813
"Meta Platforms, Inc.",2023-09-25,2023-09-29,4,flat,up,0.3475159662443411,0.26696367977407137,0.3855203539815875
"Meta Platforms, Inc.",2023-09-26,2023-10-02,4,flat,up,0.33143160158380436,0.27261286897939874,0.3959555294367969
"Meta Platforms, Inc.",2023-09-27,2023-10-03,4,flat,up,0.35882153950270707,0.2656262298877056,0.37555223060958737
"Meta Platforms, Inc.",2023-09-28,2023-10-04,4,flat,up,0.32679322224409013,0.27689274915942136,0.39631402859648845
"Meta Platforms, Inc.",2023-09-29,2023-10-05,4,flat,up,0.34507686404373045,0.3021686886526346,0.352754447303635
"Meta Platforms, Inc.",2023-10-02,2023-10-06,4,flat,down,0.3827816956058674,0.31252996922689774,0.3046883351672349
"Meta Platforms, Inc.",2023-10-03,2023-10-09,4,up,down,0.39504755012190224,0.30684708171689534,0.29810536816120237
"Meta Platforms, Inc.",2023-10-04,2023-10-10,4,up,down,0.3835328226546508,0.3013418019003868,0.3151253754449624
"Meta Platforms, Inc.",2023-10-05,2023-10-11,4,up,down,0.38129522907283836,0.2900293206632048,0.3286754502639567
"Meta Platforms, Inc.",2023-10-06,2023-10-12,4,up,down,0.3559763255410342,0.32198356099798775,0.32204011346097805
"Meta Platforms, Inc.",2023-10-09,2023-10-13,4,flat,flat,0.353176201304582,0.3549161166992943,0.2919076819961237
"Meta Platforms, Inc.",2023-10-10,2023-10-16,4,flat,flat,0.36771149085715327,0.3887051804423334,0.24358332870051333
"Meta Platforms, Inc.",2023-10-11,2023-10-17,4,flat,flat,0.38260816287138744,0.41096784868854114,0.2064239884400713
"Meta Platforms, Inc.",2023-10-12,2023-10-18,4,flat,down,0.4179590339492983,0.40638792907949867,0.17565303697120307
"Meta Platforms, Inc.",2023-10-13,2023-10-19,4,flat,down,0.45292935796243255,0.38238729725783893,0.16468334477972849
"Meta Platforms, Inc.",2023-10-16,2023-10-20,4,flat,flat,0.37697373932521566,0.3931779095856254,0.22984835108915902
"Meta Platforms, Inc.",2023-10-17,2023-10-23,4,down,flat,0.35483953985814226,0.37852986560980423,0.26663059453205346
"Meta Platforms, Inc.",2023-10-18,2023-10-24,4,flat,flat,0.3416214424963374,0.38311419566760474,0.27526436183605774
"Meta Platforms, Inc.",2023-10-19,2023-10-25,4,down,flat,0.33454718761985447,0.35900005916325406,0.30645275321689147
"Meta Platforms, Inc.",2023-10-20,2023-10-26,4,down,up,0.33153022601220494,0.315063722350637,0.35340605163715805
"Meta Platforms, Inc.",2023-10-23,2023-10-27,4,down,up,0.29248157780228484,0.2937333987425297,0.4137850234551856
"Meta Platforms, Inc.",2023-10-24,2023-10-30,4,down,up,0.3134513408446785,0.29733936800711125,0.3892092911482102
"Meta Platforms, Inc.",2023-10-25,2023-10-31,4,flat,down,0.3576083727846245,0.3073316730235693,0.3350599541918062
"Meta Platforms, Inc.",2023-10-26,2023-11-01,4,up,up,0.29073984936190983,0.30600306959795404,0.40325708104013624
"Meta Platforms, Inc.",2023-10-27,2023-11-02,4,up,up,0.17502607150467583,0.2600946591668982,0.5648792693284258
"Meta Platforms, Inc.",2023-10-30,2023-11-03,4,up,up,0.21777956852738653,0.303855565874377,0.47836486559823654
"Meta Platforms, Inc.",2023-10-31,2023-11-06,4,up,flat,0.28317823314993923,0.38162488007515,0.3351968867749108
"Meta Platforms, Inc.",2023-11-01,2023-11-07,4,up,flat,0.2515533992298715,0.4154613298873537,0.33298527088277474
"Meta Platforms, Inc.",2023-11-02,2023-11-08,4,flat,flat,0.3011104117271756,0.40845770151907645,0.29043188675374787
"Meta Platforms, Inc.",2023-11-03,2023-11-09,4,flat,flat,0.39004585236580747,0.4122742909392345,0.19767985669495794
"Meta Platforms, Inc.",2023-11-06,2023-11-10,4,flat,flat,0.4109189240602514,0.42035729236977687,0.1687237835699716
"Meta Platforms, Inc.",2023-11-07,2023-11-13,4,up,flat,0.40349039713615475,0.42544520571888844,0.17106439714495694
"Meta Platforms, Inc.",2023-11-08,2023-11-14,4,up,flat,0.3675397862636672,0.4421511411104628,0.19030907262587018
"Meta Platforms, Inc.",2023-11-09,2023-11-15,4,up,flat,0.36040361449123404,0.42383555739883133,0.2157608281099346
"Meta Platforms, Inc.",2023-11-10,2023-11-16,4,flat,flat,0.3514552684971405,0.4176180357013736,0.23092669580148595
"Meta Platforms, Inc.",2023-11-13,2023-11-17,4,flat,flat,0.338143875905772,0.429276849139042,0.23257927495518596
"Meta Platforms, Inc.",2023-11-14,2023-11-20,4,flat,flat,0.350251516242726,0.434871127625625,0.214877356131649
"Meta Platforms, Inc.",2023-11-15,2023-11-21,4,flat,down,0.4225905552015454,0.4010785077286304,0.17633093706982428
"Meta Platforms, Inc.",2023-11-16,2023-11-22,4,up,down,0.429764089432376,0.3870655191981583,0.18317039136946578
"Meta Platforms, Inc.",2023-11-17,2023-11-24,4,flat,down,0.40473745562957675,0.3703454695056291,0.22491707486479418
"Meta Platforms, Inc.",2023-11-20,2023-11-27,4,flat,down,0.39056822482768905,0.3797488215139264,0.22968295365838454
"Meta Platforms, Inc.",2023-11-21,2023-11-28,4,flat,flat,0.3933883172817984,0.3949906885477825,0.21162099417041907
"Meta Platforms, Inc.",2023-11-22,2023-11-29,4,flat,flat,0.35912369064845284,0.40949746929305786,0.23137884005848927
"Meta Platforms, Inc.",2023-11-24,2023-11-30,4,down,down,0.38712897023373705,0.37176673023853524,0.24110429952772772
"Meta Platforms, Inc.",2023-11-27,2023-12-01,4,down,down,0.4077971642538018,0.3378653911076076,0.25433744463859065
"Meta Platforms, Inc.",2023-11-28,2023-12-04,4,down,down,0.39482361572738583,0.32024204397756595,0.28493434029504827
"Meta Platforms, Inc.",2023-11-29,2023-12-05,4,down,down,0.4033940897137932,0.3035819031450621,0.2930240071411447
"Meta Platforms, Inc.",2023-11-30,2023-12-06,4,down,down,0.39924096712729473,0.2911011525810947,0.30965788029161045
"Meta Platforms, Inc.",2023-12-01,2023-12-07,4,flat,up,0.3524217793002296,0.26312519102405624,0.3844530296757142
"Meta Platforms, Inc.",2023-12-04,2023-12-08,4,up,up,0.33380081456899885,0.2337584699443143,0.4324407154866869
"Meta Platforms, Inc.",2023-12-05,2023-12-11,4,up,up,0.2851410575086926,0.22625899450898088,0.48859994798232637
"Meta Platforms, Inc.",2023-12-06,2023-12-12,4,up,up,0.2900274045805685,0.23714591414696212,0.47282668127246946
"Meta Platforms, Inc.",2023-12-07,2023-12-13,4,up,up,0.29228745420042107,0.2661479646958885,0.44156458110369057
"Meta Platforms, Inc.",2023-12-08,2023-12-14,4,flat,up,0.2953920599201881,0.300256490302509,0.4043514497773029
"Meta Platforms, Inc.",2023-12-11,2023-12-15,4,up,down,0.37778002126358423,0.31315689114540535,0.30906308759101053
"Meta Platforms, Inc.",2023-12-12,2023-12-18,4,up,down,0.3725050723853209,0.33442475826234613,0.29307016935233293
"Meta Platforms, Inc.",2023-12-13,2023-12-19,4,up,down,0.39679714270379485,0.34710340657891503,0.25609945071729023
"Meta Platforms, Inc.",2023-12-14,2023-12-20,4,up,down,0.4492684576860873,0.3462816573037859,0.20444988501012676
"Meta Platforms, Inc.",2023-12-15,2023-12-21,4,up,down,0.3951187263766872,0.37205790671895284,0.23282336690435992
"Meta Platforms, Inc.",2023-12-18,2023-12-22,4,up,flat,0.36634625911422913,0.38287908005465815,0.2507746608311127
"Meta Platforms, Inc.",2023-12-19,2023-12-26,4,flat,flat,0.38531534743244666,0.4019702657885844,0.21271438677896895
"Meta Platforms, Inc.",2023-12-20,2023-12-27,4,flat,flat,0.41185698728026665,0.4133032259470747,0.17483978677265863
"Meta Platforms, Inc.",2023-12-21,2023-12-28,4,flat,flat,0.4022100857831381,0.41782851722269915,0.17996139699416278
"Meta Platforms, Inc.",2023-12-22,2023-12-29,4,flat,down,0.4092313538268177,0.4060180185123485,0.1847506276608339
"Meta Platforms, Inc.",2023-12-26,2024-01-02,4,flat,down,0.4083428257920468,0.405369496355693,0.1862876778522601
"Meta Platforms, Inc.",2023-12-27,2024-01-03,4,down,flat,0.39109522015474785,0.41278286146796717,0.19612191837728501
"Meta Platforms, Inc.",2023-12-28,2024-01-04,4,down,flat,0.370138042807792,0.41951824957419476,0.21034370761801316
"Meta Platforms, Inc.",2023-12-29,2024-01-05,4,flat,flat,0.3828877796076291,0.40052847122487073,0.21658374916750012
"Meta Platforms, Inc.",2024-01-02,2024-01-08,4,up,down,0.39979298029626154,0.35193186450364855,0.24827515520009
"Meta Platforms, Inc.",2024-01-03,2024-01-09,4,up,down,0.3668547559645746,0.2988045896614509,0.3343406543739745
"Meta Platforms, Inc.",2024-01-04,2024-01-10,4,up,up,0.33768899719859347,0.27819731384024676,0.3841136889611598
"Meta Platforms, Inc.",2024-01-05,2024-01-11,4,up,up,0.32180734866035066,0.2901124538290471,0.3880801975106023
"Meta Platforms, Inc.",2024-01-08,2024-01-12,4,up,up,0.3176675915855336,0.3164314292298536,0.36590097918461273
"Meta Platforms, Inc.",2024-01-09,2024-01-16,4,up,down,0.3648922042835168,0.3203619118842224,0.3147458838322609
"Meta Platforms, Inc.",2024-01-10,2024-01-17,4,flat,down,0.36570430689488914,0.34539139058031115,0.2889043025247997
"Meta Platforms, Inc.",2024-01-11,2024-01-18,4,flat,down,0.44861985772027546,0.34549153184930387,0.2058886104304208
"Meta Platforms, Inc.",2024-01-12,2024-01-19,4,up,down,0.46512373284663705,0.3685748506803899,0.16630141647297317
"Meta Platforms, Inc.",2024-01-16,2024-01-22,4,up,down,0.4743869544960641,0.36822458703355043,0.15738845847038554
"Meta Platforms, Inc.",2024-01-17,2024-01-23,4,up,down,0.476856160893833,0.3396221190921465,0.18352172001402045
"Meta Platforms, Inc.",2024-01-18,2024-01-24,4,up,down,0.3872122860499707,0.3568125697592159,0.2559751441908135
"Meta Platforms, Inc.",2024-01-19,2024-01-25,4,up,down,0.4093790956922351,0.37318670770950885,0.2174341965982561
"Meta Platforms, Inc.",2024-01-22,2024-01-26,4,up,down,0.409170646969739,0.4088264078365129,0.18200294519374807
"Meta Platforms, Inc.",2024-01-23,2024-01-29,4,up,down,0.417438054282225,0.4034663366196863,0.17909560909808875
"Meta Platforms, Inc.",2024-01-24,2024-01-30,4,up,down,0.40908714882086294,0.40377762551632373,0.18713522566281346
"Meta Platforms, Inc.",2024-01-25,2024-01-31,4,flat,down,0.4476022962602474,0.39677838365556284,0.15561932008418966
"Meta Platforms, Inc.",2024-01-26,2024-02-01,4,flat,down,0.4340350598786676,0.41762311160823495,0.14834182851309755
"Meta Platforms, Inc.",2024-01-29,2024-02-02,4,up,flat,0.4026484493767098,0.44576651038202053,0.15158504024126976
"Meta Platforms, Inc.",2024-01-30,2024-02-05,4,up,flat,0.3646775729070339,0.48090449596244184,0.1544179311305243
"Meta Platforms, Inc.",2024-01-31,2024-02-06,4,up,down,0.4287722806154626,0.41603873090791915,0.15518898847661833
"Meta Platforms, Inc.",2024-02-01,2024-02-07,4,up,flat,0.3544346354877665,0.407855188344767,0.23771017616746654
"Meta Platforms, Inc.",2024-02-02,2024-02-08,4,flat,flat,0.19191702768901234,0.703827922474076,0.10425504983691161
"Meta Platforms, Inc.",2024-02-05,2024-02-09,4,flat,flat,0.373030788834134,0.6189119130124103,0.008057298153455583
"Meta Platforms, Inc.",2024-02-06,2024-02-12,4,flat,flat,0.2683121982896337,0.725686865612475,0.006000936097891223
"Meta Platforms, Inc.",2024-02-07,2024-02-13,4,flat,flat,0.32481153317637673,0.6638291727448548,0.01135929407876848
"Meta Platforms, Inc.",2024-02-08,2024-02-14,4,flat,flat,0.4095613935001201,0.5788603700205747,0.01157823647930528
"Meta Platforms, Inc.",2024-02-09,2024-02-15,4,flat,flat,0.2787460958686198,0.7092973833907648,0.011956520740615414
"Meta Platforms, Inc.",2024-02-12,2024-02-16,4,flat,flat,0.2234086167209448,0.761355115365915,0.01523626791314017
"Meta Platforms, Inc.",2024-02-13,2024-02-20,4,flat,flat,0.15356255122194423,0.8038533875654744,0.042584061212581195
"Meta Platforms, Inc.",2024-02-14,2024-02-21,4,flat,flat,0.1235982700410871,0.7882608008173402,0.08814092914157269
"Meta Platforms, Inc.",2024-02-15,2024-02-22,4,flat,flat,0.21596002071394,0.7075757112146434,0.0764642680714167
"Meta Platforms, Inc.",2024-02-16,2024-02-23,4,flat,flat,0.20924421444266475,0.7361072180429671,0.05464856751436819
"Meta Platforms, Inc.",2024-02-20,2024-02-26,4,flat,flat,0.18231715620933336,0.7474652803600536,0.07021756343061313
"Meta Platforms, Inc.",2024-02-21,2024-02-27,4,flat,flat,0.2169236904761196,0.681872991106423,0.10120331841745744
"Meta Platforms, Inc.",2024-02-22,2024-02-28,4,flat,flat,0.18234174683231366,0.7131760414627081,0.10448221170497828
"Meta Platforms, Inc.",2024-02-23,2024-02-29,4,flat,flat,0.3027184595100435,0.6171476172166656,0.08013392327329098
"Meta Platforms, Inc.",2024-02-26,2024-03-01,4,up,flat,0.30464422058977547,0.6156603125167847,0.07969546689343983
"Meta Platforms, Inc.",2024-02-27,2024-03-04,4,up,flat,0.27761658950712537,0.5972772796370192,0.12510613085585545
"Meta Platforms, Inc.",2024-02-28,2024-03-05,4,flat,flat,0.3445617597326703,0.5048206821321969,0.15061755813513278
"Meta Platforms, Inc.",2024-02-29,2024-03-06,4,flat,flat,0.37233853499737457,0.4554978586900368,0.17216360631258865
"Meta Platforms, Inc.",2024-03-01,2024-03-07,4,flat,flat,0.38009104035887603,0.41245849761530873,0.2074504620258152
"Meta Platforms, Inc.",2024-03-04,2024-03-08,4,flat,flat,0.399787387881689,0.43043163429648,0.16978097782183096
"Meta Platforms, Inc.",2024-03-05,2024-03-11,4,flat,down,0.41004361870281136,0.40467820791411063,0.18527817338307795
"Meta Platforms, Inc.",2024-03-06,2024-03-12,4,flat,down,0.4032301007684548,0.36377462741226124,0.23299527181928403
"Meta Platforms, Inc.",2024-03-07,2024-03-13,4,down,down,0.429261665713174,0.3766678899315457,0.19407044435528037
"Meta Platforms, Inc.",2024-03-08,2024-03-14,4,down,flat,0.4170755009158293,0.4382182473895271,0.1447062516946437
"Meta Platforms, Inc.",2024-03-11,2024-03-15,4,flat,flat,0.41001496491626654,0.4208041929560694,0.16918084212766404
"Meta Platforms, Inc.",2024-03-12,2024-03-18,4,flat,flat,0.28175223029804075,0.3904736619721538,0.3277741077298055
"Meta Platforms, Inc.",2024-03-13,2024-03-19,4,flat,up,0.32595181079061797,0.31955028781783273,0.35449790139154924
"Meta Platforms, Inc.",2024-03-14,2024-03-20,4,flat,flat,0.32733640163562855,0.34654064083312286,0.32612295753124865
"Meta Platforms, Inc.",2024-03-15,2024-03-21,4,up,up,0.30526567400389665,0.3376152876019074,0.35711903839419595
"Meta Platforms, Inc.",2024-03-18,2024-03-22,4,flat,up,0.2376305263745694,0.3225548276630235,0.4398146459624071
"Meta Platforms, Inc.",2024-03-19,2024-03-25,4,flat,up,0.28064471188241963,0.306922653134515,0.41243263498306537
"Meta Platforms, Inc.",2024-03-20,2024-03-26,4,flat,up,0.3195221618189023,0.3356143878946794,0.34486345028641824
"Meta Platforms, Inc.",2024-03-21,2024-03-27,4,down,flat,0.37439024812480765,0.37981022974902096,0.24579952212617134
"Meta Platforms, Inc.",2024-03-22,2024-03-28,4,down,flat,0.3941409497827731,0.4164756870532608,0.1893833631639662
"Meta Platforms, Inc.",2024-03-25,2024-04-01,4,flat,down,0.4102956773225647,0.3789291221815045,0.21077520049593065
"Meta Platforms, Inc.",2024-03-26,2024-04-02,4,flat,down,0.4405682224432085,0.3298453786632772,0.2295863988935144
"Meta Platforms, Inc.",2024-03-27,2024-04-03,4,flat,down,0.4329968425085074,0.2911615765263659,0.27584158096512673
"Meta Platforms, Inc.",2024-03-28,2024-04-04,4,up,down,0.3777069114061758,0.26670684668227673,0.3555862419115474
"Meta Platforms, Inc.",2024-04-01,2024-04-05,4,up,up,0.3056601979673209,0.2309079631470871,0.4634318388855919
"Meta Platforms, Inc.",2024-04-02,2024-04-08,4,up,up,0.2623687037856055,0.2241340015533043,0.5134972946610902
"Meta Platforms, Inc.",2024-04-03,2024-04-09,4,up,up,0.2734766279160719,0.2513941245030599,0.4751292475808682
"Meta Platforms, Inc.",2024-04-04,2024-04-10,4,flat,down,0.3557797496096414,0.3278244697151844,0.31639578067517415
"Meta Platforms, Inc.",2024-04-05,2024-04-11,4,flat,down,0.4227086420937087,0.39208916612899075,0.18520219177730066
"Meta Platforms, Inc.",2024-04-08,2024-04-12,4,flat,down,0.4625492976195517,0.4019344798876053,0.135516222492843
"Meta Platforms, Inc.",2024-04-09,2024-04-15,4,flat,down,0.5372501545561145,0.3474940953148772,0.11525575012900843
"Meta Platforms, Inc.",2024-04-10,2024-04-16,4,down,down,0.5088012952812004,0.34258511551085225,0.1486135892079472
"Meta Platforms, Inc.",2024-04-11,2024-04-17,4,down,down,0.44436438842214065,0.36291158067654555,0.19272403090131385
"Meta Platforms, Inc.",2024-04-12,2024-04-18,4,flat,down,0.4330570332372466,0.3587440383931373,0.20819892836961623
"Meta Platforms, Inc.",2024-04-15,2024-04-19,4,down,flat,0.33943449095764083,0.35049174103916564,0.31007376800319353
"Meta Platforms, Inc.",2024-04-16,2024-04-22,4,down,up,0.31113947375286666,0.26166497691670587,0.4271955493304274
"Meta Platforms, Inc.",2024-04-17,2024-04-23,4,flat,up,0.27622049582391706,0.21758358674613693,0.5061959174299461
"Meta Platforms, Inc.",2024-04-18,2024-04-24,4,flat,up,0.2571327574318506,0.23940994031127882,0.5034573022568706
"Meta Platforms, Inc.",2024-04-19,2024-04-25,4,down,up,0.303611453478717,0.2672876659965324,0.4291008805247507
"Meta Platforms, Inc.",2024-04-22,2024-04-26,4,down,up,0.22027806046025,0.2714026441747759,0.5083192953649741
"Meta Platforms, Inc.",2024-04-23,2024-04-29,4,down,up,0.19822259886948387,0.2747522789927664,0.5270251221377498
"Meta Platforms, Inc.",2024-04-24,2024-04-30,4,down,up,0.2748208624977676,0.3365561379672534,0.388622999534979
"Meta Platforms, Inc.",2024-04-25,2024-05-01,4,flat,flat,0.22865970294306212,0.4399222774117071,0.3314180196452308
"Meta Platforms, Inc.",2024-04-26,2024-05-02,4,flat,up,0.04784369876277497,0.26567271594546404,0.686483585291761
"Meta Platforms, Inc.",2024-04-29,2024-05-03,4,flat,up,0.07258732198868022,0.2605506711500681,0.6668620068612516
"Meta Platforms, Inc.",2024-04-30,2024-05-06,4,up,up,0.06652915296081557,0.43060112508689724,0.5028697219522873
"Meta Platforms, Inc.",2024-05-01,2024-05-07,4,up,flat,0.05257637828822114,0.554839293766161,0.3925843279456178
"Meta Platforms, Inc.",2024-05-02,2024-05-08,4,up,flat,0.07998081629729492,0.6303217395026675,0.28969744420003773
"Meta Platforms, Inc.",2024-05-03,2024-05-09,4,up,flat,0.08607363392880489,0.6949094972794786,0.21901686879171645
"Meta Platforms, Inc.",2024-05-06,2024-05-10,4,flat,flat,0.1670585846321148,0.7466351162613175,0.08630629910656769
"Meta Platforms, Inc.",2024-05-07,2024-05-13,4,flat,flat,0.21033393674146203,0.7452034214539586,0.0444626418045794
"Meta Platforms, Inc.",2024-05-08,2024-05-14,4,flat,flat,0.1591334078168374,0.8079595612571827,0.03290703092598009
"Meta Platforms, Inc.",2024-05-09,2024-05-15,4,flat,flat,0.2263336708669548,0.7326408216824425,0.041025507450602766
"Meta Platforms, Inc.",2024-05-10,2024-05-16,4,flat,flat,0.25572049820641235,0.6944527230668001,0.04982677872678759
"Meta Platforms, Inc.",2024-05-13,2024-05-17,4,flat,flat,0.28049300872141003,0.6547837450629043,0.06472324621568569
"Meta Platforms, Inc.",2024-05-14,2024-05-20,4,flat,flat,0.2822176486759353,0.6067140610587581,0.1110682902653065
"Meta Platforms, Inc.",2024-05-15,2024-05-21,4,flat,flat,0.3293009239136166,0.4887191742703081,0.1819799018160752
"Meta Platforms, Inc.",2024-05-16,2024-05-22,4,flat,flat,0.39305198012390113,0.424936555180935,0.182011464695164
"Meta Platforms, Inc.",2024-05-17,2024-05-23,4,flat,down,0.39605080585527186,0.38589850114500646,0.21805069299972177
"Meta Platforms, Inc.",2024-05-20,2024-05-24,4,flat,down,0.39743992511558307,0.3327033905383052,0.2698566843461119
"Meta Platforms, Inc.",2024-05-21,2024-05-28,4,up,down,0.4136512536105631,0.27446013987770684,0.31188860651172995
"Meta Platforms, Inc.",2024-05-22,2024-05-29,4,flat,down,0.3798737206155142,0.25740043949941904,0.36272583988506674
"Meta Platforms, Inc.",2024-05-23,2024-05-30,4,flat,down,0.4407093222061266,0.2511237362294659,0.3081669415644076
"Meta Platforms, Inc.",2024-05-24,2024-05-31,4,flat,down,0.3938840882590129,0.2793069417203595,0.32680897002062764
"Meta Platforms, Inc.",2024-05-28,2024-06-03,4,flat,down,0.41148542806654587,0.28607303277317797,0.30244153916027616
"Meta Platforms, Inc.",2024-05-29,2024-06-04,4,flat,down,0.49841628749695654,0.24902123999052986,0.2525624725125135
"Meta Platforms, Inc.",2024-05-30,2024-06-05,4,up,down,0.5078727293726916,0.22279194654680823,0.2693353240805002
"Meta Platforms, Inc.",2024-05-31,2024-06-06,4,up,down,0.46994813349312026,0.193393897303249,0.33665796920363067
"Meta Platforms, Inc.",2024-06-03,2024-06-07,4,up,down,0.41296175673452995,0.1882124899249542,0.3988257533405158
"Meta Platforms, Inc.",2024-06-04,2024-06-10,4,up,down,0.4627747060644121,0.20183049494107366,0.33539479899451424
"Meta Platforms, Inc.",2024-06-05,2024-06-11,4,up,down,0.4295932251596254,0.270523004800878,0.2998837700394966
"Meta Platforms, Inc.",2024-06-06,2024-06-12,4,up,down,0.48937514877888477,0.29647787328017067,0.2141469779409446
"Meta Platforms, Inc.",2024-06-07,2024-06-13,4,up,down,0.5413748283097551,0.293652770996276,0.16497240069396882
"Meta Platforms, Inc.",2024-06-10,2024-06-14,4,flat,down,0.5497508239383665,0.296585748248793,0.15366342781284048
"Meta Platforms, Inc.",2024-06-14,2024-06-18,4,flat,down,0.49978659229212147,0.3275300764999398,0.1726833312079387
Microsoft Corporation,2021-07-22,2021-07-28,4,flat,up,0.2650372191384853,0.29944103248558923,0.4355217483759254
Microsoft Corporation,2021-07-23,2021-07-29,4,flat,up,0.307446376770539,0.29190914861584893,0.4006444746136121
Microsoft Corporation,2021-07-26,2021-07-30,4,flat,down,0.37246127723329164,0.2706256736375186,0.35691304912918975
Microsoft Corporation,2021-07-27,2021-08-02,4,flat,down,0.40369374327470764,0.26589733368001056,0.3304089230452819
Microsoft Corporation,2021-07-28,2021-08-03,4,flat,down,0.36102870987186314,0.2826306718065316,0.3563406183216052
Microsoft Corporation,2021-07-29,2021-08-04,4,flat,up,0.31394034286098865,0.3027325790473532,0.38332707809165817
Microsoft Corporation,2021-07-30,2021-08-05,4,flat,up,0.27251715872013504,0.32408634089718613,0.4033965003826789
Microsoft Corporation,2021-08-02,2021-08-06,4,flat,up,0.23465103929475553,0.3118452495117796,0.45350371119346483
Microsoft Corporation,2021-08-03,2021-08-09,4,flat,up,0.22999598898117796,0.29378655883038785,0.4762174521884341
Microsoft Corporation,2021-08-04,2021-08-10,4,flat,up,0.23824707809708093,0.2672803198735877,0.4944726020293313
Microsoft Corporation,2021-08-05,2021-08-11,4,flat,up,0.21457234681193788,0.24415646329053434,0.5412711898975278
Microsoft Corporation,2021-08-06,2021-08-12,4,flat,up,0.20602405131052445,0.23377577468920827,0.5602001740002673
Microsoft Corporation,2021-08-09,2021-08-13,4,flat,up,0.18877829604880342,0.23561861841376341,0.5756030855374332
Microsoft Corporation,2021-08-10,2021-08-16,4,up,up,0.2121217478071797,0.23647521984670705,0.5514030323461132
Microsoft Corporation,2021-08-11,2021-08-17,4,up,up,0.18741899703099893,0.2389151849777283,0.5736658179912727
Microsoft Corporation,2021-08-12,2021-08-18,4,up,up,0.1527222688658745,0.23979496661189692,0.6074827645222286
Microsoft Corporation,2021-08-13,2021-08-19,4,flat,up,0.13947563077433067,0.2462876290465843,0.614236740179085
Microsoft Corporation,2021-08-16,2021-08-20,4,up,up,0.1421056678872511,0.23855701776991237,0.6193373143428366
Microsoft Corporation,2021-08-17,2021-08-23,4,up,up,0.15879201093188378,0.23310932800620757,0.6080986610619087
Microsoft Corporation,2021-08-18,2021-08-24,4,up,up,0.1539740502575177,0.22504066172875334,0.620985288013729
Microsoft Corporation,2021-08-19,2021-08-25,4,up,up,0.15921665454040992,0.2284508256689445,0.6123325197906456
Microsoft Corporation,2021-08-20,2021-08-26,4,flat,up,0.14180501170816934,0.27705657320394284,0.5811384150878879
Microsoft Corporation,2021-08-23,2021-08-27,4,down,up,0.2199882996552328,0.3117589403231569,0.4682527600216103
Microsoft Corporation,2021-08-24,2021-08-30,4,flat,up,0.23255163768168205,0.31143276442832424,0.4560155978899937
Microsoft Corporation,2021-08-25,2021-08-31,4,flat,up,0.2614561702186592,0.3052499449719021,0.43329388480943876
Microsoft Corporation,2021-08-26,2021-09-01,4,flat,up,0.3079214601639988,0.2990628493287989,0.39301569050720236
Microsoft Corporation,2021-08-27,2021-09-02,4,flat,up,0.22192380039766788,0.29520873884865095,0.4828674607536811
Microsoft Corporation,2021-08-30,2021-09-03,4,flat,up,0.18672090823584048,0.3150009352525214,0.4982781565116381
Microsoft Corporation,2021-08-31,2021-09-07,4,flat,up,0.22051087422969123,0.3296977316371775,0.44979139413313124
Microsoft Corporation,2021-09-01,2021-09-08,4,flat,up,0.2318695609530861,0.31001354987309293,0.458116889173821
Microsoft Corporation,2021-09-02,2021-09-09,4,flat,up,0.2874703717912466,0.2670255158107646,0.4455041123979888
Microsoft Corporation,2021-09-03,2021-09-10,4,flat,up,0.28227422711962125,0.2575701807812559,0.46015559209912293
Microsoft Corporation,2021-09-07,2021-09-13,4,flat,up,0.2585287457336859,0.2595448335430742,0.4819264207232398
Microsoft Corporation,2021-09-08,2021-09-14,4,flat,up,0.24155149296797954,0.2696281274204785,0.48882037961154207
Microsoft Corporation,2021-09-09,2021-09-15,4,up,up,0.20062926025566127,0.2705130626353101,0.5288576771090286
Microsoft Corporation,2021-09-10,2021-09-16,4,up,up,0.1848188059807208,0.2501505452081674,0.5650306488111118
Microsoft Corporation,2021-09-13,2021-09-17,4,up,up,0.16669754607905438,0.22761572975249494,0.6056867241684507
Microsoft Corporation,2021-09-14,2021-09-20,4,down,up,0.13204067271962247,0.21941061869480366,0.6485487085855739
Microsoft Corporation,2021-09-15,2021-09-21,4,down,up,0.12299838625793942,0.22560583008324564,0.651395783658815
Microsoft Corporation,2021-09-16,2021-09-22,4,down,up,0.14022647549966327,0.23534579581916187,0.6244277286811749
Microsoft Corporation,2021-09-17,2021-09-23,4,flat,up,0.1476334360569122,0.23610492368449487,0.6162616402585929
Microsoft Corporation,2021-09-20,2021-09-24,4,flat,up,0.18983443718380766,0.2310691076224233,0.5790964551937691
Microsoft Corporation,2021-09-21,2021-09-27,4,flat,up,0.10084579191957237,0.2077020844214821,0.6914521236589455
Microsoft Corporation,2021-09-22,2021-09-28,4,down,up,0.08258270697152922,0.2098716915194763,0.7075456015089946
Microsoft Corporation,2021-09-23,2021-09-29,4,down,up,0.07280038441798231,0.20978123424382067,0.7174183813381969
Microsoft Corporation,2021-09-24,2021-09-30,4,down,up,0.08119610755358048,0.20570324014950664,0.7131006522969129
Microsoft Corporation,2021-09-27,2021-10-01,4,down,up,0.1308974304480189,0.21222106787130243,0.6568815016806786
Microsoft Corporation,2021-09-28,2021-10-04,4,flat,up,0.15699042073617944,0.21605702921802353,0.626952550045797
Microsoft Corporation,2021-09-29,2021-10-05,4,flat,up,0.09612263838061033,0.19429428224724943,0.7095830793721404
Microsoft Corporation,2021-09-30,2021-10-06,4,flat,up,0.08928555318501015,0.2129201291459424,0.6977943176690474
Microsoft Corporation,2021-10-01,2021-10-07,4,up,up,0.06981705154742124,0.22428805826014464,0.7058948901924341
Microsoft Corporation,2021-10-04,2021-10-08,4,up,up,0.09232693439379282,0.229908156021106,0.677764909585101
Microsoft Corporation,2021-10-05,2021-10-11,4,up,up,0.10394084098697826,0.22453543159871536,0.6715237274143064
Microsoft Corporation,2021-10-06,2021-10-12,4,flat,up,0.10896910399927684,0.22075346773428906,0.6702774282664341
Microsoft Corporation,2021-10-07,2021-10-13,4,flat,up,0.08827361760629113,0.2210942789612675,0.6906321034324414
Microsoft Corporation,2021-10-08,2021-10-14,4,flat,up,0.0898626150565443,0.2314375539562589,0.6786998309871969
Microsoft Corporation,2021-10-11,2021-10-15,4,up,up,0.08561515181825077,0.26617698241720367,0.6482078657645456
Microsoft Corporation,2021-10-12,2021-10-18,4,up,up,0.07183397972967133,0.26182878230562495,0.6663372379647037
Microsoft Corporation,2021-10-13,2021-10-19,4,up,up,0.05885408914153429,0.2535320553088484,0.6876138555496173
Microsoft Corporation,2021-10-14,2021-10-20,4,up,up,0.04593666649407187,0.2585208977377709,0.6955424357681572
Microsoft Corporation,2021-10-15,2021-10-21,4,flat,up,0.06081062996878267,0.2843123260090555,0.6548770440221618
Microsoft Corporation,2021-10-18,2021-10-22,4,flat,up,0.06467699800551382,0.2540953974008982,0.681227604593588
Microsoft Corporation,2021-10-19,2021-10-25,4,flat,up,0.07765494391698366,0.24595409535961762,0.6763909607233987
Microsoft Corporation,2021-10-20,2021-10-26,4,flat,up,0.11169785065065854,0.25479813090792003,0.6335040184414215
Microsoft Corporation,2021-10-21,2021-10-27,4,up,up,0.08817036086905508,0.24204596908475545,0.6697836700461895
Microsoft Corporation,2021-10-22,2021-10-28,4,up,up,0.08642038552814947,0.24839280581276205,0.6651868086590884
Microsoft Corporation,2021-10-25,2021-10-29,4,up,up,0.09742694048135186,0.2568626464359027,0.6457104130827455
Microsoft Corporation,2021-10-26,2021-11-01,4,up,up,0.08419666957725276,0.21704134725745372,0.6987619831652935
Microsoft Corporation,2021-10-27,2021-11-02,4,up,up,0.12125730451620878,0.26441786118117755,0.6143248343026136
Microsoft Corporation,2021-10-28,2021-11-03,4,up,up,0.2294492314379518,0.29032263568658667,0.4802281328754616
Microsoft Corporation,2021-10-29,2021-11-04,4,up,up,0.29393036915558896,0.29393611675076725,0.41213351409364385
Microsoft Corporation,2021-11-01,2021-11-05,4,up,down,0.39993756277482,0.28073293371041796,0.3193295035147621
Microsoft Corporation,2021-11-02,2021-11-08,4,flat,down,0.42596679768985496,0.2918222413944615,0.28221096091568365
Microsoft Corporation,2021-11-03,2021-11-09,4,flat,down,0.3590124779890715,0.30914342159085134,0.33184410042007706
Microsoft Corporation,2021-11-04,2021-11-10,4,flat,down,0.39931269324804924,0.324339405121355,0.2763479016305957
Microsoft Corporation,2021-11-05,2021-11-11,4,flat,down,0.3742215914749077,0.3474282653611023,0.27835014316399
Microsoft Corporation,2021-11-08,2021-11-12,4,flat,down,0.4615165977941877,0.32023899200627876,0.21824441019953356
Microsoft Corporation,2021-11-09,2021-11-15,4,flat,down,0.5145288151135793,0.2834338317587384,0.2020373531276823
Microsoft Corporation,2021-11-10,2021-11-16,4,flat,down,0.5782800392231157,0.25367504027117604,0.16804492050570832
Microsoft Corporation,2021-11-11,2021-11-17,4,up,down,0.5674078839210588,0.2551298856037814,0.1774622304751597
Microsoft Corporation,2021-11-12,2021-11-18,4,flat,down,0.5321659838981679,0.2713187843197907,0.1965152317820415
Microsoft Corporation,2021-11-15,2021-11-19,4,up,down,0.561836636580294,0.25385746086164745,0.18430590255805837
Microsoft Corporation,2021-11-16,2021-11-22,4,up,down,0.4909827700684593,0.25358714752149164,0.255430082410049
Microsoft Corporation,2021-11-17,2021-11-23,4,flat,down,0.5188790545079481,0.24093309161728887,0.2401878538747629
Microsoft Corporation,2021-11-18,2021-11-24,4,flat,down,0.5010075632390834,0.23144457359232595,0.2675478631685907
Microsoft Corporation,2021-11-19,2021-11-26,4,down,down,0.4140272130454317,0.25257596523718717,0.333396821717381
Microsoft Corporation,2021-11-22,2021-11-29,4,down,down,0.44341468951906593,0.2671274066070493,0.2894579038738848
Microsoft Corporation,2021-11-23,2021-11-30,4,flat,down,0.43533095119990134,0.28495900391924306,0.27971004488085555
Microsoft Corporation,2021-11-24,2021-12-01,4,flat,up,0.323084308204391,0.2865664955251681,0.3903491962704409
Microsoft Corporation,2021-11-26,2021-12-02,4,flat,down,0.38294784657104103,0.2779902102562701,0.3390619431726889
Microsoft Corporation,2021-11-29,2021-12-03,4,down,up,0.2763118400332554,0.2982790052752808,0.42540915469146373
Microsoft Corporation,2021-11-30,2021-12-06,4,down,down,0.3611748652841635,0.2889095090474955,0.349915625668341
Microsoft Corporation,2021-12-01,2021-12-07,4,flat,up,0.35074852386731287,0.28310149633722664,0.3661499797954605
Microsoft Corporation,2021-12-02,2021-12-08,4,flat,up,0.3615493958250809,0.26539267380428905,0.37305793037063006
Microsoft Corporation,2021-12-03,2021-12-09,4,up,down,0.4208291431588998,0.25518690904682834,0.323983947794272
Microsoft Corporation,2021-12-06,2021-12-10,4,up,up,0.3582110948954779,0.2743322158914719,0.3674566892130502
Microsoft Corporation,2021-12-07,2021-12-13,4,flat,up,0.24543607118486396,0.34249573496105934,0.4120681938540767
Microsoft Corporation,2021-12-08,2021-12-14,4,flat,up,0.31123163362031836,0.3423159826327477,0.3464523837469339
Microsoft Corporation,2021-12-09,2021-12-15,4,flat,up,0.2924018036429196,0.34065964106943747,0.36693855528764285
Microsoft Corporation,2021-12-10,2021-12-16,4,down,up,0.2973356766787258,0.3397968187528699,0.36286750456840444
Microsoft Corporation,2021-12-13,2021-12-17,4,down,up,0.30785928946267693,0.33770465042151915,0.354436060115804
Microsoft Corporation,2021-12-14,2021-12-20,4,down,flat,0.303406279455646,0.3577044452609286,0.33888927528342533
Microsoft Corporation,2021-12-15,2021-12-21,4,flat,up,0.18290686537410536,0.40072236561743785,0.41637076900845676
Microsoft Corporation,2021-12-16,2021-12-22,4,flat,flat,0.19273901748841016,0.44033539060690585,0.36692559190468405
Microsoft Corporation,2021-12-17,2021-12-23,4,up,flat,0.1714397789826492,0.4280796648163178,0.400480556201033
Microsoft Corporation,2021-12-20,2021-12-27,4,up,up,0.11982910060689224,0.34886719428877005,0.5313037051043378
Microsoft Corporation,2021-12-21,2021-12-28,4,up,up,0.12931889843084704,0.3489925599856725,0.5216885415834804
Microsoft Corporation,2021-12-22,2021-12-29,4,up,up,0.13172646806539676,0.34165160736219363,0.5266219245724095
Microsoft Corporation,2021-12-23,2021-12-30,4,flat,up,0.12087600571128165,0.2724393837237036,0.6066846105650148
Microsoft Corporation,2021-12-27,2021-12-31,4,flat,up,0.17770360921073475,0.299551173781622,0.5227452170076433
Microsoft Corporation,2021-12-28,2022-01-03,4,flat,up,0.1638796774518086,0.322995091121349,0.5131252314268424
Microsoft Corporation,2021-12-29,2022-01-04,4,down,up,0.17232290629926303,0.3296537837573675,0.4980233099433694
Microsoft Corporation,2021-12-30,2022-01-05,4,down,up,0.14858802434359855,0.3582278245779629,0.49318415107843866
Microsoft Corporation,2021-12-31,2022-01-06,4,down,up,0.11400428859847948,0.39017134537322096,0.4958243660282996
Microsoft Corporation,2022-01-03,2022-01-07,4,down,up,0.09653225426916046,0.39880141308707656,0.504666332643763
Microsoft Corporation,2022-01-04,2022-01-10,4,down,up,0.08137163429845504,0.34678833395339237,0.5718400317481526
Microsoft Corporation,2022-01-05,2022-01-11,4,down,up,0.09975627128735423,0.3241946785494004,0.5760490501632455
Microsoft Corporation,2022-01-06,2022-01-12,4,flat,up,0.06311936338222002,0.25064761195451823,0.6862330246632617
Microsoft Corporation,2022-01-07,2022-01-13,4,flat,up,0.0540562243782955,0.20949891465508924,0.7364448609666152
Microsoft Corporation,2022-01-10,2022-01-14,4,flat,up,0.07161978881276375,0.20763677257425672,0.7207434386129795
Microsoft Corporation,2022-01-11,2022-01-18,4,down,up,0.04733997498214077,0.17026864451757162,0.7823913805002876
Microsoft Corporation,2022-01-12,2022-01-19,4,down,up,0.06632327972408442,0.1838916021866587,0.7497851180892567
Microsoft Corporation,2022-01-13,2022-01-20,4,flat,up,0.1539850157533583,0.2522261866889433,0.5937887975576984
Microsoft Corporation,2022-01-14,2022-01-21,4,flat,up,0.0917423631826676,0.22377382297003787,0.6844838138472946
Microsoft Corporation,2022-01-18,2022-01-24,4,down,up,0.08652857111803995,0.24561535698398354,0.6678560718979765
Microsoft Corporation,2022-01-19,2022-01-25,4,down,up,0.057456692325407475,0.28540335030261604,0.6571399573719765
Microsoft Corporation,2022-01-20,2022-01-26,4,flat,up,0.051660935526718195,0.30998623496782307,0.6383528295054588
Microsoft Corporation,2022-01-21,2022-01-27,4,flat,up,0.07676011531238756,0.3447256741014401,0.5785142105861724
Microsoft Corporation,2022-01-24,2022-01-28,4,up,up,0.0852894995785164,0.3739004739533577,0.5408100264681259
Microsoft Corporation,2022-01-25,2022-01-31,4,up,up,0.05900917617919946,0.2973224734522213,0.6436683503685793
Microsoft Corporation,2022-01-26,2022-02-01,4,flat,up,0.04079944893417789,0.3015290595418914,0.6576714915239308
Microsoft Corporation,2022-01-27,2022-02-02,4,flat,up,0.06564844156764045,0.3680532880125283,0.5662982704198313
Microsoft Corporation,2022-01-28,2022-02-03,4,flat,up,0.06637095978456832,0.3920641069732232,0.5415649332422086
Microsoft Corporation,2022-01-31,2022-02-04,4,flat,up,0.06975247850518246,0.39647454166676216,0.5337729798280553
Microsoft Corporation,2022-02-01,2022-02-07,4,flat,up,0.09994228689813216,0.4027340567352119,0.49732365636665604
Microsoft Corporation,2022-02-02,2022-02-08,4,flat,up,0.040937209320265344,0.33308131233431104,0.6259814783454236
Microsoft Corporation,2022-02-03,2022-02-09,4,flat,up,0.053510253547549166,0.40322870182931625,0.5432610446231346
Microsoft Corporation,2022-02-04,2022-02-10,4,flat,up,0.03710208469568588,0.43830823456274776,0.5245896807415664
Microsoft Corporation,2022-02-07,2022-02-11,4,flat,up,0.028509955423431543,0.3910207139908092,0.5804693305857593
Microsoft Corporation,2022-02-08,2022-02-14,4,flat,up,0.03736692772442579,0.3479275361433408,0.6147055361322333
Microsoft Corporation,2022-02-09,2022-02-15,4,down,up,0.025451292149804492,0.318132271131762,0.6564164367184334
Microsoft Corporation,2022-02-10,2022-02-16,4,flat,up,0.06819107848723252,0.379538578032991,0.5522703434797764
Microsoft Corporation,2022-02-11,2022-02-17,4,flat,up,0.05054161547064691,0.28633948089981703,0.6631189036295362
Microsoft Corporation,2022-02-14,2022-02-18,4,flat,up,0.040262861276531975,0.24860711407527922,0.7111300246481888
Microsoft Corporation,2022-02-15,2022-02-22,4,down,up,0.021098808070588594,0.18998606403493257,0.7889151278944789
Microsoft Corporation,2022-02-16,2022-02-23,4,down,up,0.021607177960901967,0.2081211503225886,0.7702716717165095
Microsoft Corporation,2022-02-17,2022-02-24,4,down,up,0.02593272537901599,0.21756669337023318,0.7565005812507507
Microsoft Corporation,2022-02-18,2022-02-25,4,flat,up,0.02798897048408862,0.2158957635843842,0.7561152659315272
Microsoft Corporation,2022-02-22,2022-02-28,4,up,up,0.03430140917064588,0.21070212983363007,0.754996460995724
Microsoft Corporation,2022-02-23,2022-03-01,4,up,up,0.029918037561451262,0.19091162589285599,0.7791703365456928
Microsoft Corporation,2022-02-24,2022-03-02,4,up,up,0.04073749109504634,0.2302566527762541,0.7290058561286996
Microsoft Corporation,2022-02-25,2022-03-03,4,flat,up,0.024015990207634057,0.247929679295208,0.728054330497158
Microsoft Corporation,2022-02-28,2022-03-04,4,flat,up,0.05231824169371234,0.30088354479698665,0.646798213509301
Microsoft Corporation,2022-03-01,2022-03-07,4,down,up,0.06823339644582671,0.2858526009568021,0.6459140025973712
Microsoft Corporation,2022-03-02,2022-03-08,4,down,up,0.0631906048287919,0.2854044821501406,0.6514049130210675
Microsoft Corporation,2022-03-03,2022-03-09,4,down,up,0.06853894107379427,0.3169618613144626,0.6144991976117431
Microsoft Corporation,2022-03-04,2022-03-10,4,flat,up,0.04416449077466265,0.29223974916591006,0.6635957600594272
Microsoft Corporation,2022-03-07,2022-03-11,4,flat,up,0.03808492292682457,0.32582221129341027,0.6360928657797651
Microsoft Corporation,2022-03-08,2022-03-14,4,flat,up,0.034387012129734544,0.35461776443567244,0.610995223434593
Microsoft Corporation,2022-03-09,2022-03-15,4,flat,up,0.01758363824793312,0.32044607818617954,0.6619702835658874
Microsoft Corporation,2022-03-10,2022-03-16,4,flat,up,0.04132501465412957,0.3179374184957518,0.6407375668501187
Microsoft Corporation,2022-03-11,2022-03-17,4,flat,up,0.04751736172343351,0.31147012427048854,0.641012514006078
Microsoft Corporation,2022-03-14,2022-03-18,4,up,up,0.08251814338177163,0.3402520968510682,0.5772297597671601
Microsoft Corporation,2022-03-15,2022-03-21,4,up,up,0.0788348037367055,0.32358719306323824,0.5975780032000563
Microsoft Corporation,2022-03-16,2022-03-22,4,up,up,0.04427412128985674,0.26043345659683365,0.6952924221133095
Microsoft Corporation,2022-03-17,2022-03-23,4,flat,up,0.0618504367487174,0.3375636645162209,0.6005858987350617
Microsoft Corporation,2022-03-18,2022-03-24,4,flat,up,0.06415904453571308,0.4049011298962198,0.5309398255680672
Microsoft Corporation,2022-03-21,2022-03-25,4,flat,up,0.09106310775781702,0.44441694267101917,0.4645199495711638
Microsoft Corporation,2022-03-22,2022-03-28,4,flat,up,0.09240593211330649,0.408195887776059,0.4993981801106347
Microsoft Corporation,2022-03-23,2022-03-29,4,up,up,0.09485087286395487,0.42459106967925414,0.48055805745679103
Microsoft Corporation,2022-03-24,2022-03-30,4,up,up,0.079037365287329,0.4321042727191364,0.4888583619935346
Microsoft Corporation,2022-03-25,2022-03-31,4,flat,up,0.07357525778249083,0.4204181347950536,0.5060066074224556
Microsoft Corporation,2022-03-28,2022-04-01,4,flat,up,0.0855855664398303,0.40370387115199846,0.5107105624081713
Microsoft Corporation,2022-03-29,2022-04-04,4,flat,up,0.10189323593938521,0.37873236287411627,0.5193744011864986
Microsoft Corporation,2022-03-30,2022-04-05,4,flat,up,0.17158395884238817,0.38325629677062306,0.44515974438698874
Microsoft Corporation,2022-03-31,2022-04-06,4,down,up,0.21523147163213477,0.37785726764215666,0.40691126072570866
Microsoft Corporation,2022-04-01,2022-04-07,4,down,up,0.2240328877393786,0.36400730921400726,0.41195980304661417
Microsoft Corporation,2022-04-04,2022-04-08,4,down,up,0.18593553538470262,0.3425357478643941,0.4715287167509033
Microsoft Corporation,2022-04-05,2022-04-11,4,down,up,0.19347142441447782,0.33992314625988346,0.46660542932563887
Microsoft Corporation,2022-04-06,2022-04-12,4,down,up,0.274133973207565,0.36141956913866,0.36444645765377504
Microsoft Corporation,2022-04-07,2022-04-13,4,down,up,0.1979053673151027,0.34280880460860613,0.45928582807629115
Microsoft Corporation,2022-04-08,2022-04-14,4,down,up,0.21532780449279737,0.3188084611324095,0.46586373437479317
Microsoft Corporation,2022-04-11,2022-04-18,4,down,up,0.23877303815099127,0.31214320794537503,0.44908375390363375
Microsoft Corporation,2022-04-12,2022-04-19,4,flat,up,0.14659129387712064,0.29582455532941654,0.5575841507934629
Microsoft Corporation,2022-04-13,2022-04-20,4,flat,up,0.1928885190550926,0.31549365717642713,0.4916178237684803
Microsoft Corporation,2022-04-14,2022-04-21,4,flat,up,0.1997111400787041,0.3109665002142703,0.4893223597070257
Microsoft Corporation,2022-04-18,2022-04-22,4,flat,up,0.18896338400399648,0.2627959818902123,0.5482406341057912
Microsoft Corporation,2022-04-19,2022-04-25,4,flat,up,0.19144736331351114,0.27523073644945734,0.5333219002370315
Microsoft Corporation,2022-04-20,2022-04-26,4,down,up,0.15936742711031052,0.30957505068204794,0.5310575222076416
Microsoft Corporation,2022-04-21,2022-04-27,4,flat,up,0.2139380945492603,0.32842570296036383,0.45763620249037584
Microsoft Corporation,2022-04-22,2022-04-28,4,up,up,0.20852793728063834,0.34851397756395497,0.4429580851554066
Microsoft Corporation,2022-04-25,2022-04-29,4,flat,up,0.14686885368024385,0.3916594092667575,0.4614717370529987
Microsoft Corporation,2022-04-26,2022-05-02,4,flat,up,0.13853765511858412,0.40960195433920243,0.4518603905422135
Microsoft Corporation,2022-04-27,2022-05-03,4,flat,up,0.06629155491020354,0.4038737470517873,0.5298346980380092
Microsoft Corporation,2022-04-28,2022-05-04,4,flat,flat,0.10680563483652218,0.449086618420872,0.4441077467426059
Microsoft Corporation,2022-04-29,2022-05-05,4,flat,flat,0.17014160610535092,0.4925853669743364,0.33727302692031264
Microsoft Corporation,2022-05-02,2022-05-06,4,flat,flat,0.14012850283740888,0.4309459745763283,0.42892552258626276
Microsoft Corporation,2022-05-03,2022-05-09,4,down,up,0.1182062948100276,0.3738471591281724,0.5079465460617999
Microsoft Corporation,2022-05-04,2022-05-10,4,down,up,0.071044527790354,0.3749791896058088,0.5539762826038371
Microsoft Corporation,2022-05-05,2022-05-11,4,down,up,0.08097616234142507,0.4338821367334948,0.48514170092508024
Microsoft Corporation,2022-05-06,2022-05-12,4,down,up,0.08008253902486435,0.4533719553847638,0.4665455055903719
Microsoft Corporation,2022-05-09,2022-05-13,4,flat,up,0.0709050370947708,0.4359252483908572,0.4931697145143721
Microsoft Corporation,2022-05-10,2022-05-16,4,flat,up,0.05295138922608306,0.3498151586750301,0.5972334520988868
Microsoft Corporation,2022-05-11,2022-05-17,4,flat,up,0.07463958056258246,0.36801451795804907,0.5573459014793685
Microsoft Corporation,2022-05-12,2022-05-18,4,flat,up,0.06951842124333688,0.38625281585132054,0.5442287629053426
Microsoft Corporation,2022-05-13,2022-05-19,4,flat,up,0.039416602562749606,0.3259711222661547,0.6346122751710956
Microsoft Corporation,2022-05-16,2022-05-20,4,flat,up,0.0717797546944972,0.34755507514051426,0.5806651701649886
Microsoft Corporation,2022-05-17,2022-05-23,4,flat,up,0.04241183332633505,0.26585387694279267,0.6917342897308723
Microsoft Corporation,2022-05-18,2022-05-24,4,flat,up,0.09375810072028812,0.3460324265911284,0.5602094726885836
Microsoft Corporation,2022-05-19,2022-05-25,4,flat,up,0.0719167027693652,0.34694268919788196,0.5811406080327528
Microsoft Corporation,2022-05-20,2022-05-26,4,up,up,0.047340852071624695,0.3351783774213146,0.6174807705070606
Microsoft Corporation,2022-05-23,2022-05-27,4,up,up,0.04390459980331817,0.35020936012564,0.6058860400710419
Microsoft Corporation,2022-05-24,2022-05-31,4,up,up,0.03417733548426733,0.3472025192707039,0.6186201452450287
Microsoft Corporation,2022-05-25,2022-06-01,4,up,up,0.03502188214713483,0.3393641820134322,0.625613935839433
Microsoft Corporation,2022-05-26,2022-06-02,4,flat,up,0.04405665741462873,0.3246584789688438,0.6312848636165276
Microsoft Corporation,2022-05-27,2022-06-03,4,flat,up,0.04393249966652189,0.3040489433438101,0.652018556989668
Microsoft Corporation,2022-05-31,2022-06-06,4,flat,up,0.05522033652730188,0.30271943763216713,0.642060225840531
Microsoft Corporation,2022-06-01,2022-06-07,4,flat,up,0.049833670458501546,0.33832171783937287,0.6118446117021256
Microsoft Corporation,2022-06-02,2022-06-08,4,flat,up,0.05831201068085141,0.3843558427695634,0.5573321465495852
Microsoft Corporation,2022-06-03,2022-06-09,4,flat,up,0.0338758547617555,0.3351067659731011,0.6310173792651435
Microsoft Corporation,2022-06-06,2022-06-10,4,down,up,0.03166740461793249,0.30181034725801686,0.6665222481240506
Microsoft Corporation,2022-06-07,2022-06-13,4,down,up,0.040609717349013606,0.3252397971122061,0.6341504855387802
Microsoft Corporation,2022-06-08,2022-06-14,4,down,up,0.03142736306523976,0.26776571259959886,0.7008069243351615
Microsoft Corporation,2022-06-09,2022-06-15,4,down,up,0.06865662248412444,0.30319753008533684,0.6281458474305387
Microsoft Corporation,2022-06-10,2022-06-16,4,down,up,0.0746653928602147,0.27695647485381625,0.6483781322859691
Microsoft Corporation,2022-06-13,2022-06-17,4,flat,up,0.0568731557145289,0.2741344995207605,0.6689923447647106
Microsoft Corporation,2022-06-14,2022-06-21,4,up,up,0.02774075765938681,0.2179587854467264,0.7543004568938869
Microsoft Corporation,2022-06-15,2022-06-22,4,flat,up,0.021357614479808617,0.2294059352407045,0.7492364502794868
Microsoft Corporation,2022-06-16,2022-06-23,4,up,up,0.0543695881531282,0.28029998969714787,0.6653304221497239
Microsoft Corporation,2022-06-17,2022-06-24,4,up,up,0.0516832938997828,0.25546613372341437,0.6928505723768028
Microsoft Corporation,2022-06-21,2022-06-27,4,up,up,0.09695795526929454,0.3041949549873346,0.5988470897433708
Microsoft Corporation,2022-06-22,2022-06-28,4,flat,up,0.1288490192531684,0.300596307750709,0.5705546729961225
Microsoft Corporation,2022-06-23,2022-06-29,4,flat,up,0.06491367776243887,0.2703314318088374,0.6647548904287237
Microsoft Corporation,2022-06-24,2022-06-30,4,down,up,0.08666868142908789,0.40229743840582977,0.5110338801650823
Microsoft Corporation,2022-06-27,2022-07-01,4,down,flat,0.10523812227458287,0.48289221653628356,0.4118696611891336
Microsoft Corporation,2022-06-28,2022-07-05,4,flat,flat,0.10100484009183598,0.46367276892331116,0.4353223909848529
Microsoft Corporation,2022-06-29,2022-07-06,4,flat,flat,0.0930360979470711,0.45388432286027963,0.4530795791926493
Microsoft Corporation,2022-06-30,2022-07-07,4,up,flat,0.07365981446921349,0.47284504465941235,0.4534951408713742
Microsoft Corporation,2022-07-01,2022-07-08,4,up,up,0.03839325552632228,0.37451359347222296,0.5870931510014548
Microsoft Corporation,2022-07-05,2022-07-11,4,flat,up,0.040694404373588566,0.3477409473292479,0.6115646482971636
Microsoft Corporation,2022-07-06,2022-07-12,4,flat,up,0.05482292549968765,0.3802366291982911,0.5649404453020211
Microsoft Corporation,2022-07-07,2022-07-13,4,down,up,0.08318336699522555,0.3539147915992556,0.5629018414055188
Microsoft Corporation,2022-07-08,2022-07-14,4,down,up,0.12092846094357883,0.3283031142603419,0.5507684247960792
Microsoft Corporation,2022-07-11,2022-07-15,4,down,up,0.13081011910475093,0.3406427484769727,0.5285471324182764
Microsoft Corporation,2022-07-12,2022-07-18,4,flat,up,0.15950706997957254,0.3873584148959674,0.45313451512446007
Microsoft Corporation,2022-07-13,2022-07-19,4,flat,up,0.10865992179573,0.3577124857341765,0.5336275924700935
Microsoft Corporation,2022-07-14,2022-07-20,4,up,up,0.05843719149245267,0.33150242767782595,0.6100603808297214
Microsoft Corporation,2022-07-15,2022-07-21,4,flat,up,0.05174429153227312,0.31081821255148906,0.6374374959162379
Microsoft Corporation,2022-07-18,2022-07-22,4,flat,up,0.07820415729779935,0.3090803100996599,0.6127155326025407
Microsoft Corporation,2022-07-19,2022-07-25,4,flat,up,0.08629703162510259,0.2631371987716986,0.6505657696031989
Microsoft Corporation,2022-07-20,2022-07-26,4,flat,up,0.129094672185688,0.27911378782888846,0.5917915399854236
Microsoft Corporation,2022-07-21,2022-07-27,4,flat,up,0.16259775399777754,0.2960854572014115,0.5413167888008109
Microsoft Corporation,2022-07-22,2022-07-28,4,up,up,0.1176199683605142,0.29098266701865394,0.5913973646208318
Microsoft Corporation,2022-07-25,2022-07-29,4,up,up,0.1340035971397836,0.3254079672919052,0.5405884355683113
Microsoft Corporation,2022-07-26,2022-08-01,4,up,up,0.12034912189742249,0.376708488172315,0.5029423899302625
Microsoft Corporation,2022-07-27,2022-08-02,4,up,up,0.07535676317075962,0.4009002067610397,0.5237430300682007
Microsoft Corporation,2022-07-28,2022-08-03,4,flat,flat,0.1578666345617051,0.46748937357158765,0.3746439918667073
Microsoft Corporation,2022-07-29,2022-08-04,4,flat,flat,0.23478563682209605,0.48464001260107537,0.2805743505768286
Microsoft Corporation,2022-08-01,2022-08-05,4,flat,flat,0.3514015281394976,0.4335866836853977,0.21501178817510472
Microsoft Corporation,2022-08-02,2022-08-08,4,flat,down,0.4479001035061225,0.390661383418553,0.1614385130753244
Microsoft Corporation,2022-08-03,2022-08-09,4,flat,flat,0.30562343952141124,0.44675389618230493,0.24762266429628377
Microsoft Corporation,2022-08-04,2022-08-10,4,flat,flat,0.3001357762010695,0.4633990266328061,0.23646519716612446
Microsoft Corporation,2022-08-05,2022-08-11,4,up,flat,0.28304808442331764,0.5020711847806368,0.21488073079604553
Microsoft Corporation,2022-08-08,2022-08-12,4,flat,flat,0.27285486883839555,0.5137877947608099,0.21335733640079466
Microsoft Corporation,2022-08-09,2022-08-15,4,up,down,0.4154784392906558,0.41455870244446863,0.16996285826487556
Microsoft Corporation,2022-08-10,2022-08-16,4,flat,flat,0.385093883090523,0.3892936282778287,0.22561248863164834
Microsoft Corporation,2022-08-11,2022-08-17,4,flat,down,0.5226987177083502,0.32167350349966406,0.1556277787919858
Microsoft Corporation,2022-08-12,2022-08-18,4,flat,down,0.5290918361672502,0.32866025972873375,0.14224790410401608
Microsoft Corporation,2022-08-15,2022-08-19,4,flat,down,0.49977834044582087,0.34345099694910014,0.15677066260507896
Microsoft Corporation,2022-08-16,2022-08-22,4,down,down,0.5271896359835385,0.303147336403945,0.16966302761251648
Microsoft Corporation,2022-08-17,2022-08-23,4,down,down,0.44694668789660147,0.32394176885517983,0.22911154324821864
Microsoft Corporation,2022-08-18,2022-08-24,4,down,down,0.4355243342601924,0.3415989631613769,0.2228767025784307
Microsoft Corporation,2022-08-19,2022-08-25,4,down,down,0.4505668008198932,0.34384268242111166,0.2055905167589952
Microsoft Corporation,2022-08-22,2022-08-26,4,down,down,0.4239072019461271,0.35477135949544786,0.22132143855842512
Microsoft Corporation,2022-08-23,2022-08-29,4,down,flat,0.3244055513231795,0.33829075894426336,0.3373036897325571
Microsoft Corporation,2022-08-24,2022-08-30,4,down,up,0.28781189778430655,0.31957212741675284,0.3926159747989407
Microsoft Corporation,2022-08-25,2022-08-31,4,down,up,0.24558908965712167,0.2885830608825052,0.4658278494603732
Microsoft Corporation,2022-08-26,2022-09-01,4,down,up,0.3321381146332024,0.2682266458615341,0.3996352395052634
Microsoft Corporation,2022-08-29,2022-09-02,4,down,down,0.37123042847481164,0.26134981797502665,0.36741975355016165
Microsoft Corporation,2022-08-30,2022-09-06,4,down,up,0.25548770807026616,0.2580269792221471,0.4864853127075866
Microsoft Corporation,2022-08-31,2022-09-07,4,down,up,0.24534606390208044,0.2530196802003727,0.5016342558975468
Microsoft Corporation,2022-09-01,2022-09-08,4,flat,up,0.23104910325595304,0.2697981585653308,0.4991527381787161
Microsoft Corporation,2022-09-02,2022-09-09,4,flat,up,0.16086237886428892,0.28713085672149435,0.5520067644142167
Microsoft Corporation,2022-09-06,2022-09-12,4,up,up,0.23560502868299205,0.30647821983444684,0.4579167514825611
Microsoft Corporation,2022-09-07,2022-09-13,4,flat,up,0.14523041819129215,0.27411958655733576,0.5806499952513721
Microsoft Corporation,2022-09-08,2022-09-14,4,flat,up,0.14048710125395708,0.2415395658362605,0.6179733329097825
Microsoft Corporation,2022-09-09,2022-09-15,4,down,up,0.13420427554754702,0.27897221833398334,0.5868235061184697
Microsoft Corporation,2022-09-12,2022-09-16,4,down,up,0.10726397548333572,0.2883403505564328,0.6043956739602314
Microsoft Corporation,2022-09-13,2022-09-19,4,down,up,0.1981759831801629,0.34060877394137745,0.46121524287845955
Microsoft Corporation,2022-09-14,2022-09-20,4,down,up,0.09324793691432008,0.3065072202722749,0.6002448428134051
Microsoft Corporation,2022-09-15,2022-09-21,4,flat,up,0.07681565112277888,0.3202089730577674,0.6029753758194537
Microsoft Corporation,2022-09-16,2022-09-22,4,flat,up,0.035324240839157174,0.24641992601026205,0.7182558331505808
Microsoft Corporation,2022-09-19,2022-09-23,4,flat,up,0.019299503116148926,0.20893384149806293,0.7717666553857881
Microsoft Corporation,2022-09-20,2022-09-26,4,flat,up,0.032429643259028154,0.22449721962444177,0.7430731371165301
Microsoft Corporation,2022-09-21,2022-09-27,4,flat,up,0.028996858141067523,0.18873912024007036,0.7822640216188621
Microsoft Corporation,2022-09-22,2022-09-28,4,flat,up,0.04149276772916658,0.17524855244291296,0.7832586798279204
Microsoft Corporation,2022-09-23,2022-09-29,4,flat,up,0.03752283263169865,0.15469746449393493,0.8077797028743664
Microsoft Corporation,2022-09-26,2022-09-30,4,flat,up,0.026257142227931952,0.15806519906654645,0.8156776587055217
Microsoft Corporation,2022-09-27,2022-10-03,4,flat,up,0.02757769179379938,0.16623715022374763,0.806185157982453
Microsoft Corporation,2022-09-28,2022-10-04,4,up,up,0.023440391331578977,0.17257897457988788,0.803980634088533
Microsoft Corporation,2022-09-29,2022-10-05,4,up,up,0.026813544089421285,0.18555562568263734,0.7876308302279413
Microsoft Corporation,2022-09-30,2022-10-06,4,up,up,0.030737925542245883,0.19544680552236585,0.7738152689353882
Microsoft Corporation,2022-10-03,2022-10-07,4,flat,up,0.018484864934953726,0.1568871768960781,0.8246279581689682
Microsoft Corporation,2022-10-04,2022-10-10,4,down,up,0.01605418249527763,0.18608536409002788,0.7978604534146946
Microsoft Corporation,2022-10-05,2022-10-11,4,down,up,0.03271802312760803,0.23914396036167287,0.7281380165107191
Microsoft Corporation,2022-10-06,2022-10-12,4,down,up,0.03136921470536564,0.23510260178363343,0.733528183511001
Microsoft Corporation,2022-10-07,2022-10-13,4,down,up,0.053738305929460176,0.2849226441467524,0.6613390499237874
Microsoft Corporation,2022-10-10,2022-10-14,4,flat,up,0.02642946095573134,0.2350090091261873,0.7385615299180813
Microsoft Corporation,2022-10-11,2022-10-17,4,up,up,0.01099029492850358,0.160321394070233,0.8286883110012635
Microsoft Corporation,2022-10-12,2022-10-18,4,up,up,0.00907600524294266,0.15832513850623806,0.8325988562508193
Microsoft Corporation,2022-10-13,2022-10-19,4,up,up,0.010267502874177744,0.17806042728551333,0.8116720698403089
Microsoft Corporation,2022-10-14,2022-10-20,4,flat,up,0.020309396646059075,0.2163435391783947,0.7633470641755462
Microsoft Corporation,2022-10-17,2022-10-21,4,flat,up,0.048837787061652704,0.24771501227055473,0.7034472006677925
Microsoft Corporation,2022-10-18,2022-10-24,4,flat,up,0.08479921831756143,0.2835058854646677,0.6316948962177709
Microsoft Corporation,2022-10-19,2022-10-25,4,up,up,0.12484105910823853,0.31575634833750976,0.5594025925542518
Microsoft Corporation,2022-10-20,2022-10-26,4,flat,up,0.07723140785696349,0.3428534982849344,0.5799150938581021
Microsoft Corporation,2022-10-21,2022-10-27,4,down,up,0.053825145984602606,0.36126834518296796,0.5849065088324295
Microsoft Corporation,2022-10-24,2022-10-28,4,down,up,0.0376548844562105,0.3804820814819745,0.581863034061815
Microsoft Corporation,2022-10-25,2022-10-31,4,down,up,0.05071538707504516,0.4219162759542711,0.5273683369706837
Microsoft Corporation,2022-10-26,2022-11-01,4,flat,flat,0.1277740391349716,0.5414559490917793,0.33077001177324905
Microsoft Corporation,2022-10-27,2022-11-02,4,flat,up,0.052876688634524965,0.4264011335496384,0.5207221778158367
Microsoft Corporation,2022-10-28,2022-11-03,4,down,up,0.0506335589059589,0.40780524579308824,0.5415611953009528
Microsoft Corporation,2022-10-31,2022-11-04,4,down,up,0.04441071964402696,0.3916183408551436,0.5639709395008295
Microsoft Corporation,2022-11-01,2022-11-07,4,flat,up,0.050317940924661436,0.40608304715689575,0.5435990119184427
Microsoft Corporation,2022-11-02,2022-11-08,4,flat,flat,0.116641763162159,0.46172768395662617,0.4216305528812148
Microsoft Corporation,2022-11-03,2022-11-09,4,up,up,0.10178141340410823,0.4077372837483103,0.4904813028475816
Microsoft Corporation,2022-11-04,2022-11-10,4,up,up,0.05431819537657503,0.28966065702931804,0.656021147594107
Microsoft Corporation,2022-11-07,2022-11-11,4,up,up,0.049323959655694284,0.3074977319244514,0.6431783084198543
Microsoft Corporation,2022-11-08,2022-11-14,4,up,up,0.05871334794463732,0.4091956362689255,0.5320910157864371
Microsoft Corporation,2022-11-09,2022-11-15,4,up,flat,0.10375224419823259,0.4542789500073274,0.4419688057944399
Microsoft Corporation,2022-11-10,2022-11-16,4,flat,flat,0.11801017995147282,0.5267358654880234,0.3552539545605038
Microsoft Corporation,2022-11-11,2022-11-17,4,flat,flat,0.2595206075088414,0.528826812469461,0.21165258002169757
Microsoft Corporation,2022-11-14,2022-11-18,4,flat,flat,0.27006095195034235,0.5457322951266373,0.18420675292302022
Microsoft Corporation,2022-11-15,2022-11-21,4,flat,flat,0.14500827612472125,0.5862727431798576,0.26871898069542116
Microsoft Corporation,2022-11-16,2022-11-22,4,flat,flat,0.17831944119412677,0.6298863228467453,0.1917942359591279
Microsoft Corporation,2022-11-17,2022-11-23,4,flat,flat,0.09346568550162865,0.5913258835390108,0.3152084309593606
Microsoft Corporation,2022-11-18,2022-11-25,4,flat,flat,0.07434136600237885,0.5416174386867891,0.38404119531083214
Microsoft Corporation,2022-11-21,2022-11-28,4,flat,flat,0.1076860034981032,0.545334181105256,0.34697981539664075
Microsoft Corporation,2022-11-22,2022-11-29,4,flat,flat,0.09156169564821706,0.5019816658538594,0.40645663849792363
Microsoft Corporation,2022-11-23,2022-11-30,4,flat,up,0.15401510853805747,0.3967765314516148,0.44920836001032766
Microsoft Corporation,2022-11-25,2022-12-01,4,up,up,0.21181656459261586,0.37333443128918536,0.41484900411819875
Microsoft Corporation,2022-11-28,2022-12-02,4,up,flat,0.23988545972687425,0.39135297590664625,0.3687615643664795
Microsoft Corporation,2022-11-29,2022-12-05,4,up,flat,0.2289745086633065,0.3922854882568933,0.37874000307980027
Microsoft Corporation,2022-11-30,2022-12-06,4,flat,flat,0.19229026395436757,0.4559219130263477,0.35178782301928474
Microsoft Corporation,2022-12-01,2022-12-07,4,down,flat,0.2124695221827212,0.4448265141911248,0.34270396362615396
Microsoft Corporation,2022-12-02,2022-12-08,4,down,flat,0.314922334692953,0.4142769720909404,0.27080069321610645
Microsoft Corporation,2022-12-05,2022-12-09,4,flat,flat,0.3337693026024895,0.40762680668565165,0.258603890711859
Microsoft Corporation,2022-12-06,2022-12-12,4,flat,flat,0.3816056172721614,0.38738402609931444,0.2310103566285242
Microsoft Corporation,2022-12-07,2022-12-13,4,up,flat,0.28040922290738707,0.4001144915790946,0.31947628551351825
Microsoft Corporation,2022-12-08,2022-12-14,4,up,up,0.15986151681848965,0.3980291331877209,0.4421093499937895
Microsoft Corporation,2022-12-09,2022-12-15,4,flat,up,0.20699662597992918,0.39448214657798414,0.3985212274420866
Microsoft Corporation,2022-12-12,2022-12-16,4,flat,up,0.1903544528014327,0.3978243855055205,0.4118211616930469
Microsoft Corporation,2022-12-13,2022-12-19,4,down,flat,0.28712566021723707,0.38873530334225553,0.3241390364405074
Microsoft Corporation,2022-12-14,2022-12-20,4,down,down,0.5474213917333851,0.29951881666164754,0.15305979160496733
Microsoft Corporation,2022-12-15,2022-12-21,4,down,down,0.5523424175219006,0.31216967348109304,0.13548790899700633
Microsoft Corporation,2022-12-16,2022-12-22,4,down,down,0.4530812780415911,0.3665279357907493,0.18039078616765966
Microsoft Corporation,2022-12-19,2022-12-23,4,flat,flat,0.35281673925540413,0.4337507889392573,0.21343247180533864
Microsoft Corporation,2022-12-20,2022-12-27,4,flat,flat,0.17561290778196367,0.4522800957540658,0.3721069964639706
Microsoft Corporation,2022-12-21,2022-12-28,4,flat,flat,0.1477931361245723,0.43842760725704316,0.41377925661838466
Microsoft Corporation,2022-12-22,2022-12-29,4,flat,flat,0.2526256097527708,0.44258874410203064,0.3047856461451987
Microsoft Corporation,2022-12-23,2022-12-30,4,flat,flat,0.2459375406742002,0.3857709566079417,0.3682915027178581
Microsoft Corporation,2022-12-27,2023-01-03,4,flat,up,0.25616277981653385,0.3204746471677409,0.4233625730157254
Microsoft Corporation,2022-12-28,2023-01-04,4,flat,up,0.28419917981852083,0.33234057360400493,0.38346024657747424
Microsoft Corporation,2022-12-29,2023-01-05,4,down,up,0.19766792239378295,0.35325462611909764,0.4490774514871195
Microsoft Corporation,2022-12-30,2023-01-06,4,down,up,0.2379471076503479,0.36464625131771794,0.3974066410319342
Microsoft Corporation,2023-01-03,2023-01-09,4,down,up,0.19916027018831478,0.3857667301635058,0.41507299964817934
Microsoft Corporation,2023-01-04,2023-01-10,4,flat,flat,0.25842928324973835,0.3995898122938103,0.34198090445645135
Microsoft Corporation,2023-01-05,2023-01-11,4,up,up,0.14401248955112628,0.37323537572217896,0.48275213472669476
Microsoft Corporation,2023-01-06,2023-01-12,4,up,up,0.08785119905898793,0.3545762835240756,0.5575725174169364
Microsoft Corporation,2023-01-09,2023-01-13,4,up,up,0.06199851920396784,0.3510470171138833,0.5869544636821489
Microsoft Corporation,2023-01-10,2023-01-17,4,up,up,0.06379198038207495,0.3320778229596443,0.6041301966582808
Microsoft Corporation,2023-01-11,2023-01-18,4,flat,up,0.10336073086643165,0.37981509777883404,0.5168241713547344
Microsoft Corporation,2023-01-12,2023-01-19,4,flat,up,0.16964195769531962,0.3667364183786189,0.46362162392606143
Microsoft Corporation,2023-01-13,2023-01-20,4,flat,up,0.16879278478598267,0.33157369408362947,0.499633521130388
Microsoft Corporation,2023-01-17,2023-01-23,4,flat,up,0.12429049319452101,0.309223335555327,0.5664861712501521
Microsoft Corporation,2023-01-18,2023-01-24,4,flat,up,0.1282016764995528,0.3958974635663222,0.475900859934125
Microsoft Corporation,2023-01-19,2023-01-25,4,flat,up,0.10190081958420241,0.40930809615908215,0.48879108425671547
Microsoft Corporation,2023-01-20,2023-01-26,4,up,up,0.048170353155673334,0.3668019658937627,0.5850276809505639
Microsoft Corporation,2023-01-23,2023-01-27,4,flat,up,0.07170283870957772,0.40009570838923253,0.5282014529011897
Microsoft Corporation,2023-01-24,2023-01-30,4,flat,up,0.08974731667311511,0.3891334341816264,0.5211192491452585
Microsoft Corporation,2023-01-25,2023-01-31,4,up,up,0.10881425527578564,0.35778065785847146,0.533405086865743
Microsoft Corporation,2023-01-26,2023-02-01,4,flat,up,0.10019475489706522,0.37126646916584366,0.5285387759370911
Microsoft Corporation,2023-01-27,2023-02-02,4,up,up,0.1442442423936647,0.3872196600249144,0.46853609758142084
Microsoft Corporation,2023-01-30,2023-02-03,4,up,up,0.16516375090714022,0.3910744212206855,0.4437618278721744
Microsoft Corporation,2023-01-31,2023-02-06,4,up,up,0.1277765245093895,0.40382794268495587,0.46839553280565466
Microsoft Corporation,2023-02-01,2023-02-07,4,up,flat,0.18210287889764745,0.46987973946037137,0.34801738164198115
Microsoft Corporation,2023-02-02,2023-02-08,4,up,flat,0.19426117282634786,0.454024286238166,0.35171454093548615
Microsoft Corporation,2023-02-03,2023-02-09,4,up,flat,0.39307134228734736,0.4049458612202788,0.20198279649237383
Microsoft Corporation,2023-02-06,2023-02-10,4,flat,down,0.4476804969756147,0.3983714960169236,0.1539480070074618
Microsoft Corporation,2023-02-07,2023-02-13,4,flat,flat,0.3812793804463159,0.45744183866249133,0.1612787808911929
Microsoft Corporation,2023-02-08,2023-02-14,4,flat,down,0.5217815103867738,0.3790691754483233,0.09914931416490289
Microsoft Corporation,2023-02-09,2023-02-15,4,flat,down,0.5363610783581609,0.3760205757845289,0.08761834585731017
Microsoft Corporation,2023-02-10,2023-02-16,4,flat,down,0.5261483481223386,0.3958037823264425,0.07804786955121892
Microsoft Corporation,2023-02-13,2023-02-17,4,down,down,0.4937140900745545,0.43012896647252774,0.07615694345291772
Microsoft Corporation,2023-02-14,2023-02-21,4,down,down,0.5680551597433499,0.3604417393192625,0.07150310093738772
Microsoft Corporation,2023-02-15,2023-02-22,4,down,down,0.6094497178313502,0.31847002666304625,0.07208025550560354
Microsoft Corporation,2023-02-16,2023-02-23,4,down,down,0.607508647532515,0.32757678038071414,0.06491457208677083
Microsoft Corporation,2023-02-17,2023-02-24,4,down,down,0.6164535211821578,0.3256893677307583,0.057857111087083794
Microsoft Corporation,2023-02-21,2023-02-27,4,flat,down,0.5322151820597077,0.36421987581242715,0.10356494212786507
Microsoft Corporation,2023-02-22,2023-02-28,4,flat,down,0.460960926864591,0.3865763095451863,0.15246276359022268
Microsoft Corporation,2023-02-23,2023-03-01,4,flat,flat,0.40314654777404213,0.4137056830518729,0.18314776917408487
Microsoft Corporation,2023-02-24,2023-03-02,4,flat,down,0.4660139426253374,0.3801670058465121,0.1538190515281505
Microsoft Corporation,2023-02-27,2023-03-03,4,flat,down,0.43509903449670856,0.3526133691907118,0.21228759631257965
Microsoft Corporation,2023-02-28,2023-03-06,4,up,down,0.48477514137502015,0.30973700845111724,0.2054878501738627
Microsoft Corporation,2023-03-01,2023-03-07,4,up,down,0.39379487463338014,0.3416906316119682,0.2645144937546516
Microsoft Corporation,2023-03-02,2023-03-08,4,flat,flat,0.2775395627577542,0.36616025850038625,0.35630017874185965
Microsoft Corporation,2023-03-03,2023-03-09,4,flat,flat,0.27433112461990405,0.385056146382209,0.340612728997887
Microsoft Corporation,2023-03-06,2023-03-10,4,down,flat,0.23983508916663102,0.39719918729502196,0.36296572353834705
Microsoft Corporation,2023-03-07,2023-03-13,4,flat,flat,0.2836377299746554,0.38275535347904655,0.333606916546298
Microsoft Corporation,2023-03-08,2023-03-14,4,up,up,0.26261435384507603,0.36075640626837463,0.3766292398865492
Microsoft Corporation,2023-03-09,2023-03-15,4,up,up,0.20323542450062665,0.37001465711224596,0.4267499183871273
Microsoft Corporation,2023-03-10,2023-03-16,4,up,up,0.19021944041152986,0.3590222104763035,0.4507583491121666
Microsoft Corporation,2023-03-13,2023-03-17,4,up,up,0.11330793039525873,0.34822324863246845,0.5384688209722729
Microsoft Corporation,2023-03-14,2023-03-20,4,up,up,0.10663277997245903,0.3632012499726106,0.5301659700549304
Microsoft Corporation,2023-03-15,2023-03-21,4,up,up,0.1555390634750981,0.3781040549048367,0.4663568816200652
Microsoft Corporation,2023-03-16,2023-03-22,4,flat,up,0.18635270753459246,0.3813954609213125,0.432251831544095
Microsoft Corporation,2023-03-17,2023-03-23,4,flat,flat,0.37241156347629956,0.38063988022133194,0.24694855630236856
Microsoft Corporation,2023-03-20,2023-03-24,4,flat,down,0.5661361111367212,0.3202930225957081,0.1135708662675706
Microsoft Corporation,2023-03-21,2023-03-27,4,flat,down,0.41481594664005245,0.4011717151151942,0.18401233824475333
Microsoft Corporation,2023-03-22,2023-03-28,4,flat,flat,0.3995160634600343,0.4294898459098888,0.17099409063007678
Microsoft Corporation,2023-03-23,2023-03-29,4,flat,flat,0.3366350192181517,0.49662209131220536,0.16674288946964289
Microsoft Corporation,2023-03-24,2023-03-30,4,flat,flat,0.319448711559685,0.48826475815444803,0.19228653028586692
Microsoft Corporation,2023-03-27,2023-03-31,4,flat,down,0.4355703487110088,0.41786734070135934,0.1465623105876318
Microsoft Corporation,2023-03-28,2023-04-03,4,up,down,0.5091494573731962,0.36159892680813577,0.129251615818668
Microsoft Corporation,2023-03-29,2023-04-04,4,up,down,0.47013542842297606,0.35371932987012494,0.17614524170689888
Microsoft Corporation,2023-03-30,2023-04-05,4,flat,down,0.5528110653380947,0.30436963285964475,0.14281930180226046
Microsoft Corporation,2023-03-31,2023-04-06,4,flat,down,0.5573972267626354,0.3163901069213949,0.1262126663159697
Microsoft Corporation,2023-04-03,2023-04-10,4,flat,down,0.5866393710039541,0.3017745080773239,0.11158612091872186
Microsoft Corporation,2023-04-04,2023-04-11,4,flat,down,0.6292185232149613,0.2725293622708302,0.09825211451420851
Microsoft Corporation,2023-04-05,2023-04-12,4,flat,down,0.6018322989606241,0.27405559321018375,0.12411210782919216
Microsoft Corporation,2023-04-06,2023-04-13,4,flat,down,0.517498874777735,0.3239085543500092,0.15859257087225564
Microsoft Corporation,2023-04-10,2023-04-14,4,flat,down,0.49814138236253713,0.334472873600271,0.16738574403719184
Microsoft Corporation,2023-04-11,2023-04-17,4,flat,down,0.5009682597855879,0.34765131043782654,0.15138042977658556
Microsoft Corporation,2023-04-12,2023-04-18,4,flat,down,0.4139650317491301,0.34941090081108694,0.23662406743978298
Microsoft Corporation,2023-04-13,2023-04-19,4,flat,down,0.41581437616862255,0.32859256693657946,0.25559305689479805
Microsoft Corporation,2023-04-14,2023-04-20,4,flat,down,0.45231302373272525,0.3082536458985382,0.23943333036873649
Microsoft Corporation,2023-04-17,2023-04-21,4,flat,down,0.4283089168633818,0.2993865322947831,0.2723045508418351
Microsoft Corporation,2023-04-18,2023-04-24,4,down,down,0.5108542939939609,0.26897569761004236,0.2201700083959967
Microsoft Corporation,2023-04-19,2023-04-25,4,down,down,0.5080070012475174,0.27450844631277765,0.21748455243970496
Microsoft Corporation,2023-04-20,2023-04-26,4,up,down,0.4445951416163781,0.2874226058538253,0.2679822525297966
Microsoft Corporation,2023-04-21,2023-04-27,4,up,down,0.4266517241875928,0.2895010939962841,0.2838471818161231
Microsoft Corporation,2023-04-24,2023-04-28,4,up,down,0.3796355647163757,0.32048351476282855,0.2998809205207957
Microsoft Corporation,2023-04-25,2023-05-01,4,up,down,0.3541490009222587,0.3238569338666571,0.3219940652110843
Microsoft Corporation,2023-04-26,2023-05-02,4,up,flat,0.2363952349307242,0.4550929563895064,0.30851180867976935
Microsoft Corporation,2023-04-27,2023-05-03,4,flat,down,0.4727353323281197,0.3738686413076661,0.1533960263642141
Microsoft Corporation,2023-04-28,2023-05-04,4,flat,down,0.5107351872761976,0.3445044219234468,0.14476039080035558
Microsoft Corporation,2023-05-01,2023-05-05,4,flat,down,0.6065891779256184,0.28831244659015737,0.10509837548422414
Microsoft Corporation,2023-05-02,2023-05-08,4,flat,down,0.6562601471684016,0.27344090104325497,0.07029895178834333
Microsoft Corporation,2023-05-03,2023-05-09,4,flat,down,0.45336880593927065,0.39261508664666384,0.1540161074140655
Microsoft Corporation,2023-05-04,2023-05-10,4,flat,flat,0.4160799867065807,0.43679262276021946,0.14712739053319987
Microsoft Corporation,2023-05-05,2023-05-11,4,flat,flat,0.3419522995310192,0.5057802036961476,0.15226749677283316
Microsoft Corporation,2023-05-08,2023-05-12,4,flat,flat,0.36672783570502254,0.489950070914955,0.14332209338002228
Microsoft Corporation,2023-05-09,2023-05-15,4,flat,down,0.48759842675544246,0.3688460024444825,0.14355557080007494
Microsoft Corporation,2023-05-10,2023-05-16,4,flat,down,0.49597924658014253,0.3502309645927132,0.15378978882714425
Microsoft Corporation,2023-05-11,2023-05-17,4,flat,down,0.588046352934568,0.295534691935753,0.11641895512967912
Microsoft Corporation,2023-05-12,2023-05-18,4,up,down,0.552688645502723,0.31589066062668886,0.13142069387058805
Microsoft Corporation,2023-05-15,2023-05-19,4,up,down,0.5440962153550376,0.3239785032592791,0.1319252813856833
Microsoft Corporation,2023-05-16,2023-05-22,4,up,down,0.4424749512739609,0.34631562891827433,0.2112094198077647
Microsoft Corporation,2023-05-17,2023-05-23,4,up,down,0.4025834569827248,0.34762426815845515,0.24979227485881994
Microsoft Corporation,2023-05-18,2023-05-24,4,flat,down,0.3988868253631029,0.340287716826218,0.2608254578106791
Microsoft Corporation,2023-05-19,2023-05-25,4,up,down,0.4061284998666149,0.332952836319196,0.2609186638141892
Microsoft Corporation,2023-05-22,2023-05-26,4,up,down,0.3605870023804916,0.33817705310468865,0.30123594451481983
Microsoft Corporation,2023-05-23,2023-05-30,4,up,down,0.3714445489089342,0.33087175761271864,0.2976836934783472
Microsoft Corporation,2023-05-24,2023-05-31,4,up,down,0.41548970190346557,0.27088739356254643,0.313622904533988
Microsoft Corporation,2023-05-25,2023-06-01,4,up,up,0.2924247292011075,0.3288542087015588,0.37872106209733375
Microsoft Corporation,2023-05-26,2023-06-02,4,up,down,0.4413873574090877,0.31763417830636625,0.24097846428454597
Microsoft Corporation,2023-05-30,2023-06-05,4,flat,down,0.4768019175765562,0.3078917385778259,0.21530634384561786
Microsoft Corporation,2023-05-31,2023-06-06,4,flat,down,0.5939377005612195,0.258136267726003,0.1479260317127775
Microsoft Corporation,2023-06-01,2023-06-07,4,flat,down,0.6463039951837609,0.2341580924728952,0.11953791234334385
Microsoft Corporation,2023-06-02,2023-06-08,4,down,down,0.5183114562277694,0.29320053609943697,0.18848800767279367
Microsoft Corporation,2023-06-05,2023-06-09,4,down,down,0.577126401777383,0.2770766760741829,0.14579692214843404
Microsoft Corporation,2023-06-06,2023-06-12,4,flat,down,0.5488779033684726,0.3076302048222715,0.14349189180925584
Microsoft Corporation,2023-06-07,2023-06-13,4,flat,down,0.5799699871092217,0.3023399818100107,0.11769003108076775
Microsoft Corporation,2023-06-08,2023-06-14,4,up,down,0.57365799307191,0.2782745624246954,0.14806744450339462
Microsoft Corporation,2023-06-09,2023-06-15,4,up,down,0.49065797198454625,0.2991066268348963,0.2102354011805574
Microsoft Corporation,2023-06-12,2023-06-16,4,up,down,0.5022262183597419,0.29282074452938145,0.2049530371108766
Microsoft Corporation,2023-06-13,2023-06-20,4,flat,down,0.47292899087380297,0.3098705471962174,0.2172004619299797
Microsoft Corporation,2023-06-14,2023-06-21,4,flat,down,0.5469224332220854,0.2788639558507049,0.1742136109272096
Microsoft Corporation,2023-06-15,2023-06-22,4,flat,down,0.5662265699327538,0.2564481110226681,0.17732531904457818
Microsoft Corporation,2023-06-16,2023-06-23,4,down,down,0.6306752229924752,0.23194300180499064,0.13738177520253406
Microsoft Corporation,2023-06-20,2023-06-26,4,down,down,0.6531782196719924,0.23703877411764787,0.10978300621035961
Microsoft Corporation,2023-06-21,2023-06-27,4,flat,down,0.473093025024498,0.343645469680837,0.18326150529466506
Microsoft Corporation,2023-06-22,2023-06-28,4,flat,flat,0.36875406182709386,0.39928657043907695,0.23195936773382916
Microsoft Corporation,2023-06-23,2023-06-29,4,flat,flat,0.3336442774262938,0.4068488844037126,0.2595068381699937
Microsoft Corporation,2023-06-26,2023-06-30,4,up,flat,0.3257058242946564,0.38634481321579606,0.28794936248954744
Microsoft Corporation,2023-06-27,2023-07-03,4,flat,flat,0.3522704374420145,0.3597326629695332,0.28799689958845237
Microsoft Corporation,2023-06-28,2023-07-05,4,flat,up,0.3408394391847854,0.31804085281656336,0.34111970799865127
Microsoft Corporation,2023-06-29,2023-07-06,4,flat,down,0.3838867722176889,0.27521558044601835,0.3408976473362927
Microsoft Corporation,2023-06-30,2023-07-07,4,flat,up,0.34163104884466877,0.28224987520148376,0.37611907595384747
Microsoft Corporation,2023-07-03,2023-07-10,4,flat,down,0.3903927463641208,0.3022815980040272,0.30732565563185194
Microsoft Corporation,2023-07-05,2023-07-11,4,flat,down,0.345364258223473,0.32528661796275055,0.32934912381377646
Microsoft Corporation,2023-07-06,2023-07-12,4,flat,up,0.292233730353871,0.32984399359900207,0.37792227604712697
Microsoft Corporation,2023-07-07,2023-07-13,4,flat,up,0.27971987134206866,0.3269326374608868,0.39334749119704454
Microsoft Corporation,2023-07-10,2023-07-14,4,up,up,0.23221594049162558,0.3369733258040316,0.4308107337043428
Microsoft Corporation,2023-07-11,2023-07-17,4,up,up,0.16678688365810487,0.31404216938469875,0.5191709469571963
Microsoft Corporation,2023-07-12,2023-07-18,4,up,up,0.13405663963147063,0.3120247993711425,0.5539185609973868
Microsoft Corporation,2023-07-13,2023-07-19,4,up,up,0.15533748811373324,0.3126937373826532,0.5319687745036136
Microsoft Corporation,2023-07-14,2023-07-20,4,flat,up,0.1639261463437741,0.29786227130764004,0.5382115823485859
Microsoft Corporation,2023-07-17,2023-07-21,4,flat,up,0.2631809460132275,0.30005168380942976,0.43676737017734274
Microsoft Corporation,2023-07-18,2023-07-24,4,down,up,0.2724138222156791,0.3482841759569522,0.3793020018273686
Microsoft Corporation,2023-07-19,2023-07-25,4,down,down,0.35774823114562543,0.33981016151174204,0.3024416073426326
Microsoft Corporation,2023-07-20,2023-07-26,4,down,down,0.45013634969157235,0.35223954596582474,0.19762410434260297
Microsoft Corporation,2023-07-21,2023-07-27,4,down,flat,0.3170014869466634,0.4392775765367034,0.24372093651663324
Microsoft Corporation,2023-07-24,2023-07-28,4,flat,flat,0.2943246667503021,0.45569269932449546,0.24998263392520254
Microsoft Corporation,2023-07-25,2023-07-31,4,down,flat,0.2433398018315222,0.43622381356112805,0.32043638460734974
Microsoft Corporation,2023-07-26,2023-08-01,4,flat,flat,0.33072422947932467,0.424428664194991,0.24484710632568438
Microsoft Corporation,2023-07-27,2023-08-02,4,flat,flat,0.3324453734060621,0.41821227488287094,0.24934235171106703
Microsoft Corporation,2023-07-28,2023-08-03,4,flat,flat,0.305258726243711,0.40685998225622905,0.28788129150006003
Microsoft Corporation,2023-07-31,2023-08-04,4,flat,down,0.354677267828049,0.3442138134005256,0.30110891877142554
Microsoft Corporation,2023-08-01,2023-08-07,4,flat,up,0.30886825461323575,0.3318588474360216,0.35927289795074263
Microsoft Corporation,2023-08-02,2023-08-08,4,flat,down,0.3825663074080019,0.35671702259089144,0.26071667000110677
Microsoft Corporation,2023-08-03,2023-08-09,4,flat,flat,0.2981371160404869,0.37658281381809605,0.325280070141417
Microsoft Corporation,2023-08-04,2023-08-10,4,flat,up,0.2342671141197071,0.3806316703169073,0.38510121556338556
Microsoft Corporation,2023-08-07,2023-08-11,4,flat,up,0.20306880800006424,0.32231071053226407,0.4746204814676716
Microsoft Corporation,2023-08-08,2023-08-14,4,flat,up,0.14342717218129272,0.3397163924347265,0.5168564353839807
Microsoft Corporation,2023-08-09,2023-08-15,4,flat,up,0.1247140239018369,0.31474539478508046,0.5605405813130826
Microsoft Corporation,2023-08-10,2023-08-16,4,flat,up,0.1032757141842007,0.2759040787943336,0.6208202070214658
Microsoft Corporation,2023-08-11,2023-08-17,4,flat,up,0.09514401724057824,0.2550704978964208,0.649785484863001
Microsoft Corporation,2023-08-14,2023-08-18,4,flat,up,0.05879180039276158,0.2199515279361427,0.7212566716710958
Microsoft Corporation,2023-08-15,2023-08-21,4,flat,up,0.04238403202194148,0.17884073498474418,0.7787752329933144
Microsoft Corporation,2023-08-16,2023-08-22,4,flat,up,0.031074368544906108,0.14397659753148703,0.8249490339236069
Microsoft Corporation,2023-08-17,2023-08-23,4,up,up,0.02602903521962004,0.11738565072826027,0.8565853140521198
Microsoft Corporation,2023-08-18,2023-08-24,4,up,up,0.027709885324208407,0.1215931394595457,0.8506969752162459
Microsoft Corporation,2023-08-21,2023-08-25,4,flat,up,0.014697783845514548,0.11081248611583198,0.8744897300386535
Microsoft Corporation,2023-08-22,2023-08-28,4,flat,up,0.012888555772835365,0.10424156959738917,0.8828698746297754
Microsoft Corporation,2023-08-23,2023-08-29,4,flat,up,0.015040006283867912,0.10462108624276183,0.8803389074733703
Microsoft Corporation,2023-08-24,2023-08-30,4,flat,up,0.01682423450856224,0.11157240890115441,0.8716033565902833
Microsoft Corporation,2023-08-25,2023-08-31,4,up,up,0.024554782589618077,0.1227964417331538,0.8526487756772282
Microsoft Corporation,2023-08-28,2023-09-01,4,flat,up,0.012118249411414707,0.0955120772376363,0.892369673350949
Microsoft Corporation,2023-08-29,2023-09-05,4,up,up,0.011560356751145787,0.10057270269893777,0.8878669405499164
Microsoft Corporation,2023-08-30,2023-09-06,4,flat,up,0.00964093073950257,0.10154009187171056,0.8888189773887868
Microsoft Corporation,2023-08-31,2023-09-07,4,flat,up,0.011641601976894317,0.1109434818075206,0.877414916215585
Microsoft Corporation,2023-09-01,2023-09-08,4,flat,up,0.015275756446598463,0.1080061456824686,0.876718097870933
Microsoft Corporation,2023-09-05,2023-09-11,4,flat,up,0.016933472459765554,0.10589001136986106,0.8771765161703734
Microsoft Corporation,2023-09-06,2023-09-12,4,flat,up,0.021301936637904834,0.11264415338651533,0.8660539099755798
Microsoft Corporation,2023-09-07,2023-09-13,4,flat,up,0.025442057852393642,0.12454771025105073,0.8500102318965556
Microsoft Corporation,2023-09-08,2023-09-14,4,up,up,0.023212489305805134,0.13487169403400162,0.8419158166601932
Microsoft Corporation,2023-09-11,2023-09-15,4,flat,up,0.026106886938790593,0.14066870309303325,0.8332244099681763
Microsoft Corporation,2023-09-12,2023-09-18,4,flat,up,0.046063159718851956,0.16963483384384698,0.784302006437301
Microsoft Corporation,2023-09-13,2023-09-19,4,down,up,0.04322145712406545,0.1637312380138164,0.7930473048621182
Microsoft Corporation,2023-09-14,2023-09-20,4,down,up,0.03777831287409638,0.15364022325928442,0.8085814638666191
Microsoft Corporation,2023-09-15,2023-09-21,4,down,up,0.06856205751452661,0.18670191318567714,0.7447360292997962
Microsoft Corporation,2023-09-18,2023-09-22,4,down,up,0.046881172880082915,0.1600093654301129,0.7931094616898042
Microsoft Corporation,2023-09-19,2023-09-25,4,down,up,0.043536902839727894,0.1541343907394713,0.8023287064208008
Microsoft Corporation,2023-09-20,2023-09-26,4,down,up,0.051077643018051816,0.17290730421969594,0.7760150527622522
Microsoft Corporation,2023-09-21,2023-09-27,4,down,up,0.051351735686354615,0.17003402868052947,0.7786142356331158
Microsoft Corporation,2023-09-22,2023-09-28,4,down,up,0.05274288802767231,0.16052922340870293,0.7867278885636249
Microsoft Corporation,2023-09-25,2023-09-29,4,flat,up,0.05995845973362415,0.16530917259715897,0.7747323676692168
Microsoft Corporation,2023-09-26,2023-10-02,4,flat,up,0.06000725034519997,0.15486603074980132,0.7851267189049987
Microsoft Corporation,2023-09-27,2023-10-03,4,flat,up,0.05713353060161636,0.13888419490324383,0.8039822744951397
Microsoft Corporation,2023-09-28,2023-10-04,4,flat,up,0.05692787780443823,0.14701501467039635,0.7960571075251655
Microsoft Corporation,2023-09-29,2023-10-05,4,flat,up,0.03949538669928818,0.1469164875418444,0.8135881257588675
Microsoft Corporation,2023-10-02,2023-10-06,4,flat,up,0.045808443083985614,0.15177821431590677,0.8024133426001075
Microsoft Corporation,2023-10-03,2023-10-09,4,up,up,0.062387817039297244,0.17805127514263105,0.7595609078180716
Microsoft Corporation,2023-10-04,2023-10-10,4,up,up,0.04584151359031307,0.17020911938107408,0.7839493670286127
Microsoft Corporation,2023-10-05,2023-10-11,4,up,up,0.03832002291526367,0.1629370441888917,0.7987429328958445
Microsoft Corporation,2023-10-06,2023-10-12,4,up,up,0.033456039899653935,0.18614472578114707,0.780399234319199
Microsoft Corporation,2023-10-09,2023-10-13,4,flat,up,0.033506890554318464,0.20835534977682307,0.7581377596688585
Microsoft Corporation,2023-10-10,2023-10-16,4,flat,up,0.037077096697012896,0.20801484521388644,0.7549080580891007
Microsoft Corporation,2023-10-11,2023-10-17,4,flat,up,0.03653175771458919,0.19394052774932213,0.7695277145360887
Microsoft Corporation,2023-10-12,2023-10-18,4,flat,up,0.0461803409008756,0.19231755097569767,0.7615021081234268
Microsoft Corporation,2023-10-13,2023-10-19,4,flat,up,0.052931264972032654,0.21022655144766242,0.7368421835803048
Microsoft Corporation,2023-10-16,2023-10-20,4,flat,up,0.044125457461964154,0.21584023359318943,0.7400343089448465
Microsoft Corporation,2023-10-17,2023-10-23,4,flat,up,0.06402051659866156,0.2512765743729493,0.684702909028389
Microsoft Corporation,2023-10-18,2023-10-24,4,flat,up,0.060102214840034876,0.24413208540377423,0.6957656997561908
Microsoft Corporation,2023-10-19,2023-10-25,4,up,up,0.07367449609874448,0.22947055470191008,0.6968549491993455
Microsoft Corporation,2023-10-20,2023-10-26,4,flat,up,0.10680257258509397,0.22890646511940102,0.6642909622955051
Microsoft Corporation,2023-10-23,2023-10-27,4,flat,up,0.0894588760187102,0.2077904684453019,0.7027506555359878
Microsoft Corporation,2023-10-24,2023-10-30,4,flat,up,0.0855602012400404,0.19658324917687675,0.7178565495830829
Microsoft Corporation,2023-10-25,2023-10-31,4,flat,up,0.09500942708373492,0.2670581235535225,0.6379324493627426
Microsoft Corporation,2023-10-26,2023-11-01,4,up,up,0.20907786373776327,0.3116191965663375,0.47930293969589916
Microsoft Corporation,2023-10-27,2023-11-02,4,up,up,0.1750443048962074,0.30153283641824474,0.5234228586855478
Microsoft Corporation,2023-10-30,2023-11-03,4,up,up,0.15931222640740825,0.32265126730292965,0.518036506289662
Microsoft Corporation,2023-10-31,2023-11-06,4,up,up,0.18462721956313122,0.3350755622631303,0.48029721817373866
Microsoft Corporation,2023-11-01,2023-11-07,4,up,up,0.1233686625234279,0.3333849321693506,0.5432464053072215
Microsoft Corporation,2023-11-02,2023-11-08,4,up,up,0.18762986845627005,0.3786012699910548,0.43376886155267513
Microsoft Corporation,2023-11-03,2023-11-09,4,up,up,0.22970865846993002,0.38361727804040474,0.3866740634896653
Microsoft Corporation,2023-11-06,2023-11-10,4,up,up,0.25312147817831887,0.35297333856885377,0.3939051832528273
Microsoft Corporation,2023-11-07,2023-11-13,4,flat,down,0.35268935244171024,0.32589936569808453,0.3214112818602052
Microsoft Corporation,2023-11-08,2023-11-14,4,up,flat,0.3382416173065465,0.3778989276766618,0.2838594550167918
Microsoft Corporation,2023-11-09,2023-11-15,4,up,flat,0.3563048308845756,0.398669168919992,0.24502600019543247
Microsoft Corporation,2023-11-10,2023-11-16,4,up,flat,0.3710789241111868,0.39666831664666746,0.23225275924214583
Microsoft Corporation,2023-11-13,2023-11-17,4,flat,down,0.4213226145609797,0.37998909886261967,0.19868828657640053
Microsoft Corporation,2023-11-14,2023-11-20,4,flat,down,0.41520226830109125,0.35429535497227704,0.23050237672663174
Microsoft Corporation,2023-11-15,2023-11-21,4,flat,down,0.4441237425934843,0.3260022679738241,0.2298739894326916
Microsoft Corporation,2023-11-16,2023-11-22,4,flat,down,0.46550822224249067,0.30782584316902606,0.22666593458848344
Microsoft Corporation,2023-11-17,2023-11-24,4,flat,down,0.5448649711377683,0.2689822073383027,0.1861528215239291
Microsoft Corporation,2023-11-20,2023-11-27,4,flat,down,0.5458185569451833,0.269682710700454,0.18449873235436265
Microsoft Corporation,2023-11-21,2023-11-28,4,up,down,0.5862850676272193,0.25676797651715866,0.1569469558556219
Microsoft Corporation,2023-11-22,2023-11-29,4,flat,down,0.6092962452543565,0.24635126919216094,0.14435248555348254
Microsoft Corporation,2023-11-24,2023-11-30,4,flat,down,0.66104910512339,0.20629984311928973,0.1326510517573204
Microsoft Corporation,2023-11-27,2023-12-01,4,flat,down,0.646062089791957,0.20552939834610778,0.14840851186193524
Microsoft Corporation,2023-11-28,2023-12-04,4,down,down,0.6088520111002595,0.2152229368612383,0.1759250520385021
Microsoft Corporation,2023-11-29,2023-12-05,4,down,down,0.6123240473981414,0.21697298873558682,0.1707029638662719
Microsoft Corporation,2023-11-30,2023-12-06,4,down,down,0.6042134509546786,0.21755115017537127,0.17823539886995002
Microsoft Corporation,2023-12-01,2023-12-07,4,flat,down,0.546135700726351,0.23752008060504032,0.21634421866860884
Microsoft Corporation,2023-12-04,2023-12-08,4,flat,down,0.5681740354823817,0.23756675936616073,0.1942592051514577
Microsoft Corporation,2023-12-05,2023-12-11,4,flat,down,0.41421230312917495,0.28195276916002465,0.3038349277108004
Microsoft Corporation,2023-12-06,2023-12-12,4,flat,down,0.41310506008090886,0.26934187414274646,0.31755306577634457
Microsoft Corporation,2023-12-07,2023-12-13,4,flat,down,0.4146972952066432,0.2609793548461075,0.3243233499472492
Microsoft Corporation,2023-12-08,2023-12-14,4,flat,up,0.31836174918147797,0.2467694868331165,0.43486876398540547
Microsoft Corporation,2023-12-11,2023-12-15,4,flat,down,0.39930976318862055,0.2215138520052952,0.37917638480608434
Microsoft Corporation,2023-12-12,2023-12-18,4,flat,up,0.2806242974317095,0.22482087606430123,0.49455482650398935
Microsoft Corporation,2023-12-13,2023-12-19,4,flat,up,0.25332161868920994,0.23642903076813993,0.5102493505426501
Microsoft Corporation,2023-12-14,2023-12-20,4,flat,up,0.30372515415879797,0.2686879303917811,0.4275869154494209
Microsoft Corporation,2023-12-15,2023-12-21,4,flat,up,0.20067106974866275,0.29559171887338387,0.5037372113779534
Microsoft Corporation,2023-12-18,2023-12-22,4,flat,up,0.18001385652760418,0.27705845655096095,0.5429276869214349
Microsoft Corporation,2023-12-19,2023-12-26,4,flat,up,0.1469854855766421,0.2552078689228966,0.5978066455004614
Microsoft Corporation,2023-12-20,2023-12-27,4,flat,up,0.11900362744444141,0.24568111495998007,0.6353152575955785
Microsoft Corporation,2023-12-21,2023-12-28,4,flat,up,0.13614432455156428,0.23726584764102415,0.6265898278074116
Microsoft Corporation,2023-12-22,2023-12-29,4,flat,up,0.08405034161260123,0.19346800084577956,0.7224816575416192
Microsoft Corporation,2023-12-26,2024-01-02,4,flat,up,0.07024442399173085,0.16498071528771296,0.7647748607205562
Microsoft Corporation,2023-12-27,2024-01-03,4,flat,up,0.06917460611821957,0.1612078288181851,0.7696175650635954
Microsoft Corporation,2023-12-28,2024-01-04,4,down,up,0.04623983728915374,0.1554837425509421,0.7982764201599042
Microsoft Corporation,2023-12-29,2024-01-05,4,down,up,0.039836754862434466,0.13951350112243774,0.8206497440151278
Microsoft Corporation,2024-01-02,2024-01-08,4,flat,up,0.04645397881615564,0.1392478720941297,0.8142981490897148
Microsoft Corporation,2024-01-03,2024-01-09,4,flat,up,0.04098399403167296,0.12603653736270348,0.8329794686056236
Microsoft Corporation,2024-01-04,2024-01-10,4,up,up,0.03908030439141706,0.12082372600725062,0.8400959696013324
Microsoft Corporation,2024-01-05,2024-01-11,4,up,up,0.03403604886275933,0.11179272371055762,0.854171227426683
Microsoft Corporation,2024-01-08,2024-01-12,4,up,up,0.026995670740201004,0.10387393991274511,0.8691303893470538
Microsoft Corporation,2024-01-09,2024-01-16,4,up,up,0.032020779983866265,0.10650114762592493,0.8614780723902088
Microsoft Corporation,2024-01-10,2024-01-17,4,up,up,0.030267704475461135,0.11369735240034677,0.856034943124192
Microsoft Corporation,2024-01-11,2024-01-18,4,up,up,0.043300112435234704,0.13028050843908467,0.8264193791256806
Microsoft Corporation,2024-01-12,2024-01-19,4,up,up,0.05701349302909866,0.14380318053619967,0.7991833264347018
Microsoft Corporation,2024-01-16,2024-01-22,4,up,up,0.05800271320934386,0.16441614783619296,0.7775811389544631
Microsoft Corporation,2024-01-17,2024-01-23,4,up,up,0.09297339245314878,0.20710517308917917,0.6999214344576721
Microsoft Corporation,2024-01-18,2024-01-24,4,up,up,0.06645789082267281,0.2126228113611435,0.7209192978161837
Microsoft Corporation,2024-01-19,2024-01-25,4,up,up,0.07988452340161617,0.24353903254399523,0.6765764440543887
Microsoft Corporation,2024-01-22,2024-01-26,4,up,up,0.1183653131568371,0.2748203453405933,0.6068143415025696
Microsoft Corporation,2024-01-23,2024-01-29,4,up,up,0.11973647418953096,0.26388982803307953,0.6163736977773896
Microsoft Corporation,2024-01-24,2024-01-30,4,up,up,0.1522419655722693,0.26100908757478114,0.5867489468529495
Microsoft Corporation,2024-01-25,2024-01-31,4,flat,up,0.19989677475681952,0.2574646403959183,0.5426385848472621
Microsoft Corporation,2024-01-26,2024-02-01,4,flat,up,0.225009029866727,0.2611042809549124,0.5138866891783606
Microsoft Corporation,2024-01-29,2024-02-02,4,flat,up,0.24249580508695145,0.26427449824708293,0.4932296966659656
Microsoft Corporation,2024-01-30,2024-02-05,4,flat,up,0.2866629276033858,0.28468559885344813,0.4286514735431661
Microsoft Corporation,2024-01-31,2024-02-06,4,flat,down,0.3899530211499143,0.27285593486735193,0.33719104398273375
Microsoft Corporation,2024-02-01,2024-02-07,4,up,up,0.35020235946397027,0.2776769355267751,0.37212070500925465
Microsoft Corporation,2024-02-02,2024-02-08,4,flat,down,0.3539404676799132,0.2925537727715778,0.35350575954850905
Microsoft Corporation,2024-02-05,2024-02-09,4,up,down,0.377022674963389,0.2969096551202762,0.3260676699163349
Microsoft Corporation,2024-02-06,2024-02-12,4,up,down,0.3768603162978586,0.27731963545307653,0.34582004824906476
Microsoft Corporation,2024-02-07,2024-02-13,4,flat,down,0.368794320752075,0.28423456226702865,0.3469711169808962
Microsoft Corporation,2024-02-08,2024-02-14,4,flat,down,0.37997222417523263,0.2716464487176569,0.3483813271071104
Microsoft Corporation,2024-02-09,2024-02-15,4,down,up,0.36967928666650657,0.2589283090583646,0.3713924042751288
Microsoft Corporation,2024-02-12,2024-02-16,4,down,down,0.41315093674183606,0.25940923513156233,0.32743982812660155
Microsoft Corporation,2024-02-13,2024-02-20,4,flat,down,0.4567786415763206,0.2818430979762269,0.26137826044745255
Microsoft Corporation,2024-02-14,2024-02-21,4,flat,up,0.2605715546580653,0.3127388441235315,0.4266896012184032
Microsoft Corporation,2024-02-15,2024-02-22,4,flat,up,0.2934424952226529,0.3119324651054988,0.3946250396718483
Microsoft Corporation,2024-02-16,2024-02-23,4,flat,up,0.24978603895424342,0.32361946544515297,0.42659449560060375
Microsoft Corporation,2024-02-20,2024-02-26,4,flat,up,0.22012452157635437,0.3100087527587812,0.46986672566486437
Microsoft Corporation,2024-02-21,2024-02-27,4,flat,up,0.2137951727769883,0.25520595962113535,0.5309988676018763
Microsoft Corporation,2024-02-22,2024-02-28,4,flat,up,0.14312601943872585,0.23183394454845285,0.6250400360128213
Microsoft Corporation,2024-02-23,2024-02-29,4,flat,up,0.19156084237884335,0.21467599396429637,0.5937631636568602
Microsoft Corporation,2024-02-26,2024-03-01,4,flat,up,0.1800046077192314,0.21879551535063987,0.6011998769301288
Microsoft Corporation,2024-02-27,2024-03-04,4,up,up,0.14111129589035445,0.2413860795368155,0.6175026245728301
Microsoft Corporation,2024-02-28,2024-03-05,4,flat,up,0.10531982242997724,0.2116336741669057,0.683046503403117
Microsoft Corporation,2024-02-29,2024-03-06,4,down,up,0.07135431413831257,0.20359059355514877,0.7250550923065386
Microsoft Corporation,2024-03-01,2024-03-07,4,down,up,0.064292633597313,0.20982069393847383,0.7258866724642131
Microsoft Corporation,2024-03-04,2024-03-08,4,down,up,0.062199888025211966,0.21683037586878637,0.7209697361060016
Microsoft Corporation,2024-03-05,2024-03-11,4,flat,up,0.0741792717139323,0.2129646633746782,0.7128560649113895
Microsoft Corporation,2024-03-06,2024-03-12,4,up,up,0.06976111986259352,0.17760233960415917,0.7526365405332472
Microsoft Corporation,2024-03-07,2024-03-13,4,up,up,0.04666886513392702,0.16490077839446524,0.7884303564716078
Microsoft Corporation,2024-03-08,2024-03-14,4,up,up,0.05116549448810373,0.18419650293008658,0.7646380025818096
Microsoft Corporation,2024-03-11,2024-03-15,4,up,up,0.045977759269223595,0.17979828751822546,0.774223953212551
Microsoft Corporation,2024-03-12,2024-03-18,4,flat,up,0.03759868010900793,0.17170578506564263,0.7906955348253495
Microsoft Corporation,2024-03-13,2024-03-19,4,flat,up,0.05703670768886321,0.16238611143890028,0.7805771808722365
Microsoft Corporation,2024-03-14,2024-03-20,4,flat,up,0.06085522178151784,0.16670257758893733,0.7724422006295447
Microsoft Corporation,2024-03-15,2024-03-21,4,up,up,0.11640440670432062,0.21903735212806477,0.6645582411676146
Microsoft Corporation,2024-03-18,2024-03-22,4,up,up,0.10212267500818702,0.2610862798149682,0.6367910451768449
Microsoft Corporation,2024-03-19,2024-03-25,4,flat,up,0.0705652803991689,0.2636802644494166,0.6657544551514145
Microsoft Corporation,2024-03-20,2024-03-26,4,flat,up,0.06945120983833199,0.25389548818956875,0.6766533019720992
Microsoft Corporation,2024-03-21,2024-03-27,4,flat,up,0.07057688156880512,0.2629179766152529,0.666505141815942
Microsoft Corporation,2024-03-22,2024-03-28,4,down,up,0.11082248235282544,0.29892670992961856,0.590250807717556
Microsoft Corporation,2024-03-25,2024-04-01,4,flat,up,0.11786926585456373,0.2494410380654345,0.6326896960800018
Microsoft Corporation,2024-03-26,2024-04-02,4,flat,up,0.1068257430623891,0.22452934439513544,0.6686449125424755
Microsoft Corporation,2024-03-27,2024-04-03,4,flat,up,0.11707156654216097,0.22395050493240418,0.6589779285254348
Microsoft Corporation,2024-03-28,2024-04-04,4,flat,up,0.09332958837042839,0.23924549129670303,0.6674249203328686
Microsoft Corporation,2024-04-01,2024-04-05,4,flat,up,0.08039494857788133,0.2379750157981823,0.6816300356239364
Microsoft Corporation,2024-04-02,2024-04-08,4,flat,up,0.11317115549836304,0.23026662548423796,0.656562219017399
Microsoft Corporation,2024-04-03,2024-04-09,4,flat,up,0.07975064744317448,0.17305088097815402,0.7471984715786716
Microsoft Corporation,2024-04-04,2024-04-10,4,flat,up,0.07243160715778221,0.14299040622566836,0.7845779866165494
Microsoft Corporation,2024-04-05,2024-04-11,4,flat,up,0.06409526549333444,0.1360777855870783,0.7998269489195872
Microsoft Corporation,2024-04-08,2024-04-12,4,flat,up,0.04079495932910798,0.12492910611380349,0.8342759345570886
Microsoft Corporation,2024-04-09,2024-04-15,4,flat,up,0.041088646596400734,0.12326866847611462,0.8356426849274847
Microsoft Corporation,2024-04-10,2024-04-16,4,down,up,0.04425128160693868,0.12977430599613288,0.8259744123969285
Microsoft Corporation,2024-04-11,2024-04-17,4,down,up,0.030277047877755446,0.11885052784933885,0.8508724242729058
Microsoft Corporation,2024-04-12,2024-04-18,4,down,up,0.05268629757694815,0.14074463034352183,0.8065690720795301
Microsoft Corporation,2024-04-15,2024-04-19,4,down,up,0.04702037329117431,0.15502355415992689,0.7979560725488988
Microsoft Corporation,2024-04-16,2024-04-22,4,down,up,0.047410487914089285,0.15553975333629347,0.7970497587496173
Microsoft Corporation,2024-04-17,2024-04-23,4,down,up,0.04679377918874135,0.15493779420386433,0.7982684266073944
Microsoft Corporation,2024-04-18,2024-04-24,4,flat,up,0.0550404643283102,0.16354131164352892,0.7814182240281609
Microsoft Corporation,2024-04-19,2024-04-25,4,flat,up,0.05181134288275206,0.14690363293834457,0.8012850241789033
Microsoft Corporation,2024-04-22,2024-04-26,4,up,up,0.04242123893364876,0.13454071083482985,0.8230380502315213
Microsoft Corporation,2024-04-23,2024-04-29,4,flat,up,0.032862789229519955,0.12940084290700682,0.8377363678634733
Microsoft Corporation,2024-04-24,2024-04-30,4,down,up,0.028800660421846754,0.10442581323811878,0.8667735263400344
Microsoft Corporation,2024-04-25,2024-05-01,4,flat,up,0.057676865884660526,0.15475160253653897,0.7875715315788004
Microsoft Corporation,2024-04-26,2024-05-02,4,down,up,0.02331925711977686,0.14823590117384694,0.8284448417063761
Microsoft Corporation,2024-04-29,2024-05-03,4,flat,up,0.052894263690466785,0.19920746090944486,0.7478982754000884
Microsoft Corporation,2024-04-30,2024-05-06,4,up,up,0.035556639979614106,0.19881012871345483,0.7656332313069311
Microsoft Corporation,2024-05-01,2024-05-07,4,up,up,0.0223311227984286,0.2071650772188503,0.7705037999827211
Microsoft Corporation,2024-05-02,2024-05-08,4,up,up,0.029022093179856063,0.24825253964353314,0.7227253671766108
Microsoft Corporation,2024-05-03,2024-05-09,4,flat,up,0.0117774374244128,0.17076783222398925,0.817454730351598
Microsoft Corporation,2024-05-06,2024-05-10,4,flat,up,0.01821820295660147,0.16895589219510102,0.8128259048482975
Microsoft Corporation,2024-05-07,2024-05-13,4,flat,up,0.02660739159183547,0.18390424401021951,0.789488364397945
Microsoft Corporation,2024-05-08,2024-05-14,4,flat,up,0.02030975102669181,0.1812766468725147,0.7984136021007935
Microsoft Corporation,2024-05-09,2024-05-15,4,up,up,0.016679785039304226,0.13505018445690387,0.848270030503792
Microsoft Corporation,2024-05-10,2024-05-16,4,flat,up,0.012162681626857153,0.14516928956355962,0.8426680288095831
Microsoft Corporation,2024-05-13,2024-05-17,4,flat,up,0.010243871041543923,0.1642368341071668,0.8255192948512892
Microsoft Corporation,2024-05-14,2024-05-20,4,flat,up,0.01282625500158639,0.18412159591206226,0.8030521490863514
Microsoft Corporation,2024-05-15,2024-05-21,4,up,up,0.00960802934764149,0.14026202140061905,0.8501299492517395
Microsoft Corporation,2024-05-16,2024-05-22,4,up,up,0.01309347037884816,0.12301852000587755,0.8638880096152743
Microsoft Corporation,2024-05-17,2024-05-23,4,up,up,0.017560607808458292,0.12329084110405451,0.8591485510874872
Microsoft Corporation,2024-05-20,2024-05-24,4,flat,up,0.015936103385938573,0.11860804030556814,0.8654558563084933
Microsoft Corporation,2024-05-21,2024-05-28,4,flat,up,0.018039865252208458,0.1296183632449785,0.8523417715028131
Microsoft Corporation,2024-05-22,2024-05-29,4,flat,up,0.02312975630598906,0.1398678504411529,0.8370023932528581
Microsoft Corporation,2024-05-23,2024-05-30,4,down,up,0.0322141970074385,0.14353821267477415,0.8242475903177874
Microsoft Corporation,2024-05-24,2024-05-31,4,down,up,0.04460696126569806,0.14970352593031733,0.8056895128039846
Microsoft Corporation,2024-05-28,2024-06-03,4,down,up,0.043202076854093385,0.146655228278186,0.8101426948677206
Microsoft Corporation,2024-05-29,2024-06-04,4,down,up,0.052051824981618734,0.13873209855525098,0.8092160764631302
Microsoft Corporation,2024-05-30,2024-06-05,4,flat,up,0.0761911292778458,0.17970419360247253,0.7441046771196818
Microsoft Corporation,2024-05-31,2024-06-06,4,up,up,0.06429227519011058,0.1895694300067018,0.7461382948031877
Microsoft Corporation,2024-06-03,2024-06-07,4,up,up,0.048442530955480644,0.15577949854823794,0.7957779704962815
Microsoft Corporation,2024-06-04,2024-06-10,4,up,up,0.052215645549291034,0.1397210782982947,0.8080632761524142
Microsoft Corporation,2024-06-05,2024-06-11,4,up,up,0.039760860644107575,0.12562670771329618,0.8346124316425962
Microsoft Corporation,2024-06-06,2024-06-12,4,up,up,0.05820993267931653,0.13523894841746434,0.8065511189032192
Microsoft Corporation,2024-06-07,2024-06-13,4,up,up,0.060031323049235946,0.12877759581370246,0.8111910811370616
Microsoft Corporation,2024-06-10,2024-06-14,4,up,up,0.052566293496148594,0.11702681717998724,0.8304068893238641
Microsoft Corporation,2024-06-14,2024-06-18,4,up,up,0.06709696009971566,0.2330079105185689,0.6998951293817155
NVIDIA Corporation,2021-07-22,2021-07-28,4,flat,up,0.39964818837835364,0.1450102235866994,0.45534158803494706
NVIDIA Corporation,2021-07-23,2021-07-29,4,flat,down,0.4544108429092432,0.12922417918009632,0.41636497791066046
NVIDIA Corporation,2021-07-26,2021-07-30,4,flat,up,0.386004548213695,0.14310530102566874,0.47089015076063623
NVIDIA Corporation,2021-07-27,2021-08-02,4,flat,up,0.2431870152442507,0.17918978235123317,0.577623202404516
NVIDIA Corporation,2021-07-28,2021-08-03,4,flat,up,0.18458089336944522,0.24991654086502962,0.5655025657655252
NVIDIA Corporation,2021-07-29,2021-08-04,4,flat,up,0.1700462903922727,0.3313176155024986,0.49863609410522863
NVIDIA Corporation,2021-07-30,2021-08-05,4,up,up,0.22700036292554826,0.34540672741108386,0.42759290966336777
NVIDIA Corporation,2021-08-02,2021-08-06,4,flat,up,0.2168779122214827,0.310239406807158,0.47288268097135927
NVIDIA Corporation,2021-08-03,2021-08-09,4,flat,up,0.26884345886800765,0.28396306559986695,0.44719347553212535
NVIDIA Corporation,2021-08-04,2021-08-10,4,flat,up,0.2444003250386937,0.25639273259418704,0.49920694236711927
NVIDIA Corporation,2021-08-05,2021-08-11,4,down,up,0.24233450383772978,0.26484081562182776,0.49282468054044243
NVIDIA Corporation,2021-08-06,2021-08-12,4,flat,up,0.3097966812673393,0.2587239700836018,0.4314793486490589
NVIDIA Corporation,2021-08-09,2021-08-13,4,flat,up,0.26907382568831123,0.23896898050299908,0.4919571938086898
NVIDIA Corporation,2021-08-10,2021-08-16,4,flat,up,0.2727318358105,0.20270761995288752,0.5245605442366125
NVIDIA Corporation,2021-08-11,2021-08-17,4,flat,up,0.2783493612524388,0.19561231935151796,0.5260383193960433
NVIDIA Corporation,2021-08-12,2021-08-18,4,flat,up,0.24971081313534457,0.19276305470770688,0.5575261321569486
NVIDIA Corporation,2021-08-13,2021-08-19,4,flat,up,0.2990878645458615,0.17786434083409333,0.5230477946200451
NVIDIA Corporation,2021-08-16,2021-08-20,4,flat,up,0.3614263296841621,0.16001432393093162,0.4785593463849062
NVIDIA Corporation,2021-08-17,2021-08-23,4,up,up,0.4160153293170429,0.13090852893084776,0.4530761417521093
NVIDIA Corporation,2021-08-18,2021-08-24,4,up,up,0.38189293005016167,0.11591342012901233,0.502193649820826
NVIDIA Corporation,2021-08-19,2021-08-25,4,up,up,0.26152237712867155,0.14642000901716148,0.5920576138541669
NVIDIA Corporation,2021-08-20,2021-08-26,4,up,up,0.22092620163968563,0.1785170167820973,0.600556781578217
NVIDIA Corporation,2021-08-23,2021-08-27,4,up,up,0.22299388522275784,0.23363394319233471,0.5433721715849075
NVIDIA Corporation,2021-08-24,2021-08-30,4,up,up,0.3172352422038414,0.26755119755731444,0.4152135602388442
NVIDIA Corporation,2021-08-25,2021-08-31,4,flat,up,0.27355091297841083,0.2865410795127318,0.4399080075088574
NVIDIA Corporation,2021-08-26,2021-09-01,4,flat,up,0.2364822131144502,0.3122480813900097,0.45126970549554
NVIDIA Corporation,2021-08-27,2021-09-02,4,flat,up,0.16861707056693,0.39155752824789714,0.4398254011851728
NVIDIA Corporation,2021-08-30,2021-09-03,4,flat,flat,0.1563548348340864,0.4886055803592598,0.3550395848066538
NVIDIA Corporation,2021-08-31,2021-09-07,4,flat,flat,0.2104231973344039,0.5019632522239693,0.2876135504416268
NVIDIA Corporation,2021-09-01,2021-09-08,4,flat,flat,0.23284340920890856,0.4377393119263505,0.329417278864741
NVIDIA Corporation,2021-09-02,2021-09-09,4,flat,up,0.3097050540290168,0.31426379210109634,0.3760311538698868
NVIDIA Corporation,2021-09-03,2021-09-10,4,flat,up,0.3662719773901933,0.2528152729775278,0.3809127496322789
NVIDIA Corporation,2021-09-07,2021-09-13,4,flat,down,0.4159712220465704,0.22467887706816342,0.3593499008852661
NVIDIA Corporation,2021-09-08,2021-09-14,4,flat,down,0.5082000207055308,0.19368439109076602,0.2981155882037032
NVIDIA Corporation,2021-09-09,2021-09-15,4,flat,down,0.4598349903302934,0.13754427285063187,0.40262073681907473
NVIDIA Corporation,2021-09-10,2021-09-16,4,flat,down,0.4603293723808097,0.10832419475116917,0.4313464328680213
NVIDIA Corporation,2021-09-13,2021-09-17,4,flat,down,0.47440644854892877,0.10388453314694958,0.4217090183041217
NVIDIA Corporation,2021-09-14,2021-09-20,4,down,down,0.4489545601949549,0.10696557787659472,0.4440798619284504
NVIDIA Corporation,2021-09-15,2021-09-21,4,down,up,0.40074386784085225,0.09747220714976297,0.5017839250093847
NVIDIA Corporation,2021-09-16,2021-09-22,4,down,up,0.36575575569763225,0.0888160105012188,0.5454282338011488
NVIDIA Corporation,2021-09-17,2021-09-23,4,flat,up,0.30155648127834683,0.07822957122246092,0.6202139474991923
NVIDIA Corporation,2021-09-20,2021-09-24,4,up,up,0.40917423563296956,0.09209987875804726,0.498725885608983
NVIDIA Corporation,2021-09-21,2021-09-27,4,flat,up,0.24798161477387176,0.08970956708097771,0.6623088181451504
NVIDIA Corporation,2021-09-22,2021-09-28,4,down,up,0.27250327120902135,0.0969134363806829,0.6305832924102956
NVIDIA Corporation,2021-09-23,2021-09-29,4,down,up,0.2890000233350113,0.11232858023357474,0.598671396431414
NVIDIA Corporation,2021-09-24,2021-09-30,4,down,up,0.41928191956358607,0.12029680477376659,0.46042127566264723
NVIDIA Corporation,2021-09-27,2021-10-01,4,down,up,0.37605827216866056,0.12003390575410154,0.5039078220772378
NVIDIA Corporation,2021-09-28,2021-10-04,4,down,up,0.32181011001719484,0.1167272482780886,0.5614626417047166
NVIDIA Corporation,2021-09-29,2021-10-05,4,flat,up,0.23853217322454465,0.11565495168765347,0.6458128750878019
NVIDIA Corporation,2021-09-30,2021-10-06,4,flat,up,0.24035617901274822,0.1577662749122916,0.6018775460749602
NVIDIA Corporation,2021-10-01,2021-10-07,4,flat,up,0.3095865761421911,0.169950501502051,0.5204629223557579
NVIDIA Corporation,2021-10-04,2021-10-08,4,up,up,0.41331178033393645,0.16271699805748632,0.4239712216085772
NVIDIA Corporation,2021-10-05,2021-10-11,4,flat,up,0.34333099785773513,0.13437525301581796,0.522293749126447
NVIDIA Corporation,2021-10-06,2021-10-12,4,flat,up,0.3842510942371356,0.1264094396338954,0.48933946612896906
NVIDIA Corporation,2021-10-07,2021-10-13,4,flat,up,0.28681406664916576,0.1583330463870953,0.5548528869637389
NVIDIA Corporation,2021-10-08,2021-10-14,4,flat,up,0.3891246344150077,0.17821218252669901,0.4326631830582933
NVIDIA Corporation,2021-10-11,2021-10-15,4,up,up,0.3254340269643898,0.20522727166960456,0.4693387013660058
NVIDIA Corporation,2021-10-12,2021-10-18,4,up,up,0.2366065002072209,0.1955860742134155,0.5678074255793636
NVIDIA Corporation,2021-10-13,2021-10-19,4,up,up,0.22289104504510052,0.19424854541025194,0.5828604095446476
NVIDIA Corporation,2021-10-14,2021-10-20,4,up,up,0.17695120212201554,0.25707072937954056,0.5659780684984439
NVIDIA Corporation,2021-10-15,2021-10-21,4,flat,up,0.2271240153769643,0.2883884362568835,0.4844875483661523
NVIDIA Corporation,2021-10-18,2021-10-22,4,up,up,0.28076789880057396,0.2686509419142691,0.45058115928515685
NVIDIA Corporation,2021-10-19,2021-10-25,4,up,up,0.2664528193683532,0.2262138736807527,0.5073333069508941
NVIDIA Corporation,2021-10-20,2021-10-26,4,up,up,0.2924171114894683,0.20597019204788417,0.5016126964626475
NVIDIA Corporation,2021-10-21,2021-10-27,4,up,up,0.24218623304121706,0.23733170318683058,0.5204820637719524
NVIDIA Corporation,2021-10-22,2021-10-28,4,up,up,0.235667822998312,0.23808377891138682,0.5262483980903011
NVIDIA Corporation,2021-10-25,2021-10-29,4,up,up,0.29236922679167865,0.23391547819134728,0.47371529501697396
NVIDIA Corporation,2021-10-26,2021-11-01,4,up,up,0.20577497985965787,0.2725477292774257,0.5216772908629164
NVIDIA Corporation,2021-10-27,2021-11-02,4,up,down,0.40999330276794205,0.26915312680947734,0.3208535704225807
NVIDIA Corporation,2021-10-28,2021-11-03,4,up,down,0.36501773156533396,0.28151610139773803,0.35346616703692796
NVIDIA Corporation,2021-10-29,2021-11-04,4,up,up,0.31364521480990204,0.2955580823108382,0.3907967028792597
NVIDIA Corporation,2021-11-01,2021-11-05,4,up,up,0.3229147815497712,0.3099854076911245,0.36709981075910425
NVIDIA Corporation,2021-11-02,2021-11-08,4,up,flat,0.287461782812172,0.388630409877636,0.32390780731019214
NVIDIA Corporation,2021-11-03,2021-11-09,4,up,flat,0.34191771304184093,0.3685530379157012,0.28952924904245786
NVIDIA Corporation,2021-11-04,2021-11-10,4,flat,flat,0.16002432587461324,0.5940849560222028,0.2458907181031839
NVIDIA Corporation,2021-11-05,2021-11-11,4,flat,flat,0.25942476527681085,0.5958885709328419,0.14468666379034728
NVIDIA Corporation,2021-11-08,2021-11-12,4,flat,flat,0.29737691910554004,0.6091835077938025,0.09343957310065744
NVIDIA Corporation,2021-11-09,2021-11-15,4,flat,flat,0.14954909307532752,0.7624925436913911,0.08795836323328134
NVIDIA Corporation,2021-11-10,2021-11-16,4,flat,flat,0.16641192163606908,0.7717792011980451,0.061808877165885685
NVIDIA Corporation,2021-11-11,2021-11-17,4,flat,flat,0.07503412822365209,0.8304418866156199,0.09452398516072796
NVIDIA Corporation,2021-11-12,2021-11-18,4,up,flat,0.1208680178870001,0.8143247578647135,0.06480722424828639
NVIDIA Corporation,2021-11-15,2021-11-19,4,up,flat,0.20380339187856594,0.7273407712029221,0.0688558369185119
NVIDIA Corporation,2021-11-16,2021-11-22,4,up,flat,0.36540531386202874,0.5394350310642463,0.09515965507372495
NVIDIA Corporation,2021-11-17,2021-11-23,4,up,down,0.5535249464990226,0.3329420667890549,0.11353298671192243
NVIDIA Corporation,2021-11-18,2021-11-24,4,flat,flat,0.33157148889393334,0.46611717228286426,0.20231133882320246
NVIDIA Corporation,2021-11-19,2021-11-26,4,flat,down,0.462787495517536,0.42777453333854193,0.10943797114392198
NVIDIA Corporation,2021-11-22,2021-11-29,4,flat,flat,0.25901274433293003,0.6678136571353802,0.07317359853168974
NVIDIA Corporation,2021-11-23,2021-11-30,4,flat,flat,0.16195128802644237,0.7728181261713952,0.0652305858021625
NVIDIA Corporation,2021-11-24,2021-12-01,4,flat,flat,0.1362803123080808,0.66101695506578,0.20270273262613922
NVIDIA Corporation,2021-11-26,2021-12-02,4,flat,flat,0.13427714536402308,0.6759483478716026,0.18977450676437435
NVIDIA Corporation,2021-11-29,2021-12-03,4,flat,flat,0.10138848905364582,0.7567833548360765,0.14182815611027774
NVIDIA Corporation,2021-11-30,2021-12-06,4,down,flat,0.14200385855236392,0.7446074166647942,0.11338872478284195
NVIDIA Corporation,2021-12-01,2021-12-07,4,flat,flat,0.1911541074583659,0.6092725843591031,0.19957330818253105
NVIDIA Corporation,2021-12-02,2021-12-08,4,flat,flat,0.23872565809895888,0.43684422082808116,0.3244301210729598
NVIDIA Corporation,2021-12-03,2021-12-09,4,flat,up,0.19146551681269386,0.39459917069507083,0.41393531249223525
NVIDIA Corporation,2021-12-06,2021-12-10,4,flat,flat,0.22914515054308637,0.49294535658639493,0.27790949287051864
NVIDIA Corporation,2021-12-07,2021-12-13,4,down,flat,0.05874670993015626,0.5928380457780457,0.34841524429179815
NVIDIA Corporation,2021-12-08,2021-12-14,4,down,flat,0.1997153716772388,0.5835563032381132,0.21672832508464804
NVIDIA Corporation,2021-12-09,2021-12-15,4,down,flat,0.3040521751050009,0.4454792211649689,0.2504686037300302
NVIDIA Corporation,2021-12-10,2021-12-16,4,flat,flat,0.26016008544155483,0.40470039487476084,0.3351395196836844
NVIDIA Corporation,2021-12-13,2021-12-17,4,flat,up,0.24687641219110448,0.3388849992815881,0.41423858852730727
NVIDIA Corporation,2021-12-14,2021-12-20,4,flat,up,0.18962068697898654,0.3700477027708358,0.4403316102501777
NVIDIA Corporation,2021-12-15,2021-12-21,4,flat,up,0.08615551126471825,0.4552427313758653,0.45860175735941644
NVIDIA Corporation,2021-12-16,2021-12-22,4,flat,flat,0.12283368311046507,0.7124456195908941,0.16472069729864075
NVIDIA Corporation,2021-12-17,2021-12-23,4,flat,flat,0.25028867898824725,0.606917352713304,0.14279396829844876
NVIDIA Corporation,2021-12-20,2021-12-27,4,up,flat,0.2902799115639694,0.4254061575143861,0.2843139309216444
NVIDIA Corporation,2021-12-21,2021-12-28,4,up,up,0.17843178537937623,0.37689834114798115,0.4446698734726426
NVIDIA Corporation,2021-12-22,2021-12-29,4,flat,flat,0.17898958140001886,0.47300100024060915,0.3480094183593721
NVIDIA Corporation,2021-12-23,2021-12-30,4,flat,flat,0.14994365081873845,0.606393102355341,0.24366324682592053
NVIDIA Corporation,2021-12-27,2021-12-31,4,flat,flat,0.10931400332436027,0.6933689338475538,0.19731706282808592
NVIDIA Corporation,2021-12-28,2022-01-03,4,flat,flat,0.1024712660626287,0.608287056835998,0.2892416771013733
NVIDIA Corporation,2021-12-29,2022-01-04,4,flat,flat,0.12174560976288551,0.5616611754088949,0.3165932148282196
NVIDIA Corporation,2021-12-30,2022-01-05,4,flat,flat,0.07430833509301418,0.594204622665249,0.331487042241737
NVIDIA Corporation,2021-12-31,2022-01-06,4,down,flat,0.054520553216308054,0.6520038873284562,0.2934755594552357
NVIDIA Corporation,2022-01-03,2022-01-07,4,down,flat,0.06242277251629126,0.591366208889233,0.3462110185944758
NVIDIA Corporation,2022-01-04,2022-01-10,4,down,flat,0.13449554280431827,0.5876328778587687,0.27787157933691303
NVIDIA Corporation,2022-01-05,2022-01-11,4,flat,flat,0.24023981583346365,0.4438101270084764,0.31595005715805996
NVIDIA Corporation,2022-01-06,2022-01-12,4,flat,up,0.263018947092511,0.24584317025254776,0.4911378826549412
NVIDIA Corporation,2022-01-07,2022-01-13,4,flat,up,0.2751885835606115,0.18185874845350936,0.5429526679858792
NVIDIA Corporation,2022-01-10,2022-01-14,4,flat,down,0.4041965373923834,0.20802193112986667,0.3877815314777498
NVIDIA Corporation,2022-01-11,2022-01-18,4,down,up,0.28068108178963186,0.22616862058349554,0.4931502976268727
NVIDIA Corporation,2022-01-12,2022-01-19,4,down,up,0.3594297172002833,0.22209493429432847,0.4184753485053882
NVIDIA Corporation,2022-01-13,2022-01-20,4,down,down,0.41826474907756617,0.24328285011380665,0.3384524008086272
NVIDIA Corporation,2022-01-14,2022-01-21,4,down,down,0.3872468894035354,0.23556591827146803,0.3771871923249966
NVIDIA Corporation,2022-01-18,2022-01-24,4,down,up,0.26800590118878403,0.2804676872398356,0.4515264115713803
NVIDIA Corporation,2022-01-19,2022-01-25,4,down,up,0.20099920805957616,0.35781720007461015,0.44118359186581363
NVIDIA Corporation,2022-01-20,2022-01-26,4,down,flat,0.24243303017907508,0.4293932456940454,0.32817372412687956
NVIDIA Corporation,2022-01-21,2022-01-27,4,flat,flat,0.2823641184587234,0.5001937864392944,0.2174420951019823
NVIDIA Corporation,2022-01-24,2022-01-28,4,flat,flat,0.3325254971836202,0.4840242546431351,0.18345024817324476
NVIDIA Corporation,2022-01-25,2022-01-31,4,flat,down,0.3896807151735757,0.32252187481761524,0.287797410008809
NVIDIA Corporation,2022-01-26,2022-02-01,4,up,down,0.4347046850124462,0.29627391311524587,0.26902140187230794
NVIDIA Corporation,2022-01-27,2022-02-02,4,up,down,0.5049913293932535,0.3497000129739029,0.14530865763284356
NVIDIA Corporation,2022-01-28,2022-02-03,4,up,down,0.4350321295748803,0.4192162870871856,0.14575158333793417
NVIDIA Corporation,2022-01-31,2022-02-04,4,flat,flat,0.17683603122376454,0.4947447784957727,0.32841919028046274
NVIDIA Corporation,2022-02-01,2022-02-07,4,flat,flat,0.17438349490917462,0.5956177553414305,0.2299987497493949
NVIDIA Corporation,2022-02-02,2022-02-08,4,flat,flat,0.08581471990925442,0.7735364122423567,0.14064886784838904
NVIDIA Corporation,2022-02-03,2022-02-09,4,up,flat,0.06948589408107655,0.8594280838990449,0.07108602201987849
NVIDIA Corporation,2022-02-04,2022-02-10,4,up,flat,0.029344950854351504,0.8693648058558686,0.10129024328978001
NVIDIA Corporation,2022-02-07,2022-02-11,4,flat,flat,0.024377101907852115,0.8471407053394553,0.12848219275269254
NVIDIA Corporation,2022-02-08,2022-02-14,4,flat,flat,0.03695806821871658,0.8774791896944687,0.08556274208681475
NVIDIA Corporation,2022-02-09,2022-02-15,4,flat,flat,0.022180983733647852,0.9104471821755712,0.0673718340907809
NVIDIA Corporation,2022-02-10,2022-02-16,4,flat,flat,0.05606086421625118,0.8783648167594793,0.06557431902426956
NVIDIA Corporation,2022-02-11,2022-02-17,4,flat,flat,0.1205087516401268,0.7862921657996079,0.0931990825602652
NVIDIA Corporation,2022-02-14,2022-02-18,4,flat,flat,0.11512869732281224,0.7029029894901723,0.18196831318701562
NVIDIA Corporation,2022-02-15,2022-02-22,4,down,flat,0.05077263796463514,0.6971980434647406,0.25202931857062427
NVIDIA Corporation,2022-02-16,2022-02-23,4,down,flat,0.08895378051575153,0.7624409274039134,0.148605292080335
NVIDIA Corporation,2022-02-17,2022-02-24,4,down,flat,0.13853991218546383,0.7882206266984629,0.07323946111607331
NVIDIA Corporation,2022-02-18,2022-02-25,4,flat,flat,0.14132558469065737,0.751814772853781,0.10685964245556172
NVIDIA Corporation,2022-02-22,2022-02-28,4,flat,flat,0.1735704024483383,0.5971991387934902,0.22923045875817152
NVIDIA Corporation,2022-02-23,2022-03-01,4,flat,flat,0.18058015857853188,0.5447948710892243,0.2746249703322438
NVIDIA Corporation,2022-02-24,2022-03-02,4,flat,flat,0.1849748208252924,0.6829502159524268,0.13207496322228093
NVIDIA Corporation,2022-02-25,2022-03-03,4,flat,flat,0.07793777065918094,0.7483207353539061,0.173741493986913
NVIDIA Corporation,2022-02-28,2022-03-04,4,flat,flat,0.172469508665189,0.6762327345836084,0.15129775675120263
NVIDIA Corporation,2022-03-01,2022-03-07,4,down,flat,0.2668606217550569,0.5560317816909027,0.17710759655404038
NVIDIA Corporation,2022-03-02,2022-03-08,4,down,flat,0.18116571732640804,0.5931685402320689,0.2256657424415231
NVIDIA Corporation,2022-03-03,2022-03-09,4,flat,flat,0.1113019608038521,0.6509748689008938,0.23772317029525403
NVIDIA Corporation,2022-03-04,2022-03-10,4,flat,flat,0.09991933523313568,0.714013601554055,0.18606706321280922
NVIDIA Corporation,2022-03-07,2022-03-11,4,flat,flat,0.07395079373388902,0.7890111313898136,0.13703807487629738
NVIDIA Corporation,2022-03-08,2022-03-14,4,flat,flat,0.08352459327176937,0.7815147694354695,0.13496063729276112
NVIDIA Corporation,2022-03-09,2022-03-15,4,flat,flat,0.05202050571727009,0.7179516213580717,0.23002787292465818
NVIDIA Corporation,2022-03-10,2022-03-16,4,up,flat,0.2377283424654118,0.5870517836764384,0.17521987385814985
NVIDIA Corporation,2022-03-11,2022-03-17,4,up,flat,0.2453604714208943,0.5549997601416152,0.19963976843749048
NVIDIA Corporation,2022-03-14,2022-03-18,4,up,flat,0.30626236191111,0.5112442447524922,0.18249339333639775
NVIDIA Corporation,2022-03-15,2022-03-21,4,up,flat,0.16557451395307496,0.4780058267673468,0.3564196592795782
NVIDIA Corporation,2022-03-16,2022-03-22,4,up,flat,0.1027529431212001,0.47205307593354834,0.4251939809452516
NVIDIA Corporation,2022-03-17,2022-03-23,4,up,flat,0.13208172657465064,0.6662532600331736,0.20166501339217568
NVIDIA Corporation,2022-03-18,2022-03-24,4,up,flat,0.0547549443848768,0.8004136005787444,0.1448314550363787
NVIDIA Corporation,2022-03-21,2022-03-25,4,flat,flat,0.06356779100258762,0.7693047300097178,0.16712747898769467
NVIDIA Corporation,2022-03-22,2022-03-28,4,flat,flat,0.07730882482433649,0.7822897854529829,0.14040138972268076
NVIDIA Corporation,2022-03-23,2022-03-29,4,up,flat,0.04958941542731973,0.8467533438518088,0.1036572407208715
NVIDIA Corporation,2022-03-24,2022-03-30,4,flat,flat,0.0165849392333562,0.9017352672148393,0.08167979355180452
NVIDIA Corporation,2022-03-25,2022-03-31,4,flat,flat,0.02493715194551111,0.9181238190501876,0.05693902900430117
NVIDIA Corporation,2022-03-28,2022-04-01,4,flat,flat,0.06260982046201098,0.8784773351366095,0.05891284440137949
NVIDIA Corporation,2022-03-29,2022-04-04,4,down,flat,0.11653117811514241,0.7984478188760823,0.08502100300877527
NVIDIA Corporation,2022-03-30,2022-04-05,4,down,flat,0.23458155214965576,0.6727803203691058,0.09263812748123837
NVIDIA Corporation,2022-03-31,2022-04-06,4,down,flat,0.2834864866544377,0.5690271545039637,0.14748635884159852
NVIDIA Corporation,2022-04-01,2022-04-07,4,down,flat,0.3405934159815344,0.5093590043664507,0.1500475796520149
NVIDIA Corporation,2022-04-04,2022-04-08,4,down,flat,0.31734708429019565,0.5014706027342853,0.18118231297551904
NVIDIA Corporation,2022-04-05,2022-04-11,4,down,flat,0.40532123227460826,0.4209039035088758,0.17377486421651597
NVIDIA Corporation,2022-04-06,2022-04-12,4,down,down,0.6177559040036606,0.2752881891287303,0.10695590686760904
NVIDIA Corporation,2022-04-07,2022-04-13,4,down,down,0.5505141082904114,0.22758661143774755,0.22189928027184105
NVIDIA Corporation,2022-04-08,2022-04-14,4,down,down,0.6373132947830991,0.14779001177063206,0.21489669344626894
NVIDIA Corporation,2022-04-11,2022-04-18,4,flat,down,0.7477656985752476,0.11173557491879943,0.14049872650595302
NVIDIA Corporation,2022-04-12,2022-04-19,4,flat,down,0.5785376444980314,0.16692343458125405,0.2545389209207146
NVIDIA Corporation,2022-04-13,2022-04-20,4,flat,down,0.6660171019218709,0.1059593959129057,0.22802350216522338
NVIDIA Corporation,2022-04-14,2022-04-21,4,flat,down,0.6473784076324286,0.11683499358199682,0.23578659878557448
NVIDIA Corporation,2022-04-18,2022-04-22,4,down,down,0.6742220953186141,0.11696585570698426,0.20881204897440156
NVIDIA Corporation,2022-04-19,2022-04-25,4,down,down,0.49094040096527647,0.20195166286060628,0.30710793617411725
NVIDIA Corporation,2022-04-20,2022-04-26,4,down,down,0.3877205274169633,0.32154464433092295,0.2907348282521137
NVIDIA Corporation,2022-04-21,2022-04-27,4,down,flat,0.3592428018738441,0.465472846703173,0.1752843514229828
NVIDIA Corporation,2022-04-22,2022-04-28,4,flat,flat,0.2810749169605741,0.5830088489765862,0.13591623406283976
NVIDIA Corporation,2022-04-25,2022-04-29,4,flat,flat,0.18844696365358457,0.6379663207383833,0.17358671560803224
NVIDIA Corporation,2022-04-26,2022-05-02,4,flat,flat,0.2372654419099511,0.5858448327123812,0.17688972537766767
NVIDIA Corporation,2022-04-27,2022-05-03,4,flat,flat,0.3657155096974756,0.48277925189352155,0.1515052384090027
NVIDIA Corporation,2022-04-28,2022-05-04,4,flat,flat,0.25558305793146024,0.5386511177783726,0.20576582429016713
NVIDIA Corporation,2022-04-29,2022-05-05,4,flat,flat,0.3815443827902489,0.4643955016890093,0.15406011552074175
NVIDIA Corporation,2022-05-02,2022-05-06,4,flat,flat,0.3799375530347489,0.4234443894971814,0.19661805746806962
NVIDIA Corporation,2022-05-03,2022-05-09,4,down,flat,0.2615249893980089,0.46283433087121045,0.27564067973078066
NVIDIA Corporation,2022-05-04,2022-05-10,4,down,flat,0.16927782515856185,0.6012965963591282,0.22942557848231
NVIDIA Corporation,2022-05-05,2022-05-11,4,down,flat,0.13764927122218804,0.7126423805439835,0.1497083482338286
NVIDIA Corporation,2022-05-06,2022-05-12,4,down,flat,0.09232914632553538,0.7749598898492699,0.13271096382519465
NVIDIA Corporation,2022-05-09,2022-05-13,4,flat,flat,0.09023852406678676,0.8246053769151955,0.08515609901801757
NVIDIA Corporation,2022-05-10,2022-05-16,4,flat,flat,0.05849475676016092,0.7953051999417395,0.14620004329809946
NVIDIA Corporation,2022-05-11,2022-05-17,4,flat,flat,0.15448301025446542,0.7227482693778007,0.12276872036773401
NVIDIA Corporation,2022-05-12,2022-05-18,4,flat,flat,0.21107669115779476,0.7030015048134389,0.08592180402876633
NVIDIA Corporation,2022-05-13,2022-05-19,4,flat,flat,0.09712285352751641,0.7277574040566394,0.1751197424158442
NVIDIA Corporation,2022-05-16,2022-05-20,4,flat,flat,0.26425332678181757,0.5897931631871597,0.14595351003102275
NVIDIA Corporation,2022-05-17,2022-05-23,4,down,flat,0.18002216385415729,0.6460328768550483,0.17394495929079443
NVIDIA Corporation,2022-05-18,2022-05-24,4,flat,flat,0.21859575691756444,0.6714546942815197,0.10994954880091581
NVIDIA Corporation,2022-05-19,2022-05-25,4,flat,flat,0.1262536772670832,0.7189470104910285,0.15479931224188823
NVIDIA Corporation,2022-05-20,2022-05-26,4,flat,flat,0.07007318811940651,0.79219770831431,0.13772910356628357
NVIDIA Corporation,2022-05-23,2022-05-27,4,up,flat,0.06119889508979189,0.8169251094968116,0.12187599541339646
NVIDIA Corporation,2022-05-24,2022-05-31,4,up,flat,0.05862427442713877,0.8547128537861565,0.08666287178670484
NVIDIA Corporation,2022-05-25,2022-06-01,4,up,flat,0.06616907169779132,0.8076168589038407,0.12621406939836774
NVIDIA Corporation,2022-05-26,2022-06-02,4,up,flat,0.09709748541170286,0.7671399160424182,0.135762598545879
NVIDIA Corporation,2022-05-27,2022-06-03,4,flat,flat,0.08370505777853593,0.68136364273325,0.2349312994882141
NVIDIA Corporation,2022-05-31,2022-06-06,4,flat,flat,0.17052991068725135,0.6940728625688615,0.1353972267438872
NVIDIA Corporation,2022-06-01,2022-06-07,4,flat,flat,0.13483961550438606,0.7419099065167297,0.12325047797888414
NVIDIA Corporation,2022-06-02,2022-06-08,4,flat,flat,0.06277781992836493,0.7788736492117972,0.15834853085983774
NVIDIA Corporation,2022-06-03,2022-06-09,4,flat,flat,0.0600405590640393,0.7863858525596593,0.15357358837630153
NVIDIA Corporation,2022-06-06,2022-06-10,4,down,flat,0.04246641672760734,0.8549924709334127,0.10254111233897992
NVIDIA Corporation,2022-06-07,2022-06-13,4,down,flat,0.05540011976330406,0.8579093627233284,0.08669051751336743
NVIDIA Corporation,2022-06-08,2022-06-14,4,down,flat,0.07760361629231523,0.8033717584058293,0.11902462530185536
NVIDIA Corporation,2022-06-09,2022-06-15,4,down,flat,0.15929348171913935,0.696444730728996,0.14426178755186458
NVIDIA Corporation,2022-06-10,2022-06-16,4,down,flat,0.31339229707390936,0.5485944073123202,0.13801329561377046
NVIDIA Corporation,2022-06-13,2022-06-17,4,flat,flat,0.34601934501082565,0.5341122066598739,0.11986844832930045
NVIDIA Corporation,2022-06-14,2022-06-21,4,flat,flat,0.2653267843409079,0.4911213829849558,0.24355183267413644
NVIDIA Corporation,2022-06-15,2022-06-22,4,flat,flat,0.2740931926400107,0.43237018430250107,0.2935366230574883
NVIDIA Corporation,2022-06-16,2022-06-23,4,flat,down,0.5803471509398971,0.29051684063615685,0.12913600842394624
NVIDIA Corporation,2022-06-17,2022-06-24,4,up,down,0.5092141698153113,0.29754836625354364,0.1932374639311449
NVIDIA Corporation,2022-06-21,2022-06-27,4,flat,up,0.3443232010869488,0.2895658023580909,0.3661109965549603
NVIDIA Corporation,2022-06-22,2022-06-28,4,flat,down,0.5057608499797115,0.25783174244039336,0.23640740757989517
NVIDIA Corporation,2022-06-23,2022-06-29,4,flat,flat,0.32779775281085144,0.37593142391118756,0.29627082327796095
NVIDIA Corporation,2022-06-24,2022-06-30,4,down,flat,0.17938461787452145,0.5048798076143702,0.3157355745111083
NVIDIA Corporation,2022-06-27,2022-07-01,4,down,flat,0.14795450123397796,0.5755923456676395,0.27645315309838253
NVIDIA Corporation,2022-06-28,2022-07-05,4,down,flat,0.18366306591665188,0.61671119065486,0.19962574342848813
NVIDIA Corporation,2022-06-29,2022-07-06,4,flat,flat,0.2134371313715375,0.6346680711736727,0.15189479745478981
NVIDIA Corporation,2022-06-30,2022-07-07,4,flat,flat,0.1577607858240068,0.6385308432631237,0.20370837091286942
NVIDIA Corporation,2022-07-01,2022-07-08,4,up,flat,0.23328150902258782,0.5422792304783305,0.22443926049908175
NVIDIA Corporation,2022-07-05,2022-07-11,4,flat,flat,0.2802606732716428,0.4712230457859582,0.248516280942399
NVIDIA Corporation,2022-07-06,2022-07-12,4,flat,flat,0.24163249011534466,0.45856489197058276,0.2998026179140724
NVIDIA Corporation,2022-07-07,2022-07-13,4,flat,flat,0.3029413435404572,0.37233623808574356,0.3247224183737991
NVIDIA Corporation,2022-07-08,2022-07-14,4,flat,down,0.436783425192421,0.29117315534140126,0.27204341946617766
NVIDIA Corporation,2022-07-11,2022-07-15,4,flat,down,0.4146138359501605,0.30597295877062447,0.2794132052792151
NVIDIA Corporation,2022-07-12,2022-07-18,4,up,up,0.27753372312163815,0.3535677617233945,0.3688985151549673
NVIDIA Corporation,2022-07-13,2022-07-19,4,up,flat,0.2015999045832667,0.45324722081126145,0.3451528746054718
NVIDIA Corporation,2022-07-14,2022-07-20,4,up,flat,0.13032155669614318,0.529441578002406,0.34023686530145086
NVIDIA Corporation,2022-07-15,2022-07-21,4,up,flat,0.13008634599927646,0.5449565752289782,0.32495707877174534
NVIDIA Corporation,2022-07-18,2022-07-22,4,up,flat,0.14497564905166901,0.5413631791439704,0.3136611718043606
NVIDIA Corporation,2022-07-19,2022-07-25,4,flat,flat,0.22438169895544943,0.480201611758651,0.2954166892858996
NVIDIA Corporation,2022-07-20,2022-07-26,4,flat,flat,0.2017968769426798,0.46292434239148367,0.33527878066583644
NVIDIA Corporation,2022-07-21,2022-07-27,4,flat,flat,0.1904748402462863,0.5054429523426488,0.3040822074110648
NVIDIA Corporation,2022-07-22,2022-07-28,4,flat,flat,0.19681268571846167,0.5893996151545884,0.21378769912694995
NVIDIA Corporation,2022-07-25,2022-07-29,4,up,flat,0.1688919980944372,0.6404049181928072,0.19070308371275577
NVIDIA Corporation,2022-07-26,2022-08-01,4,up,flat,0.1312276369650272,0.6314682323239263,0.23730413071104653
NVIDIA Corporation,2022-07-27,2022-08-02,4,up,flat,0.10033356145821949,0.6084229633560159,0.29124347518576466
NVIDIA Corporation,2022-07-28,2022-08-03,4,flat,flat,0.1869745086124651,0.5806330674779914,0.23239242390954348
NVIDIA Corporation,2022-07-29,2022-08-04,4,up,flat,0.32011152878475585,0.49831648716853066,0.1815719840467135
NVIDIA Corporation,2022-08-01,2022-08-05,4,flat,flat,0.33113037758403907,0.43643552998084656,0.23243409243511443
NVIDIA Corporation,2022-08-02,2022-08-08,4,flat,down,0.40403997196686026,0.3539802485657171,0.24197977946742272
NVIDIA Corporation,2022-08-03,2022-08-09,4,down,flat,0.33951550602251024,0.4017706609458902,0.25871383303159956
NVIDIA Corporation,2022-08-04,2022-08-10,4,down,flat,0.24008071774236855,0.5063928800800658,0.2535264021775657
NVIDIA Corporation,2022-08-05,2022-08-11,4,flat,flat,0.2740513245936592,0.5204107629924691,0.2055379124138717
NVIDIA Corporation,2022-08-08,2022-08-12,4,flat,flat,0.3439731454590096,0.5110699009433683,0.14495695359762212
NVIDIA Corporation,2022-08-09,2022-08-15,4,up,flat,0.296343876026959,0.453180898029382,0.25047522594365906
NVIDIA Corporation,2022-08-10,2022-08-16,4,up,flat,0.18772984587410632,0.4155540987225582,0.3967160554033355
NVIDIA Corporation,2022-08-11,2022-08-17,4,flat,flat,0.28177789367691086,0.3997744357132481,0.31844767060984097
NVIDIA Corporation,2022-08-12,2022-08-18,4,flat,flat,0.3473189207462122,0.3990588942941727,0.25362218495961514
NVIDIA Corporation,2022-08-15,2022-08-19,4,flat,flat,0.33359806737556585,0.3584619229735477,0.3079400096508865
NVIDIA Corporation,2022-08-16,2022-08-22,4,down,down,0.38664021480646626,0.26180727800324893,0.35155250719028475
NVIDIA Corporation,2022-08-17,2022-08-23,4,down,up,0.35207875428779817,0.2760026128671165,0.3719186328450853
NVIDIA Corporation,2022-08-18,2022-08-24,4,down,up,0.21177817520451547,0.37713075608927643,0.4110910687062081
NVIDIA Corporation,2022-08-19,2022-08-25,4,flat,flat,0.19662965701395652,0.4814511403233657,0.32191920266267776
NVIDIA Corporation,2022-08-22,2022-08-26,4,flat,flat,0.23374400508748666,0.4772418780303037,0.2890141168822097
NVIDIA Corporation,2022-08-23,2022-08-29,4,down,up,0.21768106576477098,0.38577910029834384,0.3965398339368852
NVIDIA Corporation,2022-08-24,2022-08-30,4,down,up,0.2788314542389109,0.3177943251292431,0.4033742206318459
NVIDIA Corporation,2022-08-25,2022-08-31,4,down,up,0.28553523057240543,0.29896108897404144,0.4155036804535532
NVIDIA Corporation,2022-08-26,2022-09-01,4,down,down,0.42319034373282594,0.26081150184442076,0.3159981544227533
NVIDIA Corporation,2022-08-29,2022-09-02,4,down,down,0.5466554692464005,0.21824250079255897,0.23510202996104052
NVIDIA Corporation,2022-08-30,2022-09-06,4,down,up,0.3700375688361307,0.22884629690121286,0.4011161342626564
NVIDIA Corporation,2022-08-31,2022-09-07,4,down,down,0.41934254840595125,0.2175868643113432,0.3630705872827054
NVIDIA Corporation,2022-09-01,2022-09-08,4,flat,down,0.5453934514356612,0.27930724319820127,0.17529930536613758
NVIDIA Corporation,2022-09-02,2022-09-09,4,flat,flat,0.3407957204022223,0.34954805745845285,0.30965622213932475
NVIDIA Corporation,2022-09-06,2022-09-12,4,flat,down,0.4970844798951135,0.2616416000389607,0.24127392006592582
NVIDIA Corporation,2022-09-07,2022-09-13,4,flat,down,0.5083883862262951,0.2283810041099034,0.26323060966380146
NVIDIA Corporation,2022-09-08,2022-09-14,4,flat,down,0.5525491987845987,0.2161206262354774,0.2313301749799238
NVIDIA Corporation,2022-09-09,2022-09-15,4,down,down,0.44381130774529315,0.24016006900536796,0.3160286232493389
NVIDIA Corporation,2022-09-12,2022-09-16,4,down,down,0.4736097940096988,0.2718144109524371,0.254575795037864
NVIDIA Corporation,2022-09-13,2022-09-19,4,flat,down,0.5311481455188698,0.3280574687931152,0.14079438568801494
NVIDIA Corporation,2022-09-14,2022-09-20,4,flat,flat,0.30073341224720473,0.479336284652036,0.21993030310075926
NVIDIA Corporation,2022-09-15,2022-09-21,4,flat,flat,0.22353624593067936,0.5082067073248341,0.2682570467444865
NVIDIA Corporation,2022-09-16,2022-09-22,4,flat,flat,0.23912019644927862,0.4830822934887195,0.27779751006200193
NVIDIA Corporation,2022-09-19,2022-09-23,4,down,flat,0.2187093373887448,0.5006036390353825,0.2806870235758726
NVIDIA Corporation,2022-09-20,2022-09-26,4,down,flat,0.34813547876980133,0.4126824139667504,0.23918210726344824
NVIDIA Corporation,2022-09-21,2022-09-27,4,down,flat,0.34462633882235877,0.3739351455439566,0.28143851563368466
NVIDIA Corporation,2022-09-22,2022-09-28,4,flat,down,0.5295784117161638,0.2656175378842957,0.20480405039954047
NVIDIA Corporation,2022-09-23,2022-09-29,4,flat,down,0.4087532496809124,0.3231978732085069,0.2680488771105806
NVIDIA Corporation,2022-09-26,2022-09-30,4,flat,flat,0.2627819376007821,0.39366701322075487,0.34355104917846296
NVIDIA Corporation,2022-09-27,2022-10-03,4,flat,flat,0.24224571735917677,0.41187915673189285,0.3458751259089305
NVIDIA Corporation,2022-09-28,2022-10-04,4,flat,flat,0.25648448967252785,0.41907473255620425,0.324440777771268
NVIDIA Corporation,2022-09-29,2022-10-05,4,up,flat,0.3500712315931649,0.38401214043014276,0.26591662797669224
NVIDIA Corporation,2022-09-30,2022-10-06,4,up,flat,0.3186029005766925,0.34793778931179786,0.33345931011150964
NVIDIA Corporation,2022-10-03,2022-10-07,4,flat,up,0.3005365275543744,0.29933646755370985,0.40012700489191566
NVIDIA Corporation,2022-10-04,2022-10-10,4,down,up,0.20557278836627146,0.342329720842112,0.45209749079161654
NVIDIA Corporation,2022-10-05,2022-10-11,4,down,flat,0.2704282193001176,0.4233129352565524,0.30625884544333
NVIDIA Corporation,2022-10-06,2022-10-12,4,down,flat,0.2106803124013705,0.443529790935493,0.34578989666313653
NVIDIA Corporation,2022-10-07,2022-10-13,4,down,flat,0.3582613534731077,0.46360723439587787,0.1781314121310144
NVIDIA Corporation,2022-10-10,2022-10-14,4,flat,flat,0.23078440208196307,0.502082158865517,0.26713343905252
NVIDIA Corporation,2022-10-11,2022-10-17,4,flat,flat,0.20010485351477655,0.502246524670734,0.29764862181448937
NVIDIA Corporation,2022-10-12,2022-10-18,4,flat,flat,0.21056913806770777,0.4855052371563154,0.30392562477597684
NVIDIA Corporation,2022-10-13,2022-10-19,4,flat,flat,0.2405572547826095,0.5154648352181447,0.24397790999924582
NVIDIA Corporation,2022-10-14,2022-10-20,4,flat,flat,0.26418601791715113,0.4439012860204134,0.2919126960624356
NVIDIA Corporation,2022-10-17,2022-10-21,4,flat,flat,0.35094223824686155,0.3740583726483841,0.2749993891047544
NVIDIA Corporation,2022-10-18,2022-10-24,4,flat,flat,0.2649348928086064,0.379304081918817,0.35576102527257664
NVIDIA Corporation,2022-10-19,2022-10-25,4,up,flat,0.3243932929674187,0.408824512373741,0.2667821946588402
NVIDIA Corporation,2022-10-20,2022-10-26,4,flat,flat,0.18648444832362826,0.5151059476634777,0.298409604012894
NVIDIA Corporation,2022-10-21,2022-10-27,4,up,flat,0.1841864284073996,0.5680386415725125,0.24777493002008796
NVIDIA Corporation,2022-10-24,2022-10-28,4,up,flat,0.1347833638380208,0.583883800298817,0.28133283586316216
NVIDIA Corporation,2022-10-25,2022-10-31,4,flat,flat,0.1070045688499072,0.6079110164198038,0.285084414730289
NVIDIA Corporation,2022-10-26,2022-11-01,4,flat,flat,0.16043217983639677,0.6265061570554467,0.21306166310815652
NVIDIA Corporation,2022-10-27,2022-11-02,4,flat,flat,0.11944412412318858,0.6138766404076595,0.2666792354691518
NVIDIA Corporation,2022-10-28,2022-11-03,4,flat,flat,0.18100778983703922,0.6109514207289038,0.20804078943405696
NVIDIA Corporation,2022-10-31,2022-11-04,4,flat,flat,0.1666220728249594,0.6129172541777602,0.22046067299728042
NVIDIA Corporation,2022-11-01,2022-11-07,4,flat,flat,0.16289022606310816,0.633608894085469,0.20350087985142287
NVIDIA Corporation,2022-11-02,2022-11-08,4,up,flat,0.201288215778855,0.6094320286154545,0.18927975560569052
NVIDIA Corporation,2022-11-03,2022-11-09,4,flat,flat,0.22544019880809046,0.5989335899780194,0.17562621121389008
NVIDIA Corporation,2022-11-04,2022-11-10,4,up,flat,0.14188420970852383,0.5462257911938001,0.3118899990976761
NVIDIA Corporation,2022-11-07,2022-11-11,4,up,flat,0.2659895920163735,0.49797244234236315,0.23603796564126342
NVIDIA Corporation,2022-11-08,2022-11-14,4,up,flat,0.2438498796082054,0.4935728841322698,0.2625772362595247
NVIDIA Corporation,2022-11-09,2022-11-15,4,up,flat,0.41189735275988354,0.4361968693994943,0.15190577784062223
NVIDIA Corporation,2022-11-10,2022-11-16,4,up,flat,0.12251216812167799,0.5028201517781856,0.3746676801001363
NVIDIA Corporation,2022-11-11,2022-11-17,4,flat,flat,0.18148073061064768,0.556555510967689,0.26196375842166336
NVIDIA Corporation,2022-11-14,2022-11-18,4,flat,flat,0.22210122122473364,0.5976473890674575,0.18025138970780885
NVIDIA Corporation,2022-11-15,2022-11-21,4,down,flat,0.16769168848830726,0.663831861325552,0.16847645018614063
NVIDIA Corporation,2022-11-16,2022-11-22,4,flat,flat,0.2697371481786008,0.5866115518983394,0.1436512999230598
NVIDIA Corporation,2022-11-17,2022-11-23,4,flat,flat,0.1969242414640558,0.6106256124210626,0.19245014611488157
NVIDIA Corporation,2022-11-18,2022-11-25,4,flat,flat,0.17413103081569598,0.6294544339012013,0.1964145352831026
NVIDIA Corporation,2022-11-21,2022-11-28,4,flat,flat,0.20864918255744586,0.6332361511530159,0.1581146662895382
NVIDIA Corporation,2022-11-22,2022-11-29,4,flat,flat,0.17189262049427753,0.5979639341252757,0.23014344538044673
NVIDIA Corporation,2022-11-23,2022-11-30,4,flat,flat,0.2840424287806786,0.43447024462538636,0.281487326593935
NVIDIA Corporation,2022-11-25,2022-12-01,4,flat,down,0.4791726435186321,0.3180764349147778,0.20275092156659025
NVIDIA Corporation,2022-11-28,2022-12-02,4,flat,down,0.49615954447761457,0.2942689644336767,0.20957149108870862
NVIDIA Corporation,2022-11-29,2022-12-05,4,up,down,0.43560727824548146,0.29730350672053374,0.2670892150339848
NVIDIA Corporation,2022-11-30,2022-12-06,4,flat,up,0.2196567881862497,0.38402289850258153,0.3963203133111687
NVIDIA Corporation,2022-12-01,2022-12-07,4,down,up,0.21891200070315003,0.3780651942431205,0.4030228050537295
NVIDIA Corporation,2022-12-02,2022-12-08,4,flat,flat,0.32763676384442364,0.41369966650858675,0.2586635696469895
NVIDIA Corporation,2022-12-05,2022-12-09,4,flat,flat,0.26390774555463603,0.40449938888604153,0.3315928655593224
NVIDIA Corporation,2022-12-06,2022-12-12,4,up,up,0.319924474539754,0.3306221750840815,0.3494533503761645
NVIDIA Corporation,2022-12-07,2022-12-13,4,up,up,0.2759416784433296,0.29552609599013996,0.42853222556653053
NVIDIA Corporation,2022-12-08,2022-12-14,4,up,up,0.1394939329344205,0.33567744118112414,0.5248286258844554
NVIDIA Corporation,2022-12-09,2022-12-15,4,flat,up,0.20558164931061826,0.3707915118031195,0.4236268388862622
NVIDIA Corporation,2022-12-12,2022-12-16,4,flat,flat,0.29056878456818536,0.38553435670139263,0.32389685873042195
NVIDIA Corporation,2022-12-13,2022-12-19,4,down,up,0.2092644493117307,0.31707886672723,0.4736566839610393
NVIDIA Corporation,2022-12-14,2022-12-20,4,down,down,0.4115469159380213,0.3048324669757483,0.2836206170862305
NVIDIA Corporation,2022-12-15,2022-12-21,4,flat,flat,0.3109974538830401,0.4018684734186317,0.28713407269832825
NVIDIA Corporation,2022-12-16,2022-12-22,4,down,flat,0.1966657807249855,0.44932657540875687,0.35400764386625766
NVIDIA Corporation,2022-12-19,2022-12-23,4,down,flat,0.18759833188941713,0.47077059541309574,0.34163107269748705
NVIDIA Corporation,2022-12-20,2022-12-27,4,down,flat,0.23018301148583445,0.41453218226830746,0.3552848062458581
NVIDIA Corporation,2022-12-21,2022-12-28,4,down,up,0.2642128521440394,0.3373426540717194,0.3984444937842412
NVIDIA Corporation,2022-12-22,2022-12-29,4,down,down,0.48803666546139723,0.2822986936174791,0.22966464092112357
NVIDIA Corporation,2022-12-23,2022-12-30,4,flat,down,0.4594581538771216,0.22304965366510351,0.3174921924577749
NVIDIA Corporation,2022-12-27,2023-01-03,4,flat,down,0.518675296913521,0.1950411061261017,0.2862835969603772
NVIDIA Corporation,2022-12-28,2023-01-04,4,flat,down,0.49076208909560726,0.2273565877782962,0.28188132312609643
NVIDIA Corporation,2022-12-29,2023-01-05,4,flat,up,0.28861770134947035,0.26160447281718724,0.4497778258333425
NVIDIA Corporation,2022-12-30,2023-01-06,4,up,down,0.4333351655122275,0.24821509008301007,0.3184497444047623
NVIDIA Corporation,2023-01-03,2023-01-09,4,up,down,0.40542542649833674,0.27644097069436435,0.3181336028072989
NVIDIA Corporation,2023-01-04,2023-01-10,4,up,down,0.4308472711125335,0.23866397750198423,0.3304887513854822
NVIDIA Corporation,2023-01-05,2023-01-11,4,up,down,0.4566140268982703,0.23234331070092346,0.31104266240080614
NVIDIA Corporation,2023-01-06,2023-01-12,4,up,up,7.482987299872005e-50,9.526794524999775e-10,0.9999999990473205
NVIDIA Corporation,2023-01-09,2023-01-13,4,flat,flat,2.3618308009781793e-05,0.9999763816919903,1.1350354201528554e-24
NVIDIA Corporation,2023-01-10,2023-01-17,4,up,flat,1.0491674596553274e-14,0.9999999999999896,1.9006168694326284e-27
NVIDIA Corporation,2023-01-11,2023-01-18,4,up,flat,8.202938614783249e-21,1.0,1.1797823262343343e-25
NVIDIA Corporation,2023-01-12,2023-01-19,4,flat,flat,2.2110861204809596e-25,1.0,3.643302236598265e-23
NVIDIA Corporation,2023-01-13,2023-01-20,4,flat,flat,6.9069700788184735e-40,1.0,2.148424293401094e-39
NVIDIA Corporation,2023-01-17,2023-01-23,4,flat,flat,9.956538477696235e-39,1.0,8.233038865637316e-48
NVIDIA Corporation,2023-01-18,2023-01-24,4,up,flat,3.51175776958124e-33,1.0,6.538943778961681e-51
NVIDIA Corporation,2023-01-19,2023-01-25,4,up,flat,1.163687657816753e-17,1.0,2.5980380731912176e-36
NVIDIA Corporation,2023-01-20,2023-01-26,4,up,down,0.8982911769999419,0.10170882300005808,1.9368094792874407e-28
NVIDIA Corporation,2023-01-23,2023-01-27,4,flat,down,0.7955571676240135,0.20444283237598646,1.3404154406009033e-28
NVIDIA Corporation,2023-01-24,2023-01-30,4,flat,flat,0.43322784901680306,0.5667721509831969,5.881277738697319e-29
NVIDIA Corporation,2023-01-25,2023-01-31,4,flat,flat,0.012348325798870286,0.9876516742011296,8.535048014514194e-29
NVIDIA Corporation,2023-01-26,2023-02-01,4,flat,flat,6.689798057938246e-05,0.9999331020194206,4.284919945572424e-28
NVIDIA Corporation,2023-01-27,2023-02-02,4,up,down,0.9999998991086507,1.0089134925912948e-07,1.0006822160394627e-21
NVIDIA Corporation,2023-01-30,2023-02-03,4,up,down,0.999999126332325,8.736676750022808e-07,3.0135910205082733e-19
NVIDIA Corporation,2023-01-31,2023-02-06,4,up,down,0.9995173506001221,0.0004826493998775976,2.1873350442266948e-16
NVIDIA Corporation,2023-02-01,2023-02-07,4,up,flat,0.3692160323127798,0.6307839676870867,1.3349805057755283e-13
NVIDIA Corporation,2023-02-02,2023-02-08,4,up,flat,0.16466322502116681,0.8353367749653093,1.3523869206616617e-11
NVIDIA Corporation,2023-02-03,2023-02-09,4,up,flat,0.0002638173049664373,0.9997361655401305,1.715490309135264e-08
NVIDIA Corporation,2023-02-06,2023-02-10,4,flat,down,0.992688502710872,0.007188473614084253,0.00012302367504377003
NVIDIA Corporation,2023-02-07,2023-02-13,4,flat,down,0.9006991814309865,0.08662696379130647,0.012673854777706986
NVIDIA Corporation,2023-02-08,2023-02-14,4,flat,down,0.954388446361407,0.03644417360648396,0.009167380032109288
NVIDIA Corporation,2023-02-09,2023-02-15,4,flat,down,0.8601225276117052,0.13666461912391398,0.0032128532643809307
NVIDIA Corporation,2023-02-10,2023-02-16,4,flat,flat,0.12675490729351602,0.8609373850630504,0.012307707643433606
NVIDIA Corporation,2023-02-13,2023-02-17,4,flat,flat,0.04760625588142475,0.6377841684925197,0.3146095756260554
NVIDIA Corporation,2023-02-14,2023-02-21,4,down,down,0.5288527086938347,0.10760981513584772,0.3635374761703175
NVIDIA Corporation,2023-02-15,2023-02-22,4,down,down,0.9849441937993192,0.008921019562057887,0.0061347866386228566
NVIDIA Corporation,2023-02-16,2023-02-23,4,up,down,0.9626354196531517,0.025623283547189277,0.011741296799659007
NVIDIA Corporation,2023-02-17,2023-02-24,4,up,up,0.26969344403618445,0.01622679135108935,0.7140797646127263
NVIDIA Corporation,2023-02-21,2023-02-27,4,up,up,0.012217594457930447,5.610729677588915e-05,0.9877262982452938
NVIDIA Corporation,2023-02-22,2023-02-28,4,up,up,0.017890233341056633,7.531667758311466e-07,0.9821090134921676
NVIDIA Corporation,2023-02-23,2023-03-01,4,flat,down,0.8197665470636388,0.017146276588030612,0.16308717634833064
NVIDIA Corporation,2023-02-24,2023-03-02,4,flat,down,0.8960319851902283,0.0938300262914618,0.010137988518309864
NVIDIA Corporation,2023-02-27,2023-03-03,4,flat,flat,0.3814660869967313,0.422599511487846,0.19593440151542257
NVIDIA Corporation,2023-02-28,2023-03-06,4,flat,up,0.001987559032993074,0.0063793624536340725,0.9916330785133729
NVIDIA Corporation,2023-03-01,2023-03-07,4,flat,up,1.4039324097971054e-06,0.00032135717169175774,0.9996772388958984
NVIDIA Corporation,2023-03-02,2023-03-08,4,flat,up,8.126956951685639e-07,0.003952419139483715,0.9960467681648212
NVIDIA Corporation,2023-03-03,2023-03-09,4,flat,up,1.9344589488827313e-05,0.3773622316963363,0.6226184237141748
NVIDIA Corporation,2023-03-06,2023-03-10,4,flat,flat,0.00033784786515870467,0.9251395988175463,0.0745225533172952
NVIDIA Corporation,2023-03-07,2023-03-13,4,flat,up,0.0037938984790069088,0.005848229528757897,0.9903578719922354
NVIDIA Corporation,2023-03-08,2023-03-14,4,flat,up,0.07353110781008247,0.00018796117046489364,0.9262809310194526
NVIDIA Corporation,2023-03-09,2023-03-15,4,flat,up,0.007464001739540629,8.141519766361732e-05,0.9924545830627957
NVIDIA Corporation,2023-03-10,2023-03-16,4,up,up,0.004213654245429018,2.7468202105104654e-05,0.9957588775524658
NVIDIA Corporation,2023-03-13,2023-03-17,4,up,up,0.001210185578038955,0.00010981451771736268,0.9986799999042438
NVIDIA Corporation,2023-03-14,2023-03-20,4,up,up,0.0031796242711887353,0.0028133076131117408,0.9940070681156995
NVIDIA Corporation,2023-03-15,2023-03-21,4,up,up,0.08304306339098158,2.45469328667873e-05,0.9169323896761516
NVIDIA Corporation,2023-03-16,2023-03-22,4,up,down,0.5145406656670142,0.0003155624973163435,0.4851437718356695
NVIDIA Corporation,2023-03-17,2023-03-23,4,up,down,0.6710685906018169,0.0060882282147946935,0.32284318118338834
NVIDIA Corporation,2023-03-20,2023-03-24,4,up,up,0.02632908387394722,0.013879337828213864,0.9597915782978389
NVIDIA Corporation,2023-03-21,2023-03-27,4,flat,up,0.0003399486315875612,0.010428358125465238,0.9892316932429471
NVIDIA Corporation,2023-03-22,2023-03-28,4,flat,up,2.3983290052174567e-05,0.2900735050193288,0.7099025116906191
NVIDIA Corporation,2023-03-23,2023-03-29,4,flat,flat,3.3484362833668423e-06,0.9718583870197719,0.02813826454394451
NVIDIA Corporation,2023-03-24,2023-03-30,4,flat,flat,1.1681838810010717e-05,0.9677172816203332,0.032271036540856744
NVIDIA Corporation,2023-03-27,2023-03-31,4,flat,flat,0.0002937730974876502,0.8725508441948643,0.12715538270764817
NVIDIA Corporation,2023-03-28,2023-04-03,4,up,up,0.0019093834613555598,0.09460339975632222,0.9034872167823224
NVIDIA Corporation,2023-03-29,2023-04-04,4,flat,up,0.04122744097029395,0.0015864569292940427,0.9571861021004119
NVIDIA Corporation,2023-03-30,2023-04-05,4,flat,down,0.92518497793282,0.00022305078830022216,0.07459197127887995
NVIDIA Corporation,2023-03-31,2023-04-06,4,flat,down,0.973337265039785,0.0001367761064549227,0.02652595885376012
NVIDIA Corporation,2023-04-03,2023-04-10,4,flat,down,0.959331331352676,7.780514000953044e-06,0.040660888133323
NVIDIA Corporation,2023-04-04,2023-04-11,4,flat,down,0.7090178265149304,1.5749936450823658e-06,0.29098059849142444
NVIDIA Corporation,2023-04-05,2023-04-12,4,flat,up,0.131921706017619,1.2362108233799222e-07,0.8680781703612988
NVIDIA Corporation,2023-04-06,2023-04-13,4,flat,up,0.01745993425653401,9.682543024545373e-08,0.9825399689180356
NVIDIA Corporation,2023-04-10,2023-04-14,4,flat,up,0.056453668369042295,6.554469217060338e-07,0.943545676184036
NVIDIA Corporation,2023-04-11,2023-04-17,4,flat,up,0.13552692942826325,3.9776189858108677e-07,0.8644726728098382
NVIDIA Corporation,2023-04-12,2023-04-18,4,flat,up,0.17352981281424149,2.4188664835038866e-08,0.8264701629970937
NVIDIA Corporation,2023-04-13,2023-04-19,4,up,up,0.004448494013839073,4.4716564087028286e-10,0.9955515055389953
NVIDIA Corporation,2023-04-14,2023-04-20,4,up,up,0.00017346916265618818,1.0929032542647898e-11,0.9998265308264147
NVIDIA Corporation,2023-04-17,2023-04-21,4,flat,up,0.00026064389098512923,7.861238908283303e-12,0.9997393561011536
NVIDIA Corporation,2023-04-18,2023-04-24,4,flat,up,0.002441021046455408,2.4536740794213626e-09,0.9975589764998705
NVIDIA Corporation,2023-04-19,2023-04-25,4,down,up,0.0009050932918883974,3.8836836097565576e-08,0.9990948678712754
NVIDIA Corporation,2023-04-20,2023-04-26,4,flat,up,5.430059066435693e-05,1.763979977655906e-08,0.9999456817695358
NVIDIA Corporation,2023-04-21,2023-04-27,4,flat,up,2.1851427161195816e-06,3.422180143402019e-10,0.9999978145150659
NVIDIA Corporation,2023-04-24,2023-04-28,4,flat,up,6.581144170256008e-07,3.6455306729521703e-10,0.9999993415210299
NVIDIA Corporation,2023-04-25,2023-05-01,4,up,up,1.471969382435944e-06,4.250884746988533e-09,0.9999985237797328
NVIDIA Corporation,2023-04-26,2023-05-02,4,up,up,1.1065220364522779e-05,4.926492944082323e-08,0.9999888855147061
NVIDIA Corporation,2023-04-27,2023-05-03,4,flat,up,0.00014422050840156965,1.6846263225628748e-07,0.9998556110289663
NVIDIA Corporation,2023-04-28,2023-05-04,4,flat,up,0.0002454498954574624,1.421957867097565e-08,0.9997545358849638
NVIDIA Corporation,2023-05-01,2023-05-05,4,flat,up,0.0015229137185891865,6.678456938235844e-08,0.9984770194968413
NVIDIA Corporation,2023-05-02,2023-05-08,4,flat,up,0.00045975473384759526,1.5956544777151535e-07,0.9995400857007047
NVIDIA Corporation,2023-05-03,2023-05-09,4,flat,up,1.1576414060594802e-05,3.5536062375746097e-07,0.9999880682253156
NVIDIA Corporation,2023-05-04,2023-05-10,4,up,up,2.0309034587833495e-07,1.2559050457150324e-07,0.9999996713191496
NVIDIA Corporation,2023-05-05,2023-05-11,4,flat,up,5.78791311639693e-07,1.9416196229770275e-06,0.9999974795890654
NVIDIA Corporation,2023-05-08,2023-05-12,4,flat,up,4.52696612959046e-05,1.5158690236630425e-05,0.9999395716484675
NVIDIA Corporation,2023-05-09,2023-05-15,4,flat,up,0.001293175641712257,6.148998622018892e-05,0.9986453343720675
NVIDIA Corporation,2023-05-10,2023-05-16,4,flat,up,0.0009109749142613945,1.471444024109409e-05,0.9990743106454976
NVIDIA Corporation,2023-05-11,2023-05-17,4,up,up,6.258974771853786e-05,2.50371190213236e-07,0.9999371598810912
NVIDIA Corporation,2023-05-12,2023-05-18,4,up,up,3.7637039583298464e-05,1.7009646889179723e-08,0.9999623459507697
NVIDIA Corporation,2023-05-15,2023-05-19,4,up,up,9.168266608727694e-05,1.0333697587288677e-07,0.9999082139969369
NVIDIA Corporation,2023-05-16,2023-05-22,4,up,up,0.0007274437081103061,3.406042195995011e-06,0.9992691502496936
NVIDIA Corporation,2023-05-17,2023-05-23,4,up,up,0.007626728348284487,1.021018453061988e-05,0.9923630614671849
NVIDIA Corporation,2023-05-18,2023-05-24,4,flat,up,0.13786318834125985,0.00015029174688122103,0.8619865199118589
NVIDIA Corporation,2023-05-19,2023-05-25,4,up,up,0.12187018379515265,9.761744646904668e-05,0.8780321987583783
NVIDIA Corporation,2023-05-22,2023-05-26,4,up,up,0.0010950539934578725,3.170953530708177e-05,0.9988732364712352
NVIDIA Corporation,2023-05-23,2023-05-30,4,up,up,1.9014961489557756e-05,5.8402556720231375e-06,0.9999751447828384
NVIDIA Corporation,2023-05-24,2023-05-31,4,up,up,2.5777278659159497e-06,6.1598296583423975e-06,0.9999912624424758
NVIDIA Corporation,2023-05-25,2023-06-01,4,flat,flat,1.3416766266264513e-07,0.999999863268128,2.5642094728657342e-09
NVIDIA Corporation,2023-05-26,2023-06-02,4,flat,flat,1.4624229881818678e-06,0.9999985375769764,3.562244149012304e-14
NVIDIA Corporation,2023-05-30,2023-06-05,4,flat,flat,1.8183721117365815e-11,0.9999999999818163,1.331330869322069e-18
NVIDIA Corporation,2023-05-31,2023-06-06,4,flat,flat,1.5365830929921591e-15,0.9999999999999978,5.69602947488205e-16
NVIDIA Corporation,2023-06-01,2023-06-07,4,flat,flat,3.6150582545849504e-19,0.999999999999913,8.712358271795442e-14
NVIDIA Corporation,2023-06-02,2023-06-08,4,flat,flat,8.014942743802692e-18,0.9999999999999949,5.086139789609937e-15
NVIDIA Corporation,2023-06-05,2023-06-09,4,flat,flat,1.766645355104662e-17,1.0,4.810582069475087e-19
NVIDIA Corporation,2023-06-06,2023-06-12,4,flat,flat,4.775733280429371e-14,0.9999999999999523,6.4565536973772506e-21
NVIDIA Corporation,2023-06-07,2023-06-13,4,up,flat,1.5045451555628434e-06,0.9999984954546554,1.889095431519871e-13
NVIDIA Corporation,2023-06-08,2023-06-14,4,up,down,0.9999998733350414,1.2666486123839269e-07,9.757516202693991e-14
NVIDIA Corporation,2023-06-09,2023-06-15,4,up,down,0.9999999988365187,1.1633626618116728e-09,1.1848875119968565e-13
NVIDIA Corporation,2023-06-12,2023-06-16,4,up,down,0.9999999994083999,5.915935775646602e-10,6.454952988896244e-15
NVIDIA Corporation,2023-06-13,2023-06-20,4,up,down,0.9999733123422203,2.6687653837704763e-05,3.941822490325094e-12
NVIDIA Corporation,2023-06-14,2023-06-21,4,flat,down,0.9822641433717262,0.017735856348556064,2.797177838410386e-10
NVIDIA Corporation,2023-06-15,2023-06-22,4,flat,down,0.9999994219856904,5.526655056021626e-07,2.5348803972624386e-08
NVIDIA Corporation,2023-06-16,2023-06-23,4,flat,down,0.9969013647020707,0.0030188171914440867,7.98181064852328e-05
NVIDIA Corporation,2023-06-20,2023-06-26,4,down,down,0.5965717039217151,0.3045081134864649,0.09892018259182006
NVIDIA Corporation,2023-06-21,2023-06-27,4,down,up,0.009416653291122852,0.20512296087928597,0.7854603858295911
NVIDIA Corporation,2023-06-22,2023-06-28,4,down,up,0.00015853254036141975,0.0012697680661124865,0.9985716993935261
NVIDIA Corporation,2023-06-23,2023-06-29,4,flat,up,8.810877955425193e-06,1.261356688216446e-05,0.9999785755551626
NVIDIA Corporation,2023-06-26,2023-06-30,4,flat,up,9.811631504003693e-05,5.020789092703149e-06,0.9998968628958672
NVIDIA Corporation,2023-06-27,2023-07-03,4,flat,up,0.008262057685579983,3.920384920311355e-08,0.9917379031105709
NVIDIA Corporation,2023-06-28,2023-07-05,4,flat,down,0.5102734118699691,4.138305697686059e-11,0.4897265880886478
NVIDIA Corporation,2023-06-29,2023-07-06,4,flat,down,0.9395624693307234,1.9386838909350391e-13,0.06043753066908275
NVIDIA Corporation,2023-06-30,2023-07-07,4,flat,down,0.9855311771389618,1.252144710721672e-13,0.01446882286091314
NVIDIA Corporation,2023-07-03,2023-07-10,4,flat,down,0.9661749560761833,6.765382053832441e-13,0.03382504392314004
NVIDIA Corporation,2023-07-05,2023-07-11,4,flat,up,0.139387486325097,7.1798402646124125e-12,0.8606125136677232
NVIDIA Corporation,2023-07-06,2023-07-12,4,up,up,9.267952606764176e-05,1.2711113205500736e-13,0.9999073204738052
NVIDIA Corporation,2023-07-07,2023-07-13,4,up,up,7.948363700270048e-07,8.108061653204259e-13,0.999999205162819
NVIDIA Corporation,2023-07-10,2023-07-14,4,up,up,4.618853015938804e-08,4.6866914245420805e-12,0.9999999538067831
NVIDIA Corporation,2023-07-11,2023-07-17,4,up,up,5.7766836519082044e-08,1.4612884224701322e-11,0.9999999422185506
NVIDIA Corporation,2023-07-12,2023-07-18,4,up,up,1.3546054141562226e-07,9.11222152157696e-11,0.9999998644483363
NVIDIA Corporation,2023-07-13,2023-07-19,4,up,up,4.0748210967549035e-06,6.02112479680492e-09,0.9999959191577785
NVIDIA Corporation,2023-07-14,2023-07-20,4,flat,up,0.00015674231987080194,1.844877700054132e-06,0.9998414128024291
NVIDIA Corporation,2023-07-17,2023-07-21,4,flat,up,8.127776322797868e-06,2.0486669902812514e-07,0.9999916673569782
NVIDIA Corporation,2023-07-18,2023-07-24,4,down,up,9.946313040961942e-08,4.062433262137885e-06,0.9999958381036074
NVIDIA Corporation,2023-07-19,2023-07-25,4,down,up,8.95691264351783e-09,1.1617551533869112e-06,0.9999988292879339
NVIDIA Corporation,2023-07-20,2023-07-26,4,flat,up,3.017933931018828e-08,5.578150292624839e-06,0.999994391670368
NVIDIA Corporation,2023-07-21,2023-07-27,4,flat,up,6.291802321492845e-08,4.206918836795116e-06,0.9999957301631401
NVIDIA Corporation,2023-07-24,2023-07-28,4,up,up,1.6953842171190093e-06,2.9756728872731844e-07,0.9999980070484941
NVIDIA Corporation,2023-07-25,2023-07-31,4,flat,up,0.00790373163565361,9.22324268254759e-09,0.9920962591411038
NVIDIA Corporation,2023-07-26,2023-08-01,4,flat,down,0.9836278701990402,4.188850750296773e-11,0.01637212975907134
NVIDIA Corporation,2023-07-27,2023-08-02,4,flat,down,0.9989525294979793,6.349068249471617e-11,0.001047470438530066
NVIDIA Corporation,2023-07-28,2023-08-03,4,down,down,0.8866125096486865,2.987367036235228e-10,0.1133874900525769
NVIDIA Corporation,2023-07-31,2023-08-04,4,down,up,0.025838882698109876,3.9636899914985393e-11,0.9741611172622532
NVIDIA Corporation,2023-08-01,2023-08-07,4,flat,up,0.00015854332765168468,2.0443674860458176e-11,0.9998414566519047
NVIDIA Corporation,2023-08-02,2023-08-08,4,flat,up,8.220517531449231e-08,3.96720335692614e-10,0.9999999173981043
NVIDIA Corporation,2023-08-03,2023-08-09,4,flat,up,5.519563467142644e-09,1.3341856316632136e-11,0.9999999944670948
NVIDIA Corporation,2023-08-04,2023-08-10,4,down,up,2.629834502529702e-07,1.3478259100974121e-11,0.9999997370030714
NVIDIA Corporation,2023-08-07,2023-08-11,4,down,up,0.00036543308283923305,3.733720096335179e-12,0.9996345669134271
NVIDIA Corporation,2023-08-08,2023-08-14,4,down,up,0.0007605098647216142,1.2093062320529178e-12,0.999239490134069
NVIDIA Corporation,2023-08-09,2023-08-15,4,flat,up,2.030853787054774e-05,1.7024166513025662e-14,0.9999796914621125
NVIDIA Corporation,2023-08-10,2023-08-16,4,up,up,4.924280400675019e-07,8.650158617550773e-17,0.9999995075719599
NVIDIA Corporation,2023-08-11,2023-08-17,4,up,up,8.793118859379883e-07,5.0726891686066506e-17,0.999999120688114
NVIDIA Corporation,2023-08-14,2023-08-18,4,flat,up,0.00024881937462961065,4.111698278708776e-12,0.9997511806212587
NVIDIA Corporation,2023-08-15,2023-08-21,4,flat,up,0.10125463512974446,8.173088743596432e-08,0.898745283139368
NVIDIA Corporation,2023-08-16,2023-08-22,4,up,up,0.12529571339537016,6.051005225876999e-08,0.8747042260945777
NVIDIA Corporation,2023-08-17,2023-08-23,4,up,up,0.00020553166408884789,1.4914398395644146e-09,0.9997944668444714
NVIDIA Corporation,2023-08-18,2023-08-24,4,up,up,7.0074691147648895e-09,3.460989091004629e-10,0.999999992646432
NVIDIA Corporation,2023-08-21,2023-08-25,4,flat,up,1.3889416194716057e-09,6.430439094310416e-05,0.9999356942201152
NVIDIA Corporation,2023-08-22,2023-08-28,4,flat,flat,1.0950649736966382e-07,0.6267453276741418,0.3732545628193608
NVIDIA Corporation,2023-08-23,2023-08-29,4,flat,flat,8.398348715625866e-12,0.999982281311896,1.7718679705745642e-05
NVIDIA Corporation,2023-08-24,2023-08-30,4,flat,flat,9.716154897174456e-16,0.9999999773500109,2.2649988217629142e-08
NVIDIA Corporation,2023-08-25,2023-08-31,4,up,flat,2.5337687593012443e-15,0.9999231006126873,7.6899387310241e-05
NVIDIA Corporation,2023-08-28,2023-09-01,4,up,flat,7.973961625938196e-14,0.9979234626642297,0.0020765373356906205
NVIDIA Corporation,2023-08-29,2023-09-05,4,flat,flat,3.0767256272218726e-14,0.9999949265009178,5.073499051273479e-06
NVIDIA Corporation,2023-08-30,2023-09-06,4,flat,flat,1.451848445185408e-13,0.9999999991603892,8.394654984402753e-10
NVIDIA Corporation,2023-08-31,2023-09-07,4,down,flat,3.14061481575783e-09,0.9999999409039076,5.5955477479029706e-08
NVIDIA Corporation,2023-09-01,2023-09-08,4,down,flat,0.0002330768001031361,0.9988104449845784,0.0009564782153185083
NVIDIA Corporation,2023-09-05,2023-09-11,4,down,up,0.0010944580315820874,0.47314969848123295,0.525755843487185
NVIDIA Corporation,2023-09-06,2023-09-12,4,down,up,6.182639361014643e-06,0.0004231189618558423,0.9995706983987832
NVIDIA Corporation,2023-09-07,2023-09-13,4,flat,up,0.0006418686402181068,0.0034736859392234688,0.9958844454205584
NVIDIA Corporation,2023-09-08,2023-09-14,4,flat,up,0.001466920021273651,0.06372752121671876,0.9348055587620075
NVIDIA Corporation,2023-09-11,2023-09-15,4,flat,up,0.15011269025549873,2.83294018925786e-05,0.8498589803426086
NVIDIA Corporation,2023-09-12,2023-09-18,4,flat,down,0.9378357117455531,1.1269298233562772e-10,0.062164288141753836
NVIDIA Corporation,2023-09-13,2023-09-19,4,flat,down,0.9958316563219307,1.1309440318517618e-13,0.00416834367795627
NVIDIA Corporation,2023-09-14,2023-09-20,4,down,down,0.9593156622228595,7.499451269335494e-15,0.04068433777713305
NVIDIA Corporation,2023-09-15,2023-09-21,4,down,up,0.09515771170825221,7.120145527345222e-15,0.9048422882917407
NVIDIA Corporation,2023-09-18,2023-09-22,4,down,up,3.5292898596417335e-05,5.5805440521300726e-15,0.999964707101398
NVIDIA Corporation,2023-09-19,2023-09-25,4,down,up,5.584009692293084e-06,1.335314586275436e-14,0.9999944159902944
NVIDIA Corporation,2023-09-20,2023-09-26,4,flat,up,5.026120495542133e-06,1.5709508499288693e-13,0.9999949738793474
NVIDIA Corporation,2023-09-21,2023-09-27,4,flat,up,0.0003113074550597469,1.3150955516504943e-12,0.9996886925436252
NVIDIA Corporation,2023-09-22,2023-09-28,4,flat,up,0.0038151752895848076,5.060480629948118e-12,0.9961848247053546
NVIDIA Corporation,2023-09-25,2023-09-29,4,up,up,0.036688103405957274,1.627944565303819e-11,0.9633118965777634
NVIDIA Corporation,2023-09-26,2023-10-02,4,up,up,0.45195562297008546,9.946284344227945e-13,0.5480443770289198
NVIDIA Corporation,2023-09-27,2023-10-03,4,up,down,0.7359709340839028,4.108399036281251e-12,0.26402906591198894
NVIDIA Corporation,2023-09-28,2023-10-04,4,flat,up,0.019621401986356042,1.4391479567187542e-09,0.980378596574496
NVIDIA Corporation,2023-09-29,2023-10-05,4,flat,up,4.974055563885001e-05,3.6934619027943273e-10,0.999950259075015
NVIDIA Corporation,2023-10-02,2023-10-06,4,flat,up,4.9798769545364535e-06,9.762718149651914e-09,0.9999950103603273
NVIDIA Corporation,2023-10-03,2023-10-09,4,flat,up,5.6495188427246255e-08,2.48742629748832e-06,0.9999974560785142
NVIDIA Corporation,2023-10-04,2023-10-10,4,up,up,4.662835317676227e-11,2.2988014416836597e-06,0.9999977011519299
NVIDIA Corporation,2023-10-05,2023-10-11,4,up,up,5.799128350916189e-11,2.1069958623506946e-07,0.9999997892424224
NVIDIA Corporation,2023-10-06,2023-10-12,4,up,up,3.32584267715674e-09,2.5979532135899575e-07,0.999999736878836
NVIDIA Corporation,2023-10-09,2023-10-13,4,flat,up,2.341363682704408e-07,3.874983439288708e-06,0.9999958908801925
NVIDIA Corporation,2023-10-10,2023-10-16,4,flat,up,3.2104095392711465e-06,3.0433758088640463e-06,0.9999937462146518
NVIDIA Corporation,2023-10-11,2023-10-17,4,down,up,1.5661970966993502e-05,3.5564160322011164e-07,0.9999839823874298
NVIDIA Corporation,2023-10-12,2023-10-18,4,down,up,6.111600787268809e-05,4.592698591760259e-08,0.9999388380651413
NVIDIA Corporation,2023-10-13,2023-10-19,4,down,up,2.2145154544722413e-05,5.074456075011787e-08,0.9999778041008945
NVIDIA Corporation,2023-10-16,2023-10-20,4,down,up,6.276282691799468e-07,3.923641490975078e-08,0.9999993331353159
NVIDIA Corporation,2023-10-17,2023-10-23,4,down,up,3.0026246773254e-08,3.0249569263723875e-08,0.999999939724184
NVIDIA Corporation,2023-10-18,2023-10-24,4,flat,up,3.9782551485530416e-07,1.0910452139850822e-09,0.9999996010834399
NVIDIA Corporation,2023-10-19,2023-10-25,4,flat,up,0.0007402100697069936,1.6089698011225062e-09,0.9992597883213231
NVIDIA Corporation,2023-10-20,2023-10-26,4,flat,up,0.447829504187256,1.9542370148853958e-10,0.5521704956173203
NVIDIA Corporation,2023-10-23,2023-10-27,4,flat,down,0.9927600313688896,7.968076628496469e-13,0.007239968630313503
NVIDIA Corporation,2023-10-24,2023-10-30,4,down,down,0.9986002251617077,6.685987067264206e-14,0.0013997748382254714
NVIDIA Corporation,2023-10-25,2023-10-31,4,down,down,0.8987232660786095,1.5352998560224034e-11,0.10127673390603743
NVIDIA Corporation,2023-10-26,2023-11-01,4,flat,up,0.0007131799773650345,8.424122028099681e-11,0.9992868199383937
NVIDIA Corporation,2023-10-27,2023-11-02,4,up,up,1.26750506253839e-06,6.11952007139682e-10,0.9999987318829854
NVIDIA Corporation,2023-10-30,2023-11-03,4,up,up,5.753606564754548e-07,1.962196262809773e-07,0.9999992284197172
NVIDIA Corporation,2023-10-31,2023-11-06,4,up,up,2.2126027848472275e-05,4.443496937567613e-05,0.999933439002776
NVIDIA Corporation,2023-11-01,2023-11-07,4,up,up,0.0071716647430711085,0.06271566428216553,0.9301126709747635
NVIDIA Corporation,2023-11-02,2023-11-08,4,up,flat,0.021455133347549612,0.5324670919242814,0.44607777472816895
NVIDIA Corporation,2023-11-03,2023-11-09,4,up,up,0.013111435088104768,0.40368810963841756,0.5832004552734777
NVIDIA Corporation,2023-11-06,2023-11-10,4,up,up,0.0020432118720267187,0.01996902476977714,0.977987763358196
NVIDIA Corporation,2023-11-07,2023-11-13,4,up,up,3.503332585680305e-07,0.17298118986925884,0.8270184597974826
NVIDIA Corporation,2023-11-08,2023-11-14,4,up,up,2.014164070233985e-10,0.37412537539565577,0.6258746244029278
NVIDIA Corporation,2023-11-09,2023-11-15,4,up,flat,4.8610684901464845e-11,0.8965251498701773,0.10347485008121189
NVIDIA Corporation,2023-11-10,2023-11-16,4,flat,flat,3.3349305569491445e-10,0.9979497470455218,0.002050252620985113
NVIDIA Corporation,2023-11-13,2023-11-17,4,flat,flat,2.694298423605667e-09,0.9995294190942453,0.0004705782114564071
NVIDIA Corporation,2023-11-14,2023-11-20,4,flat,flat,0.000139289072478152,0.9475135056593249,0.05234720526819697
NVIDIA Corporation,2023-11-15,2023-11-21,4,flat,up,0.07404541402075529,0.03356728580923216,0.8923873001700124
NVIDIA Corporation,2023-11-16,2023-11-22,4,flat,up,0.13368383408884907,0.00039742289977503007,0.865918743011376
NVIDIA Corporation,2023-11-17,2023-11-24,4,flat,down,0.5884419001546697,1.0845278567250956e-05,0.41154725456676305
NVIDIA Corporation,2023-11-20,2023-11-27,4,down,down,0.9815438944654178,8.438182312470695e-08,0.01845602115275916
NVIDIA Corporation,2023-11-21,2023-11-28,4,down,down,0.9997782708642292,1.0350435541910783e-10,0.00022172903226622145
NVIDIA Corporation,2023-11-22,2023-11-29,4,flat,down,0.9998430901282158,2.0590507350995677e-11,0.00015690985119372916
NVIDIA Corporation,2023-11-24,2023-11-30,4,flat,down,0.993039495146251,3.938606181170642e-13,0.006960504853355186
NVIDIA Corporation,2023-11-27,2023-12-01,4,down,down,0.9324898448348086,3.3659300705196923e-15,0.06751015516518825
NVIDIA Corporation,2023-11-28,2023-12-04,4,down,down,0.9900585878230034,7.52674719787448e-17,0.009941412176996614
NVIDIA Corporation,2023-11-29,2023-12-05,4,down,down,0.9857230058440454,5.222651981681581e-16,0.014276994155954348
NVIDIA Corporation,2023-11-30,2023-12-06,4,flat,down,0.5272519368843572,1.0675020828604926e-15,0.4727480631156417
NVIDIA Corporation,2023-12-01,2023-12-07,4,flat,up,0.00501206539075349,2.446186214067361e-18,0.9949879346092465
NVIDIA Corporation,2023-12-04,2023-12-08,4,up,up,8.431348671405536e-05,5.461027957169642e-20,0.999915686513286
NVIDIA Corporation,2023-12-05,2023-12-11,4,flat,up,9.600699788652641e-05,2.567548224426729e-19,0.9999039930021134
NVIDIA Corporation,2023-12-06,2023-12-12,4,flat,up,0.0009386019758437533,6.718046007014124e-17,0.999061398024156
NVIDIA Corporation,2023-12-07,2023-12-13,4,up,up,0.0008299324071571892,1.288866702778439e-15,0.9991700675928415
NVIDIA Corporation,2023-12-08,2023-12-14,4,flat,up,0.00033168335669458304,1.3100146776375354e-14,0.9996683166432924
NVIDIA Corporation,2023-12-11,2023-12-15,4,up,up,5.275594083646565e-06,4.038870994069232e-15,0.9999947244059123
NVIDIA Corporation,2023-12-12,2023-12-18,4,up,up,1.870713424963584e-07,1.6127082001409866e-14,0.9999998129286413
NVIDIA Corporation,2023-12-13,2023-12-19,4,up,up,1.6171061850156874e-08,4.359671963490591e-14,0.9999999838288944
NVIDIA Corporation,2023-12-14,2023-12-20,4,flat,up,8.773019463271544e-09,8.630460761356246e-12,0.99999999121835
NVIDIA Corporation,2023-12-15,2023-12-21,4,flat,up,2.9025436320913877e-09,1.8012854563574544e-10,0.9999999969173279
NVIDIA Corporation,2023-12-18,2023-12-22,4,flat,up,7.513600248353718e-09,2.9633028948255857e-09,0.9999999895230968
NVIDIA Corporation,2023-12-19,2023-12-26,4,flat,up,2.757144402945468e-09,3.4384320283600704e-09,0.9999999938044235
NVIDIA Corporation,2023-12-20,2023-12-27,4,flat,up,9.392619413341588e-11,1.480824812533447e-10,0.9999999997579914
NVIDIA Corporation,2023-12-21,2023-12-28,4,flat,up,2.1453860809610405e-10,4.1347208808614416e-11,0.9999999997441142
NVIDIA Corporation,2023-12-22,2023-12-29,4,flat,up,2.4572967469526654e-09,1.6431648211082252e-11,0.9999999975262717
NVIDIA Corporation,2023-12-26,2024-01-02,4,flat,up,3.0894223973014445e-07,2.1825826988199357e-12,0.9999996910555777
NVIDIA Corporation,2023-12-27,2024-01-03,4,down,up,8.240569280210898e-05,1.60114433463494e-13,0.9999175943070379
NVIDIA Corporation,2023-12-28,2024-01-04,4,down,up,0.0002690756954772405,1.2863925993255687e-14,0.9997309243045099
NVIDIA Corporation,2023-12-29,2024-01-05,4,flat,up,6.476075674079004e-05,1.6373437658372105e-16,0.999935239243259
NVIDIA Corporation,2024-01-02,2024-01-08,4,up,up,9.811238450158412e-06,1.1021019620522942e-17,0.9999901887615498
NVIDIA Corporation,2024-01-03,2024-01-09,4,up,up,1.8142987969629853e-07,6.091550698207451e-19,0.9999998185701202
NVIDIA Corporation,2024-01-04,2024-01-10,4,up,up,2.290463413353193e-07,1.0482727337202735e-18,0.9999997709536587
NVIDIA Corporation,2024-01-05,2024-01-11,4,up,up,2.3112866012332583e-05,2.0220844510423725e-17,0.9999768871339876
NVIDIA Corporation,2024-01-08,2024-01-12,4,up,up,0.008697942668297869,1.4492752585091044e-13,0.9913020573315572
NVIDIA Corporation,2024-01-09,2024-01-16,4,up,up,0.23524890274103544,1.876493851055823e-10,0.7647510970713152
NVIDIA Corporation,2024-01-10,2024-01-17,4,up,up,0.0059590137034665,2.36951320127101e-09,0.9940409839270203
NVIDIA Corporation,2024-01-11,2024-01-18,4,up,up,1.2545343907023682e-06,1.4135097125409669e-09,0.9999987440520997
NVIDIA Corporation,2024-01-12,2024-01-19,4,up,up,3.841224140536256e-10,2.8303725139960084e-09,0.9999999967855051
NVIDIA Corporation,2024-01-16,2024-01-22,4,up,up,8.674312803425368e-11,1.6899469369308667e-05,0.9999831004438876
NVIDIA Corporation,2024-01-17,2024-01-23,4,up,up,2.9279207119376284e-09,0.00994788372356523,0.9900521133485141
NVIDIA Corporation,2024-01-18,2024-01-24,4,up,flat,5.477738848854277e-06,0.5878616819859347,0.41213284027521646
NVIDIA Corporation,2024-01-19,2024-01-25,4,up,flat,0.003199079603959981,0.9652483159646553,0.031552604431384496
NVIDIA Corporation,2024-01-22,2024-01-26,4,flat,down,0.9852993537874538,0.007071716228969122,0.007628929983577148
NVIDIA Corporation,2024-01-23,2024-01-29,4,up,down,0.9978210843303713,2.4215714032841774e-06,0.002176494098225548
NVIDIA Corporation,2024-01-24,2024-01-30,4,flat,down,0.9961135117661185,0.0001167642711917956,0.0037697239626895275
NVIDIA Corporation,2024-01-25,2024-01-31,4,flat,down,0.9986820286493077,0.0003389791188449663,0.0009789922318472848
NVIDIA Corporation,2024-01-26,2024-02-01,4,flat,down,0.994549642578581,6.28520226095102e-05,0.005387505398809491
NVIDIA Corporation,2024-01-29,2024-02-02,4,up,down,0.9995932973968489,1.2181539473864313e-07,0.0004065807877564483
NVIDIA Corporation,2024-01-30,2024-02-05,4,up,down,0.9999556760119775,2.7072789645895354e-10,4.432371729452514e-05
NVIDIA Corporation,2024-01-31,2024-02-06,4,up,down,0.9999698191731254,3.575445795119413e-13,3.0180826517166356e-05
NVIDIA Corporation,2024-02-01,2024-02-07,4,up,down,0.9999843894103085,2.4010096268537486e-15,1.5610589688897082e-05
NVIDIA Corporation,2024-02-02,2024-02-08,4,up,down,0.9999994319171163,6.044633176690278e-13,5.680822792464619e-07
NVIDIA Corporation,2024-02-05,2024-02-09,4,up,down,0.999999983820755,6.807154091778387e-12,1.6172437826528756e-08
NVIDIA Corporation,2024-02-06,2024-02-12,4,up,down,0.9999998896374895,6.00273278082627e-10,1.0976223714090105e-07
NVIDIA Corporation,2024-02-07,2024-02-13,4,up,down,0.9909837929790561,0.0007106143818646245,0.008305592639079235
NVIDIA Corporation,2024-02-08,2024-02-14,4,up,up,0.0011993585350660683,0.00015510833656357895,0.9986455331283703
NVIDIA Corporation,2024-02-09,2024-02-15,4,flat,up,0.0007711670905850832,0.00052430414554221,0.9987045287638728
NVIDIA Corporation,2024-02-12,2024-02-16,4,flat,flat,0.012772203864757312,0.9848874015047023,0.002340394630540374
NVIDIA Corporation,2024-02-13,2024-02-20,4,flat,flat,5.278565154393171e-05,0.9998678092632777,7.94050851782988e-05
NVIDIA Corporation,2024-02-14,2024-02-21,4,down,flat,0.1034853754871444,0.8737949835228481,0.022719640990007436
NVIDIA Corporation,2024-02-15,2024-02-22,4,up,down,0.9828195372983742,2.6253826237156938e-06,0.017177837319001993
NVIDIA Corporation,2024-02-16,2024-02-23,4,up,down,0.9999175858708015,7.652432490476936e-10,8.241336395539551e-05
NVIDIA Corporation,2024-02-20,2024-02-26,4,up,down,0.9548820386393234,9.857136850965458e-07,0.04511697564699159
NVIDIA Corporation,2024-02-21,2024-02-27,4,up,up,0.008135868870268627,2.9060082684408604e-09,0.9918641282237232
NVIDIA Corporation,2024-02-22,2024-02-28,4,flat,down,0.998384190295918,0.0016142369401815054,1.5727639006164197e-06
NVIDIA Corporation,2024-02-23,2024-02-29,4,flat,down,0.9999993297994636,6.70200536041965e-07,4.918555857340871e-16
NVIDIA Corporation,2024-02-26,2024-03-01,4,flat,down,0.9993424433025917,0.0006575566974069344,1.4258494513799648e-15
NVIDIA Corporation,2024-02-27,2024-03-04,4,up,flat,3.645267173586707e-05,0.9999624066024656,1.1407257984816095e-06
NVIDIA Corporation,2024-02-28,2024-03-05,4,up,up,6.502286506857571e-11,0.003417985559788686,0.9965820143751883
NVIDIA Corporation,2024-02-29,2024-03-06,4,up,up,1.0555313285741628e-12,0.0008528348499268096,0.9991471651490177
NVIDIA Corporation,2024-03-01,2024-03-07,4,up,flat,2.70286394263368e-13,0.9999999530839525,4.69157772884882e-08
NVIDIA Corporation,2024-03-04,2024-03-08,4,up,flat,6.795137322243722e-20,1.0,3.6502351050714244e-22
NVIDIA Corporation,2024-03-05,2024-03-11,4,flat,flat,3.9031188842021865e-13,0.9999999999995928,1.6764937104811446e-14
NVIDIA Corporation,2024-03-06,2024-03-12,4,flat,flat,0.0023108250767132532,0.9976891447140108,3.020927592124404e-08
NVIDIA Corporation,2024-03-07,2024-03-13,4,flat,flat,7.47652490417976e-06,0.9999925232377378,2.373581700800548e-10
NVIDIA Corporation,2024-03-08,2024-03-14,4,flat,flat,3.565619170940137e-20,1.0,6.698414666802747e-21
NVIDIA Corporation,2024-03-11,2024-03-15,4,flat,flat,2.7215123702058372e-24,1.0,1.4335956943972579e-18
NVIDIA Corporation,2024-03-12,2024-03-18,4,flat,flat,7.362694849744905e-28,1.0,1.865044866641185e-21
NVIDIA Corporation,2024-03-13,2024-03-19,4,flat,flat,4.947918975353581e-12,0.9999999999944766,5.755016979346411e-13
NVIDIA Corporation,2024-03-14,2024-03-20,4,flat,flat,0.040160726423148725,0.9598392678418616,5.734989820143778e-09
NVIDIA Corporation,2024-03-15,2024-03-21,4,flat,down,0.9998426175170351,0.00015738246865934367,1.4305639559864468e-11
NVIDIA Corporation,2024-03-18,2024-03-22,4,flat,down,0.9988814680358943,0.001118526795874308,5.1682315574326386e-09
NVIDIA Corporation,2024-03-19,2024-03-25,4,up,down,0.9999997965376356,5.882032473279215e-08,1.446420397948861e-07
NVIDIA Corporation,2024-03-20,2024-03-26,4,flat,down,0.9999890522886179,1.878809203855033e-07,1.075983046179547e-05
NVIDIA Corporation,2024-03-21,2024-03-27,4,flat,down,0.8379355300495166,0.16206217217383354,2.2977766499187416e-06
NVIDIA Corporation,2024-03-22,2024-03-28,4,flat,flat,0.00011128123129573302,0.9996013827863399,0.00028733598236428925
NVIDIA Corporation,2024-03-25,2024-04-01,4,flat,flat,0.002908285226627746,0.9911954171106044,0.0058962976627677174
NVIDIA Corporation,2024-03-26,2024-04-02,4,down,flat,1.5954619574804147e-09,0.9995257152190392,0.00047428318549886604
NVIDIA Corporation,2024-03-27,2024-04-03,4,flat,flat,1.4423363652470063e-16,0.9562184525792748,0.04378154742072486
NVIDIA Corporation,2024-03-28,2024-04-04,4,flat,up,2.1924442567096728e-20,1.383798603665391e-11,0.999999999986162
NVIDIA Corporation,2024-04-01,2024-04-05,4,flat,up,3.3826739939116875e-17,2.1713977187608857e-12,0.9999999999978286
NVIDIA Corporation,2024-04-02,2024-04-08,4,flat,up,1.6338209972272257e-13,7.480377191253558e-16,0.9999999999998359
NVIDIA Corporation,2024-04-03,2024-04-09,4,flat,up,1.4480305741504364e-08,6.983271556388827e-19,0.9999999855196944
NVIDIA Corporation,2024-04-04,2024-04-10,4,flat,up,1.2007196666643501e-06,1.1830428652211338e-21,0.9999987992803334
NVIDIA Corporation,2024-04-05,2024-04-11,4,flat,up,9.484564111597228e-08,1.8293108772596838e-27,0.9999999051543588
NVIDIA Corporation,2024-04-08,2024-04-12,4,flat,up,4.1880516460707e-07,9.965697118898362e-32,0.9999995811948355
NVIDIA Corporation,2024-04-09,2024-04-15,4,flat,up,2.7631281777170583e-09,3.7465326270230804e-30,0.9999999972368718
NVIDIA Corporation,2024-04-10,2024-04-16,4,flat,up,9.879413279994614e-12,1.8537115130258124e-26,0.9999999999901206
NVIDIA Corporation,2024-04-11,2024-04-17,4,flat,up,1.5521574256424488e-10,3.0369206486264526e-22,0.9999999998447842
NVIDIA Corporation,2024-04-12,2024-04-18,4,down,up,3.875237312137897e-09,6.352409675200948e-20,0.9999999961247628
NVIDIA Corporation,2024-04-15,2024-04-19,4,down,up,7.696725484710975e-13,7.787796491221918e-18,0.9999999999992304
NVIDIA Corporation,2024-04-16,2024-04-22,4,down,up,3.9318638440265483e-17,4.1970286265455654e-20,1.0
NVIDIA Corporation,2024-04-17,2024-04-23,4,down,up,2.0548564712091085e-20,3.999797243011328e-20,1.0
NVIDIA Corporation,2024-04-18,2024-04-24,4,flat,up,1.5564014444194534e-19,3.0782143206291593e-19,1.0
NVIDIA Corporation,2024-04-19,2024-04-25,4,flat,up,1.9864080319347472e-16,1.7338288753473008e-12,0.999999999998266
NVIDIA Corporation,2024-04-22,2024-04-26,4,up,up,3.266059464935082e-13,1.1415501707008468e-10,0.9999999998855185
NVIDIA Corporation,2024-04-23,2024-04-29,4,up,up,1.0660618153231809e-06,2.7956645579979863e-11,0.9999989339102281
NVIDIA Corporation,2024-04-24,2024-04-30,4,up,down,0.9930974241684113,5.657765686603883e-13,0.006902575831022949
NVIDIA Corporation,2024-04-25,2024-05-01,4,flat,down,0.9859431899378858,1.7286629831320227e-08,0.01405679277548449
NVIDIA Corporation,2024-04-26,2024-05-02,4,flat,flat,0.00138777632803322,0.6960354137941855,0.3025768098777813
NVIDIA Corporation,2024-04-29,2024-05-03,4,flat,up,1.444637006622672e-08,0.1158607165105797,0.8841392690430503
NVIDIA Corporation,2024-04-30,2024-05-06,4,flat,flat,9.093935549283644e-15,0.8633752969289349,0.13662470307105617
NVIDIA Corporation,2024-05-01,2024-05-07,4,up,flat,4.762991202600762e-28,0.9999994775895069,5.224104930978529e-07
NVIDIA Corporation,2024-05-02,2024-05-08,4,up,flat,4.45862772610087e-37,0.9999999996294886,3.705113768203652e-10
NVIDIA Corporation,2024-05-03,2024-05-09,4,flat,flat,1.5800917667017507e-30,0.9999999978291265,2.170873514479226e-09
NVIDIA Corporation,2024-05-06,2024-05-10,4,flat,flat,9.00697952785112e-26,0.9999999999999993,6.974741251199358e-16
NVIDIA Corporation,2024-05-07,2024-05-13,4,flat,flat,7.859075043657921e-25,1.0,1.1981516922645778e-18
NVIDIA Corporation,2024-05-08,2024-05-14,4,flat,flat,1.9020181576884418e-22,0.9999999997354272,2.6457283250541504e-10
NVIDIA Corporation,2024-05-09,2024-05-15,4,up,up,2.414625757038649e-14,3.0896661548340336e-05,0.9999691033384274
NVIDIA Corporation,2024-05-10,2024-05-16,4,up,up,1.3472423969614418e-13,2.728289068572777e-07,0.9999997271709584
NVIDIA Corporation,2024-05-13,2024-05-17,4,flat,up,3.908008862361002e-09,0.04121842663391764,0.9587815694580736
NVIDIA Corporation,2024-05-14,2024-05-20,4,up,up,1.9773675604306258e-07,0.29251846162934564,0.7074813406338983
NVIDIA Corporation,2024-05-15,2024-05-21,4,flat,up,0.029787416019711722,0.0003406548458184711,0.9698719291344697
NVIDIA Corporation,2024-05-16,2024-05-22,4,flat,down,0.9960475317847635,4.238076487981505e-13,0.0039524682148127455
NVIDIA Corporation,2024-05-17,2024-05-23,4,up,up,0.37260247898984794,2.7595044522992876e-13,0.627397521009876
NVIDIA Corporation,2024-05-20,2024-05-24,4,up,up,1.9926832710008974e-06,2.0931180114948474e-13,0.9999980073165198
NVIDIA Corporation,2024-05-21,2024-05-28,4,down,up,1.9460280955775603e-09,1.6398759982806263e-16,0.9999999980539718
NVIDIA Corporation,2024-05-22,2024-05-29,4,down,up,3.110882797488908e-09,1.2655456383539804e-16,0.9999999968891171
NVIDIA Corporation,2024-05-23,2024-05-30,4,down,down,0.46220232148399826,0.22749611921644589,0.3103015592995558
NVIDIA Corporation,2024-05-24,2024-05-31,4,down,flat,0.20755320474761368,0.7924425387673236,4.256485062685778e-06
NVIDIA Corporation,2024-05-28,2024-06-03,4,flat,flat,5.057890488502829e-60,1.0,6.444365357451802e-35
NVIDIA Corporation,2024-05-29,2024-06-04,4,flat,flat,5.998902441411605e-25,0.9999922979968986,7.702003101530912e-06
NVIDIA Corporation,2024-05-30,2024-06-05,4,flat,down,1.0,6.164053393591015e-55,7.657868324603598e-58
NVIDIA Corporation,2024-05-31,2024-06-06,4,flat,down,1.0,3.0355805719919586e-126,2.3712355136756173e-163
NVIDIA Corporation,2024-06-03,2024-06-07,4,flat,down,1.0,1.2670646192079037e-166,3.198729907829919e-235
NVIDIA Corporation,2024-06-04,2024-06-10,4,flat,down,1.0,4.223250920977324e-145,1.3954048160539248e-206
NVIDIA Corporation,2024-06-05,2024-06-11,4,flat,down,1.0,2.9271822032090086e-150,7.99799386383939e-155
NVIDIA Corporation,2024-06-06,2024-06-12,4,flat,down,1.0,2.3588324764028948e-123,2.2125285129884374e-111
NVIDIA Corporation,2024-06-07,2024-06-13,4,flat,down,0.9999999999992477,7.522677881164847e-13,6.423972790420521e-106
NVIDIA Corporation,2024-06-10,2024-06-14,4,flat,flat,8.122895478330555e-125,1.0,4.694089630656596e-160
NVIDIA Corporation,2024-06-13,2024-06-18,4,flat,flat,8.287705749009857e-101,1.0,2.1279728680356426e-159
"Tesla, Inc.",2021-09-01,2021-09-08,4,flat,down,0.4093004529953686,0.2785967798341629,0.3121027671704684
"Tesla, Inc.",2021-09-02,2021-09-09,4,up,down,0.413964344397667,0.2838457180310043,0.30218993757132867
"Tesla, Inc.",2021-09-03,2021-09-10,4,flat,down,0.43353372718603406,0.26399994734489046,0.30246632546907537
"Tesla, Inc.",2021-09-07,2021-09-13,4,flat,down,0.4097917255302471,0.24096213476577047,0.34924613970398244
"Tesla, Inc.",2021-09-08,2021-09-14,4,flat,down,0.4516666834703809,0.2441095424879175,0.30422377404170164
"Tesla, Inc.",2021-09-09,2021-09-15,4,flat,down,0.487439214784098,0.24111612382631015,0.27144466138959195
"Tesla, Inc.",2021-09-10,2021-09-16,4,flat,down,0.4954801169619737,0.25254284083481565,0.2519770422032107
"Tesla, Inc.",2021-09-13,2021-09-17,4,up,down,0.5133790087201168,0.25539061548911035,0.23123037579077296
"Tesla, Inc.",2021-09-14,2021-09-20,4,flat,down,0.48040804657864283,0.22851464204317862,0.2910773113781786
"Tesla, Inc.",2021-09-15,2021-09-21,4,flat,down,0.5173816473428168,0.21771271921911894,0.26490563343806445
"Tesla, Inc.",2021-09-16,2021-09-22,4,flat,down,0.5507094814213416,0.20420798238232118,0.24508253619633721
"Tesla, Inc.",2021-09-17,2021-09-23,4,flat,down,0.5575234139917828,0.2171095113916203,0.22536707461659689
"Tesla, Inc.",2021-09-20,2021-09-24,4,up,down,0.5792696555241256,0.24781473453911987,0.17291560993675453
"Tesla, Inc.",2021-09-21,2021-09-27,4,up,down,0.5129782601067909,0.23176227523312895,0.2552594646600801
"Tesla, Inc.",2021-09-22,2021-09-28,4,up,down,0.5097736056787795,0.2232570406933278,0.26696935362789276
"Tesla, Inc.",2021-09-23,2021-09-29,4,up,down,0.5343212917809522,0.2156774268191746,0.2500012813998732
"Tesla, Inc.",2021-09-24,2021-09-30,4,flat,down,0.5124596973918837,0.23038112539760364,0.2571591772105127
"Tesla, Inc.",2021-09-27,2021-10-01,4,flat,down,0.4778216480628458,0.23836157572485342,0.28381677621230084
"Tesla, Inc.",2021-09-28,2021-10-04,4,flat,down,0.46919247303559514,0.25902155104735153,0.2717859759170533
"Tesla, Inc.",2021-09-29,2021-10-05,4,flat,down,0.4194159685231166,0.26179701750262174,0.31878701397426173
"Tesla, Inc.",2021-09-30,2021-10-06,4,flat,down,0.4147780858128738,0.24079480610749315,0.3444271080796329
"Tesla, Inc.",2021-10-01,2021-10-07,4,flat,down,0.41662915424300995,0.22077466222609524,0.3625961835308949
"Tesla, Inc.",2021-10-04,2021-10-08,4,flat,up,0.3842787852837721,0.20459414290238698,0.411127071813841
"Tesla, Inc.",2021-10-05,2021-10-11,4,flat,down,0.46818095958209854,0.2199886132228886,0.3118304271950128
"Tesla, Inc.",2021-10-06,2021-10-12,4,up,down,0.4901991382050707,0.21382913980753981,0.2959717219873894
"Tesla, Inc.",2021-10-07,2021-10-13,4,flat,down,0.45919871880020835,0.21894575784540263,0.3218555233543891
"Tesla, Inc.",2021-10-08,2021-10-14,4,up,down,0.5240905040039104,0.21360370375519713,0.26230579224089245
"Tesla, Inc.",2021-10-11,2021-10-15,4,up,down,0.5080842896828861,0.21152766475938278,0.2803880455577311
"Tesla, Inc.",2021-10-12,2021-10-18,4,up,down,0.4924585042620973,0.21647117721534434,0.2910703185225584
"Tesla, Inc.",2021-10-13,2021-10-19,4,up,down,0.5028636098301889,0.2270802165563219,0.2700561736134893
"Tesla, Inc.",2021-10-14,2021-10-20,4,up,down,0.4989608672088144,0.22864334113528173,0.27239579165590394
"Tesla, Inc.",2021-10-15,2021-10-21,4,up,down,0.4936001682317034,0.23498344688134312,0.27141638488695347
"Tesla, Inc.",2021-10-18,2021-10-22,4,up,down,0.45148095915066655,0.23009228939686,0.3184267514524735
"Tesla, Inc.",2021-10-19,2021-10-25,4,up,down,0.4608168881944142,0.2566870866401965,0.28249602516538924
"Tesla, Inc.",2021-10-20,2021-10-26,4,up,down,0.46624127917115993,0.2630370894537419,0.2707216313750981
"Tesla, Inc.",2021-10-21,2021-10-27,4,up,down,0.3968017406331714,0.2573572512639305,0.3458410081028981
"Tesla, Inc.",2021-10-22,2021-10-28,4,up,down,0.3828493736347724,0.24212924281960319,0.3750213835456244
"Tesla, Inc.",2021-10-25,2021-10-29,4,up,up,0.24427126959390744,0.24840243123556308,0.5073262991705295
"Tesla, Inc.",2021-10-26,2021-11-01,4,up,flat,0.2679247164277411,0.37436595297668657,0.35770933059557225
"Tesla, Inc.",2021-10-27,2021-11-02,4,up,flat,0.2393900979798529,0.47475135315480516,0.285858548865342
"Tesla, Inc.",2021-10-28,2021-11-03,4,up,flat,0.16049765464795046,0.47686048163254585,0.36264186371950363
"Tesla, Inc.",2021-10-29,2021-11-04,4,up,flat,0.1277430671412869,0.46305172840461983,0.4092052044540933
"Tesla, Inc.",2021-11-01,2021-11-05,4,up,up,0.08573244819292043,0.41571083907648065,0.4985567127305988
"Tesla, Inc.",2021-11-02,2021-11-08,4,flat,flat,0.11749465877459844,0.5711818998241998,0.3113234414012018
"Tesla, Inc.",2021-11-03,2021-11-09,4,down,flat,0.12259749429871306,0.5435198334843672,0.3338826722169198
"Tesla, Inc.",2021-11-04,2021-11-10,4,down,flat,0.12428792497950007,0.5206381300478037,0.3550739449726963
"Tesla, Inc.",2021-11-05,2021-11-11,4,down,flat,0.1793985139648306,0.5587137088014738,0.2618877772336956
"Tesla, Inc.",2021-11-08,2021-11-12,4,down,flat,0.21174916756139803,0.6035000672570978,0.18475076518150418
"Tesla, Inc.",2021-11-09,2021-11-15,4,down,flat,0.2309853095366946,0.5553691599991949,0.21364553046411042
"Tesla, Inc.",2021-11-10,2021-11-16,4,flat,flat,0.3452576592274147,0.4180144605456757,0.23672788022690963
"Tesla, Inc.",2021-11-11,2021-11-17,4,flat,down,0.37562565401474485,0.2696546202590222,0.35471972572623295
"Tesla, Inc.",2021-11-12,2021-11-18,4,flat,down,0.7383495991206374,0.18460320550975537,0.07704719536960726
"Tesla, Inc.",2021-11-15,2021-11-19,4,up,down,0.8200291710524702,0.12109161042956408,0.058879218517965744
"Tesla, Inc.",2021-11-16,2021-11-22,4,up,down,0.7788517041080062,0.1259777582886401,0.09517053760335357
"Tesla, Inc.",2021-11-17,2021-11-23,4,flat,down,0.6690928567047828,0.15947692310728706,0.17143022018793008
"Tesla, Inc.",2021-11-18,2021-11-24,4,flat,down,0.5795875508913009,0.2259081606578303,0.1945042884508687
"Tesla, Inc.",2021-11-19,2021-11-26,4,flat,down,0.47939521752836506,0.26512575898531676,0.2554790234863182
"Tesla, Inc.",2021-11-22,2021-11-29,4,flat,up,0.29130521736458415,0.27172501703497737,0.4369697656004385
"Tesla, Inc.",2021-11-23,2021-11-30,4,flat,up,0.18626641945812217,0.37469623540394925,0.43903734513792847
"Tesla, Inc.",2021-11-24,2021-12-01,4,flat,up,0.14893497022384336,0.3574616076235088,0.4936034221526479
"Tesla, Inc.",2021-11-26,2021-12-02,4,flat,up,0.12749549651176986,0.2625084582539683,0.6099960452342618
"Tesla, Inc.",2021-11-29,2021-12-03,4,down,up,0.13592761304683654,0.21265507271374623,0.6514173142394173
"Tesla, Inc.",2021-11-30,2021-12-06,4,down,up,0.2648706869643445,0.2454057441884479,0.4897235688472075
"Tesla, Inc.",2021-12-01,2021-12-07,4,down,down,0.4095532949145731,0.2970234312356429,0.29342327384978406
"Tesla, Inc.",2021-12-02,2021-12-08,4,flat,down,0.429856413073148,0.3151613027887734,0.25498228413807866
"Tesla, Inc.",2021-12-03,2021-12-09,4,flat,down,0.3675073359122085,0.3254930998190566,0.30699956426873487
"Tesla, Inc.",2021-12-06,2021-12-10,4,flat,down,0.41873396605566315,0.28393675664250734,0.29732927730182956
"Tesla, Inc.",2021-12-07,2021-12-13,4,flat,up,0.3427855914312422,0.17994398845865067,0.47727042011010706
"Tesla, Inc.",2021-12-08,2021-12-14,4,down,down,0.5131443285090295,0.2040082310530429,0.2828474404379277
"Tesla, Inc.",2021-12-09,2021-12-15,4,down,down,0.5520579226357274,0.2366398561695383,0.21130222119473444
"Tesla, Inc.",2021-12-10,2021-12-16,4,flat,down,0.5147533863747404,0.25524674640152745,0.22999986722373214
"Tesla, Inc.",2021-12-13,2021-12-17,4,flat,down,0.44367995326495385,0.2526233685695558,0.3036966781654902
"Tesla, Inc.",2021-12-14,2021-12-20,4,flat,down,0.42597530003060124,0.20999981648299565,0.36402488348640316
"Tesla, Inc.",2021-12-15,2021-12-21,4,flat,up,0.38394996547360494,0.16955407080514664,0.4464959637212484
"Tesla, Inc.",2021-12-16,2021-12-22,4,flat,down,0.42197494504373134,0.1801496800764464,0.3978753748798222
"Tesla, Inc.",2021-12-17,2021-12-23,4,up,down,0.44984381901644466,0.20877059862888353,0.3413855823546717
"Tesla, Inc.",2021-12-20,2021-12-27,4,up,down,0.4580948976598223,0.21164287483519345,0.33026222750498413
"Tesla, Inc.",2021-12-21,2021-12-28,4,up,up,0.3959479145946677,0.19332258172989164,0.41072950367544075
"Tesla, Inc.",2021-12-22,2021-12-29,4,up,up,0.24107651247787468,0.18066685253809844,0.5782566349840269
"Tesla, Inc.",2021-12-23,2021-12-30,4,flat,up,0.24456976668394373,0.25136537038044665,0.5040648629356096
"Tesla, Inc.",2021-12-27,2021-12-31,4,flat,up,0.19392639929552902,0.322318866138832,0.4837547345656391
"Tesla, Inc.",2021-12-28,2022-01-03,4,up,flat,0.12918015882524242,0.44480628050076104,0.4260135606739966
"Tesla, Inc.",2021-12-29,2022-01-04,4,up,up,0.07761855404608951,0.4535078844014776,0.4688735615524329
"Tesla, Inc.",2021-12-30,2022-01-05,4,flat,up,0.06303395169109297,0.41781798345727716,0.5191480648516298
"Tesla, Inc.",2021-12-31,2022-01-06,4,flat,up,0.0665725280546459,0.3449804424948016,0.5884470294505525
"Tesla, Inc.",2022-01-03,2022-01-07,4,down,up,0.04201368159320655,0.2297965913047482,0.7281897271020452
"Tesla, Inc.",2022-01-04,2022-01-10,4,down,flat,0.09902202286672608,0.48435104312122923,0.4166269340120447
"Tesla, Inc.",2022-01-05,2022-01-11,4,flat,flat,0.1287668810835616,0.5981738033498433,0.2730593155665951
"Tesla, Inc.",2022-01-06,2022-01-12,4,flat,flat,0.14637345655514453,0.5924407863385595,0.26118575710629616
"Tesla, Inc.",2022-01-07,2022-01-13,4,flat,flat,0.14582984539964153,0.45167047573577374,0.4024996788645847
"Tesla, Inc.",2022-01-10,2022-01-14,4,flat,flat,0.18368554666652465,0.421819990100913,0.39449446323256243
"Tesla, Inc.",2022-01-11,2022-01-18,4,flat,up,0.2738183039820132,0.34268885797013154,0.3834928380478552
"Tesla, Inc.",2022-01-12,2022-01-19,4,down,down,0.39076952743648147,0.3295762657236436,0.27965420683987496
"Tesla, Inc.",2022-01-13,2022-01-20,4,flat,flat,0.3885974486639801,0.41350238375295373,0.19790016758306622
"Tesla, Inc.",2022-01-14,2022-01-21,4,flat,flat,0.3728502378816928,0.43987784992564627,0.1872719121926609
"Tesla, Inc.",2022-01-18,2022-01-24,4,down,flat,0.26548709700235923,0.40493080602726816,0.3295820969703725
"Tesla, Inc.",2022-01-19,2022-01-25,4,down,up,0.21183818302430873,0.36593295758209987,0.4222288593935914
"Tesla, Inc.",2022-01-20,2022-01-26,4,flat,up,0.19627491620932774,0.32941055479657744,0.4743145289940948
"Tesla, Inc.",2022-01-21,2022-01-27,4,down,up,0.25560339876046007,0.34808113090308024,0.3963154703364597
"Tesla, Inc.",2022-01-24,2022-01-28,4,down,down,0.3452509210048717,0.3156317408903349,0.3391173381047934
"Tesla, Inc.",2022-01-25,2022-01-31,4,flat,up,0.2988392226496832,0.20947353681164224,0.4916872405386745
"Tesla, Inc.",2022-01-26,2022-02-01,4,flat,up,0.3669309691720824,0.2204130697467024,0.4126559610812153
"Tesla, Inc.",2022-01-27,2022-02-02,4,flat,down,0.47218045858968666,0.2930019504567297,0.23481759095358373
"Tesla, Inc.",2022-01-28,2022-02-03,4,up,down,0.43458968044479995,0.27606802127940117,0.2893422982757989
"Tesla, Inc.",2022-01-31,2022-02-04,4,flat,up,0.20857295064469475,0.17956252551756666,0.6118645238377386
"Tesla, Inc.",2022-02-01,2022-02-07,4,flat,up,0.22843197899376963,0.2482574442601151,0.5233105767461154
"Tesla, Inc.",2022-02-02,2022-02-08,4,flat,up,0.2519602739964202,0.33813500882788555,0.40990471717569427
"Tesla, Inc.",2022-02-03,2022-02-09,4,flat,up,0.22025076249200506,0.3393179643805997,0.44043127312739516
"Tesla, Inc.",2022-02-04,2022-02-10,4,flat,up,0.10448025522951027,0.27700623099730465,0.618513513773185
"Tesla, Inc.",2022-02-07,2022-02-11,4,flat,up,0.0771128328993746,0.29879870467774333,0.6240884624228821
"Tesla, Inc.",2022-02-08,2022-02-14,4,flat,up,0.1082660107873593,0.35043625518251864,0.541297734030122
"Tesla, Inc.",2022-02-09,2022-02-15,4,flat,up,0.10014570879780224,0.31332513301418935,0.5865291581880084
"Tesla, Inc.",2022-02-10,2022-02-16,4,flat,up,0.11320120382582566,0.4003889195573922,0.4864098766167823
"Tesla, Inc.",2022-02-11,2022-02-17,4,flat,up,0.13921189714679735,0.42653440903480566,0.43425369381839696
"Tesla, Inc.",2022-02-14,2022-02-18,4,flat,up,0.14085295801482559,0.37754749476143773,0.48159954722373666
"Tesla, Inc.",2022-02-15,2022-02-22,4,down,up,0.13197784858906725,0.3109855044495693,0.5570366469613635
"Tesla, Inc.",2022-02-16,2022-02-23,4,down,up,0.20991020955738277,0.3786457574816018,0.41144403296101534
"Tesla, Inc.",2022-02-17,2022-02-24,4,down,flat,0.2599767230742664,0.4402604575496798,0.29976281937605365
"Tesla, Inc.",2022-02-18,2022-02-25,4,down,flat,0.28317898081470216,0.4270811958653579,0.2897398233199398
"Tesla, Inc.",2022-02-22,2022-02-28,4,flat,flat,0.25294468985290425,0.4135056791717853,0.3335496309753105
"Tesla, Inc.",2022-02-23,2022-03-01,4,up,up,0.24828494485971556,0.3634891081648995,0.3882259469753849
"Tesla, Inc.",2022-02-24,2022-03-02,4,up,up,0.3065476342178929,0.3360943737581412,0.35735799202396584
"Tesla, Inc.",2022-02-25,2022-03-03,4,up,up,0.23515127935418761,0.208842509457023,0.5560062111887893
"Tesla, Inc.",2022-02-28,2022-03-04,4,flat,up,0.2911109590618421,0.2804721412391063,0.42841689969905156
"Tesla, Inc.",2022-03-01,2022-03-07,4,flat,flat,0.31570588376650754,0.3574473083007656,0.3268468079327268
"Tesla, Inc.",2022-03-02,2022-03-08,4,down,flat,0.22840337374109274,0.46900161277899827,0.3025950134799089
"Tesla, Inc.",2022-03-03,2022-03-09,4,flat,flat,0.13847204522368747,0.47881000608985497,0.3827179486864576
"Tesla, Inc.",2022-03-04,2022-03-10,4,flat,up,0.09185062324660523,0.41452545227043247,0.4936239244829622
"Tesla, Inc.",2022-03-07,2022-03-11,4,flat,up,0.07468054797704986,0.35527292812357425,0.5700465238993758
"Tesla, Inc.",2022-03-08,2022-03-14,4,flat,up,0.0962469090647953,0.3463425759766598,0.557410514958545
"Tesla, Inc.",2022-03-09,2022-03-15,4,down,up,0.07989930767421807,0.26983941894728947,0.6502612733784925
"Tesla, Inc.",2022-03-10,2022-03-16,4,flat,up,0.15479048420908204,0.4092514646208843,0.4359580511700338
"Tesla, Inc.",2022-03-11,2022-03-17,4,flat,flat,0.18190523866561936,0.45058614229431293,0.36750861904006776
"Tesla, Inc.",2022-03-14,2022-03-18,4,up,flat,0.20213841878120625,0.47516572592497697,0.32269585529381667
"Tesla, Inc.",2022-03-15,2022-03-21,4,up,up,0.17012087757116987,0.37175588680891214,0.458123235619918
"Tesla, Inc.",2022-03-16,2022-03-22,4,up,up,0.17411140170586703,0.3149864483754419,0.5109021499186912
"Tesla, Inc.",2022-03-17,2022-03-23,4,up,up,0.2109962869142549,0.39285870905364645,0.3961450040320986
"Tesla, Inc.",2022-03-18,2022-03-24,4,up,flat,0.2097339444403682,0.42923172945033866,0.36103432610929315
"Tesla, Inc.",2022-03-21,2022-03-25,4,up,flat,0.15303680966352404,0.49625367845275287,0.3507095118837229
"Tesla, Inc.",2022-03-22,2022-03-28,4,up,flat,0.09301244143560648,0.5104070181827464,0.3965805403816472
"Tesla, Inc.",2022-03-23,2022-03-29,4,up,flat,0.05963545966177647,0.5185936319581025,0.421770908380121
"Tesla, Inc.",2022-03-24,2022-03-30,4,up,flat,0.052525813733801975,0.549483213170188,0.39799097309600995
"Tesla, Inc.",2022-03-25,2022-03-31,4,up,flat,0.05230186676931785,0.5323031165619858,0.4153950166686963
"Tesla, Inc.",2022-03-28,2022-04-01,4,flat,up,0.04073448883013097,0.42613716915396277,0.5331283420159063
"Tesla, Inc.",2022-03-29,2022-04-04,4,flat,flat,0.0645369480386673,0.5689750554715888,0.3664879964897439
"Tesla, Inc.",2022-03-30,2022-04-05,4,flat,flat,0.09139827795919628,0.6124351117381788,0.2961666103026249
"Tesla, Inc.",2022-03-31,2022-04-06,4,flat,flat,0.1266794922962513,0.5883972406832968,0.28492326702045206
"Tesla, Inc.",2022-04-01,2022-04-07,4,flat,flat,0.16484883651416468,0.514417289433365,0.3207338740524703
"Tesla, Inc.",2022-04-04,2022-04-08,4,down,flat,0.1713448122270414,0.4505604839381215,0.3780947038348371
"Tesla, Inc.",2022-04-05,2022-04-11,4,down,flat,0.2584416113286442,0.478761516787354,0.26279687188400164
"Tesla, Inc.",2022-04-06,2022-04-12,4,down,flat,0.3712879997618417,0.4776916310044181,0.1510203692337403
"Tesla, Inc.",2022-04-07,2022-04-13,4,down,flat,0.3779716621725179,0.38781550341714194,0.23421283441034016
"Tesla, Inc.",2022-04-08,2022-04-14,4,flat,down,0.4809744814582545,0.32889226732623883,0.19013325121550656
"Tesla, Inc.",2022-04-11,2022-04-18,4,flat,down,0.6015610929919732,0.25824788293536044,0.14019102407266637
"Tesla, Inc.",2022-04-12,2022-04-19,4,flat,down,0.6352954649349648,0.18544771603591964,0.17925681902911558
"Tesla, Inc.",2022-04-13,2022-04-20,4,flat,down,0.6835928074551815,0.16557974570108608,0.15082744684373245
"Tesla, Inc.",2022-04-14,2022-04-21,4,flat,down,0.6576013296157202,0.1807714691185732,0.16162720126570665
"Tesla, Inc.",2022-04-18,2022-04-22,4,flat,down,0.6670474199223723,0.18316287401569634,0.14978970606193126
"Tesla, Inc.",2022-04-19,2022-04-25,4,flat,down,0.60327239778389,0.18965401360007778,0.20707358861603223
"Tesla, Inc.",2022-04-20,2022-04-26,4,down,down,0.48686201187464745,0.23215723219696038,0.2809807559283921
"Tesla, Inc.",2022-04-21,2022-04-27,4,down,up,0.29484185325837875,0.23659476683154607,0.4685633799100752
"Tesla, Inc.",2022-04-22,2022-04-28,4,down,up,0.33579031958583,0.3121010718065174,0.35210860860765264
"Tesla, Inc.",2022-04-25,2022-04-29,4,down,up,0.2920280767744464,0.2661276939949323,0.44184422923062133
"Tesla, Inc.",2022-04-26,2022-05-02,4,down,up,0.3008285265518804,0.28221216801658644,0.4169593054315332
"Tesla, Inc.",2022-04-27,2022-05-03,4,flat,up,0.3618889166272357,0.22610744062314217,0.41200364274962215
"Tesla, Inc.",2022-04-28,2022-05-04,4,flat,up,0.38139037387059777,0.17736517366868637,0.441244452460716
"Tesla, Inc.",2022-04-29,2022-05-05,4,flat,up,0.4177637462288476,0.16252062602307582,0.41971562774807664
"Tesla, Inc.",2022-05-02,2022-05-06,4,flat,down,0.5606606874037361,0.17792849376923014,0.26141081882703376
"Tesla, Inc.",2022-05-03,2022-05-09,4,down,down,0.47802814780098707,0.19083336862530176,0.33113848357371106
"Tesla, Inc.",2022-05-04,2022-05-10,4,down,down,0.422721939819432,0.25029012365728437,0.32698793652328356
"Tesla, Inc.",2022-05-05,2022-05-11,4,down,up,0.29639574063984475,0.3323866592689031,0.3712176000912521
"Tesla, Inc.",2022-05-06,2022-05-12,4,down,up,0.2164742139829936,0.3356536871291545,0.447872098887852
"Tesla, Inc.",2022-05-09,2022-05-13,4,flat,up,0.17856873766116485,0.34177238479734334,0.47965887754149183
"Tesla, Inc.",2022-05-10,2022-05-16,4,flat,up,0.12480461435323761,0.20802030841216726,0.6671750772345951
"Tesla, Inc.",2022-05-11,2022-05-17,4,flat,up,0.2141389945436125,0.23734884557609265,0.5485121598802949
"Tesla, Inc.",2022-05-12,2022-05-18,4,flat,up,0.31384322206816734,0.25052693620210176,0.43562984172973085
"Tesla, Inc.",2022-05-13,2022-05-19,4,flat,up,0.1736782032047814,0.16870379525526694,0.6576180015399516
"Tesla, Inc.",2022-05-16,2022-05-20,4,flat,down,0.3788135893542289,0.2665025148547865,0.3546838957909846
"Tesla, Inc.",2022-05-17,2022-05-23,4,down,up,0.2949042646818037,0.27992740238329833,0.4251683329348979
"Tesla, Inc.",2022-05-18,2022-05-24,4,down,up,0.2638647277339708,0.3368475052449718,0.3992877670210574
"Tesla, Inc.",2022-05-19,2022-05-25,4,down,up,0.2022848578594942,0.29642593617983787,0.5012892059606678
"Tesla, Inc.",2022-05-20,2022-05-26,4,flat,up,0.12919173193740507,0.2925928191854026,0.5782154488771923
"Tesla, Inc.",2022-05-23,2022-05-27,4,up,up,0.1332996893394124,0.28703226929507447,0.5796680413655132
"Tesla, Inc.",2022-05-24,2022-05-31,4,up,up,0.14370427079805312,0.2537752739856419,0.6025204552163049
"Tesla, Inc.",2022-05-25,2022-06-01,4,up,up,0.13427841018430986,0.23624875632567552,0.6294728334900146
"Tesla, Inc.",2022-05-26,2022-06-02,4,up,up,0.12079308226731156,0.24183772396450423,0.6373691937681841
"Tesla, Inc.",2022-05-27,2022-06-03,4,flat,up,0.11157020335963237,0.29067280026774067,0.5977569963726269
"Tesla, Inc.",2022-05-31,2022-06-06,4,flat,flat,0.11232185349993226,0.4465853407015091,0.4410928057985586
"Tesla, Inc.",2022-06-01,2022-06-07,4,flat,flat,0.08244669532047101,0.5229725164742756,0.3945807882052533
"Tesla, Inc.",2022-06-02,2022-06-08,4,flat,up,0.042603209732190714,0.4499601560329936,0.5074366342348157
"Tesla, Inc.",2022-06-03,2022-06-09,4,flat,flat,0.037050159130678266,0.5016877404510133,0.4612621004183085
"Tesla, Inc.",2022-06-06,2022-06-10,4,flat,up,0.03357399359214449,0.4051163267230953,0.5613096796847602
"Tesla, Inc.",2022-06-07,2022-06-13,4,flat,up,0.05619215153792691,0.44656289672188054,0.49724495174019245
"Tesla, Inc.",2022-06-08,2022-06-14,4,down,up,0.0754313968636184,0.42794353554313624,0.49662506759324543
"Tesla, Inc.",2022-06-09,2022-06-15,4,down,flat,0.1041183633593372,0.5180866311227226,0.37779500551794026
"Tesla, Inc.",2022-06-10,2022-06-16,4,down,flat,0.17276138104312788,0.6000315532856138,0.22720706567125842
"Tesla, Inc.",2022-06-13,2022-06-17,4,flat,flat,0.16989834863771414,0.5635144910814021,0.2665871602808838
"Tesla, Inc.",2022-06-14,2022-06-21,4,flat,flat,0.14311993667366227,0.4543061439840483,0.4025739193422894
"Tesla, Inc.",2022-06-15,2022-06-22,4,flat,up,0.14248105030751831,0.38892161218123156,0.46859733751125016
"Tesla, Inc.",2022-06-16,2022-06-23,4,up,flat,0.2135529339743755,0.46977965973251923,0.31666740629310514
"Tesla, Inc.",2022-06-17,2022-06-24,4,up,flat,0.23360022964108448,0.41448281108208784,0.35191695927682776
"Tesla, Inc.",2022-06-21,2022-06-27,4,flat,up,0.13290661066709236,0.34730897806067357,0.5197844112722341
"Tesla, Inc.",2022-06-22,2022-06-28,4,flat,flat,0.14839816185329077,0.45937776566181554,0.39222407248489366
"Tesla, Inc.",2022-06-23,2022-06-29,4,flat,flat,0.15010822332279725,0.497883597324587,0.3520081793526158
"Tesla, Inc.",2022-06-24,2022-06-30,4,down,up,0.11116749900960635,0.4430342346882498,0.4457982663021437
"Tesla, Inc.",2022-06-27,2022-07-01,4,down,up,0.08405506530603411,0.428982575158681,0.4869623595352848
"Tesla, Inc.",2022-06-28,2022-07-05,4,flat,flat,0.08588663065568683,0.5006004876992163,0.41351288164509686
"Tesla, Inc.",2022-06-29,2022-07-06,4,flat,flat,0.10867092807840842,0.5121982673592792,0.37913080456231246
"Tesla, Inc.",2022-06-30,2022-07-07,4,up,up,0.11451911154363383,0.4209850366266533,0.46449585182971287
"Tesla, Inc.",2022-07-01,2022-07-08,4,up,up,0.12780854331963476,0.3815836785222107,0.49060777815815454
"Tesla, Inc.",2022-07-05,2022-07-11,4,up,flat,0.19967000988060835,0.4028636750680177,0.3974663150513741
"Tesla, Inc.",2022-07-06,2022-07-12,4,flat,flat,0.24967639224221594,0.3982767651255943,0.3520468426321898
"Tesla, Inc.",2022-07-07,2022-07-13,4,flat,flat,0.24110755119902683,0.4074805805090033,0.3514118682919699
"Tesla, Inc.",2022-07-08,2022-07-14,4,flat,flat,0.22911569441863064,0.4407992128312593,0.33008509275011017
"Tesla, Inc.",2022-07-11,2022-07-15,4,flat,flat,0.20477364890228394,0.5090585425783806,0.2861678085193355
"Tesla, Inc.",2022-07-12,2022-07-18,4,flat,flat,0.20306800866793584,0.497260576092443,0.2996714152396212
"Tesla, Inc.",2022-07-13,2022-07-19,4,flat,up,0.15429352200375648,0.40064319981371166,0.4450632781825318
"Tesla, Inc.",2022-07-14,2022-07-20,4,flat,up,0.152513239396214,0.356636961244861,0.49084979935892514
"Tesla, Inc.",2022-07-15,2022-07-21,4,up,up,0.19879177097719064,0.3543758879961898,0.44683234102661956
"Tesla, Inc.",2022-07-18,2022-07-22,4,up,flat,0.244381411900977,0.39006186382942537,0.3655567242695975
"Tesla, Inc.",2022-07-19,2022-07-25,4,up,flat,0.2760935243422829,0.40888294892392907,0.31502352673378814
"Tesla, Inc.",2022-07-20,2022-07-26,4,up,flat,0.2492603581974879,0.4095734642727493,0.34116617752976264
"Tesla, Inc.",2022-07-21,2022-07-27,4,flat,up,0.167355455231851,0.3740383670994721,0.45860617766867695
"Tesla, Inc.",2022-07-22,2022-07-28,4,flat,flat,0.16875488656241788,0.4199923018293983,0.4112528116081839
"Tesla, Inc.",2022-07-25,2022-07-29,4,up,flat,0.1945214782417394,0.4806576746991562,0.32482084705910447
"Tesla, Inc.",2022-07-26,2022-08-01,4,up,flat,0.17246393007978816,0.4988904733812565,0.32864559653895536
"Tesla, Inc.",2022-07-27,2022-08-02,4,up,up,0.12922477522885384,0.3878800398725374,0.4828951848986089
"Tesla, Inc.",2022-07-28,2022-08-03,4,up,up,0.14447017440501506,0.3663463784057296,0.4891834471892554
"Tesla, Inc.",2022-07-29,2022-08-04,4,up,up,0.19737178023716204,0.3967633146838181,0.4058649050790199
"Tesla, Inc.",2022-08-01,2022-08-05,4,flat,flat,0.21665719602480196,0.4301755286923514,0.3531672752828465
"Tesla, Inc.",2022-08-02,2022-08-08,4,flat,flat,0.2364682010170701,0.5010396736999502,0.26249212528297977
"Tesla, Inc.",2022-08-03,2022-08-09,4,down,flat,0.18998646016746285,0.4705638702522463,0.3394496695802909
"Tesla, Inc.",2022-08-04,2022-08-10,4,down,flat,0.190669100712952,0.4782004446864776,0.33113045460057033
"Tesla, Inc.",2022-08-05,2022-08-11,4,flat,flat,0.2241257071474307,0.5127383153949949,0.26313597745757444
"Tesla, Inc.",2022-08-08,2022-08-12,4,flat,flat,0.2125064106316076,0.40162787029910946,0.3858657190692828
"Tesla, Inc.",2022-08-09,2022-08-15,4,up,flat,0.30772493130317025,0.3981414531763691,0.29413361552046074
"Tesla, Inc.",2022-08-10,2022-08-16,4,up,down,0.36324079363535106,0.30071022540309006,0.33604898096155894
"Tesla, Inc.",2022-08-11,2022-08-17,4,flat,down,0.4683611954251741,0.2957382215764241,0.23590058299840175
"Tesla, Inc.",2022-08-12,2022-08-18,4,flat,down,0.509588269184486,0.27988653367797595,0.21052519713753803
"Tesla, Inc.",2022-08-15,2022-08-19,4,flat,down,0.42527481662865624,0.2894989769530393,0.2852262064183044
"Tesla, Inc.",2022-08-16,2022-08-22,4,down,down,0.4373484935297788,0.33772767568835543,0.22492383078186567
"Tesla, Inc.",2022-08-17,2022-08-23,4,flat,down,0.40464579163249575,0.3524485794743396,0.24290562889316455
"Tesla, Inc.",2022-08-18,2022-08-24,4,flat,down,0.36050756034886494,0.3332029410656491,0.3062894985854859
"Tesla, Inc.",2022-08-19,2022-08-25,4,flat,down,0.3949315299029619,0.3036122997502763,0.3014561703467618
"Tesla, Inc.",2022-08-22,2022-08-26,4,flat,down,0.4009537557171225,0.27024392780235923,0.3288023164805184
"Tesla, Inc.",2022-08-23,2022-08-29,4,flat,down,0.42553267797321226,0.22659511450695727,0.3478722075198304
"Tesla, Inc.",2022-08-24,2022-08-30,4,down,down,0.483374207995115,0.21841433027557797,0.298211461729307
"Tesla, Inc.",2022-08-25,2022-08-31,4,down,down,0.5499790298549232,0.20886828995039666,0.24115268019468022
"Tesla, Inc.",2022-08-26,2022-09-01,4,down,down,0.5868825090328915,0.21394696062957902,0.1991705303375296
"Tesla, Inc.",2022-08-29,2022-09-02,4,flat,down,0.5990741782035831,0.2081928932699875,0.19273292852642948
"Tesla, Inc.",2022-08-30,2022-09-06,4,flat,down,0.5199458224291585,0.18840626324258897,0.2916479143282525
"Tesla, Inc.",2022-08-31,2022-09-07,4,flat,down,0.5571843277577029,0.1658070257001682,0.2770086465421289
"Tesla, Inc.",2022-09-01,2022-09-08,4,up,down,0.606515545524296,0.1458605004091804,0.24762395406652363
"Tesla, Inc.",2022-09-02,2022-09-09,4,up,down,0.6026836138070697,0.14018663308814985,0.25712975310478053
"Tesla, Inc.",2022-09-06,2022-09-12,4,up,down,0.6486456191094205,0.14433618441805882,0.20701819647252076
"Tesla, Inc.",2022-09-07,2022-09-13,4,up,down,0.5773647213171302,0.15513539369146215,0.26749988499140764
"Tesla, Inc.",2022-09-08,2022-09-14,4,up,down,0.5233647310899121,0.18618701984650096,0.29044824906358696
"Tesla, Inc.",2022-09-09,2022-09-15,4,flat,down,0.44572121331516074,0.21308341367392056,0.3411953730109188
"Tesla, Inc.",2022-09-12,2022-09-16,4,flat,down,0.3806970189374295,0.2540323553586164,0.3652706257039541
"Tesla, Inc.",2022-09-13,2022-09-19,4,up,down,0.37458217499189045,0.3272577358056345,0.29816008920247505
"Tesla, Inc.",2022-09-14,2022-09-20,4,flat,up,0.24522480007745562,0.2910227432827279,0.4637524566398164
"Tesla, Inc.",2022-09-15,2022-09-21,4,flat,up,0.22968557664385486,0.29169301793702707,0.47862140541911813
"Tesla, Inc.",2022-09-16,2022-09-22,4,flat,up,0.3006322342643526,0.3098869778856008,0.3894807878500466
"Tesla, Inc.",2022-09-19,2022-09-23,4,down,up,0.29718633462834176,0.2996279302871268,0.40318573508453137
"Tesla, Inc.",2022-09-20,2022-09-26,4,down,down,0.3591295194045348,0.30267415724614044,0.33819632334932476
"Tesla, Inc.",2022-09-21,2022-09-27,4,down,down,0.3782562449893189,0.31736960100680145,0.30437415400387974
"Tesla, Inc.",2022-09-22,2022-09-28,4,flat,down,0.4196539895352285,0.33777637939047145,0.2425696310743001
"Tesla, Inc.",2022-09-23,2022-09-29,4,flat,down,0.48176763824675056,0.30482001509218837,0.2134123466610611
"Tesla, Inc.",2022-09-26,2022-09-30,4,flat,down,0.45397424400789166,0.23512998908790494,0.3108957669042033
"Tesla, Inc.",2022-09-27,2022-10-03,4,down,down,0.4806877978078292,0.19431014163523158,0.32500206055693925
"Tesla, Inc.",2022-09-28,2022-10-04,4,down,down,0.607534328718652,0.19706682574741535,0.19539884553393252
"Tesla, Inc.",2022-09-29,2022-10-05,4,down,down,0.6287935922028471,0.22035341717854623,0.15085299061860663
"Tesla, Inc.",2022-09-30,2022-10-06,4,down,down,0.5674133013246418,0.23812278081463323,0.19446391786072492
"Tesla, Inc.",2022-10-03,2022-10-07,4,down,down,0.5384562520096935,0.26656221156532145,0.19498153642498495
"Tesla, Inc.",2022-10-04,2022-10-10,4,down,down,0.42257239215394926,0.21224282862305516,0.36518477922299564
"Tesla, Inc.",2022-10-05,2022-10-11,4,down,down,0.49860774654656853,0.20349371280773748,0.2978985406456941
"Tesla, Inc.",2022-10-06,2022-10-12,4,down,down,0.502245691757098,0.1747467781364462,0.3230075301064557
"Tesla, Inc.",2022-10-07,2022-10-13,4,flat,down,0.5556450475938034,0.19233532103978515,0.25201963136641153
"Tesla, Inc.",2022-10-10,2022-10-14,4,flat,down,0.5244142815302197,0.18087361850247208,0.2947120999673081
"Tesla, Inc.",2022-10-11,2022-10-17,4,flat,down,0.464507180336472,0.17262435993150563,0.3628684597320224
"Tesla, Inc.",2022-10-12,2022-10-18,4,flat,down,0.45344763432202884,0.1706218794299204,0.37593048624805064
"Tesla, Inc.",2022-10-13,2022-10-19,4,flat,up,0.410935368349354,0.16804180326755377,0.4210228283830922
"Tesla, Inc.",2022-10-14,2022-10-20,4,flat,up,0.33676607765349953,0.19668096616557615,0.4665529561809244
"Tesla, Inc.",2022-10-17,2022-10-21,4,flat,up,0.3068887320436723,0.2298403705345979,0.4632708974217298
"Tesla, Inc.",2022-10-18,2022-10-24,4,down,up,0.20669962460908678,0.23648235405932005,0.5568180213315932
"Tesla, Inc.",2022-10-19,2022-10-25,4,flat,up,0.26075230844881486,0.3107422708788587,0.42850542067232644
"Tesla, Inc.",2022-10-20,2022-10-26,4,up,up,0.22429759688087644,0.3718256726320311,0.4038767304870925
"Tesla, Inc.",2022-10-21,2022-10-27,4,up,up,0.1565508640610055,0.2908242708152637,0.5526248651237309
"Tesla, Inc.",2022-10-24,2022-10-28,4,up,up,0.16717166054894364,0.2982634834769583,0.534564855974098
"Tesla, Inc.",2022-10-25,2022-10-31,4,flat,up,0.13760683420723188,0.2567926561895727,0.6056005096031954
"Tesla, Inc.",2022-10-26,2022-11-01,4,flat,up,0.17055349083060714,0.3481264478527558,0.481320061316637
"Tesla, Inc.",2022-10-27,2022-11-02,4,flat,up,0.18211306181827228,0.40840216426289544,0.40948477391883215
"Tesla, Inc.",2022-10-28,2022-11-03,4,flat,flat,0.14680518651044214,0.4710608102426873,0.38213400324687063
"Tesla, Inc.",2022-10-31,2022-11-04,4,flat,flat,0.11917370618369832,0.46379611676278615,0.4170301770535155
"Tesla, Inc.",2022-11-01,2022-11-07,4,down,up,0.09334541102375589,0.430261343447862,0.4763932455283822
"Tesla, Inc.",2022-11-02,2022-11-08,4,down,flat,0.12182832180253325,0.5151215839810084,0.36305009421645834
"Tesla, Inc.",2022-11-03,2022-11-09,4,down,flat,0.1443421616283658,0.45976883667379703,0.3958890016978372
"Tesla, Inc.",2022-11-04,2022-11-10,4,down,up,0.1446784614086927,0.4126701911166078,0.4426513474746994
"Tesla, Inc.",2022-11-07,2022-11-11,4,flat,flat,0.22083575293902277,0.4493426719965206,0.32982157506445664
"Tesla, Inc.",2022-11-08,2022-11-14,4,flat,flat,0.25830034540881275,0.42274310410035976,0.3189565504908275
"Tesla, Inc.",2022-11-09,2022-11-15,4,flat,flat,0.3058775485335558,0.3666844553441094,0.3274379961223348
"Tesla, Inc.",2022-11-10,2022-11-16,4,flat,up,0.28739482121971643,0.3207088701840879,0.3918963085961957
"Tesla, Inc.",2022-11-11,2022-11-17,4,flat,flat,0.32294038748650933,0.34477921263688993,0.33228039987660074
"Tesla, Inc.",2022-11-14,2022-11-18,4,flat,down,0.36626448202569495,0.36235627407266635,0.2713792439016387
"Tesla, Inc.",2022-11-15,2022-11-21,4,down,flat,0.298769925979636,0.37460132354553427,0.32662875047482975
"Tesla, Inc.",2022-11-16,2022-11-22,4,down,flat,0.2752689713876881,0.4387529897510499,0.285978038861262
"Tesla, Inc.",2022-11-17,2022-11-23,4,flat,flat,0.23006099954271503,0.4051188599990427,0.3648201404582424
"Tesla, Inc.",2022-11-18,2022-11-25,4,flat,up,0.17807389344182378,0.3465082533785941,0.47541785317958213
"Tesla, Inc.",2022-11-21,2022-11-28,4,flat,up,0.2071573719743107,0.35768763092148753,0.43515499710420186
"Tesla, Inc.",2022-11-22,2022-11-29,4,up,up,0.2038962006391576,0.2890918302472129,0.5070119691136294
"Tesla, Inc.",2022-11-23,2022-11-30,4,flat,up,0.17451002038565328,0.25235085845853233,0.5731391211558144
"Tesla, Inc.",2022-11-25,2022-12-01,4,up,up,0.2641068665087206,0.30386011049846884,0.43203302299281054
"Tesla, Inc.",2022-11-28,2022-12-02,4,up,flat,0.28754558271560066,0.3657743743706329,0.34668004291376636
"Tesla, Inc.",2022-11-29,2022-12-05,4,flat,flat,0.24826844230600426,0.40136163875418257,0.3503699189398132
"Tesla, Inc.",2022-11-30,2022-12-06,4,flat,up,0.1773321474080193,0.3871389454079995,0.4355289071839813
"Tesla, Inc.",2022-12-01,2022-12-07,4,down,up,0.14651558567873424,0.3826450187691716,0.47083939555209425
"Tesla, Inc.",2022-12-02,2022-12-08,4,down,flat,0.1887034402172183,0.43638570854664116,0.3749108512361405
"Tesla, Inc.",2022-12-05,2022-12-09,4,flat,flat,0.1856225877738182,0.47530547873142026,0.3390719334947616
"Tesla, Inc.",2022-12-06,2022-12-12,4,flat,flat,0.17245158983262213,0.43359071780892067,0.39395769235845707
"Tesla, Inc.",2022-12-07,2022-12-13,4,flat,up,0.19335012655593906,0.39493423040534503,0.41171564303871583
"Tesla, Inc.",2022-12-08,2022-12-14,4,down,up,0.2316047235993871,0.35512706812627354,0.4132682082743394
"Tesla, Inc.",2022-12-09,2022-12-15,4,down,up,0.25437746781892606,0.3292110836519112,0.4164114485291626
"Tesla, Inc.",2022-12-12,2022-12-16,4,down,flat,0.3567858015192166,0.36553703259232856,0.27767716588845487
"Tesla, Inc.",2022-12-13,2022-12-19,4,down,flat,0.33273015435763753,0.38702433624224736,0.2802455094001151
"Tesla, Inc.",2022-12-14,2022-12-20,4,down,flat,0.35610298220345327,0.38805780754431934,0.25583921025222744
"Tesla, Inc.",2022-12-15,2022-12-21,4,down,up,0.3031357212679671,0.3426389487036306,0.3542253300284024
"Tesla, Inc.",2022-12-16,2022-12-22,4,down,up,0.29489984526535545,0.31066738174139197,0.3944327729932527
"Tesla, Inc.",2022-12-19,2022-12-23,4,down,down,0.3438331371177385,0.31427749227485885,0.34188937060740276
"Tesla, Inc.",2022-12-20,2022-12-27,4,down,down,0.3839271780270738,0.32090027389956355,0.29517254807336263
"Tesla, Inc.",2022-12-21,2022-12-28,4,down,up,0.33471628046034824,0.298393536716814,0.36689018282283775
"Tesla, Inc.",2022-12-22,2022-12-29,4,flat,down,0.3503502023012715,0.31294662183077354,0.33670317586795495
"Tesla, Inc.",2022-12-23,2022-12-30,4,flat,up,0.342581162637918,0.2801666584857996,0.37725217887628243
"Tesla, Inc.",2022-12-27,2023-01-03,4,flat,down,0.39132819792004725,0.30132137211205756,0.3073504299678952
"Tesla, Inc.",2022-12-28,2023-01-04,4,flat,up,0.30934160674230804,0.2507359856603191,0.4399224075973727
"Tesla, Inc.",2022-12-29,2023-01-05,4,down,up,0.20775924307437701,0.21906209913730584,0.5731786577883172
"Tesla, Inc.",2022-12-30,2023-01-06,4,down,up,0.3387347106413822,0.2929617367826557,0.36830355257596215
"Tesla, Inc.",2023-01-03,2023-01-09,4,flat,flat,0.3580252212634275,0.3766708803057176,0.2653038984308548
"Tesla, Inc.",2023-01-04,2023-01-10,4,flat,up,0.22370744153687547,0.34487774135691035,0.43141481710621427
"Tesla, Inc.",2023-01-05,2023-01-11,4,up,up,0.17721190117379504,0.3395862401833433,0.4832018586428616
"Tesla, Inc.",2023-01-06,2023-01-12,4,up,up,0.15786244206178826,0.3345163254862398,0.5076212324519719
"Tesla, Inc.",2023-01-09,2023-01-13,4,flat,up,0.0899575102127855,0.24275777945033247,0.667284710336882
"Tesla, Inc.",2023-01-10,2023-01-17,4,flat,up,0.17396571575478817,0.37919540214944897,0.44683888209576295
"Tesla, Inc.",2023-01-11,2023-01-18,4,flat,up,0.1405414066862276,0.39543993082418594,0.46401866248958656
"Tesla, Inc.",2023-01-12,2023-01-19,4,flat,flat,0.12674421144153952,0.47742777766519834,0.3958280108932622
"Tesla, Inc.",2023-01-13,2023-01-20,4,up,flat,0.12450549339851434,0.47976415570074776,0.3957303509007378
"Tesla, Inc.",2023-01-17,2023-01-23,4,up,up,0.06387320977836855,0.3617150113664895,0.5744117788551419
"Tesla, Inc.",2023-01-18,2023-01-24,4,up,flat,0.10027244116418568,0.47777696138891784,0.42195059744689645
"Tesla, Inc.",2023-01-19,2023-01-25,4,up,flat,0.137294419886778,0.5508596792783741,0.3118459008348479
"Tesla, Inc.",2023-01-20,2023-01-26,4,up,flat,0.09952351698381173,0.5079012942340012,0.3925751887821871
"Tesla, Inc.",2023-01-23,2023-01-27,4,up,flat,0.08843891869375345,0.4943056274164523,0.4172554538897942
"Tesla, Inc.",2023-01-24,2023-01-30,4,up,flat,0.12418296408883682,0.5450454657869234,0.33077157012423986
"Tesla, Inc.",2023-01-25,2023-01-31,4,up,flat,0.14102864672801313,0.575185323558673,0.2837860297133139
"Tesla, Inc.",2023-01-26,2023-02-01,4,up,up,0.08249422005161858,0.4469527345725667,0.4705530453758147
"Tesla, Inc.",2023-01-27,2023-02-02,4,up,flat,0.08890107180684319,0.5161037717581612,0.39499515643499555
"Tesla, Inc.",2023-01-30,2023-02-03,4,up,flat,0.1074453570389008,0.6118531463105588,0.28070149665054045
"Tesla, Inc.",2023-01-31,2023-02-06,4,up,flat,0.09952359506661054,0.6374380964886359,0.26303830844475357
"Tesla, Inc.",2023-02-01,2023-02-07,4,up,flat,0.06743275311096053,0.5162270493784449,0.41634019751059453
"Tesla, Inc.",2023-02-02,2023-02-08,4,flat,flat,0.06292167616639838,0.49885979186463053,0.43821853196897104
"Tesla, Inc.",2023-02-03,2023-02-09,4,up,flat,0.097895699793344,0.6132835979031883,0.28882070230346774
"Tesla, Inc.",2023-02-06,2023-02-10,4,flat,flat,0.10919927283983617,0.5778034166787642,0.3129973104813996
"Tesla, Inc.",2023-02-07,2023-02-13,4,flat,flat,0.12232346467214958,0.5964006101957507,0.28127592513209965
"Tesla, Inc.",2023-02-08,2023-02-14,4,flat,flat,0.1268895181655896,0.5739387983904807,0.2991716834439297
"Tesla, Inc.",2023-02-09,2023-02-15,4,flat,flat,0.12608841603173188,0.5444626328448608,0.32944895112340733
"Tesla, Inc.",2023-02-10,2023-02-16,4,flat,flat,0.1912984450951175,0.6085024384902845,0.20019911641459798
"Tesla, Inc.",2023-02-13,2023-02-17,4,flat,flat,0.18883571410124078,0.5549370457115941,0.25622724018716514
"Tesla, Inc.",2023-02-14,2023-02-21,4,flat,flat,0.15944360969594287,0.4644638230988163,0.37609256720524076
"Tesla, Inc.",2023-02-15,2023-02-22,4,down,flat,0.20673417663401591,0.41754128282015207,0.37572454054583193
"Tesla, Inc.",2023-02-16,2023-02-23,4,flat,flat,0.30202912951464067,0.45769374868015045,0.2402771218052089
"Tesla, Inc.",2023-02-17,2023-02-24,4,flat,flat,0.32566404869197846,0.4474069056585533,0.2269290456494683
"Tesla, Inc.",2023-02-21,2023-02-27,4,flat,flat,0.28890601672069466,0.4106727062654775,0.30042127701382765
"Tesla, Inc.",2023-02-22,2023-02-28,4,flat,flat,0.2897748278558886,0.38732634061646504,0.3228988315276463
"Tesla, Inc.",2023-02-23,2023-03-01,4,flat,up,0.30073737609852047,0.33165322484225607,0.3676093990592236
"Tesla, Inc.",2023-02-24,2023-03-02,4,flat,down,0.41281817868390847,0.3185856707851245,0.2685961505309669
"Tesla, Inc.",2023-02-27,2023-03-03,4,flat,up,0.3366460163081058,0.27161095626131654,0.3917430274305776
"Tesla, Inc.",2023-02-28,2023-03-06,4,down,down,0.3834786320073993,0.3209817046139229,0.2955396633786779
"Tesla, Inc.",2023-03-01,2023-03-07,4,down,down,0.42075125870471586,0.34069745142448793,0.2385512898707962
"Tesla, Inc.",2023-03-02,2023-03-08,4,flat,down,0.40288162381160547,0.3727226453554533,0.22439573083294134
"Tesla, Inc.",2023-03-03,2023-03-09,4,down,up,0.28620360060055655,0.28420010405729335,0.42959629534215005
"Tesla, Inc.",2023-03-06,2023-03-10,4,down,up,0.34916423295318283,0.2844822490289547,0.3663535180178625
"Tesla, Inc.",2023-03-07,2023-03-13,4,down,down,0.4487433145855439,0.2672372249144225,0.2840194605000335
"Tesla, Inc.",2023-03-08,2023-03-14,4,flat,down,0.48900625028675637,0.2570486345684658,0.25394511514477786
"Tesla, Inc.",2023-03-09,2023-03-15,4,flat,down,0.48246844903253283,0.23955818799374956,0.2779733629737176
"Tesla, Inc.",2023-03-10,2023-03-16,4,flat,down,0.47345382181588247,0.216316121710709,0.3102300564734086
"Tesla, Inc.",2023-03-13,2023-03-17,4,up,down,0.4989418975737554,0.2072639176895622,0.29379418473668223
"Tesla, Inc.",2023-03-14,2023-03-20,4,flat,down,0.4281674953855933,0.18146548980280863,0.39036701481159813
"Tesla, Inc.",2023-03-15,2023-03-21,4,up,down,0.4866924562994295,0.21371128144378002,0.2995962622567906
"Tesla, Inc.",2023-03-16,2023-03-22,4,up,down,0.4555890829918381,0.23295909770682405,0.311451819301338
"Tesla, Inc.",2023-03-17,2023-03-23,4,up,down,0.40432587924338204,0.2628252094614135,0.3328489112952044
"Tesla, Inc.",2023-03-20,2023-03-24,4,flat,up,0.3354864482378675,0.276027073375935,0.38848647838619743
"Tesla, Inc.",2023-03-21,2023-03-27,4,flat,up,0.19585823772622843,0.2362979291831267,0.5678438330906449
"Tesla, Inc.",2023-03-22,2023-03-28,4,flat,up,0.2648145773566717,0.3138251913336613,0.42136023130966693
"Tesla, Inc.",2023-03-23,2023-03-29,4,flat,up,0.2663492548613845,0.3299550828886996,0.4036956622499158
"Tesla, Inc.",2023-03-24,2023-03-30,4,flat,up,0.23934472337153379,0.35718014407228293,0.4034751325561833
"Tesla, Inc.",2023-03-27,2023-03-31,4,flat,up,0.2165159018209214,0.33726355079159115,0.44622054738748745
"Tesla, Inc.",2023-03-28,2023-04-03,4,flat,up,0.24705139177204863,0.3611526792613253,0.391795928966626
"Tesla, Inc.",2023-03-29,2023-04-04,4,flat,up,0.26320482839232034,0.32682280900216376,0.40997236260551595
"Tesla, Inc.",2023-03-30,2023-04-05,4,flat,up,0.3163967248613983,0.328596157063284,0.35500711807531776
"Tesla, Inc.",2023-03-31,2023-04-06,4,down,up,0.3097603053747387,0.33428405352518553,0.3559556411000757
"Tesla, Inc.",2023-04-03,2023-04-10,4,down,flat,0.35770097256646644,0.38820956809970114,0.25408945933383237
"Tesla, Inc.",2023-04-04,2023-04-11,4,flat,flat,0.3317716550780904,0.379807267198175,0.2884210777237346
"Tesla, Inc.",2023-04-05,2023-04-12,4,flat,flat,0.32864082951837875,0.372374164107671,0.2989850063739502
"Tesla, Inc.",2023-04-06,2023-04-13,4,flat,up,0.32304436404656406,0.32240996890587487,0.35454566704756113
"Tesla, Inc.",2023-04-10,2023-04-14,4,flat,up,0.35606937633858654,0.2824143213322024,0.36151630232921106
"Tesla, Inc.",2023-04-11,2023-04-17,4,flat,down,0.3790828942582736,0.2479523542752957,0.37296475146643077
"Tesla, Inc.",2023-04-12,2023-04-18,4,flat,down,0.4643689715423146,0.26075817408368224,0.2748728543740031
"Tesla, Inc.",2023-04-13,2023-04-19,4,flat,down,0.470363717961149,0.2656822412296954,0.2639540408091556
"Tesla, Inc.",2023-04-14,2023-04-20,4,down,down,0.4335205828235039,0.2808087353246634,0.2856706818518327
"Tesla, Inc.",2023-04-17,2023-04-21,4,down,down,0.3790711828887825,0.2921544411938334,0.3287743759173843
"Tesla, Inc.",2023-04-18,2023-04-24,4,down,down,0.3747867413330701,0.28854759599162194,0.33666566267530795
"Tesla, Inc.",2023-04-19,2023-04-25,4,down,down,0.39678450431340845,0.2967483060758046,0.30646718961078706
"Tesla, Inc.",2023-04-20,2023-04-26,4,flat,down,0.4071643123126215,0.34754939752284963,0.24528629016452888
"Tesla, Inc.",2023-04-21,2023-04-27,4,flat,up,0.33138257262991117,0.26101807615401945,0.4075993512160695
"Tesla, Inc.",2023-04-24,2023-04-28,4,flat,down,0.4087692345891027,0.23086895323617906,0.3603618121747182
"Tesla, Inc.",2023-04-25,2023-05-01,4,flat,down,0.49439692654798956,0.2140981160561677,0.2915049573958428
"Tesla, Inc.",2023-04-26,2023-05-02,4,flat,down,0.5359007370826717,0.21455689846603884,0.24954236445128944
"Tesla, Inc.",2023-04-27,2023-05-03,4,flat,down,0.502010611081142,0.21035282287394977,0.28763656604490834
"Tesla, Inc.",2023-04-28,2023-05-04,4,flat,down,0.4132704695024062,0.21809010687291588,0.3686394236246778
"Tesla, Inc.",2023-05-01,2023-05-05,4,flat,down,0.4344358889220626,0.24830532921320003,0.3172587818647373
"Tesla, Inc.",2023-05-02,2023-05-08,4,up,down,0.4092269050824813,0.25319012534044844,0.33758296957707035
"Tesla, Inc.",2023-05-03,2023-05-09,4,up,up,0.33831011746656864,0.26777697209029677,0.39391291044313453
"Tesla, Inc.",2023-05-04,2023-05-10,4,up,up,0.3115322154413122,0.2878795796943009,0.4005882048643869
"Tesla, Inc.",2023-05-05,2023-05-11,4,flat,up,0.24838643276276096,0.27313988339202055,0.47847368384521854
"Tesla, Inc.",2023-05-08,2023-05-12,4,flat,up,0.2581165268355945,0.30444811930564053,0.437435353858765
"Tesla, Inc.",2023-05-09,2023-05-15,4,flat,flat,0.3027026866279953,0.3590831216490547,0.33821419172295
"Tesla, Inc.",2023-05-10,2023-05-16,4,flat,up,0.26986999320015786,0.35629958459867556,0.3738304222011665
"Tesla, Inc.",2023-05-11,2023-05-17,4,flat,up,0.2679806818926711,0.35903613880727503,0.3729831793000539
"Tesla, Inc.",2023-05-12,2023-05-18,4,flat,up,0.2506149598673136,0.351791207130827,0.39759383300185946
"Tesla, Inc.",2023-05-15,2023-05-19,4,up,flat,0.29782405829675374,0.3815147195793266,0.3206612221239197
"Tesla, Inc.",2023-05-16,2023-05-22,4,up,flat,0.2995982554053147,0.352137910149472,0.3482638344452133
"Tesla, Inc.",2023-05-17,2023-05-23,4,up,up,0.276739598666993,0.3245020845337825,0.3987583167992246
"Tesla, Inc.",2023-05-18,2023-05-24,4,up,up,0.32589295072022795,0.3244130046147659,0.34969404466500625
"Tesla, Inc.",2023-05-19,2023-05-25,4,flat,down,0.34579815611578174,0.32994993269471296,0.32425191118950536
"Tesla, Inc.",2023-05-22,2023-05-26,4,flat,flat,0.31165863328652943,0.3479614305237513,0.3403799361897193
"Tesla, Inc.",2023-05-23,2023-05-30,4,up,flat,0.2980186332240675,0.38649528768416624,0.3154860790917662
"Tesla, Inc.",2023-05-24,2023-05-31,4,up,flat,0.29014828999164893,0.42677692196904454,0.28307478803930647
"Tesla, Inc.",2023-05-25,2023-06-01,4,up,up,0.24551089559672953,0.3745535578555381,0.37993554654773243
"Tesla, Inc.",2023-05-26,2023-06-02,4,up,up,0.2198919768900706,0.3507276875042164,0.42938033560571304
"Tesla, Inc.",2023-05-30,2023-06-05,4,up,up,0.21517237679996312,0.33750110847169845,0.4473265147283384
"Tesla, Inc.",2023-05-31,2023-06-06,4,up,flat,0.28432010893357207,0.3891746268200453,0.32650526424638265
"Tesla, Inc.",2023-06-01,2023-06-07,4,up,flat,0.25912975055755655,0.3932876706884276,0.3475825787540158
"Tesla, Inc.",2023-06-02,2023-06-08,4,up,up,0.21725600608221007,0.37863045476088736,0.4041135391569026
"Tesla, Inc.",2023-06-05,2023-06-09,4,up,flat,0.22312875420891382,0.3983745203758943,0.3784967254151918
"Tesla, Inc.",2023-06-06,2023-06-12,4,up,flat,0.23706731348858867,0.4233503754356808,0.3395823110757305
"Tesla, Inc.",2023-06-07,2023-06-13,4,up,up,0.20850383024238173,0.3920655752770397,0.39943059448057855
"Tesla, Inc.",2023-06-08,2023-06-14,4,up,flat,0.2269739406214416,0.4222419835802128,0.35078407579834553
"Tesla, Inc.",2023-06-09,2023-06-15,4,flat,up,0.1722694034674076,0.38061103320376616,0.4471195633288262
"Tesla, Inc.",2023-06-12,2023-06-16,4,up,flat,0.24648951785276307,0.4729052165889635,0.28060526555827336
"Tesla, Inc.",2023-06-13,2023-06-20,4,up,flat,0.2234429306515459,0.43654021506704915,0.3400168542814049
"Tesla, Inc.",2023-06-14,2023-06-21,4,flat,flat,0.21465083592643483,0.46694417482393097,0.31840498924963423
"Tesla, Inc.",2023-06-15,2023-06-22,4,flat,flat,0.2329073903047842,0.46443616825993717,0.3026564414352785
"Tesla, Inc.",2023-06-16,2023-06-23,4,flat,up,0.22810573789692717,0.3850896912811168,0.386804570821956
"Tesla, Inc.",2023-06-20,2023-06-26,4,down,flat,0.2734070959204573,0.37295562299275276,0.3536372810867899
"Tesla, Inc.",2023-06-21,2023-06-27,4,down,flat,0.3426606860605699,0.37513253015032655,0.2822067837891036
"Tesla, Inc.",2023-06-22,2023-06-28,4,flat,flat,0.38332637136041575,0.3962781545062737,0.2203954741333106
"Tesla, Inc.",2023-06-23,2023-06-29,4,flat,down,0.3937727320594347,0.3399355275115091,0.2662917404290562
"Tesla, Inc.",2023-06-26,2023-06-30,4,up,down,0.42617573145120496,0.34315599740027614,0.2306682711485189
"Tesla, Inc.",2023-06-27,2023-07-03,4,up,down,0.4547640670780141,0.2714961609428648,0.2737397719791211
"Tesla, Inc.",2023-06-28,2023-07-05,4,up,down,0.4909496275106333,0.23194990977291116,0.2771004627164555
"Tesla, Inc.",2023-06-29,2023-07-06,4,up,down,0.559972069753364,0.22578043224918726,0.21424749799744874
"Tesla, Inc.",2023-06-30,2023-07-07,4,up,down,0.5697428737546087,0.226248661532541,0.2040084647128503
"Tesla, Inc.",2023-07-03,2023-07-10,4,flat,down,0.4364444200641952,0.261251283555655,0.3023042963801498
"Tesla, Inc.",2023-07-05,2023-07-11,4,flat,down,0.431231975941278,0.3277154959551593,0.24105252810356267
"Tesla, Inc.",2023-07-06,2023-07-12,4,flat,flat,0.344148602429788,0.3598667880637611,0.2959846095064509
"Tesla, Inc.",2023-07-07,2023-07-13,4,flat,up,0.2961226700801225,0.31796489472209116,0.38591243519778634
"Tesla, Inc.",2023-07-10,2023-07-14,4,flat,up,0.27740534123185934,0.2986946317389422,0.42390002702919855
"Tesla, Inc.",2023-07-11,2023-07-17,4,up,up,0.31738187503136844,0.2546735068440622,0.42794461812456935
"Tesla, Inc.",2023-07-12,2023-07-18,4,up,down,0.3993640822591255,0.21281365128507213,0.3878222664558024
"Tesla, Inc.",2023-07-13,2023-07-19,4,up,down,0.5215653668090641,0.205865838408771,0.27256879478216506
"Tesla, Inc.",2023-07-14,2023-07-20,4,flat,down,0.5393479138393739,0.2148544017081486,0.24579768445247754
"Tesla, Inc.",2023-07-17,2023-07-21,4,down,down,0.5617277753806345,0.218706729573572,0.2195654950457936
"Tesla, Inc.",2023-07-18,2023-07-24,4,down,down,0.5508833231315089,0.24606329052732492,0.20305338634116615
"Tesla, Inc.",2023-07-19,2023-07-25,4,down,down,0.4948390700565402,0.26500996751058614,0.24015096243287373
"Tesla, Inc.",2023-07-20,2023-07-26,4,flat,down,0.500365588006799,0.3424145695939857,0.1572198423992152
"Tesla, Inc.",2023-07-21,2023-07-27,4,flat,down,0.44726302131748497,0.2742076739687929,0.2785293047137221
"Tesla, Inc.",2023-07-24,2023-07-28,4,flat,down,0.47290131425664406,0.20796173026712608,0.3191369554762297
"Tesla, Inc.",2023-07-25,2023-07-31,4,flat,down,0.5423081280175625,0.16902478042423957,0.28866709155819803
"Tesla, Inc.",2023-07-26,2023-08-01,4,flat,down,0.678557695379669,0.15814292554140852,0.16329937907892236
"Tesla, Inc.",2023-07-27,2023-08-02,4,flat,down,0.6806064407632462,0.15730784313894938,0.1620857160978046
"Tesla, Inc.",2023-07-28,2023-08-03,4,flat,down,0.6211768705679339,0.17672680984180258,0.20209631959026358
"Tesla, Inc.",2023-07-31,2023-08-04,4,flat,down,0.5337651333415961,0.20725490923085998,0.2589799574275439
"Tesla, Inc.",2023-08-01,2023-08-07,4,down,down,0.5443333880651046,0.20768340851979508,0.24798320341510038
"Tesla, Inc.",2023-08-02,2023-08-08,4,flat,down,0.513150006982328,0.2213214478430041,0.26552854517466784
"Tesla, Inc.",2023-08-03,2023-08-09,4,flat,down,0.4405541316172436,0.2111173418170476,0.34832852656570873
"Tesla, Inc.",2023-08-04,2023-08-10,4,down,down,0.42595876478032524,0.2147644046923091,0.3592768305273657
"Tesla, Inc.",2023-08-07,2023-08-11,4,flat,down,0.5043737620198634,0.22815169164250873,0.26747454633762785
"Tesla, Inc.",2023-08-08,2023-08-14,4,flat,down,0.48264928936063956,0.2119825716198166,0.30536813901954385
"Tesla, Inc.",2023-08-09,2023-08-15,4,down,down,0.5312376508598988,0.1891502848477498,0.27961206429235125
"Tesla, Inc.",2023-08-10,2023-08-16,4,down,down,0.508399609941862,0.18069719573600143,0.3109031943221366
"Tesla, Inc.",2023-08-11,2023-08-17,4,down,down,0.5588076937753477,0.1774057672915946,0.26378653893305776
"Tesla, Inc.",2023-08-14,2023-08-18,4,down,down,0.5563270566888318,0.17207721460859762,0.2715957287025706
"Tesla, Inc.",2023-08-15,2023-08-21,4,down,down,0.5024353867159754,0.1749493741195898,0.32261523916443485
"Tesla, Inc.",2023-08-16,2023-08-22,4,flat,down,0.5544160875564007,0.18623133096350525,0.25935258148009405
"Tesla, Inc.",2023-08-17,2023-08-23,4,up,down,0.5674539492157057,0.16626759442336453,0.26627845636092984
"Tesla, Inc.",2023-08-18,2023-08-24,4,up,down,0.5745789969709595,0.16535564198285255,0.26006536104618794
"Tesla, Inc.",2023-08-21,2023-08-25,4,flat,up,0.4233943032580329,0.15281216491032068,0.42379353183164636
"Tesla, Inc.",2023-08-22,2023-08-28,4,flat,down,0.45176554446955075,0.18610905657856253,0.3621253989518867
"Tesla, Inc.",2023-08-23,2023-08-29,4,up,down,0.504243247723184,0.23323829778991176,0.26251845448690425
"Tesla, Inc.",2023-08-24,2023-08-30,4,up,down,0.4006190405211473,0.27671737629410526,0.32266358318474736
"Tesla, Inc.",2023-08-25,2023-08-31,4,up,up,0.31518586591853925,0.30712550378703335,0.37768863029442745
"Tesla, Inc.",2023-08-28,2023-09-01,4,up,up,0.23498152919741574,0.2994372478683748,0.46558122293420956
"Tesla, Inc.",2023-08-29,2023-09-05,4,flat,up,0.19800505240510802,0.31985315675465015,0.4821417908402417
"Tesla, Inc.",2023-08-30,2023-09-06,4,flat,up,0.21123722127071415,0.35319469239632617,0.4355680863329596
"Tesla, Inc.",2023-08-31,2023-09-07,4,flat,flat,0.20703645769932638,0.40507686026556966,0.38788668203510407
"Tesla, Inc.",2023-09-01,2023-09-08,4,flat,flat,0.20565446626352468,0.4637678312209038,0.3305777025155716
"Tesla, Inc.",2023-09-05,2023-09-11,4,up,flat,0.1780292207323813,0.42631926075397003,0.39565151851364866
"Tesla, Inc.",2023-09-06,2023-09-12,4,up,flat,0.18110674856322911,0.4141629454836508,0.4047303059531201
"Tesla, Inc.",2023-09-07,2023-09-13,4,up,flat,0.22973368149933285,0.4138958901379679,0.35637042836269917
"Tesla, Inc.",2023-09-08,2023-09-14,4,up,flat,0.2504443134400065,0.38513465168157746,0.36442103487841604
"Tesla, Inc.",2023-09-11,2023-09-15,4,flat,up,0.21867831955933528,0.35571648668713723,0.42560519375352746
"Tesla, Inc.",2023-09-12,2023-09-18,4,flat,flat,0.275972453240901,0.4409855544049945,0.2830419923541046
"Tesla, Inc.",2023-09-13,2023-09-19,4,flat,flat,0.2651536073829051,0.4671681495980063,0.26767824301908866
"Tesla, Inc.",2023-09-14,2023-09-20,4,flat,flat,0.23527350343683692,0.4645499147571216,0.30017658180604156
"Tesla, Inc.",2023-09-15,2023-09-21,4,down,flat,0.20255308687292106,0.4401585367514295,0.35728837637564936
"Tesla, Inc.",2023-09-18,2023-09-22,4,down,flat,0.21766570751155268,0.4633897997360702,0.31894449275237713
"Tesla, Inc.",2023-09-19,2023-09-25,4,down,flat,0.27253942871829734,0.3845869337778588,0.3428736375038439
"Tesla, Inc.",2023-09-20,2023-09-26,4,down,up,0.3006935334528083,0.3333817298856136,0.3659247366615781
"Tesla, Inc.",2023-09-21,2023-09-27,4,down,down,0.38330985127332473,0.34761617960777697,0.2690739691188984
"Tesla, Inc.",2023-09-22,2023-09-28,4,flat,down,0.4573527025409229,0.2959482101708797,0.24669908728819753
"Tesla, Inc.",2023-09-25,2023-09-29,4,flat,down,0.5218203817684235,0.2609685836756976,0.21721103455587892
"Tesla, Inc.",2023-09-26,2023-10-02,4,flat,down,0.5240076275912876,0.23088400474925352,0.24510836765945887
"Tesla, Inc.",2023-09-27,2023-10-03,4,flat,down,0.5685950898118151,0.21592330979480828,0.2154816003933767
"Tesla, Inc.",2023-09-28,2023-10-04,4,up,down,0.5794435121949871,0.2017121696694563,0.21884431813555646
"Tesla, Inc.",2023-09-29,2023-10-05,4,up,down,0.5633627434125034,0.19369850145923656,0.2429387551282602
"Tesla, Inc.",2023-10-02,2023-10-06,4,flat,down,0.5605053711158275,0.22405709446379768,0.21543753442037486
"Tesla, Inc.",2023-10-03,2023-10-09,4,up,down,0.4939043628190501,0.2303574642165977,0.2757381729643523
"Tesla, Inc.",2023-10-04,2023-10-10,4,flat,up,0.35915696387593504,0.24351271556365764,0.3973303205604074
"Tesla, Inc.",2023-10-05,2023-10-11,4,flat,up,0.3261212211272363,0.2539878710199024,0.4198909078528613
"Tesla, Inc.",2023-10-06,2023-10-12,4,flat,up,0.32572270402648057,0.2863559735846788,0.38792132238884064
"Tesla, Inc.",2023-10-09,2023-10-13,4,flat,up,0.30800340196154286,0.2869555600242842,0.40504103801417296
"Tesla, Inc.",2023-10-10,2023-10-16,4,down,up,0.2748363558945648,0.286255077705042,0.4389085664003933
"Tesla, Inc.",2023-10-11,2023-10-17,4,down,up,0.2838095407009499,0.3088528643157932,0.40733759498325695
"Tesla, Inc.",2023-10-12,2023-10-18,4,down,down,0.34508871260858653,0.3246169680587998,0.33029431933261366
"Tesla, Inc.",2023-10-13,2023-10-19,4,down,down,0.3693651493978578,0.32779495309311496,0.3028398975090272
"Tesla, Inc.",2023-10-16,2023-10-20,4,down,down,0.36211758411055434,0.2914587794652882,0.34642363642415736
"Tesla, Inc.",2023-10-17,2023-10-23,4,down,down,0.3839705051035532,0.27458107893066036,0.34144841596578634
"Tesla, Inc.",2023-10-18,2023-10-24,4,down,down,0.45475045921261426,0.26451049506201346,0.2807390457253722
"Tesla, Inc.",2023-10-19,2023-10-25,4,flat,down,0.5360532092073588,0.3065574997926682,0.15738929099997293
"Tesla, Inc.",2023-10-20,2023-10-26,4,flat,down,0.5192859110009365,0.2417641417430124,0.2389499472560511
"Tesla, Inc.",2023-10-23,2023-10-27,4,flat,down,0.5330289961687253,0.20801833779385023,0.2589526660374244
"Tesla, Inc.",2023-10-24,2023-10-30,4,down,down,0.5457005112844965,0.1660196475858916,0.2882798411296119
"Tesla, Inc.",2023-10-25,2023-10-31,4,down,down,0.647685592987194,0.17179228178757747,0.1805221252252286
"Tesla, Inc.",2023-10-26,2023-11-01,4,flat,down,0.650859661041394,0.17838965231081957,0.17075068664778648
"Tesla, Inc.",2023-10-27,2023-11-02,4,flat,down,0.5183276893335231,0.19825728598488376,0.28341502468159313
"Tesla, Inc.",2023-10-30,2023-11-03,4,up,down,0.44752390918854423,0.2401017719471639,0.3123743188642918
"Tesla, Inc.",2023-10-31,2023-11-06,4,up,up,0.37446027246143104,0.21888361035952267,0.4066561171790462
"Tesla, Inc.",2023-11-01,2023-11-07,4,up,up,0.2798765093022652,0.19887791707745572,0.521245573620279
"Tesla, Inc.",2023-11-02,2023-11-08,4,flat,up,0.23654705078173563,0.19977971779755813,0.5636732314207062
"Tesla, Inc.",2023-11-03,2023-11-09,4,flat,up,0.25838432771058867,0.2821548522091133,0.4594608200802981
"Tesla, Inc.",2023-11-06,2023-11-10,4,flat,up,0.25096169209516406,0.3542705969168857,0.3947677109879503
"Tesla, Inc.",2023-11-07,2023-11-13,4,flat,up,0.19400376210505307,0.36724757286615084,0.4387486650287961
"Tesla, Inc.",2023-11-08,2023-11-14,4,up,up,0.16097867309402877,0.34407783697101657,0.4949434899349546
"Tesla, Inc.",2023-11-09,2023-11-15,4,up,up,0.17436949680190442,0.3899071520057839,0.4357233511923117
"Tesla, Inc.",2023-11-10,2023-11-16,4,up,up,0.18232190508801166,0.34223431449168695,0.47544378042030144
"Tesla, Inc.",2023-11-13,2023-11-17,4,up,up,0.1704375632532568,0.31497331263236744,0.5145891241143757
"Tesla, Inc.",2023-11-14,2023-11-20,4,flat,up,0.1692382943713576,0.33529794845443617,0.4954637571742063
"Tesla, Inc.",2023-11-15,2023-11-21,4,flat,flat,0.22822475806244757,0.44549762777222607,0.3262776141653264
"Tesla, Inc.",2023-11-16,2023-11-22,4,flat,flat,0.2315861180857869,0.508863068088573,0.25955081382564005
"Tesla, Inc.",2023-11-17,2023-11-24,4,flat,flat,0.19064636054597442,0.4852951363744855,0.32405850307954
"Tesla, Inc.",2023-11-20,2023-11-27,4,flat,flat,0.15040627773148138,0.42724705688414044,0.42234666538437815
"Tesla, Inc.",2023-11-21,2023-11-28,4,flat,up,0.16042658069685808,0.4079572231552479,0.43161619614789387
"Tesla, Inc.",2023-11-22,2023-11-29,4,flat,flat,0.21467597778287614,0.40664823477005285,0.37867578744707103
"Tesla, Inc.",2023-11-24,2023-11-30,4,flat,flat,0.26575201614985844,0.4062344127716166,0.3280135710785249
"Tesla, Inc.",2023-11-27,2023-12-01,4,flat,flat,0.28054123600536124,0.4018106008071291,0.31764816318750966
"Tesla, Inc.",2023-11-28,2023-12-04,4,flat,flat,0.27274336342084055,0.3865270872633396,0.3407295493158197
"Tesla, Inc.",2023-11-29,2023-12-05,4,flat,flat,0.2755542716312344,0.38367597461240055,0.340769753756365
"Tesla, Inc.",2023-11-30,2023-12-06,4,flat,flat,0.32551418928946263,0.41782312092485474,0.2566626897856827
"Tesla, Inc.",2023-12-01,2023-12-07,4,flat,flat,0.31965382874195564,0.40408153201370467,0.2762646392443397
"Tesla, Inc.",2023-12-04,2023-12-08,4,flat,up,0.30637203929265755,0.34008765902166876,0.35354030168567363
"Tesla, Inc.",2023-12-05,2023-12-11,4,flat,up,0.32276531875529124,0.3145575923415217,0.36267708890318706
"Tesla, Inc.",2023-12-06,2023-12-12,4,flat,down,0.35928818781626193,0.29894567437545405,0.3417661378082839
"Tesla, Inc.",2023-12-07,2023-12-13,4,flat,down,0.42131769514892886,0.2997401829873633,0.27894212186370776
"Tesla, Inc.",2023-12-08,2023-12-14,4,flat,down,0.4181740523333266,0.3016173452775153,0.280208602389158
"Tesla, Inc.",2023-12-11,2023-12-15,4,up,down,0.3960454336103026,0.3192451151202614,0.28470945126943603
"Tesla, Inc.",2023-12-12,2023-12-18,4,up,down,0.40837579173731753,0.3031806184495262,0.28844358981315626
"Tesla, Inc.",2023-12-13,2023-12-19,4,up,down,0.3992863639105216,0.25773007356179917,0.34298356252767925
"Tesla, Inc.",2023-12-14,2023-12-20,4,flat,up,0.324198143480776,0.23320986967501844,0.4425919868442054
"Tesla, Inc.",2023-12-15,2023-12-21,4,flat,down,0.3818085455526328,0.257014029706714,0.3611774247406533
"Tesla, Inc.",2023-12-18,2023-12-22,4,flat,down,0.4099806997792871,0.2864552351042734,0.30356406511643946
"Tesla, Inc.",2023-12-19,2023-12-26,4,flat,down,0.39126433252602466,0.3121665835497517,0.2965690839242236
"Tesla, Inc.",2023-12-20,2023-12-27,4,flat,down,0.3551957301349759,0.33493313468570934,0.3098711351793147
"Tesla, Inc.",2023-12-21,2023-12-28,4,flat,up,0.3176860850452533,0.3067834405331542,0.37553047442159254
"Tesla, Inc.",2023-12-22,2023-12-29,4,flat,up,0.3262293580604366,0.28867102417242435,0.3850996177671391
"Tesla, Inc.",2023-12-26,2024-01-02,4,flat,down,0.38607598756756994,0.272152846778073,0.3417711656543571
"Tesla, Inc.",2023-12-27,2024-01-03,4,down,down,0.39287342234548533,0.2604671805763141,0.3466593970782006
"Tesla, Inc.",2023-12-28,2024-01-04,4,down,down,0.44807179986557844,0.28072164178151127,0.27120655835291024
"Tesla, Inc.",2023-12-29,2024-01-05,4,down,down,0.47293909167310677,0.2957048823321198,0.23135602599477348
"Tesla, Inc.",2024-01-02,2024-01-08,4,down,down,0.449936917850708,0.2664345493340176,0.28362853281527445
"Tesla, Inc.",2024-01-03,2024-01-09,4,flat,down,0.479498458046442,0.25203789364966556,0.26846364830389263
"Tesla, Inc.",2024-01-04,2024-01-10,4,flat,down,0.5003742667819833,0.20321602224021912,0.2964097109777977
"Tesla, Inc.",2024-01-05,2024-01-11,4,down,down,0.5800442274946679,0.1778404459853467,0.24211532651998544
"Tesla, Inc.",2024-01-08,2024-01-12,4,down,down,0.6104679153227959,0.1685411161312923,0.2209909685459117
"Tesla, Inc.",2024-01-09,2024-01-16,4,down,down,0.6245563310414549,0.17547744781929567,0.1999662211392495
"Tesla, Inc.",2024-01-10,2024-01-17,4,down,down,0.620563313729153,0.17610156306028135,0.20333512321056568
"Tesla, Inc.",2024-01-11,2024-01-18,4,down,down,0.6153272499814397,0.18031436310317847,0.20435838691538188
"Tesla, Inc.",2024-01-12,2024-01-19,4,down,down,0.5911594995929149,0.18911932220005392,0.21972117820703105
"Tesla, Inc.",2024-01-16,2024-01-22,4,flat,down,0.5447550782344682,0.16409619601021833,0.29114872575531336
"Tesla, Inc.",2024-01-17,2024-01-23,4,flat,down,0.5552400877148257,0.15793213368318074,0.2868277786019936
"Tesla, Inc.",2024-01-18,2024-01-24,4,flat,down,0.561553171031228,0.15173601323208555,0.28671081573668644
"Tesla, Inc.",2024-01-19,2024-01-25,4,down,down,0.6011929788878383,0.15109425685645977,0.24771276425570193
"Tesla, Inc.",2024-01-22,2024-01-26,4,down,down,0.5659869633988357,0.1637386865089334,0.270274350092231
"Tesla, Inc.",2024-01-23,2024-01-29,4,down,down,0.5302967139849397,0.17964165215766023,0.29006163385739997
"Tesla, Inc.",2024-01-24,2024-01-30,4,down,down,0.5178935500885176,0.18697842684056795,0.29512802307091446
"Tesla, Inc.",2024-01-25,2024-01-31,4,flat,down,0.5416367353109789,0.26937835608546246,0.18898490860355865
"Tesla, Inc.",2024-01-26,2024-02-01,4,flat,down,0.39466805698514035,0.21524144179280089,0.3900905012220587
"Tesla, Inc.",2024-01-29,2024-02-02,4,flat,up,0.3682183243600552,0.19490123577964755,0.4368804398602973
"Tesla, Inc.",2024-01-30,2024-02-05,4,down,down,0.42788379099149043,0.2009985450061526,0.37111766400235696
"Tesla, Inc.",2024-01-31,2024-02-06,4,flat,down,0.5163507326815414,0.2465071591599934,0.2371421081584652
"Tesla, Inc.",2024-02-01,2024-02-07,4,flat,down,0.4608695645261071,0.2523721704843257,0.2867582649895673
"Tesla, Inc.",2024-02-02,2024-02-08,4,flat,down,0.38132429997249756,0.278702264245823,0.33997343578167954
"Tesla, Inc.",2024-02-05,2024-02-09,4,up,up,0.3323087409546087,0.2950414997542879,0.37264975929110333
"Tesla, Inc.",2024-02-06,2024-02-12,4,flat,up,0.29565473003507947,0.277099507886508,0.4272457620784126
"Tesla, Inc.",2024-02-07,2024-02-13,4,flat,up,0.24576854313129243,0.2651276419521463,0.4891038149165613
"Tesla, Inc.",2024-02-08,2024-02-14,4,flat,up,0.2779332275318943,0.3218383571805196,0.400228415287586
"Tesla, Inc.",2024-02-09,2024-02-15,4,flat,flat,0.2770524310138982,0.36192523697644996,0.36102233200965195
"Tesla, Inc.",2024-02-12,2024-02-16,4,up,flat,0.27652032819258376,0.4009263769390494,0.3225532948683668
"Tesla, Inc.",2024-02-13,2024-02-20,4,up,flat,0.25294863813023005,0.4167460581934225,0.3303053036763475
"Tesla, Inc.",2024-02-14,2024-02-21,4,up,up,0.23363444144646436,0.358040218025958,0.40832534052757763
"Tesla, Inc.",2024-02-15,2024-02-22,4,flat,up,0.20315747974057036,0.3317487715883609,0.4650937486710687
"Tesla, Inc.",2024-02-16,2024-02-23,4,flat,up,0.2383310493756587,0.35861748332102117,0.4030514673033201
"Tesla, Inc.",2024-02-20,2024-02-26,4,flat,flat,0.278779538047445,0.4494970269201729,0.27172343503238217
"Tesla, Inc.",2024-02-21,2024-02-27,4,flat,flat,0.23888932825029677,0.4469375411000312,0.31417313064967195
"Tesla, Inc.",2024-02-22,2024-02-28,4,flat,flat,0.21472816441981418,0.44940768119780466,0.33586415438238115
"Tesla, Inc.",2024-02-23,2024-02-29,4,up,flat,0.23833419727531374,0.406213649190433,0.35545215353425325
"Tesla, Inc.",2024-02-26,2024-03-01,4,flat,flat,0.25283215224380784,0.3805961717096263,0.36657167604656593
"Tesla, Inc.",2024-02-27,2024-03-04,4,down,flat,0.26562883231470713,0.37123193631799156,0.3631392313673013
"Tesla, Inc.",2024-02-28,2024-03-05,4,down,flat,0.29988106977780915,0.3831897554942309,0.31692917472796006
"Tesla, Inc.",2024-02-29,2024-03-06,4,down,flat,0.29217499945574815,0.387792051539893,0.3200329490043589
"Tesla, Inc.",2024-03-01,2024-03-07,4,down,flat,0.2966247568163792,0.39139198995584784,0.3119832532277731
"Tesla, Inc.",2024-03-04,2024-03-08,4,down,flat,0.29428683140876105,0.41014412135633715,0.29556904723490174
"Tesla, Inc.",2024-03-05,2024-03-11,4,flat,flat,0.3111177119565277,0.40420344965984367,0.28467883838362856
"Tesla, Inc.",2024-03-06,2024-03-12,4,flat,up,0.3095848830089175,0.3406969200227798,0.3497181969683027
"Tesla, Inc.",2024-03-07,2024-03-13,4,flat,down,0.36793686058004604,0.2803135455461384,0.3517495938738156
"Tesla, Inc.",2024-03-08,2024-03-14,4,down,down,0.41905927842859453,0.2725355300367495,0.30840519153465595
"Tesla, Inc.",2024-03-11,2024-03-15,4,down,down,0.49595097822083367,0.2664634128110856,0.2375856089680808
"Tesla, Inc.",2024-03-12,2024-03-18,4,flat,down,0.481380656912261,0.2697372205873744,0.24888212250036462
"Tesla, Inc.",2024-03-13,2024-03-19,4,flat,down,0.4464032929394041,0.2952883129549003,0.25830839410569567
"Tesla, Inc.",2024-03-14,2024-03-20,4,flat,down,0.40315280823891825,0.3088024563249163,0.2880447354361653
"Tesla, Inc.",2024-03-15,2024-03-21,4,up,up,0.3606112058724332,0.2586810548834864,0.38070773924408036
"Tesla, Inc.",2024-03-18,2024-03-22,4,flat,up,0.2738402880306961,0.22493919820473848,0.5012205137645653
"Tesla, Inc.",2024-03-19,2024-03-25,4,flat,up,0.3627217154567972,0.2646915572449171,0.3725867272982857
"Tesla, Inc.",2024-03-20,2024-03-26,4,flat,up,0.34255108470158757,0.2823033464319724,0.3751455688664401
"Tesla, Inc.",2024-03-21,2024-03-27,4,flat,up,0.31998539902418116,0.32664852584640575,0.35336607512941304
"Tesla, Inc.",2024-03-22,2024-03-28,4,up,flat,0.33124005935846046,0.35895379858233023,0.30980614205920926
"Tesla, Inc.",2024-03-25,2024-04-01,4,flat,up,0.25068700649544456,0.3224731318859062,0.42683986161864923
"Tesla, Inc.",2024-03-26,2024-04-02,4,down,up,0.2187627950538126,0.31379963724503684,0.4674375677011505
"Tesla, Inc.",2024-03-27,2024-04-03,4,down,flat,0.27556277980975097,0.36370694059891684,0.36073027959133214
"Tesla, Inc.",2024-03-28,2024-04-04,4,flat,flat,0.2858427155709662,0.38350289401181725,0.3306543904172166
"Tesla, Inc.",2024-04-01,2024-04-05,4,down,flat,0.2835843150910694,0.3908093946647092,0.3256062902442212
"Tesla, Inc.",2024-04-02,2024-04-08,4,flat,flat,0.28807519411424404,0.4070611276183726,0.30486367826738336
"Tesla, Inc.",2024-04-03,2024-04-09,4,up,up,0.2592537818988245,0.3465053388197679,0.39424087928140766
"Tesla, Inc.",2024-04-04,2024-04-10,4,flat,up,0.2799770264688868,0.3096570290398339,0.4103659444912794
"Tesla, Inc.",2024-04-05,2024-04-11,4,flat,down,0.37402837485792456,0.35348141940255984,0.2724902057395156
"Tesla, Inc.",2024-04-08,2024-04-12,4,flat,flat,0.3226032061125193,0.3414191041491612,0.3359776897383195
"Tesla, Inc.",2024-04-09,2024-04-15,4,down,flat,0.326674061555466,0.3701241821332943,0.30320175631123975
"Tesla, Inc.",2024-04-10,2024-04-16,4,down,flat,0.33418199367021506,0.3871881764786904,0.27862982985109447
"Tesla, Inc.",2024-04-11,2024-04-17,4,down,flat,0.27500823487493786,0.3877422423068287,0.3372495228182334
"Tesla, Inc.",2024-04-12,2024-04-18,4,down,flat,0.28080728373061076,0.37861976245044343,0.3405729538189459
"Tesla, Inc.",2024-04-15,2024-04-19,4,down,flat,0.2783732587955203,0.3815296013962799,0.3400971398081999
"Tesla, Inc.",2024-04-16,2024-04-22,4,down,flat,0.3152818356432508,0.37548106654387886,0.3092370978128703
"Tesla, Inc.",2024-04-17,2024-04-23,4,down,up,0.3064218221048334,0.31060114760976915,0.3829770302853975
"Tesla, Inc.",2024-04-18,2024-04-24,4,up,down,0.37077033174006446,0.3042279478111937,0.32500172044874187
"Tesla, Inc.",2024-04-19,2024-04-25,4,up,down,0.40449111840308594,0.28017861348134204,0.315330268115572
"Tesla, Inc.",2024-04-22,2024-04-26,4,up,down,0.4829410960210682,0.27694099682527,0.2401179071536617
"Tesla, Inc.",2024-04-23,2024-04-29,4,up,down,0.40871261475653886,0.2559052280960058,0.3353821571474553
"Tesla, Inc.",2024-04-24,2024-04-30,4,up,up,0.2367504572736467,0.23551989590525954,0.5277296468210938
"Tesla, Inc.",2024-04-25,2024-05-01,4,up,down,0.37486904456157266,0.35025505943692337,0.274875896001504
"Tesla, Inc.",2024-04-26,2024-05-02,4,up,flat,0.3011076965887638,0.3873351768400817,0.31155712657115453
"Tesla, Inc.",2024-04-29,2024-05-03,4,flat,up,0.10826984416015326,0.3501692217004017,0.5415609341394451
"Tesla, Inc.",2024-04-30,2024-05-06,4,flat,flat,0.14937476782761847,0.5390680186803966,0.31155721349198495
"Tesla, Inc.",2024-05-01,2024-05-07,4,flat,flat,0.10279592438402727,0.5166362586617523,0.3805678169542205
"Tesla, Inc.",2024-05-02,2024-05-08,4,flat,up,0.08357163233577859,0.45377024050116205,0.4626581271630592
"Tesla, Inc.",2024-05-03,2024-05-09,4,flat,up,0.0927023685545402,0.406890184254694,0.5004074471907658
"Tesla, Inc.",2024-05-06,2024-05-10,4,down,up,0.11196571965317499,0.42617932426728505,0.46185495607954
"Tesla, Inc.",2024-05-07,2024-05-13,4,flat,flat,0.20508765806301799,0.5033905826568447,0.29152175928013724
"Tesla, Inc.",2024-05-08,2024-05-14,4,flat,flat,0.24894701263627683,0.49565962526089613,0.255393362102827
"Tesla, Inc.",2024-05-09,2024-05-15,4,flat,flat,0.22669055796140894,0.477947689748691,0.29536175228990014
"Tesla, Inc.",2024-05-10,2024-05-16,4,flat,flat,0.3045588930270101,0.4501787165121328,0.24526239046085702
"Tesla, Inc.",2024-05-13,2024-05-17,4,flat,flat,0.3085900795991834,0.4111434166424625,0.2802665037583541
"Tesla, Inc.",2024-05-14,2024-05-20,4,flat,flat,0.34279888936226216,0.378010942927135,0.2791901677106028
"Tesla, Inc.",2024-05-15,2024-05-21,4,flat,flat,0.3853359187389594,0.3934170485585338,0.22124703270250679
"Tesla, Inc.",2024-05-16,2024-05-22,4,flat,flat,0.3687550720265012,0.39852254779809837,0.2327223801754003
"Tesla, Inc.",2024-05-17,2024-05-23,4,flat,flat,0.3683833040603937,0.3733478553438565,0.2582688405957497
"Tesla, Inc.",2024-05-20,2024-05-24,4,flat,down,0.36401962251831005,0.3630259697289273,0.27295440775276264
"Tesla, Inc.",2024-05-21,2024-05-28,4,flat,flat,0.29998621593594144,0.35393627452014503,0.3460775095439135
"Tesla, Inc.",2024-05-22,2024-05-29,4,flat,flat,0.343242163201531,0.35586272887672765,0.30089510792174146
"Tesla, Inc.",2024-05-23,2024-05-30,4,flat,flat,0.350315906848587,0.3754676077091135,0.27421648544229954
"Tesla, Inc.",2024-05-24,2024-05-31,4,flat,flat,0.3131474878965883,0.3530085639999717,0.33384394810344004
"Tesla, Inc.",2024-05-28,2024-06-03,4,flat,up,0.3403340402178211,0.29514783667261274,0.3645181231095661
"Tesla, Inc.",2024-05-29,2024-06-04,4,flat,up,0.36035450075857034,0.26778033497886927,0.3718651642625605
"Tesla, Inc.",2024-05-30,2024-06-05,4,flat,up,0.3464993801090004,0.25355901327523817,0.3999416066157615
"Tesla, Inc.",2024-05-31,2024-06-06,4,flat,down,0.4004276019474147,0.2675153904013995,0.3320570076511857
"Tesla, Inc.",2024-06-03,2024-06-07,4,flat,down,0.3845018634628799,0.28310523715548785,0.33239289938163225
"Tesla, Inc.",2024-06-04,2024-06-10,4,flat,down,0.40821420389013013,0.29402344300944727,0.2977623531004226
"Tesla, Inc.",2024-06-05,2024-06-11,4,flat,down,0.398761067311995,0.278516797014474,0.3227221356735309
"Tesla, Inc.",2024-06-06,2024-06-12,4,flat,down,0.3695556161487557,0.2657612743295012,0.36468310952174304
"Tesla, Inc.",2024-06-07,2024-06-13,4,up,down,0.4015477693957587,0.2753569182918129,0.3230953123124284
"Tesla, Inc.",2024-06-10,2024-06-14,4,flat,down,0.4164495553395526,0.2718761791161772,0.31167426554427025
"Tesla, Inc.",2024-06-14,2024-06-18,4,flat,down,0.41109027882515065,0.30270524421927225,0.286204476955577
