company,base_date,target_date,horizon,true_label,pred_label,proba_down,proba_flat,proba_up,proba_dir,proba_margin,operable,is_correct
Alphabet Inc.,2021-07-30,2021-08-02,1,flat,down,0.3950143071855975,0.3549606543351715,0.250025038479231,0.3950143071855975,0.040053652850426,True,False
Alphabet Inc.,2021-08-02,2021-08-03,1,flat,up,0.2713150423690577,0.2404127589690363,0.48827219866190613,0.48827219866190613,0.24785943969286983,True,False
Alphabet Inc.,2021-08-03,2021-08-04,1,flat,up,0.2911511773515635,0.25490910870050526,0.4539397139479314,0.4539397139479314,0.19903060524742616,True,False
Alphabet Inc.,2021-08-04,2021-08-05,1,flat,up,0.29616834799722525,0.27779192449947365,0.4260397275033011,0.4260397275033011,0.14824780300382745,True,False
Alphabet Inc.,2021-08-05,2021-08-06,1,flat,up,0.27056822550552984,0.3185661599061814,0.4108656145882888,0.4108656145882888,0.09229945468210737,True,False
Alphabet Inc.,2021-08-06,2021-08-09,1,flat,up,0.3092636272222611,0.32517990890794873,0.36555646386979024,0.36555646386979024,0.040376554961841504,True,False
Alphabet Inc.,2021-08-09,2021-08-10,1,flat,up,0.2585651235640114,0.2717374499079711,0.4696974265280174,0.4696974265280174,0.19795997662004627,True,False
Alphabet Inc.,2021-08-10,2021-08-11,1,flat,up,0.260427444938592,0.2854887013615129,0.45408385369989523,0.45408385369989523,0.16859515233838235,True,False
Alphabet Inc.,2021-08-11,2021-08-12,1,flat,up,0.33785284639688834,0.3235837833602043,0.33856337024290745,0.33856337024290745,0.014979586882703122,True,False
Alphabet Inc.,2021-08-12,2021-08-13,1,flat,down,0.3722369142027726,0.2841807729081804,0.34358231288904695,0.3722369142027726,0.08805614129459222,True,False
Alphabet Inc.,2021-08-13,2021-08-16,1,flat,up,0.27919578375019793,0.2755760672325694,0.44522814901723273,0.44522814901723273,0.16965208178466334,True,False
Alphabet Inc.,2021-08-16,2021-08-17,1,flat,up,0.29664978706080275,0.3483920034267365,0.3549582095124608,0.3549582095124608,0.006566206085724335,True,False
Alphabet Inc.,2021-08-17,2021-08-18,1,down,up,0.2960614789682139,0.3244139810939278,0.37952453993785834,0.37952453993785834,0.05511055884393057,True,False
Alphabet Inc.,2021-08-18,2021-08-19,1,down,up,0.3563727916085795,0.25933174634803113,0.38429546204338944,0.38429546204338944,0.1249637156953583,True,False
Alphabet Inc.,2021-08-19,2021-08-20,1,up,up,0.2851767595797012,0.34738237039116404,0.3674408700291346,0.3674408700291346,0.020058499637970573,True,True
Alphabet Inc.,2021-08-20,2021-08-23,1,up,up,0.18312162990238884,0.1808281998824382,0.6360501702151731,0.6360501702151731,0.45522197033273487,True,True
Alphabet Inc.,2021-08-23,2021-08-24,1,up,up,0.19627396106498685,0.21269259602050516,0.591033442914508,0.591033442914508,0.3783408468940028,True,True
Alphabet Inc.,2021-08-24,2021-08-25,1,up,up,0.2922234125797001,0.2494441968386813,0.4583323905816187,0.4583323905816187,0.20888819374293738,True,True
Alphabet Inc.,2021-08-25,2021-08-26,1,flat,flat,0.28532075888107833,0.3586291167260873,0.35605012439283423,0.35605012439283423,-0.002578992333253094,False,True
Alphabet Inc.,2021-08-26,2021-08-27,1,up,flat,0.3169273638689292,0.41299136548769844,0.2700812706433723,0.3169273638689292,-0.09606400161876921,False,False
Alphabet Inc.,2021-08-27,2021-08-30,1,up,up,0.26865213838846375,0.3069455785384615,0.4244022830730748,0.4244022830730748,0.11745670453461332,True,True
Alphabet Inc.,2021-08-30,2021-08-31,1,flat,up,0.28488346936956677,0.3006195215860179,0.41449700904441533,0.41449700904441533,0.11387748745839743,True,False
Alphabet Inc.,2021-08-31,2021-09-01,1,flat,up,0.297778798962139,0.2981311908552609,0.4040900101826002,0.4040900101826002,0.1059588193273393,True,False
Alphabet Inc.,2021-09-01,2021-09-02,1,down,flat,0.31852256732236794,0.34519074728871213,0.33628668538892,0.33628668538892,-0.008904061899792148,False,False
Alphabet Inc.,2021-09-02,2021-09-03,1,down,flat,0.36211570068160936,0.4060763611030013,0.23180793821538923,0.36211570068160936,-0.04396066042139196,False,False
Alphabet Inc.,2021-09-03,2021-09-07,1,flat,down,0.41193407113288305,0.3171981738515951,0.2708677550155217,0.41193407113288305,0.09473589728128795,True,False
Alphabet Inc.,2021-09-07,2021-09-08,1,flat,up,0.23754971405918154,0.23258053471182027,0.5298697512289983,0.5298697512289983,0.297289216517178,True,False
Alphabet Inc.,2021-09-08,2021-09-09,1,flat,up,0.3412263417322487,0.26538357934557844,0.39339007892217287,0.39339007892217287,0.12800649957659443,True,False
Alphabet Inc.,2021-09-09,2021-09-10,1,down,up,0.33551556660492987,0.27179701642141396,0.3926874169736562,0.3926874169736562,0.12089040055224226,True,False
Alphabet Inc.,2021-09-10,2021-09-13,1,flat,flat,0.34311303660103487,0.3494402160711926,0.3074467473277726,0.34311303660103487,-0.006327179470157707,False,True
Alphabet Inc.,2021-09-13,2021-09-14,1,flat,down,0.36203492571724327,0.2838505202980743,0.3541145539846824,0.36203492571724327,0.07818440541916899,True,False
Alphabet Inc.,2021-09-14,2021-09-15,1,flat,up,0.2458022931200972,0.20887872154694084,0.5453189853329621,0.5453189853329621,0.3364402637860212,True,False
Alphabet Inc.,2021-09-15,2021-09-16,1,flat,up,0.29642562465914835,0.24811112048954753,0.4554632548513041,0.4554632548513041,0.2073521343617566,True,False
Alphabet Inc.,2021-09-16,2021-09-17,1,down,up,0.303290297724617,0.25712387143060106,0.43958583084478187,0.43958583084478187,0.1824619594141808,True,False
Alphabet Inc.,2021-09-17,2021-09-20,1,down,down,0.4169704060340865,0.3003358548149868,0.2826937391509265,0.4169704060340865,0.11663455121909971,True,True
Alphabet Inc.,2021-09-20,2021-09-21,1,up,down,0.44862163553017265,0.30140606223557465,0.2499723022342526,0.44862163553017265,0.147215573294598,True,False
Alphabet Inc.,2021-09-21,2021-09-22,1,flat,up,0.21097316876816558,0.2509016844114472,0.5381251468203874,0.5381251468203874,0.28722346240894014,True,False
Alphabet Inc.,2021-09-22,2021-09-23,1,up,up,0.21764990603744871,0.2515940160707639,0.5307560778917874,0.5307560778917874,0.27916206182102343,True,True
Alphabet Inc.,2021-09-23,2021-09-24,1,flat,up,0.2297310530579727,0.24147261656804847,0.5287963303739788,0.5287963303739788,0.2873237138059303,True,False
Alphabet Inc.,2021-09-24,2021-09-27,1,flat,up,0.29153302426388483,0.30287983878343505,0.40558713695268017,0.40558713695268017,0.10270729816924512,True,False
Alphabet Inc.,2021-09-27,2021-09-28,1,down,flat,0.3131112022271431,0.37414016174964765,0.3127486360232091,0.3131112022271431,-0.06102895952250453,False,False
Alphabet Inc.,2021-09-28,2021-09-29,1,down,down,0.4924289332843672,0.3119964876484869,0.19557457906714582,0.4924289332843672,0.1804324456358803,True,True
Alphabet Inc.,2021-09-29,2021-09-30,1,down,down,0.34139048430539526,0.32068930148273234,0.3379202142118723,0.34139048430539526,0.020701182822662922,True,True
Alphabet Inc.,2021-09-30,2021-10-01,1,flat,down,0.3525065013626048,0.3025097095012816,0.34498378913611344,0.3525065013626048,0.04999679186132322,True,False
Alphabet Inc.,2021-10-01,2021-10-04,1,down,up,0.20675324829181502,0.2597761339429607,0.5334706177652243,0.5334706177652243,0.27369448382226363,True,False
Alphabet Inc.,2021-10-04,2021-10-05,1,up,up,0.29526879041864845,0.33782164147998894,0.3669095681013625,0.3669095681013625,0.02908792662137355,True,True
Alphabet Inc.,2021-10-05,2021-10-06,1,flat,up,0.21610208810875065,0.29171125344029614,0.4921866584509532,0.4921866584509532,0.20047540501065708,True,False
Alphabet Inc.,2021-10-06,2021-10-07,1,up,up,0.24834422496341088,0.3326221122474565,0.4190336627891327,0.4190336627891327,0.08641155054167615,True,True
Alphabet Inc.,2021-10-07,2021-10-08,1,flat,up,0.20737717309031684,0.38004743619177067,0.4125753907179125,0.4125753907179125,0.03252795452614182,True,False
Alphabet Inc.,2021-10-08,2021-10-11,1,flat,flat,0.25266408304371624,0.37946912386439235,0.3678667930918914,0.3678667930918914,-0.011602330772500946,False,True
Alphabet Inc.,2021-10-11,2021-10-12,1,down,flat,0.3050834110624434,0.4690169388870743,0.22589965005048215,0.3050834110624434,-0.1639335278246309,False,False
Alphabet Inc.,2021-10-12,2021-10-13,1,flat,flat,0.32937629352830256,0.4053991886130692,0.2652245178586281,0.32937629352830256,-0.07602289508476662,False,True
Alphabet Inc.,2021-10-13,2021-10-14,1,up,up,0.2947086902373823,0.3498032362231043,0.3554880735395135,0.3554880735395135,0.00568483731640923,True,True
Alphabet Inc.,2021-10-14,2021-10-15,1,flat,up,0.1895828263797465,0.31535545563050144,0.49506171798975207,0.49506171798975207,0.17970626235925063,True,False
Alphabet Inc.,2021-10-15,2021-10-18,1,flat,up,0.24333755035588767,0.3059239132635129,0.45073853638059946,0.45073853638059946,0.14481462311708654,True,False
Alphabet Inc.,2021-10-18,2021-10-19,1,up,flat,0.30161786050018236,0.36181347939937736,0.3365686601004403,0.3365686601004403,-0.02524481929893707,False,False
Alphabet Inc.,2021-10-19,2021-10-20,1,flat,flat,0.2304530334628203,0.4166914401774665,0.35285552635971307,0.35285552635971307,-0.06383591381775344,False,True
Alphabet Inc.,2021-10-20,2021-10-21,1,down,flat,0.33230493913558357,0.4424862093753107,0.22520885148910563,0.33230493913558357,-0.11018127023972712,False,False
Alphabet Inc.,2021-10-21,2021-10-22,1,down,down,0.3960086944059977,0.3290738724683721,0.2749174331256302,0.3960086944059977,0.06693482193762557,True,True
Alphabet Inc.,2021-10-22,2021-10-25,1,down,down,0.42545969932661665,0.3509194401757504,0.2236208604976328,0.42545969932661665,0.07454025915086626,True,True
Alphabet Inc.,2021-10-25,2021-10-26,1,up,up,0.3331626836176195,0.2919765328127771,0.37486078356960345,0.37486078356960345,0.08288425075682637,True,True
Alphabet Inc.,2021-10-26,2021-10-27,1,up,up,0.2105826612633353,0.24885781465100654,0.5405595240856582,0.5405595240856582,0.2917017094346517,True,True
Alphabet Inc.,2021-10-27,2021-10-28,1,up,up,0.18928756672890967,0.2707131185920363,0.5399993146790542,0.5399993146790542,0.26928619608701787,True,True
Alphabet Inc.,2021-10-28,2021-10-29,1,flat,up,0.2882463427436564,0.3395464360851543,0.3722072211711893,0.3722072211711893,0.03266078508603504,True,False
Alphabet Inc.,2021-10-29,2021-11-01,1,down,flat,0.32403449882266266,0.4212096046605985,0.2547558965167388,0.32403449882266266,-0.09717510583793582,False,False
Alphabet Inc.,2021-11-01,2021-11-02,1,flat,flat,0.37288770253866244,0.4586523580819244,0.16845993937941295,0.37288770253866244,-0.08576465554326196,False,True
Alphabet Inc.,2021-11-02,2021-11-03,1,flat,down,0.3777514037787936,0.3717467595391842,0.25050183668202214,0.3777514037787936,0.006004644239609447,True,False
Alphabet Inc.,2021-11-03,2021-11-04,1,up,up,0.27093189612140134,0.29959277472556306,0.42947532915303566,0.42947532915303566,0.1298825544274726,True,True
Alphabet Inc.,2021-11-04,2021-11-05,1,up,up,0.2201194948847513,0.32250592103315456,0.4573745840820943,0.4573745840820943,0.13486866304893974,True,True
Alphabet Inc.,2021-11-05,2021-11-08,1,flat,up,0.2780955605427255,0.33844965016017803,0.38345478929709637,0.38345478929709637,0.04500513913691834,True,False
Alphabet Inc.,2021-11-08,2021-11-09,1,flat,flat,0.29810082145753103,0.3907848647081432,0.31111431383432575,0.31111431383432575,-0.07967055087381747,False,True
Alphabet Inc.,2021-11-09,2021-11-10,1,down,flat,0.38248237072415703,0.3957304793567994,0.22178714991904358,0.38248237072415703,-0.013248108632642364,False,False
Alphabet Inc.,2021-11-10,2021-11-11,1,flat,down,0.39611283316002427,0.37892516209518223,0.22496200474479333,0.39611283316002427,0.017187671064842036,True,False
Alphabet Inc.,2021-11-11,2021-11-12,1,flat,up,0.28508899547767447,0.31630126507718814,0.39860973944513733,0.39860973944513733,0.08230847436794919,True,False
Alphabet Inc.,2021-11-12,2021-11-15,1,flat,up,0.23207149723791476,0.29029159417231426,0.47763690858977104,0.47763690858977104,0.18734531441745678,True,False
Alphabet Inc.,2021-11-15,2021-11-16,1,flat,up,0.24158071425790195,0.2834185472525043,0.4750007384895937,0.4750007384895937,0.19158219123708936,True,False
Alphabet Inc.,2021-11-16,2021-11-17,1,flat,flat,0.3274685183569669,0.3772368210041495,0.29529466063888365,0.3274685183569669,-0.04976830264718263,False,True
Alphabet Inc.,2021-11-17,2021-11-18,1,flat,down,0.36339374913737865,0.3136303709722544,0.3229758798903669,0.36339374913737865,0.04976337816512427,True,False
Alphabet Inc.,2021-11-18,2021-11-19,1,flat,up,0.26479956120399717,0.28565765501312834,0.4495427837828746,0.4495427837828746,0.16388512876974626,True,False
Alphabet Inc.,2021-11-19,2021-11-22,1,down,up,0.3067180019790668,0.29586506494594,0.39741693307499326,0.39741693307499326,0.10155186812905326,True,False
Alphabet Inc.,2021-11-22,2021-11-23,1,down,down,0.3764819735220889,0.35790289334774494,0.265615133130166,0.3764819735220889,0.018579080174343954,True,True
Alphabet Inc.,2021-11-23,2021-11-24,1,flat,down,0.38173684102761785,0.29169073136861534,0.32657242760376687,0.38173684102761785,0.0900461096590025,True,False
Alphabet Inc.,2021-11-24,2021-11-26,1,down,up,0.2967009925362166,0.26769760841904555,0.4356013990447378,0.4356013990447378,0.16790379062569227,True,False
Alphabet Inc.,2021-11-26,2021-11-29,1,up,up,0.34166424973319715,0.29718233254798176,0.36115341771882103,0.36115341771882103,0.06397108517083927,True,True
Alphabet Inc.,2021-11-29,2021-11-30,1,down,up,0.20382329646765746,0.23312440363339992,0.5630522998989428,0.5630522998989428,0.32992789626554286,True,False
Alphabet Inc.,2021-11-30,2021-12-01,1,flat,down,0.36488491806483825,0.2889030502966153,0.3462120316385464,0.36488491806483825,0.07598186776822297,True,False
Alphabet Inc.,2021-12-01,2021-12-02,1,flat,up,0.34357736129297745,0.3120712109835701,0.34435142772345234,0.34435142772345234,0.03228021673988224,True,False
Alphabet Inc.,2021-12-02,2021-12-03,1,flat,up,0.323395755074935,0.2957528869301863,0.38085135799487857,0.38085135799487857,0.08509847106469226,True,False
Alphabet Inc.,2021-12-03,2021-12-06,1,flat,up,0.2499663100584437,0.2891278497596758,0.4609058401818805,0.4609058401818805,0.1717779904222047,True,False
Alphabet Inc.,2021-12-06,2021-12-07,1,up,up,0.3258057016225363,0.3082167822222439,0.36597751615521973,0.36597751615521973,0.057760733932975816,True,True
Alphabet Inc.,2021-12-07,2021-12-08,1,flat,up,0.22886253297681647,0.24715468829525922,0.5239827787279243,0.5239827787279243,0.2768280904326651,True,False
Alphabet Inc.,2021-12-08,2021-12-09,1,flat,flat,0.2819490209850162,0.3657752225150414,0.35227575649994236,0.35227575649994236,-0.013499466015099049,False,True
Alphabet Inc.,2021-12-09,2021-12-10,1,flat,flat,0.30656641520486017,0.4370374133915774,0.2563961714035623,0.30656641520486017,-0.13047099818671726,False,True
Alphabet Inc.,2021-12-10,2021-12-13,1,down,flat,0.30504760548770127,0.4208456561797541,0.2741067383325444,0.30504760548770127,-0.11579805069205285,False,False
Alphabet Inc.,2021-12-13,2021-12-14,1,down,flat,0.369407975632279,0.4013742191944485,0.22921780517327245,0.369407975632279,-0.03196624356216948,False,False
Alphabet Inc.,2021-12-14,2021-12-15,1,flat,down,0.4254384162331445,0.35477967783472947,0.2197819059321261,0.4254384162331445,0.07065873839841502,True,False
Alphabet Inc.,2021-12-15,2021-12-16,1,flat,up,0.23707217164118546,0.27500287713341487,0.4879249512253997,0.4879249512253997,0.21292207409198483,True,False
Alphabet Inc.,2021-12-16,2021-12-17,1,down,up,0.25373621299997084,0.27709913441236844,0.4691646525876608,0.4691646525876608,0.19206551817529238,True,False
Alphabet Inc.,2021-12-17,2021-12-20,1,down,down,0.45210017599322244,0.30266183755458304,0.24523798645219436,0.45210017599322244,0.1494383384386394,True,True
Alphabet Inc.,2021-12-20,2021-12-21,1,up,up,0.3345066188954347,0.32198443429034374,0.3435089468142216,0.3435089468142216,0.02152451252387788,True,True
Alphabet Inc.,2021-12-21,2021-12-22,1,up,up,0.22527514830178347,0.2685014513264513,0.5062234003717652,0.5062234003717652,0.23772194904531385,True,True
Alphabet Inc.,2021-12-22,2021-12-23,1,up,up,0.23028676256676928,0.2680625525216814,0.5016506849115493,0.5016506849115493,0.23358813238986792,True,True
Alphabet Inc.,2021-12-23,2021-12-27,1,flat,up,0.2234545513670068,0.31970304274404454,0.45684240588894864,0.45684240588894864,0.1371393631449041,True,False
Alphabet Inc.,2021-12-27,2021-12-28,1,flat,flat,0.2827655394883381,0.3796659185045385,0.3375685420071234,0.3375685420071234,-0.04209737649741513,False,True
Alphabet Inc.,2021-12-28,2021-12-29,1,down,flat,0.2940466389001649,0.4631586601821331,0.24279470091770192,0.2940466389001649,-0.16911202128196817,False,False
Alphabet Inc.,2021-12-29,2021-12-30,1,flat,down,0.3444782013958194,0.34301255697781985,0.31250924162636073,0.3444782013958194,0.0014656444179995676,True,False
Alphabet Inc.,2021-12-30,2021-12-31,1,down,up,0.27164950362644236,0.32361995545427086,0.40473054091928684,0.40473054091928684,0.08111058546501598,True,False
Alphabet Inc.,2021-12-31,2022-01-03,1,flat,up,0.30000897371867713,0.33721717285724423,0.3627738534240786,0.3627738534240786,0.025556680566834356,True,False
Alphabet Inc.,2022-01-03,2022-01-04,1,flat,up,0.30786620868503767,0.32911930407300355,0.3630144872419586,0.3630144872419586,0.03389518316895507,True,False
Alphabet Inc.,2022-01-04,2022-01-05,1,down,up,0.23257542863783776,0.27156739557531284,0.4958571757868494,0.4958571757868494,0.22428978021153656,True,False
Alphabet Inc.,2022-01-05,2022-01-06,1,down,down,0.5087396301881857,0.2696044846081103,0.22165588520370386,0.5087396301881857,0.23913514558007537,True,True
Alphabet Inc.,2022-01-06,2022-01-07,1,flat,down,0.36302529481988294,0.3247913260567762,0.3121833791233408,0.36302529481988294,0.03823396876310675,True,False
Alphabet Inc.,2022-01-07,2022-01-10,1,down,up,0.30529678860680254,0.25560289271999526,0.4391003186732023,0.4391003186732023,0.18349742595320706,True,False
Alphabet Inc.,2022-01-10,2022-01-11,1,up,up,0.30838966325997275,0.2893371287460563,0.40227320799397087,0.40227320799397087,0.11293607924791454,True,True
Alphabet Inc.,2022-01-11,2022-01-12,1,up,up,0.16727149601889746,0.2745500439312547,0.5581784600498477,0.5581784600498477,0.283628416118593,True,True
Alphabet Inc.,2022-01-12,2022-01-13,1,down,up,0.1807379081584909,0.2820946600311765,0.5371674318103327,0.5371674318103327,0.25507277177915616,True,False
Alphabet Inc.,2022-01-13,2022-01-14,1,down,flat,0.31434930595691374,0.4330727646620772,0.2525779293810089,0.31434930595691374,-0.11872345870516349,False,False
Alphabet Inc.,2022-01-14,2022-01-18,1,down,flat,0.3579305453393024,0.3897621433134153,0.2523073113472822,0.3579305453393024,-0.03183159797411289,False,False
Alphabet Inc.,2022-01-18,2022-01-19,1,flat,flat,0.36820618283345813,0.3974562017311788,0.23433761543536294,0.36820618283345813,-0.029250018897720664,False,True
Alphabet Inc.,2022-01-19,2022-01-20,1,down,up,0.26706101572415475,0.29100739744368387,0.4419315868321614,0.4419315868321614,0.15092418938847751,True,False
Alphabet Inc.,2022-01-20,2022-01-21,1,down,up,0.30098355015996064,0.34755650921951087,0.35145994062052843,0.35145994062052843,0.0039034314010175652,True,False
Alphabet Inc.,2022-01-21,2022-01-24,1,down,down,0.42942243075067643,0.30901957762816407,0.2615579916211594,0.42942243075067643,0.12040285312251237,True,True
Alphabet Inc.,2022-01-24,2022-01-25,1,flat,down,0.4762852874068236,0.26701788870694854,0.2566968238862278,0.4762852874068236,0.20926739869987504,True,False
Alphabet Inc.,2022-01-25,2022-01-26,1,up,up,0.2783669136269747,0.291592915991682,0.43004017038134335,0.43004017038134335,0.13844725438966132,True,True
Alphabet Inc.,2022-01-26,2022-01-27,1,flat,up,0.21365284167151602,0.26059412767240175,0.5257530306560823,0.5257530306560823,0.2651589029836805,True,False
Alphabet Inc.,2022-01-27,2022-01-28,1,flat,up,0.22914007668247782,0.36337286357293236,0.40748705974458976,0.40748705974458976,0.044114196171657405,True,False
Alphabet Inc.,2022-01-28,2022-01-31,1,up,up,0.22041836433014883,0.3645456627652602,0.41503597290459115,0.41503597290459115,0.050490310139330974,True,True
Alphabet Inc.,2022-01-31,2022-02-01,1,up,flat,0.19337616615815734,0.42318417031674693,0.3834396635250956,0.3834396635250956,-0.03974450679165131,False,False
Alphabet Inc.,2022-02-01,2022-02-02,1,up,flat,0.2187855180871766,0.40652044900046724,0.37469403291235615,0.37469403291235615,-0.0318264160881111,False,False
Alphabet Inc.,2022-02-02,2022-02-03,1,down,up,0.1173333107825244,0.43676180548344345,0.44590488373403214,0.44590488373403214,0.009143078250588688,True,False
Alphabet Inc.,2022-02-03,2022-02-04,1,down,flat,0.35949295306248874,0.5510485207902289,0.08945852614728225,0.35949295306248874,-0.19155556772774018,False,False
Alphabet Inc.,2022-02-04,2022-02-07,1,flat,flat,0.31403415481455677,0.5715268369421183,0.11443900824332476,0.31403415481455677,-0.2574926821275615,False,True
Alphabet Inc.,2022-02-07,2022-02-08,1,down,flat,0.33588347570623267,0.5058517203481246,0.15826480394564252,0.33588347570623267,-0.16996824464189197,False,False
Alphabet Inc.,2022-02-08,2022-02-09,1,up,flat,0.3662900775663527,0.4379557542972447,0.1957541681364025,0.3662900775663527,-0.07166567673089203,False,False
Alphabet Inc.,2022-02-09,2022-02-10,1,down,up,0.2177248749675143,0.39088011264451633,0.39139501238796937,0.39139501238796937,0.0005148997434530345,True,False
Alphabet Inc.,2022-02-10,2022-02-11,1,down,flat,0.2961548285014137,0.42840801086245267,0.2754371606361336,0.2961548285014137,-0.13225318236103895,False,False
Alphabet Inc.,2022-02-11,2022-02-14,1,down,flat,0.38201740705980863,0.4132227126219493,0.20475988031824194,0.38201740705980863,-0.031205305562140684,False,False
Alphabet Inc.,2022-02-14,2022-02-15,1,up,flat,0.3032767368611422,0.42047861342043125,0.27624464971842644,0.3032767368611422,-0.11720187655928904,False,False
Alphabet Inc.,2022-02-15,2022-02-16,1,flat,flat,0.23405098025831228,0.39162929612984654,0.3743197236118412,0.3743197236118412,-0.017309572518005356,False,True
Alphabet Inc.,2022-02-16,2022-02-17,1,down,flat,0.32117169452176414,0.4370394773287283,0.24178882814950764,0.32117169452176414,-0.11586778280696414,False,False
Alphabet Inc.,2022-02-17,2022-02-18,1,down,flat,0.32592293447161325,0.44142174943232115,0.23265531609606563,0.32592293447161325,-0.11549881496070791,False,False
Alphabet Inc.,2022-02-18,2022-02-22,1,down,flat,0.3346771280645292,0.4261634631640686,0.23915940877140202,0.3346771280645292,-0.0914863350995394,False,False
Alphabet Inc.,2022-02-22,2022-02-23,1,flat,flat,0.35287247936311233,0.3721750889058858,0.27495243173100187,0.35287247936311233,-0.019302609542773463,False,True
Alphabet Inc.,2022-02-23,2022-02-24,1,flat,flat,0.27755134899042433,0.37408562445502136,0.3483630265545542,0.3483630265545542,-0.02572259790046716,False,True
Alphabet Inc.,2022-02-24,2022-02-25,1,up,flat,0.29047628652528734,0.3797925370642875,0.3297311764104251,0.3297311764104251,-0.05006136065386241,False,False
Alphabet Inc.,2022-02-25,2022-02-28,1,flat,flat,0.14194370258578043,0.4361201993394422,0.4219360980747774,0.4219360980747774,-0.014184101264664795,False,True
Alphabet Inc.,2022-02-28,2022-03-01,1,flat,flat,0.22018207053464747,0.49682115556551465,0.2829967738998379,0.2829967738998379,-0.21382438166567674,False,True
Alphabet Inc.,2022-03-01,2022-03-02,1,flat,flat,0.2219914338843329,0.5689237187740077,0.2090848473416592,0.2219914338843329,-0.3469322848896748,False,True
Alphabet Inc.,2022-03-02,2022-03-03,1,flat,flat,0.2626065386069699,0.5399206895119751,0.1974727718810547,0.2626065386069699,-0.2773141509050052,False,True
Alphabet Inc.,2022-03-03,2022-03-04,1,down,flat,0.270325654372228,0.4674553921840052,0.26221895344376667,0.270325654372228,-0.19712973781177723,False,False
Alphabet Inc.,2022-03-04,2022-03-07,1,down,flat,0.37014689777432996,0.3817114743580183,0.24814162786765165,0.37014689777432996,-0.011564576583688313,False,False
Alphabet Inc.,2022-03-07,2022-03-08,1,down,down,0.4165710894030906,0.3518434717587008,0.23158543883820842,0.4165710894030906,0.06472761764438983,True,True
Alphabet Inc.,2022-03-08,2022-03-09,1,up,flat,0.33262655309385514,0.36617091799155477,0.3012025289145901,0.33262655309385514,-0.03354436489769963,False,False
Alphabet Inc.,2022-03-09,2022-03-10,1,flat,up,0.15123973779587827,0.3128508996085466,0.5359093625955751,0.5359093625955751,0.22305846298702847,True,False
Alphabet Inc.,2022-03-10,2022-03-11,1,flat,flat,0.3238490698517421,0.38504804862672,0.29110288152153796,0.3238490698517421,-0.061198978774977875,False,True
Alphabet Inc.,2022-03-11,2022-03-14,1,down,flat,0.30797118455100303,0.401059500569205,0.29096931487979194,0.30797118455100303,-0.09308831601820194,False,False
Alphabet Inc.,2022-03-14,2022-03-15,1,flat,down,0.4210758186020428,0.38183705630302534,0.19708712509493168,0.4210758186020428,0.03923876229901746,True,False
Alphabet Inc.,2022-03-15,2022-03-16,1,up,flat,0.3143267733174625,0.3544994310867796,0.33117379559575777,0.33117379559575777,-0.023325635491021846,False,False
Alphabet Inc.,2022-03-16,2022-03-17,1,up,up,0.18032307130893227,0.32540738708509104,0.4942695416059767,0.4942695416059767,0.16886215452088565,True,True
Alphabet Inc.,2022-03-17,2022-03-18,1,flat,up,0.23529836033285598,0.34691574131014097,0.4177858983570031,0.4177858983570031,0.07087015704686211,True,False
Alphabet Inc.,2022-03-18,2022-03-21,1,flat,up,0.2369863032631646,0.37494159935831717,0.3880720973785183,0.3880720973785183,0.013130498020201109,True,False
Alphabet Inc.,2022-03-21,2022-03-22,1,up,flat,0.261567647850726,0.5088535970943554,0.22957875505491837,0.261567647850726,-0.2472859492436294,False,False
Alphabet Inc.,2022-03-22,2022-03-23,1,flat,flat,0.2539968726577489,0.46856020260633496,0.27744292473591614,0.27744292473591614,-0.19111727787041882,False,True
Alphabet Inc.,2022-03-23,2022-03-24,1,flat,flat,0.3224261505871494,0.47998080985129465,0.19759303956155583,0.3224261505871494,-0.15755465926414525,False,True
Alphabet Inc.,2022-03-24,2022-03-25,1,flat,flat,0.2615168986543075,0.4840993838204933,0.2543837175251991,0.2615168986543075,-0.22258248516618578,False,True
Alphabet Inc.,2022-03-25,2022-03-28,1,flat,flat,0.232366518448431,0.48836363511207126,0.2792698464394976,0.2792698464394976,-0.20909378867257367,False,True
Alphabet Inc.,2022-03-28,2022-03-29,1,up,flat,0.31131933202558615,0.4635154761675431,0.2251651918068705,0.31131933202558615,-0.15219614414195692,False,False
Alphabet Inc.,2022-03-29,2022-03-30,1,flat,flat,0.21763917033274824,0.4165015651369827,0.365859264530269,0.365859264530269,-0.05064230060671371,False,True
Alphabet Inc.,2022-03-30,2022-03-31,1,down,flat,0.355580550576011,0.4289034846792871,0.21551596474470197,0.355580550576011,-0.07332293410327606,False,False
Alphabet Inc.,2022-03-31,2022-04-01,1,down,flat,0.37403893871967997,0.42820838705412656,0.1977526742261933,0.37403893871967997,-0.05416944833444659,False,False
Alphabet Inc.,2022-04-01,2022-04-04,1,up,down,0.37018389709736266,0.33863294983541176,0.29118315306722553,0.37018389709736266,0.0315509472619509,True,False
Alphabet Inc.,2022-04-04,2022-04-05,1,flat,up,0.2276216315073123,0.31076721129025675,0.46161115720243096,0.46161115720243096,0.1508439459121742,True,False
Alphabet Inc.,2022-04-05,2022-04-06,1,down,flat,0.33406699603716744,0.3490294483757634,0.31690355558706923,0.33406699603716744,-0.014962452338595944,False,False
Alphabet Inc.,2022-04-06,2022-04-07,1,down,down,0.44392734560972885,0.30620232356300925,0.24987033082726184,0.44392734560972885,0.1377250220467196,True,True
Alphabet Inc.,2022-04-07,2022-04-08,1,down,up,0.33018284147055554,0.3242232096985609,0.34559394883088357,0.34559394883088357,0.02137073913232268,True,False
Alphabet Inc.,2022-04-08,2022-04-11,1,down,up,0.3074803452626861,0.31838680185012475,0.37413285288718934,0.37413285288718934,0.05574605103706459,True,False
Alphabet Inc.,2022-04-11,2022-04-12,1,down,down,0.43656057123190417,0.27434607193101107,0.2890933568370847,0.43656057123190417,0.1622144993008931,True,True
Alphabet Inc.,2022-04-12,2022-04-13,1,flat,up,0.2844012922493057,0.2798969277472394,0.43570178000345494,0.43570178000345494,0.15580485225621554,True,False
Alphabet Inc.,2022-04-13,2022-04-14,1,flat,up,0.2831874643993503,0.2909406632425295,0.4258718723581203,0.4258718723581203,0.1349312091155908,True,False
Alphabet Inc.,2022-04-14,2022-04-18,1,down,up,0.2769382463173288,0.3169750018605978,0.4060867518220734,0.4060867518220734,0.08911174996147558,True,False
Alphabet Inc.,2022-04-18,2022-04-19,1,up,up,0.2803279257165586,0.34114238879432246,0.378529685489119,0.378529685489119,0.03738729669479657,True,True
Alphabet Inc.,2022-04-19,2022-04-20,1,flat,up,0.17238259253537608,0.31724965564130636,0.5103677518233175,0.5103677518233175,0.19311809618201115,True,False
Alphabet Inc.,2022-04-20,2022-04-21,1,down,up,0.22198187508037745,0.35148021501686233,0.4265379099027602,0.4265379099027602,0.07505769488589786,True,False
Alphabet Inc.,2022-04-21,2022-04-22,1,down,flat,0.3804214469070386,0.3881268462919396,0.2314517068010216,0.3804214469070386,-0.007705399384901002,False,False
Alphabet Inc.,2022-04-22,2022-04-25,1,flat,down,0.5177828506481866,0.3034908653021072,0.17872628404970603,0.5177828506481866,0.2142919853460794,True,False
Alphabet Inc.,2022-04-25,2022-04-26,1,flat,flat,0.320848307598974,0.34955087192466394,0.3296008204763621,0.3296008204763621,-0.019950051448301864,False,True
Alphabet Inc.,2022-04-26,2022-04-27,1,down,up,0.3071863431140881,0.26456165398669246,0.42825200289921944,0.42825200289921944,0.16369034891252698,True,False
Alphabet Inc.,2022-04-27,2022-04-28,1,up,down,0.49254287932867047,0.22838467992274702,0.2790724407485825,0.49254287932867047,0.26415819940592344,True,False
Alphabet Inc.,2022-04-28,2022-04-29,1,down,up,0.20501384833715558,0.313836231534835,0.4811499201280095,0.4811499201280095,0.16731368859317453,True,False
Alphabet Inc.,2022-04-29,2022-05-02,1,flat,flat,0.2937362727553476,0.4098093864990292,0.29645434074562316,0.29645434074562316,-0.11335504575340605,False,True
Alphabet Inc.,2022-05-02,2022-05-03,1,up,flat,0.2982159671303189,0.43566070155079295,0.26612333131888805,0.2982159671303189,-0.13744473442047406,False,False
Alphabet Inc.,2022-05-03,2022-05-04,1,up,flat,0.18772115148359036,0.4150263030093798,0.39725254550702993,0.39725254550702993,-0.017773757502349885,False,False
Alphabet Inc.,2022-05-04,2022-05-05,1,down,flat,0.20803083151283383,0.4788646079872315,0.31310456049993435,0.31310456049993435,-0.16576004748729717,False,False
Alphabet Inc.,2022-05-05,2022-05-06,1,down,flat,0.3377184073741606,0.4935921649084282,0.16868942771741113,0.3377184073741606,-0.15587375753426763,False,False
Alphabet Inc.,2022-05-06,2022-05-09,1,down,flat,0.3428041271876262,0.4629896681074548,0.19420620470491895,0.3428041271876262,-0.12018554091982858,False,False
Alphabet Inc.,2022-05-09,2022-05-10,1,flat,flat,0.358152986887703,0.4245589607402717,0.2172880523720252,0.358152986887703,-0.06640597385256874,False,True
Alphabet Inc.,2022-05-10,2022-05-11,1,flat,flat,0.2226318149655585,0.3909342733787613,0.3864339116556802,0.3864339116556802,-0.004500361723081103,False,True
Alphabet Inc.,2022-05-11,2022-05-12,1,down,flat,0.26465437870589936,0.4260630559391534,0.3092825653549472,0.3092825653549472,-0.1167804905842062,False,False
Alphabet Inc.,2022-05-12,2022-05-13,1,up,flat,0.31920643496866974,0.4248615592973453,0.2559320057339848,0.31920643496866974,-0.10565512432867558,False,False
Alphabet Inc.,2022-05-13,2022-05-16,1,flat,flat,0.1788281943597313,0.5064779077705394,0.3146938978697293,0.3146938978697293,-0.19178400990081007,False,True
Alphabet Inc.,2022-05-16,2022-05-17,1,flat,flat,0.2862909963278948,0.504310179954963,0.20939882371714208,0.2862909963278948,-0.21801918362706818,False,True
Alphabet Inc.,2022-05-17,2022-05-18,1,down,flat,0.2389609087384396,0.49469375372797386,0.26634533753358636,0.26634533753358636,-0.2283484161943875,False,False
Alphabet Inc.,2022-05-18,2022-05-19,1,down,flat,0.36769015409556227,0.4227451190742393,0.2095647268301984,0.36769015409556227,-0.05505496497867701,False,False
Alphabet Inc.,2022-05-19,2022-05-20,1,down,flat,0.34512444451965896,0.4186716732769205,0.23620388220342042,0.34512444451965896,-0.07354722875726155,False,False
Alphabet Inc.,2022-05-20,2022-05-23,1,flat,flat,0.34954207619133304,0.3820131269767222,0.2684447968319447,0.34954207619133304,-0.032471050785389144,False,True
Alphabet Inc.,2022-05-23,2022-05-24,1,down,flat,0.2502392390398337,0.37855916046878746,0.37120160049137885,0.37120160049137885,-0.007357559977408612,False,False
Alphabet Inc.,2022-05-24,2022-05-25,1,flat,down,0.5069711558930206,0.29660426442672316,0.1964245796802564,0.5069711558930206,0.2103668914662974,True,False
Alphabet Inc.,2022-05-25,2022-05-26,1,up,up,0.2717362353059091,0.3433538950370952,0.3849098696569957,0.3849098696569957,0.041555974619900515,True,True
Alphabet Inc.,2022-05-26,2022-05-27,1,up,up,0.24626751759421794,0.3732923035458255,0.3804401788599566,0.3804401788599566,0.007147875314131136,True,True
Alphabet Inc.,2022-05-27,2022-05-31,1,up,flat,0.1635089446988716,0.45181883971749875,0.3846722155836296,0.3846722155836296,-0.06714662413386918,False,False
Alphabet Inc.,2022-05-31,2022-06-01,1,flat,flat,0.1694381880312254,0.4615149750769886,0.369046836891786,0.369046836891786,-0.09246813818520255,False,True
Alphabet Inc.,2022-06-01,2022-06-02,1,flat,flat,0.1778618493164165,0.679853745373075,0.1422844053105083,0.1778618493164165,-0.5019918960566585,False,True
Alphabet Inc.,2022-06-02,2022-06-03,1,flat,flat,0.22714517658564704,0.6142483604977913,0.15860646291656166,0.22714517658564704,-0.38710318391214427,False,True
Alphabet Inc.,2022-06-03,2022-06-06,1,up,flat,0.2869639728898657,0.5522996845433348,0.16073634256679936,0.2869639728898657,-0.2653357116534691,False,False
Alphabet Inc.,2022-06-06,2022-06-07,1,flat,flat,0.1923558761512768,0.6026302667194869,0.20501385712923603,0.20501385712923603,-0.3976164095902509,False,True
Alphabet Inc.,2022-06-07,2022-06-08,1,flat,flat,0.3033329112140688,0.5019068395808561,0.19476024920507484,0.3033329112140688,-0.19857392836678733,False,True
Alphabet Inc.,2022-06-08,2022-06-09,1,down,flat,0.2772708996737531,0.4833402020070695,0.2393888983191773,0.2772708996737531,-0.20606930233331638,False,False
Alphabet Inc.,2022-06-09,2022-06-10,1,down,flat,0.2953357611737703,0.4652693344086498,0.23939490441757982,0.2953357611737703,-0.1699335732348795,False,False
Alphabet Inc.,2022-06-10,2022-06-13,1,down,down,0.4428732984185153,0.3557191762412587,0.20140752534022593,0.4428732984185153,0.0871541221772566,True,True
Alphabet Inc.,2022-06-13,2022-06-14,1,flat,down,0.4424227071487751,0.3701465502620414,0.1874307425891833,0.4424227071487751,0.07227615688673367,True,False
Alphabet Inc.,2022-06-14,2022-06-15,1,up,up,0.30793756388098126,0.33420428573192984,0.35785815038708885,0.35785815038708885,0.023653864655159007,True,True
Alphabet Inc.,2022-06-15,2022-06-16,1,down,up,0.2344667277480154,0.3399446828700635,0.425588589381921,0.425588589381921,0.08564390651185749,True,False
Alphabet Inc.,2022-06-16,2022-06-17,1,flat,flat,0.34085310724150064,0.46277249156268485,0.19637440119581462,0.34085310724150064,-0.12191938432118421,False,True
Alphabet Inc.,2022-06-17,2022-06-21,1,up,flat,0.2752033974608209,0.41901812751504297,0.3057784750241361,0.3057784750241361,-0.1132396524909069,False,False
Alphabet Inc.,2022-06-21,2022-06-22,1,flat,flat,0.19309462687150847,0.48234953222268123,0.32455584090581013,0.32455584090581013,-0.1577936913168711,False,True
Alphabet Inc.,2022-06-22,2022-06-23,1,flat,flat,0.21049718459738126,0.6244946162765121,0.16500819912610654,0.21049718459738126,-0.4139974316791309,False,True
Alphabet Inc.,2022-06-23,2022-06-24,1,up,flat,0.2641134920342354,0.47076583807966577,0.26512066988609884,0.26512066988609884,-0.20564516819356693,False,False
Alphabet Inc.,2022-06-24,2022-06-27,1,up,flat,0.14295373263988348,0.4629781701353773,0.3940680972247391,0.3940680972247391,-0.06891007291063816,False,False
Alphabet Inc.,2022-06-27,2022-06-28,1,down,flat,0.20248775522562906,0.6234002967267367,0.17411194804763414,0.20248775522562906,-0.42091254150110763,False,False
Alphabet Inc.,2022-06-28,2022-06-29,1,down,flat,0.35565428543945027,0.5083586047380318,0.13598710982251772,0.35565428543945027,-0.15270431929858158,False,False
Alphabet Inc.,2022-06-29,2022-06-30,1,down,flat,0.32750487807853434,0.44230121853293775,0.23019390338852785,0.32750487807853434,-0.1147963404544034,False,False
Alphabet Inc.,2022-06-30,2022-07-01,1,flat,down,0.40584866291272637,0.38865873478820023,0.20549260229907335,0.40584866291272637,0.017189928124526133,True,False
Alphabet Inc.,2022-07-01,2022-07-05,1,up,flat,0.2814172848378674,0.4110881556723248,0.30749455948980775,0.30749455948980775,-0.10359359618251707,False,False
Alphabet Inc.,2022-07-05,2022-07-06,1,up,up,0.21822435975598026,0.3668576292383011,0.4149180110057187,0.4149180110057187,0.04806038176741756,True,True
Alphabet Inc.,2022-07-06,2022-07-07,1,up,flat,0.16978197526465072,0.5115764157823752,0.31864160895297383,0.31864160895297383,-0.1929348068294014,False,False
Alphabet Inc.,2022-07-07,2022-07-08,1,flat,flat,0.15690190155900552,0.5756032435373004,0.26749485490369374,0.26749485490369374,-0.3081083886336067,False,True
Alphabet Inc.,2022-07-08,2022-07-11,1,down,flat,0.19594868767040377,0.6451357035000811,0.15891560882951494,0.19594868767040377,-0.44918701582967735,False,False
Alphabet Inc.,2022-07-11,2022-07-12,1,down,flat,0.2988540467573677,0.5670664096110825,0.1340795436315496,0.2988540467573677,-0.26821236285371475,False,False
Alphabet Inc.,2022-07-12,2022-07-13,1,down,flat,0.33219048965593834,0.4707802760295474,0.1970292343145139,0.33219048965593834,-0.13858978637360908,False,False
Alphabet Inc.,2022-07-13,2022-07-14,1,down,flat,0.4148838993640579,0.4163931083933917,0.16872299224255027,0.4148838993640579,-0.0015092090293338245,False,False
Alphabet Inc.,2022-07-14,2022-07-15,1,up,flat,0.32046024514538207,0.4162268962964788,0.2633128585581392,0.32046024514538207,-0.09576665115109673,False,False
Alphabet Inc.,2022-07-15,2022-07-18,1,flat,flat,0.2180852103028641,0.3948583711401324,0.38705641855700346,0.38705641855700346,-0.007801952583128935,False,True
Alphabet Inc.,2022-07-18,2022-07-19,1,flat,flat,0.2895105069458218,0.4333700945373484,0.2771193985168298,0.2895105069458218,-0.14385958759152662,False,True
Alphabet Inc.,2022-07-19,2022-07-20,1,up,flat,0.2383567142958769,0.47430842836344345,0.28733485734067965,0.28733485734067965,-0.1869735710227638,False,False
Alphabet Inc.,2022-07-20,2022-07-21,1,flat,flat,0.2595821683943369,0.4655408661090704,0.27487696549659285,0.27487696549659285,-0.19066390061247757,False,True
Alphabet Inc.,2022-07-21,2022-07-22,1,down,flat,0.32277200743270335,0.48655550877286924,0.19067248379442722,0.32277200743270335,-0.1637835013401659,False,False
Alphabet Inc.,2022-07-22,2022-07-25,1,down,down,0.46624575594557804,0.3816797024175486,0.1520745416368734,0.46624575594557804,0.08456605352802943,True,True
Alphabet Inc.,2022-07-25,2022-07-26,1,down,flat,0.3199704897235855,0.3726177675410104,0.3074117427354041,0.3199704897235855,-0.0526472778174249,False,False
Alphabet Inc.,2022-07-26,2022-07-27,1,up,down,0.38018054697450654,0.37441909929713013,0.24540035372836327,0.38018054697450654,0.005761447677376408,True,False
Alphabet Inc.,2022-07-27,2022-07-28,1,up,up,0.11657289018724983,0.399680911845552,0.4837461979671982,0.4837461979671982,0.08406528612164621,True,True
Alphabet Inc.,2022-07-28,2022-07-29,1,flat,flat,0.2105839229572617,0.5513341248258437,0.23808195221689454,0.23808195221689454,-0.3132521726089491,False,True
Alphabet Inc.,2022-07-29,2022-08-01,1,flat,flat,0.1848934333648739,0.593584276379928,0.22152229025519787,0.22152229025519787,-0.3720619861247302,False,True
Alphabet Inc.,2022-08-01,2022-08-02,1,flat,flat,0.18896377472468362,0.6775718105347749,0.13346441474054144,0.18896377472468362,-0.48860803581009127,False,True
Alphabet Inc.,2022-08-02,2022-08-03,1,up,flat,0.24947873520981184,0.618704232605684,0.13181703218450408,0.24947873520981184,-0.3692254973958721,False,False
Alphabet Inc.,2022-08-03,2022-08-04,1,flat,flat,0.2043935439667054,0.5754574336087557,0.22014902242453882,0.22014902242453882,-0.35530841118421685,False,True
Alphabet Inc.,2022-08-04,2022-08-05,1,flat,flat,0.20246167718257646,0.6180431520950056,0.17949517072241777,0.20246167718257646,-0.41558147491242914,False,True
Alphabet Inc.,2022-08-05,2022-08-08,1,flat,flat,0.3076643636466686,0.5114433367386643,0.18089229961466702,0.3076643636466686,-0.20377897309199566,False,True
Alphabet Inc.,2022-08-08,2022-08-09,1,down,flat,0.2143272759380465,0.5127889875143615,0.2728837365475918,0.2728837365475918,-0.23990525096676973,False,False
Alphabet Inc.,2022-08-09,2022-08-10,1,up,flat,0.31601994758319485,0.43355388630293834,0.2504261661138669,0.31601994758319485,-0.11753393871974349,False,False
Alphabet Inc.,2022-08-10,2022-08-11,1,flat,flat,0.20328774382782935,0.46969979453023575,0.32701246164193465,0.32701246164193465,-0.1426873328883011,False,True
Alphabet Inc.,2022-08-11,2022-08-12,1,flat,flat,0.2808967617377705,0.48135038790928103,0.23775285035294824,0.2808967617377705,-0.20045362617151052,False,True
Alphabet Inc.,2022-08-12,2022-08-15,1,flat,flat,0.24955075217847666,0.48332457698236286,0.2671246708391603,0.2671246708391603,-0.21619990614320256,False,True
Alphabet Inc.,2022-08-15,2022-08-16,1,flat,flat,0.25182265589353825,0.4581411886349549,0.29003615547150685,0.29003615547150685,-0.16810503316344805,False,True
Alphabet Inc.,2022-08-16,2022-08-17,1,down,flat,0.26583075911442045,0.5550102269017718,0.17915901398380743,0.26583075911442045,-0.2891794677873514,False,False
Alphabet Inc.,2022-08-17,2022-08-18,1,flat,flat,0.34715829655232144,0.38239622798399747,0.270445475463681,0.34715829655232144,-0.03523793143167603,False,True
Alphabet Inc.,2022-08-18,2022-08-19,1,down,flat,0.30937238465599315,0.3489147860044702,0.34171282933953673,0.34171282933953673,-0.007201956664933451,False,False
Alphabet Inc.,2022-08-19,2022-08-22,1,down,down,0.3898084927925947,0.32513621575761875,0.2850552914497865,0.3898084927925947,0.06467227703497597,True,True
Alphabet Inc.,2022-08-22,2022-08-23,1,flat,down,0.3774105261365678,0.31488070657054434,0.3077087672928879,0.3774105261365678,0.06252981956602344,True,False
Alphabet Inc.,2022-08-23,2022-08-24,1,flat,up,0.26781042358365914,0.3022723068908535,0.42991726952548764,0.42991726952548764,0.12764496263463415,True,False
Alphabet Inc.,2022-08-24,2022-08-25,1,up,up,0.283324972531322,0.2745891798486942,0.4420858476199838,0.4420858476199838,0.16749666777128963,True,True
Alphabet Inc.,2022-08-25,2022-08-26,1,down,up,0.19655821954564404,0.3587653760466455,0.4446764044077105,0.4446764044077105,0.08591102836106501,True,False
Alphabet Inc.,2022-08-26,2022-08-29,1,down,down,0.44664344451848637,0.3043526843681889,0.24900387111332462,0.44664344451848637,0.14229076015029746,True,True
Alphabet Inc.,2022-08-29,2022-08-30,1,flat,down,0.3899347351545574,0.35994745541314854,0.25011780943229406,0.3899347351545574,0.029987279741408857,True,False
Alphabet Inc.,2022-08-30,2022-08-31,1,flat,up,0.2696291441799914,0.355043286588952,0.3753275692310565,0.3753275692310565,0.020284282642104468,True,False
Alphabet Inc.,2022-08-31,2022-09-01,1,flat,up,0.2661503236314982,0.2969348121860322,0.43691486418246966,0.43691486418246966,0.13998005199643748,True,False
Alphabet Inc.,2022-09-01,2022-09-02,1,flat,flat,0.2610079688746199,0.37125342155912533,0.3677386095662548,0.3677386095662548,-0.0035148119928705146,False,True
Alphabet Inc.,2022-09-02,2022-09-06,1,down,flat,0.20746298972328486,0.41037062717136485,0.38216638310535045,0.38216638310535045,-0.028204244066014406,False,False
Alphabet Inc.,2022-09-06,2022-09-07,1,up,flat,0.35853682027988587,0.4070935124152719,0.2343696673048422,0.35853682027988587,-0.04855669213538605,False,False
Alphabet Inc.,2022-09-07,2022-09-08,1,flat,up,0.17148882629491963,0.3745793522678763,0.453931821437204,0.453931821437204,0.0793524691693277,True,False
Alphabet Inc.,2022-09-08,2022-09-09,1,up,flat,0.22548031436037178,0.3956830318567435,0.37883665378288467,0.37883665378288467,-0.016846378073858803,False,False
Alphabet Inc.,2022-09-09,2022-09-12,1,flat,flat,0.19180403031034848,0.41256932252094847,0.395626647168703,0.395626647168703,-0.016942675352245473,False,True
Alphabet Inc.,2022-09-12,2022-09-13,1,down,flat,0.19834297207710683,0.4495730856342427,0.35208394228865025,0.35208394228865025,-0.09748914334559244,False,False
Alphabet Inc.,2022-09-13,2022-09-14,1,down,down,0.4754269841933434,0.3795529167622224,0.14502009904443416,0.4754269841933434,0.09587406743112098,True,True
Alphabet Inc.,2022-09-14,2022-09-15,1,flat,flat,0.31388666858355874,0.3770793198121991,0.30903401160424215,0.31388666858355874,-0.06319265122864037,False,True
Alphabet Inc.,2022-09-15,2022-09-16,1,down,flat,0.28320416037032237,0.36272991646235475,0.35406592316732277,0.35406592316732277,-0.00866399329503198,False,False
Alphabet Inc.,2022-09-16,2022-09-19,1,flat,down,0.4298150895734321,0.27166591632809767,0.2985189940984702,0.4298150895734321,0.15814917324533445,True,False
Alphabet Inc.,2022-09-19,2022-09-20,1,down,up,0.2511806512946195,0.3629702969689168,0.3858490517364636,0.3858490517364636,0.022878754767546805,True,False
Alphabet Inc.,2022-09-20,2022-09-21,1,flat,flat,0.2710316722936308,0.38135787251511677,0.34761045519125255,0.34761045519125255,-0.033747417323864215,False,True
Alphabet Inc.,2022-09-21,2022-09-22,1,down,flat,0.2820497251070495,0.4205495123113768,0.2974007625815738,0.2974007625815738,-0.12314874972980305,False,False
Alphabet Inc.,2022-09-22,2022-09-23,1,down,flat,0.271824263229443,0.3954658672238264,0.33270986954673054,0.33270986954673054,-0.06275599767709583,False,False
Alphabet Inc.,2022-09-23,2022-09-26,1,flat,flat,0.2917234815236874,0.36180972696699343,0.3464667915093192,0.3464667915093192,-0.015342935457674234,False,True
Alphabet Inc.,2022-09-26,2022-09-27,1,flat,flat,0.2552554185288621,0.37974451466926207,0.36500006680187586,0.36500006680187586,-0.014744447867386212,False,True
Alphabet Inc.,2022-09-27,2022-09-28,1,flat,flat,0.22077465138994723,0.41440320841677225,0.36482214019328063,0.36482214019328063,-0.04958106822349162,False,True
Alphabet Inc.,2022-09-28,2022-09-29,1,down,flat,0.21238011623794384,0.4572188419319019,0.3304010418301542,0.3304010418301542,-0.1268178001017477,False,False
Alphabet Inc.,2022-09-29,2022-09-30,1,down,flat,0.27304101636985784,0.4464880409768446,0.2804709426532974,0.2804709426532974,-0.16601709832354716,False,False
Alphabet Inc.,2022-09-30,2022-10-03,1,flat,flat,0.2914703216471626,0.40300585534917177,0.30552382300366554,0.30552382300366554,-0.09748203234550623,False,True
Alphabet Inc.,2022-10-03,2022-10-04,1,up,flat,0.22158323501930022,0.41973224519513386,0.35868451978556587,0.35868451978556587,-0.06104772540956799,False,False
Alphabet Inc.,2022-10-04,2022-10-05,1,flat,up,0.16651608353990272,0.3798414790409259,0.45364243741917143,0.45364243741917143,0.07380095837824552,True,False
Alphabet Inc.,2022-10-05,2022-10-06,1,flat,flat,0.32818491729857024,0.4812667674259422,0.19054831527548735,0.32818491729857024,-0.15308185012737197,False,True
Alphabet Inc.,2022-10-06,2022-10-07,1,down,flat,0.21508922395524016,0.5167997834234785,0.268110992621281,0.268110992621281,-0.24868879080219752,False,False
Alphabet Inc.,2022-10-07,2022-10-10,1,down,flat,0.3650482690729189,0.4593219075533806,0.17562982337370026,0.3650482690729189,-0.09427363848046172,False,False
Alphabet Inc.,2022-10-10,2022-10-11,1,flat,flat,0.31678070175448636,0.4523460150909332,0.23087328315458025,0.31678070175448636,-0.13556531333644684,False,True
Alphabet Inc.,2022-10-11,2022-10-12,1,flat,flat,0.28508574276044407,0.39278419158843986,0.3221300656511161,0.3221300656511161,-0.07065412593732373,False,True
Alphabet Inc.,2022-10-12,2022-10-13,1,flat,flat,0.2497155334169399,0.45999353347364913,0.290290933109411,0.290290933109411,-0.16970260036423812,False,True
Alphabet Inc.,2022-10-13,2022-10-14,1,flat,flat,0.30638401536207616,0.3760859021579508,0.3175300824799733,0.3175300824799733,-0.058555819677977516,False,True
Alphabet Inc.,2022-10-14,2022-10-17,1,up,flat,0.22205564477053058,0.4192827364512919,0.3586616187781776,0.3586616187781776,-0.06062111767311429,False,False
Alphabet Inc.,2022-10-17,2022-10-18,1,up,flat,0.23661675922553316,0.40447529274301397,0.35890794803145265,0.35890794803145265,-0.04556734471156132,False,False
Alphabet Inc.,2022-10-18,2022-10-19,1,down,flat,0.23221722138400244,0.4247352069764657,0.34304757163953176,0.34304757163953176,-0.08168763533693396,False,False
Alphabet Inc.,2022-10-19,2022-10-20,1,flat,flat,0.3659451950154357,0.4792431872657588,0.15481161771880536,0.3659451950154357,-0.11329799225032311,False,True
Alphabet Inc.,2022-10-20,2022-10-21,1,down,flat,0.2559912858976688,0.43881379470202797,0.305194919400303,0.305194919400303,-0.13361887530172495,False,False
Alphabet Inc.,2022-10-21,2022-10-24,1,up,flat,0.32922583972109454,0.47966143772630043,0.19111272255260492,0.32922583972109454,-0.1504355980052059,False,False
Alphabet Inc.,2022-10-24,2022-10-25,1,up,flat,0.22265900611667894,0.39517976575235975,0.3821612281309613,0.3821612281309613,-0.01301853762139843,False,False
Alphabet Inc.,2022-10-25,2022-10-26,1,down,up,0.1948450364115922,0.3311672814786022,0.4739876821098059,0.4739876821098059,0.14282040063120371,True,False
Alphabet Inc.,2022-10-26,2022-10-27,1,down,down,0.591701396830907,0.27921618504519924,0.12908241812389387,0.591701396830907,0.3124852117857077,True,True
Alphabet Inc.,2022-10-27,2022-10-28,1,flat,down,0.42503574239271913,0.36588458914804906,0.20907966845923176,0.42503574239271913,0.059151153244670074,True,False
Alphabet Inc.,2022-10-28,2022-10-31,1,flat,flat,0.30000394968606015,0.3836701033998253,0.3163259469141144,0.3163259469141144,-0.0673441564857109,False,True
Alphabet Inc.,2022-10-31,2022-11-01,1,down,flat,0.29306528117709096,0.4305084300259973,0.27642628879691167,0.29306528117709096,-0.13744314884890635,False,False
Alphabet Inc.,2022-11-01,2022-11-02,1,down,flat,0.3549706542295814,0.39617966281502087,0.24884968295539792,0.3549706542295814,-0.041209008585439466,False,False
Alphabet Inc.,2022-11-02,2022-11-03,1,down,down,0.4518106248015752,0.39227438779222634,0.15591498740619858,0.4518106248015752,0.05953623700934885,True,True
Alphabet Inc.,2022-11-03,2022-11-04,1,flat,down,0.4640086845714457,0.3517364080552886,0.18425490737326575,0.4640086845714457,0.11227227651615707,True,False
Alphabet Inc.,2022-11-04,2022-11-07,1,up,flat,0.3320300588675968,0.33426022668077754,0.33370971445162567,0.33370971445162567,-0.0005505122291518671,False,False
Alphabet Inc.,2022-11-07,2022-11-08,1,flat,flat,0.25704043370055896,0.3965897639372799,0.34636980236216103,0.34636980236216103,-0.05021996157511888,False,True
Alphabet Inc.,2022-11-08,2022-11-09,1,flat,flat,0.17659000655309304,0.4842278465652488,0.33918214688165826,0.33918214688165826,-0.14504569968359055,False,True
Alphabet Inc.,2022-11-09,2022-11-10,1,up,flat,0.26064866614803295,0.5816069208052828,0.15774441304668413,0.26064866614803295,-0.3209582546572498,False,False
Alphabet Inc.,2022-11-10,2022-11-11,1,up,flat,0.12074710608950441,0.4699232920498118,0.40932960186068357,0.40932960186068357,-0.060593690189128246,False,False
Alphabet Inc.,2022-11-11,2022-11-14,1,flat,flat,0.14538996402442966,0.6843366362382459,0.1702733997373241,0.1702733997373241,-0.5140632365009218,False,True
Alphabet Inc.,2022-11-14,2022-11-15,1,up,flat,0.1664316997488211,0.7231204083199427,0.11044789193123604,0.1664316997488211,-0.5566887085711216,False,False
Alphabet Inc.,2022-11-15,2022-11-16,1,flat,flat,0.1493670630579722,0.6211934078565693,0.22943952908545834,0.22943952908545834,-0.39175387877111095,False,True
Alphabet Inc.,2022-11-16,2022-11-17,1,flat,flat,0.20392547399120778,0.6891369745105085,0.10693755149828357,0.20392547399120778,-0.48521150051930073,False,True
Alphabet Inc.,2022-11-17,2022-11-18,1,flat,flat,0.24157091498175925,0.6112387283341818,0.14719035668405867,0.24157091498175925,-0.36966781335242255,False,True
Alphabet Inc.,2022-11-18,2022-11-21,1,down,flat,0.2524808678013681,0.5668570165219353,0.1806621156766965,0.2524808678013681,-0.31437614872056724,False,False
Alphabet Inc.,2022-11-21,2022-11-22,1,flat,flat,0.25795580388822703,0.5743246070946335,0.16771958901713932,0.25795580388822703,-0.3163688032064065,False,True
Alphabet Inc.,2022-11-22,2022-11-23,1,up,flat,0.23668425844172392,0.5557232211683054,0.2075925203899706,0.23668425844172392,-0.3190389627265815,False,False
Alphabet Inc.,2022-11-23,2022-11-25,1,flat,flat,0.18561845254977977,0.5409754166098473,0.27340613084037296,0.27340613084037296,-0.2675692857694743,False,True
Alphabet Inc.,2022-11-25,2022-11-28,1,down,flat,0.2435379591902398,0.6026806085221307,0.15378143228762942,0.2435379591902398,-0.3591426493318909,False,False
Alphabet Inc.,2022-11-28,2022-11-29,1,down,flat,0.3158221537125248,0.5087889616467249,0.1753888846407502,0.3158221537125248,-0.19296680793420012,False,False
Alphabet Inc.,2022-11-29,2022-11-30,1,up,flat,0.29035056596904124,0.49784221557334973,0.2118072184576088,0.29035056596904124,-0.2074916496043085,False,False
Alphabet Inc.,2022-11-30,2022-12-01,1,up,flat,0.20988964490613898,0.4171409813300808,0.37296937376378014,0.37296937376378014,-0.044171607566300675,False,False
Alphabet Inc.,2022-12-01,2022-12-02,1,down,flat,0.1670733295892627,0.5245607084342792,0.308365961976458,0.308365961976458,-0.21619474645782116,False,False
Alphabet Inc.,2022-12-02,2022-12-05,1,flat,flat,0.3833452943906103,0.4513405836393553,0.16531412197003426,0.3833452943906103,-0.06799528924874498,False,True
Alphabet Inc.,2022-12-05,2022-12-06,1,down,flat,0.29458383455450254,0.4988654230955689,0.20655074234992843,0.29458383455450254,-0.20428158854106637,False,False
Alphabet Inc.,2022-12-06,2022-12-07,1,down,flat,0.3558511279890499,0.4464867378202544,0.19766213419069573,0.3558511279890499,-0.0906356098312045,False,False
Alphabet Inc.,2022-12-07,2022-12-08,1,down,flat,0.3971480001168117,0.4025448609208657,0.2003071389623226,0.3971480001168117,-0.005396860804054049,False,False
Alphabet Inc.,2022-12-08,2022-12-09,1,down,flat,0.27437208172850985,0.43231522103684694,0.29331269723464326,0.29331269723464326,-0.13900252380220368,False,False
Alphabet Inc.,2022-12-09,2022-12-12,1,flat,flat,0.2692967276424255,0.3739436438891125,0.3567596284684619,0.3567596284684619,-0.017184015420650622,False,True
Alphabet Inc.,2022-12-12,2022-12-13,1,up,flat,0.2787097348073188,0.36417734736625945,0.35711291782642174,0.35711291782642174,-0.007064429539837713,False,False
Alphabet Inc.,2022-12-13,2022-12-14,1,down,up,0.10651554562274562,0.289063464843255,0.6044209895339994,0.6044209895339994,0.31535752469074435,True,False
Alphabet Inc.,2022-12-14,2022-12-15,1,down,flat,0.34098879313151814,0.4840042749062839,0.17500693196219777,0.34098879313151814,-0.14301548177476575,False,False
Alphabet Inc.,2022-12-15,2022-12-16,1,down,flat,0.40725098657279746,0.44153691975830167,0.15121209366890095,0.40725098657279746,-0.034285933185504214,False,False
Alphabet Inc.,2022-12-16,2022-12-19,1,down,down,0.39987747583645095,0.3594346619749064,0.24068786218864274,0.39987747583645095,0.040442813861544524,True,True
Alphabet Inc.,2022-12-19,2022-12-20,1,down,flat,0.29020931532635336,0.3896090046372253,0.32018168003642133,0.32018168003642133,-0.06942732460080397,False,False
Alphabet Inc.,2022-12-20,2022-12-21,1,flat,flat,0.2703369306154598,0.3961232501103763,0.3335398192741639,0.3335398192741639,-0.06258343083621243,False,True
Alphabet Inc.,2022-12-21,2022-12-22,1,down,flat,0.2253580448314115,0.42642474044739875,0.3482172147211896,0.3482172147211896,-0.07820752572620915,False,False
Alphabet Inc.,2022-12-22,2022-12-23,1,flat,flat,0.31106591052740196,0.457043366536933,0.23189072293566496,0.31106591052740196,-0.14597745600953105,False,True
Alphabet Inc.,2022-12-23,2022-12-27,1,flat,flat,0.19921221257466265,0.4960705244074882,0.3047172630178489,0.3047172630178489,-0.19135326138963932,False,True
Alphabet Inc.,2022-12-27,2022-12-28,1,down,flat,0.26460879925047687,0.5023144566638338,0.23307674408568912,0.26460879925047687,-0.23770565741335692,False,False
Alphabet Inc.,2022-12-28,2022-12-29,1,flat,flat,0.29058289986954033,0.4888813404785899,0.22053575965186972,0.29058289986954033,-0.19829844060904955,False,True
Alphabet Inc.,2022-12-29,2022-12-30,1,flat,flat,0.22009676433134262,0.4461439908947417,0.3337592447739156,0.3337592447739156,-0.1123847461208261,False,True
Alphabet Inc.,2022-12-30,2023-01-03,1,up,flat,0.2932714776382104,0.4755383363325003,0.2311901860292892,0.2932714776382104,-0.18226685869428993,False,False
Alphabet Inc.,2023-01-03,2023-01-04,1,flat,up,0.18945021248082752,0.4039037224064228,0.40664606511274964,0.40664606511274964,0.002742342706326839,True,False
Alphabet Inc.,2023-01-04,2023-01-05,1,down,flat,0.29396133229096333,0.4650693738804147,0.24096929382862184,0.29396133229096333,-0.17110804158945137,False,False
Alphabet Inc.,2023-01-05,2023-01-06,1,flat,flat,0.36746237482827454,0.48168516159620967,0.15085246357551568,0.36746237482827454,-0.11422278676793512,False,True
Alphabet Inc.,2023-01-06,2023-01-09,1,up,flat,0.30741264722159733,0.41829738361577573,0.27428996916262705,0.30741264722159733,-0.1108847363941784,False,False
Alphabet Inc.,2023-01-09,2023-01-10,1,down,flat,0.20201956552468397,0.43994302488867487,0.358037409586641,0.358037409586641,-0.08190561530203389,False,False
Alphabet Inc.,2023-01-10,2023-01-11,1,up,flat,0.3281196842812011,0.4760180425824546,0.19586227313634416,0.3281196842812011,-0.14789835830125353,False,False
Alphabet Inc.,2023-01-11,2023-01-12,1,flat,up,0.12739357525336298,0.36495661971435556,0.5076498050322815,0.5076498050322815,0.14269318531792596,True,False
Alphabet Inc.,2023-01-12,2023-01-13,1,flat,flat,0.2609468093736159,0.4835516107721073,0.2555015798542767,0.2609468093736159,-0.22260480139849137,False,True
Alphabet Inc.,2023-01-13,2023-01-17,1,flat,flat,0.2785679853775529,0.511903554438927,0.20952846018351984,0.2785679853775529,-0.2333355690613741,False,True
Alphabet Inc.,2023-01-17,2023-01-18,1,flat,flat,0.2737501762277398,0.47180148953243517,0.25444833423982494,0.2737501762277398,-0.1980513133046954,False,True
Alphabet Inc.,2023-01-18,2023-01-19,1,flat,flat,0.3183586658285023,0.448294847225603,0.2333464869458946,0.3183586658285023,-0.12993618139710067,False,True
Alphabet Inc.,2023-01-19,2023-01-20,1,up,flat,0.2652386696009366,0.3845629655622733,0.3501983648367902,0.3501983648367902,-0.03436460072548314,False,False
Alphabet Inc.,2023-01-20,2023-01-23,1,up,up,0.10462043929863124,0.3172814764975276,0.5780980842038412,0.5780980842038412,0.26081660770631365,True,True
Alphabet Inc.,2023-01-23,2023-01-24,1,flat,flat,0.17448122667605026,0.572343795777472,0.2531749775464776,0.2531749775464776,-0.31916881823099436,False,True
Alphabet Inc.,2023-01-24,2023-01-25,1,down,flat,0.2819597041691884,0.5906978505477501,0.12734244528306132,0.2819597041691884,-0.30873814637856173,False,False
Alphabet Inc.,2023-01-25,2023-01-26,1,up,flat,0.41622586238484577,0.45950486402914625,0.12426927358600795,0.41622586238484577,-0.043279001644300485,False,False
Alphabet Inc.,2023-01-26,2023-01-27,1,up,flat,0.31383528450628795,0.48021202738309143,0.2059526881106205,0.31383528450628795,-0.16637674287680349,False,False
Alphabet Inc.,2023-01-27,2023-01-30,1,down,flat,0.24053904335848048,0.4018678589930904,0.35759309764842917,0.35759309764842917,-0.04427476134466124,False,False
Alphabet Inc.,2023-01-30,2023-01-31,1,flat,flat,0.3463160256866278,0.4559545358301538,0.19772943848321833,0.3463160256866278,-0.10963851014352599,False,True
Alphabet Inc.,2023-01-31,2023-02-01,1,up,flat,0.26104659435859434,0.46025053348840606,0.2787028721529997,0.2787028721529997,-0.18154766133540634,False,False
Alphabet Inc.,2023-02-01,2023-02-02,1,up,flat,0.23183956423816096,0.48324141951922434,0.2849190162426146,0.2849190162426146,-0.19832240327660972,False,False
Alphabet Inc.,2023-02-02,2023-02-03,1,down,up,0.09407925918365408,0.4338715235903866,0.4720492172259593,0.4720492172259593,0.03817769363557266,True,False
Alphabet Inc.,2023-02-03,2023-02-06,1,down,flat,0.323479609877024,0.5623385081730903,0.11418188194988556,0.323479609877024,-0.23885889829606627,False,False
Alphabet Inc.,2023-02-06,2023-02-07,1,up,flat,0.2793611982930545,0.5898007274245841,0.13083807428236113,0.2793611982930545,-0.3104395291315296,False,False
Alphabet Inc.,2023-02-07,2023-02-08,1,down,flat,0.2526528571277945,0.4849072980305983,0.2624398448416071,0.2624398448416071,-0.2224674531889912,False,False
Alphabet Inc.,2023-02-08,2023-02-09,1,down,down,0.5269812242509774,0.35158593472946537,0.1214328410195572,0.5269812242509774,0.175395289521512,True,True
Alphabet Inc.,2023-02-09,2023-02-10,1,down,down,0.5053231240094231,0.3105598164673967,0.18411705952318005,0.5053231240094231,0.19476330754202642,True,True
Alphabet Inc.,2023-02-10,2023-02-13,1,flat,flat,0.3392023858378115,0.44166539874069854,0.2191322154214899,0.3392023858378115,-0.10246301290288706,False,True
Alphabet Inc.,2023-02-13,2023-02-14,1,flat,flat,0.3263048343350626,0.44363271874337895,0.23006244692155842,0.3263048343350626,-0.11732788440831637,False,True
Alphabet Inc.,2023-02-14,2023-02-15,1,flat,flat,0.2797881463784248,0.442722173144566,0.2774896804770093,0.2797881463784248,-0.16293402676614122,False,True
Alphabet Inc.,2023-02-15,2023-02-16,1,flat,flat,0.2151237248977837,0.496674853427194,0.28820142167502233,0.28820142167502233,-0.20847343175217165,False,True
Alphabet Inc.,2023-02-16,2023-02-17,1,down,flat,0.28457744178456945,0.536648856919048,0.1787737012963826,0.28457744178456945,-0.2520714151344785,False,False
Alphabet Inc.,2023-02-17,2023-02-21,1,down,flat,0.30035566659749036,0.538716984686875,0.16092734871563444,0.30035566659749036,-0.23836131808938466,False,False
Alphabet Inc.,2023-02-21,2023-02-22,1,flat,flat,0.3331686628658363,0.4702358072739253,0.19659552986023826,0.3331686628658363,-0.13706714440808898,False,True
Alphabet Inc.,2023-02-22,2023-02-23,1,flat,flat,0.25600320662677134,0.4927487423721906,0.2512480510010381,0.25600320662677134,-0.23674553574541923,False,True
Alphabet Inc.,2023-02-23,2023-02-24,1,down,flat,0.25170463125971454,0.4567713123762943,0.29152405636399115,0.29152405636399115,-0.16524725601230317,False,False
Alphabet Inc.,2023-02-24,2023-02-27,1,flat,flat,0.29811397601028905,0.4663051655576914,0.23558085843201954,0.29811397601028905,-0.16819118954740236,False,True
Alphabet Inc.,2023-02-27,2023-02-28,1,flat,flat,0.22655794471094698,0.5219620394848188,0.2514800158042341,0.2514800158042341,-0.27048202368058466,False,True
Alphabet Inc.,2023-02-28,2023-03-01,1,flat,flat,0.2739499115650029,0.47538729115433925,0.2506627972806577,0.2739499115650029,-0.20143737958933633,False,True
Alphabet Inc.,2023-03-01,2023-03-02,1,flat,flat,0.23262551360137473,0.5313382301280163,0.23603625627060876,0.23603625627060876,-0.29530197385740753,False,True
Alphabet Inc.,2023-03-02,2023-03-03,1,up,flat,0.20529645819096895,0.5284459906300628,0.26625755117896804,0.26625755117896804,-0.26218843945109477,False,False
Alphabet Inc.,2023-03-03,2023-03-06,1,up,flat,0.1553195658187143,0.4526393550682577,0.3920410791130278,0.3920410791130278,-0.060598275955229874,False,False
Alphabet Inc.,2023-03-06,2023-03-07,1,flat,flat,0.1867133380813307,0.4912483193030792,0.32203834261558995,0.32203834261558995,-0.16920997668748927,False,True
Alphabet Inc.,2023-03-07,2023-03-08,1,flat,flat,0.26231367353569573,0.5513219307062364,0.18636439575806774,0.26231367353569573,-0.28900825717054063,False,True
Alphabet Inc.,2023-03-08,2023-03-09,1,down,flat,0.24596220506757147,0.5412223591707649,0.21281543576166362,0.24596220506757147,-0.2952601541031934,False,False
Alphabet Inc.,2023-03-09,2023-03-10,1,down,flat,0.2998577988965915,0.4710154012312112,0.2291267998721972,0.2998577988965915,-0.17115760233461974,False,False
Alphabet Inc.,2023-03-10,2023-03-13,1,flat,flat,0.3905582382866762,0.3996834531380714,0.20975830857525224,0.3905582382866762,-0.009125214851395225,False,True
Alphabet Inc.,2023-03-13,2023-03-14,1,up,flat,0.24937122036354853,0.3990358615868448,0.35159291804960663,0.35159291804960663,-0.04744294353723816,False,False
Alphabet Inc.,2023-03-14,2023-03-15,1,up,up,0.14388141925338943,0.37126391522436397,0.4848546655222465,0.4848546655222465,0.11359075029788251,True,True
Alphabet Inc.,2023-03-15,2023-03-16,1,up,up,0.19751438455076342,0.30183726870807503,0.5006483467411615,0.5006483467411615,0.1988110780330865,True,True
Alphabet Inc.,2023-03-16,2023-03-17,1,up,up,0.11941417702539531,0.30998066298223237,0.5706051599923723,0.5706051599923723,0.2606244970101399,True,True
Alphabet Inc.,2023-03-17,2023-03-20,1,flat,up,0.20281486954178418,0.3981932451128447,0.39899188534537106,0.39899188534537106,0.0007986402325263486,True,False
Alphabet Inc.,2023-03-20,2023-03-21,1,up,flat,0.2444785353952879,0.6453501995774449,0.11017126502726712,0.2444785353952879,-0.400871664182157,False,False
Alphabet Inc.,2023-03-21,2023-03-22,1,up,flat,0.1791439043358134,0.512579389259645,0.3082767064045416,0.3082767064045416,-0.2043026828551034,False,False
Alphabet Inc.,2023-03-22,2023-03-23,1,flat,flat,0.24394909810738247,0.5718834600916503,0.18416744180096717,0.24394909810738247,-0.3279343619842678,False,True
Alphabet Inc.,2023-03-23,2023-03-24,1,flat,flat,0.22943006988693776,0.5750052124887093,0.19556471762435268,0.22943006988693776,-0.3455751426017715,False,True
Alphabet Inc.,2023-03-24,2023-03-27,1,down,flat,0.2646499991358829,0.5914514713112835,0.14389852955283344,0.2646499991358829,-0.3268014721754006,False,False
Alphabet Inc.,2023-03-27,2023-03-28,1,down,flat,0.37383969772906145,0.46372338888501613,0.16243691338592225,0.37383969772906145,-0.08988369115595468,False,False
Alphabet Inc.,2023-03-28,2023-03-29,1,flat,down,0.3794655158287249,0.3760362393191008,0.24449824485217428,0.3794655158287249,0.003429276509624102,True,False
Alphabet Inc.,2023-03-29,2023-03-30,1,down,flat,0.29191283199693285,0.410924191590607,0.29716297641246014,0.29716297641246014,-0.11376121517814686,False,False
Alphabet Inc.,2023-03-30,2023-03-31,1,up,flat,0.317841551584533,0.3804093515157766,0.3017490968996905,0.317841551584533,-0.06256779993124362,False,False
Alphabet Inc.,2023-03-31,2023-04-03,1,flat,flat,0.19614970779653917,0.4302055491866985,0.37364474301676237,0.37364474301676237,-0.05656080616993614,False,True
Alphabet Inc.,2023-04-03,2023-04-04,1,up,flat,0.2753628137612,0.4824224980063341,0.2422146882324659,0.2753628137612,-0.2070596842451341,False,False
Alphabet Inc.,2023-04-04,2023-04-05,1,flat,flat,0.26786607684235536,0.4183834200993136,0.3137505030583311,0.3137505030583311,-0.10463291704098254,False,True
Alphabet Inc.,2023-04-05,2023-04-06,1,up,flat,0.29009858535754063,0.4732900773441353,0.23661133729832395,0.29009858535754063,-0.18319149198659468,False,False
Alphabet Inc.,2023-04-06,2023-04-10,1,flat,flat,0.2041604657756026,0.4173175732724974,0.3785219609518998,0.3785219609518998,-0.03879561232059758,False,True
Alphabet Inc.,2023-04-10,2023-04-11,1,flat,flat,0.24945818564489453,0.6144769522667552,0.13606486208835006,0.24945818564489453,-0.3650187666218607,False,True
Alphabet Inc.,2023-04-11,2023-04-12,1,flat,flat,0.31963229349456934,0.5052459839703434,0.1751217225350871,0.31963229349456934,-0.18561369047577403,False,True
Alphabet Inc.,2023-04-12,2023-04-13,1,up,flat,0.3312821304039247,0.38623725885702476,0.28248061073905045,0.3312821304039247,-0.05495512845310008,False,False
Alphabet Inc.,2023-04-13,2023-04-14,1,up,flat,0.2644386719498563,0.41987912624393076,0.31568220180621276,0.31568220180621276,-0.104196924437718,False,False
Alphabet Inc.,2023-04-14,2023-04-17,1,down,flat,0.2630691396151734,0.4347174878498581,0.3022133725349684,0.3022133725349684,-0.1325041153148897,False,False
Alphabet Inc.,2023-04-17,2023-04-18,1,flat,flat,0.394411174914528,0.4237394264038112,0.18184939868166067,0.394411174914528,-0.029328251489283197,False,True
Alphabet Inc.,2023-04-18,2023-04-19,1,down,flat,0.275331754481017,0.38686099337972,0.337807252139263,0.337807252139263,-0.04905374124045703,False,False
Alphabet Inc.,2023-04-19,2023-04-20,1,flat,down,0.33893986753041105,0.33050522253732284,0.3305549099322662,0.33893986753041105,0.008434644993088214,True,False
Alphabet Inc.,2023-04-20,2023-04-21,1,flat,up,0.2452449004136355,0.373042940970156,0.38171215861620844,0.38171215861620844,0.00866921764605244,True,False
Alphabet Inc.,2023-04-21,2023-04-24,1,flat,flat,0.2173607997787395,0.42407740137032146,0.358561798850939,0.358561798850939,-0.06551560251938249,False,True
Alphabet Inc.,2023-04-24,2023-04-25,1,flat,flat,0.27145248686876344,0.3806801373794657,0.3478673757517708,0.3478673757517708,-0.03281276162769492,False,True
Alphabet Inc.,2023-04-25,2023-04-26,1,flat,flat,0.29112449773667654,0.4415860632198323,0.267289439043491,0.29112449773667654,-0.15046156548315576,False,True
Alphabet Inc.,2023-04-26,2023-04-27,1,up,flat,0.33392522191275686,0.3883641341825613,0.2777106439046817,0.33392522191275686,-0.05443891226980446,False,False
Alphabet Inc.,2023-04-27,2023-04-28,1,flat,up,0.3109177855992486,0.29947064284750224,0.3896115715532491,0.3896115715532491,0.09014092870574686,True,False
Alphabet Inc.,2023-04-28,2023-05-01,1,flat,flat,0.2739321009926447,0.42913626147238365,0.29693163753497154,0.29693163753497154,-0.1322046239374121,False,True
Alphabet Inc.,2023-05-01,2023-05-02,1,down,flat,0.31254031520298325,0.416742191382334,0.27071749341468276,0.31254031520298325,-0.10420187617935073,False,False
Alphabet Inc.,2023-05-02,2023-05-03,1,flat,flat,0.35545924294731746,0.40481930739700306,0.23972144965567935,0.35545924294731746,-0.0493600644496856,False,True
Alphabet Inc.,2023-05-03,2023-05-04,1,down,flat,0.2898039260537029,0.3699602274785805,0.34023584646771654,0.34023584646771654,-0.029724381010863943,False,False
Alphabet Inc.,2023-05-04,2023-05-05,1,flat,flat,0.33755272247948215,0.35640826600347475,0.30603901151704305,0.33755272247948215,-0.0188555435239926,False,True
Alphabet Inc.,2023-05-05,2023-05-08,1,up,up,0.23073738326422535,0.3789953845835062,0.39026723215226844,0.39026723215226844,0.011271847568762261,True,True
Alphabet Inc.,2023-05-08,2023-05-09,1,up,flat,0.26636080696536024,0.3936690808411302,0.3399701121935094,0.3399701121935094,-0.053698968647620804,False,False
Alphabet Inc.,2023-05-09,2023-05-10,1,up,up,0.20265892854741063,0.3425636014015909,0.4547774700509985,0.4547774700509985,0.11221386864940758,True,True
Alphabet Inc.,2023-05-10,2023-05-11,1,up,up,0.2150546764603421,0.31591578396030384,0.469029539579354,0.469029539579354,0.15311375561905016,True,True
Alphabet Inc.,2023-05-11,2023-05-12,1,flat,up,0.12651678446408215,0.4347725112803609,0.4387107042555569,0.4387107042555569,0.003938192975196042,True,False
Alphabet Inc.,2023-05-12,2023-05-15,1,flat,flat,0.215698729864212,0.650557359209694,0.13374391092609395,0.215698729864212,-0.43485862934548203,False,True
Alphabet Inc.,2023-05-15,2023-05-16,1,up,flat,0.23109855674777463,0.6419593637463008,0.1269420795059245,0.23109855674777463,-0.4108608069985262,False,False
Alphabet Inc.,2023-05-16,2023-05-17,1,up,flat,0.2148630646574295,0.5385202941247013,0.24661664121786914,0.24661664121786914,-0.2919036529068321,False,False
Alphabet Inc.,2023-05-17,2023-05-18,1,up,flat,0.19296307854217826,0.6328501503339619,0.17418677112385952,0.19296307854217826,-0.4398870717917836,False,False
Alphabet Inc.,2023-05-18,2023-05-19,1,up,flat,0.20326219931746436,0.5763984893483651,0.2203393113341701,0.2203393113341701,-0.35605917801419507,False,False
Alphabet Inc.,2023-05-19,2023-05-22,1,flat,flat,0.20575967030729309,0.5573068358596189,0.2369334938330877,0.2369334938330877,-0.3203733420265312,False,True
Alphabet Inc.,2023-05-22,2023-05-23,1,flat,flat,0.23106158173425598,0.5994673260900071,0.1694710921757367,0.23106158173425598,-0.36840574435575113,False,True
Alphabet Inc.,2023-05-23,2023-05-24,1,down,flat,0.31650359773705816,0.5581077344743665,0.12538866778857527,0.31650359773705816,-0.2416041367373083,False,False
Alphabet Inc.,2023-05-24,2023-05-25,1,up,flat,0.40796411510552477,0.41701612380913466,0.1750197610853405,0.40796411510552477,-0.009052008703609893,False,False
Alphabet Inc.,2023-05-25,2023-05-26,1,flat,flat,0.2174293771188105,0.43307324755821774,0.34949737532297165,0.34949737532297165,-0.0835758722352461,False,True
Alphabet Inc.,2023-05-26,2023-05-30,1,flat,flat,0.3514797712352594,0.4769907708243474,0.17152945794039318,0.3514797712352594,-0.12551099958908796,False,True
Alphabet Inc.,2023-05-30,2023-05-31,1,down,flat,0.32180196822279994,0.4853056875092394,0.19289234426796054,0.32180196822279994,-0.16350371928643948,False,False
Alphabet Inc.,2023-05-31,2023-06-01,1,flat,flat,0.353120563328495,0.46965662065915914,0.17722281601234574,0.353120563328495,-0.11653605733066413,False,True
Alphabet Inc.,2023-06-01,2023-06-02,1,flat,flat,0.2751813910225487,0.4653872374865703,0.2594313714908811,0.2751813910225487,-0.1902058464640216,False,True
Alphabet Inc.,2023-06-02,2023-06-05,1,flat,flat,0.2682775275402618,0.46579143959257574,0.26593103286716246,0.2682775275402618,-0.19751391205231394,False,True
Alphabet Inc.,2023-06-05,2023-06-06,1,up,flat,0.27365183355584266,0.46459984123295317,0.2617483252112039,0.27365183355584266,-0.1909480076771105,False,False
Alphabet Inc.,2023-06-06,2023-06-07,1,down,flat,0.2766638746329449,0.46481309343437127,0.25852303193268383,0.2766638746329449,-0.18814921880142638,False,False
Alphabet Inc.,2023-06-07,2023-06-08,1,down,flat,0.33187530740984467,0.4938395728449717,0.17428511974518351,0.33187530740984467,-0.16196426543512704,False,False
Alphabet Inc.,2023-06-08,2023-06-09,1,flat,down,0.42126831871751885,0.35134992456109254,0.2273817567213885,0.42126831871751885,0.06991839415642631,True,False
Alphabet Inc.,2023-06-09,2023-06-12,1,flat,up,0.26209004631370925,0.3402191319636833,0.3976908217226074,0.3976908217226074,0.05747168975892408,True,False
Alphabet Inc.,2023-06-12,2023-06-13,1,up,up,0.24260215254096923,0.3204861513138931,0.43691169614513764,0.43691169614513764,0.11642554483124457,True,True
Alphabet Inc.,2023-06-13,2023-06-14,1,down,up,0.22805151638959403,0.35563000653221344,0.4163184770781925,0.4163184770781925,0.060688470545979034,True,False
Alphabet Inc.,2023-06-14,2023-06-15,1,flat,flat,0.3160638429999446,0.41855313007601863,0.2653830269240366,0.3160638429999446,-0.10248928707607402,False,True
Alphabet Inc.,2023-06-15,2023-06-16,1,flat,up,0.23592454574882604,0.3740454524843446,0.3900300017668294,0.3900300017668294,0.015984549282484772,True,False
Alphabet Inc.,2023-06-16,2023-06-20,1,down,up,0.3082153907211145,0.3324865276357126,0.3592980816431727,0.3592980816431727,0.026811554007460048,True,False
Alphabet Inc.,2023-06-20,2023-06-21,1,down,down,0.3736962888870923,0.36554357323940473,0.26076013787350283,0.3736962888870923,0.008152715647687547,True,True
Alphabet Inc.,2023-06-21,2023-06-22,1,flat,down,0.34302778867661426,0.3341189873842748,0.3228532239391109,0.34302778867661426,0.008908801292339452,True,False
Alphabet Inc.,2023-06-22,2023-06-23,1,flat,up,0.2814761780790892,0.31885274636788197,0.39967107555302883,0.39967107555302883,0.08081832918514686,True,False
Alphabet Inc.,2023-06-23,2023-06-26,1,down,up,0.2537860961615196,0.3002920205636974,0.4459218832747829,0.4459218832747829,0.14562986271108547,True,False
Alphabet Inc.,2023-06-26,2023-06-27,1,down,flat,0.331002789169098,0.3448509541506998,0.3241462566802022,0.331002789169098,-0.013848164981601796,False,False
Alphabet Inc.,2023-06-27,2023-06-28,1,flat,down,0.3599909063410287,0.34667040329666143,0.29333869036230975,0.3599909063410287,0.013320503044367271,True,False
Alphabet Inc.,2023-06-28,2023-06-29,1,flat,up,0.22722561704171662,0.341245036390208,0.4315293465680755,0.4315293465680755,0.09028431017786753,True,False
Alphabet Inc.,2023-06-29,2023-06-30,1,up,up,0.21840160784665816,0.3493645761684241,0.4322338159849177,0.4322338159849177,0.08286923981649363,True,True
Alphabet Inc.,2023-06-30,2023-07-03,1,down,up,0.2040322816719394,0.36343585219670294,0.4325318661313577,0.4325318661313577,0.06909601393465475,True,False
Alphabet Inc.,2023-07-03,2023-07-05,1,up,flat,0.3144905686699614,0.4176222224009086,0.26788720892913,0.3144905686699614,-0.10313165373094724,False,False
Alphabet Inc.,2023-07-05,2023-07-06,1,down,flat,0.21020841601937573,0.41573694994879173,0.3740546340318325,0.3740546340318325,-0.041682315916959256,False,False
Alphabet Inc.,2023-07-06,2023-07-07,1,flat,flat,0.3059666675871343,0.38508960804893294,0.3089437243639327,0.3089437243639327,-0.07614588368500025,False,True
Alphabet Inc.,2023-07-07,2023-07-10,1,down,flat,0.2761020697790516,0.4041914010047023,0.3197065292162459,0.3197065292162459,-0.08448487178845637,False,False
Alphabet Inc.,2023-07-10,2023-07-11,1,flat,down,0.43337043662213504,0.35297400967718345,0.21365555370068148,0.43337043662213504,0.08039642694495158,True,False
Alphabet Inc.,2023-07-11,2023-07-12,1,up,up,0.2996387012037568,0.34756114826728746,0.35280015052895564,0.35280015052895564,0.00523900226166818,True,True
Alphabet Inc.,2023-07-12,2023-07-13,1,up,up,0.16859130934208966,0.32652190700533146,0.5048867836525788,0.5048867836525788,0.17836487664724732,True,True
Alphabet Inc.,2023-07-13,2023-07-14,1,up,up,0.12186737895220559,0.33038090521532804,0.5477517158324664,0.5477517158324664,0.21737081061713837,True,True
Alphabet Inc.,2023-07-14,2023-07-17,1,flat,flat,0.1812385419738441,0.5374413015053274,0.28132015652082837,0.28132015652082837,-0.25612114498449906,False,True
Alphabet Inc.,2023-07-17,2023-07-18,1,down,flat,0.2436290116492555,0.5553744797069999,0.20099650864374435,0.2436290116492555,-0.31174546805774445,False,False
Alphabet Inc.,2023-07-18,2023-07-19,1,flat,flat,0.325123807599364,0.49195301839444344,0.18292317400619248,0.325123807599364,-0.16682921079507945,False,True
Alphabet Inc.,2023-07-19,2023-07-20,1,down,flat,0.3152842102657403,0.41739728968450684,0.2673185000497528,0.3152842102657403,-0.10211307941876657,False,False
Alphabet Inc.,2023-07-20,2023-07-21,1,flat,down,0.4102541230849289,0.37041583213864215,0.21933004477642878,0.4102541230849289,0.03983829094628677,True,False
Alphabet Inc.,2023-07-21,2023-07-24,1,up,down,0.35567191730925035,0.314668649165117,0.32965943352563276,0.35567191730925035,0.041003268144133354,True,False
Alphabet Inc.,2023-07-24,2023-07-25,1,flat,up,0.20329670647494164,0.37618791408745866,0.42051537943759965,0.42051537943759965,0.04432746535014098,True,False
Alphabet Inc.,2023-07-25,2023-07-26,1,up,flat,0.2587808834469994,0.3712936048695775,0.3699255116834231,0.3699255116834231,-0.0013680931861544399,False,False
Alphabet Inc.,2023-07-26,2023-07-27,1,flat,up,0.09228616993358563,0.3508753090401494,0.556838521026265,0.556838521026265,0.20596321198611556,True,False
Alphabet Inc.,2023-07-27,2023-07-28,1,flat,flat,0.2670030053116036,0.5501091582765063,0.18288783641189016,0.2670030053116036,-0.2831061529649027,False,True
Alphabet Inc.,2023-07-28,2023-07-31,1,flat,flat,0.23963544969902834,0.6026811926125435,0.1576833576884279,0.23963544969902834,-0.36304574291351516,False,True
Alphabet Inc.,2023-07-31,2023-08-01,1,down,flat,0.22320104153969972,0.6340129715330605,0.14278598692723973,0.22320104153969972,-0.41081192999336075,False,False
Alphabet Inc.,2023-08-01,2023-08-02,1,down,flat,0.35462951641266105,0.5004349899944358,0.1449354935929028,0.35462951641266105,-0.14580547358177476,False,False
Alphabet Inc.,2023-08-02,2023-08-03,1,flat,down,0.40450120855224253,0.3815176003113776,0.21398119113637976,0.40450120855224253,0.022983608240864928,True,False
Alphabet Inc.,2023-08-03,2023-08-04,1,flat,flat,0.30153546172224344,0.3905016967699495,0.3079628415078072,0.3079628415078072,-0.08253885526214233,False,True
Alphabet Inc.,2023-08-04,2023-08-07,1,flat,up,0.2768880131913503,0.353508360998397,0.36960362581025263,0.36960362581025263,0.016095264811855636,True,False
Alphabet Inc.,2023-08-07,2023-08-08,1,flat,flat,0.23109500106860908,0.3845209818511547,0.3843840170802362,0.3843840170802362,-0.0001369647709185129,False,True
Alphabet Inc.,2023-08-08,2023-08-09,1,flat,flat,0.2761433110115562,0.39721257271218413,0.32664411627625983,0.32664411627625983,-0.0705684564359243,False,True
Alphabet Inc.,2023-08-09,2023-08-10,1,flat,flat,0.3349546457858645,0.4133734702083514,0.251671884005784,0.3349546457858645,-0.07841882442248693,False,True
Alphabet Inc.,2023-08-10,2023-08-11,1,down,flat,0.35537050344686855,0.37144837917045415,0.27318111738267725,0.35537050344686855,-0.0160778757235856,False,False
Alphabet Inc.,2023-08-11,2023-08-14,1,flat,flat,0.3530995595923667,0.3788278666377022,0.2680725737699312,0.3530995595923667,-0.025728307045335463,False,True
Alphabet Inc.,2023-08-14,2023-08-15,1,flat,up,0.2067800715158001,0.36161224186211605,0.431607686622084,0.431607686622084,0.06999544475996794,True,False
Alphabet Inc.,2023-08-15,2023-08-16,1,down,up,0.2892361478262041,0.3537487493747359,0.35701510279905996,0.35701510279905996,0.0032663534243240755,True,False
Alphabet Inc.,2023-08-16,2023-08-17,1,up,flat,0.31472065798805227,0.3797960760703498,0.3054832659415979,0.31472065798805227,-0.06507541808229755,False,False
Alphabet Inc.,2023-08-17,2023-08-18,1,down,up,0.19725684662071782,0.3137025706110037,0.48904058276827866,0.48904058276827866,0.17533801215727496,True,False
Alphabet Inc.,2023-08-18,2023-08-21,1,flat,down,0.375329499416605,0.3661188814837525,0.25855161909964236,0.375329499416605,0.009210617932852494,True,False
Alphabet Inc.,2023-08-21,2023-08-22,1,up,up,0.2727326956214329,0.29484339691279426,0.4324239074657728,0.4324239074657728,0.13758051055297854,True,True
Alphabet Inc.,2023-08-22,2023-08-23,1,up,up,0.179210122578364,0.2647353483974233,0.5560545290242127,0.5560545290242127,0.2913191806267894,True,True
Alphabet Inc.,2023-08-23,2023-08-24,1,flat,up,0.21631624298331253,0.2719749769843217,0.5117087800323659,0.5117087800323659,0.23973380304804415,True,False
Alphabet Inc.,2023-08-24,2023-08-25,1,down,up,0.2958515956228869,0.3477669287013869,0.35638147567572626,0.35638147567572626,0.008614546974339332,True,False
Alphabet Inc.,2023-08-25,2023-08-28,1,up,flat,0.3890011679829969,0.4073915189605326,0.20360731305647026,0.3890011679829969,-0.01839035097753572,False,False
Alphabet Inc.,2023-08-28,2023-08-29,1,up,up,0.2496131421617997,0.29913336559574666,0.4512534922424537,0.4512534922424537,0.15212012664670704,True,True
Alphabet Inc.,2023-08-29,2023-08-30,1,up,up,0.2085365519922118,0.3527102927756125,0.43875315523217556,0.43875315523217556,0.08604286245656306,True,True
Alphabet Inc.,2023-08-30,2023-08-31,1,up,up,0.2940027428033332,0.3256397513694081,0.3803575058272587,0.3803575058272587,0.0547177544578506,True,True
Alphabet Inc.,2023-08-31,2023-09-01,1,flat,up,0.26112026424411783,0.3669283380020962,0.37195139775378605,0.37195139775378605,0.005023059751689873,True,False
Alphabet Inc.,2023-09-01,2023-09-05,1,down,flat,0.306570760124077,0.48708681381059094,0.20634242606533204,0.306570760124077,-0.1805160536865139,False,False
Alphabet Inc.,2023-09-05,2023-09-06,1,flat,flat,0.3892773892011112,0.40356159390321694,0.20716101689567173,0.3892773892011112,-0.01428420470210573,False,True
Alphabet Inc.,2023-09-06,2023-09-07,1,flat,down,0.34861728562206673,0.3213709160000561,0.3300117983778772,0.34861728562206673,0.027246369622010658,True,False
Alphabet Inc.,2023-09-07,2023-09-08,1,up,down,0.3730628407158322,0.33107285437675543,0.29586430490741233,0.3730628407158322,0.041989986339076746,True,False
Alphabet Inc.,2023-09-08,2023-09-11,1,flat,up,0.23290356586742825,0.28698723037979673,0.480109203752775,0.480109203752775,0.19312197337297826,True,False
Alphabet Inc.,2023-09-11,2023-09-12,1,flat,up,0.2542303023311995,0.2853712496946957,0.4603984479741049,0.4603984479741049,0.1750271982794092,True,False
Alphabet Inc.,2023-09-12,2023-09-13,1,flat,down,0.386540053842947,0.36745417197625296,0.2460057741808,0.386540053842947,0.01908588186669402,True,False
Alphabet Inc.,2023-09-13,2023-09-14,1,up,up,0.3478556572044667,0.29942889035067777,0.3527154524448555,0.3527154524448555,0.05328656209417776,True,True
Alphabet Inc.,2023-09-14,2023-09-15,1,flat,up,0.24305166712986537,0.29597821173456174,0.46097012113557295,0.46097012113557295,0.16499190940101122,True,False
Alphabet Inc.,2023-09-15,2023-09-18,1,flat,down,0.3922884925542102,0.30321090580118604,0.3045006016446036,0.3922884925542102,0.08907758675302418,True,False
Alphabet Inc.,2023-09-18,2023-09-19,1,flat,flat,0.29287924165097345,0.3647645207560347,0.3423562375929917,0.3423562375929917,-0.022408283163042997,False,True
Alphabet Inc.,2023-09-19,2023-09-20,1,down,up,0.34515440217210946,0.28892440373086853,0.36592119409702206,0.36592119409702206,0.07699679036615353,True,False
Alphabet Inc.,2023-09-20,2023-09-21,1,down,down,0.3674806954925912,0.3643231801750049,0.26819612433240364,0.3674806954925912,0.0031575153175862902,True,True
Alphabet Inc.,2023-09-21,2023-09-22,1,flat,down,0.4385621487007081,0.30198265421918835,0.2594551970801035,0.4385621487007081,0.13657949448151974,True,False
Alphabet Inc.,2023-09-22,2023-09-25,1,flat,up,0.2876720101183402,0.2426547871913672,0.4696732026902925,0.4696732026902925,0.2270184154989253,True,False
Alphabet Inc.,2023-09-25,2023-09-26,1,down,up,0.27649548502150845,0.2547280813106576,0.46877643366783395,0.46877643366783395,0.21404835235717634,True,False
Alphabet Inc.,2023-09-26,2023-09-27,1,flat,up,0.2995605285938919,0.30995797440545764,0.3904814970006505,0.3904814970006505,0.08052352259519285,True,False
Alphabet Inc.,2023-09-27,2023-09-28,1,up,up,0.1745112871920523,0.2491346362972659,0.5763540765106818,0.5763540765106818,0.3272194402134159,True,True
Alphabet Inc.,2023-09-28,2023-09-29,1,flat,up,0.20967678630983377,0.2700081377695733,0.520315075920593,0.520315075920593,0.25030693815101973,True,False
Alphabet Inc.,2023-09-29,2023-10-02,1,flat,up,0.23742195531344581,0.31305234803596566,0.4495256966505886,0.4495256966505886,0.13647334861462296,True,False
Alphabet Inc.,2023-10-02,2023-10-03,1,flat,up,0.2832579945728295,0.3125106937651245,0.40423131166204596,0.40423131166204596,0.09172061789692143,True,False
Alphabet Inc.,2023-10-03,2023-10-04,1,flat,up,0.31044262159894587,0.32797018771408937,0.3615871906869648,0.3615871906869648,0.033617002972875454,True,False
Alphabet Inc.,2023-10-04,2023-10-05,1,flat,up,0.26344654290021974,0.3487601037475349,0.3877933533522453,0.3877933533522453,0.039033249604710385,True,False
Alphabet Inc.,2023-10-05,2023-10-06,1,up,up,0.26827746978983613,0.31202810273076825,0.41969442747939567,0.41969442747939567,0.10766632474862742,True,True
Alphabet Inc.,2023-10-06,2023-10-09,1,up,up,0.26014837141789426,0.3343421091974887,0.4055095193846171,0.4055095193846171,0.07116741018712841,True,True
Alphabet Inc.,2023-10-09,2023-10-10,1,flat,flat,0.2573406145374764,0.3904082417351147,0.35225114372740873,0.35225114372740873,-0.03815709800770595,False,True
Alphabet Inc.,2023-10-10,2023-10-11,1,up,flat,0.2564289744244015,0.4153193225127845,0.328251703062814,0.328251703062814,-0.08706761944997049,False,False
Alphabet Inc.,2023-10-11,2023-10-12,1,flat,flat,0.27172099684086065,0.4167086404335498,0.31157036272558936,0.31157036272558936,-0.10513827770796047,False,True
Alphabet Inc.,2023-10-12,2023-10-13,1,down,flat,0.3177953098778874,0.44739833244785715,0.23480635767425537,0.3177953098778874,-0.12960302256996975,False,False
Alphabet Inc.,2023-10-13,2023-10-16,1,flat,flat,0.3966476679390197,0.3989415426238869,0.20441078943709318,0.3966476679390197,-0.0022938746848672475,False,True
Alphabet Inc.,2023-10-16,2023-10-17,1,flat,up,0.2867059236503514,0.3011252132711237,0.41216886307852496,0.41216886307852496,0.11104364980740128,True,False
Alphabet Inc.,2023-10-17,2023-10-18,1,flat,up,0.3204590181261501,0.2957093312293122,0.3838316506445378,0.3838316506445378,0.08812231941522558,True,False
Alphabet Inc.,2023-10-18,2023-10-19,1,flat,down,0.3637868657071943,0.3152666828779764,0.3209464514148293,0.3637868657071943,0.04852018282921794,True,False
Alphabet Inc.,2023-10-19,2023-10-20,1,down,down,0.3683567134776099,0.36443498475714353,0.26720830176524657,0.3683567134776099,0.0039217287204663664,True,True
Alphabet Inc.,2023-10-20,2023-10-23,1,flat,down,0.4166693964902315,0.34617839679990425,0.2371522067098641,0.4166693964902315,0.07049099969032724,True,False
Alphabet Inc.,2023-10-23,2023-10-24,1,up,down,0.38286190596295044,0.30404054771897104,0.3130975463180785,0.38286190596295044,0.0788213582439794,True,False
Alphabet Inc.,2023-10-24,2023-10-25,1,down,up,0.24064901722128373,0.2289885609544676,0.5303624218242488,0.5303624218242488,0.30137386086978113,True,False
Alphabet Inc.,2023-10-25,2023-10-26,1,down,down,0.6240502305292612,0.2205396996986959,0.1554100697720429,0.6240502305292612,0.4035105308305653,True,True
Alphabet Inc.,2023-10-26,2023-10-27,1,flat,down,0.41211376775940756,0.31401652160842686,0.2738697106321656,0.41211376775940756,0.0980972461509807,True,False
Alphabet Inc.,2023-10-27,2023-10-30,1,up,up,0.27557915595625615,0.28308339389492226,0.4413374501488215,0.4413374501488215,0.1582540562538992,True,True
Alphabet Inc.,2023-10-30,2023-10-31,1,flat,up,0.23373246179515794,0.2743029842510034,0.4919645539538386,0.4919645539538386,0.21766156970283518,True,False
Alphabet Inc.,2023-10-31,2023-11-01,1,flat,up,0.22338523708286878,0.359065538828956,0.41754922408817524,0.41754922408817524,0.058483685259219265,True,False
Alphabet Inc.,2023-11-01,2023-11-02,1,up,flat,0.19049960370933272,0.4343518001732779,0.37514859611738927,0.37514859611738927,-0.059203204055888636,False,False
Alphabet Inc.,2023-11-02,2023-11-03,1,flat,flat,0.19628973179091275,0.5357317255009109,0.2679785427081763,0.2679785427081763,-0.2677531827927346,False,True
Alphabet Inc.,2023-11-03,2023-11-06,1,flat,flat,0.223771479991143,0.560021961624475,0.2162065583843818,0.223771479991143,-0.33625048163333204,False,True
Alphabet Inc.,2023-11-06,2023-11-07,1,flat,flat,0.20871639064999173,0.5861758313602439,0.20510777798976415,0.20871639064999173,-0.37745944071025217,False,True
Alphabet Inc.,2023-11-07,2023-11-08,1,flat,flat,0.1760681753530386,0.5849345223462175,0.23899730230074384,0.23899730230074384,-0.3459372200454736,False,True
Alphabet Inc.,2023-11-08,2023-11-09,1,flat,flat,0.20446205401303208,0.6086753040458512,0.18686264194111651,0.20446205401303208,-0.40421325003281916,False,True
Alphabet Inc.,2023-11-09,2023-11-10,1,flat,flat,0.2607461412041249,0.523827556678829,0.2154263021170461,0.2607461412041249,-0.26308141547470404,False,True
Alphabet Inc.,2023-11-10,2023-11-13,1,flat,flat,0.2738447127794778,0.47907292329950146,0.24708236392102068,0.2738447127794778,-0.20522821052002366,False,True
Alphabet Inc.,2023-11-13,2023-11-14,1,up,flat,0.22466622909817496,0.49254163676960816,0.2827921341322167,0.2827921341322167,-0.20974950263739145,False,False
Alphabet Inc.,2023-11-14,2023-11-15,1,flat,flat,0.18928218883305342,0.4334178803277928,0.3772999308391537,0.3772999308391537,-0.05611794948863913,False,True
Alphabet Inc.,2023-11-15,2023-11-16,1,up,flat,0.26437870583477907,0.47709081591034197,0.25853047825487885,0.26437870583477907,-0.2127121100755629,False,False
Alphabet Inc.,2023-11-16,2023-11-17,1,flat,flat,0.20588224421668022,0.5199240319595027,0.2741937238238171,0.2741937238238171,-0.24573030813568553,False,True
Alphabet Inc.,2023-11-17,2023-11-20,1,flat,flat,0.29801490885334536,0.504747681015085,0.1972374101315695,0.29801490885334536,-0.2067327721617397,False,True
Alphabet Inc.,2023-11-20,2023-11-21,1,up,flat,0.33885776641582543,0.4441191994021544,0.21702303418202004,0.33885776641582543,-0.10526143298632895,False,False
Alphabet Inc.,2023-11-21,2023-11-22,1,up,flat,0.24050460019460534,0.39450334665486164,0.36499205315053296,0.36499205315053296,-0.029511293504328684,False,False
Alphabet Inc.,2023-11-22,2023-11-24,1,down,up,0.2747764427225866,0.30000772417171984,0.4252158331056936,0.4252158331056936,0.12520810893397377,True,False
Alphabet Inc.,2023-11-24,2023-11-27,1,flat,flat,0.35712701208673847,0.42488513803463246,0.21798784987862913,0.35712701208673847,-0.06775812594789399,False,True
Alphabet Inc.,2023-11-27,2023-11-28,1,flat,flat,0.32507472231873547,0.3937923050325325,0.28113297264873205,0.32507472231873547,-0.06871758271379702,False,True
Alphabet Inc.,2023-11-28,2023-11-29,1,flat,up,0.3379437793245822,0.29160021854209167,0.3704560021333261,0.3704560021333261,0.07885578359123441,True,False
Alphabet Inc.,2023-11-29,2023-11-30,1,down,up,0.3470740760155113,0.29191910589739584,0.3610068180870928,0.3610068180870928,0.06908771218969695,True,False
Alphabet Inc.,2023-11-30,2023-12-01,1,down,down,0.4280744776096457,0.3196514537112488,0.2522740686791054,0.4280744776096457,0.10842302389839686,True,True
Alphabet Inc.,2023-12-01,2023-12-04,1,down,down,0.35995363231597954,0.33270264839115377,0.30734371929286675,0.35995363231597954,0.027250983924825778,True,True
Alphabet Inc.,2023-12-04,2023-12-05,1,flat,down,0.36428002065688414,0.32941079920906347,0.3063091801340525,0.36428002065688414,0.034869221447820675,True,False
Alphabet Inc.,2023-12-05,2023-12-06,1,flat,up,0.20445626643914297,0.24630346968621508,0.549240263874642,0.549240263874642,0.3029367941884269,True,False
Alphabet Inc.,2023-12-06,2023-12-07,1,up,up,0.20049617269570477,0.25329317643388016,0.546210650870415,0.546210650870415,0.2929174744365348,True,True
Alphabet Inc.,2023-12-07,2023-12-08,1,down,up,0.13466918203997347,0.26444722342067845,0.6008835945393483,0.6008835945393483,0.3364363711186698,True,False
Alphabet Inc.,2023-12-08,2023-12-11,1,down,flat,0.3689590557145904,0.4382503514848911,0.19279059280051836,0.3689590557145904,-0.06929129577030069,False,False
Alphabet Inc.,2023-12-11,2023-12-12,1,flat,flat,0.3635952691970261,0.431983890008481,0.2044208407944928,0.3635952691970261,-0.06838862081145486,False,True
Alphabet Inc.,2023-12-12,2023-12-13,1,flat,flat,0.31812533069092447,0.40629121343743796,0.27558345587163746,0.31812533069092447,-0.08816588274651349,False,True
Alphabet Inc.,2023-12-13,2023-12-14,1,flat,up,0.27086181006113913,0.3100280827991089,0.41911010713975194,0.41911010713975194,0.10908202434064307,True,False
Alphabet Inc.,2023-12-14,2023-12-15,1,flat,up,0.2926940601137711,0.34877122439487995,0.35853471549134897,0.35853471549134897,0.009763491096469012,True,False
Alphabet Inc.,2023-12-15,2023-12-18,1,up,up,0.31583771951105494,0.2797545777222967,0.4044077027666483,0.4044077027666483,0.12465312504435155,True,True
Alphabet Inc.,2023-12-18,2023-12-19,1,up,up,0.2377901699560488,0.3718510262609044,0.3903588037830468,0.3903588037830468,0.018507777522142443,True,True
Alphabet Inc.,2023-12-19,2023-12-20,1,up,up,0.2533935268789506,0.3624637965423324,0.38414267657871703,0.38414267657871703,0.02167888003638463,True,True
Alphabet Inc.,2023-12-20,2023-12-21,1,flat,up,0.211259953974614,0.36594441506415354,0.4227956309612325,0.4227956309612325,0.05685121589707898,True,False
Alphabet Inc.,2023-12-21,2023-12-22,1,flat,flat,0.25073512662859226,0.5254354460820843,0.22382942728932334,0.25073512662859226,-0.274700319453492,False,True
Alphabet Inc.,2023-12-22,2023-12-26,1,flat,flat,0.22674474785432613,0.5002745054085543,0.2729807467371195,0.2729807467371195,-0.22729375867143486,False,True
Alphabet Inc.,2023-12-26,2023-12-27,1,flat,flat,0.2562805371993523,0.5121396278180365,0.23157983498261106,0.2562805371993523,-0.25585909061868417,False,True
Alphabet Inc.,2023-12-27,2023-12-28,1,flat,flat,0.3218871258379654,0.4676298185867586,0.2104830555752759,0.3218871258379654,-0.1457426927487932,False,True
Alphabet Inc.,2023-12-28,2023-12-29,1,down,flat,0.3337209627793562,0.37979355836175277,0.2864854788588911,0.3337209627793562,-0.04607259558239657,False,False
Alphabet Inc.,2023-12-29,2024-01-02,1,down,flat,0.31128778706184923,0.3775242360632319,0.31118797687491884,0.31128778706184923,-0.06623644900138265,False,False
Alphabet Inc.,2024-01-02,2024-01-03,1,flat,down,0.3518076941013655,0.32931749158093826,0.31887481431769626,0.3518076941013655,0.022490202520427216,True,False
Alphabet Inc.,2024-01-03,2024-01-04,1,flat,up,0.2543086557820899,0.2622639984424431,0.4834273457754671,0.4834273457754671,0.221163347333024,True,False
Alphabet Inc.,2024-01-04,2024-01-05,1,down,up,0.3258068356419015,0.2794244826147237,0.39476868174337487,0.39476868174337487,0.11534419912865118,True,False
Alphabet Inc.,2024-01-05,2024-01-08,1,up,up,0.3129194325208683,0.3187358272405487,0.3683447402385829,0.3683447402385829,0.04960891299803416,True,True
Alphabet Inc.,2024-01-08,2024-01-09,1,up,up,0.2159409666599877,0.2500305228862439,0.5340285104537684,0.5340285104537684,0.28399798756752453,True,True
Alphabet Inc.,2024-01-09,2024-01-10,1,up,up,0.2377332772676683,0.24330853890940624,0.5189581838229256,0.5189581838229256,0.27564964491351934,True,True
Alphabet Inc.,2024-01-10,2024-01-11,1,up,up,0.2589885197193005,0.26865125902059483,0.47236022126010485,0.47236022126010485,0.20370896223951002,True,True
Alphabet Inc.,2024-01-11,2024-01-12,1,flat,up,0.25367394304819835,0.36728709129031584,0.37903896566148576,0.37903896566148576,0.011751874371169924,True,False
Alphabet Inc.,2024-01-12,2024-01-16,1,flat,flat,0.31333828195293995,0.46327476017895086,0.223386957868109,0.31333828195293995,-0.14993647822601092,False,True
Alphabet Inc.,2024-01-16,2024-01-17,1,down,flat,0.33928295065430514,0.3799414812444195,0.28077556810127535,0.33928295065430514,-0.04065853059011437,False,False
Alphabet Inc.,2024-01-17,2024-01-18,1,up,down,0.3720785880857497,0.35016039145502953,0.2777610204592207,0.3720785880857497,0.021918196630720144,True,False
Alphabet Inc.,2024-01-18,2024-01-19,1,up,up,0.24415156973654012,0.23706524384471783,0.5187831864187421,0.5187831864187421,0.28171794257402427,True,True
Alphabet Inc.,2024-01-19,2024-01-22,1,up,up,0.239022386589191,0.2680586202706647,0.49291899314014426,0.49291899314014426,0.22486037286947957,True,True
Alphabet Inc.,2024-01-22,2024-01-23,1,flat,up,0.33121540918525616,0.31114126642692214,0.3576433243878217,0.3576433243878217,0.04650205796089957,True,False
Alphabet Inc.,2024-01-23,2024-01-24,1,up,flat,0.35788715042493335,0.4082942006128283,0.23381864896223836,0.35788715042493335,-0.05040705018789493,False,False
Alphabet Inc.,2024-01-24,2024-01-25,1,up,up,0.26194805263001286,0.3561287669164596,0.38192318045352747,0.38192318045352747,0.02579441353706785,True,True
Alphabet Inc.,2024-01-25,2024-01-26,1,flat,flat,0.31450093696097425,0.3646370328166888,0.3208620302223369,0.3208620302223369,-0.04377500259435191,False,True
Alphabet Inc.,2024-01-26,2024-01-29,1,flat,flat,0.34344287118669625,0.4077360315394334,0.24882109727387036,0.34344287118669625,-0.06429316035273713,False,True
Alphabet Inc.,2024-01-29,2024-01-30,1,flat,flat,0.320146687543321,0.3943000799072709,0.2855532325494081,0.320146687543321,-0.07415339236394991,False,True
Alphabet Inc.,2024-01-30,2024-01-31,1,down,down,0.4078642075010826,0.4015343665094784,0.19060142598943883,0.4078642075010826,0.006329840991604219,True,True
Alphabet Inc.,2024-01-31,2024-02-01,1,flat,down,0.6009662336963999,0.26554346878267954,0.13349029752092043,0.6009662336963999,0.33542276491372036,True,False
Alphabet Inc.,2024-02-01,2024-02-02,1,down,up,0.30139525383031973,0.2869508200512894,0.4116539261183909,0.4116539261183909,0.1247031060671015,True,False
Alphabet Inc.,2024-02-02,2024-02-05,1,up,down,0.37474888561546327,0.2868160183881109,0.3384350959964258,0.37474888561546327,0.08793286722735238,True,False
Alphabet Inc.,2024-02-05,2024-02-06,1,flat,up,0.21556394997395878,0.28417890868328266,0.5002571413427586,0.5002571413427586,0.2160782326594759,True,False
Alphabet Inc.,2024-02-06,2024-02-07,1,flat,up,0.22433427659692357,0.32072370735309996,0.4549420160499764,0.4549420160499764,0.13421830869687645,True,False
Alphabet Inc.,2024-02-07,2024-02-08,1,flat,up,0.2775867394515983,0.34363271532879985,0.37878054521960186,0.37878054521960186,0.03514782989080201,True,False
Alphabet Inc.,2024-02-08,2024-02-09,1,up,up,0.28650548408216897,0.33984927832047207,0.37364523759735885,0.37364523759735885,0.03379595927688678,True,True
Alphabet Inc.,2024-02-09,2024-02-12,1,flat,flat,0.2236927349834896,0.43322889183524865,0.34307837318126166,0.34307837318126166,-0.09015051865398699,False,True
Alphabet Inc.,2024-02-12,2024-02-13,1,down,flat,0.3269988652496224,0.3895450923477372,0.2834560424026405,0.3269988652496224,-0.0625462270981148,False,False
Alphabet Inc.,2024-02-13,2024-02-14,1,flat,flat,0.3304601934162541,0.4090911240200297,0.2604486825637161,0.3304601934162541,-0.07863093060377557,False,True
Alphabet Inc.,2024-02-14,2024-02-15,1,down,up,0.22086074224742447,0.32741969313028796,0.4517195646222876,0.4517195646222876,0.12429987149199961,True,False
Alphabet Inc.,2024-02-15,2024-02-16,1,flat,down,0.3973943060377203,0.3558507583835332,0.24675493557874636,0.3973943060377203,0.04154354765418711,True,False
Alphabet Inc.,2024-02-16,2024-02-20,1,down,up,0.29015822363161875,0.342444344130228,0.36739743223815324,0.36739743223815324,0.024953088107925236,True,False
Alphabet Inc.,2024-02-20,2024-02-21,1,flat,up,0.28375400996061395,0.3384899423985031,0.3777560476408829,0.3777560476408829,0.03926610524237978,True,False
Alphabet Inc.,2024-02-21,2024-02-22,1,up,up,0.1932027393348293,0.28807518945376187,0.5187220712114089,0.5187220712114089,0.23064688175764703,True,True
Alphabet Inc.,2024-02-22,2024-02-23,1,flat,up,0.17626334107733854,0.3125369606850285,0.511199698237633,0.511199698237633,0.1986627375526045,True,False
Alphabet Inc.,2024-02-23,2024-02-26,1,down,flat,0.29935585105269846,0.3956972582128646,0.3049468907344369,0.3049468907344369,-0.09075036747842768,False,False
Alphabet Inc.,2024-02-26,2024-02-27,1,down,down,0.4428518529797171,0.352731043309757,0.20441710371052574,0.4428518529797171,0.09012080966996006,True,True
Alphabet Inc.,2024-02-27,2024-02-28,1,down,up,0.3291041131469282,0.32189506418184755,0.34900082267122423,0.34900082267122423,0.027105758489376686,True,False
Alphabet Inc.,2024-02-28,2024-02-29,1,flat,down,0.3378648552272425,0.32983334427353717,0.3323018004992202,0.3378648552272425,0.008031510953705356,True,False
Alphabet Inc.,2024-02-29,2024-03-01,1,flat,up,0.22335785648322398,0.2433121259247784,0.5333300175919977,0.5333300175919977,0.2900178916672193,True,False
Alphabet Inc.,2024-03-01,2024-03-04,1,down,up,0.24189647592220817,0.30508133907898327,0.45302218499880853,0.45302218499880853,0.14794084591982526,True,False
Alphabet Inc.,2024-03-04,2024-03-05,1,down,down,0.4433174477487195,0.3154620619781152,0.24122049027316506,0.4433174477487195,0.1278553857706043,True,True
Alphabet Inc.,2024-03-05,2024-03-06,1,flat,flat,0.3267675151569913,0.3437389903460016,0.32949349449700704,0.32949349449700704,-0.014245495848994538,False,True
Alphabet Inc.,2024-03-06,2024-03-07,1,flat,up,0.22851800973117395,0.2611455854444503,0.5103364048243757,0.5103364048243757,0.24919081937992538,True,False
Alphabet Inc.,2024-03-07,2024-03-08,1,up,up,0.20506193659744648,0.26695181371356647,0.5279862496889871,0.5279862496889871,0.26103443597542064,True,True
Alphabet Inc.,2024-03-08,2024-03-11,1,up,up,0.19247999567181936,0.3144054125181197,0.49311459181006106,0.49311459181006106,0.17870917929194136,True,True
Alphabet Inc.,2024-03-11,2024-03-12,1,flat,up,0.22277216915490838,0.35030801669978406,0.42691981414530755,0.42691981414530755,0.07661179744552349,True,False
Alphabet Inc.,2024-03-12,2024-03-13,1,up,flat,0.25498566642849485,0.45761492387272573,0.2873994096987793,0.2873994096987793,-0.17021551417394643,False,False
Alphabet Inc.,2024-03-13,2024-03-14,1,up,flat,0.22552474612991175,0.45349522227680916,0.3209800315932789,0.3209800315932789,-0.13251519068353024,False,False
Alphabet Inc.,2024-03-14,2024-03-15,1,flat,up,0.21969940765372192,0.3737337586548091,0.40656683369146884,0.40656683369146884,0.03283307503665972,True,False
Alphabet Inc.,2024-03-15,2024-03-18,1,up,flat,0.34548979834797533,0.44503294195459486,0.20947725969742959,0.34548979834797533,-0.09954314360661953,False,False
Alphabet Inc.,2024-03-18,2024-03-19,1,down,up,0.16684477557315808,0.3613249061180591,0.4718303183087828,0.4718303183087828,0.11050541219072368,True,False
Alphabet Inc.,2024-03-19,2024-03-20,1,flat,flat,0.28706556586826837,0.5641716355106303,0.14876279862110092,0.28706556586826837,-0.27710606964236195,False,True
Alphabet Inc.,2024-03-20,2024-03-21,1,flat,flat,0.2411698120755481,0.525097901758675,0.23373228616577685,0.2411698120755481,-0.2839280896831269,False,True
Alphabet Inc.,2024-03-21,2024-03-22,1,up,flat,0.25078196835913125,0.4823241329485526,0.26689389869231606,0.26689389869231606,-0.21543023425623653,False,False
Alphabet Inc.,2024-03-22,2024-03-25,1,flat,flat,0.2401751129772563,0.49717432539502326,0.2626505616277204,0.2626505616277204,-0.23452376376730288,False,True
Alphabet Inc.,2024-03-25,2024-03-26,1,flat,flat,0.3446074402361239,0.43849400067566136,0.21689855908821476,0.3446074402361239,-0.09388656043953747,False,True
Alphabet Inc.,2024-03-26,2024-03-27,1,flat,flat,0.22091990559953256,0.40540857189043084,0.37367152251003677,0.37367152251003677,-0.03173704938039407,False,True
Alphabet Inc.,2024-03-27,2024-03-28,1,flat,flat,0.38943185169281874,0.39158117661462255,0.21898697169255868,0.38943185169281874,-0.002149324921803808,False,True
Alphabet Inc.,2024-03-28,2024-04-01,1,up,flat,0.2926441143269695,0.4153268667094273,0.2920290189636031,0.2926441143269695,-0.1226827523824578,False,False
Alphabet Inc.,2024-04-01,2024-04-02,1,flat,flat,0.2536041827533124,0.3879707827120757,0.35842503453461194,0.35842503453461194,-0.02954574817746375,False,True
Alphabet Inc.,2024-04-02,2024-04-03,1,flat,flat,0.2990408766533588,0.40046186609481776,0.30049725725182347,0.30049725725182347,-0.0999646088429943,False,True
Alphabet Inc.,2024-04-03,2024-04-04,1,down,flat,0.3174998466324408,0.39678566638884033,0.28571448697871893,0.3174998466324408,-0.07928581975639953,False,False
Alphabet Inc.,2024-04-04,2024-04-05,1,flat,flat,0.38752091232992014,0.4314521894628865,0.18102689820719325,0.38752091232992014,-0.04393127713296635,False,True
Alphabet Inc.,2024-04-05,2024-04-08,1,up,down,0.3823600493574024,0.36272249873442003,0.2549174519081776,0.3823600493574024,0.01963755062298239,True,False
Alphabet Inc.,2024-04-08,2024-04-09,1,up,up,0.21566094663393276,0.3000978245351233,0.4842412288309439,0.4842412288309439,0.1841434042958206,True,True
Alphabet Inc.,2024-04-09,2024-04-10,1,flat,up,0.2270567441061925,0.3448813937385211,0.42806186215528635,0.42806186215528635,0.08318046841676524,True,False
Alphabet Inc.,2024-04-10,2024-04-11,1,up,flat,0.3490871052301717,0.4111302879746834,0.23978260679514474,0.3490871052301717,-0.06204318274451165,False,False
Alphabet Inc.,2024-04-11,2024-04-12,1,flat,flat,0.2424545687405273,0.4314148398948977,0.326130591364575,0.326130591364575,-0.1052842485303227,False,True
Alphabet Inc.,2024-04-12,2024-04-15,1,down,flat,0.3213357584118903,0.43983181098120905,0.23883243060690063,0.3213357584118903,-0.11849605256931872,False,False
Alphabet Inc.,2024-04-15,2024-04-16,1,down,flat,0.3759544570622312,0.4259486584318004,0.19809688450596824,0.3759544570622312,-0.049994201369569224,False,False
Alphabet Inc.,2024-04-16,2024-04-17,1,flat,down,0.4255306822301587,0.3058798565163062,0.26858946125353506,0.4255306822301587,0.1196508257138525,True,False
Alphabet Inc.,2024-04-17,2024-04-18,1,flat,up,0.2525291213543178,0.24151888785541842,0.505951990790264,0.505951990790264,0.26443310293484557,True,False
Alphabet Inc.,2024-04-18,2024-04-19,1,flat,up,0.3012449911951472,0.2555795937271631,0.44317541507768976,0.44317541507768976,0.18759582135052666,True,False
Alphabet Inc.,2024-04-19,2024-04-22,1,flat,flat,0.31850836207187216,0.3617405072816448,0.319751130646483,0.319751130646483,-0.041989376635161835,False,True
Alphabet Inc.,2024-04-22,2024-04-23,1,up,up,0.24375119848878174,0.2679725316447462,0.48827626986647216,0.48827626986647216,0.22030373822172594,True,True
Alphabet Inc.,2024-04-23,2024-04-24,1,flat,up,0.25958958349079986,0.2637792503546181,0.4766311661545822,0.4766311661545822,0.2128519157999641,True,False
Alphabet Inc.,2024-04-24,2024-04-25,1,down,up,0.28511045073214347,0.3038469520627836,0.41104259720507297,0.41104259720507297,0.10719564514228935,True,False
Alphabet Inc.,2024-04-25,2024-04-26,1,up,down,0.46247430221077773,0.349802974803963,0.18772272298525905,0.46247430221077773,0.11267132740681474,True,False
Alphabet Inc.,2024-04-26,2024-04-29,1,down,up,0.1101797309049975,0.3317319621017238,0.5580883069932785,0.5580883069932785,0.2263563448915547,True,False
Alphabet Inc.,2024-04-29,2024-04-30,1,down,flat,0.38528718160292963,0.5255293207717279,0.08918349762534236,0.38528718160292963,-0.14024213916879824,False,False
Alphabet Inc.,2024-04-30,2024-05-01,1,flat,flat,0.30505166955139235,0.5747901146724773,0.12015821577613012,0.30505166955139235,-0.26973844512108497,False,True
Alphabet Inc.,2024-05-01,2024-05-02,1,flat,flat,0.3163178169089804,0.5010385512803905,0.18264363181062893,0.3163178169089804,-0.18472073437141012,False,True
Alphabet Inc.,2024-05-02,2024-05-03,1,flat,flat,0.27349048766027106,0.5113953514942005,0.2151141608455283,0.27349048766027106,-0.2379048638339294,False,True
Alphabet Inc.,2024-05-03,2024-05-06,1,flat,flat,0.2573144526742283,0.4339988188025877,0.3086867285231841,0.3086867285231841,-0.12531209027940365,False,True
Alphabet Inc.,2024-05-06,2024-05-07,1,up,flat,0.18790554092548206,0.5029387202758162,0.3091557387987018,0.3091557387987018,-0.19378298147711442,False,False
Alphabet Inc.,2024-05-07,2024-05-08,1,flat,flat,0.2265524845834122,0.5329321473290448,0.240515368087543,0.240515368087543,-0.2924167792415018,False,True
Alphabet Inc.,2024-05-08,2024-05-09,1,flat,flat,0.26100140358950114,0.5741359832576709,0.16486261315282785,0.26100140358950114,-0.31313457966816977,False,True
Alphabet Inc.,2024-05-09,2024-05-10,1,flat,flat,0.27622018151788874,0.5329444215928381,0.19083539688927323,0.27622018151788874,-0.2567242400749493,False,True
Alphabet Inc.,2024-05-10,2024-05-13,1,flat,flat,0.33540258525754085,0.48232558673956105,0.18227182800289782,0.33540258525754085,-0.1469230014820202,False,True
Alphabet Inc.,2024-05-13,2024-05-14,1,up,flat,0.3300865930794351,0.4630068349709978,0.20690657194956685,0.3300865930794351,-0.1329202418915627,False,False
Alphabet Inc.,2024-05-14,2024-05-15,1,flat,flat,0.20437774492840421,0.4453681653910616,0.3502540896805342,0.3502540896805342,-0.09511407571052743,False,True
Alphabet Inc.,2024-05-15,2024-05-16,1,up,flat,0.22070164155666513,0.4726997662470819,0.30659859219625296,0.30659859219625296,-0.16610117405082891,False,False
Alphabet Inc.,2024-05-16,2024-05-17,1,flat,flat,0.20595397460541687,0.4857382702001303,0.3083077551944528,0.3083077551944528,-0.17743051500567747,False,True
Alphabet Inc.,2024-05-17,2024-05-20,1,up,flat,0.19464023179719075,0.5583265036926589,0.24703326451015017,0.24703326451015017,-0.31129323918250873,False,False
Alphabet Inc.,2024-05-20,2024-05-21,1,flat,flat,0.19711769461446738,0.5709053490291651,0.23197695635636734,0.23197695635636734,-0.3389283926727978,False,True
Alphabet Inc.,2024-05-21,2024-05-22,1,flat,flat,0.21707334778245524,0.5713260025813721,0.21160064963617245,0.21707334778245524,-0.3542526547989169,False,True
Alphabet Inc.,2024-05-22,2024-05-23,1,down,flat,0.26862442555205845,0.5048991480785037,0.22647642636943782,0.26862442555205845,-0.2362747225264452,False,False
Alphabet Inc.,2024-05-23,2024-05-24,1,flat,flat,0.282715000064786,0.44832198941791845,0.26896301051729543,0.282715000064786,-0.16560698935313245,False,True
Alphabet Inc.,2024-05-24,2024-05-28,1,flat,down,0.346915017155889,0.31936221349795324,0.3337227693461578,0.346915017155889,0.027552803657935776,True,False
Alphabet Inc.,2024-05-28,2024-05-29,1,flat,up,0.2740968927427163,0.2528747940026884,0.4730283132545954,0.4730283132545954,0.22015351925190696,True,False
Alphabet Inc.,2024-05-29,2024-05-30,1,down,up,0.35754691239978975,0.2337019551046353,0.40875113249557504,0.40875113249557504,0.17504917739093975,True,False
Alphabet Inc.,2024-05-30,2024-05-31,1,down,down,0.42701166259387163,0.2990099240664224,0.27397841333970596,0.42701166259387163,0.12800173852744923,True,True
Alphabet Inc.,2024-05-31,2024-06-03,1,flat,down,0.4253041943459719,0.2816053308782251,0.29309047477580286,0.4253041943459719,0.1436988634677468,True,False
Alphabet Inc.,2024-06-03,2024-06-04,1,flat,up,0.282245015615419,0.20864121557184462,0.5091137688127365,0.5091137688127365,0.3004725532408919,True,False
Alphabet Inc.,2024-06-04,2024-06-05,1,up,up,0.29264484293412896,0.25717083155501985,0.4501843255108512,0.4501843255108512,0.19301349395583134,True,True
Alphabet Inc.,2024-06-05,2024-06-06,1,up,up,0.26619971341085313,0.21717600098137116,0.5166242856077758,0.5166242856077758,0.2994482846264047,True,True
Alphabet Inc.,2024-06-06,2024-06-07,1,flat,up,0.2947109659441035,0.25397522185406346,0.45131381220183314,0.45131381220183314,0.19733859034776968,True,False
Alphabet Inc.,2024-06-07,2024-06-10,1,down,flat,0.3505675036113006,0.3747591077915346,0.2746733885971648,0.3505675036113006,-0.024191604180233972,False,False
Alphabet Inc.,2024-06-10,2024-06-11,1,flat,down,0.3588670425785817,0.33299950659761646,0.30813345082380184,0.3588670425785817,0.02586753598096525,True,False
Alphabet Inc.,2024-06-11,2024-06-12,1,up,up,0.2422038167672641,0.2616190157348384,0.4961771674978974,0.4961771674978974,0.234558151763059,True,True
Alphabet Inc.,2024-06-12,2024-06-13,1,down,up,0.21783360917537797,0.2505332801858624,0.5316331106387597,0.5316331106387597,0.2810998304528973,True,False
Alphabet Inc.,2024-06-13,2024-06-14,1,flat,down,0.3641557293016566,0.3334002823225428,0.30244398837580055,0.3641557293016566,0.03075544697911381,True,False
Alphabet Inc.,2024-06-14,2024-06-15,1,flat,up,0.2829770258974439,0.30105742934753416,0.4159655447550219,0.4159655447550219,0.11490811540748774,True,False
"Amazon.com, Inc.",2021-07-27,2021-07-28,1,flat,down,0.46103712999043656,0.259435159595858,0.27952771041370544,0.46103712999043656,0.20160197039457856,True,False
"Amazon.com, Inc.",2021-07-28,2021-07-29,1,flat,down,0.4056055838485707,0.29866442368972146,0.2957299924617075,0.4056055838485707,0.10694116015884925,True,False
"Amazon.com, Inc.",2021-07-29,2021-07-30,1,down,down,0.47957621602810063,0.25521438109629496,0.26520940287560424,0.47957621602810063,0.22436183493180567,True,True
"Amazon.com, Inc.",2021-07-30,2021-08-02,1,flat,down,0.5882250826065822,0.212607932945089,0.19916698444832875,0.5882250826065822,0.37561714966149323,True,False
"Amazon.com, Inc.",2021-08-02,2021-08-03,1,flat,flat,0.2119352662619882,0.4368021885289417,0.3512625452090702,0.3512625452090702,-0.08553964331987152,False,True
"Amazon.com, Inc.",2021-08-03,2021-08-04,1,flat,up,0.2605691077236341,0.35950530190681385,0.3799255903695522,0.3799255903695522,0.020420288462738356,True,False
"Amazon.com, Inc.",2021-08-04,2021-08-05,1,flat,flat,0.2551624634616988,0.3941624691332027,0.3506750674050987,0.3506750674050987,-0.043487401728104,False,True
"Amazon.com, Inc.",2021-08-05,2021-08-06,1,flat,flat,0.287456561426088,0.38490470340444216,0.32763873516946984,0.32763873516946984,-0.05726596823497232,False,True
"Amazon.com, Inc.",2021-08-06,2021-08-09,1,flat,flat,0.3057248859577971,0.39930251877146017,0.29497259527074304,0.3057248859577971,-0.09357763281366305,False,True
"Amazon.com, Inc.",2021-08-09,2021-08-10,1,flat,flat,0.28032039611321796,0.43948239825419144,0.2801972056325908,0.28032039611321796,-0.15916200214097348,False,True
"Amazon.com, Inc.",2021-08-10,2021-08-11,1,down,flat,0.27102105676715615,0.43628310791860103,0.29269583531424326,0.29269583531424326,-0.14358727260435777,False,False
"Amazon.com, Inc.",2021-08-11,2021-08-12,1,flat,flat,0.32164064702722517,0.4348569093400623,0.24350244363271284,0.32164064702722517,-0.11321626231283716,False,True
"Amazon.com, Inc.",2021-08-12,2021-08-13,1,flat,flat,0.257382004020755,0.47509878872568867,0.2675192072535565,0.2675192072535565,-0.20757958147213218,False,True
"Amazon.com, Inc.",2021-08-13,2021-08-16,1,down,flat,0.24205348095857984,0.48747211122128487,0.27047440782013554,0.27047440782013554,-0.21699770340114932,False,False
"Amazon.com, Inc.",2021-08-16,2021-08-17,1,flat,flat,0.3283357999784467,0.4187858288751294,0.25287837114642414,0.3283357999784467,-0.09045002889668269,False,True
"Amazon.com, Inc.",2021-08-17,2021-08-18,1,down,flat,0.30096205424777855,0.41105933879642353,0.28797860695579813,0.30096205424777855,-0.11009728454864498,False,False
"Amazon.com, Inc.",2021-08-18,2021-08-19,1,down,flat,0.29042770958562203,0.4377805964069137,0.2717916940074644,0.29042770958562203,-0.14735288682129166,False,False
"Amazon.com, Inc.",2021-08-19,2021-08-20,1,flat,flat,0.3114739059444822,0.3797465039233367,0.3087795901321812,0.3114739059444822,-0.06827259797885449,False,True
"Amazon.com, Inc.",2021-08-20,2021-08-23,1,up,flat,0.29087095733398405,0.374025191022911,0.3351038516431052,0.3351038516431052,-0.0389213393798058,False,False
"Amazon.com, Inc.",2021-08-23,2021-08-24,1,up,up,0.24818406202828766,0.3740887913426678,0.3777271466290448,0.3777271466290448,0.0036383552863769597,True,True
"Amazon.com, Inc.",2021-08-24,2021-08-25,1,flat,flat,0.2846672023068828,0.37220178763766876,0.3431310100554489,0.3431310100554489,-0.029070777582219876,False,True
"Amazon.com, Inc.",2021-08-25,2021-08-26,1,flat,flat,0.3764274038902232,0.37788011244820535,0.24569248366157165,0.3764274038902232,-0.0014527085579821297,False,True
"Amazon.com, Inc.",2021-08-26,2021-08-27,1,up,flat,0.3168190752481853,0.3996126748704353,0.28356824988137963,0.3168190752481853,-0.08279359962224997,False,False
"Amazon.com, Inc.",2021-08-27,2021-08-30,1,up,up,0.2855706824931917,0.3380548053911001,0.3763745121157084,0.3763745121157084,0.03831970672460827,True,True
"Amazon.com, Inc.",2021-08-30,2021-08-31,1,up,up,0.1987715157719427,0.24564077601763154,0.5555877082104257,0.5555877082104257,0.3099469321927941,True,True
"Amazon.com, Inc.",2021-08-31,2021-09-01,1,up,up,0.24170509359536335,0.19271980216489193,0.5655751042397446,0.5655751042397446,0.3728553020748526,True,True
"Amazon.com, Inc.",2021-09-01,2021-09-02,1,flat,up,0.3139018422704769,0.2922758952723457,0.39382226245717755,0.39382226245717755,0.10154636718483184,True,False
"Amazon.com, Inc.",2021-09-02,2021-09-03,1,down,down,0.3966137595083974,0.2928877606773864,0.3104984798142162,0.3966137595083974,0.10372599883101097,True,True
"Amazon.com, Inc.",2021-09-03,2021-09-07,1,up,down,0.39118543022665686,0.3258388032370664,0.2829757665362769,0.39118543022665686,0.06534662698959048,True,False
"Amazon.com, Inc.",2021-09-07,2021-09-08,1,flat,down,0.3691867812365691,0.2977764982039111,0.33303672055951966,0.3691867812365691,0.071410283032658,True,False
"Amazon.com, Inc.",2021-09-08,2021-09-09,1,flat,down,0.37854128966944606,0.28352398940836165,0.3379347209221923,0.37854128966944606,0.0950173002610844,True,False
"Amazon.com, Inc.",2021-09-09,2021-09-10,1,down,down,0.39539255743084567,0.30324100827501516,0.3013664342941391,0.39539255743084567,0.09215154915583051,True,True
"Amazon.com, Inc.",2021-09-10,2021-09-13,1,flat,down,0.40238526138769337,0.33741479094518395,0.2601999476671229,0.40238526138769337,0.06497047044250942,True,False
"Amazon.com, Inc.",2021-09-13,2021-09-14,1,flat,down,0.37199510891011855,0.36980432052699097,0.2582005705628906,0.37199510891011855,0.0021907883831275843,True,False
"Amazon.com, Inc.",2021-09-14,2021-09-15,1,flat,flat,0.2719250417745305,0.42216426941218765,0.3059106888132822,0.3059106888132822,-0.11625358059890545,False,True
"Amazon.com, Inc.",2021-09-15,2021-09-16,1,flat,down,0.35314874880714475,0.33226625759052,0.31458499360233544,0.35314874880714475,0.020882491216624777,True,False
"Amazon.com, Inc.",2021-09-16,2021-09-17,1,flat,up,0.2772275519084937,0.3484941177073716,0.3742783303841352,0.3742783303841352,0.025784212676763618,True,False
"Amazon.com, Inc.",2021-09-17,2021-09-20,1,down,down,0.3837568706274407,0.24053847624222904,0.3757046531303303,0.3837568706274407,0.14321839438521164,True,True
"Amazon.com, Inc.",2021-09-20,2021-09-21,1,flat,down,0.5071875627711776,0.31962421723483636,0.17318821999398615,0.5071875627711776,0.18756334553634124,True,False
"Amazon.com, Inc.",2021-09-21,2021-09-22,1,flat,flat,0.26664770095735635,0.46266731130792405,0.2706849877347199,0.2706849877347199,-0.19198232357320416,False,True
"Amazon.com, Inc.",2021-09-22,2021-09-23,1,up,flat,0.23682921735460066,0.47653852492309384,0.2866322577223057,0.2866322577223057,-0.18990626720078813,False,False
"Amazon.com, Inc.",2021-09-23,2021-09-24,1,flat,up,0.23774180298812048,0.3605067252081159,0.4017514718037637,0.4017514718037637,0.04124474659564781,True,False
"Amazon.com, Inc.",2021-09-24,2021-09-27,1,down,flat,0.27551095559543815,0.4000806188956446,0.3244084255089174,0.3244084255089174,-0.0756721933867272,False,False
"Amazon.com, Inc.",2021-09-27,2021-09-28,1,down,down,0.4313427357401204,0.31769066715753014,0.25096659710234953,0.4313427357401204,0.11365206858259025,True,True
"Amazon.com, Inc.",2021-09-28,2021-09-29,1,flat,down,0.4791271695065293,0.3032395402210252,0.2176332902724455,0.4791271695065293,0.1758876292855041,True,False
"Amazon.com, Inc.",2021-09-29,2021-09-30,1,flat,flat,0.2948957008648047,0.4421030668825538,0.26300123225264177,0.2948957008648047,-0.1472073660177491,False,True
"Amazon.com, Inc.",2021-09-30,2021-10-01,1,flat,flat,0.29450063384027,0.42146236783374,0.28403699832599016,0.29450063384027,-0.12696173399347005,False,True
"Amazon.com, Inc.",2021-10-01,2021-10-04,1,down,flat,0.2989981407746506,0.4247485252368164,0.2762533339885332,0.2989981407746506,-0.1257503844621658,False,False
"Amazon.com, Inc.",2021-10-04,2021-10-05,1,flat,down,0.46327980058398743,0.3116293140962136,0.2250908853197991,0.46327980058398743,0.15165048648777385,True,False
"Amazon.com, Inc.",2021-10-05,2021-10-06,1,flat,flat,0.2590486671406883,0.3957077076312457,0.3452436252280662,0.3452436252280662,-0.05046408240317951,False,True
"Amazon.com, Inc.",2021-10-06,2021-10-07,1,up,flat,0.2582242891701216,0.43725689881859175,0.304518812011287,0.304518812011287,-0.13273808680730476,False,False
"Amazon.com, Inc.",2021-10-07,2021-10-08,1,flat,up,0.2177578585995969,0.3812723395224919,0.4009698018779114,0.4009698018779114,0.019697462355419526,True,False
"Amazon.com, Inc.",2021-10-08,2021-10-11,1,down,down,0.38332977878690067,0.34378065825289567,0.2728895629602037,0.38332977878690067,0.039549120534005,True,True
"Amazon.com, Inc.",2021-10-11,2021-10-12,1,flat,down,0.3827101236323683,0.37548628500817943,0.24180359135945273,0.3827101236323683,0.00722383862418885,True,False
"Amazon.com, Inc.",2021-10-12,2021-10-13,1,flat,flat,0.31168733783877456,0.4319883230643908,0.25632433909683505,0.31168733783877456,-0.12030098522561622,False,True
"Amazon.com, Inc.",2021-10-13,2021-10-14,1,up,flat,0.26450652644278216,0.4131521065157342,0.32234136704148386,0.32234136704148386,-0.09081073947425033,False,False
"Amazon.com, Inc.",2021-10-14,2021-10-15,1,up,flat,0.2728564946098666,0.4262815350080711,0.3008619703820625,0.3008619703820625,-0.12541956462600856,False,False
"Amazon.com, Inc.",2021-10-15,2021-10-18,1,up,up,0.22169276396086524,0.223262634036349,0.5550446020027856,0.5550446020027856,0.3317819679664366,True,True
"Amazon.com, Inc.",2021-10-18,2021-10-19,1,flat,up,0.27531654849098713,0.34874375171941796,0.37593969978959507,0.37593969978959507,0.02719594807017711,True,False
"Amazon.com, Inc.",2021-10-19,2021-10-20,1,flat,up,0.32938034444238223,0.331746191408973,0.33887346414864483,0.33887346414864483,0.007127272739671842,True,False
"Amazon.com, Inc.",2021-10-20,2021-10-21,1,flat,flat,0.34059085487588525,0.36720430936063553,0.29220483576347933,0.34059085487588525,-0.026613454484750276,False,True
"Amazon.com, Inc.",2021-10-21,2021-10-22,1,down,flat,0.31211022307179564,0.42514950009297126,0.26274027683523343,0.31211022307179564,-0.11303927702117561,False,False
"Amazon.com, Inc.",2021-10-22,2021-10-25,1,down,down,0.4147762849396808,0.3614370792584108,0.2237866358019086,0.4147762849396808,0.053339205681269986,True,True
"Amazon.com, Inc.",2021-10-25,2021-10-26,1,up,flat,0.32089471257617735,0.4966155645741803,0.18248972284964263,0.32089471257617735,-0.17572085199800297,False,False
"Amazon.com, Inc.",2021-10-26,2021-10-27,1,up,up,0.2218116483430261,0.3768119395871194,0.4013764120698547,0.4013764120698547,0.0245644724827353,True,True
"Amazon.com, Inc.",2021-10-27,2021-10-28,1,up,flat,0.2889115929066856,0.39372501212497846,0.31736339496833615,0.31736339496833615,-0.0763616171566423,False,False
"Amazon.com, Inc.",2021-10-28,2021-10-29,1,down,up,0.2729512567411628,0.19754303776410895,0.5295057054947283,0.5295057054947283,0.33196266773061933,True,False
"Amazon.com, Inc.",2021-10-29,2021-11-01,1,flat,down,0.5475395679272033,0.2850208499039573,0.16743958216883958,0.5475395679272033,0.26251871802324594,True,False
"Amazon.com, Inc.",2021-11-01,2021-11-02,1,down,flat,0.2874472547785407,0.45488480249715146,0.25766794272430815,0.2874472547785407,-0.16743754771861075,False,False
"Amazon.com, Inc.",2021-11-02,2021-11-03,1,up,flat,0.29249071115943714,0.5098975202397403,0.19761176860082258,0.29249071115943714,-0.2174068090803032,False,False
"Amazon.com, Inc.",2021-11-03,2021-11-04,1,up,up,0.24852545756402328,0.3725302648621882,0.3789442775737887,0.3789442775737887,0.00641401271160047,True,True
"Amazon.com, Inc.",2021-11-04,2021-11-05,1,up,up,0.19012470197146739,0.24514664701326294,0.5647286510152696,0.5647286510152696,0.31958200400200665,True,True
"Amazon.com, Inc.",2021-11-05,2021-11-08,1,flat,up,0.29087354672661125,0.33923573642020466,0.36989071685318425,0.36989071685318425,0.030654980432979595,True,False
"Amazon.com, Inc.",2021-11-08,2021-11-09,1,flat,down,0.3814890330719345,0.3709607088193825,0.24755025810868334,0.3814890330719345,0.010528324252552013,True,False
"Amazon.com, Inc.",2021-11-09,2021-11-10,1,flat,up,0.3067862370287405,0.2842291512743479,0.4089846116969117,0.4089846116969117,0.1247554604225638,True,False
"Amazon.com, Inc.",2021-11-10,2021-11-11,1,down,down,0.4582158436960059,0.312134528364991,0.22964962793900284,0.4582158436960059,0.14608131533101487,True,True
"Amazon.com, Inc.",2021-11-11,2021-11-12,1,flat,flat,0.3645035019491865,0.41981130602250805,0.21568519202830566,0.3645035019491865,-0.05530780407332153,False,True
"Amazon.com, Inc.",2021-11-12,2021-11-15,1,up,flat,0.37238933928486323,0.3937248991884222,0.2338857615267147,0.37238933928486323,-0.021335559903558954,False,False
"Amazon.com, Inc.",2021-11-15,2021-11-16,1,flat,up,0.32333523521164487,0.3204462849969243,0.35621847979143073,0.35621847979143073,0.03577219479450644,True,False
"Amazon.com, Inc.",2021-11-16,2021-11-17,1,flat,down,0.3801379765751304,0.3477985650345272,0.2720634583903423,0.3801379765751304,0.03233941154060316,True,False
"Amazon.com, Inc.",2021-11-17,2021-11-18,1,up,up,0.33348217769139904,0.33183353419944517,0.33468428810915574,0.33468428810915574,0.0028507539097105683,True,True
"Amazon.com, Inc.",2021-11-18,2021-11-19,1,up,up,0.2583156693979428,0.23454743122688956,0.5071368993751677,0.5071368993751677,0.2725894681482781,True,True
"Amazon.com, Inc.",2021-11-19,2021-11-22,1,down,up,0.31179561819396096,0.3256640518209891,0.3625403299850502,0.3625403299850502,0.03687627816406108,True,False
"Amazon.com, Inc.",2021-11-22,2021-11-23,1,down,down,0.5282677520150149,0.25351179016741027,0.2182204578175747,0.5282677520150149,0.2747559618476046,True,True
"Amazon.com, Inc.",2021-11-23,2021-11-24,1,flat,down,0.428990194548603,0.36455896833957757,0.2064508371118196,0.428990194548603,0.06443122620902542,True,False
"Amazon.com, Inc.",2021-11-24,2021-11-26,1,flat,flat,0.31111279664559643,0.41500922570867016,0.27387797764573363,0.31111279664559643,-0.10389642906307373,False,True
"Amazon.com, Inc.",2021-11-26,2021-11-29,1,flat,flat,0.3539787702689775,0.3886252983367405,0.2573959313942823,0.3539787702689775,-0.03464652806776297,False,True
"Amazon.com, Inc.",2021-11-29,2021-11-30,1,flat,down,0.35594439840400516,0.3400874275289179,0.30396817406707716,0.35594439840400516,0.01585697087508725,True,False
"Amazon.com, Inc.",2021-11-30,2021-12-01,1,down,down,0.4115058590659861,0.341772036079837,0.24672210485417703,0.4115058590659861,0.06973382298614905,True,True
"Amazon.com, Inc.",2021-12-01,2021-12-02,1,down,flat,0.36908585397199234,0.4001230769860009,0.23079106904200705,0.36908585397199234,-0.031037223014008575,False,False
"Amazon.com, Inc.",2021-12-02,2021-12-03,1,down,flat,0.3227487777050595,0.44601287483366814,0.23123834746127273,0.3227487777050595,-0.12326409712860864,False,False
"Amazon.com, Inc.",2021-12-03,2021-12-06,1,flat,flat,0.3661457891434344,0.40374601154525225,0.2301081993113136,0.3661457891434344,-0.03760022240181787,False,True
"Amazon.com, Inc.",2021-12-06,2021-12-07,1,up,flat,0.2916372817363541,0.4402707783661589,0.26809193989748725,0.2916372817363541,-0.1486334966298048,False,False
"Amazon.com, Inc.",2021-12-07,2021-12-08,1,flat,up,0.2287915845286292,0.32096844613638353,0.4502399693349874,0.4502399693349874,0.12927152319860385,True,False
"Amazon.com, Inc.",2021-12-08,2021-12-09,1,flat,flat,0.3455076776632613,0.34897551633226087,0.30551680600447806,0.3455076776632613,-0.003467838668999579,False,True
"Amazon.com, Inc.",2021-12-09,2021-12-10,1,down,down,0.3732043614712809,0.35605009796226705,0.2707455405664523,0.3732043614712809,0.017154263509013834,True,True
"Amazon.com, Inc.",2021-12-10,2021-12-13,1,down,down,0.4112523212852714,0.3627537290154893,0.22599394969923947,0.4112523212852714,0.04849859226978209,True,True
"Amazon.com, Inc.",2021-12-13,2021-12-14,1,down,flat,0.3534376299205895,0.45200428566188944,0.19455808441752143,0.3534376299205895,-0.09856665574129991,False,False
"Amazon.com, Inc.",2021-12-14,2021-12-15,1,up,flat,0.30037445879126384,0.48962294842475673,0.21000259278397984,0.30037445879126384,-0.1892484896334929,False,False
"Amazon.com, Inc.",2021-12-15,2021-12-16,1,flat,up,0.254835362269105,0.37251521076578986,0.3726494269651055,0.3726494269651055,0.00013421619931563988,True,False
"Amazon.com, Inc.",2021-12-16,2021-12-17,1,down,flat,0.30358088632132374,0.4143863047222592,0.28203280895641736,0.30358088632132374,-0.11080541840093544,False,False
"Amazon.com, Inc.",2021-12-17,2021-12-20,1,down,down,0.4613540882870463,0.33763161422663635,0.20101429748631755,0.4613540882870463,0.12372247406040998,True,True
"Amazon.com, Inc.",2021-12-20,2021-12-21,1,flat,flat,0.31477095975518465,0.47120575681783744,0.21402328342697827,0.31477095975518465,-0.1564347970626528,False,True
"Amazon.com, Inc.",2021-12-21,2021-12-22,1,flat,flat,0.24084791103243539,0.43541328972035837,0.3237387992472065,0.3237387992472065,-0.11167449047315187,False,True
"Amazon.com, Inc.",2021-12-22,2021-12-23,1,flat,flat,0.28690557151832285,0.3890809802501791,0.3240134482314983,0.3240134482314983,-0.06506753201868082,False,True
"Amazon.com, Inc.",2021-12-23,2021-12-27,1,flat,flat,0.31501182314240717,0.40638445164903536,0.27860372520855786,0.31501182314240717,-0.0913726285066282,False,True
"Amazon.com, Inc.",2021-12-27,2021-12-28,1,flat,down,0.34946217744438507,0.3416984569441762,0.3088393656114389,0.34946217744438507,0.007763720500208848,True,False
"Amazon.com, Inc.",2021-12-28,2021-12-29,1,flat,flat,0.32605993641101927,0.41281157893745496,0.26112848465152616,0.32605993641101927,-0.08675164252643569,False,True
"Amazon.com, Inc.",2021-12-29,2021-12-30,1,flat,flat,0.3010078071207453,0.46117917520752094,0.23781301767173418,0.3010078071207453,-0.16017136808677562,False,True
"Amazon.com, Inc.",2021-12-30,2021-12-31,1,down,flat,0.3039936693880282,0.46315844079789703,0.23284788981407517,0.3039936693880282,-0.15916477140986884,False,False
"Amazon.com, Inc.",2021-12-31,2022-01-03,1,flat,flat,0.3472245787856463,0.4405100230643293,0.212265398150025,0.3472245787856463,-0.09328544427868302,False,True
"Amazon.com, Inc.",2022-01-03,2022-01-04,1,flat,flat,0.3203624871683399,0.3639632482274173,0.31567426460424297,0.3203624871683399,-0.0436007610590774,False,True
"Amazon.com, Inc.",2022-01-04,2022-01-05,1,down,down,0.36362582858677406,0.3566925253379446,0.27968164607528156,0.36362582858677406,0.006933303248829459,True,True
"Amazon.com, Inc.",2022-01-05,2022-01-06,1,down,flat,0.3748564049163382,0.4316504323203766,0.1934931627632854,0.3748564049163382,-0.05679402740403838,False,False
"Amazon.com, Inc.",2022-01-06,2022-01-07,1,flat,flat,0.29923897578668956,0.47166739748117564,0.22909362673213496,0.29923897578668956,-0.17242842169448608,False,True
"Amazon.com, Inc.",2022-01-07,2022-01-10,1,down,flat,0.24312858837113863,0.4640549369802037,0.29281647464865773,0.29281647464865773,-0.171238462331546,False,False
"Amazon.com, Inc.",2022-01-10,2022-01-11,1,up,down,0.4664255979002363,0.3153377421586514,0.21823665994111235,0.4664255979002363,0.1510878557415849,True,False
"Amazon.com, Inc.",2022-01-11,2022-01-12,1,up,flat,0.21509228937309577,0.4093663991129846,0.3755413115139199,0.3755413115139199,-0.03382508759906472,False,False
"Amazon.com, Inc.",2022-01-12,2022-01-13,1,down,flat,0.2402763985004,0.39152041137828864,0.36820319012131164,0.36820319012131164,-0.023317221256976994,False,False
"Amazon.com, Inc.",2022-01-13,2022-01-14,1,down,down,0.42599411768697726,0.36658288943067585,0.2074229928823471,0.42599411768697726,0.05941122825630141,True,True
"Amazon.com, Inc.",2022-01-14,2022-01-18,1,down,flat,0.3654778879009045,0.4171352169949961,0.21738689510409967,0.3654778879009045,-0.0516573290940916,False,False
"Amazon.com, Inc.",2022-01-18,2022-01-19,1,down,flat,0.37081597900771357,0.39949961760576946,0.2296844033865174,0.37081597900771357,-0.028683638598055894,False,False
"Amazon.com, Inc.",2022-01-19,2022-01-20,1,down,flat,0.3442237779149977,0.3985980908499615,0.25717813123504113,0.3442237779149977,-0.05437431293496381,False,False
"Amazon.com, Inc.",2022-01-20,2022-01-21,1,down,down,0.38204201331863863,0.37847556226780055,0.23948242441356105,0.38204201331863863,0.003566451050838082,True,True
"Amazon.com, Inc.",2022-01-21,2022-01-24,1,down,down,0.5480128997675652,0.1802048834954291,0.2717822167370059,0.5480128997675652,0.3678080162721361,True,True
"Amazon.com, Inc.",2022-01-24,2022-01-25,1,flat,down,0.4207378344097156,0.20723579783051005,0.37202636775977416,0.4207378344097156,0.21350203657920558,True,False
"Amazon.com, Inc.",2022-01-25,2022-01-26,1,flat,up,0.2260502408018349,0.2805485632942948,0.4934011959038703,0.4934011959038703,0.21285263260957554,True,False
"Amazon.com, Inc.",2022-01-26,2022-01-27,1,flat,up,0.26862163818728096,0.30808405843417397,0.42329430337854523,0.42329430337854523,0.11521024494437127,True,False
"Amazon.com, Inc.",2022-01-27,2022-01-28,1,flat,up,0.31777480428268223,0.25790958272761166,0.42431561298970605,0.42431561298970605,0.16640603026209438,True,False
"Amazon.com, Inc.",2022-01-28,2022-01-31,1,up,up,0.2834596615157377,0.2991209300303355,0.41741940845392667,0.41741940845392667,0.11829847842359115,True,True
"Amazon.com, Inc.",2022-01-31,2022-02-01,1,up,up,0.2166958988062072,0.32165088838774497,0.4616532128060481,0.4616532128060481,0.14000232441830313,True,True
"Amazon.com, Inc.",2022-02-01,2022-02-02,1,flat,flat,0.3279870345718494,0.364651148132631,0.30736181729552003,0.3279870345718494,-0.036664113560781586,False,True
"Amazon.com, Inc.",2022-02-02,2022-02-03,1,down,up,0.3416534189869376,0.2569899682651915,0.401356612747871,0.401356612747871,0.1443666444826795,True,False
"Amazon.com, Inc.",2022-02-03,2022-02-04,1,up,down,0.6475932563423428,0.19808260229766148,0.15432414135999584,0.6475932563423428,0.44951065404468127,True,False
"Amazon.com, Inc.",2022-02-04,2022-02-07,1,flat,up,0.165339153387228,0.23684190649854567,0.5978189401142262,0.5978189401142262,0.36097703361568056,True,False
"Amazon.com, Inc.",2022-02-07,2022-02-08,1,flat,flat,0.33017236191271115,0.4469987120487028,0.22282892603858634,0.33017236191271115,-0.11682635013599163,False,True
"Amazon.com, Inc.",2022-02-08,2022-02-09,1,flat,flat,0.4161661971104289,0.42700184833650023,0.15683195455307128,0.4161661971104289,-0.01083565122607133,False,True
"Amazon.com, Inc.",2022-02-09,2022-02-10,1,down,flat,0.27793080880780074,0.5013963966409166,0.22067279455128297,0.27793080880780074,-0.22346558783311588,False,False
"Amazon.com, Inc.",2022-02-10,2022-02-11,1,down,flat,0.3739240952612195,0.4727337662332518,0.15334213850552902,0.3739240952612195,-0.0988096709720323,False,False
"Amazon.com, Inc.",2022-02-11,2022-02-14,1,flat,flat,0.366814804982434,0.4895247565087036,0.14366043850886256,0.366814804982434,-0.12270995152626957,False,True
"Amazon.com, Inc.",2022-02-14,2022-02-15,1,flat,flat,0.2702246075891013,0.5281574320645219,0.20161796034637697,0.2702246075891013,-0.25793282447542065,False,True
"Amazon.com, Inc.",2022-02-15,2022-02-16,1,flat,flat,0.18223224749232228,0.5843326117687277,0.2334351407389501,0.2334351407389501,-0.35089747102977764,False,True
"Amazon.com, Inc.",2022-02-16,2022-02-17,1,flat,flat,0.24096161342832095,0.5466118751845997,0.21242651138707958,0.24096161342832095,-0.3056502617562788,False,True
"Amazon.com, Inc.",2022-02-17,2022-02-18,1,down,flat,0.2668706296229911,0.4820500109931519,0.251079359383857,0.2668706296229911,-0.21517938137016085,False,False
"Amazon.com, Inc.",2022-02-18,2022-02-22,1,down,flat,0.30604110476477536,0.49893488464719227,0.1950240105880326,0.30604110476477536,-0.1928937798824169,False,False
"Amazon.com, Inc.",2022-02-22,2022-02-23,1,down,flat,0.2844023778519885,0.4769669084356696,0.23863071371234212,0.2844023778519885,-0.19256453058368106,False,False
"Amazon.com, Inc.",2022-02-23,2022-02-24,1,down,flat,0.26843335419336417,0.47177525675161197,0.2597913890550241,0.26843335419336417,-0.2033419025582478,False,False
"Amazon.com, Inc.",2022-02-24,2022-02-25,1,up,flat,0.36750961829679873,0.40888636351448,0.22360401818872153,0.36750961829679873,-0.041376745217681254,False,False
"Amazon.com, Inc.",2022-02-25,2022-02-28,1,flat,flat,0.12014749020064905,0.48140375142172315,0.398448758377628,0.398448758377628,-0.08295499304409515,False,True
"Amazon.com, Inc.",2022-02-28,2022-03-01,1,flat,flat,0.24302346410395848,0.49579561083867735,0.26118092505736434,0.26118092505736434,-0.234614685781313,False,True
"Amazon.com, Inc.",2022-03-01,2022-03-02,1,flat,flat,0.2792914999414621,0.5461537896847648,0.17455471037377357,0.2792914999414621,-0.2668622897433027,False,True
"Amazon.com, Inc.",2022-03-02,2022-03-03,1,flat,flat,0.21012485126749786,0.5635716084955397,0.22630354023696286,0.22630354023696286,-0.3372680682585768,False,True
"Amazon.com, Inc.",2022-03-03,2022-03-04,1,down,flat,0.2791212852269608,0.47961345486756224,0.24126525990547726,0.2791212852269608,-0.20049216964060146,False,False
"Amazon.com, Inc.",2022-03-04,2022-03-07,1,down,flat,0.3141352558525574,0.4652683684253589,0.22059637572208401,0.3141352558525574,-0.1511331125728015,False,False
"Amazon.com, Inc.",2022-03-07,2022-03-08,1,down,down,0.4468261169002364,0.3607810837576797,0.19239279934208392,0.4468261169002364,0.08604503314255668,True,True
"Amazon.com, Inc.",2022-03-08,2022-03-09,1,flat,down,0.3516366603493111,0.3145602163791074,0.3338031232715815,0.3516366603493111,0.03707644397020371,True,False
"Amazon.com, Inc.",2022-03-09,2022-03-10,1,up,up,0.2069476201618961,0.3344990752985935,0.4585533045395104,0.4585533045395104,0.12405422924091686,True,True
"Amazon.com, Inc.",2022-03-10,2022-03-11,1,flat,up,0.1802749366495791,0.22037652921737827,0.5993485341330425,0.5993485341330425,0.3789720049156642,True,False
"Amazon.com, Inc.",2022-03-11,2022-03-14,1,down,down,0.35831170142237456,0.35713994702702884,0.28454835155059677,0.35831170142237456,0.0011717543953457255,True,True
"Amazon.com, Inc.",2022-03-14,2022-03-15,1,flat,down,0.4593525636037933,0.36809126266761905,0.1725561737285879,0.4593525636037933,0.09126130093617424,True,False
"Amazon.com, Inc.",2022-03-15,2022-03-16,1,up,up,0.2518702307044719,0.3589377633275769,0.3891920059679511,0.3891920059679511,0.03025424264037424,True,True
"Amazon.com, Inc.",2022-03-16,2022-03-17,1,up,up,0.188189208357964,0.3481885413723365,0.4636222502696994,0.4636222502696994,0.11543370889736287,True,True
"Amazon.com, Inc.",2022-03-17,2022-03-18,1,up,flat,0.2690956477187319,0.3898052720579452,0.34109908022332314,0.34109908022332314,-0.04870619183462205,False,False
"Amazon.com, Inc.",2022-03-18,2022-03-21,1,up,up,0.3229543824962997,0.25629513111417973,0.4207504863895206,0.4207504863895206,0.1644553552753409,True,True
"Amazon.com, Inc.",2022-03-21,2022-03-22,1,flat,flat,0.34856507040387796,0.39343569800677025,0.25799923158935195,0.34856507040387796,-0.04487062760289229,False,True
"Amazon.com, Inc.",2022-03-22,2022-03-23,1,flat,flat,0.31368771472851387,0.3908119745163218,0.2955003107551646,0.31368771472851387,-0.07712425978780796,False,True
"Amazon.com, Inc.",2022-03-23,2022-03-24,1,flat,flat,0.32222716985421007,0.43596629936411224,0.241806530781678,0.32222716985421007,-0.11373912950990217,False,True
"Amazon.com, Inc.",2022-03-24,2022-03-25,1,flat,flat,0.3724289868599955,0.4445966432404676,0.1829743698995372,0.3724289868599955,-0.07216765638047212,False,True
"Amazon.com, Inc.",2022-03-25,2022-03-28,1,up,flat,0.2987789645820661,0.46825031366201797,0.2329707217559162,0.2987789645820661,-0.16947134907995187,False,False
"Amazon.com, Inc.",2022-03-28,2022-03-29,1,up,up,0.28179019329312105,0.3533475450751969,0.3648622616316822,0.3648622616316822,0.011514716556485338,True,True
"Amazon.com, Inc.",2022-03-29,2022-03-30,1,down,up,0.32785543351288293,0.33034365477243066,0.3418009117146867,0.3418009117146867,0.011457256942256022,True,False
"Amazon.com, Inc.",2022-03-30,2022-03-31,1,down,flat,0.4119295396414208,0.41760944894653773,0.170461011412042,0.4119295396414208,-0.005679909305116915,False,False
"Amazon.com, Inc.",2022-03-31,2022-04-01,1,flat,flat,0.381837861524308,0.4487234719947,0.16943866648099226,0.381837861524308,-0.06688561047039199,False,True
"Amazon.com, Inc.",2022-04-01,2022-04-04,1,up,flat,0.3011083149493331,0.4776692078184753,0.2212224772321918,0.3011083149493331,-0.17656089286914223,False,False
"Amazon.com, Inc.",2022-04-04,2022-04-05,1,flat,flat,0.20302307154621566,0.45675215208049946,0.34022477637328513,0.34022477637328513,-0.11652737570721433,False,True
"Amazon.com, Inc.",2022-04-05,2022-04-06,1,down,flat,0.32248719821261296,0.42845439361695503,0.24905840817043262,0.32248719821261296,-0.10596719540434207,False,False
"Amazon.com, Inc.",2022-04-06,2022-04-07,1,down,down,0.45561305230558125,0.40689692729731985,0.13749002039709923,0.45561305230558125,0.04871612500826139,True,True
"Amazon.com, Inc.",2022-04-07,2022-04-08,1,down,flat,0.25486910939928564,0.5311180059725225,0.2140128846281919,0.25486910939928564,-0.2762488965732368,False,False
"Amazon.com, Inc.",2022-04-08,2022-04-11,1,down,flat,0.2536986572814566,0.4894986131118932,0.2568027296066505,0.2568027296066505,-0.23269588350524267,False,False
"Amazon.com, Inc.",2022-04-11,2022-04-12,1,flat,flat,0.3175697057851371,0.44814876463383596,0.23428152958102738,0.3175697057851371,-0.13057905884869886,False,True
"Amazon.com, Inc.",2022-04-12,2022-04-13,1,flat,up,0.21649640695678193,0.3791775806076593,0.404326012435559,0.404326012435559,0.025148431827899664,True,False
"Amazon.com, Inc.",2022-04-13,2022-04-14,1,flat,up,0.21734422047552637,0.3790145605381361,0.40364121898633776,0.40364121898633776,0.024626658448201666,True,False
"Amazon.com, Inc.",2022-04-14,2022-04-18,1,down,up,0.28776299754105894,0.35574948494416825,0.356487517514773,0.356487517514773,0.0007380325706047297,True,False
"Amazon.com, Inc.",2022-04-18,2022-04-19,1,up,flat,0.34427831641182216,0.40118983270716707,0.25453185088101093,0.34427831641182216,-0.05691151629534491,False,False
"Amazon.com, Inc.",2022-04-19,2022-04-20,1,flat,up,0.22768045748803017,0.33497501595655815,0.4373445265554118,0.4373445265554118,0.10236951059885363,True,False
"Amazon.com, Inc.",2022-04-20,2022-04-21,1,down,down,0.3442794448000955,0.33550853888016363,0.32021201631974106,0.3442794448000955,0.008770905919931848,True,True
"Amazon.com, Inc.",2022-04-21,2022-04-22,1,down,flat,0.40637848045047625,0.41925745752978105,0.17436406201974314,0.40637848045047625,-0.012878977079304799,False,False
"Amazon.com, Inc.",2022-04-22,2022-04-25,1,down,down,0.4406514049723691,0.3590767291441812,0.2002718658834498,0.4406514049723691,0.08157467582818789,True,True
"Amazon.com, Inc.",2022-04-25,2022-04-26,1,down,up,0.28206178440582724,0.3542114605942268,0.36372675499994583,0.36372675499994583,0.009515294405719021,True,False
"Amazon.com, Inc.",2022-04-26,2022-04-27,1,down,down,0.36501156186288364,0.32230875691578864,0.3126796812213277,0.36501156186288364,0.042702804947095,True,True
"Amazon.com, Inc.",2022-04-27,2022-04-28,1,up,up,0.33746597716561866,0.29369814433000807,0.36883587850437327,0.36883587850437327,0.0751377341743652,True,True
"Amazon.com, Inc.",2022-04-28,2022-04-29,1,down,up,0.25455103797160605,0.22675718696284816,0.5186917750655459,0.5186917750655459,0.2919345881026977,True,False
"Amazon.com, Inc.",2022-04-29,2022-05-02,1,down,down,0.6019488820036712,0.13755030060641646,0.26050081738991215,0.6019488820036712,0.46439858139725476,True,True
"Amazon.com, Inc.",2022-05-02,2022-05-03,1,flat,up,0.3395651158682017,0.24625750774758154,0.4141773763842167,0.4141773763842167,0.16791986863663516,True,False
"Amazon.com, Inc.",2022-05-03,2022-05-04,1,flat,up,0.1436259437975287,0.3413301785614661,0.5150438776410052,0.5150438776410052,0.17371369907953915,True,False
"Amazon.com, Inc.",2022-05-04,2022-05-05,1,down,down,0.3742929734211482,0.3034787979860915,0.32222822859276035,0.3742929734211482,0.07081417543505669,True,True
"Amazon.com, Inc.",2022-05-05,2022-05-06,1,down,down,0.4842395816708148,0.23867603146094563,0.2770843868682395,0.4842395816708148,0.2455635502098692,True,True
"Amazon.com, Inc.",2022-05-06,2022-05-09,1,down,down,0.39558619414651963,0.2800563228066625,0.32435748304681783,0.39558619414651963,0.11552987133985715,True,True
"Amazon.com, Inc.",2022-05-09,2022-05-10,1,flat,down,0.3733450926631333,0.26421224947025473,0.36244265786661173,0.3733450926631333,0.10913284319287858,True,False
"Amazon.com, Inc.",2022-05-10,2022-05-11,1,down,up,0.2784178128915357,0.24185863061716406,0.47972355649130016,0.47972355649130016,0.2378649258741361,True,False
"Amazon.com, Inc.",2022-05-11,2022-05-12,1,flat,down,0.3765471993545501,0.26721387151494785,0.3562389291305018,0.3765471993545501,0.10933332783960226,True,False
"Amazon.com, Inc.",2022-05-12,2022-05-13,1,up,down,0.4035369075264019,0.2607172258972746,0.3357458665763233,0.4035369075264019,0.14281968162912734,True,False
"Amazon.com, Inc.",2022-05-13,2022-05-16,1,flat,up,0.15885324460503106,0.34907585495770377,0.4920709004372653,0.4920709004372653,0.14299504547956154,True,False
"Amazon.com, Inc.",2022-05-16,2022-05-17,1,flat,flat,0.32534601843582056,0.42677841820989015,0.24787556335428962,0.32534601843582056,-0.10143239977406959,False,True
"Amazon.com, Inc.",2022-05-17,2022-05-18,1,down,flat,0.32472679755562434,0.4215541126315884,0.2537190898127876,0.32472679755562434,-0.09682731507596404,False,False
"Amazon.com, Inc.",2022-05-18,2022-05-19,1,flat,down,0.5231520844210898,0.3073801572026535,0.16946775837625677,0.5231520844210898,0.21577192721843635,True,False
"Amazon.com, Inc.",2022-05-19,2022-05-20,1,flat,flat,0.3352281642024259,0.39834765695249835,0.26642417884507597,0.3352281642024259,-0.06311949275007245,False,True
"Amazon.com, Inc.",2022-05-20,2022-05-23,1,flat,flat,0.24056323619457184,0.4045318996573503,0.3549048641480778,0.3549048641480778,-0.0496270355092725,False,True
"Amazon.com, Inc.",2022-05-23,2022-05-24,1,down,flat,0.35373100311548894,0.3629722508378188,0.28329674604669236,0.35373100311548894,-0.00924124772232987,False,False
"Amazon.com, Inc.",2022-05-24,2022-05-25,1,flat,down,0.40557403024801003,0.3280389049325547,0.2663870648194352,0.40557403024801003,0.07753512531545531,True,False
"Amazon.com, Inc.",2022-05-25,2022-05-26,1,up,flat,0.1744164370830011,0.44836357666566357,0.37721998625133546,0.37721998625133546,-0.0711435904143281,False,False
"Amazon.com, Inc.",2022-05-26,2022-05-27,1,up,flat,0.1724823233755416,0.46698455862087834,0.3605331180035803,0.3605331180035803,-0.10645144061729805,False,False
"Amazon.com, Inc.",2022-05-27,2022-05-31,1,up,flat,0.2575436199898232,0.40585610211075074,0.3366002778994264,0.3366002778994264,-0.06925582421132431,False,False
"Amazon.com, Inc.",2022-05-31,2022-06-01,1,up,up,0.2902730512234306,0.2787225082074458,0.43100444056912357,0.43100444056912357,0.15228193236167775,True,True
"Amazon.com, Inc.",2022-06-01,2022-06-02,1,flat,flat,0.28983748224102923,0.39410571824409596,0.3160567995148749,0.3160567995148749,-0.07804891872922104,False,True
"Amazon.com, Inc.",2022-06-02,2022-06-03,1,flat,flat,0.3663494699277346,0.4271994927472952,0.20645103732497055,0.3663494699277346,-0.06085002281956059,False,True
"Amazon.com, Inc.",2022-06-03,2022-06-06,1,up,flat,0.3467512764130716,0.3820847818506612,0.2711639417362674,0.3467512764130716,-0.03533350543758962,False,False
"Amazon.com, Inc.",2022-06-06,2022-06-07,1,down,up,0.2648257262993432,0.3294013293948991,0.4057729443057576,0.4057729443057576,0.07637161491085853,True,False
"Amazon.com, Inc.",2022-06-07,2022-06-08,1,flat,flat,0.3532186553257417,0.43750065786425907,0.20928068680999937,0.3532186553257417,-0.08428200253851736,False,True
"Amazon.com, Inc.",2022-06-08,2022-06-09,1,down,flat,0.3136733537885845,0.4524961414759467,0.233830504735469,0.3136733537885845,-0.13882278768736217,False,False
"Amazon.com, Inc.",2022-06-09,2022-06-10,1,down,flat,0.3324195309307816,0.4568567517540065,0.2107237173152121,0.3324195309307816,-0.12443722082322489,False,False
"Amazon.com, Inc.",2022-06-10,2022-06-13,1,down,down,0.43749678583227725,0.34029811221873874,0.22220510194898407,0.43749678583227725,0.09719867361353851,True,True
"Amazon.com, Inc.",2022-06-13,2022-06-14,1,flat,down,0.39120863945808726,0.3298827853693491,0.27890857517256357,0.39120863945808726,0.06132585408873814,True,False
"Amazon.com, Inc.",2022-06-14,2022-06-15,1,up,up,0.19648979969438385,0.34754307292195047,0.4559671273836657,0.4559671273836657,0.10842405446171521,True,True
"Amazon.com, Inc.",2022-06-15,2022-06-16,1,down,up,0.17573578658663153,0.3687457869725347,0.45551842644083385,0.45551842644083385,0.08677263946829916,True,False
"Amazon.com, Inc.",2022-06-16,2022-06-17,1,flat,down,0.3757148159475846,0.37159138940225467,0.25269379465016084,0.3757148159475846,0.0041234265453299335,True,False
"Amazon.com, Inc.",2022-06-17,2022-06-21,1,up,flat,0.26466678134429283,0.37219847584289356,0.3631347428128139,0.3631347428128139,-0.00906373303007968,False,False
"Amazon.com, Inc.",2022-06-21,2022-06-22,1,flat,flat,0.19686558467453108,0.4626609848777258,0.3404734304477434,0.3404734304477434,-0.12218755442998236,False,True
"Amazon.com, Inc.",2022-06-22,2022-06-23,1,flat,flat,0.2802520401958134,0.5217097929198298,0.19803816688435727,0.2802520401958134,-0.24145775272401637,False,True
"Amazon.com, Inc.",2022-06-23,2022-06-24,1,up,flat,0.2704029383387204,0.47594665075295495,0.2536504109083251,0.2704029383387204,-0.20554371241423453,False,False
"Amazon.com, Inc.",2022-06-24,2022-06-27,1,flat,flat,0.22828529494800764,0.473963063325968,0.29775164172602475,0.29775164172602475,-0.17621142159994324,False,True
"Amazon.com, Inc.",2022-06-27,2022-06-28,1,down,flat,0.3143680578674789,0.5038940085798462,0.18173793355267515,0.3143680578674789,-0.18952595071236733,False,False
"Amazon.com, Inc.",2022-06-28,2022-06-29,1,down,down,0.46196337714487734,0.41320413689220137,0.12483248596292165,0.46196337714487734,0.04875924025267597,True,True
"Amazon.com, Inc.",2022-06-29,2022-06-30,1,down,flat,0.3732101567132857,0.4189520033148062,0.20783783997190827,0.3732101567132857,-0.045741846601520475,False,False
"Amazon.com, Inc.",2022-06-30,2022-07-01,1,flat,down,0.43421206978532256,0.357381084588153,0.2084068456265245,0.43421206978532256,0.07683098519716958,True,False
"Amazon.com, Inc.",2022-07-01,2022-07-05,1,up,flat,0.2210740696515634,0.4383440821749614,0.34058184817347525,0.34058184817347525,-0.09776223400148615,False,False
"Amazon.com, Inc.",2022-07-05,2022-07-06,1,up,flat,0.21020566717267714,0.43309875030394973,0.3566955825233734,0.3566955825233734,-0.07640316778057632,False,False
"Amazon.com, Inc.",2022-07-06,2022-07-07,1,flat,flat,0.2560332645449118,0.4437581521197289,0.3002085833353595,0.3002085833353595,-0.14354956878436942,False,True
"Amazon.com, Inc.",2022-07-07,2022-07-08,1,flat,flat,0.29182082465364956,0.5117380920750904,0.19644108327126036,0.29182082465364956,-0.2199172674214408,False,True
"Amazon.com, Inc.",2022-07-08,2022-07-11,1,down,flat,0.28582762402162337,0.5218249092796884,0.19234746669868863,0.28582762402162337,-0.23599728525806501,False,False
"Amazon.com, Inc.",2022-07-11,2022-07-12,1,down,flat,0.3563894410099141,0.47836713847925466,0.16524342051083157,0.3563894410099141,-0.12197769746934056,False,False
"Amazon.com, Inc.",2022-07-12,2022-07-13,1,down,flat,0.3517717180709665,0.4602318562062693,0.18799642572276448,0.3517717180709665,-0.10846013813530275,False,False
"Amazon.com, Inc.",2022-07-13,2022-07-14,1,flat,flat,0.3692034322826052,0.42566960324871694,0.20512696446867795,0.3692034322826052,-0.05646617096611173,False,True
"Amazon.com, Inc.",2022-07-14,2022-07-15,1,up,flat,0.18432131805718618,0.47267388437199376,0.34300479757082014,0.34300479757082014,-0.12966908680117362,False,False
"Amazon.com, Inc.",2022-07-15,2022-07-18,1,flat,up,0.18860162093555755,0.27222253338000557,0.5391758456844369,0.5391758456844369,0.2669533123044313,True,False
"Amazon.com, Inc.",2022-07-18,2022-07-19,1,flat,flat,0.3297508526165301,0.4005382815565261,0.26971086582694404,0.3297508526165301,-0.07078742893999601,False,True
"Amazon.com, Inc.",2022-07-19,2022-07-20,1,up,flat,0.27963398958472274,0.3675336045534352,0.3528324058618423,0.3528324058618423,-0.01470119869159292,False,False
"Amazon.com, Inc.",2022-07-20,2022-07-21,1,up,up,0.24989041404995554,0.3024692279209651,0.4476403580290793,0.4476403580290793,0.14517113010811422,True,True
"Amazon.com, Inc.",2022-07-21,2022-07-22,1,flat,flat,0.3232873625660143,0.3542101093394716,0.3225025280945142,0.3232873625660143,-0.0309227467734573,False,True
"Amazon.com, Inc.",2022-07-22,2022-07-25,1,down,flat,0.33717154156228657,0.431293594667136,0.23153486377057786,0.33717154156228657,-0.09412205310484945,False,False
"Amazon.com, Inc.",2022-07-25,2022-07-26,1,down,flat,0.3594460014937343,0.47057870310192806,0.16997529540433787,0.3594460014937343,-0.11113270160819377,False,False
"Amazon.com, Inc.",2022-07-26,2022-07-27,1,up,down,0.4394083481976492,0.4030438845512505,0.1575477672511007,0.4394083481976492,0.03636446364639867,True,False
"Amazon.com, Inc.",2022-07-27,2022-07-28,1,flat,up,0.15095142320514449,0.34931539041781795,0.49973318637703745,0.49973318637703745,0.1504177959592195,True,False
"Amazon.com, Inc.",2022-07-28,2022-07-29,1,up,up,0.25891698164162436,0.3245508195631275,0.4165321987952481,0.4165321987952481,0.09198137923212063,True,True
"Amazon.com, Inc.",2022-07-29,2022-08-01,1,flat,up,0.22397590842101897,0.1719963402461431,0.6040277513328378,0.6040277513328378,0.43203141108669474,True,False
"Amazon.com, Inc.",2022-08-01,2022-08-02,1,flat,flat,0.38102792948901104,0.39973010228720074,0.21924196822378839,0.38102792948901104,-0.018702172798189698,False,True
"Amazon.com, Inc.",2022-08-02,2022-08-03,1,up,down,0.3978155325670475,0.362022780452666,0.24016168698028673,0.3978155325670475,0.03579275211438149,True,False
"Amazon.com, Inc.",2022-08-03,2022-08-04,1,up,up,0.23231932909521147,0.37873264368934,0.38894802721544863,0.38894802721544863,0.010215383526108623,True,True
"Amazon.com, Inc.",2022-08-04,2022-08-05,1,flat,flat,0.262644258920415,0.37924155448940844,0.3581141865901767,0.3581141865901767,-0.021127367899231753,False,True
"Amazon.com, Inc.",2022-08-05,2022-08-08,1,flat,flat,0.34426099349342465,0.4401965534345368,0.21554245307203884,0.34426099349342465,-0.09593555994111214,False,True
"Amazon.com, Inc.",2022-08-08,2022-08-09,1,down,flat,0.29597530546226575,0.4570597653273955,0.24696492921033894,0.29597530546226575,-0.16108445986512976,False,False
"Amazon.com, Inc.",2022-08-09,2022-08-10,1,up,flat,0.3277470835455897,0.46179865784615703,0.2104542586082536,0.3277470835455897,-0.13405157430056736,False,False
"Amazon.com, Inc.",2022-08-10,2022-08-11,1,flat,up,0.1858119082055324,0.3227185864590023,0.4914695053354654,0.4914695053354654,0.1687509188764631,True,False
"Amazon.com, Inc.",2022-08-11,2022-08-12,1,flat,flat,0.31341997852401704,0.45865508890945883,0.2279249325665244,0.31341997852401704,-0.1452351103854418,False,True
"Amazon.com, Inc.",2022-08-12,2022-08-15,1,flat,flat,0.3120741803161726,0.4119618715323947,0.2759639481514329,0.3120741803161726,-0.0998876912162221,False,True
"Amazon.com, Inc.",2022-08-15,2022-08-16,1,flat,flat,0.21534620761927536,0.4900130329634606,0.2946407594172643,0.2946407594172643,-0.1953722735461963,False,True
"Amazon.com, Inc.",2022-08-16,2022-08-17,1,down,up,0.23910693346514755,0.3328853063402524,0.4280077601946001,0.4280077601946001,0.0951224538543477,True,False
"Amazon.com, Inc.",2022-08-17,2022-08-18,1,flat,flat,0.33071338797393873,0.42436750910995413,0.2449191029161073,0.33071338797393873,-0.0936541211360154,False,True
"Amazon.com, Inc.",2022-08-18,2022-08-19,1,down,flat,0.2745061957746707,0.4531136013054905,0.272380202919839,0.2745061957746707,-0.17860740553081977,False,False
"Amazon.com, Inc.",2022-08-19,2022-08-22,1,down,flat,0.31409030422885736,0.4271969153613331,0.25871278040980983,0.31409030422885736,-0.11310661113247572,False,False
"Amazon.com, Inc.",2022-08-22,2022-08-23,1,flat,flat,0.3239330808513675,0.43714354669428424,0.23892337245434841,0.3239330808513675,-0.11321046584291672,False,True
"Amazon.com, Inc.",2022-08-23,2022-08-24,1,flat,flat,0.2238681359148261,0.4133066338134701,0.36282523027170377,0.36282523027170377,-0.050481403541766334,False,True
"Amazon.com, Inc.",2022-08-24,2022-08-25,1,up,flat,0.20648894053510067,0.46512162002173607,0.32838943944316346,0.32838943944316346,-0.13673218057857262,False,False
"Amazon.com, Inc.",2022-08-25,2022-08-26,1,down,flat,0.1197964332529263,0.4759326599168286,0.40427090683024525,0.40427090683024525,-0.07166175308658335,False,False
"Amazon.com, Inc.",2022-08-26,2022-08-29,1,down,down,0.3940686578347674,0.3716639909709375,0.23426735119429534,0.3940686578347674,0.022404666863829914,True,True
"Amazon.com, Inc.",2022-08-29,2022-08-30,1,flat,flat,0.3580848750061876,0.38179151491330987,0.26012361008050267,0.3580848750061876,-0.023706639907122296,False,True
"Amazon.com, Inc.",2022-08-30,2022-08-31,1,down,up,0.2675353366591228,0.34653775964471634,0.3859269036961609,0.3859269036961609,0.03938914405144456,True,False
"Amazon.com, Inc.",2022-08-31,2022-09-01,1,down,flat,0.3127364377230644,0.3756280956383835,0.31163546663855224,0.3127364377230644,-0.06289165791531909,False,False
"Amazon.com, Inc.",2022-09-01,2022-09-02,1,up,down,0.37149912763473014,0.35103066378137515,0.27747020858389493,0.37149912763473014,0.02046846385335499,True,False
"Amazon.com, Inc.",2022-09-02,2022-09-06,1,down,up,0.1883399431599242,0.2890905765231342,0.5225694803169416,0.5225694803169416,0.23347890379380742,True,False
"Amazon.com, Inc.",2022-09-06,2022-09-07,1,flat,down,0.35785175216665494,0.33406394337554063,0.3080843044578046,0.35785175216665494,0.023787808791114307,True,False
"Amazon.com, Inc.",2022-09-07,2022-09-08,1,flat,up,0.25088457038189155,0.3113528497129898,0.43776257990511863,0.43776257990511863,0.1264097301921288,True,False
"Amazon.com, Inc.",2022-09-08,2022-09-09,1,up,up,0.24936885461669012,0.29934828990796103,0.45128285547534874,0.45128285547534874,0.1519345655673877,True,True
"Amazon.com, Inc.",2022-09-09,2022-09-12,1,up,up,0.1986922195775795,0.30349221818618344,0.497815562236237,0.497815562236237,0.19432334405005358,True,True
"Amazon.com, Inc.",2022-09-12,2022-09-13,1,down,up,0.21028805031611134,0.2856267680713805,0.5040851816125081,0.5040851816125081,0.21845841354112766,True,False
"Amazon.com, Inc.",2022-09-13,2022-09-14,1,flat,down,0.5737427677742658,0.305566566948022,0.12069066527771244,0.5737427677742658,0.2681762008262438,True,False
"Amazon.com, Inc.",2022-09-14,2022-09-15,1,flat,up,0.2990079944639557,0.3364663208359923,0.364525684700052,0.364525684700052,0.02805936386405966,True,False
"Amazon.com, Inc.",2022-09-15,2022-09-16,1,down,up,0.31006482527427437,0.34245150734623797,0.3474836673794876,0.3474836673794876,0.005032160033249633,True,False
"Amazon.com, Inc.",2022-09-16,2022-09-19,1,flat,down,0.5975605920007665,0.22258148040202297,0.1798579275972102,0.5975605920007665,0.37497911159874353,True,False
"Amazon.com, Inc.",2022-09-19,2022-09-20,1,flat,up,0.20650394006265316,0.3595771494370522,0.4339189105002945,0.4339189105002945,0.0743417610632423,True,False
"Amazon.com, Inc.",2022-09-20,2022-09-21,1,down,flat,0.29940111466633557,0.37315395665113305,0.3274449286825315,0.3274449286825315,-0.045709027968601545,False,False
"Amazon.com, Inc.",2022-09-21,2022-09-22,1,down,down,0.40224189729777277,0.3668192969658606,0.23093880573636694,0.40224189729777277,0.03542260033191219,True,True
"Amazon.com, Inc.",2022-09-22,2022-09-23,1,down,down,0.35346941495347867,0.33380327360882295,0.3127273114376985,0.35346941495347867,0.01966614134465572,True,True
"Amazon.com, Inc.",2022-09-23,2022-09-26,1,flat,up,0.3307055869565592,0.3267063225101291,0.34258809053331174,0.34258809053331174,0.01588176802318264,True,False
"Amazon.com, Inc.",2022-09-26,2022-09-27,1,flat,up,0.23038010639824014,0.30558923438392216,0.4640306592178377,0.4640306592178377,0.15844142483391555,True,False
"Amazon.com, Inc.",2022-09-27,2022-09-28,1,flat,up,0.20942784250526905,0.3352673516996104,0.45530480579512056,0.45530480579512056,0.12003745409551014,True,False
"Amazon.com, Inc.",2022-09-28,2022-09-29,1,flat,up,0.28207476335956755,0.3550247269230913,0.3629005097173413,0.3629005097173413,0.007875782794249997,True,False
"Amazon.com, Inc.",2022-09-29,2022-09-30,1,flat,flat,0.3556833701208431,0.3777682940658721,0.26654833581328513,0.3556833701208431,-0.022084923945028978,False,True
"Amazon.com, Inc.",2022-09-30,2022-10-03,1,flat,down,0.3522930133017522,0.32118429088199385,0.3265226958162539,0.3522930133017522,0.031108722419758372,True,False
"Amazon.com, Inc.",2022-10-03,2022-10-04,1,up,flat,0.2598608477714679,0.3770495209405803,0.363089631287952,0.363089631287952,-0.013959889652628288,False,False
"Amazon.com, Inc.",2022-10-04,2022-10-05,1,flat,up,0.20669081895392652,0.2557588358014939,0.5375503452445796,0.5375503452445796,0.2817915094430857,True,False
"Amazon.com, Inc.",2022-10-05,2022-10-06,1,flat,down,0.4257295840957378,0.386108168247914,0.18816224765634848,0.4257295840957378,0.039621415847823804,True,False
"Amazon.com, Inc.",2022-10-06,2022-10-07,1,down,flat,0.3044527126226428,0.45959094506427123,0.2359563423130866,0.3044527126226428,-0.15513823244162844,False,False
"Amazon.com, Inc.",2022-10-07,2022-10-10,1,down,down,0.47944438680697404,0.37682487526721353,0.1437307379258127,0.47944438680697404,0.10261951153976051,True,True
"Amazon.com, Inc.",2022-10-10,2022-10-11,1,down,flat,0.3572093967922415,0.41423540284702104,0.2285552003607375,0.3572093967922415,-0.05702600605477953,False,False
"Amazon.com, Inc.",2022-10-11,2022-10-12,1,flat,down,0.3930857346227389,0.36285023505884556,0.24406403031841561,0.3930857346227389,0.03023549956389332,True,False
"Amazon.com, Inc.",2022-10-12,2022-10-13,1,down,flat,0.3041230501539791,0.35698812524478296,0.338888824601238,0.338888824601238,-0.01809930064354498,False,False
"Amazon.com, Inc.",2022-10-13,2022-10-14,1,flat,down,0.5071180226753021,0.27231960193522403,0.22056237538947376,0.5071180226753021,0.23479842074007812,True,False
"Amazon.com, Inc.",2022-10-14,2022-10-17,1,flat,up,0.23046101645283504,0.37983139113888753,0.38970759240827746,0.38970759240827746,0.009876201269389928,True,False
"Amazon.com, Inc.",2022-10-17,2022-10-18,1,up,flat,0.23805980106599778,0.39467309982869464,0.36726709910530764,0.36726709910530764,-0.027406000723387003,False,False
"Amazon.com, Inc.",2022-10-18,2022-10-19,1,down,up,0.23001271932776826,0.32030808134487443,0.4496791993273575,0.4496791993273575,0.12937111798248307,True,False
"Amazon.com, Inc.",2022-10-19,2022-10-20,1,flat,flat,0.4117876914321931,0.42274962355451706,0.1654626850132901,0.4117876914321931,-0.010961932122323936,False,True
"Amazon.com, Inc.",2022-10-20,2022-10-21,1,flat,flat,0.30603033209932595,0.4449204059635908,0.24904926193708365,0.30603033209932595,-0.13889007386426483,False,True
"Amazon.com, Inc.",2022-10-21,2022-10-24,1,up,flat,0.22370956089666244,0.4437374189300959,0.3325530201732418,0.3325530201732418,-0.1111843987568541,False,False
"Amazon.com, Inc.",2022-10-24,2022-10-25,1,flat,flat,0.2751573897997309,0.41703634048871874,0.3078062697115505,0.3078062697115505,-0.10923007077716823,False,True
"Amazon.com, Inc.",2022-10-25,2022-10-26,1,down,flat,0.2872310502135308,0.4048577980265464,0.30791115175992306,0.30791115175992306,-0.09694664626662336,False,False
"Amazon.com, Inc.",2022-10-26,2022-10-27,1,down,down,0.4958107130985893,0.3885802950132622,0.11560899188814869,0.4958107130985893,0.10723041808532713,True,True
"Amazon.com, Inc.",2022-10-27,2022-10-28,1,down,down,0.577163999205782,0.2589076077434421,0.16392839305077567,0.577163999205782,0.31825639146233986,True,True
"Amazon.com, Inc.",2022-10-28,2022-10-31,1,flat,down,0.5546269451945094,0.16286100217549268,0.28251205262999773,0.5546269451945094,0.3917659430190167,True,False
"Amazon.com, Inc.",2022-10-31,2022-11-01,1,down,up,0.1708821699564158,0.3937536597545789,0.4353641702890054,0.4353641702890054,0.04161051053442655,True,False
"Amazon.com, Inc.",2022-11-01,2022-11-02,1,down,down,0.41888871519221565,0.21906366870004854,0.3620476161077356,0.41888871519221565,0.19982504649216712,True,True
"Amazon.com, Inc.",2022-11-02,2022-11-03,1,down,down,0.45620638661619994,0.25176090520386013,0.2920327081799397,0.45620638661619994,0.2044454814123398,True,True
"Amazon.com, Inc.",2022-11-03,2022-11-04,1,flat,up,0.3427630919930047,0.2529681466948862,0.4042687613121089,0.4042687613121089,0.15130061461722272,True,False
"Amazon.com, Inc.",2022-11-04,2022-11-07,1,flat,up,0.25599707762265345,0.2826006568299192,0.4614022655474272,0.4614022655474272,0.178801608717508,True,False
"Amazon.com, Inc.",2022-11-07,2022-11-08,1,flat,up,0.2674637460287629,0.34176367847861955,0.3907725754926177,0.3907725754926177,0.04900889701399813,True,False
"Amazon.com, Inc.",2022-11-08,2022-11-09,1,down,up,0.3302644898170139,0.31328771844764985,0.35644779173533614,0.35644779173533614,0.043160073287686285,True,False
"Amazon.com, Inc.",2022-11-09,2022-11-10,1,up,down,0.39681427198062774,0.323438037919882,0.2797476900994902,0.39681427198062774,0.07337623406074573,True,False
"Amazon.com, Inc.",2022-11-10,2022-11-11,1,up,up,0.20749713397215225,0.22556732759314294,0.5669355384347048,0.5669355384347048,0.3413682108415619,True,True
"Amazon.com, Inc.",2022-11-11,2022-11-14,1,flat,flat,0.27868782753334664,0.39428419914759893,0.3270279733190546,0.3270279733190546,-0.06725622582854435,False,True
"Amazon.com, Inc.",2022-11-14,2022-11-15,1,flat,down,0.4236548902552523,0.366416270776994,0.20992883896775377,0.4236548902552523,0.05723861947825831,True,False
"Amazon.com, Inc.",2022-11-15,2022-11-16,1,down,flat,0.2819422602966053,0.44762683483131815,0.270430904872077,0.2819422602966053,-0.16568457453471286,False,False
"Amazon.com, Inc.",2022-11-16,2022-11-17,1,flat,flat,0.39701305651413155,0.43901866765186204,0.16396827583400678,0.39701305651413155,-0.04200561113773049,False,True
"Amazon.com, Inc.",2022-11-17,2022-11-18,1,flat,flat,0.33189384567753255,0.48661605450353973,0.18149009981892786,0.33189384567753255,-0.15472220882600718,False,True
"Amazon.com, Inc.",2022-11-18,2022-11-21,1,down,flat,0.2859485302627068,0.46333830276521765,0.25071316697207574,0.2859485302627068,-0.17738977250251087,False,False
"Amazon.com, Inc.",2022-11-21,2022-11-22,1,flat,flat,0.39264700108314277,0.42726195159359104,0.18009104732326642,0.39264700108314277,-0.03461495051044827,False,True
"Amazon.com, Inc.",2022-11-22,2022-11-23,1,flat,flat,0.27646871853638777,0.4444925280528276,0.27903875341078477,0.27903875341078477,-0.1654537746420428,False,True
"Amazon.com, Inc.",2022-11-23,2022-11-25,1,flat,flat,0.1928582983551474,0.5140585434653242,0.2930831581795287,0.2930831581795287,-0.22097538528579552,False,True
"Amazon.com, Inc.",2022-11-25,2022-11-28,1,flat,flat,0.23160513762947849,0.5033571750766485,0.26503768729387334,0.26503768729387334,-0.23831948778277512,False,True
"Amazon.com, Inc.",2022-11-28,2022-11-29,1,down,flat,0.27854570119245237,0.36365484594295094,0.3577994528645967,0.3577994528645967,-0.005855393078354254,False,False
"Amazon.com, Inc.",2022-11-29,2022-11-30,1,flat,flat,0.32041919407068997,0.4892301964047442,0.19035060952456612,0.32041919407068997,-0.16881100233405422,False,True
"Amazon.com, Inc.",2022-11-30,2022-12-01,1,up,flat,0.26289844440072374,0.39152441038845065,0.3455771452108256,0.3455771452108256,-0.04594726517762504,False,False
"Amazon.com, Inc.",2022-12-01,2022-12-02,1,down,flat,0.24887170175995366,0.4743360619382471,0.27679223630179944,0.27679223630179944,-0.19754382563644768,False,False
"Amazon.com, Inc.",2022-12-02,2022-12-05,1,down,flat,0.3889216551140787,0.46526155571581573,0.14581678917010565,0.3889216551140787,-0.07633990060173701,False,False
"Amazon.com, Inc.",2022-12-05,2022-12-06,1,down,flat,0.39205341697166257,0.440580939470273,0.16736564355806463,0.39205341697166257,-0.04852752249861042,False,False
"Amazon.com, Inc.",2022-12-06,2022-12-07,1,flat,flat,0.3732943572909586,0.43887845904625133,0.1878271836627903,0.3732943572909586,-0.06558410175529272,False,True
"Amazon.com, Inc.",2022-12-07,2022-12-08,1,flat,flat,0.3216265821806281,0.3959258103296619,0.2824476074897101,0.3216265821806281,-0.07429922814903378,False,True
"Amazon.com, Inc.",2022-12-08,2022-12-09,1,flat,flat,0.2271196266039292,0.3986911185195833,0.3741892548764877,0.3741892548764877,-0.02450186364309559,False,True
"Amazon.com, Inc.",2022-12-09,2022-12-12,1,flat,flat,0.3317660034122871,0.35969230929033236,0.3085416872973805,0.3317660034122871,-0.027926305878045232,False,True
"Amazon.com, Inc.",2022-12-12,2022-12-13,1,up,up,0.2725551356792936,0.33680077444838974,0.39064408987231664,0.39064408987231664,0.053843315423926896,True,True
"Amazon.com, Inc.",2022-12-13,2022-12-14,1,down,up,0.21842001305215708,0.2420165508633738,0.5395634360844692,0.5395634360844692,0.2975468852210954,True,False
"Amazon.com, Inc.",2022-12-14,2022-12-15,1,down,down,0.4549700357127066,0.36703686905837074,0.1779930952289227,0.4549700357127066,0.08793316665433587,True,True
"Amazon.com, Inc.",2022-12-15,2022-12-16,1,flat,down,0.4860787631584596,0.38808557091696705,0.12583566592457357,0.4860787631584596,0.09799319224149255,True,False
"Amazon.com, Inc.",2022-12-16,2022-12-19,1,down,down,0.4739158166153037,0.2738305409636612,0.25225364242103476,0.4739158166153037,0.20008527565164247,True,True
"Amazon.com, Inc.",2022-12-19,2022-12-20,1,flat,flat,0.3287961632171801,0.4184910683521882,0.25271276843063184,0.3287961632171801,-0.08969490513500811,False,True
"Amazon.com, Inc.",2022-12-20,2022-12-21,1,flat,flat,0.31658041079844074,0.3930644989546047,0.2903550902469547,0.31658041079844074,-0.07648408815616398,False,True
"Amazon.com, Inc.",2022-12-21,2022-12-22,1,down,up,0.2004336926579563,0.3928806148620703,0.40668569247997344,0.40668569247997344,0.013805077617903116,True,False
"Amazon.com, Inc.",2022-12-22,2022-12-23,1,flat,down,0.48790751009676153,0.3187286091271533,0.19336388077608513,0.48790751009676153,0.16917890096960825,True,False
"Amazon.com, Inc.",2022-12-23,2022-12-27,1,flat,up,0.2740204110296491,0.31940134623798105,0.4065782427323697,0.4065782427323697,0.08717689649438864,True,False
"Amazon.com, Inc.",2022-12-27,2022-12-28,1,down,flat,0.2746434684244274,0.3749865429835185,0.3503699885920542,0.3503699885920542,-0.024616554391464318,False,False
"Amazon.com, Inc.",2022-12-28,2022-12-29,1,flat,flat,0.3407683660501234,0.3700135273055766,0.2892181066443002,0.3407683660501234,-0.029245161255453178,False,True
"Amazon.com, Inc.",2022-12-29,2022-12-30,1,flat,up,0.2180503463289185,0.38484264377032007,0.3971070099007615,0.3971070099007615,0.012264366130441406,True,False
"Amazon.com, Inc.",2022-12-30,2023-01-03,1,up,flat,0.29875361298228453,0.40053323551616843,0.30071315150154715,0.30071315150154715,-0.09982008401462128,False,False
"Amazon.com, Inc.",2023-01-03,2023-01-04,1,flat,up,0.26465382637748613,0.3150259952486156,0.42032017837389835,0.42032017837389835,0.10529418312528277,True,False
"Amazon.com, Inc.",2023-01-04,2023-01-05,1,down,flat,0.3455964817012849,0.3937187055652287,0.2606848127334866,0.3455964817012849,-0.048122223863943825,False,False
"Amazon.com, Inc.",2023-01-05,2023-01-06,1,flat,flat,0.3823297994300099,0.4411602762599506,0.1765099243100398,0.3823297994300099,-0.05883047682994069,False,True
"Amazon.com, Inc.",2023-01-06,2023-01-09,1,up,down,0.3581984832793777,0.35014066040211467,0.2916608563185077,0.3581984832793777,0.008057822877263032,True,False
"Amazon.com, Inc.",2023-01-09,2023-01-10,1,flat,up,0.23818708145350276,0.3015700224285943,0.4602428961179028,0.4602428961179028,0.1586728736893085,True,False
"Amazon.com, Inc.",2023-01-10,2023-01-11,1,up,flat,0.33708871601335094,0.35493955672384025,0.30797172726280886,0.33708871601335094,-0.017850840710489313,False,False
"Amazon.com, Inc.",2023-01-11,2023-01-12,1,up,up,0.2651897764267484,0.22487688457444704,0.5099333389988046,0.5099333389988046,0.2850564544243575,True,True
"Amazon.com, Inc.",2023-01-12,2023-01-13,1,flat,down,0.345349882689267,0.3213461880060843,0.3333039293046488,0.345349882689267,0.024003694683182697,True,False
"Amazon.com, Inc.",2023-01-13,2023-01-17,1,flat,flat,0.3462986417910141,0.37051203091164053,0.2831893272973454,0.3462986417910141,-0.024213389120626427,False,True
"Amazon.com, Inc.",2023-01-17,2023-01-18,1,flat,flat,0.36133449131681705,0.3628798385455148,0.2757856701376682,0.36133449131681705,-0.0015453472286977576,False,True
"Amazon.com, Inc.",2023-01-18,2023-01-19,1,down,flat,0.36080400116130684,0.4141800209901857,0.22501597784850771,0.36080400116130684,-0.05337601982887885,False,False
"Amazon.com, Inc.",2023-01-19,2023-01-20,1,flat,flat,0.40455302588304465,0.43309784902322257,0.16234912509373312,0.40455302588304465,-0.028544823140177922,False,True
"Amazon.com, Inc.",2023-01-20,2023-01-23,1,up,up,0.23200720213170073,0.3786157208492491,0.38937707701905044,0.38937707701905044,0.01076135616980134,True,True
"Amazon.com, Inc.",2023-01-23,2023-01-24,1,flat,flat,0.2229758182188834,0.38978713060591064,0.38723705117520624,0.38723705117520624,-0.0025500794307043995,False,True
"Amazon.com, Inc.",2023-01-24,2023-01-25,1,down,flat,0.36796049042576384,0.41237996547709965,0.21965954409713678,0.36796049042576384,-0.04441947505133581,False,False
"Amazon.com, Inc.",2023-01-25,2023-01-26,1,up,down,0.5032191379876559,0.33725569048274456,0.15952517152959955,0.5032191379876559,0.16596344750491138,True,False
"Amazon.com, Inc.",2023-01-26,2023-01-27,1,up,up,0.24126419738293545,0.3434398408771862,0.4152959617398784,0.4152959617398784,0.07185612086269222,True,True
"Amazon.com, Inc.",2023-01-27,2023-01-30,1,flat,up,0.20149774017523414,0.3032107931570379,0.49529146666772783,0.49529146666772783,0.19208067351068991,True,False
"Amazon.com, Inc.",2023-01-30,2023-01-31,1,up,down,0.3998642802968236,0.3783373999463079,0.22179831975686876,0.3998642802968236,0.021526880350515698,True,False
"Amazon.com, Inc.",2023-01-31,2023-02-01,1,up,up,0.2500109084755368,0.37197420239631895,0.3780148891281442,0.3780148891281442,0.006040686731825229,True,True
"Amazon.com, Inc.",2023-02-01,2023-02-02,1,up,up,0.23742768308986695,0.32882329544198097,0.433749021468152,0.433749021468152,0.104925726026171,True,True
"Amazon.com, Inc.",2023-02-02,2023-02-03,1,down,up,0.19922111366402873,0.21283826744709233,0.5879406188888789,0.5879406188888789,0.3751023514417866,True,False
"Amazon.com, Inc.",2023-02-03,2023-02-06,1,down,down,0.5736898789919505,0.29126090441941765,0.1350492165886321,0.5736898789919505,0.2824289745725328,True,True
"Amazon.com, Inc.",2023-02-06,2023-02-07,1,down,flat,0.358325623418622,0.4236768930762676,0.21799748350511053,0.358325623418622,-0.0653512696576456,False,False
"Amazon.com, Inc.",2023-02-07,2023-02-08,1,flat,down,0.37990158513474837,0.3493425431436029,0.2707558717216486,0.37990158513474837,0.030559041991145452,True,False
"Amazon.com, Inc.",2023-02-08,2023-02-09,1,flat,flat,0.26364130991860824,0.41717512954466696,0.3191835605367249,0.3191835605367249,-0.09799156900794204,False,True
"Amazon.com, Inc.",2023-02-09,2023-02-10,1,down,flat,0.36214928049740086,0.39059005278646786,0.24726066671613123,0.36214928049740086,-0.028440772289066996,False,False
"Amazon.com, Inc.",2023-02-10,2023-02-13,1,flat,flat,0.36292056235191344,0.41672473673549,0.22035470091259662,0.36292056235191344,-0.05380417438357654,False,True
"Amazon.com, Inc.",2023-02-13,2023-02-14,1,flat,flat,0.1820746020042935,0.4943175195019244,0.32360787849378236,0.32360787849378236,-0.170709641008142,False,True
"Amazon.com, Inc.",2023-02-14,2023-02-15,1,flat,flat,0.19666355448757955,0.48512377038294674,0.3182126751294739,0.3182126751294739,-0.16691109525347286,False,True
"Amazon.com, Inc.",2023-02-15,2023-02-16,1,flat,flat,0.2340522438834994,0.5407131393968758,0.22523461671962514,0.2340522438834994,-0.3066608955133764,False,True
"Amazon.com, Inc.",2023-02-16,2023-02-17,1,down,down,0.4184289539862315,0.39856101880624434,0.18301002720752418,0.4184289539862315,0.01986793517998714,True,True
"Amazon.com, Inc.",2023-02-17,2023-02-21,1,down,flat,0.4165510359195193,0.42543106025099453,0.15801790382948638,0.4165510359195193,-0.008880024331475223,False,False
"Amazon.com, Inc.",2023-02-21,2023-02-22,1,flat,down,0.4211897098868872,0.3814529262094685,0.19735736390364403,0.4211897098868872,0.039736783677418674,True,False
"Amazon.com, Inc.",2023-02-22,2023-02-23,1,flat,flat,0.2264069486508336,0.4564669977380002,0.3171260536111663,0.3171260536111663,-0.1393409441268339,False,True
"Amazon.com, Inc.",2023-02-23,2023-02-24,1,down,flat,0.30107855974218045,0.44553184095752485,0.2533895993002949,0.30107855974218045,-0.1444532812153444,False,False
"Amazon.com, Inc.",2023-02-24,2023-02-27,1,flat,down,0.49866795754439763,0.3295839082462543,0.17174813420934804,0.49866795754439763,0.16908404929814336,True,False
"Amazon.com, Inc.",2023-02-27,2023-02-28,1,flat,flat,0.22780548120268124,0.4689890521391467,0.3032054666581725,0.3032054666581725,-0.16578358548097422,False,True
"Amazon.com, Inc.",2023-02-28,2023-03-01,1,flat,flat,0.3162307659108784,0.43437193180435696,0.24939730228476498,0.3162307659108784,-0.11814116589347856,False,True
"Amazon.com, Inc.",2023-03-01,2023-03-02,1,down,down,0.3977716636310699,0.36515624728250684,0.2370720890864232,0.3977716636310699,0.032615416348563075,True,True
"Amazon.com, Inc.",2023-03-02,2023-03-03,1,up,down,0.4205834041754459,0.37805341743374427,0.20136317839080997,0.4205834041754459,0.04252998674170161,True,False
"Amazon.com, Inc.",2023-03-03,2023-03-06,1,flat,up,0.24887342501792004,0.36230060928612917,0.38882596569595085,0.38882596569595085,0.026525356409821677,True,False
"Amazon.com, Inc.",2023-03-06,2023-03-07,1,down,flat,0.29621800461183634,0.3536633604319496,0.35011863495621404,0.35011863495621404,-0.0035447254757355884,False,False
"Amazon.com, Inc.",2023-03-07,2023-03-08,1,flat,down,0.47378856570004085,0.3452090835445129,0.18100235075544627,0.47378856570004085,0.12857948215552795,True,False
"Amazon.com, Inc.",2023-03-08,2023-03-09,1,flat,down,0.43803813547977566,0.35757696294402924,0.20438490157619507,0.43803813547977566,0.08046117253574642,True,False
"Amazon.com, Inc.",2023-03-09,2023-03-10,1,down,flat,0.34435014350982307,0.35813311187401736,0.29751674461615996,0.34435014350982307,-0.013782968364194292,False,False
"Amazon.com, Inc.",2023-03-10,2023-03-13,1,flat,down,0.4892992794799265,0.33479033753248943,0.17591038298758413,0.4892992794799265,0.15450894194743708,True,False
"Amazon.com, Inc.",2023-03-13,2023-03-14,1,up,down,0.42037816675659523,0.34520126517126826,0.23442056807213663,0.42037816675659523,0.07517690158532697,True,False
"Amazon.com, Inc.",2023-03-14,2023-03-15,1,flat,up,0.24500888515587255,0.33437737951024643,0.42061373533388113,0.42061373533388113,0.0862363558236347,True,False
"Amazon.com, Inc.",2023-03-15,2023-03-16,1,up,flat,0.32878420473990233,0.3479615336602441,0.32325426159985376,0.32878420473990233,-0.019177328920341796,False,False
"Amazon.com, Inc.",2023-03-16,2023-03-17,1,flat,up,0.25962202347269253,0.28099269342985816,0.4593852830974492,0.4593852830974492,0.17839258966759103,True,False
"Amazon.com, Inc.",2023-03-17,2023-03-20,1,down,flat,0.2879888342966924,0.3660005246709568,0.34601064103235096,0.34601064103235096,-0.01998988363860582,False,False
"Amazon.com, Inc.",2023-03-20,2023-03-21,1,up,down,0.41196194198522584,0.37876906027515445,0.2092689977396199,0.41196194198522584,0.0331928817100714,True,False
"Amazon.com, Inc.",2023-03-21,2023-03-22,1,flat,up,0.23521431901335527,0.3815447883162744,0.3832408926703702,0.3832408926703702,0.0016961043540957843,True,False
"Amazon.com, Inc.",2023-03-22,2023-03-23,1,flat,flat,0.24443247576718852,0.4151332884755341,0.3404342357572775,0.3404342357572775,-0.07469905271825661,False,True
"Amazon.com, Inc.",2023-03-23,2023-03-24,1,down,down,0.40695477811326186,0.3871611643590012,0.20588405752773703,0.40695477811326186,0.01979361375426064,True,True
"Amazon.com, Inc.",2023-03-24,2023-03-27,1,flat,flat,0.39101253422459914,0.43559893201062017,0.173388533764781,0.39101253422459914,-0.044586397786021026,False,True
"Amazon.com, Inc.",2023-03-27,2023-03-28,1,flat,flat,0.23371196633256863,0.44545200437188,0.32083602929555166,0.32083602929555166,-0.12461597507632832,False,True
"Amazon.com, Inc.",2023-03-28,2023-03-29,1,up,flat,0.32429733094173907,0.44505352113307717,0.23064914792518398,0.32429733094173907,-0.1207561901913381,False,False
"Amazon.com, Inc.",2023-03-29,2023-03-30,1,up,up,0.1820830109783629,0.3490508206317021,0.4688661683899348,0.4688661683899348,0.11981534775823266,True,True
"Amazon.com, Inc.",2023-03-30,2023-03-31,1,flat,up,0.19046448795692944,0.3723051707400078,0.4372303413030628,0.4372303413030628,0.06492517056305502,True,False
"Amazon.com, Inc.",2023-03-31,2023-04-03,1,flat,flat,0.256871123505631,0.388441088045881,0.3546877884484881,0.3546877884484881,-0.03375329959739293,False,True
"Amazon.com, Inc.",2023-04-03,2023-04-04,1,flat,flat,0.33533921008775863,0.451862090030347,0.2127986998818948,0.33533921008775863,-0.11652287994258836,False,True
"Amazon.com, Inc.",2023-04-04,2023-04-05,1,flat,up,0.21947153713157141,0.3638670893797624,0.41666137348866616,0.41666137348866616,0.052794284108903744,True,False
"Amazon.com, Inc.",2023-04-05,2023-04-06,1,down,flat,0.37854001824930705,0.41014402963342617,0.211315952117267,0.37854001824930705,-0.03160401138411911,False,False
"Amazon.com, Inc.",2023-04-06,2023-04-10,1,flat,down,0.40912474723197245,0.38107686674177815,0.2097983860262496,0.40912474723197245,0.0280478804901943,True,False
"Amazon.com, Inc.",2023-04-10,2023-04-11,1,down,flat,0.24985359477340646,0.44940619861616116,0.30074020661043255,0.30074020661043255,-0.1486659920057286,False,False
"Amazon.com, Inc.",2023-04-11,2023-04-12,1,down,down,0.46912757651287657,0.335546111645751,0.19532631184137234,0.46912757651287657,0.13358146486712558,True,True
"Amazon.com, Inc.",2023-04-12,2023-04-13,1,up,down,0.4348524810131354,0.3298353941551492,0.23531212483171537,0.4348524810131354,0.10501708685798622,True,False
"Amazon.com, Inc.",2023-04-13,2023-04-14,1,up,up,0.22227447233621198,0.3353093340066804,0.44241619365710777,0.44241619365710777,0.10710685965042738,True,True
"Amazon.com, Inc.",2023-04-14,2023-04-17,1,flat,flat,0.24695074955401214,0.3915688099333256,0.36148044051266237,0.36148044051266237,-0.03008836942066323,False,True
"Amazon.com, Inc.",2023-04-17,2023-04-18,1,flat,flat,0.27915921980547675,0.44105888160066076,0.2797818985938627,0.2797818985938627,-0.16127698300679805,False,True
"Amazon.com, Inc.",2023-04-18,2023-04-19,1,flat,flat,0.26202780057355296,0.43853146423061745,0.2994407351958298,0.2994407351958298,-0.13909072903478764,False,True
"Amazon.com, Inc.",2023-04-19,2023-04-20,1,flat,down,0.38851449099719226,0.2893971576675594,0.32208835133524805,0.38851449099719226,0.09911733332963285,True,False
"Amazon.com, Inc.",2023-04-20,2023-04-21,1,up,up,0.23562100618507328,0.3796121508736723,0.3847668429412546,0.3847668429412546,0.005154692067582345,True,True
"Amazon.com, Inc.",2023-04-21,2023-04-24,1,flat,up,0.2530539699431106,0.24561253875038053,0.5013334913065088,0.5013334913065088,0.2557209525561283,True,False
"Amazon.com, Inc.",2023-04-24,2023-04-25,1,down,flat,0.31220178925126396,0.3557568846989338,0.33204132604980235,0.33204132604980235,-0.02371555864913144,False,False
"Amazon.com, Inc.",2023-04-25,2023-04-26,1,up,down,0.5174210516787368,0.3328230352945495,0.14975591302671382,0.5174210516787368,0.18459801638418727,True,False
"Amazon.com, Inc.",2023-04-26,2023-04-27,1,up,up,0.2258323256251133,0.3665147775907717,0.4076528967841151,0.4076528967841151,0.04113811919334337,True,True
"Amazon.com, Inc.",2023-04-27,2023-04-28,1,down,up,0.28442976842891277,0.18378186798117185,0.5317883635899153,0.5317883635899153,0.34800649560874347,True,False
"Amazon.com, Inc.",2023-04-28,2023-05-01,1,down,down,0.5796137854746051,0.2628487855734335,0.15753742895196135,0.5796137854746051,0.3167649999011716,True,True
"Amazon.com, Inc.",2023-05-01,2023-05-02,1,flat,down,0.4274569904585591,0.3203832999657563,0.25215970957568457,0.4274569904585591,0.1070736904928028,True,False
"Amazon.com, Inc.",2023-05-02,2023-05-03,1,up,down,0.39104898210478817,0.35544872405345684,0.25350229384175493,0.39104898210478817,0.035600258051331324,True,False
"Amazon.com, Inc.",2023-05-03,2023-05-04,1,flat,up,0.18859125331633375,0.4008540124210747,0.4105547342625916,0.4105547342625916,0.00970072184151688,True,False
"Amazon.com, Inc.",2023-05-04,2023-05-05,1,flat,flat,0.2762297799394754,0.44137459903409426,0.28239562102643057,0.28239562102643057,-0.1589789780076637,False,True
"Amazon.com, Inc.",2023-05-05,2023-05-08,1,flat,up,0.23884251495786588,0.37449105286031537,0.38666643218181873,0.38666643218181873,0.012175379321503366,True,False
"Amazon.com, Inc.",2023-05-08,2023-05-09,1,flat,flat,0.22325171803723554,0.4663802645441896,0.310368017418575,0.310368017418575,-0.15601224712561462,False,True
"Amazon.com, Inc.",2023-05-09,2023-05-10,1,up,flat,0.2047446587682782,0.5043854383726144,0.29086990285910763,0.29086990285910763,-0.21351553551350677,False,False
"Amazon.com, Inc.",2023-05-10,2023-05-11,1,up,up,0.17577608924109417,0.26667165937725523,0.5575522513816504,0.5575522513816504,0.2908805920043952,True,True
"Amazon.com, Inc.",2023-05-11,2023-05-12,1,flat,up,0.23734862004119056,0.2948904690084585,0.4677609109503509,0.4677609109503509,0.17287044194189238,True,False
"Amazon.com, Inc.",2023-05-12,2023-05-15,1,flat,flat,0.3625356753335085,0.4212833106725542,0.21618101399393763,0.3625356753335085,-0.0587476353390457,False,True
"Amazon.com, Inc.",2023-05-15,2023-05-16,1,up,flat,0.3217547723543407,0.4431735270869762,0.23507170055868337,0.3217547723543407,-0.12141875473263553,False,False
"Amazon.com, Inc.",2023-05-16,2023-05-17,1,up,up,0.21838107279257973,0.3634163247904103,0.4182026024170099,0.4182026024170099,0.0547862776265996,True,True
"Amazon.com, Inc.",2023-05-17,2023-05-18,1,up,up,0.20521564407664122,0.3656650683496029,0.4291192875737557,0.4291192875737557,0.06345421922415284,True,True
"Amazon.com, Inc.",2023-05-18,2023-05-19,1,flat,up,0.22956785998596768,0.3536689147443249,0.41676322526970744,0.41676322526970744,0.06309431052538256,True,False
"Amazon.com, Inc.",2023-05-19,2023-05-22,1,down,flat,0.3469454791865633,0.42456250136021284,0.22849201945322423,0.3469454791865633,-0.07761702217364952,False,False
"Amazon.com, Inc.",2023-05-22,2023-05-23,1,flat,down,0.4451856836191673,0.37731655452611523,0.1774977618547175,0.4451856836191673,0.0678691290930521,True,False
"Amazon.com, Inc.",2023-05-23,2023-05-24,1,flat,flat,0.356783740103241,0.36960875469722954,0.2736075051995295,0.356783740103241,-0.012825014593988548,False,True
"Amazon.com, Inc.",2023-05-24,2023-05-25,1,flat,up,0.18736420058130865,0.38148445554553234,0.431151343873159,0.431151343873159,0.04966688832762667,True,False
"Amazon.com, Inc.",2023-05-25,2023-05-26,1,up,down,0.35901016923741513,0.35264571424825586,0.2883441165143293,0.35901016923741513,0.006364454989159274,True,False
"Amazon.com, Inc.",2023-05-26,2023-05-30,1,up,up,0.22581373821202155,0.23021686538598501,0.5439693964019934,0.5439693964019934,0.31375253101600836,True,True
"Amazon.com, Inc.",2023-05-30,2023-05-31,1,flat,up,0.278717726152349,0.2897787671058121,0.43150350674183896,0.43150350674183896,0.1417247396360269,True,False
"Amazon.com, Inc.",2023-05-31,2023-06-01,1,flat,down,0.48019352690831774,0.28413620698821246,0.2356702661034696,0.48019352690831774,0.19605731992010528,True,False
"Amazon.com, Inc.",2023-06-01,2023-06-02,1,up,up,0.26203208074060846,0.3584380975223224,0.37952982173706923,0.37952982173706923,0.02109172421474681,True,True
"Amazon.com, Inc.",2023-06-02,2023-06-05,1,flat,up,0.22410145442902807,0.29864859669456656,0.47724994887640537,0.47724994887640537,0.1786013521818388,True,False
"Amazon.com, Inc.",2023-06-05,2023-06-06,1,up,flat,0.3430747452654198,0.42825595362763347,0.22866930110694705,0.3430747452654198,-0.08518120836221366,False,False
"Amazon.com, Inc.",2023-06-06,2023-06-07,1,down,flat,0.20635688054872753,0.44002295269167097,0.3536201667596016,0.3536201667596016,-0.08640278593206935,False,False
"Amazon.com, Inc.",2023-06-07,2023-06-08,1,flat,down,0.5383303301237269,0.2824714173177135,0.17919825255855942,0.5383303301237269,0.25585891280601336,True,False
"Amazon.com, Inc.",2023-06-08,2023-06-09,1,flat,flat,0.3171383874277545,0.3543785043202241,0.3284831082520215,0.3284831082520215,-0.025895396068202625,False,True
"Amazon.com, Inc.",2023-06-09,2023-06-12,1,flat,up,0.21668531753190573,0.3575029507648667,0.4258117317032276,0.4258117317032276,0.0683087809383609,True,False
"Amazon.com, Inc.",2023-06-12,2023-06-13,1,up,up,0.19574948767198017,0.35843138280838716,0.44581912951963265,0.44581912951963265,0.0873877467112455,True,True
"Amazon.com, Inc.",2023-06-13,2023-06-14,1,flat,up,0.19460163474478148,0.4020281717263612,0.40337019352885745,0.40337019352885745,0.0013420218024962627,True,False
"Amazon.com, Inc.",2023-06-14,2023-06-15,1,flat,flat,0.37124177075594234,0.384127698726894,0.24463053051716385,0.37124177075594234,-0.012885927970951672,False,True
"Amazon.com, Inc.",2023-06-15,2023-06-16,1,flat,flat,0.31632897203268084,0.3551691606923575,0.3285018672749618,0.3285018672749618,-0.02666729341739571,False,True
"Amazon.com, Inc.",2023-06-16,2023-06-20,1,flat,up,0.3260924113462635,0.2703194240841056,0.4035881645696308,0.4035881645696308,0.13326874048552523,True,False
"Amazon.com, Inc.",2023-06-20,2023-06-21,1,flat,down,0.35414732841900143,0.32992708006159943,0.31592559151939914,0.35414732841900143,0.024220248357401997,True,False
"Amazon.com, Inc.",2023-06-21,2023-06-22,1,up,flat,0.28976330630916886,0.3553329944070392,0.354903699283792,0.354903699283792,-0.00042929512324718644,False,False
"Amazon.com, Inc.",2023-06-22,2023-06-23,1,up,up,0.22588290797498434,0.2421339741881151,0.5319831178369004,0.5319831178369004,0.28984914364878533,True,True
"Amazon.com, Inc.",2023-06-23,2023-06-26,1,flat,up,0.2260019312527573,0.3379232030840006,0.43607486566324205,0.43607486566324205,0.09815166257924146,True,False
"Amazon.com, Inc.",2023-06-26,2023-06-27,1,flat,flat,0.34649658583807297,0.3639614196006813,0.2895419945612458,0.34649658583807297,-0.017464833762608323,False,True
"Amazon.com, Inc.",2023-06-27,2023-06-28,1,flat,flat,0.25360908306408697,0.44413078655718863,0.30226013037872457,0.30226013037872457,-0.14187065617846406,False,True
"Amazon.com, Inc.",2023-06-28,2023-06-29,1,down,up,0.20764553062365726,0.3932999301752287,0.3990545392011141,0.3990545392011141,0.0057546090258854266,True,False
"Amazon.com, Inc.",2023-06-29,2023-06-30,1,up,flat,0.35462225153888693,0.4014715276988996,0.24390622076221358,0.35462225153888693,-0.046849276160012665,False,False
"Amazon.com, Inc.",2023-06-30,2023-07-03,1,flat,up,0.18576696809482857,0.29220142402870736,0.522031607876464,0.522031607876464,0.2298301838477566,True,False
"Amazon.com, Inc.",2023-07-03,2023-07-05,1,flat,flat,0.20425587403993273,0.4692062905109958,0.32653783544907167,0.32653783544907167,-0.14266845506192416,False,True
"Amazon.com, Inc.",2023-07-05,2023-07-06,1,down,flat,0.3379184226355562,0.37892722160921766,0.2831543557552263,0.3379184226355562,-0.04100879897366144,False,False
"Amazon.com, Inc.",2023-07-06,2023-07-07,1,flat,flat,0.31662026704605806,0.4003194472447547,0.2830602857091873,0.31662026704605806,-0.08369918019869665,False,True
"Amazon.com, Inc.",2023-07-07,2023-07-10,1,down,up,0.16743957144545482,0.3605000175123756,0.47206041104216956,0.47206041104216956,0.11156039352979397,True,False
"Amazon.com, Inc.",2023-07-10,2023-07-11,1,flat,down,0.38157879455158616,0.36842428417085343,0.2499969212775605,0.38157879455158616,0.013154510380732731,True,False
"Amazon.com, Inc.",2023-07-11,2023-07-12,1,up,up,0.19940809682242802,0.31767997012611904,0.4829119330514528,0.4829119330514528,0.16523196292533376,True,True
"Amazon.com, Inc.",2023-07-12,2023-07-13,1,up,up,0.15695760180906684,0.3102837894538283,0.5327586087371048,0.5327586087371048,0.2224748192832765,True,True
"Amazon.com, Inc.",2023-07-13,2023-07-14,1,flat,up,0.17845329995333314,0.26681703343877466,0.5547296666078921,0.5547296666078921,0.28791263316911747,True,False
"Amazon.com, Inc.",2023-07-14,2023-07-17,1,flat,up,0.26646372851606015,0.3341138282952634,0.3994224431886765,0.3994224431886765,0.06530861489341305,True,False
"Amazon.com, Inc.",2023-07-17,2023-07-18,1,down,flat,0.3261370011796559,0.3675205035393879,0.3063424952809564,0.3261370011796559,-0.04138350235973204,False,False
"Amazon.com, Inc.",2023-07-18,2023-07-19,1,up,flat,0.3294480545684162,0.3985487309064065,0.27200321452517745,0.3294480545684162,-0.06910067633799033,False,False
"Amazon.com, Inc.",2023-07-19,2023-07-20,1,down,up,0.1801587384383814,0.29414953119255405,0.5256917303690644,0.5256917303690644,0.2315421991765103,True,False
"Amazon.com, Inc.",2023-07-20,2023-07-21,1,down,flat,0.348394546008929,0.3721973165392179,0.2794081374518532,0.348394546008929,-0.023802770530288897,False,False
"Amazon.com, Inc.",2023-07-21,2023-07-24,1,flat,down,0.5135450706178704,0.20506969622544208,0.2813852331566872,0.5135450706178704,0.3084753743924283,True,False
"Amazon.com, Inc.",2023-07-24,2023-07-25,1,flat,up,0.22819398106728978,0.370131943332252,0.4016740756004581,0.4016740756004581,0.03154213226820607,True,False
"Amazon.com, Inc.",2023-07-25,2023-07-26,1,down,flat,0.2615258882948342,0.3871783520369404,0.35129575966822546,0.35129575966822546,-0.03588259236871494,False,False
"Amazon.com, Inc.",2023-07-26,2023-07-27,1,up,flat,0.3598787204627243,0.374304222428611,0.265817057108665,0.3598787204627243,-0.014425501965886711,False,False
"Amazon.com, Inc.",2023-07-27,2023-07-28,1,flat,up,0.15135342061381574,0.2962883663878253,0.5523582129983589,0.5523582129983589,0.25606984661053356,True,False
"Amazon.com, Inc.",2023-07-28,2023-07-31,1,up,up,0.19836026467687087,0.2960146774145465,0.5056250579085824,0.5056250579085824,0.20961038049403585,True,True
"Amazon.com, Inc.",2023-07-31,2023-08-01,1,flat,up,0.1779193355109028,0.3692424172578735,0.45283824723122373,0.45283824723122373,0.08359582997335024,True,False
"Amazon.com, Inc.",2023-08-01,2023-08-02,1,down,flat,0.326520940690002,0.3944054599715939,0.2790735993384044,0.326520940690002,-0.06788451928159189,False,False
"Amazon.com, Inc.",2023-08-02,2023-08-03,1,flat,down,0.47230287118331526,0.34035862039895515,0.1873385084177297,0.47230287118331526,0.13194425078436012,True,False
"Amazon.com, Inc.",2023-08-03,2023-08-04,1,up,down,0.44807145713946905,0.2802453364468376,0.2716832064136931,0.44807145713946905,0.16782612069263148,True,False
"Amazon.com, Inc.",2023-08-04,2023-08-07,1,flat,up,0.18474176052474767,0.15526974709496388,0.6599884923802883,0.6599884923802883,0.5047187452853245,True,False
"Amazon.com, Inc.",2023-08-07,2023-08-08,1,flat,flat,0.3183576448285476,0.41674036055310976,0.26490199461834285,0.3183576448285476,-0.09838271572456214,False,True
"Amazon.com, Inc.",2023-08-08,2023-08-09,1,flat,flat,0.38874143732797617,0.39827929528098566,0.2129792673910384,0.38874143732797617,-0.009537857953009488,False,True
"Amazon.com, Inc.",2023-08-09,2023-08-10,1,flat,flat,0.27137554915754647,0.4552650695726974,0.27335938126975634,0.27335938126975634,-0.18190568830294107,False,True
"Amazon.com, Inc.",2023-08-10,2023-08-11,1,flat,flat,0.2674342170339955,0.40117823184324225,0.3313875511227623,0.3313875511227623,-0.06979068072047995,False,True
"Amazon.com, Inc.",2023-08-11,2023-08-14,1,flat,flat,0.24009615656740063,0.4286482685857168,0.3312555748468826,0.3312555748468826,-0.09739269373883419,False,True
"Amazon.com, Inc.",2023-08-14,2023-08-15,1,flat,flat,0.16346865441777142,0.4238551552957238,0.41267619028650476,0.41267619028650476,-0.011178965009219055,False,True
"Amazon.com, Inc.",2023-08-15,2023-08-16,1,down,flat,0.2822796575573924,0.43803107307666844,0.2796892693659394,0.2822796575573924,-0.15575141551927602,False,False
"Amazon.com, Inc.",2023-08-16,2023-08-17,1,down,flat,0.29612703298745413,0.4520992898365768,0.25177367717596916,0.29612703298745413,-0.1559722568491227,False,False
"Amazon.com, Inc.",2023-08-17,2023-08-18,1,down,flat,0.2635496016901999,0.4362249230156619,0.30022547529413834,0.30022547529413834,-0.13599944772152356,False,False
"Amazon.com, Inc.",2023-08-18,2023-08-21,1,flat,flat,0.27868650950521845,0.43334947295361165,0.28796401754117007,0.28796401754117007,-0.14538545541244158,False,True
"Amazon.com, Inc.",2023-08-21,2023-08-22,1,flat,flat,0.1406352637023096,0.4346362871690661,0.4247284491286243,0.4247284491286243,-0.009907838040441819,False,True
"Amazon.com, Inc.",2023-08-22,2023-08-23,1,flat,flat,0.16765755588647152,0.4847138663885993,0.3476285777249294,0.3476285777249294,-0.13708528866366992,False,True
"Amazon.com, Inc.",2023-08-23,2023-08-24,1,flat,flat,0.29385942280896443,0.3752864759404466,0.33085410125058906,0.33085410125058906,-0.04443237468985756,False,True
"Amazon.com, Inc.",2023-08-24,2023-08-25,1,down,flat,0.298542058665196,0.3956260764909307,0.3058318648438734,0.3058318648438734,-0.08979421164705725,False,False
"Amazon.com, Inc.",2023-08-25,2023-08-28,1,flat,flat,0.3204471329981565,0.40772173919355903,0.27183112780828445,0.3204471329981565,-0.0872746061954025,False,True
"Amazon.com, Inc.",2023-08-28,2023-08-29,1,flat,flat,0.17706532923317736,0.46048970607663275,0.36244496469019016,0.36244496469019016,-0.09804474138644259,False,True
"Amazon.com, Inc.",2023-08-29,2023-08-30,1,flat,flat,0.19348674473337493,0.41498993392915373,0.39152332133747136,0.39152332133747136,-0.023466612591682368,False,True
"Amazon.com, Inc.",2023-08-30,2023-08-31,1,up,flat,0.2212258903066484,0.43849253157205276,0.34028157812129906,0.34028157812129906,-0.0982109534507537,False,False
"Amazon.com, Inc.",2023-08-31,2023-09-01,1,up,up,0.17991415615404002,0.256657543356459,0.5634283004895009,0.5634283004895009,0.30677075713304186,True,True
"Amazon.com, Inc.",2023-09-01,2023-09-05,1,down,up,0.21926000371015633,0.31721316605753036,0.4635268302323132,0.4635268302323132,0.14631366417478286,True,False
"Amazon.com, Inc.",2023-09-05,2023-09-06,1,down,flat,0.371292853973524,0.3723838526173304,0.25632329340914584,0.371292853973524,-0.0010909986438064068,False,False
"Amazon.com, Inc.",2023-09-06,2023-09-07,1,flat,down,0.3484992579899384,0.3317472187606686,0.3197535232493931,0.3484992579899384,0.01675203922926982,True,False
"Amazon.com, Inc.",2023-09-07,2023-09-08,1,up,up,0.3428122760911942,0.2945120783358298,0.36267564557297605,0.36267564557297605,0.06816356723714623,True,True
"Amazon.com, Inc.",2023-09-08,2023-09-11,1,up,up,0.17200813765596662,0.303652774403561,0.5243390879404722,0.5243390879404722,0.22068631353691126,True,True
"Amazon.com, Inc.",2023-09-11,2023-09-12,1,flat,up,0.16342717235361245,0.20872922705776437,0.6278436005886232,0.6278436005886232,0.41911437353085884,True,False
"Amazon.com, Inc.",2023-09-12,2023-09-13,1,flat,up,0.27567996328130834,0.3246181503302488,0.39970188638844284,0.39970188638844284,0.07508373605819402,True,False
"Amazon.com, Inc.",2023-09-13,2023-09-14,1,up,up,0.23809563820675567,0.22969830144244696,0.5322060603507972,0.5322060603507972,0.30250775890835024,True,True
"Amazon.com, Inc.",2023-09-14,2023-09-15,1,down,up,0.23688882500503794,0.23420636685295076,0.5289048081420111,0.5289048081420111,0.29469844128906036,True,False
"Amazon.com, Inc.",2023-09-15,2023-09-18,1,down,down,0.5517521259142981,0.23811650148908195,0.21013137259661963,0.5517521259142981,0.3136356244252162,True,True
"Amazon.com, Inc.",2023-09-18,2023-09-19,1,down,up,0.2893983997505465,0.338058230498129,0.3725433697513244,0.3725433697513244,0.03448513925319541,True,False
"Amazon.com, Inc.",2023-09-19,2023-09-20,1,flat,down,0.4044238163285452,0.36312825244634733,0.23244793122510765,0.4044238163285452,0.04129556388219785,True,False
"Amazon.com, Inc.",2023-09-20,2023-09-21,1,down,up,0.2653603379764787,0.35985216575974865,0.3747874962637726,0.3747874962637726,0.014935330504023958,True,False
"Amazon.com, Inc.",2023-09-21,2023-09-22,1,flat,down,0.4889581213469276,0.31884222223490843,0.19219965641816403,0.4889581213469276,0.1701158991120192,True,False
"Amazon.com, Inc.",2023-09-22,2023-09-25,1,flat,up,0.30876851230766905,0.2993242093140459,0.3919072783782852,0.3919072783782852,0.0925830690642393,True,False
"Amazon.com, Inc.",2023-09-25,2023-09-26,1,down,up,0.25798403813791815,0.2908606626296667,0.45115529923241526,0.45115529923241526,0.16029463660274856,True,False
"Amazon.com, Inc.",2023-09-26,2023-09-27,1,down,down,0.453830218257869,0.31314544224813173,0.23302433949399934,0.453830218257869,0.14068477600973728,True,True
"Amazon.com, Inc.",2023-09-27,2023-09-28,1,flat,up,0.3108651535181153,0.2939175804251549,0.39521726605672963,0.39521726605672963,0.10129968563157471,True,False
"Amazon.com, Inc.",2023-09-28,2023-09-29,1,up,up,0.2685071928439622,0.2948253522778832,0.4366674548781546,0.4366674548781546,0.1418421026002714,True,True
"Amazon.com, Inc.",2023-09-29,2023-10-02,1,flat,up,0.18231395806246958,0.33026718425499824,0.4874188576825322,0.4874188576825322,0.15715167342753394,True,False
"Amazon.com, Inc.",2023-10-02,2023-10-03,1,down,up,0.26053780002208016,0.3327807629968591,0.40668143698106063,0.40668143698106063,0.07390067398420153,True,False
"Amazon.com, Inc.",2023-10-03,2023-10-04,1,flat,down,0.40519613143497735,0.37746711552778367,0.21733675303723915,0.40519613143497735,0.027729015907193677,True,False
"Amazon.com, Inc.",2023-10-04,2023-10-05,1,flat,up,0.2991992065994282,0.3432105775636066,0.3575902158369652,0.3575902158369652,0.014379638273358586,True,False
"Amazon.com, Inc.",2023-10-05,2023-10-06,1,flat,flat,0.3349744935287332,0.3513790728838774,0.3136464335873895,0.3349744935287332,-0.016404579355144167,False,True
"Amazon.com, Inc.",2023-10-06,2023-10-09,1,flat,up,0.29519100888436733,0.33659018495112325,0.36821880616450947,0.36821880616450947,0.03162862121338622,True,False
"Amazon.com, Inc.",2023-10-09,2023-10-10,1,up,flat,0.26282047786686413,0.3709574809144634,0.36622204121867263,0.36622204121867263,-0.004735439695790766,False,False
"Amazon.com, Inc.",2023-10-10,2023-10-11,1,flat,up,0.21089460180404265,0.37426586017708485,0.41483953801887274,0.41483953801887274,0.04057367784178789,True,False
"Amazon.com, Inc.",2023-10-11,2023-10-12,1,up,flat,0.2409812994104133,0.38260388095550096,0.37641481963408585,0.37641481963408585,-0.0061890613214151124,False,False
"Amazon.com, Inc.",2023-10-12,2023-10-13,1,down,up,0.23575723567381016,0.2942775708230977,0.46996519350309207,0.46996519350309207,0.17568762267999438,True,False
"Amazon.com, Inc.",2023-10-13,2023-10-16,1,flat,flat,0.3689375183293446,0.40184108511999195,0.22922139655066376,0.3689375183293446,-0.03290356679064732,False,True
"Amazon.com, Inc.",2023-10-16,2023-10-17,1,flat,flat,0.2371479804973598,0.400515422256176,0.3623365972464642,0.3623365972464642,-0.03817882500971176,False,True
"Amazon.com, Inc.",2023-10-17,2023-10-18,1,down,down,0.35887055789708855,0.34711896330412007,0.2940104787987913,0.35887055789708855,0.011751594592968484,True,True
"Amazon.com, Inc.",2023-10-18,2023-10-19,1,flat,flat,0.3160235602155602,0.39431186025289533,0.28966457953154445,0.3160235602155602,-0.07828830003733511,False,True
"Amazon.com, Inc.",2023-10-19,2023-10-20,1,down,up,0.2719326857976275,0.31023215460254056,0.41783515959983164,0.41783515959983164,0.10760300499729109,True,False
"Amazon.com, Inc.",2023-10-20,2023-10-23,1,flat,flat,0.3670933614973976,0.383975354133401,0.24893128436920148,0.3670933614973976,-0.01688199263600343,False,True
"Amazon.com, Inc.",2023-10-23,2023-10-24,1,up,flat,0.3137052758864024,0.3491723129431923,0.3371224111704054,0.3371224111704054,-0.012049901772786864,False,False
"Amazon.com, Inc.",2023-10-24,2023-10-25,1,down,up,0.15478698689712161,0.3399552052271333,0.505257807875745,0.505257807875745,0.16530260264861174,True,False
"Amazon.com, Inc.",2023-10-25,2023-10-26,1,down,down,0.562300872253173,0.2849743257768615,0.1527248019699653,0.562300872253173,0.27732654647631155,True,True
"Amazon.com, Inc.",2023-10-26,2023-10-27,1,up,down,0.49352419793068825,0.26106539454935174,0.24541040751995985,0.49352419793068825,0.2324588033813365,True,False
"Amazon.com, Inc.",2023-10-27,2023-10-30,1,up,up,0.19234269574724774,0.21463228642743876,0.5930250178253134,0.5930250178253134,0.3783927313978746,True,True
"Amazon.com, Inc.",2023-10-30,2023-10-31,1,up,up,0.2963743068893421,0.3349861202198893,0.3686395728907686,0.3686395728907686,0.03365345267087927,True,True
"Amazon.com, Inc.",2023-10-31,2023-11-01,1,up,flat,0.33902301916241884,0.3502020695335297,0.31077491130405144,0.33902301916241884,-0.011179050371110888,False,False
"Amazon.com, Inc.",2023-11-01,2023-11-02,1,up,up,0.2611271165787803,0.29980228010751564,0.43907060331370396,0.43907060331370396,0.13926832320618832,True,True
"Amazon.com, Inc.",2023-11-02,2023-11-03,1,flat,flat,0.2740357287675868,0.3639710806991585,0.36199319053325474,0.36199319053325474,-0.001977890165903773,False,True
"Amazon.com, Inc.",2023-11-03,2023-11-06,1,flat,flat,0.2561558296604731,0.42884418234645805,0.31499998799306905,0.31499998799306905,-0.113844194353389,False,True
"Amazon.com, Inc.",2023-11-06,2023-11-07,1,up,flat,0.22815284623933008,0.42798858759612934,0.3438585661645407,0.3438585661645407,-0.08413002143158865,False,False
"Amazon.com, Inc.",2023-11-07,2023-11-08,1,flat,up,0.20834978406999632,0.3392457886066162,0.45240442732338737,0.45240442732338737,0.11315863871677118,True,False
"Amazon.com, Inc.",2023-11-08,2023-11-09,1,flat,flat,0.23318274158708346,0.44939701751426425,0.3174202408986525,0.3174202408986525,-0.13197677661561175,False,True
"Amazon.com, Inc.",2023-11-09,2023-11-10,1,flat,flat,0.2923365230737269,0.5129295391535849,0.19473393777268871,0.2923365230737269,-0.22059301607985798,False,True
"Amazon.com, Inc.",2023-11-10,2023-11-13,1,flat,up,0.23470548260614987,0.36814574046130494,0.397148776932545,0.397148776932545,0.029003036471240085,True,False
"Amazon.com, Inc.",2023-11-13,2023-11-14,1,up,flat,0.2058011914372609,0.46112228927330556,0.33307651928943377,0.33307651928943377,-0.1280457699838718,False,False
"Amazon.com, Inc.",2023-11-14,2023-11-15,1,flat,up,0.1524944911729728,0.22816554722618165,0.6193399616008454,0.6193399616008454,0.3911744143746637,True,False
"Amazon.com, Inc.",2023-11-15,2023-11-16,1,down,down,0.3932752783393727,0.32953781631591966,0.2771869053447077,0.3932752783393727,0.06373746202345304,True,True
"Amazon.com, Inc.",2023-11-16,2023-11-17,1,up,down,0.3994296928792469,0.3499969667991134,0.2505733403216398,0.3994296928792469,0.04943272608013349,True,False
"Amazon.com, Inc.",2023-11-17,2023-11-20,1,up,up,0.14574282935449254,0.2695934559357674,0.5846637147097399,0.5846637147097399,0.3150702587739725,True,True
"Amazon.com, Inc.",2023-11-20,2023-11-21,1,down,up,0.15969891457298585,0.40890185615213615,0.43139922927487806,0.43139922927487806,0.022497373122741915,True,False
"Amazon.com, Inc.",2023-11-21,2023-11-22,1,up,down,0.4458205195580084,0.33253901683174714,0.2216404636102446,0.4458205195580084,0.11328150272626125,True,False
"Amazon.com, Inc.",2023-11-22,2023-11-24,1,flat,up,0.16094035586530536,0.3381188590900235,0.5009407850446712,0.5009407850446712,0.16282192595464773,True,False
"Amazon.com, Inc.",2023-11-24,2023-11-27,1,up,flat,0.20075183785038236,0.493545829955377,0.3057023321942408,0.3057023321942408,-0.18784349776113618,False,False
"Amazon.com, Inc.",2023-11-27,2023-11-28,1,down,up,0.2210426759021167,0.24710590929362306,0.5318514148042601,0.5318514148042601,0.28474550551063704,True,False
"Amazon.com, Inc.",2023-11-28,2023-11-29,1,flat,down,0.3888310066583106,0.3246732190262942,0.2864957743153952,0.3888310066583106,0.0641577876320164,True,False
"Amazon.com, Inc.",2023-11-29,2023-11-30,1,down,up,0.2136257873980626,0.3772781047357851,0.4090961078661524,0.4090961078661524,0.03181800313036731,True,False
"Amazon.com, Inc.",2023-11-30,2023-12-01,1,flat,down,0.48451056328856545,0.2768363910379818,0.23865304567345264,0.48451056328856545,0.20767417225058366,True,False
"Amazon.com, Inc.",2023-12-01,2023-12-04,1,down,up,0.18138164905135884,0.32166373439151374,0.49695461655712725,0.49695461655712725,0.1752908821656135,True,False
"Amazon.com, Inc.",2023-12-04,2023-12-05,1,flat,flat,0.35376656378951643,0.3692766580977451,0.2769567781127386,0.35376656378951643,-0.015510094308228695,False,True
"Amazon.com, Inc.",2023-12-05,2023-12-06,1,flat,up,0.17390110750163157,0.2898432740179684,0.5362556184803999,0.5362556184803999,0.24641234446243154,True,False
"Amazon.com, Inc.",2023-12-06,2023-12-07,1,flat,up,0.19653417587156471,0.3353738037512512,0.4680920203771841,0.4680920203771841,0.13271821662593292,True,False
"Amazon.com, Inc.",2023-12-07,2023-12-08,1,flat,up,0.24865191718136673,0.28227224294589226,0.46907583987274076,0.46907583987274076,0.1868035969268485,True,False
"Amazon.com, Inc.",2023-12-08,2023-12-11,1,down,up,0.32770784623526306,0.3131391655447596,0.3591529882199774,0.3591529882199774,0.04601382267521775,True,False
"Amazon.com, Inc.",2023-12-11,2023-12-12,1,flat,down,0.4320192201767332,0.29181707246411037,0.2761637073591563,0.4320192201767332,0.14020214771262285,True,False
"Amazon.com, Inc.",2023-12-12,2023-12-13,1,up,up,0.1899552787233803,0.2911852198077868,0.5188595014688329,0.5188595014688329,0.22767428166104609,True,True
"Amazon.com, Inc.",2023-12-13,2023-12-14,1,flat,up,0.1785778717647001,0.26776408494397286,0.553658043291327,0.553658043291327,0.2858939583473541,True,False
"Amazon.com, Inc.",2023-12-14,2023-12-15,1,flat,up,0.3273475865173175,0.2977439128660342,0.3749085006166484,0.3749085006166484,0.07716458775061419,True,False
"Amazon.com, Inc.",2023-12-15,2023-12-18,1,up,up,0.31411180737411815,0.1996353679832937,0.48625282464258823,0.48625282464258823,0.2866174566592945,True,True
"Amazon.com, Inc.",2023-12-18,2023-12-19,1,up,up,0.20255547686372805,0.2938550543698999,0.5035894687663721,0.5035894687663721,0.20973441439647222,True,True
"Amazon.com, Inc.",2023-12-19,2023-12-20,1,flat,up,0.2364078576983828,0.2960614046795764,0.4675307376220404,0.4675307376220404,0.17146933294246397,True,False
"Amazon.com, Inc.",2023-12-20,2023-12-21,1,flat,down,0.3942913430976672,0.3183441490852542,0.28736450781707856,0.3942913430976672,0.07594719401241301,True,False
"Amazon.com, Inc.",2023-12-21,2023-12-22,1,flat,flat,0.2468865133446828,0.41010560238216076,0.34300788427315654,0.34300788427315654,-0.06709771810900422,False,True
"Amazon.com, Inc.",2023-12-22,2023-12-26,1,flat,flat,0.2209595476804755,0.45933283201669106,0.3197076203028335,0.3197076203028335,-0.13962521171385756,False,True
"Amazon.com, Inc.",2023-12-26,2023-12-27,1,flat,flat,0.284275905232555,0.4214215313847524,0.2943025633826927,0.2943025633826927,-0.12711896800205974,False,True
"Amazon.com, Inc.",2023-12-27,2023-12-28,1,flat,flat,0.3111208870089526,0.34984453900127543,0.3390345739897722,0.3390345739897722,-0.01080996501150322,False,True
"Amazon.com, Inc.",2023-12-28,2023-12-29,1,down,flat,0.2924650222998385,0.4111268700805268,0.296408107619635,0.296408107619635,-0.1147187624608918,False,False
"Amazon.com, Inc.",2023-12-29,2024-01-02,1,down,down,0.3763635356521556,0.31839730236503383,0.3052391619828107,0.3763635356521556,0.05796623328712175,True,True
"Amazon.com, Inc.",2024-01-02,2024-01-03,1,down,flat,0.3284794591768235,0.3759840804180039,0.2955364604051729,0.3284794591768235,-0.047504621241180434,False,False
"Amazon.com, Inc.",2024-01-03,2024-01-04,1,down,flat,0.2794934823555826,0.37140670354652583,0.3490998140978917,0.3490998140978917,-0.022306889448634126,False,False
"Amazon.com, Inc.",2024-01-04,2024-01-05,1,flat,down,0.39334828562729024,0.36364572291130914,0.2430059914614009,0.39334828562729024,0.029702562715981096,True,False
"Amazon.com, Inc.",2024-01-05,2024-01-08,1,up,up,0.2788623569606037,0.3264076926389654,0.3947299504004309,0.3947299504004309,0.0683222577614655,True,True
"Amazon.com, Inc.",2024-01-08,2024-01-09,1,up,up,0.1572355831716284,0.2853772183533143,0.5573871984750571,0.5573871984750571,0.2720099801217428,True,True
"Amazon.com, Inc.",2024-01-09,2024-01-10,1,up,up,0.18729670198126613,0.2863151449865827,0.526388153032151,0.526388153032151,0.2400730080455683,True,True
"Amazon.com, Inc.",2024-01-10,2024-01-11,1,up,up,0.2013275470374361,0.2451453672085388,0.553527085754025,0.553527085754025,0.3083817185454862,True,True
"Amazon.com, Inc.",2024-01-11,2024-01-12,1,flat,up,0.21586719095535664,0.23504642833147646,0.5490863807131667,0.5490863807131667,0.31403995238169025,True,False
"Amazon.com, Inc.",2024-01-12,2024-01-16,1,down,up,0.32175184250109123,0.31691936265993237,0.3613287948389764,0.3613287948389764,0.04440943217904403,True,False
"Amazon.com, Inc.",2024-01-16,2024-01-17,1,down,flat,0.31565139226460653,0.42030526007375224,0.2640433476616415,0.31565139226460653,-0.1046538678091457,False,False
"Amazon.com, Inc.",2024-01-17,2024-01-18,1,up,flat,0.3606008641538547,0.3900546618006271,0.24934447404551827,0.3606008641538547,-0.02945379764677236,False,False
"Amazon.com, Inc.",2024-01-18,2024-01-19,1,up,up,0.1703709077151008,0.2946113938030286,0.5350176984818704,0.5350176984818704,0.24040630467884183,True,True
"Amazon.com, Inc.",2024-01-19,2024-01-22,1,flat,up,0.22423982671710183,0.25840481742840316,0.5173553558544949,0.5173553558544949,0.2589505384260917,True,False
"Amazon.com, Inc.",2024-01-22,2024-01-23,1,flat,up,0.2353068103037371,0.2982031934919299,0.4664899962043329,0.4664899962043329,0.16828680271240298,True,False
"Amazon.com, Inc.",2024-01-23,2024-01-24,1,up,down,0.37200429071292906,0.3088302528961262,0.3191654563909446,0.37200429071292906,0.06317403781680286,True,False
"Amazon.com, Inc.",2024-01-24,2024-01-25,1,flat,up,0.19031010463109316,0.27972339663002466,0.5299664987388821,0.5299664987388821,0.2502431021088575,True,False
"Amazon.com, Inc.",2024-01-25,2024-01-26,1,up,flat,0.340801732633484,0.38650210158042464,0.27269616578609174,0.340801732633484,-0.04570036894694063,False,False
"Amazon.com, Inc.",2024-01-26,2024-01-29,1,flat,up,0.18985533489905898,0.264408831258425,0.5457358338425159,0.5457358338425159,0.2813270025840909,True,False
"Amazon.com, Inc.",2024-01-29,2024-01-30,1,flat,up,0.24069817550180173,0.3216530925744695,0.4376487319237286,0.4376487319237286,0.1159956393492591,True,False
"Amazon.com, Inc.",2024-01-30,2024-01-31,1,down,down,0.36402730095142505,0.3426827660129128,0.29328993303566225,0.36402730095142505,0.02134453493851224,True,True
"Amazon.com, Inc.",2024-01-31,2024-02-01,1,flat,down,0.4498453715931323,0.3624157251967882,0.1877389032100795,0.4498453715931323,0.0874296463963441,True,False
"Amazon.com, Inc.",2024-02-01,2024-02-02,1,up,up,0.29667798025155045,0.2328494410589847,0.4704725786894649,0.4704725786894649,0.2376231376304802,True,True
"Amazon.com, Inc.",2024-02-02,2024-02-05,1,flat,up,0.15839157160266487,0.1555466011678699,0.6860618272294652,0.6860618272294652,0.5305152260615953,True,False
"Amazon.com, Inc.",2024-02-05,2024-02-06,1,flat,down,0.41686091890858024,0.34966997668251265,0.2334691044089073,0.41686091890858024,0.06719094222606758,True,False
"Amazon.com, Inc.",2024-02-06,2024-02-07,1,flat,down,0.42655590817811506,0.3594963631452316,0.21394772867665357,0.42655590817811506,0.06705954503288347,True,False
"Amazon.com, Inc.",2024-02-07,2024-02-08,1,flat,flat,0.29304175556256234,0.4304416143882308,0.2765166300492071,0.29304175556256234,-0.13739985882566846,False,True
"Amazon.com, Inc.",2024-02-08,2024-02-09,1,up,flat,0.38251191734047624,0.3999494467340087,0.2175386359255151,0.38251191734047624,-0.017437529393532436,False,False
"Amazon.com, Inc.",2024-02-09,2024-02-12,1,flat,up,0.22025976333049652,0.30481384536578354,0.47492639130371994,0.47492639130371994,0.1701125459379364,True,False
"Amazon.com, Inc.",2024-02-12,2024-02-13,1,down,flat,0.3401369809705872,0.37252420175347656,0.2873388172759366,0.3401369809705872,-0.03238722078288936,False,False
"Amazon.com, Inc.",2024-02-13,2024-02-14,1,flat,down,0.4473835763272857,0.41677973890246317,0.13583668477025154,0.4473835763272857,0.030603837424822533,True,False
"Amazon.com, Inc.",2024-02-14,2024-02-15,1,flat,flat,0.21284039985726413,0.4414242445894134,0.3457353555533227,0.3457353555533227,-0.09568888903609069,False,True
"Amazon.com, Inc.",2024-02-15,2024-02-16,1,flat,flat,0.31955839572760286,0.4191823052151755,0.261259299057222,0.31955839572760286,-0.09962390948757266,False,True
"Amazon.com, Inc.",2024-02-16,2024-02-20,1,down,flat,0.2965715880518093,0.47107490320871925,0.23235350873947166,0.2965715880518093,-0.17450331515690998,False,False
"Amazon.com, Inc.",2024-02-20,2024-02-21,1,flat,flat,0.24787558085723632,0.552958853839628,0.19916556530313584,0.24787558085723632,-0.30508327298239163,False,True
"Amazon.com, Inc.",2024-02-21,2024-02-22,1,up,flat,0.2363038046950982,0.46621641797826147,0.29747977732664066,0.29747977732664066,-0.1687366406516208,False,False
"Amazon.com, Inc.",2024-02-22,2024-02-23,1,flat,up,0.20345236929160104,0.32625915017268214,0.4702884805357168,0.4702884805357168,0.14402933036303467,True,False
"Amazon.com, Inc.",2024-02-23,2024-02-26,1,flat,up,0.33674547659024734,0.3258591575952575,0.3373953658144953,0.3373953658144953,0.011536208219237787,True,False
"Amazon.com, Inc.",2024-02-26,2024-02-27,1,down,flat,0.33260680410103405,0.38278645393512445,0.2846067419638417,0.33260680410103405,-0.0501796498340904,False,False
"Amazon.com, Inc.",2024-02-27,2024-02-28,1,flat,flat,0.34172751848744787,0.4114125162101381,0.24685996530241436,0.34172751848744787,-0.06968499772269021,False,True
"Amazon.com, Inc.",2024-02-28,2024-02-29,1,up,flat,0.3072274142824989,0.45431974854283574,0.23845283717466575,0.3072274142824989,-0.14709233426033685,False,False
"Amazon.com, Inc.",2024-02-29,2024-03-01,1,up,up,0.24436253753900972,0.3169411919421797,0.43869627051881066,0.43869627051881066,0.12175507857663098,True,True
"Amazon.com, Inc.",2024-03-01,2024-03-04,1,flat,flat,0.2575806612122081,0.3993761859375953,0.34304315285019676,0.34304315285019676,-0.05633303308739851,False,True
"Amazon.com, Inc.",2024-03-04,2024-03-05,1,down,down,0.3762542384164907,0.29863031780113625,0.3251154437823731,0.3762542384164907,0.07762392061535445,True,True
"Amazon.com, Inc.",2024-03-05,2024-03-06,1,flat,down,0.45927045807728845,0.3266045477806637,0.21412499414204775,0.45927045807728845,0.13266591029662472,True,False
"Amazon.com, Inc.",2024-03-06,2024-03-07,1,flat,flat,0.3361893782874907,0.3958628813463077,0.26794774036620195,0.3361893782874907,-0.05967350305881702,False,True
"Amazon.com, Inc.",2024-03-07,2024-03-08,1,flat,flat,0.2705423349169679,0.3847822111752739,0.3446754539077587,0.3446754539077587,-0.04010675726751517,False,True
"Amazon.com, Inc.",2024-03-08,2024-03-11,1,down,down,0.3578699849733023,0.3383004586859978,0.30382955634069986,0.3578699849733023,0.019569526287304517,True,True
"Amazon.com, Inc.",2024-03-11,2024-03-12,1,up,flat,0.3634097123613745,0.396395505120239,0.24019478251838677,0.3634097123613745,-0.03298579275886454,False,False
"Amazon.com, Inc.",2024-03-12,2024-03-13,1,up,up,0.27157197469194333,0.3358397371205809,0.39258828818747593,0.39258828818747593,0.056748551066895025,True,True
"Amazon.com, Inc.",2024-03-13,2024-03-14,1,up,up,0.25607626326231436,0.32735423599227226,0.41656950074541343,0.41656950074541343,0.08921526475314118,True,True
"Amazon.com, Inc.",2024-03-14,2024-03-15,1,down,up,0.2630901697603111,0.20807537893266323,0.5288344513070256,0.5288344513070256,0.3207590723743623,True,False
"Amazon.com, Inc.",2024-03-15,2024-03-18,1,flat,down,0.5085896559304546,0.23928559152334658,0.2521247525461987,0.5085896559304546,0.26930406440710797,True,False
"Amazon.com, Inc.",2024-03-18,2024-03-19,1,flat,flat,0.33331357660823785,0.38567892793990716,0.2810074954518551,0.33331357660823785,-0.05236535133166931,False,True
"Amazon.com, Inc.",2024-03-19,2024-03-20,1,up,flat,0.3091630755892134,0.40589766035843117,0.2849392640523556,0.3091630755892134,-0.09673458476921776,False,False
"Amazon.com, Inc.",2024-03-20,2024-03-21,1,up,up,0.27347523539281215,0.31952300985398274,0.4070017547532051,0.4070017547532051,0.08747874489922236,True,True
"Amazon.com, Inc.",2024-03-21,2024-03-22,1,down,up,0.2886183073045827,0.2760781526842671,0.43530354001115024,0.43530354001115024,0.15922538732688313,True,False
"Amazon.com, Inc.",2024-03-22,2024-03-25,1,flat,down,0.40791372693908634,0.308994053476309,0.2830922195846044,0.40791372693908634,0.09891967346277736,True,False
"Amazon.com, Inc.",2024-03-25,2024-03-26,1,flat,up,0.3311919532512603,0.29935918085323066,0.3694488658955091,0.3694488658955091,0.07008968504227847,True,False
"Amazon.com, Inc.",2024-03-26,2024-03-27,1,flat,down,0.35948506363461963,0.3327205007062385,0.30779443565914194,0.35948506363461963,0.02676456292838114,True,False
"Amazon.com, Inc.",2024-03-27,2024-03-28,1,flat,down,0.3704861594929444,0.3124572402153081,0.3170566002917474,0.3704861594929444,0.058028919277636315,True,False
"Amazon.com, Inc.",2024-03-28,2024-04-01,1,flat,up,0.3318788695124507,0.2842329934573574,0.38388813703019187,0.38388813703019187,0.09965514357283445,True,False
"Amazon.com, Inc.",2024-04-01,2024-04-02,1,down,up,0.324734867843808,0.2998716946631229,0.3753934374930691,0.3753934374930691,0.07552174282994617,True,False
"Amazon.com, Inc.",2024-04-02,2024-04-03,1,up,down,0.42679013775056923,0.29083240545157707,0.2823774567978534,0.42679013775056923,0.13595773229899216,True,False
"Amazon.com, Inc.",2024-04-03,2024-04-04,1,flat,up,0.3054395378640713,0.31191888769741377,0.382641574438515,0.382641574438515,0.07072268674110122,True,False
"Amazon.com, Inc.",2024-04-04,2024-04-05,1,up,up,0.3155840024820975,0.26992835822645267,0.4144876392914498,0.4144876392914498,0.14455928106499716,True,True
"Amazon.com, Inc.",2024-04-05,2024-04-08,1,up,up,0.3253775568939854,0.28006322358225144,0.39455921952376327,0.39455921952376327,0.11449599594151183,True,True
"Amazon.com, Inc.",2024-04-08,2024-04-09,1,flat,up,0.3170603160393431,0.2848793401530896,0.39806034380756733,0.39806034380756733,0.11318100365447775,True,False
"Amazon.com, Inc.",2024-04-09,2024-04-10,1,down,down,0.4032779851320037,0.25090567170421824,0.3458163431637781,0.4032779851320037,0.15237231342778546,True,True
"Amazon.com, Inc.",2024-04-10,2024-04-11,1,up,down,0.44142827519688427,0.2719494744222763,0.2866222503808391,0.44142827519688427,0.16947880077460797,True,False
"Amazon.com, Inc.",2024-04-11,2024-04-12,1,flat,up,0.2771361325256159,0.2691910597272072,0.453672807747177,0.453672807747177,0.1844817480199698,True,False
"Amazon.com, Inc.",2024-04-12,2024-04-15,1,down,down,0.43993931763141936,0.26807024011092595,0.29199044225765447,0.43993931763141936,0.1718690775204934,True,True
"Amazon.com, Inc.",2024-04-15,2024-04-16,1,down,down,0.47844075904363603,0.23398675333134458,0.2875724876250192,0.47844075904363603,0.24445400571229145,True,True
"Amazon.com, Inc.",2024-04-16,2024-04-17,1,flat,down,0.40758213377249186,0.34599898247143,0.24641888375607823,0.40758213377249186,0.061583151301061845,True,False
"Amazon.com, Inc.",2024-04-17,2024-04-18,1,down,down,0.3874567199116796,0.3429750116391235,0.269568268449197,0.3874567199116796,0.04448170827255615,True,True
"Amazon.com, Inc.",2024-04-18,2024-04-19,1,down,flat,0.36999271160214997,0.38897984592181506,0.24102744247603528,0.36999271160214997,-0.01898713431966509,False,False
"Amazon.com, Inc.",2024-04-19,2024-04-22,1,flat,down,0.50753249671461,0.2775007175887795,0.2149667856966105,0.50753249671461,0.2300317791258305,True,False
"Amazon.com, Inc.",2024-04-22,2024-04-23,1,flat,flat,0.2567434541036849,0.4062825714406606,0.3369739744556546,0.3369739744556546,-0.06930859698500602,False,True
"Amazon.com, Inc.",2024-04-23,2024-04-24,1,flat,up,0.26324179629014965,0.3457392602934897,0.3910189434163609,0.3910189434163609,0.04527968312287117,True,False
"Amazon.com, Inc.",2024-04-24,2024-04-25,1,down,up,0.3251791341081295,0.32170140709919515,0.3531194587926755,0.3531194587926755,0.03141805169348033,True,False
"Amazon.com, Inc.",2024-04-25,2024-04-26,1,up,down,0.49806037817140725,0.33634320379569216,0.16559641803290082,0.49806037817140725,0.1617171743757151,True,False
"Amazon.com, Inc.",2024-04-26,2024-04-29,1,up,up,0.19771465538726612,0.29401243023317425,0.5082729143795598,0.5082729143795598,0.21426048414638554,True,True
"Amazon.com, Inc.",2024-04-29,2024-04-30,1,down,up,0.28886533207431764,0.2751725354903557,0.4359621324353267,0.4359621324353267,0.16078959694497102,True,False
"Amazon.com, Inc.",2024-04-30,2024-05-01,1,up,down,0.5687485141359803,0.21354379492663134,0.21770769093738812,0.5687485141359803,0.35520471920934893,True,False
"Amazon.com, Inc.",2024-05-01,2024-05-02,1,flat,down,0.3836163742472307,0.24141035780459325,0.37497326794817587,0.3836163742472307,0.14220601644263747,True,False
"Amazon.com, Inc.",2024-05-02,2024-05-03,1,up,flat,0.3348079739430255,0.3479097239662866,0.31728230209068775,0.3348079739430255,-0.013101750023261083,False,False
"Amazon.com, Inc.",2024-05-03,2024-05-06,1,flat,up,0.32519730630384824,0.3348444876993736,0.3399582059967781,0.3399582059967781,0.005113718297404535,True,False
"Amazon.com, Inc.",2024-05-06,2024-05-07,1,flat,down,0.38084036631526264,0.32405603662449867,0.29510359706023853,0.38084036631526264,0.05678432969076397,True,False
"Amazon.com, Inc.",2024-05-07,2024-05-08,1,flat,down,0.36933054973435897,0.3243218107434024,0.3063476395222386,0.36933054973435897,0.04500873899095659,True,False
"Amazon.com, Inc.",2024-05-08,2024-05-09,1,flat,down,0.40833408539182614,0.3682702578829379,0.22339565672523592,0.40833408539182614,0.04006382750888826,True,False
"Amazon.com, Inc.",2024-05-09,2024-05-10,1,flat,up,0.3033426903186212,0.293594845772697,0.40306246390868183,0.40306246390868183,0.10946761813598482,True,False
"Amazon.com, Inc.",2024-05-10,2024-05-13,1,flat,down,0.4259263488889482,0.33704848021221046,0.23702517089884095,0.4259263488889482,0.08887786867673775,True,False
"Amazon.com, Inc.",2024-05-13,2024-05-14,1,flat,flat,0.38151863699961874,0.38452173809003554,0.23395962491034572,0.38151863699961874,-0.003003101090416793,False,True
"Amazon.com, Inc.",2024-05-14,2024-05-15,1,flat,down,0.4056397963445254,0.36640150354375045,0.22795870011172426,0.4056397963445254,0.039238292800774954,True,False
"Amazon.com, Inc.",2024-05-15,2024-05-16,1,flat,down,0.43046225648785097,0.2603552092225989,0.30918253428955,0.43046225648785097,0.17010704726525205,True,False
"Amazon.com, Inc.",2024-05-16,2024-05-17,1,flat,flat,0.33533121594337334,0.38122154066956093,0.2834472433870658,0.33533121594337334,-0.04589032472618759,False,True
"Amazon.com, Inc.",2024-05-17,2024-05-20,1,flat,down,0.3575378924195268,0.3546698254920103,0.2877922820884629,0.3575378924195268,0.0028680669275165105,True,False
"Amazon.com, Inc.",2024-05-20,2024-05-21,1,down,flat,0.29944835427197247,0.35340034977280044,0.3471512959552272,0.3471512959552272,-0.006249053817573236,False,False
"Amazon.com, Inc.",2024-05-21,2024-05-22,1,flat,down,0.41088832768387473,0.35210833490002014,0.23700333741610513,0.41088832768387473,0.058779992783854595,True,False
"Amazon.com, Inc.",2024-05-22,2024-05-23,1,down,up,0.24693614797693564,0.37101765248166574,0.38204619954139873,0.38204619954139873,0.011028547059732996,True,False
"Amazon.com, Inc.",2024-05-23,2024-05-24,1,down,down,0.3675322433056515,0.3661237097171679,0.2663440469771807,0.3675322433056515,0.0014085335884835848,True,True
"Amazon.com, Inc.",2024-05-24,2024-05-28,1,flat,flat,0.3293089644307927,0.3625885551406818,0.30810248042852584,0.3293089644307927,-0.03327959070988906,False,True
"Amazon.com, Inc.",2024-05-28,2024-05-29,1,up,down,0.427438692034602,0.2534647419239409,0.31909656604145675,0.427438692034602,0.17397395011066108,True,False
"Amazon.com, Inc.",2024-05-29,2024-05-30,1,down,up,0.3328434271206388,0.2651113334919024,0.40204523938745873,0.40204523938745873,0.13693390589555632,True,False
"Amazon.com, Inc.",2024-05-30,2024-05-31,1,down,down,0.43867482038341166,0.30204164696553143,0.25928353265105697,0.43867482038341166,0.13663317341788023,True,True
"Amazon.com, Inc.",2024-05-31,2024-06-03,1,flat,down,0.5302515180311533,0.1981844088712751,0.2715640730975713,0.5302515180311533,0.33206710915987825,True,False
"Amazon.com, Inc.",2024-06-03,2024-06-04,1,flat,flat,0.3015747361124747,0.35628277837771843,0.3421424855098069,0.3421424855098069,-0.01414029286791152,False,True
"Amazon.com, Inc.",2024-06-04,2024-06-05,1,up,up,0.31221300810020974,0.32036414556954507,0.36742284633024536,0.36742284633024536,0.04705870076070029,True,True
"Amazon.com, Inc.",2024-06-05,2024-06-06,1,up,up,0.27738148540591734,0.22490828784924613,0.49771022674483645,0.49771022674483645,0.27280193889559035,True,True
"Amazon.com, Inc.",2024-06-06,2024-06-07,1,up,up,0.27980855319835257,0.2792035422170488,0.44098790458459886,0.44098790458459886,0.16178436236755006,True,True
"Amazon.com, Inc.",2024-06-07,2024-06-10,1,flat,down,0.36064752634194297,0.28368706646904507,0.35566540718901185,0.36064752634194297,0.0769604598728979,True,False
"Amazon.com, Inc.",2024-06-10,2024-06-11,1,flat,down,0.34986826221494904,0.3119415547794302,0.33819018300562076,0.34986826221494904,0.03792670743551885,True,False
"Amazon.com, Inc.",2024-06-11,2024-06-12,1,flat,up,0.32876549361655927,0.3228627504134193,0.3483717559700213,0.3483717559700213,0.025509005556602016,True,False
"Amazon.com, Inc.",2024-06-12,2024-06-13,1,down,up,0.33706544258862703,0.31670196090024283,0.34623259651113014,0.34623259651113014,0.029530635610887312,True,False
"Amazon.com, Inc.",2024-06-13,2024-06-14,1,down,down,0.44559091019763836,0.30752806994470205,0.2468810198576596,0.44559091019763836,0.1380628402529363,True,True
"Amazon.com, Inc.",2024-06-14,2024-06-15,1,flat,flat,0.35466557805579546,0.3885905133540558,0.25674390859014895,0.35466557805579546,-0.03392493529826035,False,True
Apple Inc.,2021-07-27,2021-07-28,1,down,down,0.4724576797208977,0.2499165588422997,0.27762576143680273,0.4724576797208977,0.22254112087859798,True,True
Apple Inc.,2021-07-28,2021-07-29,1,flat,down,0.4020758976371448,0.31176791667217735,0.28615618569067797,0.4020758976371448,0.09030798096496745,True,False
Apple Inc.,2021-07-29,2021-07-30,1,flat,flat,0.20058080875895912,0.5490092311620967,0.2504099600789441,0.2504099600789441,-0.29859927108315254,False,True
Apple Inc.,2021-07-30,2021-08-02,1,flat,flat,0.2886125333325459,0.4542564460358782,0.2571310206315757,0.2886125333325459,-0.16564391270333234,False,True
Apple Inc.,2021-08-02,2021-08-03,1,flat,flat,0.26094082802470253,0.5246033121443983,0.21445585983089926,0.26094082802470253,-0.26366248411969573,False,True
Apple Inc.,2021-08-03,2021-08-04,1,flat,flat,0.2738987105922189,0.49238776291728786,0.23371352649049335,0.2738987105922189,-0.218489052325069,False,True
Apple Inc.,2021-08-04,2021-08-05,1,flat,flat,0.3024046452840642,0.43124938458062145,0.2663459701353144,0.3024046452840642,-0.12884473929655726,False,True
Apple Inc.,2021-08-05,2021-08-06,1,flat,flat,0.3155923187938377,0.4381830348022912,0.2462246464038712,0.3155923187938377,-0.1225907160084535,False,True
Apple Inc.,2021-08-06,2021-08-09,1,flat,flat,0.31341275465844354,0.4044007671140686,0.28218647822748777,0.31341275465844354,-0.09098801245562504,False,True
Apple Inc.,2021-08-09,2021-08-10,1,flat,flat,0.2496156917972181,0.473166849321665,0.27721745888111693,0.27721745888111693,-0.19594939044054804,False,True
Apple Inc.,2021-08-10,2021-08-11,1,flat,up,0.3012169086648747,0.34187819629982075,0.3569048950353044,0.3569048950353044,0.015026698735483679,True,False
Apple Inc.,2021-08-11,2021-08-12,1,up,flat,0.24286704035358442,0.4733674169570011,0.2837655426894144,0.2837655426894144,-0.18960187426758668,False,False
Apple Inc.,2021-08-12,2021-08-13,1,up,up,0.2409645745495348,0.33662772023299203,0.42240770521747295,0.42240770521747295,0.08577998498448092,True,True
Apple Inc.,2021-08-13,2021-08-16,1,flat,flat,0.24528103646846314,0.46370076539046035,0.29101819814107655,0.29101819814107655,-0.1726825672493838,False,True
Apple Inc.,2021-08-16,2021-08-17,1,up,up,0.3277983502203261,0.2415740323439311,0.43062761743574296,0.43062761743574296,0.18905358509181186,True,True
Apple Inc.,2021-08-17,2021-08-18,1,down,up,0.3027153259798755,0.3370631663975051,0.3602215076226194,0.3602215076226194,0.023158341225114287,True,False
Apple Inc.,2021-08-18,2021-08-19,1,down,down,0.38083862590366524,0.292365473037942,0.3267959010583928,0.38083862590366524,0.08847315286572321,True,True
Apple Inc.,2021-08-19,2021-08-20,1,up,up,0.3285931383461588,0.3331579645730234,0.33824889708081785,0.33824889708081785,0.005090932507794466,True,True
Apple Inc.,2021-08-20,2021-08-23,1,up,flat,0.22489145822352352,0.45933716131964236,0.3157713804568342,0.3157713804568342,-0.14356578086280813,False,False
Apple Inc.,2021-08-23,2021-08-24,1,flat,flat,0.2533861626406044,0.4736415187339854,0.27297231862541016,0.27297231862541016,-0.20066920010857525,False,True
Apple Inc.,2021-08-24,2021-08-25,1,flat,flat,0.2546550879012563,0.5092260376121208,0.23611887448662275,0.2546550879012563,-0.2545709497108645,False,True
Apple Inc.,2021-08-25,2021-08-26,1,down,down,0.3544982486661515,0.338397527118364,0.30710422421548456,0.3544982486661515,0.016100721547787467,True,True
Apple Inc.,2021-08-26,2021-08-27,1,flat,flat,0.29500801090636586,0.4104176674177974,0.29457432167583675,0.29500801090636586,-0.11540965651143154,False,True
Apple Inc.,2021-08-27,2021-08-30,1,up,flat,0.3219015117413444,0.34975920861473864,0.32833927964391696,0.32833927964391696,-0.021419928970821678,False,False
Apple Inc.,2021-08-30,2021-08-31,1,up,up,0.21849562689610647,0.2952010677093186,0.4863033053945749,0.4863033053945749,0.1911022376852563,True,True
Apple Inc.,2021-08-31,2021-09-01,1,flat,flat,0.33576643279910434,0.3789628239176861,0.28527074328320945,0.33576643279910434,-0.043196391118581756,False,True
Apple Inc.,2021-09-01,2021-09-02,1,flat,flat,0.3416643685826048,0.3615685136834504,0.2967671177339448,0.3416643685826048,-0.019904145100845594,False,True
Apple Inc.,2021-09-02,2021-09-03,1,flat,down,0.3622147976529957,0.35465090846276504,0.2831342938842393,0.3622147976529957,0.007563889190230655,True,False
Apple Inc.,2021-09-03,2021-09-07,1,up,flat,0.32776907565895375,0.38688391188132976,0.2853470124597165,0.32776907565895375,-0.05911483622237601,False,False
Apple Inc.,2021-09-07,2021-09-08,1,flat,up,0.2571632867459811,0.3108099364204737,0.4320267768335452,0.4320267768335452,0.12121684041307146,True,False
Apple Inc.,2021-09-08,2021-09-09,1,down,down,0.3755354968514896,0.356471657200856,0.2679928459476544,0.3755354968514896,0.01906383965063363,True,True
Apple Inc.,2021-09-09,2021-09-10,1,down,flat,0.3258163845604959,0.4339124797165931,0.2402711357229112,0.3258163845604959,-0.1080960951560972,False,False
Apple Inc.,2021-09-10,2021-09-13,1,down,down,0.3960672130368518,0.2552708439550666,0.34866194300808173,0.3960672130368518,0.14079636908178517,True,True
Apple Inc.,2021-09-13,2021-09-14,1,down,up,0.29475949835241677,0.3396460040266528,0.36559449762093055,0.36559449762093055,0.025948493594277755,True,False
Apple Inc.,2021-09-14,2021-09-15,1,flat,up,0.29357045185289793,0.3144219341696033,0.3920076139774987,0.3920076139774987,0.07758567980789544,True,False
Apple Inc.,2021-09-15,2021-09-16,1,flat,flat,0.31393373149305925,0.37761433229258234,0.3084519362143585,0.31393373149305925,-0.06368060079952309,False,True
Apple Inc.,2021-09-16,2021-09-17,1,down,flat,0.29960834537126896,0.4248686531612413,0.2755230014674898,0.29960834537126896,-0.12526030778997232,False,False
Apple Inc.,2021-09-17,2021-09-20,1,down,down,0.3712924254530611,0.2725049692748093,0.35620260527212955,0.3712924254530611,0.0987874561782518,True,True
Apple Inc.,2021-09-20,2021-09-21,1,flat,down,0.38740454500751786,0.3045366050162328,0.30805884997624944,0.38740454500751786,0.08286793999128506,True,False
Apple Inc.,2021-09-21,2021-09-22,1,up,flat,0.2659270808378731,0.40617864765201017,0.3278942715101166,0.3278942715101166,-0.0782843761418936,False,False
Apple Inc.,2021-09-22,2021-09-23,1,up,flat,0.28092051969844023,0.4219452000709996,0.2971342802305602,0.2971342802305602,-0.1248109198404394,False,False
Apple Inc.,2021-09-23,2021-09-24,1,flat,flat,0.27733206390538634,0.5179345167696553,0.20473341932495845,0.27733206390538634,-0.24060245286426896,False,True
Apple Inc.,2021-09-24,2021-09-27,1,down,flat,0.3104370885825445,0.4728149271854807,0.21674798423197486,0.3104370885825445,-0.1623778386029362,False,False
Apple Inc.,2021-09-27,2021-09-28,1,down,down,0.4089629264308976,0.28849333202327104,0.3025437415458314,0.4089629264308976,0.12046959440762656,True,True
Apple Inc.,2021-09-28,2021-09-29,1,flat,down,0.4049494951821939,0.2575876113574327,0.3374628934603734,0.4049494951821939,0.14736188382476123,True,False
Apple Inc.,2021-09-29,2021-09-30,1,flat,flat,0.29307595355029026,0.40439421299786815,0.30252983345184153,0.30252983345184153,-0.10186437954602662,False,True
Apple Inc.,2021-09-30,2021-10-01,1,down,down,0.35350173187635925,0.3400677919578029,0.30643047616583785,0.35350173187635925,0.013433939918556348,True,True
Apple Inc.,2021-10-01,2021-10-04,1,down,down,0.36588195713505256,0.347145082610826,0.2869729602541215,0.36588195713505256,0.018736874524226566,True,True
Apple Inc.,2021-10-04,2021-10-05,1,flat,down,0.3414204895948977,0.3411108482042907,0.3174686622008117,0.3414204895948977,0.00030964139060696283,True,False
Apple Inc.,2021-10-05,2021-10-06,1,flat,flat,0.308651702800423,0.39467224499381104,0.2966760522057659,0.308651702800423,-0.08602054219338806,False,True
Apple Inc.,2021-10-06,2021-10-07,1,up,flat,0.3473524033638037,0.36421372604211494,0.2884338705940815,0.3473524033638037,-0.016861322678311252,False,False
Apple Inc.,2021-10-07,2021-10-08,1,flat,flat,0.22317415830964096,0.5233474815579934,0.2534783601323656,0.2534783601323656,-0.2698691214256278,False,True
Apple Inc.,2021-10-08,2021-10-11,1,flat,flat,0.35158708070213973,0.43112907331767325,0.217283845980187,0.35158708070213973,-0.07954199261553352,False,True
Apple Inc.,2021-10-11,2021-10-12,1,flat,down,0.385263588940585,0.35935893268416935,0.25537747837524566,0.385263588940585,0.025904656256415637,True,False
Apple Inc.,2021-10-12,2021-10-13,1,down,down,0.3627804078164596,0.34332361335770334,0.29389597882583707,0.3627804078164596,0.019456794458756255,True,True
Apple Inc.,2021-10-13,2021-10-14,1,up,down,0.391057840028564,0.34001874028171386,0.26892341968972217,0.391057840028564,0.051039099746850114,True,False
Apple Inc.,2021-10-14,2021-10-15,1,up,flat,0.2529995960006495,0.4734424767769504,0.27355792722240013,0.27355792722240013,-0.19988454955455026,False,False
Apple Inc.,2021-10-15,2021-10-18,1,flat,flat,0.2808259729692787,0.4649256681870561,0.2542483588436653,0.2808259729692787,-0.18409969521777741,False,True
Apple Inc.,2021-10-18,2021-10-19,1,up,down,0.3621838095753342,0.36004878112780436,0.2777674092968615,0.3621838095753342,0.00213502844752983,True,False
Apple Inc.,2021-10-19,2021-10-20,1,flat,flat,0.26382971130167987,0.4234409645098388,0.31272932418848126,0.31272932418848126,-0.11071164032135755,False,True
Apple Inc.,2021-10-20,2021-10-21,1,flat,flat,0.29965290027893987,0.45733391183419847,0.24301318788686177,0.29965290027893987,-0.1576810115552586,False,True
Apple Inc.,2021-10-21,2021-10-22,1,flat,down,0.39944984835356573,0.34334175547844525,0.25720839616798896,0.39944984835356573,0.056108092875120474,True,False
Apple Inc.,2021-10-22,2021-10-25,1,flat,flat,0.31163197304337953,0.4175416215836928,0.27082640537292785,0.31163197304337953,-0.10590964854031326,False,True
Apple Inc.,2021-10-25,2021-10-26,1,up,flat,0.3267912458630722,0.4196091660422839,0.253599588094644,0.3267912458630722,-0.0928179201792117,False,False
Apple Inc.,2021-10-26,2021-10-27,1,flat,flat,0.25372169597443206,0.43908719219140896,0.307191111834159,0.307191111834159,-0.13189608035724998,False,True
Apple Inc.,2021-10-27,2021-10-28,1,up,flat,0.29180865307753323,0.4420458761669937,0.26614547075547323,0.29180865307753323,-0.15023722308946047,False,False
Apple Inc.,2021-10-28,2021-10-29,1,down,up,0.22511466442104439,0.2911270192274807,0.48375831635147476,0.48375831635147476,0.19263129712399407,True,False
Apple Inc.,2021-10-29,2021-11-01,1,flat,down,0.4011222844532121,0.30382583531574425,0.2950518802310437,0.4011222844532121,0.09729644913746782,True,False
Apple Inc.,2021-11-01,2021-11-02,1,flat,flat,0.2648657972394258,0.43461824348313366,0.3005159592774405,0.3005159592774405,-0.13410228420569315,False,True
Apple Inc.,2021-11-02,2021-11-03,1,up,flat,0.2680884791896701,0.43193099706124205,0.2999805237490879,0.2999805237490879,-0.13195047331215415,False,False
Apple Inc.,2021-11-03,2021-11-04,1,flat,flat,0.24172140937163772,0.5237514512661815,0.23452713936218095,0.24172140937163772,-0.2820300418945438,False,True
Apple Inc.,2021-11-04,2021-11-05,1,flat,flat,0.304440902218555,0.44784831070103925,0.24771078708040575,0.304440902218555,-0.14340740848248423,False,True
Apple Inc.,2021-11-05,2021-11-08,1,flat,flat,0.3386492881864113,0.3672279299809974,0.29412278183259133,0.3386492881864113,-0.02857864179458608,False,True
Apple Inc.,2021-11-08,2021-11-09,1,flat,flat,0.314185378529009,0.40009356862481166,0.28572105284617955,0.314185378529009,-0.08590819009580264,False,True
Apple Inc.,2021-11-09,2021-11-10,1,down,flat,0.29797400976650423,0.3880469230784379,0.31397906715505797,0.31397906715505797,-0.07406785592337994,False,False
Apple Inc.,2021-11-10,2021-11-11,1,flat,flat,0.346666156834227,0.3744747616094791,0.2788590815562938,0.346666156834227,-0.0278086047752521,False,True
Apple Inc.,2021-11-11,2021-11-12,1,flat,flat,0.24733262262464398,0.4801603543108366,0.27250702306451935,0.27250702306451935,-0.20765333124631724,False,True
Apple Inc.,2021-11-12,2021-11-15,1,up,up,0.3138557995787576,0.34069951137734156,0.3454446890439009,0.3454446890439009,0.004745177666559353,True,True
Apple Inc.,2021-11-15,2021-11-16,1,flat,flat,0.2558517318232729,0.4530314284981368,0.2911168396785903,0.2911168396785903,-0.1619145888195465,False,True
Apple Inc.,2021-11-16,2021-11-17,1,up,flat,0.32375303683801365,0.38561966969177386,0.2906272934702125,0.32375303683801365,-0.061866632853760206,False,False
Apple Inc.,2021-11-17,2021-11-18,1,up,up,0.23455205133844464,0.2762070317963644,0.48924091686519094,0.48924091686519094,0.21303388506882653,True,True
Apple Inc.,2021-11-18,2021-11-19,1,up,up,0.23317559287600814,0.27196240194647564,0.4948620051775162,0.4948620051775162,0.22289960323104058,True,True
Apple Inc.,2021-11-19,2021-11-22,1,up,flat,0.31754929510444985,0.3420712231897385,0.3403794817058118,0.3403794817058118,-0.0016917414839267009,False,False
Apple Inc.,2021-11-22,2021-11-23,1,down,down,0.35117513156707647,0.31860810546239177,0.33021676297053193,0.35117513156707647,0.032567026104684704,True,True
Apple Inc.,2021-11-23,2021-11-24,1,flat,down,0.46361727652777984,0.2750544232474291,0.26132830022479114,0.46361727652777984,0.18856285328035072,True,False
Apple Inc.,2021-11-24,2021-11-26,1,down,flat,0.3261568621708415,0.3831986673467264,0.2906444704824321,0.3261568621708415,-0.05704180517588492,False,False
Apple Inc.,2021-11-26,2021-11-29,1,up,down,0.4002868096047347,0.333305258251606,0.2664079321436595,0.4002868096047347,0.06698155135312867,True,False
Apple Inc.,2021-11-29,2021-11-30,1,up,flat,0.2506202773262439,0.4159656022079644,0.33341412046579166,0.33341412046579166,-0.08255148174217275,False,False
Apple Inc.,2021-11-30,2021-12-01,1,up,up,0.2573620528542424,0.31748708478761467,0.4251508623581429,0.4251508623581429,0.10766377757052825,True,True
Apple Inc.,2021-12-01,2021-12-02,1,down,flat,0.30116138905790335,0.40492594203588217,0.2939126689062145,0.30116138905790335,-0.10376455297797882,False,False
Apple Inc.,2021-12-02,2021-12-03,1,flat,down,0.5206972330462544,0.3032894912267642,0.1760132757269815,0.5206972330462544,0.21740774181949019,True,False
Apple Inc.,2021-12-03,2021-12-06,1,up,flat,0.28769367906267745,0.3905375743932391,0.3217687465440834,0.3217687465440834,-0.06876882784915572,False,False
Apple Inc.,2021-12-06,2021-12-07,1,up,flat,0.27108278041838607,0.42981945630718876,0.29909776327442517,0.29909776327442517,-0.1307216930327636,False,False
Apple Inc.,2021-12-07,2021-12-08,1,up,flat,0.29221577843754476,0.43214120684667257,0.27564301471578273,0.29221577843754476,-0.1399254284091278,False,False
Apple Inc.,2021-12-08,2021-12-09,1,flat,flat,0.3444582136221802,0.4284176431096073,0.22712414326821256,0.3444582136221802,-0.08395942948742707,False,True
Apple Inc.,2021-12-09,2021-12-10,1,up,flat,0.3740986489412701,0.41739484330647514,0.20850650775225482,0.3740986489412701,-0.04329619436520504,False,False
Apple Inc.,2021-12-10,2021-12-13,1,flat,flat,0.3583112852233128,0.3810875874000548,0.2606011273766325,0.3583112852233128,-0.02277630217674198,False,True
Apple Inc.,2021-12-13,2021-12-14,1,down,down,0.3906990999897758,0.3348095596462578,0.27449134036396655,0.3906990999897758,0.05588954034351801,True,True
Apple Inc.,2021-12-14,2021-12-15,1,flat,down,0.4924586997247242,0.31280300705657005,0.19473829321870578,0.4924586997247242,0.17965569266815418,True,False
Apple Inc.,2021-12-15,2021-12-16,1,flat,flat,0.2847901089127858,0.45698791716235343,0.2582219739248607,0.2847901089127858,-0.17219780824956765,False,True
Apple Inc.,2021-12-16,2021-12-17,1,down,down,0.40666357421197885,0.36701416337299736,0.22632226241502384,0.40666357421197885,0.03964941083898149,True,True
Apple Inc.,2021-12-17,2021-12-20,1,down,down,0.4559878564417816,0.325188663636175,0.21882347992204354,0.4559878564417816,0.1307991928056066,True,True
Apple Inc.,2021-12-20,2021-12-21,1,up,flat,0.2530652465313931,0.4973301392144739,0.24960461425413297,0.2530652465313931,-0.24426489268308077,False,False
Apple Inc.,2021-12-21,2021-12-22,1,up,flat,0.19031571435404399,0.5812165972327512,0.22846768841320497,0.22846768841320497,-0.35274890881954624,False,False
Apple Inc.,2021-12-22,2021-12-23,1,flat,flat,0.24969282340792687,0.5872410596806154,0.16306611691145792,0.24969282340792687,-0.3375482362726885,False,True
Apple Inc.,2021-12-23,2021-12-27,1,up,flat,0.24885503167455159,0.5851721277196998,0.1659728406057486,0.24885503167455159,-0.33631709604514826,False,False
Apple Inc.,2021-12-27,2021-12-28,1,flat,flat,0.2961417874797374,0.4534947880000859,0.2503634245201769,0.2961417874797374,-0.1573530005203485,False,True
Apple Inc.,2021-12-28,2021-12-29,1,flat,flat,0.3490607821061441,0.410662137556821,0.24027708033703488,0.3490607821061441,-0.06160135545067691,False,True
Apple Inc.,2021-12-29,2021-12-30,1,flat,flat,0.3512761835545331,0.46151608463275334,0.18720773181271355,0.3512761835545331,-0.11023990107822024,False,True
Apple Inc.,2021-12-30,2021-12-31,1,flat,flat,0.3291210374717508,0.4714695090035275,0.19940945352472167,0.3291210374717508,-0.1423484715317767,False,True
Apple Inc.,2021-12-31,2022-01-03,1,up,flat,0.31029107387516797,0.4909707419977147,0.1987381841271175,0.31029107387516797,-0.1806796681225467,False,False
Apple Inc.,2022-01-03,2022-01-04,1,flat,flat,0.2623439889196707,0.3886695420643206,0.3489864690160086,0.3489864690160086,-0.03968307304831198,False,True
Apple Inc.,2022-01-04,2022-01-05,1,down,flat,0.31069166407499815,0.46713345633407677,0.22217487959092513,0.31069166407499815,-0.15644179225907862,False,False
Apple Inc.,2022-01-05,2022-01-06,1,down,flat,0.37566094417482415,0.4306263344905938,0.19371272133458195,0.37566094417482415,-0.054965390315769636,False,False
Apple Inc.,2022-01-06,2022-01-07,1,flat,flat,0.34360009200659647,0.3652340610253489,0.2911658469680546,0.34360009200659647,-0.02163396901875242,False,True
Apple Inc.,2022-01-07,2022-01-10,1,down,flat,0.2547318986394115,0.3754832948757424,0.36978480648484613,0.36978480648484613,-0.005698488390896261,False,False
Apple Inc.,2022-01-10,2022-01-11,1,up,flat,0.31667593541235983,0.37465823248259905,0.30866583210504117,0.31667593541235983,-0.05798229707023922,False,False
Apple Inc.,2022-01-11,2022-01-12,1,up,flat,0.19142594643205402,0.558471801909291,0.250102251658655,0.250102251658655,-0.308369550250636,False,False
Apple Inc.,2022-01-12,2022-01-13,1,down,flat,0.24324539734139483,0.528900446340359,0.22785415631824618,0.24324539734139483,-0.2856550489989642,False,False
Apple Inc.,2022-01-13,2022-01-14,1,down,down,0.4343545855458397,0.33868862178396014,0.22695679267020014,0.4343545855458397,0.09566596376187958,True,True
Apple Inc.,2022-01-14,2022-01-18,1,down,flat,0.3478374104362416,0.370595468206825,0.2815671213569334,0.3478374104362416,-0.022758057770583373,False,False
Apple Inc.,2022-01-18,2022-01-19,1,down,down,0.34198376714688405,0.3181226576450317,0.3398935752080844,0.34198376714688405,0.02386110950185233,True,True
Apple Inc.,2022-01-19,2022-01-20,1,down,down,0.3497099575985176,0.330476048831144,0.31981399357033846,0.3497099575985176,0.019233908767373575,True,True
Apple Inc.,2022-01-20,2022-01-21,1,down,flat,0.312447372476113,0.36979454019871777,0.3177580873251693,0.3177580873251693,-0.05203645287354847,False,False
Apple Inc.,2022-01-21,2022-01-24,1,down,up,0.2795151796957349,0.35738793302335325,0.3630968872809118,0.3630968872809118,0.005708954257558518,True,False
Apple Inc.,2022-01-24,2022-01-25,1,flat,up,0.3164914293978136,0.30912556116978407,0.3743830094324023,0.3743830094324023,0.06525744826261826,True,False
Apple Inc.,2022-01-25,2022-01-26,1,flat,up,0.2636900674467014,0.33320384423880234,0.4031060883144961,0.4031060883144961,0.06990224407569379,True,False
Apple Inc.,2022-01-26,2022-01-27,1,flat,flat,0.2848158309993489,0.39984085350836296,0.3153433154922883,0.3153433154922883,-0.08449753801607468,False,True
Apple Inc.,2022-01-27,2022-01-28,1,up,down,0.38619083619876093,0.3425819434235918,0.2712272203776474,0.38619083619876093,0.04360889277516916,True,False
Apple Inc.,2022-01-28,2022-01-31,1,up,up,0.2546035897443639,0.3099320475873044,0.4354643626683318,0.4354643626683318,0.12553231508102736,True,True
Apple Inc.,2022-01-31,2022-02-01,1,flat,flat,0.2676300074480523,0.45908403976082757,0.2732859527911201,0.2732859527911201,-0.18579808696970745,False,True
Apple Inc.,2022-02-01,2022-02-02,1,flat,flat,0.35537190966155685,0.4673192201786821,0.1773088701597611,0.35537190966155685,-0.11194731051712525,False,True
Apple Inc.,2022-02-02,2022-02-03,1,flat,flat,0.3988311946848978,0.40289940996871276,0.19826939534638943,0.3988311946848978,-0.004068215283814958,False,True
Apple Inc.,2022-02-03,2022-02-04,1,down,down,0.42941161403637473,0.3724319953664772,0.19815639059714815,0.42941161403637473,0.056979618669897536,True,True
Apple Inc.,2022-02-04,2022-02-07,1,flat,flat,0.36634732002513315,0.4342974494061236,0.19935523056874338,0.36634732002513315,-0.06795012938099043,False,True
Apple Inc.,2022-02-07,2022-02-08,1,flat,flat,0.2515041635781616,0.5604420811036297,0.1880537553182088,0.2515041635781616,-0.3089379175254681,False,True
Apple Inc.,2022-02-08,2022-02-09,1,up,flat,0.26152125783990104,0.5689836223614457,0.16949511979865314,0.26152125783990104,-0.3074623645215447,False,False
Apple Inc.,2022-02-09,2022-02-10,1,down,flat,0.24678025690976907,0.5489955963367451,0.20422414675348588,0.24678025690976907,-0.30221533942697604,False,False
Apple Inc.,2022-02-10,2022-02-11,1,down,down,0.42811375097307747,0.38386643347805816,0.1880198155488644,0.42811375097307747,0.04424731749501931,True,True
Apple Inc.,2022-02-11,2022-02-14,1,down,down,0.40595923702883263,0.3785622014302417,0.21547856154092573,0.40595923702883263,0.027397035598590913,True,True
Apple Inc.,2022-02-14,2022-02-15,1,up,flat,0.2996114856764288,0.4137675452171182,0.28662096910645285,0.2996114856764288,-0.11415605954068941,False,False
Apple Inc.,2022-02-15,2022-02-16,1,flat,flat,0.1752484717593289,0.5843357496158883,0.2404157786247832,0.2404157786247832,-0.3439199709911051,False,True
Apple Inc.,2022-02-16,2022-02-17,1,down,flat,0.2756578480236001,0.5856498885944845,0.1386922633819155,0.2756578480236001,-0.3099920405708844,False,False
Apple Inc.,2022-02-17,2022-02-18,1,down,flat,0.3347516681791346,0.48845422093321067,0.17679411088765476,0.3347516681791346,-0.15370255275407607,False,False
Apple Inc.,2022-02-18,2022-02-22,1,down,flat,0.3397622626391586,0.39709095899334435,0.263146778367497,0.3397622626391586,-0.05732869635418575,False,False
Apple Inc.,2022-02-22,2022-02-23,1,down,down,0.3618467978386102,0.3542894433158034,0.2838637588455864,0.3618467978386102,0.0075573545228067585,True,True
Apple Inc.,2022-02-23,2022-02-24,1,down,flat,0.3148672247171971,0.3929978380661784,0.29213493721662465,0.3148672247171971,-0.0781306133489813,False,False
Apple Inc.,2022-02-24,2022-02-25,1,up,flat,0.3560057047008643,0.3602352608287891,0.2837590344703468,0.3560057047008643,-0.004229556127924805,False,False
Apple Inc.,2022-02-25,2022-02-28,1,flat,flat,0.171571238899982,0.482327678798793,0.34610108230122494,0.34610108230122494,-0.13622659649756808,False,True
Apple Inc.,2022-02-28,2022-03-01,1,flat,flat,0.3549761312655323,0.4278755355205782,0.2171483332138894,0.3549761312655323,-0.07289940425504593,False,True
Apple Inc.,2022-03-01,2022-03-02,1,flat,flat,0.3934601626007944,0.4115636633009431,0.19497617409826257,0.3934601626007944,-0.018103500700148656,False,True
Apple Inc.,2022-03-02,2022-03-03,1,up,flat,0.358193968678608,0.3882411952630725,0.2535648360583195,0.358193968678608,-0.030047226584464515,False,False
Apple Inc.,2022-03-03,2022-03-04,1,down,flat,0.3398520560686582,0.37200312437759864,0.28814481955374316,0.3398520560686582,-0.032151068308940434,False,False
Apple Inc.,2022-03-04,2022-03-07,1,down,down,0.5090758946447415,0.3134497956478296,0.17747430970742908,0.5090758946447415,0.19562609899691186,True,True
Apple Inc.,2022-03-07,2022-03-08,1,down,flat,0.3680026483262696,0.36850197081502245,0.26349538085870794,0.3680026483262696,-0.0004993224887528402,False,False
Apple Inc.,2022-03-08,2022-03-09,1,up,flat,0.3411796492140279,0.36752310899381985,0.2912972417921522,0.3411796492140279,-0.026343459779791967,False,False
Apple Inc.,2022-03-09,2022-03-10,1,down,flat,0.21010396149758837,0.477235848831433,0.3126601896709786,0.3126601896709786,-0.1645756591604544,False,False
Apple Inc.,2022-03-10,2022-03-11,1,down,down,0.46517368901599787,0.3511463052611624,0.18368000572283982,0.46517368901599787,0.11402738375483545,True,True
Apple Inc.,2022-03-11,2022-03-14,1,down,flat,0.38002974331872585,0.39554581575062486,0.22442444093064945,0.38002974331872585,-0.015516072431899008,False,False
Apple Inc.,2022-03-14,2022-03-15,1,flat,down,0.418633566869102,0.30721350661520197,0.274152926515696,0.418633566869102,0.11142006025390006,True,False
Apple Inc.,2022-03-15,2022-03-16,1,up,flat,0.28571073046203704,0.3844863336118508,0.3298029359261123,0.3298029359261123,-0.05468339768573849,False,False
Apple Inc.,2022-03-16,2022-03-17,1,flat,flat,0.2583908168401827,0.4509937005561757,0.2906154826036415,0.2906154826036415,-0.1603782179525342,False,True
Apple Inc.,2022-03-17,2022-03-18,1,up,flat,0.3049016745842793,0.5385824422252921,0.1565158831904287,0.3049016745842793,-0.23368076764101275,False,False
Apple Inc.,2022-03-18,2022-03-21,1,up,down,0.3556062299427107,0.32599959760197883,0.3183941724553104,0.3556062299427107,0.029606632340731853,True,False
Apple Inc.,2022-03-21,2022-03-22,1,up,flat,0.30524114817247777,0.43914848757439623,0.2556103642531261,0.30524114817247777,-0.13390733940191846,False,False
Apple Inc.,2022-03-22,2022-03-23,1,up,flat,0.30642486968787497,0.46573379866706216,0.22784133164506293,0.30642486968787497,-0.1593089289791872,False,False
Apple Inc.,2022-03-23,2022-03-24,1,up,flat,0.3630658831768544,0.390251207848165,0.24668290897498057,0.3630658831768544,-0.02718532467131063,False,False
Apple Inc.,2022-03-24,2022-03-25,1,flat,flat,0.31348817207614565,0.4877476830668361,0.19876414485701832,0.31348817207614565,-0.17425951099069042,False,True
Apple Inc.,2022-03-25,2022-03-28,1,flat,flat,0.3111711092374646,0.48919787000610593,0.1996310207564296,0.3111711092374646,-0.17802676076864132,False,True
Apple Inc.,2022-03-28,2022-03-29,1,up,down,0.4314559410744025,0.36283676434508694,0.20570729458051068,0.4314559410744025,0.06861917672931556,True,False
Apple Inc.,2022-03-29,2022-03-30,1,flat,flat,0.26598454290016504,0.42823617964258864,0.3057792774572463,0.3057792774572463,-0.12245690218534233,False,True
Apple Inc.,2022-03-30,2022-03-31,1,down,flat,0.3608466273884646,0.4470034181260001,0.1921499544855354,0.3608466273884646,-0.08615679073753546,False,False
Apple Inc.,2022-03-31,2022-04-01,1,down,down,0.44547974336883017,0.3519678185209343,0.20255243811023566,0.44547974336883017,0.09351192484789589,True,True
Apple Inc.,2022-04-01,2022-04-04,1,up,flat,0.28894769256666775,0.5054969972884077,0.20555531014492473,0.28894769256666775,-0.21654930472173994,False,False
Apple Inc.,2022-04-04,2022-04-05,1,flat,flat,0.19095947696616006,0.5324168645799374,0.2766236584539025,0.2766236584539025,-0.2557932061260349,False,True
Apple Inc.,2022-04-05,2022-04-06,1,down,flat,0.2680609492722662,0.5523153446566603,0.17962370607107356,0.2680609492722662,-0.2842543953843941,False,False
Apple Inc.,2022-04-06,2022-04-07,1,flat,down,0.4089261948592555,0.40742809130622637,0.1836457138345181,0.4089261948592555,0.0014981035530291509,True,False
Apple Inc.,2022-04-07,2022-04-08,1,flat,flat,0.25215878142952436,0.4736870205673521,0.27415419800312363,0.27415419800312363,-0.1995328225642285,False,True
Apple Inc.,2022-04-08,2022-04-11,1,down,flat,0.27700568891368244,0.43001096032619435,0.2929833507601235,0.2929833507601235,-0.13702760956607085,False,False
Apple Inc.,2022-04-11,2022-04-12,1,flat,flat,0.3436354091654021,0.4297412983112997,0.22662329252329805,0.3436354091654021,-0.08610588914589762,False,True
Apple Inc.,2022-04-12,2022-04-13,1,flat,flat,0.27397206599558693,0.4559597148733001,0.270068219131113,0.27397206599558693,-0.18198764887771318,False,True
Apple Inc.,2022-04-13,2022-04-14,1,flat,flat,0.28417390252555497,0.47097437443461637,0.24485172303982866,0.28417390252555497,-0.1868004719090614,False,True
Apple Inc.,2022-04-14,2022-04-18,1,down,flat,0.35313522298633826,0.41743545203910193,0.22942932497455973,0.35313522298633826,-0.06430022905276367,False,False
Apple Inc.,2022-04-18,2022-04-19,1,flat,flat,0.3750260647484962,0.3928569002440886,0.23211703500741526,0.3750260647484962,-0.01783083549559239,False,True
Apple Inc.,2022-04-19,2022-04-20,1,up,flat,0.27115209912237614,0.44136750711205663,0.28748039376556717,0.28748039376556717,-0.15388711334648947,False,False
Apple Inc.,2022-04-20,2022-04-21,1,flat,flat,0.2801948159441672,0.44744414006633915,0.2723610439894937,0.2801948159441672,-0.16724932412217197,False,True
Apple Inc.,2022-04-21,2022-04-22,1,down,flat,0.38107506146332204,0.3814234959658813,0.2375014425707967,0.38107506146332204,-0.00034843450255928055,False,False
Apple Inc.,2022-04-22,2022-04-25,1,down,down,0.42222472094640756,0.3661680063196583,0.21160727273393407,0.42222472094640756,0.05605671462674927,True,True
Apple Inc.,2022-04-25,2022-04-26,1,down,down,0.34050291680708333,0.32133032720059757,0.33816675599231905,0.34050291680708333,0.019172589606485768,True,True
Apple Inc.,2022-04-26,2022-04-27,1,down,up,0.3155364588173195,0.3201277925666812,0.3643357486159994,0.3643357486159994,0.04420795604931815,True,False
Apple Inc.,2022-04-27,2022-04-28,1,up,flat,0.3075646082675938,0.3560670607420325,0.33636833099037367,0.33636833099037367,-0.019698729751658817,False,False
Apple Inc.,2022-04-28,2022-04-29,1,flat,up,0.23731517643007663,0.3803547386304549,0.38233008493946874,0.38233008493946874,0.001975346309013859,True,False
Apple Inc.,2022-04-29,2022-05-02,1,down,down,0.4161768525558455,0.354626743568343,0.22919640387581164,0.4161768525558455,0.061550108987502516,True,True
Apple Inc.,2022-05-02,2022-05-03,1,up,down,0.4786077381133458,0.3014580176069464,0.21993424427970787,0.4786077381133458,0.17714972050639938,True,False
Apple Inc.,2022-05-03,2022-05-04,1,up,flat,0.2563068242111938,0.41930788983664674,0.32438528595215954,0.32438528595215954,-0.0949226038844872,False,False
Apple Inc.,2022-05-04,2022-05-05,1,down,flat,0.3076996250922397,0.3573843092761301,0.33491606563163023,0.33491606563163023,-0.02246824364449984,False,False
Apple Inc.,2022-05-05,2022-05-06,1,down,down,0.5213473459070993,0.30903687432935517,0.16961577976354544,0.5213473459070993,0.21231047157774413,True,True
Apple Inc.,2022-05-06,2022-05-09,1,down,down,0.445190173065254,0.3429309609655605,0.21187886596918548,0.445190173065254,0.10225921209969346,True,True
Apple Inc.,2022-05-09,2022-05-10,1,flat,down,0.3902461812023814,0.3302349815437995,0.2795188372538192,0.3902461812023814,0.060011199658581926,True,False
Apple Inc.,2022-05-10,2022-05-11,1,down,flat,0.3201707392795229,0.36392962429968917,0.315899636420788,0.3201707392795229,-0.04375888502016628,False,False
Apple Inc.,2022-05-11,2022-05-12,1,down,down,0.44957280364190233,0.337023037494252,0.2134041588638457,0.44957280364190233,0.11254976614765033,True,True
Apple Inc.,2022-05-12,2022-05-13,1,up,down,0.49156352094715594,0.2835009016989996,0.22493557735384448,0.49156352094715594,0.20806261924815633,True,False
Apple Inc.,2022-05-13,2022-05-16,1,flat,flat,0.22921016841291586,0.42937896853039226,0.3414108630566919,0.3414108630566919,-0.08796810547370038,False,True
Apple Inc.,2022-05-16,2022-05-17,1,up,flat,0.3043290980762762,0.4632533802483618,0.23241752167536195,0.3043290980762762,-0.1589242821720856,False,False
Apple Inc.,2022-05-17,2022-05-18,1,down,flat,0.30533412908945057,0.5400964977964564,0.15456937311409297,0.30533412908945057,-0.23476236870700584,False,False
Apple Inc.,2022-05-18,2022-05-19,1,down,down,0.571920333429448,0.28833143853299553,0.1397482280375565,0.571920333429448,0.2835888948964525,True,True
Apple Inc.,2022-05-19,2022-05-20,1,flat,down,0.46438962414749624,0.2973546572471835,0.2382557186053203,0.46438962414749624,0.16703496690031272,True,False
Apple Inc.,2022-05-20,2022-05-23,1,up,down,0.3504830704895928,0.32014351799473834,0.3293734115156689,0.3504830704895928,0.030339552494854483,True,False
Apple Inc.,2022-05-23,2022-05-24,1,flat,flat,0.26991194933758533,0.47189175699859703,0.2581962936638177,0.26991194933758533,-0.2019798076610117,False,True
Apple Inc.,2022-05-24,2022-05-25,1,flat,flat,0.37104215835159865,0.4838048013644138,0.14515304028398734,0.37104215835159865,-0.11276264301281513,False,True
Apple Inc.,2022-05-25,2022-05-26,1,flat,flat,0.3337952767537309,0.4963297263773536,0.16987499686891544,0.3337952767537309,-0.16253444962362273,False,True
Apple Inc.,2022-05-26,2022-05-27,1,up,flat,0.3452847999947954,0.44831757108569736,0.20639762891950725,0.3452847999947954,-0.10303277109090198,False,False
Apple Inc.,2022-05-27,2022-05-31,1,flat,flat,0.24707921115433143,0.4582220978378393,0.2946986910078292,0.2946986910078292,-0.1635234068300101,False,True
Apple Inc.,2022-05-31,2022-06-01,1,flat,down,0.42945245013727434,0.4025712591658493,0.16797629069687647,0.42945245013727434,0.02688119097142505,True,False
Apple Inc.,2022-06-01,2022-06-02,1,flat,flat,0.35153201461743216,0.5144365674219042,0.1340314179606635,0.35153201461743216,-0.16290455280447208,False,True
Apple Inc.,2022-06-02,2022-06-03,1,down,flat,0.3719041976425648,0.4562947712486746,0.17180103110876047,0.3719041976425648,-0.0843905736061098,False,False
Apple Inc.,2022-06-03,2022-06-06,1,flat,down,0.45781479602909747,0.33969894818537394,0.2024862557855286,0.45781479602909747,0.11811584784372353,True,False
Apple Inc.,2022-06-06,2022-06-07,1,flat,flat,0.2538530323177912,0.5716229675882032,0.17452400009400568,0.2538530323177912,-0.317769935270412,False,True
Apple Inc.,2022-06-07,2022-06-08,1,flat,flat,0.2716970385271066,0.5775603437138794,0.15074261775901407,0.2716970385271066,-0.30586330518677285,False,True
Apple Inc.,2022-06-08,2022-06-09,1,down,flat,0.25859791841967095,0.5960392430479449,0.14536283853238435,0.25859791841967095,-0.3374413246282739,False,False
Apple Inc.,2022-06-09,2022-06-10,1,down,down,0.42867260489081566,0.41857346631397635,0.15275392879520794,0.42867260489081566,0.010099138576839306,True,True
Apple Inc.,2022-06-10,2022-06-13,1,down,down,0.4858492043122723,0.3230592945769591,0.19109150111076853,0.4858492043122723,0.1627899097353132,True,True
Apple Inc.,2022-06-13,2022-06-14,1,flat,down,0.4081137374147986,0.28417101186310423,0.30771525072209716,0.4081137374147986,0.12394272555169439,True,False
Apple Inc.,2022-06-14,2022-06-15,1,up,flat,0.2413483130273708,0.4064875795195535,0.3521641074530757,0.3521641074530757,-0.05432347206647781,False,False
Apple Inc.,2022-06-15,2022-06-16,1,down,flat,0.28419524531248974,0.48106254115500774,0.23474221353250257,0.28419524531248974,-0.196867295842518,False,False
Apple Inc.,2022-06-16,2022-06-17,1,flat,down,0.4970154574656138,0.33018483649438035,0.17279970604000583,0.4970154574656138,0.16683062097123347,True,False
Apple Inc.,2022-06-17,2022-06-21,1,up,down,0.35572249324725236,0.344891826937053,0.29938567981569475,0.35572249324725236,0.010830666310199355,True,False
Apple Inc.,2022-06-21,2022-06-22,1,flat,flat,0.23135753210904453,0.42862264799285826,0.3400198198980972,0.3400198198980972,-0.08860282809476105,False,True
Apple Inc.,2022-06-22,2022-06-23,1,up,flat,0.37384855444484794,0.444083330806592,0.18206811474855997,0.37384855444484794,-0.07023477636174408,False,False
Apple Inc.,2022-06-23,2022-06-24,1,up,flat,0.3389479407536883,0.44895945908012536,0.21209260016618628,0.3389479407536883,-0.11001151832643707,False,False
Apple Inc.,2022-06-24,2022-06-27,1,flat,flat,0.31142799517400854,0.37247163315045073,0.3161003716755407,0.3161003716755407,-0.056371261474910006,False,True
Apple Inc.,2022-06-27,2022-06-28,1,down,flat,0.28118942816142856,0.47975582736620404,0.23905474447236752,0.28118942816142856,-0.19856639920477548,False,False
Apple Inc.,2022-06-28,2022-06-29,1,down,down,0.42820450294898493,0.387924433949205,0.18387106310181012,0.42820450294898493,0.04028006899977993,True,True
Apple Inc.,2022-06-29,2022-06-30,1,down,flat,0.36588329994738317,0.42294717439320006,0.2111695256594168,0.36588329994738317,-0.0570638744458169,False,False
Apple Inc.,2022-06-30,2022-07-01,1,flat,flat,0.33958325614179374,0.3563495454344958,0.3040671984237106,0.33958325614179374,-0.016766289292702075,False,True
Apple Inc.,2022-07-01,2022-07-05,1,up,flat,0.2477725022308517,0.5099858251846145,0.24224167258453363,0.2477725022308517,-0.2622133229537629,False,False
Apple Inc.,2022-07-05,2022-07-06,1,up,flat,0.2979955788163544,0.5157974222095023,0.18620699897414322,0.2979955788163544,-0.2178018433931479,False,False
Apple Inc.,2022-07-06,2022-07-07,1,up,flat,0.26816465790712357,0.5051362612489553,0.2266990808439212,0.26816465790712357,-0.2369716033418317,False,False
Apple Inc.,2022-07-07,2022-07-08,1,flat,flat,0.26321868663754877,0.5285576046892306,0.2082237086732207,0.26321868663754877,-0.26533891805168186,False,True
Apple Inc.,2022-07-08,2022-07-11,1,flat,flat,0.3011977649679017,0.4870938306327455,0.2117084043993529,0.3011977649679017,-0.1858960656648438,False,True
Apple Inc.,2022-07-11,2022-07-12,1,flat,flat,0.3626077526914103,0.4764293337994305,0.16096291350915926,0.3626077526914103,-0.11382158110802015,False,True
Apple Inc.,2022-07-12,2022-07-13,1,down,flat,0.31536076171656835,0.41163749317378695,0.2730017451096447,0.31536076171656835,-0.0962767314572186,False,False
Apple Inc.,2022-07-13,2022-07-14,1,up,flat,0.39654869158910433,0.4230668279803571,0.18038448043053867,0.39654869158910433,-0.026518136391252778,False,False
Apple Inc.,2022-07-14,2022-07-15,1,up,flat,0.26217436227851004,0.45451319842596516,0.28331243929552474,0.28331243929552474,-0.17120075913044042,False,False
Apple Inc.,2022-07-15,2022-07-18,1,flat,flat,0.2552175832831172,0.47490761723700314,0.26987479947987963,0.26987479947987963,-0.2050328177571235,False,True
Apple Inc.,2022-07-18,2022-07-19,1,flat,down,0.46263797878217344,0.3510530019661845,0.1863090192516421,0.46263797878217344,0.11158497681598895,True,False
Apple Inc.,2022-07-19,2022-07-20,1,up,down,0.41560131069624173,0.3501434995755274,0.23425518972823078,0.41560131069624173,0.06545781112071436,True,False
Apple Inc.,2022-07-20,2022-07-21,1,up,flat,0.25208999937006443,0.46576083293180714,0.2821491676981286,0.2821491676981286,-0.18361166523367856,False,False
Apple Inc.,2022-07-21,2022-07-22,1,flat,flat,0.3181322190373601,0.4283907753058146,0.25347700565682535,0.3181322190373601,-0.11025855626845449,False,True
Apple Inc.,2022-07-22,2022-07-25,1,down,flat,0.3944026072081643,0.40918802816287736,0.19640936462895836,0.3944026072081643,-0.01478542095471308,False,False
Apple Inc.,2022-07-25,2022-07-26,1,down,flat,0.3660909275539639,0.4671086274055792,0.16680044504045702,0.3660909275539639,-0.1010176998516153,False,False
Apple Inc.,2022-07-26,2022-07-27,1,up,flat,0.3683664924414167,0.4149950032759382,0.2166385042826451,0.3683664924414167,-0.046628510834521464,False,False
Apple Inc.,2022-07-27,2022-07-28,1,up,up,0.24132469785974056,0.3686396001261376,0.39003570201412174,0.39003570201412174,0.02139610188798413,True,True
Apple Inc.,2022-07-28,2022-07-29,1,up,flat,0.28929866128446646,0.4393187744173218,0.2713825642982117,0.28929866128446646,-0.15002011313285535,False,False
Apple Inc.,2022-07-29,2022-08-01,1,flat,flat,0.2753233507809974,0.41763989574655946,0.3070367534724431,0.3070367534724431,-0.11060314227411638,False,True
Apple Inc.,2022-08-01,2022-08-02,1,down,flat,0.4057950037364924,0.4138805285153089,0.18032446774819888,0.4057950037364924,-0.008085524778816466,False,False
Apple Inc.,2022-08-02,2022-08-03,1,up,down,0.42576353250904997,0.3758373040473708,0.19839916344357925,0.42576353250904997,0.049926228461679156,True,False
Apple Inc.,2022-08-03,2022-08-04,1,up,up,0.2541919533061785,0.365670960100288,0.3801370865935334,0.3801370865935334,0.014466126493245413,True,True
Apple Inc.,2022-08-04,2022-08-05,1,down,flat,0.2643051155219096,0.5168532257716095,0.218841658706481,0.2643051155219096,-0.2525481102496999,False,False
Apple Inc.,2022-08-05,2022-08-08,1,flat,down,0.4307315946526221,0.4071828987945542,0.16208550655282378,0.4307315946526221,0.023548695858067903,True,False
Apple Inc.,2022-08-08,2022-08-09,1,down,flat,0.27625016661093393,0.4654050091371891,0.258344824251877,0.27625016661093393,-0.18915484252625514,False,False
Apple Inc.,2022-08-09,2022-08-10,1,up,down,0.39635381806777914,0.3607315687598719,0.24291461317234886,0.39635381806777914,0.03562224930790725,True,False
Apple Inc.,2022-08-10,2022-08-11,1,flat,flat,0.23924115110118827,0.42029741652331626,0.3404614323754956,0.3404614323754956,-0.07983598414782067,False,True
Apple Inc.,2022-08-11,2022-08-12,1,flat,flat,0.3035603413061412,0.5103490523261885,0.18609060636767027,0.3035603413061412,-0.20678871102004737,False,True
Apple Inc.,2022-08-12,2022-08-15,1,flat,flat,0.33994972699330384,0.40505908572835897,0.2549911872783373,0.33994972699330384,-0.06510935873505513,False,True
Apple Inc.,2022-08-15,2022-08-16,1,flat,flat,0.292061111753367,0.48242501289470663,0.2255138753519264,0.292061111753367,-0.1903639011413396,False,True
Apple Inc.,2022-08-16,2022-08-17,1,flat,flat,0.36323884345067514,0.36708871336927495,0.2696724431800499,0.36323884345067514,-0.003849869918599813,False,True
Apple Inc.,2022-08-17,2022-08-18,1,flat,up,0.31178395569694484,0.3370495428328152,0.3511665014702401,0.3511665014702401,0.014116958637424903,True,False
Apple Inc.,2022-08-18,2022-08-19,1,down,flat,0.34873083644348196,0.3912311662143332,0.26003799734218497,0.34873083644348196,-0.04250032977085122,False,False
Apple Inc.,2022-08-19,2022-08-22,1,down,down,0.407952343514155,0.3286908244390062,0.26335683204683885,0.407952343514155,0.07926151907514878,True,True
Apple Inc.,2022-08-22,2022-08-23,1,down,flat,0.3198358879489804,0.3706961995779776,0.30946791247304206,0.3198358879489804,-0.050860311628997235,False,False
Apple Inc.,2022-08-23,2022-08-24,1,flat,flat,0.23708354628279993,0.4467319947276238,0.3161844589895763,0.3161844589895763,-0.1305475357380475,False,True
Apple Inc.,2022-08-24,2022-08-25,1,up,flat,0.24577469747944544,0.44080742593548505,0.3134178765850696,0.3134178765850696,-0.12738954935041547,False,False
Apple Inc.,2022-08-25,2022-08-26,1,down,flat,0.2156470518948902,0.5303589464879924,0.2539940016171174,0.2539940016171174,-0.27636494487087504,False,False
Apple Inc.,2022-08-26,2022-08-29,1,down,down,0.3876441049642152,0.31782760126068543,0.2945282937750994,0.3876441049642152,0.06981650370352976,True,True
Apple Inc.,2022-08-29,2022-08-30,1,down,down,0.388983799157924,0.2993933015014436,0.3116228993406325,0.388983799157924,0.08959049765648042,True,True
Apple Inc.,2022-08-30,2022-08-31,1,down,up,0.2906279506053232,0.2814306715057668,0.42794137788891007,0.42794137788891007,0.14651070638314329,True,False
Apple Inc.,2022-08-31,2022-09-01,1,down,up,0.2820923364557749,0.3268613636693103,0.3910462998749147,0.3910462998749147,0.06418493620560439,True,False
Apple Inc.,2022-09-01,2022-09-02,1,flat,flat,0.3100269839942418,0.374083882177356,0.31588913382840217,0.31588913382840217,-0.05819474834895383,False,True
Apple Inc.,2022-09-02,2022-09-06,1,down,flat,0.2832636657391441,0.3890287173851107,0.32770761687574523,0.32770761687574523,-0.061321100509365456,False,False
Apple Inc.,2022-09-06,2022-09-07,1,flat,flat,0.3433170732193348,0.3544538556013014,0.30222907117936404,0.3433170732193348,-0.011136782381966581,False,True
Apple Inc.,2022-09-07,2022-09-08,1,flat,up,0.3112592924589881,0.29552371367024494,0.3932169938707672,0.3932169938707672,0.09769328020052226,True,False
Apple Inc.,2022-09-08,2022-09-09,1,up,up,0.3176430707119351,0.33468630071107375,0.34767062857699127,0.34767062857699127,0.012984327865917522,True,True
Apple Inc.,2022-09-09,2022-09-12,1,up,flat,0.27111245017119295,0.4500596109690338,0.2788279388597731,0.2788279388597731,-0.1712316721092607,False,False
Apple Inc.,2022-09-12,2022-09-13,1,down,up,0.22903520127532107,0.3324805126575988,0.4384842860670801,0.4384842860670801,0.1060037734094813,True,False
Apple Inc.,2022-09-13,2022-09-14,1,down,down,0.5496592382917798,0.25879581776554417,0.19154494394267613,0.5496592382917798,0.2908634205262356,True,True
Apple Inc.,2022-09-14,2022-09-15,1,down,down,0.37765282782202403,0.34633548708160444,0.27601168509637153,0.37765282782202403,0.031317340740419586,True,True
Apple Inc.,2022-09-15,2022-09-16,1,down,up,0.33534762314520206,0.3198571515963121,0.34479522525848605,0.34479522525848605,0.024938073662173932,True,False
Apple Inc.,2022-09-16,2022-09-19,1,flat,down,0.3653198977773192,0.3426995314309601,0.2919805707917206,0.3653198977773192,0.02262036634635911,True,False
Apple Inc.,2022-09-19,2022-09-20,1,up,flat,0.2425013038021634,0.5058597858876557,0.2516389103101808,0.2516389103101808,-0.25422087557747486,False,False
Apple Inc.,2022-09-20,2022-09-21,1,flat,flat,0.2702665051649178,0.4091756200833566,0.32055787475172554,0.32055787475172554,-0.08861774533163108,False,True
Apple Inc.,2022-09-21,2022-09-22,1,down,down,0.4113915261991271,0.38158592002338,0.20702255377749282,0.4113915261991271,0.029805606175747124,True,True
Apple Inc.,2022-09-22,2022-09-23,1,down,down,0.4662567470698391,0.3371397940845401,0.19660345884562075,0.4662567470698391,0.12911695298529902,True,True
Apple Inc.,2022-09-23,2022-09-26,1,flat,down,0.4066922855476741,0.3198660449808606,0.2734416694714654,0.4066922855476741,0.08682624056681354,True,False
Apple Inc.,2022-09-26,2022-09-27,1,flat,flat,0.34078467871250745,0.3734913509700486,0.285723970317444,0.34078467871250745,-0.03270667225754115,False,True
Apple Inc.,2022-09-27,2022-09-28,1,down,flat,0.32866109701353374,0.47859421111789513,0.19274469186857113,0.32866109701353374,-0.1499331141043614,False,False
Apple Inc.,2022-09-28,2022-09-29,1,down,down,0.4922919082733127,0.3184117974076187,0.18929629431906866,0.4922919082733127,0.173880110865694,True,True
Apple Inc.,2022-09-29,2022-09-30,1,down,down,0.4116440542581472,0.33841952632787903,0.24993641941397388,0.4116440542581472,0.07322452793026818,True,True
Apple Inc.,2022-09-30,2022-10-03,1,flat,down,0.35784347689263235,0.33252848150543596,0.3096280416019315,0.35784347689263235,0.025314995387196393,True,False
Apple Inc.,2022-10-03,2022-10-04,1,up,flat,0.3072366058825454,0.3646137234058542,0.3281496707116004,0.3281496707116004,-0.03646405269425379,False,False
Apple Inc.,2022-10-04,2022-10-05,1,flat,flat,0.2106772855359354,0.5553327402160542,0.2339899742480102,0.2339899742480102,-0.32134276596804395,False,True
Apple Inc.,2022-10-05,2022-10-06,1,flat,flat,0.3488418993843515,0.5122501058196469,0.13890799479600155,0.3488418993843515,-0.1634082064352954,False,True
Apple Inc.,2022-10-06,2022-10-07,1,down,flat,0.33710776132786313,0.4818349985952048,0.1810572400769322,0.33710776132786313,-0.14472723726734166,False,False
Apple Inc.,2022-10-07,2022-10-10,1,flat,down,0.4995246264477961,0.30371525007182765,0.19676012348037636,0.4995246264477961,0.19580937637596846,True,False
Apple Inc.,2022-10-10,2022-10-11,1,flat,flat,0.2976965825787925,0.4514856443765377,0.2508177730446698,0.2976965825787925,-0.1537890617977452,False,True
Apple Inc.,2022-10-11,2022-10-12,1,flat,flat,0.3004261189296543,0.4731382846749973,0.22643559639534847,0.3004261189296543,-0.17271216574534298,False,True
Apple Inc.,2022-10-12,2022-10-13,1,flat,flat,0.27085796009864105,0.5459633889053372,0.18317865099602165,0.27085796009864105,-0.2751054288066962,False,True
Apple Inc.,2022-10-13,2022-10-14,1,up,down,0.37259641176903235,0.3656233607587625,0.26178022747220525,0.37259641176903235,0.006973051010269848,True,False
Apple Inc.,2022-10-14,2022-10-17,1,flat,flat,0.26405392302285696,0.4844973260580978,0.2514487509190452,0.26405392302285696,-0.22044340303524085,False,True
Apple Inc.,2022-10-17,2022-10-18,1,up,flat,0.37694784053609487,0.4478989304621618,0.1751532290017434,0.37694784053609487,-0.07095108992606691,False,False
Apple Inc.,2022-10-18,2022-10-19,1,flat,flat,0.34088069217312855,0.36004839665779154,0.2990709111690798,0.34088069217312855,-0.019167704484662984,False,True
Apple Inc.,2022-10-19,2022-10-20,1,flat,flat,0.38171773742885057,0.4618136085490112,0.1564686540221381,0.38171773742885057,-0.08009587112016064,False,True
Apple Inc.,2022-10-20,2022-10-21,1,flat,flat,0.35813985739216136,0.4204303639870055,0.22142977862083324,0.35813985739216136,-0.06229050659484414,False,True
Apple Inc.,2022-10-21,2022-10-24,1,up,flat,0.3548124538972752,0.36519469999504073,0.27999284610768405,0.3548124538972752,-0.010382246097765502,False,False
Apple Inc.,2022-10-24,2022-10-25,1,up,flat,0.25488090699725585,0.5245476959745471,0.22057139702819706,0.25488090699725585,-0.26966678897729124,False,False
Apple Inc.,2022-10-25,2022-10-26,1,flat,flat,0.28932768072281106,0.4940334446422482,0.2166388746349407,0.28932768072281106,-0.20470576391943712,False,True
Apple Inc.,2022-10-26,2022-10-27,1,down,down,0.4888314071397378,0.32880952582075573,0.1823590670395065,0.4888314071397378,0.16002188131898204,True,True
Apple Inc.,2022-10-27,2022-10-28,1,up,down,0.5038228358326141,0.2796671091977517,0.2165100549696343,0.5038228358326141,0.22415572663486244,True,False
Apple Inc.,2022-10-28,2022-10-31,1,flat,up,0.23225397879856802,0.3360332581533443,0.43171276304808764,0.43171276304808764,0.09567950489474336,True,False
Apple Inc.,2022-10-31,2022-11-01,1,flat,flat,0.36777541180514545,0.4529364840434871,0.17928810415136753,0.36777541180514545,-0.08516107223834163,False,True
Apple Inc.,2022-11-01,2022-11-02,1,down,flat,0.4368541335998507,0.4430937665197753,0.12005209988037402,0.4368541335998507,-0.006239632919924576,False,False
Apple Inc.,2022-11-02,2022-11-03,1,down,down,0.4854627011829751,0.3280736909166123,0.1864636079004126,0.4854627011829751,0.15738901026636276,True,True
Apple Inc.,2022-11-03,2022-11-04,1,flat,down,0.4611762537434876,0.3176972635441694,0.2211264827123432,0.4611762537434876,0.1434789901993182,True,False
Apple Inc.,2022-11-04,2022-11-07,1,flat,flat,0.3003498127589781,0.35676356595823167,0.34288662128279035,0.34288662128279035,-0.013876944675441316,False,True
Apple Inc.,2022-11-07,2022-11-08,1,flat,flat,0.26788446491675916,0.4828928435442518,0.24922269153898904,0.26788446491675916,-0.21500837862749267,False,True
Apple Inc.,2022-11-08,2022-11-09,1,down,flat,0.2967539994707925,0.5113396799031313,0.19190632062607615,0.2967539994707925,-0.21458568043233883,False,False
Apple Inc.,2022-11-09,2022-11-10,1,up,flat,0.39871132920633323,0.42883974378333733,0.17244892701032935,0.39871132920633323,-0.030128414577004103,False,False
Apple Inc.,2022-11-10,2022-11-11,1,up,up,0.23866085104810086,0.3338263669063377,0.4275127820455614,0.4275127820455614,0.09368641513922371,True,True
Apple Inc.,2022-11-11,2022-11-14,1,flat,flat,0.32664872854087945,0.4576187144979507,0.21573255696116989,0.32664872854087945,-0.13096998595707127,False,True
Apple Inc.,2022-11-14,2022-11-15,1,flat,flat,0.38192851705701236,0.48886871592500825,0.12920276701797942,0.38192851705701236,-0.10694019886799588,False,True
Apple Inc.,2022-11-15,2022-11-16,1,down,down,0.40754236897238155,0.3786020524495316,0.21385557857808699,0.40754236897238155,0.02894031652284995,True,True
Apple Inc.,2022-11-16,2022-11-17,1,flat,down,0.4423753422427962,0.43203946365758583,0.12558519409961807,0.4423753422427962,0.010335878585210345,True,False
Apple Inc.,2022-11-17,2022-11-18,1,up,flat,0.3852072276110447,0.4017410197943489,0.21305175259460646,0.3852072276110447,-0.016533792183304197,False,False
Apple Inc.,2022-11-18,2022-11-21,1,down,flat,0.23679351488933564,0.558820217742607,0.20438626736805732,0.23679351488933564,-0.3220267028532714,False,False
Apple Inc.,2022-11-21,2022-11-22,1,flat,flat,0.3602414281971586,0.5263615743087214,0.11339699749412002,0.3602414281971586,-0.16612014611156284,False,True
Apple Inc.,2022-11-22,2022-11-23,1,flat,flat,0.23788906277715022,0.6051757599586531,0.1569351772641967,0.23788906277715022,-0.3672866971815029,False,True
Apple Inc.,2022-11-23,2022-11-25,1,down,flat,0.24348566115786238,0.5251119579954279,0.23140238084670978,0.24348566115786238,-0.28162629683756546,False,False
Apple Inc.,2022-11-25,2022-11-28,1,down,flat,0.2995134279142073,0.5388080760295367,0.1616784960562558,0.2995134279142073,-0.2392946481153294,False,False
Apple Inc.,2022-11-28,2022-11-29,1,down,down,0.4379318432989692,0.3608595337944981,0.20120862290653263,0.4379318432989692,0.07707230950447114,True,True
Apple Inc.,2022-11-29,2022-11-30,1,up,flat,0.3596292234743017,0.39001381535106305,0.25035696117463535,0.3596292234743017,-0.030384591876761347,False,False
Apple Inc.,2022-11-30,2022-12-01,1,up,flat,0.2942745569423382,0.38789861446872,0.3178268285889421,0.3178268285889421,-0.07007178587977786,False,False
Apple Inc.,2022-12-01,2022-12-02,1,flat,flat,0.19670110620797748,0.603888563905306,0.19941032988671692,0.19941032988671692,-0.40447823401858907,False,True
Apple Inc.,2022-12-02,2022-12-05,1,flat,flat,0.3545364705278813,0.5087446147160362,0.13671891475608272,0.3545364705278813,-0.15420814418815487,False,True
Apple Inc.,2022-12-05,2022-12-06,1,down,flat,0.32835898740544134,0.4321091953673176,0.23953181722724126,0.32835898740544134,-0.10375020796187628,False,False
Apple Inc.,2022-12-06,2022-12-07,1,down,down,0.4207800208762842,0.35913812780970794,0.22008185131400793,0.4207800208762842,0.06164189306657625,True,True
Apple Inc.,2022-12-07,2022-12-08,1,flat,down,0.41140384561729537,0.35225069321932645,0.23634546116337823,0.41140384561729537,0.05915315239796892,True,False
Apple Inc.,2022-12-08,2022-12-09,1,flat,flat,0.26873807483933865,0.45527747154971143,0.27598445361095003,0.27598445361095003,-0.1792930179387614,False,True
Apple Inc.,2022-12-09,2022-12-12,1,flat,flat,0.34887347902005694,0.4019152266031871,0.24921129437675604,0.34887347902005694,-0.05304174758313018,False,True
Apple Inc.,2022-12-12,2022-12-13,1,up,flat,0.35657746513996236,0.4461166020812707,0.19730593277876687,0.35657746513996236,-0.08953913694130833,False,False
Apple Inc.,2022-12-13,2022-12-14,1,down,up,0.2574697413670071,0.36064716894920157,0.38188308968379137,0.38188308968379137,0.021235920734589797,True,False
Apple Inc.,2022-12-14,2022-12-15,1,down,down,0.5231554377411366,0.29527673163632173,0.18156783062254164,0.5231554377411366,0.22787870610481487,True,True
Apple Inc.,2022-12-15,2022-12-16,1,down,down,0.48619180641140447,0.26832027614017157,0.245487917448424,0.48619180641140447,0.2178715302712329,True,True
Apple Inc.,2022-12-16,2022-12-19,1,down,down,0.3550697638873349,0.31597615257518863,0.32895408353747635,0.3550697638873349,0.03909361131214628,True,True
Apple Inc.,2022-12-19,2022-12-20,1,down,flat,0.2878087464240376,0.4003473522561303,0.311843901319832,0.311843901319832,-0.0885034509362983,False,False
Apple Inc.,2022-12-20,2022-12-21,1,up,flat,0.31621827024967725,0.404956489944137,0.2788252398061857,0.31621827024967725,-0.08873821969445977,False,False
Apple Inc.,2022-12-21,2022-12-22,1,down,flat,0.2646756889737748,0.4360055459620061,0.2993187650642191,0.2993187650642191,-0.13668678089778696,False,False
Apple Inc.,2022-12-22,2022-12-23,1,down,flat,0.40607054310297164,0.40641488519172964,0.1875145717052987,0.40607054310297164,-0.00034434208875799843,False,False
Apple Inc.,2022-12-23,2022-12-27,1,flat,flat,0.33849327642884386,0.43118466188462823,0.23032206168652783,0.33849327642884386,-0.09269138545578437,False,True
Apple Inc.,2022-12-27,2022-12-28,1,down,down,0.3746588053409242,0.35724175690523485,0.26809943775384104,0.3746588053409242,0.017417048435689364,True,True
Apple Inc.,2022-12-28,2022-12-29,1,flat,down,0.4530454064774153,0.3263555845360286,0.22059900898655627,0.4530454064774153,0.12668982194138673,True,False
Apple Inc.,2022-12-29,2022-12-30,1,flat,down,0.36407703911670675,0.3528058251380196,0.28311713574527386,0.36407703911670675,0.011271213978687133,True,False
Apple Inc.,2022-12-30,2023-01-03,1,down,flat,0.3652216730701269,0.3819320450747219,0.25284628185515134,0.3652216730701269,-0.01671037200459502,False,False
Apple Inc.,2023-01-03,2023-01-04,1,flat,down,0.41079096166942464,0.32525329926934604,0.2639557390612294,0.41079096166942464,0.0855376624000786,True,False
Apple Inc.,2023-01-04,2023-01-05,1,flat,flat,0.33047876391663494,0.3469452812285308,0.3225759548548342,0.33047876391663494,-0.016466517311895856,False,True
Apple Inc.,2023-01-05,2023-01-06,1,flat,flat,0.3325269237660457,0.3579680721502596,0.30950500408369475,0.3325269237660457,-0.025441148384213907,False,True
Apple Inc.,2023-01-06,2023-01-09,1,up,flat,0.3115827949300023,0.3702650038115445,0.3181522012584533,0.3181522012584533,-0.0521128025530912,False,False
Apple Inc.,2023-01-09,2023-01-10,1,flat,flat,0.23875531926093735,0.4759963504233288,0.28524833031573377,0.28524833031573377,-0.190748020107595,False,True
Apple Inc.,2023-01-10,2023-01-11,1,up,down,0.4124606377361353,0.4087759837985244,0.17876337846534032,0.4124606377361353,0.00368465393761086,True,False
Apple Inc.,2023-01-11,2023-01-12,1,flat,flat,0.28953326540591384,0.37960638427330784,0.33086035032077843,0.33086035032077843,-0.04874603395252941,False,True
Apple Inc.,2023-01-12,2023-01-13,1,flat,flat,0.3096758956503979,0.37942731147239983,0.31089679287720234,0.31089679287720234,-0.06853051859519749,False,True
Apple Inc.,2023-01-13,2023-01-17,1,up,flat,0.3404663893672423,0.43847443719116597,0.22105917344159173,0.3404663893672423,-0.0980080478239237,False,False
Apple Inc.,2023-01-17,2023-01-18,1,flat,flat,0.23836242203778857,0.44077667590473063,0.32086090205748075,0.32086090205748075,-0.11991577384724988,False,True
Apple Inc.,2023-01-18,2023-01-19,1,down,flat,0.30372825827196726,0.42191733688496647,0.27435440484306634,0.30372825827196726,-0.11818907861299921,False,False
Apple Inc.,2023-01-19,2023-01-20,1,up,flat,0.3916458475358065,0.39854587246509887,0.20980827999909454,0.3916458475358065,-0.00690002492929237,False,False
Apple Inc.,2023-01-20,2023-01-23,1,up,up,0.23741815968354563,0.3260744534162874,0.43650738690016694,0.43650738690016694,0.11043293348387956,True,True
Apple Inc.,2023-01-23,2023-01-24,1,flat,up,0.22936774834419338,0.3815281560059426,0.38910409564986403,0.38910409564986403,0.007575939643921448,True,False
Apple Inc.,2023-01-24,2023-01-25,1,flat,flat,0.2694066137080571,0.4528416129651293,0.2777517733268137,0.2777517733268137,-0.1750898396383156,False,True
Apple Inc.,2023-01-25,2023-01-26,1,up,flat,0.39390929313415124,0.395546119954692,0.2105445869111568,0.39390929313415124,-0.001636826820540782,False,False
Apple Inc.,2023-01-26,2023-01-27,1,up,flat,0.22253140426993695,0.49785569096327476,0.27961290476678846,0.27961290476678846,-0.2182427861964863,False,False
Apple Inc.,2023-01-27,2023-01-30,1,flat,flat,0.2993268501568993,0.37849710583133367,0.322176044011767,0.322176044011767,-0.05632106181956664,False,True
Apple Inc.,2023-01-30,2023-01-31,1,flat,flat,0.37475546277963195,0.42803730101642873,0.19720723620393932,0.37475546277963195,-0.053281838236796775,False,True
Apple Inc.,2023-01-31,2023-02-01,1,flat,flat,0.37654738892736694,0.4042851685585803,0.21916744251405273,0.37654738892736694,-0.027737779631213377,False,True
Apple Inc.,2023-02-01,2023-02-02,1,up,flat,0.28971620199056136,0.4155447059481512,0.2947390920612875,0.2947390920612875,-0.12080561388686367,False,False
Apple Inc.,2023-02-02,2023-02-03,1,up,up,0.21362819324807275,0.370224351889462,0.4161474548624653,0.4161474548624653,0.04592310297300328,True,True
Apple Inc.,2023-02-03,2023-02-06,1,flat,down,0.35929474506050774,0.34734903758874364,0.2933562173507487,0.35929474506050774,0.0119457074717641,True,False
Apple Inc.,2023-02-06,2023-02-07,1,flat,flat,0.38780372481931635,0.4295810215300049,0.18261525365067888,0.38780372481931635,-0.04177729671068853,False,True
Apple Inc.,2023-02-07,2023-02-08,1,flat,down,0.4268707932953443,0.30497379343706765,0.26815541326758796,0.4268707932953443,0.12189699985827662,True,False
Apple Inc.,2023-02-08,2023-02-09,1,flat,flat,0.36254629046871156,0.4160657892503138,0.22138792028097462,0.36254629046871156,-0.053519498781602226,False,True
Apple Inc.,2023-02-09,2023-02-10,1,down,flat,0.35122264770617195,0.4529546163590164,0.19582273593481175,0.35122264770617195,-0.10173196865284445,False,False
Apple Inc.,2023-02-10,2023-02-13,1,up,flat,0.3257535111090192,0.4945163830130877,0.17973010587789306,0.3257535111090192,-0.16876287190406852,False,False
Apple Inc.,2023-02-13,2023-02-14,1,flat,flat,0.22283941265937562,0.5205459912586093,0.25661459608201503,0.25661459608201503,-0.2639313951765943,False,True
Apple Inc.,2023-02-14,2023-02-15,1,up,flat,0.3296395938839839,0.46052467660016866,0.20983572951584756,0.3296395938839839,-0.13088508271618476,False,False
Apple Inc.,2023-02-15,2023-02-16,1,flat,flat,0.2700504410970601,0.4864643017154623,0.24348525718747768,0.2700504410970601,-0.21641386061840218,False,True
Apple Inc.,2023-02-16,2023-02-17,1,down,flat,0.38873204615700696,0.3889750188650241,0.22229293497796887,0.38873204615700696,-0.00024297270801715287,False,False
Apple Inc.,2023-02-17,2023-02-21,1,down,flat,0.37244887144974614,0.42659408291629597,0.20095704563395797,0.37244887144974614,-0.054145211466549825,False,False
Apple Inc.,2023-02-21,2023-02-22,1,flat,flat,0.3393720448427969,0.4104325460184858,0.25019540913871735,0.3393720448427969,-0.07106050117568885,False,True
Apple Inc.,2023-02-22,2023-02-23,1,flat,flat,0.2572027545338837,0.4979455458639832,0.2448516996021332,0.2572027545338837,-0.24074279133009951,False,True
Apple Inc.,2023-02-23,2023-02-24,1,down,flat,0.24593219696682622,0.5407113836681906,0.21335641936498326,0.24593219696682622,-0.2947791867013644,False,False
Apple Inc.,2023-02-24,2023-02-27,1,up,flat,0.36923055988466463,0.4169373631194757,0.2138320769958597,0.36923055988466463,-0.04770680323481108,False,False
Apple Inc.,2023-02-27,2023-02-28,1,flat,flat,0.21536443306101313,0.5352834883445208,0.2493520785944664,0.2493520785944664,-0.2859314097500544,False,True
Apple Inc.,2023-02-28,2023-03-01,1,down,flat,0.3003074581073987,0.4389598803709841,0.26073266152161717,0.3003074581073987,-0.13865242226358543,False,False
Apple Inc.,2023-03-01,2023-03-02,1,flat,flat,0.333894135706972,0.4169025167181256,0.24920334757490237,0.333894135706972,-0.0830083810111536,False,True
Apple Inc.,2023-03-02,2023-03-03,1,up,flat,0.2695391380251991,0.4589780234857652,0.27148283848903576,0.27148283848903576,-0.18749518499672946,False,False
Apple Inc.,2023-03-03,2023-03-06,1,up,up,0.22490535320508984,0.32793277512478514,0.4471618716701249,0.4471618716701249,0.11922909654533975,True,True
Apple Inc.,2023-03-06,2023-03-07,1,down,flat,0.24825253101225758,0.3842667765266661,0.3674806924610763,0.3674806924610763,-0.01678608406558979,False,False
Apple Inc.,2023-03-07,2023-03-08,1,flat,down,0.46252269590227557,0.365832032221003,0.17164527187672157,0.46252269590227557,0.09669066368127255,True,False
Apple Inc.,2023-03-08,2023-03-09,1,flat,down,0.3820965212359888,0.3818399916345442,0.2360634871294671,0.3820965212359888,0.00025652960144462167,True,False
Apple Inc.,2023-03-09,2023-03-10,1,down,down,0.37908343521580823,0.31653819891218526,0.3043783658720065,0.37908343521580823,0.06254523630362296,True,True
Apple Inc.,2023-03-10,2023-03-13,1,flat,down,0.41015695630252935,0.31268536505996114,0.2771576786375097,0.41015695630252935,0.09747159124256821,True,False
Apple Inc.,2023-03-13,2023-03-14,1,up,flat,0.28768443257402276,0.37990880649464714,0.3324067609313302,0.3324067609313302,-0.04750204556331694,False,False
Apple Inc.,2023-03-14,2023-03-15,1,flat,flat,0.22962529251327563,0.46908571566747936,0.3012889918192451,0.3012889918192451,-0.16779672384823424,False,True
Apple Inc.,2023-03-15,2023-03-16,1,up,down,0.37080201830679055,0.3586031860016259,0.2705947956915836,0.37080201830679055,0.012198832305164664,True,False
Apple Inc.,2023-03-16,2023-03-17,1,up,flat,0.2662164368040992,0.4040677103127003,0.3297158528832006,0.3297158528832006,-0.07435185742949968,False,False
Apple Inc.,2023-03-17,2023-03-20,1,flat,flat,0.32167297981694803,0.35200446560454146,0.3263225545785105,0.3263225545785105,-0.025681911026030957,False,True
Apple Inc.,2023-03-20,2023-03-21,1,up,down,0.38297542737343254,0.3659384195921316,0.2510861530344358,0.38297542737343254,0.01703700778130096,True,False
Apple Inc.,2023-03-21,2023-03-22,1,flat,flat,0.31611636128074677,0.38327463938632944,0.30060899933292384,0.31611636128074677,-0.06715827810558267,False,True
Apple Inc.,2023-03-22,2023-03-23,1,flat,down,0.3813145020606631,0.371206447917579,0.2474790500217579,0.3813145020606631,0.010108054143084078,True,False
Apple Inc.,2023-03-23,2023-03-24,1,flat,down,0.4198201543376008,0.36552254526482664,0.21465730039757264,0.4198201543376008,0.054297609072774145,True,False
Apple Inc.,2023-03-24,2023-03-27,1,flat,flat,0.3519789605976194,0.41607473968054404,0.23194629972183656,0.3519789605976194,-0.06409577908292463,False,True
Apple Inc.,2023-03-27,2023-03-28,1,down,flat,0.33185544878783224,0.43479971411248197,0.23334483709968587,0.33185544878783224,-0.10294426532464973,False,False
Apple Inc.,2023-03-28,2023-03-29,1,up,flat,0.29165231731186414,0.5162055757082552,0.1921421069798808,0.29165231731186414,-0.22455325839639106,False,False
Apple Inc.,2023-03-29,2023-03-30,1,up,flat,0.2175287076354821,0.4992599547566131,0.28321133760790473,0.28321133760790473,-0.21604861714870838,False,False
Apple Inc.,2023-03-30,2023-03-31,1,up,flat,0.25888390725535315,0.48774440938853114,0.2533716833561157,0.25888390725535315,-0.228860502133178,False,False
Apple Inc.,2023-03-31,2023-04-03,1,up,flat,0.31146159347567076,0.3708902704267381,0.31764813609759124,0.31764813609759124,-0.05324213432914687,False,False
Apple Inc.,2023-04-03,2023-04-04,1,flat,flat,0.29214703066242104,0.45163276221495346,0.25622020712262566,0.29214703066242104,-0.15948573155253243,False,True
Apple Inc.,2023-04-04,2023-04-05,1,down,flat,0.3382617285503676,0.40088999509824996,0.2608482763513825,0.3382617285503676,-0.06262826654788234,False,False
Apple Inc.,2023-04-05,2023-04-06,1,flat,down,0.4062660335688549,0.35196221324534466,0.24177175318580058,0.4062660335688549,0.05430382032351022,True,False
Apple Inc.,2023-04-06,2023-04-10,1,down,flat,0.26683492537583803,0.47798494342409836,0.2551801312000636,0.26683492537583803,-0.21115001804826034,False,False
Apple Inc.,2023-04-10,2023-04-11,1,flat,flat,0.3048766173967057,0.4375894541497908,0.2575339284535035,0.3048766173967057,-0.1327128367530851,False,True
Apple Inc.,2023-04-11,2023-04-12,1,flat,flat,0.24660018566844738,0.4749025386995414,0.27849727563201115,0.27849727563201115,-0.19640526306753026,False,True
Apple Inc.,2023-04-12,2023-04-13,1,up,flat,0.2959494040024684,0.427119895048661,0.2769307009488706,0.2959494040024684,-0.1311704910461926,False,False
Apple Inc.,2023-04-13,2023-04-14,1,up,up,0.22261731400552248,0.3689267672380473,0.40845591875643006,0.40845591875643006,0.039529151518382766,True,True
Apple Inc.,2023-04-14,2023-04-17,1,flat,flat,0.250689032698864,0.5140503217883411,0.23526064551279505,0.250689032698864,-0.2633612890894771,False,True
Apple Inc.,2023-04-17,2023-04-18,1,up,flat,0.34901595338803104,0.4021871056857034,0.2487969409262656,0.34901595338803104,-0.053171152297672386,False,False
Apple Inc.,2023-04-18,2023-04-19,1,flat,flat,0.28054341560987134,0.4000474200410967,0.319409164349032,0.319409164349032,-0.08063825569206473,False,True
Apple Inc.,2023-04-19,2023-04-20,1,flat,flat,0.32693358937659134,0.3836454390878252,0.28942097153558344,0.32693358937659134,-0.056711849711233886,False,True
Apple Inc.,2023-04-20,2023-04-21,1,down,down,0.38958604378681144,0.3300606043205288,0.28035335189265986,0.38958604378681144,0.05952543946628264,True,True
Apple Inc.,2023-04-21,2023-04-24,1,flat,down,0.3751804776400106,0.3238241215554777,0.30099540080451165,0.3751804776400106,0.05135635608453293,True,False
Apple Inc.,2023-04-24,2023-04-25,1,flat,flat,0.26755651937555436,0.4506260467735062,0.2818174338509397,0.2818174338509397,-0.1688086129225665,False,True
Apple Inc.,2023-04-25,2023-04-26,1,down,flat,0.29573063442235864,0.3849383727311927,0.31933099284644867,0.31933099284644867,-0.06560737988474402,False,False
Apple Inc.,2023-04-26,2023-04-27,1,up,flat,0.3040741835238804,0.4207011758661823,0.27522464060993734,0.3040741835238804,-0.1166269923423019,False,False
Apple Inc.,2023-04-27,2023-04-28,1,up,up,0.21369385980379607,0.32461819231813555,0.4616879478780683,0.4616879478780683,0.13706975555993278,True,True
Apple Inc.,2023-04-28,2023-05-01,1,flat,flat,0.2646931982218378,0.43117589881109536,0.30413090296706685,0.30413090296706685,-0.1270449958440285,False,True
Apple Inc.,2023-05-01,2023-05-02,1,flat,flat,0.35377005998456307,0.36591957483047577,0.2803103651849612,0.35377005998456307,-0.012149514845912701,False,True
Apple Inc.,2023-05-02,2023-05-03,1,flat,down,0.3770261709678003,0.3356102901835877,0.28736353884861204,0.3770261709678003,0.0414158807842126,True,False
Apple Inc.,2023-05-03,2023-05-04,1,down,up,0.3567235421203006,0.24377653322757425,0.39949992465212525,0.39949992465212525,0.155723391424551,True,False
Apple Inc.,2023-05-04,2023-05-05,1,up,down,0.35262033846274277,0.30038690551897496,0.3469927560182823,0.35262033846274277,0.05223343294376781,True,False
Apple Inc.,2023-05-05,2023-05-08,1,flat,up,0.20024711459224137,0.3101659134865769,0.4895869719211816,0.4895869719211816,0.1794210584346047,True,False
Apple Inc.,2023-05-08,2023-05-09,1,flat,flat,0.3181722733071275,0.46313846178301155,0.21868926490986096,0.3181722733071275,-0.14496618847588405,False,True
Apple Inc.,2023-05-09,2023-05-10,1,flat,flat,0.3668759391524188,0.4231194771194775,0.21000458372810382,0.3668759391524188,-0.05624353796705872,False,True
Apple Inc.,2023-05-10,2023-05-11,1,flat,flat,0.32503420836423147,0.35880304803125085,0.3161627436045178,0.32503420836423147,-0.03376883966701938,False,True
Apple Inc.,2023-05-11,2023-05-12,1,flat,flat,0.3131877331422015,0.38387924890449765,0.3029330179533008,0.3131877331422015,-0.07069151576229615,False,True
Apple Inc.,2023-05-12,2023-05-15,1,flat,flat,0.33991381698341905,0.4331609515097893,0.22692523150679186,0.33991381698341905,-0.09324713452637023,False,True
Apple Inc.,2023-05-15,2023-05-16,1,flat,flat,0.2471301016766704,0.5084997596898736,0.24437013863345608,0.2471301016766704,-0.2613696580132032,False,True
Apple Inc.,2023-05-16,2023-05-17,1,flat,flat,0.29331463241992106,0.4461920565953499,0.260493310984729,0.29331463241992106,-0.15287742417542882,False,True
Apple Inc.,2023-05-17,2023-05-18,1,up,up,0.3097678992562802,0.3266546831714059,0.36357741757231393,0.36357741757231393,0.03692273440090804,True,True
Apple Inc.,2023-05-18,2023-05-19,1,up,flat,0.2283468533902066,0.40526121759181055,0.3663919290179828,0.3663919290179828,-0.038869288573827765,False,False
Apple Inc.,2023-05-19,2023-05-22,1,down,flat,0.2684577695938287,0.4355385514148388,0.2960036789913324,0.2960036789913324,-0.13953487242350643,False,False
Apple Inc.,2023-05-22,2023-05-23,1,down,flat,0.33505414243110054,0.4508409003202664,0.2141049572486332,0.33505414243110054,-0.11578675788916587,False,False
Apple Inc.,2023-05-23,2023-05-24,1,down,flat,0.34586261055249046,0.3518108617639413,0.30232652768356827,0.34586261055249046,-0.005948251211450817,False,False
Apple Inc.,2023-05-24,2023-05-25,1,up,flat,0.2587731523292373,0.4381503078489106,0.3030765398218522,0.3030765398218522,-0.13507376802705845,False,False
Apple Inc.,2023-05-25,2023-05-26,1,up,flat,0.24153854310590273,0.397398706848973,0.3610627500451242,0.3610627500451242,-0.03633595680384877,False,False
Apple Inc.,2023-05-26,2023-05-30,1,up,flat,0.2335443429558033,0.48017644967087203,0.2862792073733247,0.2862792073733247,-0.19389724229754735,False,False
Apple Inc.,2023-05-30,2023-05-31,1,flat,flat,0.2503458236337788,0.4173253484696474,0.3323288278965738,0.3323288278965738,-0.08499652057307361,False,True
Apple Inc.,2023-05-31,2023-06-01,1,up,up,0.35169947368089743,0.22590274751696554,0.4223977788021372,0.4223977788021372,0.19649503128517165,True,True
Apple Inc.,2023-06-01,2023-06-02,1,up,up,0.3114003124811766,0.3434016032377635,0.34519808428105997,0.34519808428105997,0.001796481043296494,True,True
Apple Inc.,2023-06-02,2023-06-05,1,flat,up,0.2637562238416088,0.3622512830060361,0.3739924931523551,0.3739924931523551,0.011741210146319014,True,False
Apple Inc.,2023-06-05,2023-06-06,1,down,up,0.3657116806531832,0.2031858217670811,0.4311024975797359,0.4311024975797359,0.2279166758126548,True,False
Apple Inc.,2023-06-06,2023-06-07,1,flat,down,0.3617062830289568,0.3496263511632254,0.2886673658078179,0.3617062830289568,0.01207993186573142,True,False
Apple Inc.,2023-06-07,2023-06-08,1,flat,flat,0.3057629761452614,0.36498860040853454,0.3292484234462042,0.3292484234462042,-0.03574017696233034,False,True
Apple Inc.,2023-06-08,2023-06-09,1,up,flat,0.2332501983931905,0.4560025412798936,0.310747260326916,0.310747260326916,-0.14525528095297757,False,False
Apple Inc.,2023-06-09,2023-06-12,1,flat,flat,0.22884199540448266,0.4805743486066343,0.2905836559888829,0.2905836559888829,-0.18999069261775137,False,True
Apple Inc.,2023-06-12,2023-06-13,1,flat,flat,0.29430364848111956,0.4432530850971118,0.26244326642176863,0.29430364848111956,-0.14894943661599225,False,True
Apple Inc.,2023-06-13,2023-06-14,1,flat,flat,0.34555825342480273,0.38002076216105407,0.2744209844141433,0.34555825342480273,-0.03446250873625134,False,True
Apple Inc.,2023-06-14,2023-06-15,1,up,flat,0.3420414574917189,0.3485855800855757,0.3093729624227054,0.3420414574917189,-0.006544122593856838,False,False
Apple Inc.,2023-06-15,2023-06-16,1,flat,flat,0.2882391196141908,0.35728224600034764,0.3544786343854615,0.3544786343854615,-0.0028036116148861256,False,True
Apple Inc.,2023-06-16,2023-06-20,1,flat,up,0.3439122261653146,0.24724091467153475,0.4088468591631508,0.4088468591631508,0.16160594449161603,True,False
Apple Inc.,2023-06-20,2023-06-21,1,flat,flat,0.29624784390456615,0.43844841117437394,0.26530374492105985,0.29624784390456615,-0.1422005672698078,False,True
Apple Inc.,2023-06-21,2023-06-22,1,flat,flat,0.30129032124851574,0.4089375482729891,0.28977213047849504,0.30129032124851574,-0.10764722702447338,False,True
Apple Inc.,2023-06-22,2023-06-23,1,flat,flat,0.2428358611841212,0.42048993653873745,0.3366742022771412,0.3366742022771412,-0.08381573426159628,False,True
Apple Inc.,2023-06-23,2023-06-26,1,flat,flat,0.2897551884128634,0.42156526214113943,0.28867954944599705,0.2897551884128634,-0.13181007372827602,False,True
Apple Inc.,2023-06-26,2023-06-27,1,flat,flat,0.28631935203320114,0.4229862751793677,0.2906943727874311,0.2906943727874311,-0.1322919023919366,False,True
Apple Inc.,2023-06-27,2023-06-28,1,up,flat,0.28281873479475605,0.39558329316835616,0.3215979720368878,0.3215979720368878,-0.07398532113146838,False,False
Apple Inc.,2023-06-28,2023-06-29,1,flat,flat,0.24793050551758633,0.39507767540818367,0.35699181907422994,0.35699181907422994,-0.03808585633395373,False,True
Apple Inc.,2023-06-29,2023-06-30,1,up,flat,0.28247997177900347,0.37173056858983505,0.34578945963116153,0.34578945963116153,-0.02594110895867352,False,False
Apple Inc.,2023-06-30,2023-07-03,1,flat,up,0.21992818456724306,0.2676453790981876,0.5124264363345693,0.5124264363345693,0.24478105723638172,True,False
Apple Inc.,2023-07-03,2023-07-05,1,down,flat,0.2862350846663826,0.41014473184441125,0.3036201834892062,0.3036201834892062,-0.10652454835520503,False,False
Apple Inc.,2023-07-05,2023-07-06,1,down,down,0.36787315532176856,0.2829206869389458,0.34920615773928576,0.36787315532176856,0.08495246838282278,True,True
Apple Inc.,2023-07-06,2023-07-07,1,flat,flat,0.28573081787922916,0.3889971985142662,0.3252719836065048,0.3252719836065048,-0.0637252149077614,False,True
Apple Inc.,2023-07-07,2023-07-10,1,down,flat,0.26597957534916694,0.3911541027641889,0.34286632188664423,0.34286632188664423,-0.04828778087754465,False,False
Apple Inc.,2023-07-10,2023-07-11,1,flat,up,0.32839333131063875,0.3350412607577811,0.33656540793158013,0.33656540793158013,0.0015241471737990064,True,False
Apple Inc.,2023-07-11,2023-07-12,1,up,flat,0.23065844861278212,0.45239937218345505,0.31694217920376283,0.31694217920376283,-0.13545719297969222,False,False
Apple Inc.,2023-07-12,2023-07-13,1,flat,up,0.23792616711695708,0.3653763075663704,0.3966975253166726,0.3966975253166726,0.031321217750302166,True,False
Apple Inc.,2023-07-13,2023-07-14,1,flat,flat,0.23097976420180058,0.46600938930885144,0.30301084648934795,0.30301084648934795,-0.1629985428195035,False,True
Apple Inc.,2023-07-14,2023-07-17,1,up,flat,0.29041373756014066,0.4010042054731251,0.30858205696673413,0.30858205696673413,-0.09242214850639097,False,False
Apple Inc.,2023-07-17,2023-07-18,1,flat,up,0.24442637685668855,0.36131667658985794,0.39425694655345345,0.39425694655345345,0.0329402699635955,True,False
Apple Inc.,2023-07-18,2023-07-19,1,up,flat,0.31657001163095183,0.3543613935277541,0.3290685948412941,0.3290685948412941,-0.025292798686460005,False,False
Apple Inc.,2023-07-19,2023-07-20,1,flat,up,0.295698645019567,0.2478972069988932,0.45640414798153983,0.45640414798153983,0.20850694098264663,True,False
Apple Inc.,2023-07-20,2023-07-21,1,down,down,0.36425629678867366,0.31630759435889233,0.3194361088524342,0.36425629678867366,0.04794870242978133,True,True
Apple Inc.,2023-07-21,2023-07-24,1,flat,down,0.36365120015805097,0.27954408654369634,0.35680471329825275,0.36365120015805097,0.08410711361435463,True,False
Apple Inc.,2023-07-24,2023-07-25,1,flat,flat,0.2333696110940812,0.439431740311746,0.3271986485941729,0.3271986485941729,-0.11223309171757306,False,True
Apple Inc.,2023-07-25,2023-07-26,1,flat,flat,0.23776565758909093,0.4594401376124816,0.3027942047984274,0.3027942047984274,-0.1566459328140542,False,True
Apple Inc.,2023-07-26,2023-07-27,1,flat,flat,0.2922465682311255,0.3909917007443856,0.3167617310244889,0.3167617310244889,-0.0742299697198967,False,True
Apple Inc.,2023-07-27,2023-07-28,1,flat,flat,0.28932413199571405,0.40687728777549786,0.30379858022878803,0.30379858022878803,-0.10307870754670984,False,True
Apple Inc.,2023-07-28,2023-07-31,1,flat,flat,0.31331458662411493,0.36965778929830084,0.3170276240775842,0.3170276240775842,-0.05263016522071662,False,True
Apple Inc.,2023-07-31,2023-08-01,1,flat,flat,0.2651148778242213,0.4008009506282987,0.3340841715474801,0.3340841715474801,-0.06671677908081858,False,True
Apple Inc.,2023-08-01,2023-08-02,1,down,flat,0.29203487923614285,0.38790482514529395,0.3200602956185632,0.3200602956185632,-0.06784452952673076,False,False
Apple Inc.,2023-08-02,2023-08-03,1,down,down,0.3828396403534994,0.28849011271365416,0.32867024693284663,0.3828396403534994,0.09434952763984522,True,True
Apple Inc.,2023-08-03,2023-08-04,1,down,up,0.3091196017239038,0.29260147424137367,0.39827892403472265,0.39827892403472265,0.10567744979334898,True,False
Apple Inc.,2023-08-04,2023-08-07,1,down,down,0.3688399968412137,0.27835068401209645,0.3528093191466899,0.3688399968412137,0.09048931282911726,True,True
Apple Inc.,2023-08-07,2023-08-08,1,flat,up,0.2530412891065555,0.3294051740559828,0.4175535368374616,0.4175535368374616,0.0881483627814788,True,False
Apple Inc.,2023-08-08,2023-08-09,1,flat,up,0.22792864528439272,0.3514172224895044,0.4206541322261028,0.4206541322261028,0.0692369097365984,True,False
Apple Inc.,2023-08-09,2023-08-10,1,flat,flat,0.2640611937084607,0.3695750398617339,0.3663637664298055,0.3663637664298055,-0.0032112734319283964,False,True
Apple Inc.,2023-08-10,2023-08-11,1,down,flat,0.2707892407199891,0.3946065804622446,0.3346041788177664,0.3346041788177664,-0.06000240164447823,False,False
Apple Inc.,2023-08-11,2023-08-14,1,flat,flat,0.29357026583018364,0.3905650270029161,0.3158647071669003,0.3158647071669003,-0.07470031983601583,False,True
Apple Inc.,2023-08-14,2023-08-15,1,flat,flat,0.28794451119977305,0.3975826328719089,0.3144728559283181,0.3144728559283181,-0.08310977694359084,False,True
Apple Inc.,2023-08-15,2023-08-16,1,down,flat,0.32024139978341926,0.3733393205397242,0.30641927967685667,0.32024139978341926,-0.05309792075630493,False,False
Apple Inc.,2023-08-16,2023-08-17,1,down,flat,0.33221059728056734,0.38444885718464394,0.28334054553478877,0.33221059728056734,-0.0522382599040766,False,False
Apple Inc.,2023-08-17,2023-08-18,1,down,up,0.32955315656629325,0.30220343077027106,0.36824341266343574,0.36824341266343574,0.06603998189316468,True,False
Apple Inc.,2023-08-18,2023-08-21,1,up,up,0.30861266812180665,0.32939507860777306,0.3619922532704204,0.3619922532704204,0.03259717466264733,True,True
Apple Inc.,2023-08-21,2023-08-22,1,up,flat,0.2607265736539434,0.43362412166531805,0.3056493046807387,0.3056493046807387,-0.12797481698457935,False,False
Apple Inc.,2023-08-22,2023-08-23,1,up,flat,0.25285645271513507,0.48418794507597857,0.2629556022088865,0.2629556022088865,-0.2212323428670921,False,False
Apple Inc.,2023-08-23,2023-08-24,1,down,flat,0.27726583452860865,0.3979976917501571,0.3247364737212343,0.3247364737212343,-0.07326121802892277,False,False
Apple Inc.,2023-08-24,2023-08-25,1,flat,down,0.4284867927193836,0.3239088681179687,0.24760433916264768,0.4284867927193836,0.1045779246014149,True,False
Apple Inc.,2023-08-25,2023-08-28,1,up,down,0.37088081587160904,0.33035125287051664,0.29876793125787443,0.37088081587160904,0.040529563001092395,True,False
Apple Inc.,2023-08-28,2023-08-29,1,up,flat,0.2535774063660904,0.426295306126785,0.3201272875071246,0.3201272875071246,-0.10616801861966041,False,False
Apple Inc.,2023-08-29,2023-08-30,1,up,flat,0.278798438328076,0.40643494314075385,0.31476661853117005,0.31476661853117005,-0.0916683246095838,False,False
Apple Inc.,2023-08-30,2023-08-31,1,up,flat,0.2626995548169399,0.4054069340014907,0.3318935111815693,0.3318935111815693,-0.0735134228199214,False,False
Apple Inc.,2023-08-31,2023-09-01,1,flat,flat,0.3294537784065677,0.3859004524430516,0.2846457691503806,0.3294537784065677,-0.0564466740364839,False,True
Apple Inc.,2023-09-01,2023-09-05,1,flat,flat,0.3311117399611312,0.41451989869644834,0.25436836134242047,0.3311117399611312,-0.08340815873531715,False,True
Apple Inc.,2023-09-05,2023-09-06,1,down,down,0.38184128231899095,0.3472550085178244,0.2709037091631846,0.38184128231899095,0.03458627380116652,True,True
Apple Inc.,2023-09-06,2023-09-07,1,down,down,0.4059456643030439,0.2901809783445597,0.3038733573523965,0.4059456643030439,0.11576468595848421,True,True
Apple Inc.,2023-09-07,2023-09-08,1,up,down,0.38076907945375094,0.3332568770078546,0.2859740435383944,0.38076907945375094,0.04751220244589632,True,False
Apple Inc.,2023-09-08,2023-09-11,1,flat,flat,0.18744189308307083,0.45204394125691816,0.36051416566001104,0.36051416566001104,-0.09152977559690711,False,True
Apple Inc.,2023-09-11,2023-09-12,1,down,flat,0.29477658774832677,0.4417673441978458,0.26345606805382743,0.29477658774832677,-0.14699075644951903,False,False
Apple Inc.,2023-09-12,2023-09-13,1,down,flat,0.3512879471438073,0.37110617631310416,0.27760587654308855,0.3512879471438073,-0.019818229169296875,False,False
Apple Inc.,2023-09-13,2023-09-14,1,flat,flat,0.3294252543417528,0.3545226079540703,0.31605213770417706,0.3294252543417528,-0.02509735361231752,False,True
Apple Inc.,2023-09-14,2023-09-15,1,flat,flat,0.283917209763538,0.368938426700699,0.34714436353576317,0.34714436353576317,-0.021794063164935817,False,True
Apple Inc.,2023-09-15,2023-09-18,1,up,up,0.31707927396979224,0.28513763276229687,0.39778309326791095,0.39778309326791095,0.11264546050561408,True,True
Apple Inc.,2023-09-18,2023-09-19,1,flat,flat,0.2645443490935142,0.4761768023501197,0.25927884855636607,0.2645443490935142,-0.2116324532566055,False,True
Apple Inc.,2023-09-19,2023-09-20,1,flat,flat,0.31817245644411474,0.49787549420203886,0.18395204935384651,0.31817245644411474,-0.17970303775792412,False,True
Apple Inc.,2023-09-20,2023-09-21,1,down,down,0.40829950739319476,0.34311234074672525,0.24858815186008,0.40829950739319476,0.06518716664646951,True,True
Apple Inc.,2023-09-21,2023-09-22,1,flat,down,0.4107294747869873,0.32884639279483063,0.2604241324181821,0.4107294747869873,0.08188308199215666,True,False
Apple Inc.,2023-09-22,2023-09-25,1,flat,flat,0.289122016677058,0.43837586436122766,0.2725021189617143,0.289122016677058,-0.14925384768416966,False,True
Apple Inc.,2023-09-25,2023-09-26,1,down,flat,0.2524445642388491,0.5114788250515659,0.2360766107095849,0.2524445642388491,-0.25903426081271685,False,False
Apple Inc.,2023-09-26,2023-09-27,1,down,flat,0.3520699138015069,0.3777650235564258,0.2701650626420675,0.3520699138015069,-0.025695109754918954,False,False
Apple Inc.,2023-09-27,2023-09-28,1,down,flat,0.3386543906927475,0.37289329883593186,0.2884523104713208,0.3386543906927475,-0.034238908143184366,False,False
Apple Inc.,2023-09-28,2023-09-29,1,up,flat,0.2850206651888737,0.38268487825001607,0.3322944565611101,0.3322944565611101,-0.05039042168890595,False,False
Apple Inc.,2023-09-29,2023-10-02,1,flat,flat,0.2560814366178539,0.4497399962732174,0.29417856710892865,0.29417856710892865,-0.15556142916428878,False,True
Apple Inc.,2023-10-02,2023-10-03,1,flat,flat,0.31260802924835174,0.4661321053564801,0.22125986539516812,0.31260802924835174,-0.15352407610812835,False,True
Apple Inc.,2023-10-03,2023-10-04,1,flat,flat,0.31563661558886613,0.4662526560080059,0.21811072840312795,0.31563661558886613,-0.15061604041913979,False,True
Apple Inc.,2023-10-04,2023-10-05,1,up,flat,0.3410831069289931,0.400704607220873,0.25821228585013406,0.3410831069289931,-0.0596215002918799,False,False
Apple Inc.,2023-10-05,2023-10-06,1,up,flat,0.2872481067913448,0.4212501552933146,0.2915017379153407,0.2915017379153407,-0.12974841737797393,False,False
Apple Inc.,2023-10-06,2023-10-09,1,up,flat,0.32014607282540297,0.404926959845075,0.274926967329522,0.32014607282540297,-0.08478088701967201,False,False
Apple Inc.,2023-10-09,2023-10-10,1,flat,flat,0.25995119127817273,0.5007377565807662,0.23931105214106096,0.25995119127817273,-0.2407865653025935,False,True
Apple Inc.,2023-10-10,2023-10-11,1,flat,flat,0.3452259722583118,0.42122061810520184,0.2335534096364865,0.3452259722583118,-0.07599464584689003,False,True
Apple Inc.,2023-10-11,2023-10-12,1,up,flat,0.3501987009233262,0.36809815294121906,0.28170314613545466,0.3501987009233262,-0.017899452017892836,False,False
Apple Inc.,2023-10-12,2023-10-13,1,flat,flat,0.2889081670296717,0.38410820033509435,0.3269836326352339,0.3269836326352339,-0.05712456769986046,False,True
Apple Inc.,2023-10-13,2023-10-16,1,down,flat,0.3755093211806455,0.37989980822749364,0.24459087059186096,0.3755093211806455,-0.004390487046848135,False,False
Apple Inc.,2023-10-16,2023-10-17,1,down,down,0.3809462241388337,0.3709836602337476,0.2480701156274186,0.3809462241388337,0.009962563905086097,True,True
Apple Inc.,2023-10-17,2023-10-18,1,flat,flat,0.3307732463102263,0.3560961596038263,0.31313059408594746,0.3307732463102263,-0.02532291329359998,False,True
Apple Inc.,2023-10-18,2023-10-19,1,flat,flat,0.3071595756541816,0.37622057059487257,0.3166198537509459,0.3166198537509459,-0.05960071684392665,False,True
Apple Inc.,2023-10-19,2023-10-20,1,down,flat,0.31311785509444456,0.3632428812937313,0.32363926361182416,0.32363926361182416,-0.03960361768190712,False,False
Apple Inc.,2023-10-20,2023-10-23,1,down,flat,0.3381996180281543,0.34378857874056423,0.31801180323128153,0.3381996180281543,-0.0055889607124099405,False,False
Apple Inc.,2023-10-23,2023-10-24,1,flat,flat,0.3365675256875429,0.3529520752659735,0.31048039904648367,0.3365675256875429,-0.016384549578430607,False,True
Apple Inc.,2023-10-24,2023-10-25,1,down,flat,0.2633782116088951,0.41850234487910876,0.3181194435119963,0.3181194435119963,-0.10038290136711248,False,False
Apple Inc.,2023-10-25,2023-10-26,1,down,down,0.3503549131632633,0.30424284509501665,0.3454022417417202,0.3503549131632633,0.04611206806824664,True,True
Apple Inc.,2023-10-26,2023-10-27,1,flat,down,0.41246149300915613,0.28577606122545723,0.30176244576538674,0.41246149300915613,0.1266854317836989,True,False
Apple Inc.,2023-10-27,2023-10-30,1,up,up,0.30097438098225304,0.3226554312701856,0.3763701877475615,0.3763701877475615,0.05371475647737589,True,True
Apple Inc.,2023-10-30,2023-10-31,1,flat,flat,0.266915329443562,0.3813838482113895,0.3517008223450486,0.3517008223450486,-0.029683025866340862,False,True
Apple Inc.,2023-10-31,2023-11-01,1,up,flat,0.3287248120051367,0.4148275146608539,0.25644767333400925,0.3287248120051367,-0.08610270265571718,False,False
Apple Inc.,2023-11-01,2023-11-02,1,up,flat,0.25823296584251715,0.4043247512667899,0.33744228289069284,0.33744228289069284,-0.06688246837609707,False,False
Apple Inc.,2023-11-02,2023-11-03,1,down,up,0.24317284925134064,0.3338998588854406,0.42292729186321876,0.42292729186321876,0.08902743297777815,True,False
Apple Inc.,2023-11-03,2023-11-06,1,up,down,0.46104680982490004,0.2634188091012255,0.2755343810738745,0.46104680982490004,0.19762800072367454,True,False
Apple Inc.,2023-11-06,2023-11-07,1,up,flat,0.2700752695911235,0.39630043151646555,0.3336242988924111,0.3336242988924111,-0.06267613262405447,False,False
Apple Inc.,2023-11-07,2023-11-08,1,up,flat,0.28468292730250466,0.36216359380581997,0.35315347889167537,0.35315347889167537,-0.009010114914144607,False,False
Apple Inc.,2023-11-08,2023-11-09,1,flat,flat,0.2746848993426978,0.4689125961273489,0.2564025045299534,0.2746848993426978,-0.19422769678465113,False,True
Apple Inc.,2023-11-09,2023-11-10,1,up,flat,0.3738013913220186,0.3951359356082508,0.23106267306973066,0.3738013913220186,-0.02133454428623216,False,False
Apple Inc.,2023-11-10,2023-11-13,1,flat,flat,0.2742487609648254,0.3892508356073566,0.33650040342781784,0.33650040342781784,-0.052750432179538786,False,True
Apple Inc.,2023-11-13,2023-11-14,1,up,flat,0.31372897727043836,0.45210752066033805,0.23416350206922365,0.31372897727043836,-0.1383785433898997,False,False
Apple Inc.,2023-11-14,2023-11-15,1,flat,flat,0.2566222039911367,0.3995151299956751,0.3438626660131882,0.3438626660131882,-0.05565246398248691,False,True
Apple Inc.,2023-11-15,2023-11-16,1,up,flat,0.3300274120687991,0.4302666763112257,0.23970591161997523,0.3300274120687991,-0.10023926424242663,False,False
Apple Inc.,2023-11-16,2023-11-17,1,flat,flat,0.31372707092573743,0.4350661655337361,0.25120676354052646,0.31372707092573743,-0.12133909460799869,False,True
Apple Inc.,2023-11-17,2023-11-20,1,flat,flat,0.3484730924347662,0.3968763183347227,0.25465058923051115,0.3484730924347662,-0.04840322589995649,False,True
Apple Inc.,2023-11-20,2023-11-21,1,flat,flat,0.30936303987821917,0.4225699393472946,0.2680670207744863,0.30936303987821917,-0.11320689946907542,False,True
Apple Inc.,2023-11-21,2023-11-22,1,flat,flat,0.30295380670998034,0.43130675143595204,0.2657394418540677,0.30295380670998034,-0.1283529447259717,False,True
Apple Inc.,2023-11-22,2023-11-24,1,down,flat,0.28010190842573945,0.43109724206645716,0.2888008495078035,0.2888008495078035,-0.14229639255865367,False,False
Apple Inc.,2023-11-24,2023-11-27,1,flat,flat,0.2595432222739824,0.48989501353656817,0.2505617641894493,0.2595432222739824,-0.23035179126258576,False,True
Apple Inc.,2023-11-27,2023-11-28,1,flat,flat,0.2813260476351157,0.36644050409651374,0.3522334482683705,0.3522334482683705,-0.014207055828143245,False,True
Apple Inc.,2023-11-28,2023-11-29,1,flat,flat,0.21023358821786164,0.47820162755167595,0.31156478423046235,0.31156478423046235,-0.1666368433212136,False,True
Apple Inc.,2023-11-29,2023-11-30,1,down,flat,0.2612311418254375,0.40892121510267143,0.3298476430718911,0.3298476430718911,-0.07907357203078036,False,False
Apple Inc.,2023-11-30,2023-12-01,1,up,flat,0.2808420351393754,0.3992860378164558,0.3198719270441689,0.3198719270441689,-0.07941411077228688,False,False
Apple Inc.,2023-12-01,2023-12-04,1,down,flat,0.22711443267453174,0.4018626329079659,0.3710229344175022,0.3710229344175022,-0.030839698490463696,False,False
Apple Inc.,2023-12-04,2023-12-05,1,up,flat,0.27437294024916176,0.3885468703412098,0.3370801894096285,0.3370801894096285,-0.051466680931581354,False,False
Apple Inc.,2023-12-05,2023-12-06,1,up,up,0.2103791197009089,0.2706837280342218,0.5189371522648691,0.5189371522648691,0.24825342423064733,True,True
Apple Inc.,2023-12-06,2023-12-07,1,flat,flat,0.2338814472278246,0.4445112713401455,0.32160728143203,0.32160728143203,-0.12290398990811552,False,True
Apple Inc.,2023-12-07,2023-12-08,1,flat,flat,0.3116630948706301,0.3448058123833885,0.3435310927459815,0.3435310927459815,-0.0012747196374069958,False,True
Apple Inc.,2023-12-08,2023-12-11,1,down,up,0.310104192071176,0.31163801714293715,0.3782577907858869,0.3782577907858869,0.06661977364294974,True,False
Apple Inc.,2023-12-11,2023-12-12,1,flat,down,0.37652664825198623,0.2612461685874522,0.36222718316056157,0.37652664825198623,0.11528047966453403,True,False
Apple Inc.,2023-12-12,2023-12-13,1,up,up,0.2811172601810738,0.341380518412985,0.37750222140594103,0.37750222140594103,0.03612170299295603,True,True
Apple Inc.,2023-12-13,2023-12-14,1,up,up,0.24177193090626198,0.30629021626967046,0.45193785282406745,0.45193785282406745,0.145647636554397,True,True
Apple Inc.,2023-12-14,2023-12-15,1,flat,flat,0.3199904918117528,0.3551453742972508,0.3248641338909964,0.3248641338909964,-0.030281240406254406,False,True
Apple Inc.,2023-12-15,2023-12-18,1,down,up,0.3708352730742739,0.19044237940330047,0.43872234752242567,0.43872234752242567,0.2482799681191252,True,False
Apple Inc.,2023-12-18,2023-12-19,1,flat,up,0.3230270803162717,0.33083981896080594,0.34613310072292247,0.34613310072292247,0.015293281762116528,True,False
Apple Inc.,2023-12-19,2023-12-20,1,flat,flat,0.23944846960665395,0.4204437876026717,0.34010774279067446,0.34010774279067446,-0.08033604481199724,False,True
Apple Inc.,2023-12-20,2023-12-21,1,flat,up,0.30453955404209865,0.3475184968199051,0.34794194913799625,0.34794194913799625,0.00042345231809115536,True,False
Apple Inc.,2023-12-21,2023-12-22,1,down,flat,0.27621469715536306,0.43561787947789676,0.2881674233667402,0.2881674233667402,-0.14745045611115654,False,False
Apple Inc.,2023-12-22,2023-12-26,1,down,flat,0.23653266794807137,0.48991491853447955,0.2735524135174491,0.2735524135174491,-0.21636250501703047,False,False
Apple Inc.,2023-12-26,2023-12-27,1,flat,flat,0.22421432405145408,0.4691315804677697,0.30665409548077616,0.30665409548077616,-0.16247748498699355,False,True
Apple Inc.,2023-12-27,2023-12-28,1,up,up,0.32735603588008577,0.3042229714895157,0.3684209926303986,0.3684209926303986,0.06419802114088291,True,True
Apple Inc.,2023-12-28,2023-12-29,1,flat,flat,0.21263292832553213,0.4721452776110221,0.31522179406344575,0.31522179406344575,-0.15692348354757635,False,True
Apple Inc.,2023-12-29,2024-01-02,1,down,flat,0.29875141926077453,0.3839622963340268,0.3172862844051986,0.3172862844051986,-0.06667601192882816,False,False
Apple Inc.,2024-01-02,2024-01-03,1,down,down,0.42596066248346753,0.2642352219778488,0.3098041155386837,0.42596066248346753,0.1617254405056187,True,True
Apple Inc.,2024-01-03,2024-01-04,1,down,up,0.26187550959630385,0.30174688069908784,0.43637760970460826,0.43637760970460826,0.13463072900552042,True,False
Apple Inc.,2024-01-04,2024-01-05,1,flat,up,0.25706867937416766,0.29815060721444975,0.4447807134113826,0.4447807134113826,0.14663010619693284,True,False
Apple Inc.,2024-01-05,2024-01-08,1,up,up,0.2734190241722326,0.33976055754250245,0.38682041828526487,0.38682041828526487,0.047059860742762416,True,True
Apple Inc.,2024-01-08,2024-01-09,1,flat,flat,0.2521107674926923,0.39718363667711365,0.350705595830194,0.350705595830194,-0.046478040846919644,False,True
Apple Inc.,2024-01-09,2024-01-10,1,flat,flat,0.2701990610362173,0.4689121945065662,0.26088874445721627,0.2701990610362173,-0.19871313347034886,False,True
Apple Inc.,2024-01-10,2024-01-11,1,flat,flat,0.3057617597476048,0.3893550053855548,0.30488323486684055,0.3057617597476048,-0.08359324563795001,False,True
Apple Inc.,2024-01-11,2024-01-12,1,flat,flat,0.3231582370702202,0.3548030214580916,0.32203874147168826,0.3231582370702202,-0.03164478438787144,False,True
Apple Inc.,2024-01-12,2024-01-16,1,down,flat,0.3215811508709122,0.4017814639868138,0.27663738514227404,0.3215811508709122,-0.08020031311590159,False,False
Apple Inc.,2024-01-16,2024-01-17,1,flat,down,0.4094851926145697,0.2686837063314419,0.32183110105398843,0.4094851926145697,0.14080148628312783,True,False
Apple Inc.,2024-01-17,2024-01-18,1,up,flat,0.27701090793651395,0.40793937389456447,0.3150497181689218,0.3150497181689218,-0.09288965572564267,False,False
Apple Inc.,2024-01-18,2024-01-19,1,up,up,0.19486095670997503,0.31643279804148033,0.48870624524854456,0.48870624524854456,0.17227344720706422,True,True
Apple Inc.,2024-01-19,2024-01-22,1,up,flat,0.2791066504272705,0.4153009643493131,0.3055923852234165,0.3055923852234165,-0.1097085791258966,False,False
Apple Inc.,2024-01-22,2024-01-23,1,flat,flat,0.30769335936331027,0.40928284377042456,0.2830237968662651,0.30769335936331027,-0.1015894844071143,False,True
Apple Inc.,2024-01-23,2024-01-24,1,flat,flat,0.29372276180201884,0.45473929816425196,0.2515379400337294,0.29372276180201884,-0.16101653636223312,False,True
Apple Inc.,2024-01-24,2024-01-25,1,flat,down,0.3971406119605492,0.30745047074355825,0.2954089172958926,0.3971406119605492,0.08969014121699093,True,False
Apple Inc.,2024-01-25,2024-01-26,1,down,down,0.38767781890187925,0.3329800493640239,0.2793421317340969,0.38767781890187925,0.05469776953785532,True,True
Apple Inc.,2024-01-26,2024-01-29,1,down,flat,0.2984346037698432,0.4769478529163146,0.22461754331384232,0.2984346037698432,-0.17851324914647138,False,False
Apple Inc.,2024-01-29,2024-01-30,1,down,flat,0.30237876743078873,0.4492385959307562,0.2483826366384549,0.30237876743078873,-0.14685982849996748,False,False
Apple Inc.,2024-01-30,2024-01-31,1,down,flat,0.31744677076409156,0.3912862601312106,0.29126696910469785,0.31744677076409156,-0.07383948936711904,False,False
Apple Inc.,2024-01-31,2024-02-01,1,flat,flat,0.32729286530844903,0.391006812268351,0.2817003224232,0.32729286530844903,-0.06371394695990196,False,True
Apple Inc.,2024-02-01,2024-02-02,1,down,up,0.26479923209178935,0.3377706089511793,0.39743015895703127,0.39743015895703127,0.05965955000585199,True,False
Apple Inc.,2024-02-02,2024-02-05,1,up,up,0.28641546824003694,0.33550565563397816,0.3780788761259849,0.3780788761259849,0.042573220492006736,True,True
Apple Inc.,2024-02-05,2024-02-06,1,flat,flat,0.20219611122724418,0.47505591391076185,0.3227479748619938,0.3227479748619938,-0.15230793904876805,False,True
Apple Inc.,2024-02-06,2024-02-07,1,up,flat,0.27369811862020005,0.5181355884193413,0.20816629296045874,0.27369811862020005,-0.24443746979914122,False,False
Apple Inc.,2024-02-07,2024-02-08,1,down,flat,0.29991779828261034,0.38502506267958275,0.31505713903780697,0.31505713903780697,-0.06996792364177579,False,False
Apple Inc.,2024-02-08,2024-02-09,1,flat,flat,0.35611613280204923,0.4091022734022049,0.23478159379574592,0.35611613280204923,-0.05298614060015566,False,True
Apple Inc.,2024-02-09,2024-02-12,1,down,flat,0.34814461140038716,0.352778125029265,0.2990772635703478,0.34814461140038716,-0.004633513628877817,False,False
Apple Inc.,2024-02-12,2024-02-13,1,down,flat,0.2758958629975309,0.4756904266310149,0.24841371037145424,0.2758958629975309,-0.19979456363348402,False,False
Apple Inc.,2024-02-13,2024-02-14,1,flat,flat,0.3426820550864702,0.35759199562450084,0.299725949289029,0.3426820550864702,-0.01490994053803063,False,True
Apple Inc.,2024-02-14,2024-02-15,1,down,flat,0.2847283560147243,0.39463297057479496,0.3206386734104809,0.3206386734104809,-0.07399429716431405,False,False
Apple Inc.,2024-02-15,2024-02-16,1,flat,up,0.29044435496997134,0.3224273789357798,0.3871282660942489,0.3871282660942489,0.06470088715846911,True,False
Apple Inc.,2024-02-16,2024-02-20,1,down,flat,0.2716947114122242,0.42000809046837756,0.30829719811939826,0.30829719811939826,-0.1117108923489793,False,False
Apple Inc.,2024-02-20,2024-02-21,1,flat,flat,0.33667915534754356,0.3584422477600592,0.3048785968923973,0.33667915534754356,-0.021763092412515617,False,True
Apple Inc.,2024-02-21,2024-02-22,1,up,flat,0.2575852718951268,0.45154071154164527,0.29087401656322787,0.29087401656322787,-0.1606666949784174,False,False
Apple Inc.,2024-02-22,2024-02-23,1,flat,flat,0.27883660288110135,0.3897199103883492,0.33144348673054935,0.33144348673054935,-0.058276423657799836,False,True
Apple Inc.,2024-02-23,2024-02-26,1,down,flat,0.3320544836129705,0.3987263477963604,0.2692191685906692,0.3320544836129705,-0.06667186418338988,False,False
Apple Inc.,2024-02-26,2024-02-27,1,flat,flat,0.3058768027119828,0.4011248007660613,0.2929983965219559,0.3058768027119828,-0.09524799805407846,False,True
Apple Inc.,2024-02-27,2024-02-28,1,flat,up,0.3262969877750489,0.29546306224855357,0.37823994997639765,0.37823994997639765,0.08277688772784408,True,False
Apple Inc.,2024-02-28,2024-02-29,1,flat,flat,0.3060223886675259,0.37251474016898223,0.32146287116349176,0.32146287116349176,-0.05105186900549047,False,True
Apple Inc.,2024-02-29,2024-03-01,1,down,up,0.35853496321448175,0.22729714847864835,0.41416788830686996,0.41416788830686996,0.1868707398282216,True,False
Apple Inc.,2024-03-01,2024-03-04,1,down,flat,0.31256522936019704,0.36747568496846894,0.31995908567133413,0.31995908567133413,-0.04751659929713481,False,False
Apple Inc.,2024-03-04,2024-03-05,1,down,up,0.33683455407483176,0.309273366648083,0.3538920792770853,0.3538920792770853,0.0446187126290023,True,False
Apple Inc.,2024-03-05,2024-03-06,1,flat,up,0.29895460667984586,0.3012876799247794,0.3997577133953747,0.3997577133953747,0.0984700334705953,True,False
Apple Inc.,2024-03-06,2024-03-07,1,flat,up,0.2554115157487691,0.3243247934082108,0.4202636908430201,0.4202636908430201,0.09593889743480932,True,False
Apple Inc.,2024-03-07,2024-03-08,1,flat,up,0.27817416311333365,0.3231743076552738,0.3986515292313926,0.3986515292313926,0.0754772215761188,True,False
Apple Inc.,2024-03-08,2024-03-11,1,up,flat,0.27534797670543454,0.3818073190269482,0.34284470426761726,0.34284470426761726,-0.03896261475933094,False,False
Apple Inc.,2024-03-11,2024-03-12,1,flat,flat,0.2600020844271481,0.4653564117233278,0.27464150384952407,0.27464150384952407,-0.19071490787380374,False,True
Apple Inc.,2024-03-12,2024-03-13,1,flat,down,0.4088982796914158,0.33045597132593335,0.2606457489826509,0.4088982796914158,0.07844230836548244,True,False
Apple Inc.,2024-03-13,2024-03-14,1,flat,down,0.3820458006536912,0.35594362719237405,0.2620105721539347,0.3820458006536912,0.026102173461317157,True,False
Apple Inc.,2024-03-14,2024-03-15,1,down,up,0.34864051060221335,0.29621308815143527,0.3551464012463514,0.3551464012463514,0.05893331309491612,True,False
Apple Inc.,2024-03-15,2024-03-18,1,up,down,0.4071134344616231,0.27231646492059824,0.3205701006177788,0.4071134344616231,0.13479696954102488,True,False
Apple Inc.,2024-03-18,2024-03-19,1,flat,flat,0.2281081436711157,0.4424914209132297,0.32940043541565456,0.32940043541565456,-0.11309098549757512,False,True
Apple Inc.,2024-03-19,2024-03-20,1,up,flat,0.35244870200613887,0.43810010017310186,0.20945119782075927,0.35244870200613887,-0.08565139816696299,False,False
Apple Inc.,2024-03-20,2024-03-21,1,down,flat,0.2885460584232888,0.44488613973146185,0.26656780184524936,0.2885460584232888,-0.15634008130817306,False,False
Apple Inc.,2024-03-21,2024-03-22,1,down,down,0.4413496799447997,0.2718341597197263,0.286816160335474,0.4413496799447997,0.16951552022507338,True,True
Apple Inc.,2024-03-22,2024-03-25,1,flat,flat,0.3349890510697004,0.3915003238280592,0.27351062510224045,0.3349890510697004,-0.05651127275835882,False,True
Apple Inc.,2024-03-25,2024-03-26,1,flat,flat,0.2607263560144405,0.46084537509518975,0.27842826889036965,0.27842826889036965,-0.1824171062048201,False,True
Apple Inc.,2024-03-26,2024-03-27,1,up,flat,0.27542395077677206,0.44970929363317813,0.2748667555900498,0.27542395077677206,-0.17428534285640607,False,False
Apple Inc.,2024-03-27,2024-03-28,1,flat,flat,0.26803439190288403,0.49981229798140825,0.23215331011570764,0.26803439190288403,-0.23177790607852422,False,True
Apple Inc.,2024-03-28,2024-04-01,1,flat,flat,0.34296325934149063,0.414604532164506,0.24243220849400335,0.34296325934149063,-0.07164127282301536,False,True
Apple Inc.,2024-04-01,2024-04-02,1,down,flat,0.30326137383401097,0.4727157789907541,0.2240228471752348,0.30326137383401097,-0.16945440515674315,False,False
Apple Inc.,2024-04-02,2024-04-03,1,flat,flat,0.3222181546279578,0.40396506122256165,0.2738167841494805,0.3222181546279578,-0.08174690659460387,False,True
Apple Inc.,2024-04-03,2024-04-04,1,flat,flat,0.2898106982384424,0.4439553071632255,0.2662339945983321,0.2898106982384424,-0.1541446089247831,False,True
Apple Inc.,2024-04-04,2024-04-05,1,flat,flat,0.31499198623349334,0.4176592517888192,0.26734876197768737,0.31499198623349334,-0.10266726555532585,False,True
Apple Inc.,2024-04-05,2024-04-08,1,flat,flat,0.30062852449432953,0.46649852741875186,0.2328729480869184,0.30062852449432953,-0.16587000292442233,False,True
Apple Inc.,2024-04-08,2024-04-09,1,flat,flat,0.29793610846356355,0.4397710081117913,0.2622928834246449,0.29793610846356355,-0.14183489964822776,False,True
Apple Inc.,2024-04-09,2024-04-10,1,down,flat,0.2862806442285351,0.40544150621428754,0.3082778495571773,0.3082778495571773,-0.09716365665711024,False,False
Apple Inc.,2024-04-10,2024-04-11,1,up,flat,0.3378503389170846,0.35897220154423937,0.30317745953867614,0.3378503389170846,-0.021121862627154764,False,False
Apple Inc.,2024-04-11,2024-04-12,1,up,up,0.22454365053027497,0.27036039543921064,0.5050959540305143,0.5050959540305143,0.23473555859130368,True,True
Apple Inc.,2024-04-12,2024-04-15,1,down,up,0.25825038795509325,0.33869895637041825,0.4030506556744886,0.4030506556744886,0.06435169930407036,True,False
Apple Inc.,2024-04-15,2024-04-16,1,down,down,0.4418834897799228,0.3105107319128319,0.2476057783072454,0.4418834897799228,0.1313727578670909,True,True
Apple Inc.,2024-04-16,2024-04-17,1,down,down,0.4305838870174846,0.28708150291926426,0.282334610063251,0.4305838870174846,0.14350238409822036,True,True
Apple Inc.,2024-04-17,2024-04-18,1,down,flat,0.2865171835591473,0.3792826929286439,0.33420012351220874,0.33420012351220874,-0.04508256941643518,False,False
Apple Inc.,2024-04-18,2024-04-19,1,down,flat,0.2652604025145977,0.43180045322325694,0.30293914426214524,0.30293914426214524,-0.1288613089611117,False,False
Apple Inc.,2024-04-19,2024-04-22,1,flat,flat,0.3250433900364828,0.34357120852194245,0.33138540144157475,0.33138540144157475,-0.012185807080367705,False,True
Apple Inc.,2024-04-22,2024-04-23,1,flat,flat,0.2604796663036411,0.4692762630653483,0.2702440706310106,0.2702440706310106,-0.19903219243433773,False,True
Apple Inc.,2024-04-23,2024-04-24,1,up,flat,0.29994344789907845,0.40946421485193407,0.2905923372489874,0.29994344789907845,-0.10952076695285562,False,False
Apple Inc.,2024-04-24,2024-04-25,1,up,flat,0.28789462418383693,0.44555856111653924,0.2665468146996239,0.28789462418383693,-0.1576639369327023,False,False
Apple Inc.,2024-04-25,2024-04-26,1,flat,flat,0.2913654742178522,0.42545907380137593,0.283175451980772,0.2913654742178522,-0.13409359958352374,False,True
Apple Inc.,2024-04-26,2024-04-29,1,up,flat,0.3667827241102576,0.4115904126945744,0.221626863195168,0.3667827241102576,-0.04480768858431683,False,False
Apple Inc.,2024-04-29,2024-04-30,1,down,up,0.24781927262971137,0.32849440660785645,0.4236863207624322,0.4236863207624322,0.09519191415457573,True,False
Apple Inc.,2024-04-30,2024-05-01,1,down,down,0.471965761341849,0.2976940109646721,0.230340227693479,0.471965761341849,0.1742717503771769,True,True
Apple Inc.,2024-05-01,2024-05-02,1,up,down,0.39061895645121375,0.38267831124442186,0.22670273230436438,0.39061895645121375,0.007940645206791885,True,False
Apple Inc.,2024-05-02,2024-05-03,1,up,up,0.24879075902173603,0.30744383666340297,0.4437654043148609,0.4437654043148609,0.13632156765145792,True,True
Apple Inc.,2024-05-03,2024-05-06,1,down,up,0.18181532353817126,0.33095837928988847,0.4872262971719403,0.4872262971719403,0.15626791788205185,True,False
Apple Inc.,2024-05-06,2024-05-07,1,flat,down,0.4910775244879376,0.35724845877985734,0.15167401673220518,0.4910775244879376,0.13382906570808029,True,False
Apple Inc.,2024-05-07,2024-05-08,1,flat,down,0.3876196883580857,0.37460988463137274,0.23777042701054157,0.3876196883580857,0.013009803726712954,True,False
Apple Inc.,2024-05-08,2024-05-09,1,flat,flat,0.2551908933254516,0.5033424813205092,0.24146662535403923,0.2551908933254516,-0.2481515879950576,False,True
Apple Inc.,2024-05-09,2024-05-10,1,flat,flat,0.285022954258424,0.45213795911250076,0.2628390866290753,0.285022954258424,-0.16711500485407677,False,True
Apple Inc.,2024-05-10,2024-05-13,1,up,flat,0.2575590771086149,0.5776636791332584,0.16477724375812663,0.2575590771086149,-0.3201046020246435,False,False
Apple Inc.,2024-05-13,2024-05-14,1,flat,flat,0.2530639595164563,0.4498517761117746,0.29708426437176894,0.29708426437176894,-0.1527675117400057,False,True
Apple Inc.,2024-05-14,2024-05-15,1,flat,flat,0.2480070005706933,0.5649594403033201,0.18703355912598668,0.2480070005706933,-0.3169524397326268,False,True
Apple Inc.,2024-05-15,2024-05-16,1,flat,flat,0.3050284666501688,0.3946965448702027,0.3002749884796286,0.3050284666501688,-0.08966807822003392,False,True
Apple Inc.,2024-05-16,2024-05-17,1,flat,flat,0.27963553783789996,0.5286439335853879,0.19172052857671232,0.27963553783789996,-0.2490083957474879,False,True
Apple Inc.,2024-05-17,2024-05-20,1,flat,flat,0.28759879157730583,0.5149158179381754,0.1974853904845188,0.28759879157730583,-0.2273170263608696,False,True
Apple Inc.,2024-05-20,2024-05-21,1,flat,flat,0.2659223662763597,0.5007132745032299,0.2333643592204105,0.2659223662763597,-0.2347909082268702,False,True
Apple Inc.,2024-05-21,2024-05-22,1,flat,flat,0.22650502256126237,0.5156663328868931,0.2578286445518444,0.2578286445518444,-0.2578376883350487,False,True
Apple Inc.,2024-05-22,2024-05-23,1,down,flat,0.27115918546057166,0.5257934294942326,0.20304738504519565,0.27115918546057166,-0.2546342440336609,False,False
Apple Inc.,2024-05-23,2024-05-24,1,flat,flat,0.3169022391982715,0.41516368722297325,0.2679340735787553,0.3169022391982715,-0.09826144802470177,False,True
Apple Inc.,2024-05-24,2024-05-28,1,up,flat,0.1712122101761715,0.5548882259432246,0.273899563880604,0.273899563880604,-0.28098866206262063,False,False
Apple Inc.,2024-05-28,2024-05-29,1,flat,up,0.25390989851745777,0.29395297525517955,0.45213712622736263,0.45213712622736263,0.15818415097218308,True,False
Apple Inc.,2024-05-29,2024-05-30,1,flat,flat,0.329039631785324,0.34465221456889017,0.32630815364578586,0.329039631785324,-0.015612582783566142,False,True
Apple Inc.,2024-05-30,2024-05-31,1,flat,flat,0.28697610507436605,0.3789816468537661,0.33404224807186783,0.33404224807186783,-0.04493939878189829,False,True
Apple Inc.,2024-05-31,2024-06-03,1,up,up,0.3253747820307439,0.2476840199078042,0.4269411980614521,0.4269411980614521,0.1792571781536479,True,True
Apple Inc.,2024-06-03,2024-06-04,1,flat,up,0.25214926276732325,0.35140496109147,0.39644577614120685,0.39644577614120685,0.04504081504973684,True,False
Apple Inc.,2024-06-04,2024-06-05,1,up,up,0.3392428628508738,0.30110129197551583,0.3596558451736105,0.3596558451736105,0.05855455319809466,True,True
Apple Inc.,2024-06-05,2024-06-06,1,flat,up,0.3091571872573438,0.31052795303072456,0.3803148597119317,0.3803148597119317,0.06978690668120713,True,False
Apple Inc.,2024-06-06,2024-06-07,1,flat,down,0.3505447842046161,0.3017510037965453,0.34770421199883866,0.3505447842046161,0.04879378040807081,True,False
Apple Inc.,2024-06-07,2024-06-10,1,flat,up,0.3208745673201,0.2789990761723335,0.40012635650756656,0.40012635650756656,0.12112728033523307,True,False
Apple Inc.,2024-06-10,2024-06-11,1,up,up,0.34713502835713295,0.288427593645575,0.36443737799729203,0.36443737799729203,0.07600978435171701,True,True
Apple Inc.,2024-06-11,2024-06-12,1,up,up,0.21546292923881252,0.29234844093074275,0.4921886298304447,0.4921886298304447,0.19984018889970195,True,True
Apple Inc.,2024-06-12,2024-06-13,1,up,up,0.2833393101763137,0.3436836695123644,0.37297702031132196,0.37297702031132196,0.029293350798957563,True,True
Apple Inc.,2024-06-13,2024-06-14,1,flat,flat,0.35926950017610454,0.44714217290174046,0.19358832692215505,0.35926950017610454,-0.08787267272563593,False,True
Apple Inc.,2024-06-14,2024-06-15,1,flat,down,0.41791579525366895,0.40020870663239866,0.18187549811393242,0.41791579525366895,0.017707088621270295,True,False
"Meta Platforms, Inc.",2022-01-20,2022-01-21,1,down,flat,0.27425188282196694,0.43228285705594316,0.2934652601220896,0.2934652601220896,-0.13881759693385354,False,False
"Meta Platforms, Inc.",2022-01-21,2022-01-24,1,down,down,0.5039648914713812,0.25013761269390916,0.2458974958347096,0.5039648914713812,0.2538272787774721,True,True
"Meta Platforms, Inc.",2022-01-24,2022-01-25,1,flat,down,0.46539294252864577,0.23455054788412433,0.30005650958723007,0.46539294252864577,0.23084239464452144,True,False
"Meta Platforms, Inc.",2022-01-25,2022-01-26,1,flat,up,0.21813162298301897,0.38393346738933015,0.39793490962765077,0.39793490962765077,0.014001442238320616,True,False
"Meta Platforms, Inc.",2022-01-26,2022-01-27,1,flat,up,0.2514966517335621,0.3696432734077292,0.37886007485870843,0.37886007485870843,0.00921680145097925,True,False
"Meta Platforms, Inc.",2022-01-27,2022-01-28,1,flat,flat,0.29247751801853983,0.39723633864924124,0.3102861433322187,0.3102861433322187,-0.08695019531702253,False,True
"Meta Platforms, Inc.",2022-01-28,2022-01-31,1,up,flat,0.22544461391964205,0.41898166918579116,0.3555737168945664,0.3555737168945664,-0.06340795229122476,False,False
"Meta Platforms, Inc.",2022-01-31,2022-02-01,1,up,flat,0.13544560560767455,0.4393363890012473,0.4252180053910778,0.4252180053910778,-0.014118383610169483,False,False
"Meta Platforms, Inc.",2022-02-01,2022-02-02,1,up,flat,0.12789953457539419,0.5567745807597992,0.3153258846648062,0.3153258846648062,-0.24144869609499303,False,False
"Meta Platforms, Inc.",2022-02-02,2022-02-03,1,down,up,0.2726836574574458,0.3018481132678863,0.42546822927466776,0.42546822927466776,0.12362011600678147,True,False
"Meta Platforms, Inc.",2022-02-03,2022-02-04,1,down,down,0.6356818276128053,0.21616929642753835,0.14814887595965612,0.6356818276128053,0.419512531185267,True,True
"Meta Platforms, Inc.",2022-02-04,2022-02-07,1,flat,flat,0.24199210183545616,0.38727396955936344,0.3707339286051803,0.3707339286051803,-0.016540040954183155,False,True
"Meta Platforms, Inc.",2022-02-07,2022-02-08,1,down,up,0.20138132840288187,0.347233430744725,0.4513852408523932,0.4513852408523932,0.10415181010766816,True,False
"Meta Platforms, Inc.",2022-02-08,2022-02-09,1,up,down,0.3622064741845539,0.30866727114287396,0.3291262546725723,0.3622064741845539,0.05353920304167992,True,False
"Meta Platforms, Inc.",2022-02-09,2022-02-10,1,flat,up,0.18724242312275505,0.3172312900072696,0.49552628686997524,0.49552628686997524,0.17829499686270567,True,False
"Meta Platforms, Inc.",2022-02-10,2022-02-11,1,down,flat,0.1554390315709781,0.4347095817300293,0.4098513866989925,0.4098513866989925,-0.02485819503103681,False,False
"Meta Platforms, Inc.",2022-02-11,2022-02-14,1,down,flat,0.1966157809122928,0.46981387480169245,0.3335703442860146,0.3335703442860146,-0.13624353051567784,False,False
"Meta Platforms, Inc.",2022-02-14,2022-02-15,1,flat,flat,0.1958680200730193,0.4606874125176622,0.3434445674093186,0.3434445674093186,-0.1172428451083436,False,True
"Meta Platforms, Inc.",2022-02-15,2022-02-16,1,down,flat,0.1564535482907601,0.5307142891278653,0.31283216258137414,0.31283216258137414,-0.2178821265464912,False,False
"Meta Platforms, Inc.",2022-02-16,2022-02-17,1,flat,flat,0.30212895404528506,0.4304153646910093,0.2674556812637058,0.30212895404528506,-0.1282864106457242,False,True
"Meta Platforms, Inc.",2022-02-17,2022-02-18,1,flat,flat,0.2901687145400207,0.4473109752154075,0.2625203102445718,0.2901687145400207,-0.15714226067538684,False,True
"Meta Platforms, Inc.",2022-02-18,2022-02-22,1,down,flat,0.2828760195032693,0.4342327239984697,0.2828912564982611,0.2828912564982611,-0.1513414675002086,False,False
"Meta Platforms, Inc.",2022-02-22,2022-02-23,1,flat,flat,0.2933868032275746,0.41740995453087076,0.2892032422415547,0.2933868032275746,-0.12402315130329616,False,True
"Meta Platforms, Inc.",2022-02-23,2022-02-24,1,flat,flat,0.2671148240109219,0.41206325463695304,0.3208219213521251,0.3208219213521251,-0.09124133328482792,False,True
"Meta Platforms, Inc.",2022-02-24,2022-02-25,1,up,up,0.2827170154228539,0.35422749171989654,0.36305549285724964,0.36305549285724964,0.008828001137353103,True,True
"Meta Platforms, Inc.",2022-02-25,2022-02-28,1,flat,flat,0.15663158178332356,0.4571138584798428,0.38625455973683354,0.38625455973683354,-0.07085929874300928,False,True
"Meta Platforms, Inc.",2022-02-28,2022-03-01,1,down,flat,0.1867806522273236,0.5000395429405845,0.3131798048320916,0.3131798048320916,-0.18685973810849288,False,False
"Meta Platforms, Inc.",2022-03-01,2022-03-02,1,flat,flat,0.28568779878026895,0.4941050649368498,0.22020713628288122,0.28568779878026895,-0.20841726615658085,False,True
"Meta Platforms, Inc.",2022-03-02,2022-03-03,1,flat,flat,0.2511324054744418,0.5068316274343427,0.2420359670912155,0.2511324054744418,-0.2556992219599009,False,True
"Meta Platforms, Inc.",2022-03-03,2022-03-04,1,down,flat,0.23028371330648317,0.514653967631833,0.2550623190616841,0.2550623190616841,-0.25959164857014894,False,False
"Meta Platforms, Inc.",2022-03-04,2022-03-07,1,down,down,0.4060161765453597,0.355043790653619,0.23894003280102136,0.4060161765453597,0.05097238589174069,True,True
"Meta Platforms, Inc.",2022-03-07,2022-03-08,1,down,down,0.4970231647887187,0.26548202964353695,0.23749480556774438,0.4970231647887187,0.23154113514518176,True,True
"Meta Platforms, Inc.",2022-03-08,2022-03-09,1,up,down,0.394510158223052,0.26553468505999206,0.339955156716956,0.394510158223052,0.12897547316305996,True,False
"Meta Platforms, Inc.",2022-03-09,2022-03-10,1,flat,up,0.22257373573598896,0.378024771853205,0.399401492410806,0.399401492410806,0.021376720557601037,True,False
"Meta Platforms, Inc.",2022-03-10,2022-03-11,1,down,flat,0.3521498234185292,0.419642553538289,0.22820762304318196,0.3521498234185292,-0.06749273011975981,False,False
"Meta Platforms, Inc.",2022-03-11,2022-03-14,1,flat,down,0.43643206953372116,0.2978287003146831,0.26573923015159573,0.43643206953372116,0.13860336921903804,True,False
"Meta Platforms, Inc.",2022-03-14,2022-03-15,1,flat,down,0.372956214301659,0.3302802546910858,0.29676353100725517,0.372956214301659,0.04267595961057319,True,False
"Meta Platforms, Inc.",2022-03-15,2022-03-16,1,up,up,0.22245267023346635,0.348312399643471,0.4292349301230627,0.4292349301230627,0.08092253047959169,True,True
"Meta Platforms, Inc.",2022-03-16,2022-03-17,1,up,up,0.18237970068871473,0.38538711728228287,0.4322331820290023,0.4322331820290023,0.04684606474671943,True,True
"Meta Platforms, Inc.",2022-03-17,2022-03-18,1,up,flat,0.21308744201892502,0.521458047901388,0.2654545100796866,0.2654545100796866,-0.25600353782170143,False,False
"Meta Platforms, Inc.",2022-03-18,2022-03-21,1,flat,up,0.22147936218274916,0.28561098441888194,0.4929096533983693,0.4929096533983693,0.20729866897948734,True,False
"Meta Platforms, Inc.",2022-03-21,2022-03-22,1,flat,flat,0.27867145486001044,0.4724986312201198,0.24882991391986947,0.27867145486001044,-0.19382717636010938,False,True
"Meta Platforms, Inc.",2022-03-22,2022-03-23,1,flat,flat,0.2745656964112776,0.4869270629408257,0.23850724064789655,0.2745656964112776,-0.21236136652954812,False,True
"Meta Platforms, Inc.",2022-03-23,2022-03-24,1,up,flat,0.32967980338769376,0.4476914796935476,0.2226287169187584,0.32967980338769376,-0.11801167630585385,False,False
"Meta Platforms, Inc.",2022-03-24,2022-03-25,1,up,flat,0.258549441732564,0.4198720421038158,0.32157851616362,0.32157851616362,-0.0982935259401958,False,False
"Meta Platforms, Inc.",2022-03-25,2022-03-28,1,flat,flat,0.3129121753161751,0.3920211055149826,0.2950667191688421,0.3129121753161751,-0.07910893019880749,False,True
"Meta Platforms, Inc.",2022-03-28,2022-03-29,1,up,flat,0.34262035943820657,0.4318844746462098,0.2254951659155832,0.34262035943820657,-0.08926411520800326,False,False
"Meta Platforms, Inc.",2022-03-29,2022-03-30,1,flat,flat,0.24471633626403838,0.45079576759668055,0.30448789613928084,0.30448789613928084,-0.1463078714573997,False,True
"Meta Platforms, Inc.",2022-03-30,2022-03-31,1,down,flat,0.31934510137169847,0.4162678152447582,0.26438708338354316,0.31934510137169847,-0.09692271387305973,False,False
"Meta Platforms, Inc.",2022-03-31,2022-04-01,1,flat,down,0.4086245621418367,0.40797812638005193,0.18339731147811122,0.4086245621418367,0.0006464357617847472,True,False
"Meta Platforms, Inc.",2022-04-01,2022-04-04,1,up,flat,0.28694927365241785,0.46577447860837295,0.24727624773920914,0.28694927365241785,-0.1788252049559551,False,False
"Meta Platforms, Inc.",2022-04-04,2022-04-05,1,up,up,0.18626154652566856,0.37906226582829783,0.4346761876460338,0.4346761876460338,0.055613921817735945,True,True
"Meta Platforms, Inc.",2022-04-05,2022-04-06,1,down,flat,0.31389815895235373,0.4001062094269338,0.2859956316207124,0.31389815895235373,-0.08620805047458008,False,False
"Meta Platforms, Inc.",2022-04-06,2022-04-07,1,down,down,0.45870013438694435,0.36016972950737514,0.1811301361056804,0.45870013438694435,0.09853040487956921,True,True
"Meta Platforms, Inc.",2022-04-07,2022-04-08,1,flat,flat,0.31034848368321744,0.4394694308427438,0.2501820854740386,0.31034848368321744,-0.12912094715952638,False,True
"Meta Platforms, Inc.",2022-04-08,2022-04-11,1,down,flat,0.24237283905819848,0.4426130834450285,0.3150140774967728,0.3150140774967728,-0.12759900594825568,False,False
"Meta Platforms, Inc.",2022-04-11,2022-04-12,1,flat,flat,0.3402192685407158,0.3925907919778626,0.26718993948142167,0.3402192685407158,-0.052371523437146794,False,True
"Meta Platforms, Inc.",2022-04-12,2022-04-13,1,down,flat,0.2634330194206934,0.4486161723430985,0.2879508082362078,0.2879508082362078,-0.1606653641068907,False,False
"Meta Platforms, Inc.",2022-04-13,2022-04-14,1,flat,flat,0.2960943137531307,0.399662531610811,0.3042431546360581,0.3042431546360581,-0.09541937697475289,False,True
"Meta Platforms, Inc.",2022-04-14,2022-04-18,1,flat,flat,0.26207044356231884,0.422994517346684,0.3149350390909972,0.3149350390909972,-0.10805947825568679,False,True
"Meta Platforms, Inc.",2022-04-18,2022-04-19,1,up,flat,0.26277773295917706,0.41105684237776186,0.326165424663061,0.326165424663061,-0.08489141771470088,False,False
"Meta Platforms, Inc.",2022-04-19,2022-04-20,1,down,up,0.14530174406583557,0.3346856476875546,0.5200126082466101,0.5200126082466101,0.1853269605590555,True,False
"Meta Platforms, Inc.",2022-04-20,2022-04-21,1,down,down,0.5476785135029425,0.21477097283830499,0.23755051365875268,0.5476785135029425,0.3329075406646375,True,True
"Meta Platforms, Inc.",2022-04-21,2022-04-22,1,down,down,0.5138953373685922,0.2227202960831932,0.26338436654821495,0.5138953373685922,0.29117504128539895,True,True
"Meta Platforms, Inc.",2022-04-22,2022-04-25,1,down,up,0.3493447944396553,0.29049119154982495,0.36016401401052006,0.36016401401052006,0.06967282246069512,True,False
"Meta Platforms, Inc.",2022-04-25,2022-04-26,1,flat,up,0.31626824474348225,0.29677930269472563,0.38695245256179245,0.38695245256179245,0.09017314986706682,True,False
"Meta Platforms, Inc.",2022-04-26,2022-04-27,1,down,down,0.3745164803308728,0.26851922337326917,0.3569642962958582,0.3745164803308728,0.10599725695760365,True,True
"Meta Platforms, Inc.",2022-04-27,2022-04-28,1,up,down,0.4696906086218263,0.15733785527890665,0.3729715360992673,0.4696906086218263,0.3123527533429197,True,False
"Meta Platforms, Inc.",2022-04-28,2022-04-29,1,flat,up,0.16217425193003496,0.24556479172069345,0.5922609563492716,0.5922609563492716,0.3466961646285781,True,False
"Meta Platforms, Inc.",2022-04-29,2022-05-02,1,flat,flat,0.26279946680433464,0.5008398796578724,0.2363606535377929,0.26279946680433464,-0.23804041285353772,False,True
"Meta Platforms, Inc.",2022-05-02,2022-05-03,1,up,flat,0.3373742057639251,0.43486726010444177,0.22775853413163305,0.3373742057639251,-0.0974930543405167,False,False
"Meta Platforms, Inc.",2022-05-03,2022-05-04,1,up,flat,0.22600151191691026,0.5383521364094479,0.23564635167364179,0.23564635167364179,-0.3027057847358061,False,False
"Meta Platforms, Inc.",2022-05-04,2022-05-05,1,flat,flat,0.25473385382396635,0.53143837337963,0.21382777279640347,0.25473385382396635,-0.2767045195556636,False,True
"Meta Platforms, Inc.",2022-05-05,2022-05-06,1,down,flat,0.38990990919953583,0.45880092876308637,0.15128916203737758,0.38990990919953583,-0.06889101956355054,False,False
"Meta Platforms, Inc.",2022-05-06,2022-05-09,1,down,down,0.4577769823646618,0.4011146517066166,0.1411083659287217,0.4577769823646618,0.05666233065804521,True,True
"Meta Platforms, Inc.",2022-05-09,2022-05-10,1,flat,down,0.406044165696158,0.3721277689727588,0.2218280653310833,0.406044165696158,0.03391639672339919,True,False
"Meta Platforms, Inc.",2022-05-10,2022-05-11,1,down,flat,0.288693694540045,0.4222514094613433,0.2890548959986118,0.2890548959986118,-0.13319651346273154,False,False
"Meta Platforms, Inc.",2022-05-11,2022-05-12,1,flat,flat,0.36325290878897976,0.3929152323706374,0.2438318588403829,0.36325290878897976,-0.029662323581657657,False,True
"Meta Platforms, Inc.",2022-05-12,2022-05-13,1,up,flat,0.36262518902610885,0.3710749822478634,0.26629982872602775,0.36262518902610885,-0.008449793221754542,False,False
"Meta Platforms, Inc.",2022-05-13,2022-05-16,1,flat,flat,0.12371506039221623,0.5658318228345357,0.31045311677324783,0.31045311677324783,-0.2553787060612879,False,True
"Meta Platforms, Inc.",2022-05-16,2022-05-17,1,flat,flat,0.14442221369909283,0.523579269592773,0.3319985167081339,0.3319985167081339,-0.1915807528846391,False,True
"Meta Platforms, Inc.",2022-05-17,2022-05-18,1,down,flat,0.18295217886771065,0.5813781081584006,0.2356697129738886,0.2356697129738886,-0.345708395184512,False,False
"Meta Platforms, Inc.",2022-05-18,2022-05-19,1,down,flat,0.3135690491997014,0.5001092425108551,0.18632170828944356,0.3135690491997014,-0.18654019331115368,False,False
"Meta Platforms, Inc.",2022-05-19,2022-05-20,1,flat,flat,0.29303195272239485,0.4835843178641518,0.2233837294134532,0.29303195272239485,-0.19055236514175694,False,True
"Meta Platforms, Inc.",2022-05-20,2022-05-23,1,flat,flat,0.21824231738298094,0.4301816594058987,0.3515760232111202,0.3515760232111202,-0.0786056361947785,False,True
"Meta Platforms, Inc.",2022-05-23,2022-05-24,1,down,flat,0.2144256649718091,0.5402582635708244,0.2453160714573665,0.2453160714573665,-0.2949421921134579,False,False
"Meta Platforms, Inc.",2022-05-24,2022-05-25,1,flat,down,0.5706757133693612,0.22928458818774436,0.20003969844289432,0.5706757133693612,0.34139112518161685,True,False
"Meta Platforms, Inc.",2022-05-25,2022-05-26,1,up,flat,0.22927663951916036,0.47034314262697496,0.3003802178538646,0.3003802178538646,-0.16996292477311037,False,False
"Meta Platforms, Inc.",2022-05-26,2022-05-27,1,up,flat,0.1568426037744184,0.4809801378377546,0.36217725838782683,0.36217725838782683,-0.11880287944992779,False,False
"Meta Platforms, Inc.",2022-05-27,2022-05-31,1,flat,flat,0.16878029569359737,0.5047387027116886,0.3264810015947137,0.3264810015947137,-0.17825770111697492,False,True
"Meta Platforms, Inc.",2022-05-31,2022-06-01,1,flat,flat,0.2407141599990703,0.4730517843656353,0.28623405563529414,0.28623405563529414,-0.18681772873034114,False,True
"Meta Platforms, Inc.",2022-06-01,2022-06-02,1,flat,flat,0.3521939164459975,0.3543789741964889,0.29342710935751326,0.3521939164459975,-0.0021850577504913815,False,True
"Meta Platforms, Inc.",2022-06-02,2022-06-03,1,flat,flat,0.23744352314161088,0.4830680637534249,0.2794884131049641,0.2794884131049641,-0.20357965064846084,False,True
"Meta Platforms, Inc.",2022-06-03,2022-06-06,1,flat,flat,0.28672275530201674,0.4962765092542234,0.21700073544375975,0.28672275530201674,-0.20955375395220666,False,True
"Meta Platforms, Inc.",2022-06-06,2022-06-07,1,flat,flat,0.29276919390531214,0.36071739631723243,0.34651340977745554,0.34651340977745554,-0.014203986539776892,False,True
"Meta Platforms, Inc.",2022-06-07,2022-06-08,1,flat,flat,0.27949365017085936,0.4729601895277724,0.24754616030136806,0.27949365017085936,-0.19346653935691305,False,True
"Meta Platforms, Inc.",2022-06-08,2022-06-09,1,down,flat,0.20550579019620557,0.4956597614200984,0.2988344483836958,0.2988344483836958,-0.19682531303640255,False,False
"Meta Platforms, Inc.",2022-06-09,2022-06-10,1,down,down,0.3993809294659304,0.361073512377969,0.23954555815610057,0.3993809294659304,0.038307417087961426,True,True
"Meta Platforms, Inc.",2022-06-10,2022-06-13,1,down,down,0.5058561390341474,0.27759040416649805,0.2165534567993545,0.5058561390341474,0.22826573486764934,True,True
"Meta Platforms, Inc.",2022-06-13,2022-06-14,1,down,down,0.40866801508603745,0.3212497551427783,0.2700822297711843,0.40866801508603745,0.08741825994325914,True,True
"Meta Platforms, Inc.",2022-06-14,2022-06-15,1,up,up,0.30111672241281184,0.3354289269721471,0.36345435061504106,0.36345435061504106,0.028025423642893954,True,True
"Meta Platforms, Inc.",2022-06-15,2022-06-16,1,down,up,0.2534654841337034,0.36543173496543313,0.38110278090086336,0.38110278090086336,0.015671045935430228,True,False
"Meta Platforms, Inc.",2022-06-16,2022-06-17,1,flat,down,0.41917769042546593,0.30666365910901294,0.2741586504655211,0.41917769042546593,0.11251403131645299,True,False
"Meta Platforms, Inc.",2022-06-17,2022-06-21,1,flat,flat,0.25297973849191646,0.37533449129108887,0.37168577021699467,0.37168577021699467,-0.0036487210740941967,False,True
"Meta Platforms, Inc.",2022-06-21,2022-06-22,1,down,up,0.3232662646057526,0.2740462953267544,0.4026874400674931,0.4026874400674931,0.12864114474073868,True,False
"Meta Platforms, Inc.",2022-06-22,2022-06-23,1,flat,down,0.40055770348951236,0.3102829709347818,0.2891593255757058,0.40055770348951236,0.09027473255473056,True,False
"Meta Platforms, Inc.",2022-06-23,2022-06-24,1,up,flat,0.3198662792830844,0.35557002849979047,0.32456369221712517,0.32456369221712517,-0.031006336282665303,False,False
"Meta Platforms, Inc.",2022-06-24,2022-06-27,1,up,up,0.15920332571140022,0.2849661133881239,0.555830560900476,0.555830560900476,0.2708644475123521,True,True
"Meta Platforms, Inc.",2022-06-27,2022-06-28,1,down,flat,0.22790696378337622,0.5644291070775351,0.20766392913908854,0.22790696378337622,-0.3365221432941589,False,False
"Meta Platforms, Inc.",2022-06-28,2022-06-29,1,flat,flat,0.3570736288372825,0.4418240002361955,0.20110237092652183,0.3570736288372825,-0.084750371398913,False,True
"Meta Platforms, Inc.",2022-06-29,2022-06-30,1,flat,flat,0.2720078876579664,0.4677186223657256,0.26027348997630784,0.2720078876579664,-0.19571073470775918,False,True
"Meta Platforms, Inc.",2022-06-30,2022-07-01,1,down,flat,0.26554413801902055,0.3866348179413612,0.3478210440396182,0.3478210440396182,-0.038813773901742954,False,False
"Meta Platforms, Inc.",2022-07-01,2022-07-05,1,up,flat,0.36098497684708536,0.3689615293989662,0.27005349375394844,0.36098497684708536,-0.007976552551880844,False,False
"Meta Platforms, Inc.",2022-07-05,2022-07-06,1,up,flat,0.19763415212295155,0.4411069106073777,0.3612589372696707,0.3612589372696707,-0.07984797333770705,False,False
"Meta Platforms, Inc.",2022-07-06,2022-07-07,1,flat,flat,0.18835484848955464,0.5260005425534791,0.2856446089569662,0.2856446089569662,-0.24035593359651286,False,True
"Meta Platforms, Inc.",2022-07-07,2022-07-08,1,flat,flat,0.25923403711127285,0.5032464816281901,0.23751948126053699,0.25923403711127285,-0.24401244451691723,False,True
"Meta Platforms, Inc.",2022-07-08,2022-07-11,1,down,flat,0.26331902234502824,0.4908569335646597,0.24582404409031194,0.26331902234502824,-0.22753791121963146,False,False
"Meta Platforms, Inc.",2022-07-11,2022-07-12,1,flat,flat,0.3315576532041102,0.4365988301239087,0.2318435166719811,0.3315576532041102,-0.10504117691979853,False,True
"Meta Platforms, Inc.",2022-07-12,2022-07-13,1,flat,flat,0.25550306841932946,0.486261974934756,0.2582349566459143,0.2582349566459143,-0.2280270182888417,False,True
"Meta Platforms, Inc.",2022-07-13,2022-07-14,1,down,flat,0.2695019129573455,0.45853110034073324,0.27196698670192115,0.27196698670192115,-0.1865641136388121,False,False
"Meta Platforms, Inc.",2022-07-14,2022-07-15,1,flat,down,0.3819720162927578,0.3357904995749029,0.28223748413233923,0.3819720162927578,0.046181516717854865,True,False
"Meta Platforms, Inc.",2022-07-15,2022-07-18,1,up,flat,0.2050092946855036,0.41636386518066937,0.37862684013382697,0.37862684013382697,-0.0377370250468424,False,False
"Meta Platforms, Inc.",2022-07-18,2022-07-19,1,up,flat,0.19777517624839788,0.45652604034016825,0.3456987834114338,0.3456987834114338,-0.11082725692873446,False,False
"Meta Platforms, Inc.",2022-07-19,2022-07-20,1,up,flat,0.21645032657902474,0.4885232299805213,0.29502644344045376,0.29502644344045376,-0.19349678654006752,False,False
"Meta Platforms, Inc.",2022-07-20,2022-07-21,1,flat,flat,0.21389246461388045,0.5015654190803256,0.28454211630579385,0.28454211630579385,-0.21702330277453175,False,True
"Meta Platforms, Inc.",2022-07-21,2022-07-22,1,down,flat,0.31880720944336993,0.46169423911793006,0.21949855143870006,0.31880720944336993,-0.14288702967456013,False,False
"Meta Platforms, Inc.",2022-07-22,2022-07-25,1,down,down,0.5709570945963124,0.2334250322725504,0.1956178731311373,0.5709570945963124,0.337532062323762,True,True
"Meta Platforms, Inc.",2022-07-25,2022-07-26,1,down,flat,0.34966837813715157,0.406704548811616,0.24362707305123232,0.34966837813715157,-0.057036170674464426,False,False
"Meta Platforms, Inc.",2022-07-26,2022-07-27,1,up,down,0.3476803925069779,0.3357792327170538,0.3165403747759684,0.3476803925069779,0.01190115978992412,True,False
"Meta Platforms, Inc.",2022-07-27,2022-07-28,1,down,up,0.23224665078890144,0.3100139531715518,0.45773939603954694,0.45773939603954694,0.14772544286799516,True,False
"Meta Platforms, Inc.",2022-07-28,2022-07-29,1,flat,down,0.5834982932945436,0.1606628767952226,0.2558388299102339,0.5834982932945436,0.422835416499321,True,False
"Meta Platforms, Inc.",2022-07-29,2022-08-01,1,flat,down,0.38678176042763934,0.33192478271950443,0.28129345685285617,0.38678176042763934,0.05485697770813491,True,False
"Meta Platforms, Inc.",2022-08-01,2022-08-02,1,flat,flat,0.23879600008729374,0.4153030177546158,0.3459009821580904,0.3459009821580904,-0.06940203559652541,False,True
"Meta Platforms, Inc.",2022-08-02,2022-08-03,1,up,flat,0.25674403749025787,0.4278997432293774,0.3153562192803646,0.3153562192803646,-0.11254352394901279,False,False
"Meta Platforms, Inc.",2022-08-03,2022-08-04,1,up,flat,0.14345181677860008,0.4863264448064386,0.3702217384149612,0.3702217384149612,-0.11610470639147741,False,False
"Meta Platforms, Inc.",2022-08-04,2022-08-05,1,flat,flat,0.1972994778980468,0.5843015350073455,0.21839898709460748,0.21839898709460748,-0.365902547912738,False,True
"Meta Platforms, Inc.",2022-08-05,2022-08-08,1,flat,flat,0.28179492157751995,0.5051217616265048,0.21308331679597506,0.28179492157751995,-0.22332684004898484,False,True
"Meta Platforms, Inc.",2022-08-08,2022-08-09,1,flat,flat,0.23379139349585862,0.5358052607017216,0.2304033458024196,0.23379139349585862,-0.302013867205863,False,True
"Meta Platforms, Inc.",2022-08-09,2022-08-10,1,up,flat,0.2692940333872834,0.521156706492789,0.2095492601199273,0.2692940333872834,-0.2518626731055056,False,False
"Meta Platforms, Inc.",2022-08-10,2022-08-11,1,flat,up,0.1526345219144823,0.4157911070120448,0.43157437107347274,0.43157437107347274,0.015783264061427937,True,False
"Meta Platforms, Inc.",2022-08-11,2022-08-12,1,flat,flat,0.2888598506267967,0.5307940536895974,0.18034609568360588,0.2888598506267967,-0.24193420306280072,False,True
"Meta Platforms, Inc.",2022-08-12,2022-08-15,1,flat,flat,0.32723543108185005,0.46000189212104237,0.2127626767971075,0.32723543108185005,-0.13276646103919232,False,True
"Meta Platforms, Inc.",2022-08-15,2022-08-16,1,flat,flat,0.2891709403292344,0.4595826808701271,0.25124637880063844,0.2891709403292344,-0.1704117405408927,False,True
"Meta Platforms, Inc.",2022-08-16,2022-08-17,1,down,flat,0.2596970146962633,0.42078046216036613,0.3195225231433705,0.3195225231433705,-0.10125793901699565,False,False
"Meta Platforms, Inc.",2022-08-17,2022-08-18,1,flat,flat,0.30617182563733003,0.5050410109919793,0.18878716337069054,0.30617182563733003,-0.19886918535464926,False,True
"Meta Platforms, Inc.",2022-08-18,2022-08-19,1,down,flat,0.26072758534270124,0.48445176794759337,0.25482064670970506,0.26072758534270124,-0.22372418260489213,False,False
"Meta Platforms, Inc.",2022-08-19,2022-08-22,1,down,down,0.4534694987316321,0.27423283832464246,0.2722976629437253,0.4534694987316321,0.17923666040698966,True,True
"Meta Platforms, Inc.",2022-08-22,2022-08-23,1,flat,flat,0.3348459081659131,0.39705434575113385,0.26809974608295306,0.3348459081659131,-0.062208437585220766,False,True
"Meta Platforms, Inc.",2022-08-23,2022-08-24,1,flat,flat,0.23597202283873422,0.42364483309013956,0.34038314407112613,0.34038314407112613,-0.08326168901901343,False,True
"Meta Platforms, Inc.",2022-08-24,2022-08-25,1,up,flat,0.2365775930535081,0.3833570968018842,0.38006531014460765,0.38006531014460765,-0.0032917866572765297,False,False
"Meta Platforms, Inc.",2022-08-25,2022-08-26,1,flat,flat,0.14442243897081825,0.4893493922599503,0.3662281687692311,0.3662281687692311,-0.12312122349071919,False,True
"Meta Platforms, Inc.",2022-08-26,2022-08-29,1,down,down,0.34461537039727985,0.32956246811474155,0.3258221614879785,0.34461537039727985,0.015052902282538305,True,True
"Meta Platforms, Inc.",2022-08-29,2022-08-30,1,flat,flat,0.37362363633490564,0.37381319045812655,0.2525631732069679,0.37362363633490564,-0.00018955412322091414,False,True
"Meta Platforms, Inc.",2022-08-30,2022-08-31,1,up,flat,0.2625885289276189,0.3746893098796999,0.3627221611926812,0.3627221611926812,-0.011967148687018703,False,False
"Meta Platforms, Inc.",2022-08-31,2022-09-01,1,flat,up,0.1366746961678142,0.22346445645188673,0.6398608473802994,0.6398608473802994,0.41639639092841263,True,False
"Meta Platforms, Inc.",2022-09-01,2022-09-02,1,flat,flat,0.37241197422568095,0.4085664846393552,0.21902154113496386,0.37241197422568095,-0.036154510413674235,False,True
"Meta Platforms, Inc.",2022-09-02,2022-09-06,1,down,flat,0.3268800770661323,0.4403474804020553,0.2327724425318124,0.3268800770661323,-0.11346740333592298,False,False
"Meta Platforms, Inc.",2022-09-06,2022-09-07,1,flat,flat,0.3689547136530352,0.39129332174073495,0.2397519646062298,0.3689547136530352,-0.02233860808769972,False,True
"Meta Platforms, Inc.",2022-09-07,2022-09-08,1,flat,flat,0.2517218083294789,0.4536399664390386,0.2946382252314823,0.2946382252314823,-0.15900174120755628,False,True
"Meta Platforms, Inc.",2022-09-08,2022-09-09,1,up,up,0.2516043092430832,0.33878151230865594,0.409614178448261,0.409614178448261,0.07083266613960504,True,True
"Meta Platforms, Inc.",2022-09-09,2022-09-12,1,up,flat,0.2197564805832975,0.44319830477457056,0.3370452146421318,0.3370452146421318,-0.10615309013243879,False,False
"Meta Platforms, Inc.",2022-09-12,2022-09-13,1,down,flat,0.32892253370018143,0.4211269932025741,0.24995047309724444,0.32892253370018143,-0.09220445950239264,False,False
"Meta Platforms, Inc.",2022-09-13,2022-09-14,1,down,down,0.6583769438538993,0.17078949976120622,0.1708335563848945,0.6583769438538993,0.4875874440926931,True,True
"Meta Platforms, Inc.",2022-09-14,2022-09-15,1,flat,down,0.42982782199183045,0.27320038754116144,0.29697179046700817,0.42982782199183045,0.156627434450669,True,False
"Meta Platforms, Inc.",2022-09-15,2022-09-16,1,down,up,0.30368408363659727,0.33717091096727025,0.3591450053961325,0.3591450053961325,0.021974094428862223,True,False
"Meta Platforms, Inc.",2022-09-16,2022-09-19,1,flat,down,0.4217134139339892,0.2601122649050547,0.3181743211609561,0.4217134139339892,0.16160114902893452,True,False
"Meta Platforms, Inc.",2022-09-19,2022-09-20,1,flat,flat,0.2948755887117584,0.38869614648542883,0.31642826480281283,0.31642826480281283,-0.072267881682616,False,True
"Meta Platforms, Inc.",2022-09-20,2022-09-21,1,flat,flat,0.25620195815534363,0.39438593683979095,0.3494121050048652,0.3494121050048652,-0.04497383183492576,False,True
"Meta Platforms, Inc.",2022-09-21,2022-09-22,1,down,down,0.37595845140810197,0.262334983595565,0.3617065649963329,0.37595845140810197,0.11362346781253696,True,True
"Meta Platforms, Inc.",2022-09-22,2022-09-23,1,flat,up,0.32348302702974435,0.327693128744744,0.3488238442255115,0.3488238442255115,0.021130715480767504,True,False
"Meta Platforms, Inc.",2022-09-23,2022-09-26,1,down,flat,0.29075382364776325,0.3560668985456841,0.3531792778065526,0.3531792778065526,-0.002887620739131458,False,False
"Meta Platforms, Inc.",2022-09-26,2022-09-27,1,down,flat,0.31416071665316603,0.36782197254355153,0.3180173108032822,0.3180173108032822,-0.04980466174026932,False,False
"Meta Platforms, Inc.",2022-09-27,2022-09-28,1,flat,up,0.31948443611092747,0.3337861841609578,0.3467293797281148,0.3467293797281148,0.012943195567157006,True,False
"Meta Platforms, Inc.",2022-09-28,2022-09-29,1,flat,flat,0.2745721572415589,0.38452712988615534,0.34090071287228557,0.34090071287228557,-0.04362641701386977,False,True
"Meta Platforms, Inc.",2022-09-29,2022-09-30,1,flat,down,0.40062880554228764,0.31670992076657545,0.2826612736911368,0.40062880554228764,0.08391888477571219,True,False
"Meta Platforms, Inc.",2022-09-30,2022-10-03,1,flat,flat,0.33651220701023604,0.37779181705555265,0.28569597593421125,0.33651220701023604,-0.041279610045316606,False,True
"Meta Platforms, Inc.",2022-10-03,2022-10-04,1,up,flat,0.30109601477597936,0.3801594519686439,0.31874453325537666,0.31874453325537666,-0.061414918713267264,False,False
"Meta Platforms, Inc.",2022-10-04,2022-10-05,1,down,flat,0.19790344776530294,0.4164934506368926,0.38560310159780414,0.38560310159780414,-0.03089034903908844,False,False
"Meta Platforms, Inc.",2022-10-05,2022-10-06,1,flat,flat,0.37767164181681256,0.3975373644999466,0.22479099368324093,0.37767164181681256,-0.019865722683134024,False,True
"Meta Platforms, Inc.",2022-10-06,2022-10-07,1,down,up,0.28068365420875685,0.3507008972025435,0.3686154485886998,0.3686154485886998,0.01791455138615633,True,False
"Meta Platforms, Inc.",2022-10-07,2022-10-10,1,flat,down,0.40764485224666425,0.3067460803601737,0.2856090673931621,0.40764485224666425,0.10089877188649055,True,False
"Meta Platforms, Inc.",2022-10-10,2022-10-11,1,down,flat,0.3283145085492809,0.3834886447837704,0.28819684666694856,0.3283145085492809,-0.055174136234489524,False,False
"Meta Platforms, Inc.",2022-10-11,2022-10-12,1,down,down,0.46335469913697835,0.26255829951619564,0.27408700134682595,0.46335469913697835,0.20079639962078272,True,True
"Meta Platforms, Inc.",2022-10-12,2022-10-13,1,flat,up,0.33066621213749525,0.29845613298520013,0.37087765487730473,0.37087765487730473,0.0724215218921046,True,False
"Meta Platforms, Inc.",2022-10-13,2022-10-14,1,flat,up,0.3053642689406311,0.3265856516674383,0.36805007939193035,0.36805007939193035,0.04146442772449205,True,False
"Meta Platforms, Inc.",2022-10-14,2022-10-17,1,up,flat,0.21520992482668777,0.4576073128854442,0.3271827622878677,0.3271827622878677,-0.13042455059757652,False,False
"Meta Platforms, Inc.",2022-10-17,2022-10-18,1,up,up,0.18020295753724858,0.38596806059527144,0.43382898186747976,0.43382898186747976,0.04786092127220831,True,True
"Meta Platforms, Inc.",2022-10-18,2022-10-19,1,flat,flat,0.19523033151474722,0.531948518792901,0.27282114969235155,0.27282114969235155,-0.2591273691005494,False,True
"Meta Platforms, Inc.",2022-10-19,2022-10-20,1,flat,down,0.38956535400707704,0.38535815762983566,0.2250764883630873,0.38956535400707704,0.004207196377241373,True,False
"Meta Platforms, Inc.",2022-10-20,2022-10-21,1,down,flat,0.3025402978455857,0.4433064869189556,0.2541532152354587,0.3025402978455857,-0.14076618907336985,False,False
"Meta Platforms, Inc.",2022-10-21,2022-10-24,1,flat,down,0.6044133872620902,0.21562017200036543,0.1799664407375443,0.6044133872620902,0.3887932152617247,True,False
"Meta Platforms, Inc.",2022-10-24,2022-10-25,1,up,down,0.3829998086728048,0.27343449175265944,0.34356569957453564,0.3829998086728048,0.10956531692014537,True,False
"Meta Platforms, Inc.",2022-10-25,2022-10-26,1,down,flat,0.16552756574641647,0.498120795799138,0.3363516384544451,0.3363516384544451,-0.16176915734469288,False,False
"Meta Platforms, Inc.",2022-10-26,2022-10-27,1,down,down,0.6582493845284446,0.15854962199915212,0.18320099347240315,0.6582493845284446,0.4996997625292925,True,True
"Meta Platforms, Inc.",2022-10-27,2022-10-28,1,flat,down,0.6507849603653361,0.15609397090434465,0.1931210687303194,0.6507849603653361,0.49469098946099144,True,False
"Meta Platforms, Inc.",2022-10-28,2022-10-31,1,down,up,0.23663200140185212,0.367490917208636,0.3958770813895119,0.3958770813895119,0.02838616418087586,True,False
"Meta Platforms, Inc.",2022-10-31,2022-11-01,1,flat,up,0.24730458115113746,0.3038833976683664,0.44881202118049635,0.44881202118049635,0.14492862351212993,True,False
"Meta Platforms, Inc.",2022-11-01,2022-11-02,1,flat,up,0.33940011132505044,0.30912828818844723,0.35147160048650233,0.35147160048650233,0.0423433122980551,True,False
"Meta Platforms, Inc.",2022-11-02,2022-11-03,1,down,flat,0.33241927452455283,0.33899675914161,0.3285839663338373,0.33241927452455283,-0.00657748461705715,False,False
"Meta Platforms, Inc.",2022-11-03,2022-11-04,1,flat,up,0.24622131573636497,0.35927328256575136,0.39450540169788373,0.39450540169788373,0.03523211913213237,True,False
"Meta Platforms, Inc.",2022-11-04,2022-11-07,1,up,flat,0.14709347607360657,0.4427721160450588,0.4101344078813345,0.4101344078813345,-0.0326377081637243,False,False
"Meta Platforms, Inc.",2022-11-07,2022-11-08,1,flat,up,0.11869164401601466,0.3539364190798881,0.5273719369040972,0.5273719369040972,0.17343551782420913,True,False
"Meta Platforms, Inc.",2022-11-08,2022-11-09,1,up,flat,0.19794290478493487,0.543286158438063,0.2587709367770018,0.2587709367770018,-0.28451522166106125,False,False
"Meta Platforms, Inc.",2022-11-09,2022-11-10,1,up,up,0.13814676570808126,0.28409025369677127,0.5777629805951476,0.5777629805951476,0.29367272689837637,True,True
"Meta Platforms, Inc.",2022-11-10,2022-11-11,1,flat,flat,0.1292668417972008,0.5067136158992395,0.36401954230355926,0.36401954230355926,-0.1426940735956802,False,True
"Meta Platforms, Inc.",2022-11-11,2022-11-14,1,flat,flat,0.20004704037754553,0.5566142779245191,0.24333868169793493,0.24333868169793493,-0.3132755962265842,False,True
"Meta Platforms, Inc.",2022-11-14,2022-11-15,1,up,flat,0.21834484625173534,0.5702210427805694,0.21143411096769507,0.21834484625173534,-0.35187619652883406,False,False
"Meta Platforms, Inc.",2022-11-15,2022-11-16,1,down,flat,0.17279414785665909,0.5731128348601413,0.2540930172831995,0.2540930172831995,-0.3190198175769418,False,False
"Meta Platforms, Inc.",2022-11-16,2022-11-17,1,down,flat,0.29881145092852923,0.5123834848480043,0.18880506422346624,0.29881145092852923,-0.2135720339194751,False,False
"Meta Platforms, Inc.",2022-11-17,2022-11-18,1,flat,flat,0.34824445302845675,0.4430518880578875,0.20870365891365578,0.34824445302845675,-0.09480743502943073,False,True
"Meta Platforms, Inc.",2022-11-18,2022-11-21,1,down,flat,0.1482323074186854,0.6011332267202141,0.25063446586110033,0.25063446586110033,-0.35049876085911374,False,False
"Meta Platforms, Inc.",2022-11-21,2022-11-22,1,flat,flat,0.2839818337124981,0.5123165785137607,0.20370158777374114,0.2839818337124981,-0.2283347448012626,False,True
"Meta Platforms, Inc.",2022-11-22,2022-11-23,1,flat,flat,0.2548348533826389,0.49648897952572274,0.24867616709163848,0.2548348533826389,-0.24165412614308385,False,True
"Meta Platforms, Inc.",2022-11-23,2022-11-25,1,flat,flat,0.12176502358169305,0.6108229993832637,0.2674119770350431,0.2674119770350431,-0.3434110223482206,False,True
"Meta Platforms, Inc.",2022-11-25,2022-11-28,1,down,flat,0.17870481748636338,0.6235808715462944,0.19771431096734204,0.19771431096734204,-0.42586656057895234,False,False
"Meta Platforms, Inc.",2022-11-28,2022-11-29,1,flat,flat,0.32675734148927127,0.4009255593307812,0.2723170991799476,0.32675734148927127,-0.07416821784150995,False,True
"Meta Platforms, Inc.",2022-11-29,2022-11-30,1,up,flat,0.2594546168636993,0.5005228100282194,0.24002257310808128,0.2594546168636993,-0.2410681931645201,False,False
"Meta Platforms, Inc.",2022-11-30,2022-12-01,1,up,up,0.12084841060276943,0.41179391103895774,0.4673576783582727,0.4673576783582727,0.05556376731931495,True,True
"Meta Platforms, Inc.",2022-12-01,2022-12-02,1,flat,flat,0.10499314072245872,0.629062558357711,0.26594430091983007,0.26594430091983007,-0.3631182574378809,False,True
"Meta Platforms, Inc.",2022-12-02,2022-12-05,1,up,flat,0.2831660642793466,0.5219628680470713,0.194871067673582,0.2831660642793466,-0.23879680376772466,False,False
"Meta Platforms, Inc.",2022-12-05,2022-12-06,1,down,flat,0.19001548787906594,0.6123308539213004,0.19765365819963343,0.19765365819963343,-0.41467719572166695,False,False
"Meta Platforms, Inc.",2022-12-06,2022-12-07,1,down,down,0.4684983555431488,0.333387312729466,0.1981143317273851,0.4684983555431488,0.1351110428136828,True,True
"Meta Platforms, Inc.",2022-12-07,2022-12-08,1,up,flat,0.31779958904971123,0.482896701635843,0.19930370931444572,0.31779958904971123,-0.16509711258613174,False,False
"Meta Platforms, Inc.",2022-12-08,2022-12-09,1,flat,flat,0.16324341398247624,0.48778188210662754,0.34897470391089597,0.34897470391089597,-0.13880717819573157,False,True
"Meta Platforms, Inc.",2022-12-09,2022-12-12,1,flat,flat,0.2852855009139581,0.46962531978296107,0.24508917930308055,0.2852855009139581,-0.18433981886900297,False,True
"Meta Platforms, Inc.",2022-12-12,2022-12-13,1,up,flat,0.28599061420323685,0.45536072627737145,0.25864865951939153,0.28599061420323685,-0.1693701120741346,False,False
"Meta Platforms, Inc.",2022-12-13,2022-12-14,1,flat,up,0.14933791307310357,0.2779692474501412,0.5726928394767554,0.5726928394767554,0.29472359202661425,True,False
"Meta Platforms, Inc.",2022-12-14,2022-12-15,1,down,flat,0.2916636423031381,0.4901308264428831,0.21820553125397876,0.2916636423031381,-0.19846718413974496,False,False
"Meta Platforms, Inc.",2022-12-15,2022-12-16,1,up,flat,0.4076663856133784,0.4264583195026771,0.16587529488394442,0.4076663856133784,-0.018791933889298673,False,False
"Meta Platforms, Inc.",2022-12-16,2022-12-19,1,down,up,0.22842146976046668,0.2627460730962161,0.5088324571433174,0.5088324571433174,0.24608638404710126,True,False
"Meta Platforms, Inc.",2022-12-19,2022-12-20,1,flat,flat,0.37276545791133664,0.4669372910610724,0.1602972510275908,0.37276545791133664,-0.09417183314973576,False,True
"Meta Platforms, Inc.",2022-12-20,2022-12-21,1,up,flat,0.309287615345367,0.45167916069538083,0.23903322395925206,0.309287615345367,-0.14239154535001386,False,False
"Meta Platforms, Inc.",2022-12-21,2022-12-22,1,flat,flat,0.1350180485660956,0.6016406506101497,0.26334130082375456,0.26334130082375456,-0.33829934978639514,False,True
"Meta Platforms, Inc.",2022-12-22,2022-12-23,1,flat,flat,0.2760538727473618,0.4869841542656573,0.2369619729869807,0.2760538727473618,-0.21093028151829546,False,True
"Meta Platforms, Inc.",2022-12-23,2022-12-27,1,flat,flat,0.23111611190787273,0.5538495597671904,0.21503432832493669,0.23111611190787273,-0.3227334478593177,False,True
"Meta Platforms, Inc.",2022-12-27,2022-12-28,1,flat,flat,0.21315141297601675,0.4607150030622378,0.3261335839617453,0.3261335839617453,-0.13458141910049248,False,True
"Meta Platforms, Inc.",2022-12-28,2022-12-29,1,up,flat,0.21437567253918016,0.5274092610808367,0.2582150663799829,0.2582150663799829,-0.2691941947008538,False,False
"Meta Platforms, Inc.",2022-12-29,2022-12-30,1,flat,flat,0.13245545152296545,0.5668973612062533,0.30064718727078094,0.30064718727078094,-0.2662501739354724,False,True
"Meta Platforms, Inc.",2022-12-30,2023-01-03,1,up,flat,0.2114983890575069,0.5521029431151097,0.23639866782738314,0.23639866782738314,-0.3157042752877265,False,False
"Meta Platforms, Inc.",2023-01-03,2023-01-04,1,up,up,0.17856310263167502,0.3084375509598901,0.512999346408435,0.512999346408435,0.20456179544854491,True,True
"Meta Platforms, Inc.",2023-01-04,2023-01-05,1,flat,flat,0.2100907067710364,0.5407724966026077,0.24913679662635568,0.24913679662635568,-0.29163569997625205,False,True
"Meta Platforms, Inc.",2023-01-05,2023-01-06,1,up,flat,0.2864048020752764,0.5579540036108429,0.15564119431388052,0.2864048020752764,-0.2715492015355665,False,False
"Meta Platforms, Inc.",2023-01-06,2023-01-09,1,up,flat,0.20028205561906143,0.5619804099129367,0.23773753446800155,0.23773753446800155,-0.3242428754449352,False,False
"Meta Platforms, Inc.",2023-01-09,2023-01-10,1,flat,flat,0.2033214035351893,0.5550311087983624,0.24164748766644797,0.24164748766644797,-0.3133836211319144,False,True
"Meta Platforms, Inc.",2023-01-10,2023-01-11,1,up,flat,0.3367688831910358,0.48587104630829403,0.17736007050067015,0.3367688831910358,-0.1491021631172582,False,False
"Meta Platforms, Inc.",2023-01-11,2023-01-12,1,up,flat,0.19127680622772403,0.5821837311174309,0.2265394626548448,0.2265394626548448,-0.3556442684625861,False,False
"Meta Platforms, Inc.",2023-01-12,2023-01-13,1,flat,flat,0.22199363626773128,0.48994235360581395,0.2880640101264544,0.2880640101264544,-0.20187834347935957,False,True
"Meta Platforms, Inc.",2023-01-13,2023-01-17,1,flat,flat,0.22963300225041017,0.5810891524744273,0.189277845275162,0.22963300225041017,-0.3514561502240171,False,True
"Meta Platforms, Inc.",2023-01-17,2023-01-18,1,flat,flat,0.3276956309167913,0.4644754620651629,0.2078289070180458,0.3276956309167913,-0.13677983114837156,False,True
"Meta Platforms, Inc.",2023-01-18,2023-01-19,1,flat,flat,0.33225274461109744,0.4446783838731587,0.22306887151574395,0.33225274461109744,-0.11242563926206128,False,True
"Meta Platforms, Inc.",2023-01-19,2023-01-20,1,up,flat,0.33512259172058567,0.3913778201889367,0.2734995880904776,0.33512259172058567,-0.056255228468351015,False,False
"Meta Platforms, Inc.",2023-01-20,2023-01-23,1,up,flat,0.2326904659103135,0.47516710125744854,0.2921424328322376,0.2921424328322376,-0.18302466842521092,False,False
"Meta Platforms, Inc.",2023-01-23,2023-01-24,1,flat,flat,0.21292083750048363,0.5167282660856672,0.27035089641384896,0.27035089641384896,-0.24637736967181828,False,True
"Meta Platforms, Inc.",2023-01-24,2023-01-25,1,flat,flat,0.23996504636660315,0.5605392607352404,0.1994956928981561,0.23996504636660315,-0.32057421436863726,False,True
"Meta Platforms, Inc.",2023-01-25,2023-01-26,1,up,flat,0.36510615745978037,0.4412588358611628,0.193635006679057,0.36510615745978037,-0.07615267840138246,False,False
"Meta Platforms, Inc.",2023-01-26,2023-01-27,1,up,flat,0.19273616191900567,0.5437922123292724,0.2634716257517216,0.2634716257517216,-0.2803205865775508,False,False
"Meta Platforms, Inc.",2023-01-27,2023-01-30,1,down,flat,0.2654005621658198,0.36736653853899803,0.3672328992951822,0.3672328992951822,-0.0001336392438158196,False,False
"Meta Platforms, Inc.",2023-01-30,2023-01-31,1,flat,flat,0.4007974538203859,0.44618817373658093,0.15301437244303295,0.4007974538203859,-0.04539071991619503,False,True
"Meta Platforms, Inc.",2023-01-31,2023-02-01,1,up,flat,0.37991073907664685,0.4244678803488327,0.19562138057452044,0.37991073907664685,-0.04455714127218585,False,False
"Meta Platforms, Inc.",2023-02-01,2023-02-02,1,up,up,0.3441902853565738,0.2624644796739236,0.3933452349695027,0.3933452349695027,0.13088075529557908,True,True
"Meta Platforms, Inc.",2023-02-02,2023-02-03,1,flat,up,0.18683781616351075,0.22225138229950378,0.5909108015369853,0.5909108015369853,0.36865941923748147,True,False
"Meta Platforms, Inc.",2023-02-03,2023-02-06,1,flat,down,0.49346669950028954,0.35506147665322774,0.15147182384648278,0.49346669950028954,0.1384052228470618,True,False
"Meta Platforms, Inc.",2023-02-06,2023-02-07,1,flat,flat,0.41479071803889683,0.41972966707232606,0.16547961488877705,0.41479071803889683,-0.00493894903342923,False,True
"Meta Platforms, Inc.",2023-02-07,2023-02-08,1,flat,flat,0.27964762540748056,0.5331233008885612,0.18722907370395814,0.27964762540748056,-0.25347567548108063,False,True
"Meta Platforms, Inc.",2023-02-08,2023-02-09,1,down,flat,0.3020063526972556,0.49105758792403786,0.20693605937870638,0.3020063526972556,-0.18905123522678224,False,False
"Meta Platforms, Inc.",2023-02-09,2023-02-10,1,down,down,0.42005290422166075,0.41557254303941826,0.16437455273892085,0.42005290422166075,0.004480361182242487,True,True
"Meta Platforms, Inc.",2023-02-10,2023-02-13,1,flat,down,0.41633863085653683,0.4030518515953204,0.1806095175481427,0.41633863085653683,0.013286779261216408,True,False
"Meta Platforms, Inc.",2023-02-13,2023-02-14,1,flat,flat,0.21002316590748604,0.5402566639734921,0.2497201701190218,0.2497201701190218,-0.29053649385447033,False,True
"Meta Platforms, Inc.",2023-02-14,2023-02-15,1,flat,flat,0.2546817959208203,0.5550621303458971,0.19025607373328263,0.2546817959208203,-0.30038033442507683,False,True
"Meta Platforms, Inc.",2023-02-15,2023-02-16,1,down,flat,0.24165210191157757,0.5569687397381458,0.20137915835027664,0.24165210191157757,-0.31531663782656816,False,False
"Meta Platforms, Inc.",2023-02-16,2023-02-17,1,flat,flat,0.23575350409288676,0.5473037379232111,0.21694275798390195,0.23575350409288676,-0.3115502338303243,False,True
"Meta Platforms, Inc.",2023-02-17,2023-02-21,1,flat,flat,0.19033105814570492,0.5611455158571996,0.24852342599709518,0.24852342599709518,-0.3126220898601044,False,True
"Meta Platforms, Inc.",2023-02-21,2023-02-22,1,down,flat,0.14598898658521053,0.44683202982939263,0.4071789835853967,0.4071789835853967,-0.039653046243995904,False,False
"Meta Platforms, Inc.",2023-02-22,2023-02-23,1,flat,flat,0.24951860862908498,0.5508121539742212,0.19966923739669373,0.24951860862908498,-0.30129354534513625,False,True
"Meta Platforms, Inc.",2023-02-23,2023-02-24,1,down,flat,0.18790149966575764,0.5627788694950804,0.24931963083916203,0.24931963083916203,-0.31345923865591835,False,False
"Meta Platforms, Inc.",2023-02-24,2023-02-27,1,flat,flat,0.20516964134259685,0.554812558676817,0.24001779998058587,0.24001779998058587,-0.31479475869623114,False,True
"Meta Platforms, Inc.",2023-02-27,2023-02-28,1,up,flat,0.14161624288303343,0.5411562204780915,0.3172275366388748,0.3172275366388748,-0.2239286838392167,False,False
"Meta Platforms, Inc.",2023-02-28,2023-03-01,1,flat,up,0.13757613006981906,0.30752459239267044,0.5548992775375108,0.5548992775375108,0.24737468514484034,True,False
"Meta Platforms, Inc.",2023-03-01,2023-03-02,1,flat,flat,0.2738385786152478,0.45775234040668383,0.26840908097806837,0.2738385786152478,-0.18391376179143604,False,True
"Meta Platforms, Inc.",2023-03-02,2023-03-03,1,up,flat,0.21896498688601357,0.5539203342124663,0.22711467890151982,0.22711467890151982,-0.3268056553109465,False,False
"Meta Platforms, Inc.",2023-03-03,2023-03-06,1,up,up,0.13954112086917816,0.21144702610442062,0.6490118530264015,0.6490118530264015,0.4375648269219809,True,True
"Meta Platforms, Inc.",2023-03-06,2023-03-07,1,flat,flat,0.30351477850171116,0.4494996552081655,0.24698556629012342,0.30351477850171116,-0.14598487670645433,False,True
"Meta Platforms, Inc.",2023-03-07,2023-03-08,1,down,down,0.36851726126782625,0.3684359390813096,0.2630467996508641,0.36851726126782625,8.132218651663026e-05,True,True
"Meta Platforms, Inc.",2023-03-08,2023-03-09,1,flat,flat,0.3565905258379449,0.40378942762058234,0.23962004654147265,0.3565905258379449,-0.047198901782637415,False,True
"Meta Platforms, Inc.",2023-03-09,2023-03-10,1,down,flat,0.26106842762169147,0.3890572720539276,0.3498743003243808,0.3498743003243808,-0.03918297172954677,False,False
"Meta Platforms, Inc.",2023-03-10,2023-03-13,1,flat,down,0.401950511047795,0.3639130808587941,0.23413640809341085,0.401950511047795,0.03803743018900091,True,False
"Meta Platforms, Inc.",2023-03-13,2023-03-14,1,up,flat,0.34880598708213495,0.37949296397632803,0.2717010489415369,0.34880598708213495,-0.030686976894193085,False,False
"Meta Platforms, Inc.",2023-03-14,2023-03-15,1,up,up,0.15882946180623442,0.27947562080788746,0.5616949173858783,0.5616949173858783,0.28221929657799083,True,True
"Meta Platforms, Inc.",2023-03-15,2023-03-16,1,up,down,0.38435957231711004,0.3524367003672795,0.2632037273156105,0.38435957231711004,0.03192287194983057,True,False
"Meta Platforms, Inc.",2023-03-16,2023-03-17,1,down,flat,0.35314061701096244,0.3697213490814151,0.2771380339076224,0.35314061701096244,-0.01658073207045263,False,False
"Meta Platforms, Inc.",2023-03-17,2023-03-20,1,flat,down,0.4066369962002425,0.3574977722590288,0.23586523154072847,0.4066369962002425,0.04913922394121373,True,False
"Meta Platforms, Inc.",2023-03-20,2023-03-21,1,up,flat,0.2913503886989998,0.4534996365566025,0.25514997474439727,0.2913503886989998,-0.1621492478576027,False,False
"Meta Platforms, Inc.",2023-03-21,2023-03-22,1,flat,flat,0.22397485405294476,0.43751946754626636,0.3385056784007887,0.3385056784007887,-0.09901378914547765,False,True
"Meta Platforms, Inc.",2023-03-22,2023-03-23,1,flat,flat,0.3458321276697774,0.44803524471661754,0.206132627613605,0.3458321276697774,-0.10220311704684015,False,True
"Meta Platforms, Inc.",2023-03-23,2023-03-24,1,flat,flat,0.31263548207366987,0.4706738478865695,0.21669067003976047,0.31263548207366987,-0.15803836581289965,False,True
"Meta Platforms, Inc.",2023-03-24,2023-03-27,1,flat,flat,0.2894876044470924,0.4807204683588632,0.2297919271940444,0.2894876044470924,-0.1912328639117708,False,True
"Meta Platforms, Inc.",2023-03-27,2023-03-28,1,down,flat,0.3243583945274481,0.4757080873040936,0.1999335181684584,0.3243583945274481,-0.1513496927766455,False,False
"Meta Platforms, Inc.",2023-03-28,2023-03-29,1,up,flat,0.34509045204215383,0.444858626884591,0.2100509210732551,0.34509045204215383,-0.09976817484243716,False,False
"Meta Platforms, Inc.",2023-03-29,2023-03-30,1,flat,flat,0.15358818975424393,0.4964986815946926,0.34991312865106305,0.34991312865106305,-0.14658555294362957,False,True
"Meta Platforms, Inc.",2023-03-30,2023-03-31,1,up,flat,0.2745658118640457,0.44239456525367304,0.283039622882281,0.283039622882281,-0.15935494237139203,False,False
"Meta Platforms, Inc.",2023-03-31,2023-04-03,1,flat,flat,0.23584736110009524,0.41305886652641777,0.3510937723734868,0.3510937723734868,-0.061965094152930944,False,True
"Meta Platforms, Inc.",2023-04-03,2023-04-04,1,up,flat,0.3113112306170061,0.48581691476074657,0.20287185462224722,0.3113112306170061,-0.17450568414374046,False,False
"Meta Platforms, Inc.",2023-04-04,2023-04-05,1,flat,flat,0.24607178796666423,0.47882295931601226,0.2751052527173233,0.2751052527173233,-0.20371770659868899,False,True
"Meta Platforms, Inc.",2023-04-05,2023-04-06,1,flat,flat,0.37968169542122043,0.4131550353458484,0.2071632692329311,0.37968169542122043,-0.033473339924627976,False,True
"Meta Platforms, Inc.",2023-04-06,2023-04-10,1,flat,up,0.3088050488629767,0.32680394908279187,0.3643910020542316,0.3643910020542316,0.037587052971439716,True,False
"Meta Platforms, Inc.",2023-04-10,2023-04-11,1,flat,flat,0.2937934161212469,0.4632262481905716,0.2429803356881814,0.2937934161212469,-0.16943283206932475,False,True
"Meta Platforms, Inc.",2023-04-11,2023-04-12,1,flat,flat,0.30379743674794013,0.4507158340499535,0.24548672920210624,0.30379743674794013,-0.1469183973020134,False,True
"Meta Platforms, Inc.",2023-04-12,2023-04-13,1,up,flat,0.3406652116613156,0.41588693440969793,0.2434478539289864,0.3406652116613156,-0.07522172274838235,False,False
"Meta Platforms, Inc.",2023-04-13,2023-04-14,1,flat,flat,0.20289005125143744,0.4602617604981879,0.3368481882503741,0.3368481882503741,-0.1234135722478138,False,True
"Meta Platforms, Inc.",2023-04-14,2023-04-17,1,flat,flat,0.25304319327091007,0.4513824437196279,0.2955743630094618,0.2955743630094618,-0.15580808071016605,False,True
"Meta Platforms, Inc.",2023-04-17,2023-04-18,1,flat,flat,0.30998319681339026,0.4883812571178648,0.20163554606874484,0.30998319681339026,-0.17839806030447453,False,True
"Meta Platforms, Inc.",2023-04-18,2023-04-19,1,down,flat,0.3066006862496158,0.4643801695474974,0.22901914420288666,0.3066006862496158,-0.1577794832978816,False,False
"Meta Platforms, Inc.",2023-04-19,2023-04-20,1,flat,down,0.4370254056336678,0.3632179124486453,0.1997566819176867,0.4370254056336678,0.0738074931850225,True,False
"Meta Platforms, Inc.",2023-04-20,2023-04-21,1,down,flat,0.33496043130691217,0.3914850264620473,0.2735545422310405,0.33496043130691217,-0.05652459515513514,False,False
"Meta Platforms, Inc.",2023-04-21,2023-04-24,1,flat,down,0.37501891948260946,0.3203790462488133,0.3046020342685771,0.37501891948260946,0.054639873233796155,True,False
"Meta Platforms, Inc.",2023-04-24,2023-04-25,1,down,up,0.23848879787141958,0.3473873890067396,0.414123813121841,0.414123813121841,0.06673642411510139,True,False
"Meta Platforms, Inc.",2023-04-25,2023-04-26,1,up,down,0.4115672859482806,0.2790956499255973,0.30933706412612216,0.4115672859482806,0.1324716360226833,True,False
"Meta Platforms, Inc.",2023-04-26,2023-04-27,1,up,up,0.2862058533116765,0.19717778980035888,0.5166163568879647,0.5166163568879647,0.3194385670876058,True,True
"Meta Platforms, Inc.",2023-04-27,2023-04-28,1,flat,up,0.1554312726507601,0.2998159249717675,0.5447528023774724,0.5447528023774724,0.24493687740570486,True,False
"Meta Platforms, Inc.",2023-04-28,2023-05-01,1,flat,down,0.3712820947403297,0.37052982960055886,0.25818807565911145,0.3712820947403297,0.0007522651397708358,True,False
"Meta Platforms, Inc.",2023-05-01,2023-05-02,1,flat,flat,0.36695764247475066,0.4325154821932916,0.2005268753319575,0.36695764247475066,-0.06555783971854096,False,True
"Meta Platforms, Inc.",2023-05-02,2023-05-03,1,down,flat,0.2726053075115201,0.4823577170952526,0.24503697539322683,0.2726053075115201,-0.20975240958373248,False,False
"Meta Platforms, Inc.",2023-05-03,2023-05-04,1,down,down,0.42724584995037923,0.37347995813342916,0.1992741919161915,0.42724584995037923,0.05376589181695007,True,True
"Meta Platforms, Inc.",2023-05-04,2023-05-05,1,down,flat,0.30616164483664554,0.4987097976580773,0.19512855750527686,0.30616164483664554,-0.19254815282143178,False,False
"Meta Platforms, Inc.",2023-05-05,2023-05-08,1,flat,down,0.44256124711361877,0.3281872469086075,0.22925150597777372,0.44256124711361877,0.11437400020501126,True,False
"Meta Platforms, Inc.",2023-05-08,2023-05-09,1,flat,flat,0.2440421391863378,0.5349390258994261,0.22101883491423585,0.2440421391863378,-0.29089688671308833,False,True
"Meta Platforms, Inc.",2023-05-09,2023-05-10,1,flat,flat,0.20864697538134344,0.5375093999741588,0.2538436246444974,0.2538436246444974,-0.2836657753296614,False,True
"Meta Platforms, Inc.",2023-05-10,2023-05-11,1,flat,flat,0.1831176285179922,0.510554439912877,0.3063279315691305,0.3063279315691305,-0.20422650834374645,False,True
"Meta Platforms, Inc.",2023-05-11,2023-05-12,1,flat,flat,0.22635565493207088,0.5145769267028674,0.2590674183650615,0.2590674183650615,-0.2555095083378059,False,True
"Meta Platforms, Inc.",2023-05-12,2023-05-15,1,flat,flat,0.22955674445811736,0.5128952495760888,0.25754800596579375,0.25754800596579375,-0.25534724361029504,False,True
"Meta Platforms, Inc.",2023-05-15,2023-05-16,1,flat,flat,0.22439604560195558,0.4445864916507877,0.3310174627472565,0.3310174627472565,-0.11356902890353116,False,True
"Meta Platforms, Inc.",2023-05-16,2023-05-17,1,up,flat,0.2438813833016762,0.5304908104296895,0.22562780626863413,0.2438813833016762,-0.2866094271280133,False,False
"Meta Platforms, Inc.",2023-05-17,2023-05-18,1,up,flat,0.2521099263641552,0.41991269507432727,0.32797737856151726,0.32797737856151726,-0.09193531651281,False,False
"Meta Platforms, Inc.",2023-05-18,2023-05-19,1,flat,flat,0.26420118607859605,0.45075951828785865,0.28503929563354524,0.28503929563354524,-0.1657202226543134,False,True
"Meta Platforms, Inc.",2023-05-19,2023-05-22,1,flat,flat,0.2974334904185012,0.4664424493062855,0.23612406027521315,0.2974334904185012,-0.16900895888778428,False,True
"Meta Platforms, Inc.",2023-05-22,2023-05-23,1,flat,flat,0.3038106880577701,0.4176829652529145,0.27850634668931523,0.3038106880577701,-0.11387227719514437,False,True
"Meta Platforms, Inc.",2023-05-23,2023-05-24,1,flat,flat,0.2876622770107571,0.46231053498019276,0.2500271880090501,0.2876622770107571,-0.17464825796943567,False,True
"Meta Platforms, Inc.",2023-05-24,2023-05-25,1,up,flat,0.27005980232613613,0.501026036104067,0.2289141615697966,0.27005980232613613,-0.2309662337779309,False,False
"Meta Platforms, Inc.",2023-05-25,2023-05-26,1,up,flat,0.25115876120557334,0.407805154918101,0.34103608387632545,0.34103608387632545,-0.06676907104177554,False,False
"Meta Platforms, Inc.",2023-05-26,2023-05-30,1,up,flat,0.3059263520510391,0.4140066553492431,0.2800669925997177,0.3059263520510391,-0.108080303298204,False,False
"Meta Platforms, Inc.",2023-05-30,2023-05-31,1,down,flat,0.297465197307485,0.45537105246812914,0.2471637502243856,0.297465197307485,-0.15790585516064415,False,False
"Meta Platforms, Inc.",2023-05-31,2023-06-01,1,up,down,0.43173171298744273,0.39149206021558425,0.17677622679697308,0.43173171298744273,0.04023965277185848,True,False
"Meta Platforms, Inc.",2023-06-01,2023-06-02,1,up,flat,0.3145220767679685,0.4272091302601796,0.25826879297185174,0.3145220767679685,-0.11268705349221109,False,False
"Meta Platforms, Inc.",2023-06-02,2023-06-05,1,flat,flat,0.34605356320823566,0.4404640585429551,0.21348237824880933,0.34605356320823566,-0.09441049533471946,False,True
"Meta Platforms, Inc.",2023-06-05,2023-06-06,1,flat,down,0.4239463762756178,0.40409939871949874,0.1719542250048835,0.4239463762756178,0.019846977556119083,True,False
"Meta Platforms, Inc.",2023-06-06,2023-06-07,1,down,flat,0.36355080360511305,0.4200853546757596,0.21636384171912745,0.36355080360511305,-0.05653455107064653,False,False
"Meta Platforms, Inc.",2023-06-07,2023-06-08,1,down,down,0.46654176874235215,0.347699016277316,0.1857592149803319,0.46654176874235215,0.11884275246503617,True,True
"Meta Platforms, Inc.",2023-06-08,2023-06-09,1,flat,flat,0.3889020258175522,0.44305645082941403,0.1680415233530339,0.3889020258175522,-0.05415442501186185,False,True
"Meta Platforms, Inc.",2023-06-09,2023-06-12,1,up,flat,0.26990068336949546,0.4560771064875657,0.2740222101429388,0.2740222101429388,-0.1820548963446269,False,False
"Meta Platforms, Inc.",2023-06-12,2023-06-13,1,up,flat,0.20505814895733326,0.46296125861005244,0.33198059243261424,0.33198059243261424,-0.1309806661774382,False,False
"Meta Platforms, Inc.",2023-06-13,2023-06-14,1,flat,flat,0.2310008995265561,0.42254802459166524,0.34645107588177837,0.34645107588177837,-0.07609694870988687,False,True
"Meta Platforms, Inc.",2023-06-14,2023-06-15,1,up,flat,0.3064093447111026,0.4260186371027352,0.2675720181861623,0.3064093447111026,-0.1196092923916326,False,False
"Meta Platforms, Inc.",2023-06-15,2023-06-16,1,up,flat,0.19285479841572906,0.42770352680065027,0.3794416747836204,0.3794416747836204,-0.04826185201702987,False,False
"Meta Platforms, Inc.",2023-06-16,2023-06-20,1,down,up,0.25120779981115315,0.33841055285640564,0.41038164733244126,0.41038164733244126,0.07197109447603561,True,False
"Meta Platforms, Inc.",2023-06-20,2023-06-21,1,flat,flat,0.42238591592077857,0.443888327664569,0.13372575641465234,0.42238591592077857,-0.021502411743790417,False,True
"Meta Platforms, Inc.",2023-06-21,2023-06-22,1,flat,down,0.4140047948069481,0.34541195414067105,0.24058325105238093,0.4140047948069481,0.06859284066627702,True,False
"Meta Platforms, Inc.",2023-06-22,2023-06-23,1,flat,down,0.40565293738726615,0.40300048146038103,0.19134658115235292,0.40565293738726615,0.0026524559268851222,True,False
"Meta Platforms, Inc.",2023-06-23,2023-06-26,1,flat,up,0.3618240095022715,0.2399316446696398,0.398244345828089,0.398244345828089,0.1583127011584492,True,False
"Meta Platforms, Inc.",2023-06-26,2023-06-27,1,flat,flat,0.4120539709179848,0.43899603552774913,0.1489499935542659,0.4120539709179848,-0.026942064609764338,False,True
"Meta Platforms, Inc.",2023-06-27,2023-06-28,1,flat,flat,0.36354863896420053,0.416253000365225,0.22019836067057436,0.36354863896420053,-0.05270436140102447,False,True
"Meta Platforms, Inc.",2023-06-28,2023-06-29,1,down,flat,0.30324182339960415,0.4983680035586293,0.1983901730417663,0.30324182339960415,-0.19512618015902516,False,False
"Meta Platforms, Inc.",2023-06-29,2023-06-30,1,flat,flat,0.3767007962791172,0.4464302081041672,0.1768689956167156,0.3767007962791172,-0.06972941182505005,False,True
"Meta Platforms, Inc.",2023-06-30,2023-07-03,1,flat,flat,0.23571431631343454,0.41939591259995235,0.34488977108661284,0.34488977108661284,-0.07450614151333951,False,True
"Meta Platforms, Inc.",2023-07-03,2023-07-05,1,up,flat,0.2404208299622677,0.5524159565089021,0.2071632135288301,0.2404208299622677,-0.31199512654663436,False,False
"Meta Platforms, Inc.",2023-07-05,2023-07-06,1,flat,up,0.19421565231283794,0.22718852284270255,0.5785958248444597,0.5785958248444597,0.3514073020017572,True,False
"Meta Platforms, Inc.",2023-07-06,2023-07-07,1,flat,down,0.3495591674323115,0.3379166087867764,0.31252422378091205,0.3495591674323115,0.01164255864553515,True,False
"Meta Platforms, Inc.",2023-07-07,2023-07-10,1,flat,flat,0.36238317494325634,0.4904379821076251,0.1471788429491186,0.36238317494325634,-0.1280548071643688,False,True
"Meta Platforms, Inc.",2023-07-10,2023-07-11,1,flat,flat,0.3274223495251589,0.3827355334182288,0.2898421170566121,0.3274223495251589,-0.055313183893069884,False,True
"Meta Platforms, Inc.",2023-07-11,2023-07-12,1,up,flat,0.286010495176781,0.4837029988537348,0.2302865059694842,0.286010495176781,-0.1976925036769538,False,False
"Meta Platforms, Inc.",2023-07-12,2023-07-13,1,up,flat,0.23962172132606124,0.42517778585034605,0.33520049282359243,0.33520049282359243,-0.08997729302675361,False,False
"Meta Platforms, Inc.",2023-07-13,2023-07-14,1,down,flat,0.2490909347826494,0.5389837883774556,0.21192527683989487,0.2490909347826494,-0.2898928535948062,False,False
"Meta Platforms, Inc.",2023-07-14,2023-07-17,1,flat,flat,0.39157732475752594,0.48030531634475016,0.12811735889772372,0.39157732475752594,-0.08872799158722422,False,True
"Meta Platforms, Inc.",2023-07-17,2023-07-18,1,flat,flat,0.3590484750998515,0.4541965143726874,0.18675501052746085,0.3590484750998515,-0.09514803927283588,False,True
"Meta Platforms, Inc.",2023-07-18,2023-07-19,1,up,flat,0.25430520196277606,0.4930077729055162,0.2526870251317075,0.25430520196277606,-0.2387025709427401,False,False
"Meta Platforms, Inc.",2023-07-19,2023-07-20,1,down,flat,0.26785172214329833,0.470540393338439,0.26160788451826217,0.26785172214329833,-0.20268867119514067,False,False
"Meta Platforms, Inc.",2023-07-20,2023-07-21,1,down,down,0.4737881534704099,0.3880548512958599,0.13815699523373007,0.4737881534704099,0.08573330217455,True,True
"Meta Platforms, Inc.",2023-07-21,2023-07-24,1,down,down,0.580949485912832,0.24006352803183384,0.17898698605533409,0.580949485912832,0.3408859578809982,True,True
"Meta Platforms, Inc.",2023-07-24,2023-07-25,1,flat,flat,0.2889318124640907,0.4907877193729061,0.2202804681630031,0.2889318124640907,-0.20185590690881539,False,True
"Meta Platforms, Inc.",2023-07-25,2023-07-26,1,flat,flat,0.21231260706835192,0.4368899877498089,0.3507974051818391,0.3507974051818391,-0.08609258256796981,False,True
"Meta Platforms, Inc.",2023-07-26,2023-07-27,1,up,up,0.27076621133313544,0.2466456856835866,0.48258810298327826,0.48258810298327826,0.23594241729969165,True,True
"Meta Platforms, Inc.",2023-07-27,2023-07-28,1,flat,up,0.16949190259206445,0.37139977719798956,0.45910832020994596,0.45910832020994596,0.08770854301195641,True,False
"Meta Platforms, Inc.",2023-07-28,2023-07-31,1,flat,flat,0.2599127988599428,0.5665658133453695,0.1735213877946875,0.2599127988599428,-0.3066530144854267,False,True
"Meta Platforms, Inc.",2023-07-31,2023-08-01,1,flat,flat,0.2812081666432744,0.537053539051693,0.1817382943050324,0.2812081666432744,-0.25584537240841854,False,True
"Meta Platforms, Inc.",2023-08-01,2023-08-02,1,down,flat,0.2969868283482614,0.5308678774648625,0.1721452941868759,0.2969868283482614,-0.23388104911660113,False,False
"Meta Platforms, Inc.",2023-08-02,2023-08-03,1,flat,flat,0.32895736215806326,0.5166352552658569,0.15440738257607972,0.32895736215806326,-0.1876778931077936,False,True
"Meta Platforms, Inc.",2023-08-03,2023-08-04,1,flat,flat,0.3117153800803803,0.5026218478518413,0.18566277206777798,0.3117153800803803,-0.19090646777146097,False,True
"Meta Platforms, Inc.",2023-08-04,2023-08-07,1,flat,flat,0.2789466235466575,0.4622549671529877,0.25879840930035436,0.2789466235466575,-0.1833083436063302,False,True
"Meta Platforms, Inc.",2023-08-07,2023-08-08,1,flat,flat,0.2769045642543696,0.4769228188986329,0.2461726168469972,0.2769045642543696,-0.20001825464426332,False,True
"Meta Platforms, Inc.",2023-08-08,2023-08-09,1,down,flat,0.294522014239205,0.451976998278094,0.25350098748270083,0.294522014239205,-0.15745498403888902,False,False
"Meta Platforms, Inc.",2023-08-09,2023-08-10,1,flat,flat,0.30468460855739526,0.37790640430441236,0.31740898713819227,0.31740898713819227,-0.06049741716622009,False,True
"Meta Platforms, Inc.",2023-08-10,2023-08-11,1,down,flat,0.2435869864227645,0.4647170489319269,0.29169596464530845,0.29169596464530845,-0.17302108428661844,False,False
"Meta Platforms, Inc.",2023-08-11,2023-08-14,1,flat,flat,0.24116057225001,0.49964449932142907,0.2591949284285607,0.2591949284285607,-0.2404495708928684,False,True
"Meta Platforms, Inc.",2023-08-14,2023-08-15,1,flat,flat,0.21650984666923326,0.47857783687749955,0.3049123164532668,0.3049123164532668,-0.17366552042423278,False,True
"Meta Platforms, Inc.",2023-08-15,2023-08-16,1,down,flat,0.21118719376409062,0.4914889600120161,0.2973238462238931,0.2973238462238931,-0.194165113788123,False,False
"Meta Platforms, Inc.",2023-08-16,2023-08-17,1,down,down,0.3899547655491399,0.314074794060195,0.29597044039066517,0.3899547655491399,0.07587997148894488,True,True
"Meta Platforms, Inc.",2023-08-17,2023-08-18,1,down,down,0.3423831699941467,0.32058835871965535,0.33702847128619784,0.3423831699941467,0.021794811274491344,True,True
"Meta Platforms, Inc.",2023-08-18,2023-08-21,1,up,down,0.4108368831464393,0.2588326413348378,0.33033047551872313,0.4108368831464393,0.1520042418116015,True,False
"Meta Platforms, Inc.",2023-08-21,2023-08-22,1,up,up,0.1465859751582635,0.41627153934501515,0.4371424854967211,0.4371424854967211,0.020870946151705927,True,True
"Meta Platforms, Inc.",2023-08-22,2023-08-23,1,flat,flat,0.14637050554504644,0.48860559507677787,0.3650238993781755,0.3650238993781755,-0.12358169569860239,False,True
"Meta Platforms, Inc.",2023-08-23,2023-08-24,1,flat,up,0.20540188538197962,0.38011529940817634,0.41448281520984387,0.41448281520984387,0.034367515801667525,True,False
"Meta Platforms, Inc.",2023-08-24,2023-08-25,1,down,flat,0.2512276782327204,0.41089362868440205,0.3378786930828773,0.3378786930828773,-0.07301493560152472,False,False
"Meta Platforms, Inc.",2023-08-25,2023-08-28,1,up,flat,0.3806659627156194,0.402195824713858,0.2171382125705223,0.3806659627156194,-0.021529861998238586,False,False
"Meta Platforms, Inc.",2023-08-28,2023-08-29,1,up,flat,0.1611888199864599,0.4898759385516184,0.34893524146192145,0.34893524146192145,-0.14094069708969692,False,False
"Meta Platforms, Inc.",2023-08-29,2023-08-30,1,flat,flat,0.19408597571976188,0.4298502911877734,0.37606373309246466,0.37606373309246466,-0.053786558095308745,False,True
"Meta Platforms, Inc.",2023-08-30,2023-08-31,1,flat,flat,0.28102777088768616,0.4664032726746009,0.2525689564377126,0.28102777088768616,-0.18537550178691475,False,True
"Meta Platforms, Inc.",2023-08-31,2023-09-01,1,flat,flat,0.3127104917203908,0.44799472436786253,0.23929478391174652,0.3127104917203908,-0.13528423264747175,False,True
"Meta Platforms, Inc.",2023-09-01,2023-09-05,1,flat,flat,0.32018509150424834,0.4708937602621309,0.20892114823362068,0.32018509150424834,-0.15070866875788258,False,True
"Meta Platforms, Inc.",2023-09-05,2023-09-06,1,flat,flat,0.30474042863142453,0.44619728386700697,0.2490622875015684,0.30474042863142453,-0.14145685523558243,False,True
"Meta Platforms, Inc.",2023-09-06,2023-09-07,1,flat,flat,0.29693350097262994,0.4574985271731683,0.24556797185420173,0.29693350097262994,-0.16056502620053836,False,True
"Meta Platforms, Inc.",2023-09-07,2023-09-08,1,flat,down,0.513684746829199,0.227835524867323,0.25847972830347804,0.513684746829199,0.28584922196187595,True,False
"Meta Platforms, Inc.",2023-09-08,2023-09-11,1,up,flat,0.33204942263858206,0.45949639129062614,0.20845418607079172,0.33204942263858206,-0.12744696865204408,False,False
"Meta Platforms, Inc.",2023-09-11,2023-09-12,1,flat,flat,0.1956991221241267,0.454022068621588,0.3502788092542851,0.3502788092542851,-0.10374325936730289,False,True
"Meta Platforms, Inc.",2023-09-12,2023-09-13,1,flat,flat,0.351478563572309,0.46572243014421255,0.18279900628347848,0.351478563572309,-0.11424386657190355,False,True
"Meta Platforms, Inc.",2023-09-13,2023-09-14,1,up,flat,0.3551556103712038,0.441467690332092,0.2033766992967041,0.3551556103712038,-0.08631207996088819,False,False
"Meta Platforms, Inc.",2023-09-14,2023-09-15,1,down,flat,0.19111097697894572,0.4217898366251297,0.38709918639592444,0.38709918639592444,-0.034690650229205255,False,False
"Meta Platforms, Inc.",2023-09-15,2023-09-18,1,down,down,0.4839789752499817,0.3105254389981762,0.20549558575184207,0.4839789752499817,0.17345353625180548,True,True
"Meta Platforms, Inc.",2023-09-18,2023-09-19,1,flat,flat,0.35644932209679514,0.4649230186815329,0.17862765922167187,0.35644932209679514,-0.10847369658473777,False,True
"Meta Platforms, Inc.",2023-09-19,2023-09-20,1,flat,up,0.20048805644490353,0.3978345344481712,0.4016774091069252,0.4016774091069252,0.003842874658753992,True,False
"Meta Platforms, Inc.",2023-09-20,2023-09-21,1,down,flat,0.2856538664957844,0.41584305249031883,0.29850308101389667,0.29850308101389667,-0.11733997147642217,False,False
"Meta Platforms, Inc.",2023-09-21,2023-09-22,1,up,down,0.3991149158067657,0.38570949628638473,0.21517558790684937,0.3991149158067657,0.01340541952038099,True,False
"Meta Platforms, Inc.",2023-09-22,2023-09-25,1,down,up,0.18366923371176333,0.3946745374310983,0.42165622885713827,0.42165622885713827,0.026981691426039955,True,False
"Meta Platforms, Inc.",2023-09-25,2023-09-26,1,flat,flat,0.2967934837362278,0.46999303283271904,0.233213483431053,0.2967934837362278,-0.1731995490964912,False,True
"Meta Platforms, Inc.",2023-09-26,2023-09-27,1,flat,flat,0.22854646081813246,0.4267383632729643,0.344715175908903,0.344715175908903,-0.08202318736406133,False,True
"Meta Platforms, Inc.",2023-09-27,2023-09-28,1,up,down,0.44821465290561757,0.2652619387476209,0.28652340834676143,0.44821465290561757,0.1829527141579967,True,False
"Meta Platforms, Inc.",2023-09-28,2023-09-29,1,flat,flat,0.21369020111365233,0.47125842099163673,0.3150513778947106,0.3150513778947106,-0.15620704309692612,False,True
"Meta Platforms, Inc.",2023-09-29,2023-10-02,1,flat,flat,0.22175224972962576,0.41991589714826794,0.35833185312210597,0.35833185312210597,-0.061584044026161966,False,True
"Meta Platforms, Inc.",2023-10-02,2023-10-03,1,flat,flat,0.28381658660705544,0.47497264198079253,0.24121077141215208,0.28381658660705544,-0.1911560553737371,False,True
"Meta Platforms, Inc.",2023-10-03,2023-10-04,1,flat,flat,0.3289280147322996,0.4503160425319816,0.22075594273571883,0.3289280147322996,-0.121388027799682,False,True
"Meta Platforms, Inc.",2023-10-04,2023-10-05,1,flat,flat,0.28725350197283217,0.45684190266816704,0.2559045953590008,0.28725350197283217,-0.16958840069533487,False,True
"Meta Platforms, Inc.",2023-10-05,2023-10-06,1,up,flat,0.2509285941273423,0.40248056167461627,0.3465908441980414,0.3465908441980414,-0.05588971747657484,False,False
"Meta Platforms, Inc.",2023-10-06,2023-10-09,1,up,flat,0.22139310567046,0.41039951156541943,0.36820738276412046,0.36820738276412046,-0.04219212880129897,False,False
"Meta Platforms, Inc.",2023-10-09,2023-10-10,1,up,flat,0.21375433065103328,0.4566766331587072,0.32956903619025923,0.32956903619025923,-0.12710759696844798,False,False
"Meta Platforms, Inc.",2023-10-10,2023-10-11,1,up,flat,0.22498984390760324,0.5008277028824134,0.274182453209983,0.274182453209983,-0.22664524967243038,False,False
"Meta Platforms, Inc.",2023-10-11,2023-10-12,1,flat,flat,0.2433697940582052,0.500304453207814,0.2563257527339805,0.2563257527339805,-0.24397870047383352,False,True
"Meta Platforms, Inc.",2023-10-12,2023-10-13,1,down,flat,0.3518854664842463,0.4312819132633883,0.21683262025236555,0.3518854664842463,-0.07939644677914198,False,False
"Meta Platforms, Inc.",2023-10-13,2023-10-16,1,flat,down,0.450301087324652,0.41254851346471155,0.13715039921063654,0.450301087324652,0.037752573859940464,True,False
"Meta Platforms, Inc.",2023-10-16,2023-10-17,1,flat,flat,0.32575776970558157,0.4382085228097251,0.23603370748469304,0.32575776970558157,-0.11245075310414354,False,True
"Meta Platforms, Inc.",2023-10-17,2023-10-18,1,flat,flat,0.3124707931437148,0.42717028632431686,0.260358920531968,0.3124707931437148,-0.11469949318060207,False,True
"Meta Platforms, Inc.",2023-10-18,2023-10-19,1,down,down,0.4064591369226199,0.3818231224100812,0.21171774066729876,0.4064591369226199,0.024636014512538718,True,True
"Meta Platforms, Inc.",2023-10-19,2023-10-20,1,down,down,0.39577000160007597,0.3591729325325312,0.24505706586739273,0.39577000160007597,0.036597069067544785,True,True
"Meta Platforms, Inc.",2023-10-20,2023-10-23,1,flat,flat,0.2915144301248438,0.43041038749115795,0.2780751823839982,0.2915144301248438,-0.13889595736631416,False,True
"Meta Platforms, Inc.",2023-10-23,2023-10-24,1,flat,flat,0.21122741934161934,0.43000967246726196,0.35876290819111845,0.35876290819111845,-0.07124676427614351,False,True
"Meta Platforms, Inc.",2023-10-24,2023-10-25,1,down,up,0.19153891689256425,0.3876946599343474,0.42076642317308827,0.42076642317308827,0.03307176323874089,True,False
"Meta Platforms, Inc.",2023-10-25,2023-10-26,1,down,down,0.5663514670231165,0.1973483852877581,0.2363001476891255,0.5663514670231165,0.36900308173535834,True,True
"Meta Platforms, Inc.",2023-10-26,2023-10-27,1,up,down,0.6305235808736682,0.16044412511059727,0.20903229401573462,0.6305235808736682,0.470079455763071,True,False
"Meta Platforms, Inc.",2023-10-27,2023-10-30,1,up,up,0.14997092237450743,0.3888221971632725,0.4612068804622201,0.4612068804622201,0.0723846832989476,True,True
"Meta Platforms, Inc.",2023-10-30,2023-10-31,1,flat,up,0.13163233526761614,0.4137068192221991,0.4546608455101846,0.4546608455101846,0.0409540262879855,True,False
"Meta Platforms, Inc.",2023-10-31,2023-11-01,1,up,flat,0.2907740995230716,0.43376142899517156,0.2754644714817566,0.2907740995230716,-0.14298732947209997,False,False
"Meta Platforms, Inc.",2023-11-01,2023-11-02,1,up,flat,0.14912341630875525,0.4550853752741043,0.3957912084171402,0.3957912084171402,-0.05929416685696409,False,False
"Meta Platforms, Inc.",2023-11-02,2023-11-03,1,flat,flat,0.15602005202454775,0.514401801078975,0.32957814689647696,0.32957814689647696,-0.18482365418249808,False,True
"Meta Platforms, Inc.",2023-11-03,2023-11-06,1,flat,flat,0.3207199277927218,0.4908107303574336,0.18846934184984437,0.3207199277927218,-0.17009080256471182,False,True
"Meta Platforms, Inc.",2023-11-06,2023-11-07,1,flat,flat,0.22792057802956872,0.5447102361894893,0.22736918578094162,0.22792057802956872,-0.3167896581599206,False,True
"Meta Platforms, Inc.",2023-11-07,2023-11-08,1,flat,flat,0.24454068004090412,0.5110571822984669,0.24440213766062854,0.24454068004090412,-0.26651650225756274,False,True
"Meta Platforms, Inc.",2023-11-08,2023-11-09,1,flat,flat,0.32448553743156777,0.465563158312436,0.20995130425599612,0.32448553743156777,-0.14107762088086823,False,True
"Meta Platforms, Inc.",2023-11-09,2023-11-10,1,flat,flat,0.2638084113048072,0.4670777937313666,0.26911379496382587,0.26911379496382587,-0.19796399876754073,False,True
"Meta Platforms, Inc.",2023-11-10,2023-11-13,1,up,flat,0.2436034627684993,0.44439408785049656,0.31200244938100397,0.31200244938100397,-0.1323916384694926,False,False
"Meta Platforms, Inc.",2023-11-13,2023-11-14,1,up,flat,0.2444180509709736,0.4962360294443805,0.2593459195846456,0.2593459195846456,-0.2368901098597349,False,False
"Meta Platforms, Inc.",2023-11-14,2023-11-15,1,flat,flat,0.19114312402390837,0.5187079907902769,0.2901488851858144,0.2901488851858144,-0.22855910560446246,False,True
"Meta Platforms, Inc.",2023-11-15,2023-11-16,1,down,flat,0.35263544523715173,0.49119664267019525,0.15616791209265313,0.35263544523715173,-0.13856119743304351,False,False
"Meta Platforms, Inc.",2023-11-16,2023-11-17,1,flat,down,0.39226357406709245,0.3808178200175797,0.2269186059153276,0.39226357406709245,0.011445754049512757,True,False
"Meta Platforms, Inc.",2023-11-17,2023-11-20,1,up,flat,0.3230401520919439,0.43134210878086304,0.24561773912719298,0.3230401520919439,-0.10830195668891912,False,False
"Meta Platforms, Inc.",2023-11-20,2023-11-21,1,flat,flat,0.2684600070450883,0.4011376530750681,0.3304023398798434,0.3304023398798434,-0.07073531319522469,False,True
"Meta Platforms, Inc.",2023-11-21,2023-11-22,1,up,flat,0.39460302389780477,0.407739840705308,0.19765713539688734,0.39460302389780477,-0.013136816807503227,False,False
"Meta Platforms, Inc.",2023-11-22,2023-11-24,1,flat,flat,0.33983688989498534,0.40825641174694666,0.2519066983580679,0.33983688989498534,-0.06841952185196132,False,True
"Meta Platforms, Inc.",2023-11-24,2023-11-27,1,down,flat,0.277677744803074,0.5070015971827615,0.21532065801416428,0.277677744803074,-0.2293238523796875,False,False
"Meta Platforms, Inc.",2023-11-27,2023-11-28,1,flat,down,0.3409416708859206,0.33616915354992216,0.3228891755641572,0.3409416708859206,0.004772517335998427,True,False
"Meta Platforms, Inc.",2023-11-28,2023-11-29,1,flat,flat,0.29685292892743503,0.3769681770036333,0.32617889406893164,0.32617889406893164,-0.05078928293470164,False,True
"Meta Platforms, Inc.",2023-11-29,2023-11-30,1,down,flat,0.31325165511296704,0.3712020622728389,0.31554628261419376,0.31554628261419376,-0.055655779658645155,False,False
"Meta Platforms, Inc.",2023-11-30,2023-12-01,1,down,down,0.4754480738560205,0.31703866816607107,0.20751325797790832,0.4754480738560205,0.15840940568994943,True,True
"Meta Platforms, Inc.",2023-12-01,2023-12-04,1,down,flat,0.2922045792060229,0.43990166397475117,0.2678937568192258,0.2922045792060229,-0.14769708476872828,False,False
"Meta Platforms, Inc.",2023-12-04,2023-12-05,1,flat,flat,0.3102253508691015,0.3813997284427517,0.30837492068814665,0.3102253508691015,-0.0711743775736502,False,True
"Meta Platforms, Inc.",2023-12-05,2023-12-06,1,flat,flat,0.19428548886164987,0.4137503246526978,0.3919641864856521,0.3919641864856521,-0.021786138167045666,False,True
"Meta Platforms, Inc.",2023-12-06,2023-12-07,1,up,up,0.2325615546758635,0.3546815916261281,0.41275685369800835,0.41275685369800835,0.05807526207188024,True,True
"Meta Platforms, Inc.",2023-12-07,2023-12-08,1,up,up,0.17011748855694075,0.30340998544207065,0.5264725260009887,0.5264725260009887,0.22306254055891805,True,True
"Meta Platforms, Inc.",2023-12-08,2023-12-11,1,flat,up,0.162497884491385,0.41559022399691165,0.42191189151170316,0.42191189151170316,0.006321667514791518,True,False
"Meta Platforms, Inc.",2023-12-11,2023-12-12,1,up,down,0.3884335430506923,0.2566755896527791,0.35489086729652863,0.3884335430506923,0.13175795339791319,True,False
"Meta Platforms, Inc.",2023-12-12,2023-12-13,1,up,flat,0.26325725225748,0.4330005082607299,0.30374223948179013,0.30374223948179013,-0.12925826877893976,False,False
"Meta Platforms, Inc.",2023-12-13,2023-12-14,1,flat,flat,0.20774760693325062,0.4402323661211112,0.3520200269456379,0.3520200269456379,-0.08821233917547333,False,True
"Meta Platforms, Inc.",2023-12-14,2023-12-15,1,flat,down,0.3959702987997763,0.38822042136255985,0.21580927983766351,0.3959702987997763,0.007749877437216446,True,False
"Meta Platforms, Inc.",2023-12-15,2023-12-18,1,up,down,0.41213547280608215,0.3047365077691454,0.2831280194247725,0.41213547280608215,0.10739896503693674,True,False
"Meta Platforms, Inc.",2023-12-18,2023-12-19,1,up,flat,0.2857702673548552,0.4572926520082629,0.2569370806368818,0.2857702673548552,-0.1715223846534077,False,False
"Meta Platforms, Inc.",2023-12-19,2023-12-20,1,flat,flat,0.30544154654377154,0.44551765043211605,0.2490408030241124,0.30544154654377154,-0.14007610388834452,False,True
"Meta Platforms, Inc.",2023-12-20,2023-12-21,1,flat,down,0.4185850336430216,0.377989976675733,0.20342498968124545,0.4185850336430216,0.0405950569672886,True,False
"Meta Platforms, Inc.",2023-12-21,2023-12-22,1,flat,flat,0.3600410116378598,0.432698973847663,0.2072600145144773,0.3600410116378598,-0.0726579622098032,False,True
"Meta Platforms, Inc.",2023-12-22,2023-12-26,1,flat,flat,0.3282431100381338,0.4673502659565456,0.20440662400532061,0.3282431100381338,-0.13910715591841183,False,True
"Meta Platforms, Inc.",2023-12-26,2023-12-27,1,flat,flat,0.33680952836105105,0.46972136725735075,0.1934691043815981,0.33680952836105105,-0.1329118388962997,False,True
"Meta Platforms, Inc.",2023-12-27,2023-12-28,1,flat,flat,0.33145341097677616,0.39546323098486946,0.27308335803835426,0.33145341097677616,-0.0640098200080933,False,True
"Meta Platforms, Inc.",2023-12-28,2023-12-29,1,down,flat,0.3009644012535159,0.4628367750312852,0.23619882371519865,0.3009644012535159,-0.16187237377776925,False,False
"Meta Platforms, Inc.",2023-12-29,2024-01-02,1,down,down,0.46453441249959704,0.331834989100532,0.2036305983998708,0.46453441249959704,0.13269942339906504,True,True
"Meta Platforms, Inc.",2024-01-02,2024-01-03,1,down,down,0.4222532984581437,0.3798058857047053,0.19794081583715087,0.4222532984581437,0.042447412753438385,True,True
"Meta Platforms, Inc.",2024-01-03,2024-01-04,1,flat,down,0.38233266660376497,0.3674664688008952,0.2502008645953398,0.38233266660376497,0.014866197802869796,True,False
"Meta Platforms, Inc.",2024-01-04,2024-01-05,1,up,up,0.3090188922903969,0.33113988478720846,0.3598412229223946,0.3598412229223946,0.02870133813518616,True,True
"Meta Platforms, Inc.",2024-01-05,2024-01-08,1,up,up,0.23354391484762405,0.29959584045583143,0.46686024469654447,0.46686024469654447,0.16726440424071304,True,True
"Meta Platforms, Inc.",2024-01-08,2024-01-09,1,flat,up,0.21110687862523833,0.3494861823158334,0.43940693905892825,0.43940693905892825,0.08992075674309485,True,False
"Meta Platforms, Inc.",2024-01-09,2024-01-10,1,up,flat,0.2714078554779124,0.4315292131201451,0.29706293140194245,0.29706293140194245,-0.13446628171820263,False,False
"Meta Platforms, Inc.",2024-01-10,2024-01-11,1,up,up,0.1988994272217032,0.2824134305290361,0.5186871422492607,0.5186871422492607,0.2362737117202246,True,True
"Meta Platforms, Inc.",2024-01-11,2024-01-12,1,up,flat,0.29014505397081214,0.4459454398624146,0.2639095061667732,0.29014505397081214,-0.15580038589160244,False,False
"Meta Platforms, Inc.",2024-01-12,2024-01-16,1,flat,flat,0.3245903801511596,0.4029653541193947,0.27244426572944574,0.3245903801511596,-0.07837497396823512,False,True
"Meta Platforms, Inc.",2024-01-16,2024-01-17,1,down,down,0.46386608564874976,0.3594048352470013,0.17672907910424895,0.46386608564874976,0.10446125040174847,True,True
"Meta Platforms, Inc.",2024-01-17,2024-01-18,1,up,down,0.44553245027156596,0.38088982864077503,0.17357772108765912,0.44553245027156596,0.06464262163079093,True,False
"Meta Platforms, Inc.",2024-01-18,2024-01-19,1,up,flat,0.2429408529007026,0.37878341742407595,0.37827572967522133,0.37827572967522133,-0.0005076877488546239,False,False
"Meta Platforms, Inc.",2024-01-19,2024-01-22,1,up,up,0.29289038674807977,0.328927193496654,0.37818241975526623,0.37818241975526623,0.04925522625861223,True,True
"Meta Platforms, Inc.",2024-01-22,2024-01-23,1,flat,flat,0.3709875182355305,0.4317583859140278,0.19725409585044185,0.3709875182355305,-0.06077086767849732,False,True
"Meta Platforms, Inc.",2024-01-23,2024-01-24,1,up,down,0.43184804399334914,0.37500453167225106,0.19314742433439946,0.43184804399334914,0.05684351232109808,True,False
"Meta Platforms, Inc.",2024-01-24,2024-01-25,1,flat,flat,0.2692107640122814,0.4658380207922816,0.26495121519543685,0.2692107640122814,-0.1966272567800002,False,True
"Meta Platforms, Inc.",2024-01-25,2024-01-26,1,flat,flat,0.37230936254108826,0.45000368355254106,0.17768695390637063,0.37230936254108826,-0.0776943210114528,False,True
"Meta Platforms, Inc.",2024-01-26,2024-01-29,1,up,flat,0.3212417976478997,0.48296363965022004,0.19579456270188034,0.3212417976478997,-0.16172184200232037,False,False
"Meta Platforms, Inc.",2024-01-29,2024-01-30,1,up,flat,0.37518363334365773,0.39435090331957146,0.23046546333677106,0.37518363334365773,-0.019167269975913725,False,False
"Meta Platforms, Inc.",2024-01-30,2024-01-31,1,down,flat,0.35166107472346064,0.44567321377478986,0.20266571150174945,0.35166107472346064,-0.09401213905132921,False,False
"Meta Platforms, Inc.",2024-01-31,2024-02-01,1,up,down,0.5106341036876256,0.39114764028628324,0.0982182560260912,0.5106341036876256,0.11948646340134239,True,False
"Meta Platforms, Inc.",2024-02-01,2024-02-02,1,up,flat,0.3566489947039317,0.35788485533665304,0.2854661499594152,0.3566489947039317,-0.0012358606327213528,False,False
"Meta Platforms, Inc.",2024-02-02,2024-02-05,1,flat,up,0.17281851657391586,0.3048015940628394,0.5223798893632448,0.5223798893632448,0.21757829530040534,True,False
"Meta Platforms, Inc.",2024-02-05,2024-02-06,1,down,down,0.5253266761824432,0.38189722843934104,0.09277609537821553,0.5253266761824432,0.14342944774310218,True,True
"Meta Platforms, Inc.",2024-02-06,2024-02-07,1,flat,down,0.5017349061512344,0.4022580335882707,0.09600706026049494,0.5017349061512344,0.09947687256296367,True,False
"Meta Platforms, Inc.",2024-02-07,2024-02-08,1,flat,flat,0.3406920807834657,0.5366855046376275,0.12262241457890669,0.3406920807834657,-0.19599342385416185,False,True
"Meta Platforms, Inc.",2024-02-08,2024-02-09,1,flat,flat,0.33091635584370926,0.5644783355579984,0.10460530859829226,0.33091635584370926,-0.23356197971428916,False,True
"Meta Platforms, Inc.",2024-02-09,2024-02-12,1,flat,down,0.4665572936110328,0.4437752579174562,0.08966744847151083,0.4665572936110328,0.02278203569357662,True,False
"Meta Platforms, Inc.",2024-02-12,2024-02-13,1,down,down,0.5121688086396824,0.39948234266810523,0.08834884869221243,0.5121688086396824,0.11268646597157717,True,True
"Meta Platforms, Inc.",2024-02-13,2024-02-14,1,up,down,0.5378887839042475,0.377877802110937,0.08423341398481549,0.5378887839042475,0.16001098179331052,True,False
"Meta Platforms, Inc.",2024-02-14,2024-02-15,1,up,flat,0.24139474717477985,0.5324296903945289,0.22617556243069092,0.24139474717477985,-0.2910349432197491,False,False
"Meta Platforms, Inc.",2024-02-15,2024-02-16,1,flat,flat,0.26144479501025586,0.4856534161281318,0.25290178886161235,0.26144479501025586,-0.22420862111787593,False,True
"Meta Platforms, Inc.",2024-02-16,2024-02-20,1,flat,flat,0.39803616696296823,0.4882022967026873,0.11376153633434472,0.39803616696296823,-0.09016612973971905,False,True
"Meta Platforms, Inc.",2024-02-20,2024-02-21,1,flat,flat,0.363065027063396,0.496185516007179,0.14074945692942514,0.363065027063396,-0.13312048894378298,False,True
"Meta Platforms, Inc.",2024-02-21,2024-02-22,1,up,flat,0.28849377753246597,0.5587781318498963,0.15272809061763765,0.28849377753246597,-0.27028435431743036,False,False
"Meta Platforms, Inc.",2024-02-22,2024-02-23,1,flat,flat,0.2080933144530613,0.48159800618592497,0.3103086793610137,0.3103086793610137,-0.17128932682491127,False,True
"Meta Platforms, Inc.",2024-02-23,2024-02-26,1,down,flat,0.29597875113920785,0.5012157108048407,0.2028055380559514,0.29597875113920785,-0.20523695966563288,False,False
"Meta Platforms, Inc.",2024-02-26,2024-02-27,1,flat,flat,0.3282315048624903,0.5330883682792164,0.13868012685829345,0.3282315048624903,-0.20485686341672604,False,True
"Meta Platforms, Inc.",2024-02-27,2024-02-28,1,flat,flat,0.23491276275832101,0.5826788374528424,0.1824083997888364,0.23491276275832101,-0.3477660746945214,False,True
"Meta Platforms, Inc.",2024-02-28,2024-02-29,1,flat,flat,0.23387844445138553,0.5344170710782836,0.23170448447033082,0.23387844445138553,-0.3005386266268981,False,True
"Meta Platforms, Inc.",2024-02-29,2024-03-01,1,up,flat,0.2801543488048401,0.46371745868161046,0.25612819251354946,0.2801543488048401,-0.18356310987677038,False,False
"Meta Platforms, Inc.",2024-03-01,2024-03-04,1,flat,flat,0.22499479261834482,0.5003343371605459,0.2746708702211091,0.2746708702211091,-0.22566346693943679,False,True
"Meta Platforms, Inc.",2024-03-04,2024-03-05,1,down,flat,0.3070611631270082,0.5138675364072087,0.1790713004657829,0.3070611631270082,-0.20680637328020052,False,False
"Meta Platforms, Inc.",2024-03-05,2024-03-06,1,up,down,0.43390480029888223,0.39664199664011784,0.1694532030609998,0.43390480029888223,0.03726280365876439,True,False
"Meta Platforms, Inc.",2024-03-06,2024-03-07,1,up,flat,0.25241249085028356,0.48614812074288505,0.26143938840683134,0.26143938840683134,-0.2247087323360537,False,False
"Meta Platforms, Inc.",2024-03-07,2024-03-08,1,flat,flat,0.25503413964696486,0.4317519594422241,0.313213900910811,0.313213900910811,-0.11853805853141308,False,True
"Meta Platforms, Inc.",2024-03-08,2024-03-11,1,down,flat,0.4013812462108617,0.4454597099909183,0.15315904379822004,0.4013812462108617,-0.04407846378005659,False,False
"Meta Platforms, Inc.",2024-03-11,2024-03-12,1,up,down,0.5508234294373258,0.3545632365337986,0.09461333402887553,0.5508234294373258,0.19626019290352714,True,False
"Meta Platforms, Inc.",2024-03-12,2024-03-13,1,flat,flat,0.285521230872989,0.43534064216700163,0.2791381269600093,0.285521230872989,-0.14981941129401266,False,True
"Meta Platforms, Inc.",2024-03-13,2024-03-14,1,flat,flat,0.30512647268284865,0.46707171758619004,0.2278018097309614,0.30512647268284865,-0.1619452449033414,False,True
"Meta Platforms, Inc.",2024-03-14,2024-03-15,1,down,flat,0.34592475700816433,0.4261611781193076,0.22791406487252808,0.34592475700816433,-0.08023642111114326,False,False
"Meta Platforms, Inc.",2024-03-15,2024-03-18,1,up,down,0.4698476501735159,0.33160177538138563,0.19855057444509847,0.4698476501735159,0.13824587479213024,True,False
"Meta Platforms, Inc.",2024-03-18,2024-03-19,1,flat,flat,0.23669540179642717,0.4782552155471589,0.2850493826564139,0.2850493826564139,-0.193205832890745,False,True
"Meta Platforms, Inc.",2024-03-19,2024-03-20,1,up,flat,0.30834496965182434,0.4614537921860772,0.2302012381620983,0.30834496965182434,-0.15310882253425284,False,False
"Meta Platforms, Inc.",2024-03-20,2024-03-21,1,up,flat,0.1928659645024453,0.45306136869438685,0.3540726668031676,0.3540726668031676,-0.09898870189121922,False,False
"Meta Platforms, Inc.",2024-03-21,2024-03-22,1,flat,flat,0.21265795308740978,0.532833227785948,0.25450881912664197,0.25450881912664197,-0.278324408659306,False,True
"Meta Platforms, Inc.",2024-03-22,2024-03-25,1,flat,flat,0.32262095585070627,0.5064462622520942,0.17093278189719974,0.32262095585070627,-0.18382530640138794,False,True
"Meta Platforms, Inc.",2024-03-25,2024-03-26,1,flat,flat,0.3273928354587242,0.49644017124566486,0.17616699329561097,0.3273928354587242,-0.16904733578694064,False,True
"Meta Platforms, Inc.",2024-03-26,2024-03-27,1,down,flat,0.34264563828961886,0.4284371169993067,0.22891724471107439,0.34264563828961886,-0.08579147870968784,False,False
"Meta Platforms, Inc.",2024-03-27,2024-03-28,1,down,down,0.40573210560291595,0.4041337712621885,0.1901341231348955,0.40573210560291595,0.0015983343407274253,True,True
"Meta Platforms, Inc.",2024-03-28,2024-04-01,1,flat,down,0.41581208629660293,0.352158394228731,0.23202951947466594,0.41581208629660293,0.06365369206787191,True,False
"Meta Platforms, Inc.",2024-04-01,2024-04-02,1,flat,flat,0.3562528074051916,0.3727235817515874,0.27102361084322113,0.3562528074051916,-0.016470774346395767,False,True
"Meta Platforms, Inc.",2024-04-02,2024-04-03,1,up,flat,0.30701400176060545,0.3576910287404269,0.33529496949896753,0.33529496949896753,-0.022396059241459376,False,False
"Meta Platforms, Inc.",2024-04-03,2024-04-04,1,up,up,0.2015766924625936,0.37875233682922127,0.4196709707081848,0.4196709707081848,0.04091863387896355,True,True
"Meta Platforms, Inc.",2024-04-04,2024-04-05,1,up,up,0.20082696576227985,0.271039330073254,0.5281337041644663,0.5281337041644663,0.2570943740912123,True,True
"Meta Platforms, Inc.",2024-04-05,2024-04-08,1,flat,flat,0.29770361244729837,0.5087495986935262,0.19354678885917534,0.29770361244729837,-0.21104598624622783,False,True
"Meta Platforms, Inc.",2024-04-08,2024-04-09,1,down,flat,0.32579213982275423,0.5154707679665173,0.15873709221072863,0.32579213982275423,-0.18967862814376302,False,False
"Meta Platforms, Inc.",2024-04-09,2024-04-10,1,flat,flat,0.4128380092404217,0.44408231795287423,0.14307967280670397,0.4128380092404217,-0.03124430871245254,False,True
"Meta Platforms, Inc.",2024-04-10,2024-04-11,1,up,down,0.437403087855458,0.4140919457982908,0.14850496634625104,0.437403087855458,0.023311142057167222,True,False
"Meta Platforms, Inc.",2024-04-11,2024-04-12,1,down,flat,0.3403642532885275,0.41566906058717,0.2439666861243023,0.3403642532885275,-0.07530480729864253,False,False
"Meta Platforms, Inc.",2024-04-12,2024-04-15,1,down,down,0.4920787431637532,0.3578381191473499,0.15008313768889683,0.4920787431637532,0.1342406240164033,True,True
"Meta Platforms, Inc.",2024-04-15,2024-04-16,1,down,down,0.46408290669454966,0.35876802092719295,0.17714907237825728,0.46408290669454966,0.1053148857673567,True,True
"Meta Platforms, Inc.",2024-04-16,2024-04-17,1,flat,flat,0.3737437958622545,0.39219195334226303,0.23406425079548243,0.3737437958622545,-0.018448157480008553,False,True
"Meta Platforms, Inc.",2024-04-17,2024-04-18,1,up,flat,0.30402139116416843,0.393662842582998,0.3023157662528335,0.30402139116416843,-0.08964145141882957,False,False
"Meta Platforms, Inc.",2024-04-18,2024-04-19,1,down,up,0.21642255026370172,0.37450862496993,0.4090688247663681,0.4090688247663681,0.034560199796438096,True,False
"Meta Platforms, Inc.",2024-04-19,2024-04-22,1,down,down,0.43857005869294,0.3555202846456714,0.2059096566613887,0.43857005869294,0.0830497740472686,True,True
"Meta Platforms, Inc.",2024-04-22,2024-04-23,1,up,flat,0.3407243067862554,0.44164613273625525,0.21762956047748921,0.3407243067862554,-0.10092182594999982,False,False
"Meta Platforms, Inc.",2024-04-23,2024-04-24,1,flat,flat,0.23267415869736807,0.4021625312574159,0.365163310045216,0.365163310045216,-0.036999221212199895,False,True
"Meta Platforms, Inc.",2024-04-24,2024-04-25,1,down,up,0.33655668285929563,0.29723447406014986,0.36620884308055446,0.36620884308055446,0.0689743690204046,True,False
"Meta Platforms, Inc.",2024-04-25,2024-04-26,1,up,down,0.6037468994442033,0.29950169790877496,0.09675140264702156,0.6037468994442033,0.3042452015354284,True,False
"Meta Platforms, Inc.",2024-04-26,2024-04-29,1,flat,flat,0.2009756621711865,0.4067005137860847,0.3923238240427288,0.3923238240427288,-0.014376689743355875,False,True
"Meta Platforms, Inc.",2024-04-29,2024-04-30,1,flat,flat,0.22334429164421987,0.4593838110544012,0.3172718973013788,0.3172718973013788,-0.1421119137530224,False,True
"Meta Platforms, Inc.",2024-04-30,2024-05-01,1,flat,flat,0.24866674324871557,0.4147329694180337,0.3366002873332506,0.3366002873332506,-0.07813268208478313,False,True
"Meta Platforms, Inc.",2024-05-01,2024-05-02,1,flat,flat,0.2224058006444561,0.40452454551502526,0.37306965384051854,0.37306965384051854,-0.03145489167450671,False,True
"Meta Platforms, Inc.",2024-05-02,2024-05-03,1,up,flat,0.20535165510469705,0.48243367926094005,0.3122146656343628,0.3122146656343628,-0.17021901362657726,False,False
"Meta Platforms, Inc.",2024-05-03,2024-05-06,1,up,flat,0.17104145457039266,0.4932995365038098,0.33565900892579736,0.33565900892579736,-0.15764052757801245,False,False
"Meta Platforms, Inc.",2024-05-06,2024-05-07,1,flat,flat,0.1628235492956911,0.56308252881475,0.2740939218895586,0.2740939218895586,-0.28898860692519135,False,True
"Meta Platforms, Inc.",2024-05-07,2024-05-08,1,flat,flat,0.21522445973077364,0.6230493461788786,0.1617261940903474,0.21522445973077364,-0.407824886448105,False,True
"Meta Platforms, Inc.",2024-05-08,2024-05-09,1,flat,flat,0.28639694627992013,0.5911674972290744,0.12243555649100549,0.28639694627992013,-0.30477055094915423,False,True
"Meta Platforms, Inc.",2024-05-09,2024-05-10,1,flat,flat,0.27730427075863967,0.5865138698463039,0.1361818593950563,0.27730427075863967,-0.30920959908766427,False,True
"Meta Platforms, Inc.",2024-05-10,2024-05-13,1,down,flat,0.29620546202001696,0.5590312783697762,0.1447632596102067,0.29620546202001696,-0.2628258163497592,False,False
"Meta Platforms, Inc.",2024-05-13,2024-05-14,1,flat,down,0.4306516096797367,0.41070853375928773,0.15863985656097548,0.4306516096797367,0.01994307592044897,True,False
"Meta Platforms, Inc.",2024-05-14,2024-05-15,1,up,flat,0.37599737633300745,0.49155935938998857,0.13244326427700362,0.37599737633300745,-0.11556198305698112,False,False
"Meta Platforms, Inc.",2024-05-15,2024-05-16,1,flat,flat,0.23669995084391993,0.4676361970609817,0.29566385209509805,0.29566385209509805,-0.17197234496588365,False,True
"Meta Platforms, Inc.",2024-05-16,2024-05-17,1,down,flat,0.38101171529618316,0.40323827596443995,0.2157500087393769,0.38101171529618316,-0.02222656066825679,False,False
"Meta Platforms, Inc.",2024-05-17,2024-05-20,1,flat,flat,0.348001614618422,0.4690945276795718,0.18290385770200593,0.348001614618422,-0.12109291306114983,False,True
"Meta Platforms, Inc.",2024-05-20,2024-05-21,1,down,flat,0.30847147523077456,0.4543179350080332,0.23721058976119208,0.30847147523077456,-0.14584645977725863,False,False
"Meta Platforms, Inc.",2024-05-21,2024-05-22,1,flat,flat,0.3140528576818742,0.44129914120867825,0.2446480011094474,0.3140528576818742,-0.12724628352680406,False,True
"Meta Platforms, Inc.",2024-05-22,2024-05-23,1,flat,flat,0.25391830831481493,0.47253020953574476,0.27355148214944036,0.27355148214944036,-0.1989787273863044,False,True
"Meta Platforms, Inc.",2024-05-23,2024-05-24,1,up,down,0.37219486952676356,0.36607560016823215,0.2617295303050044,0.37219486952676356,0.0061192693585314095,True,False
"Meta Platforms, Inc.",2024-05-24,2024-05-28,1,up,flat,0.2990495768500654,0.38139534172907785,0.31955508142085676,0.31955508142085676,-0.061840260308221096,False,False
"Meta Platforms, Inc.",2024-05-28,2024-05-29,1,flat,up,0.2985420532823213,0.32674993011250075,0.37470801660517794,0.37470801660517794,0.04795808649267719,True,False
"Meta Platforms, Inc.",2024-05-29,2024-05-30,1,down,flat,0.39958003184066215,0.40684457399839824,0.19357539416093955,0.39958003184066215,-0.007264542157736087,False,False
"Meta Platforms, Inc.",2024-05-30,2024-05-31,1,down,down,0.45925211372865055,0.3675977881513537,0.17315009811999577,0.45925211372865055,0.09165432557729686,True,True
"Meta Platforms, Inc.",2024-05-31,2024-06-03,1,up,down,0.44907996005845313,0.3453539342145592,0.20556610572698777,0.44907996005845313,0.10372602584389395,True,False
"Meta Platforms, Inc.",2024-06-03,2024-06-04,1,flat,flat,0.26800340986792937,0.39642847088007355,0.33556811925199703,0.33556811925199703,-0.060860351628076514,False,True
"Meta Platforms, Inc.",2024-06-04,2024-06-05,1,up,flat,0.38730596747000456,0.4010559105726487,0.21163812195734666,0.38730596747000456,-0.013749943102644158,False,False
"Meta Platforms, Inc.",2024-06-05,2024-06-06,1,up,up,0.24774420575617848,0.23544065614915893,0.5168151380946628,0.5168151380946628,0.2813744819455039,True,True
"Meta Platforms, Inc.",2024-06-06,2024-06-07,1,flat,flat,0.3151591487536569,0.4736853462904613,0.2111555049558818,0.3151591487536569,-0.15852619753680436,False,True
"Meta Platforms, Inc.",2024-06-07,2024-06-10,1,flat,flat,0.37082646770795424,0.4440438649143492,0.18512966737769665,0.37082646770795424,-0.07321739720639497,False,True
"Meta Platforms, Inc.",2024-06-10,2024-06-11,1,up,flat,0.28047911214091775,0.5054181964673699,0.21410269139171223,0.28047911214091775,-0.2249390843264521,False,False
"Meta Platforms, Inc.",2024-06-11,2024-06-12,1,up,flat,0.2867329259240222,0.4944424639878767,0.2188246100881008,0.2867329259240222,-0.2077095380638545,False,False
"Meta Platforms, Inc.",2024-06-12,2024-06-13,1,down,flat,0.3069290575248457,0.4258229714103551,0.267247971064799,0.3069290575248457,-0.11889391388550935,False,False
"Meta Platforms, Inc.",2024-06-13,2024-06-14,1,flat,down,0.43694771550314354,0.41087465933913,0.15217762515772654,0.43694771550314354,0.026073056164013564,True,False
"Meta Platforms, Inc.",2024-06-14,2024-06-15,1,flat,flat,0.38356093345550296,0.4348338418129701,0.1816052247315269,0.38356093345550296,-0.05127290835746712,False,True
Microsoft Corporation,2021-07-27,2021-07-28,1,flat,down,0.39205185242802465,0.27457431256952386,0.33337383500245166,0.39205185242802465,0.11747753985850079,True,False
Microsoft Corporation,2021-07-28,2021-07-29,1,flat,down,0.3592341159776127,0.32235347914839296,0.3184124048739943,0.3592341159776127,0.036880636829219715,True,False
Microsoft Corporation,2021-07-29,2021-07-30,1,down,up,0.23818915101638455,0.3326143445364268,0.4291965044471886,0.4291965044471886,0.0965821599107618,True,False
Microsoft Corporation,2021-07-30,2021-08-02,1,flat,up,0.3046529775851051,0.3273601863962764,0.3679868360186183,0.3679868360186183,0.040626649622341915,True,False
Microsoft Corporation,2021-08-02,2021-08-03,1,flat,up,0.22555289571795223,0.3304430130538286,0.44400409122821916,0.44400409122821916,0.11356107817439054,True,False
Microsoft Corporation,2021-08-03,2021-08-04,1,flat,up,0.22494269597676717,0.34010340028155656,0.43495390374167625,0.43495390374167625,0.0948505034601197,True,False
Microsoft Corporation,2021-08-04,2021-08-05,1,up,up,0.23134826367395092,0.32966785249482033,0.43898388383122866,0.43898388383122866,0.10931603133640833,True,True
Microsoft Corporation,2021-08-05,2021-08-06,1,flat,up,0.17306681159949666,0.35058591609154943,0.4763472723089538,0.4763472723089538,0.12576135621740436,True,False
Microsoft Corporation,2021-08-06,2021-08-09,1,flat,up,0.243213325148551,0.33287255667671156,0.42391411817473723,0.42391411817473723,0.09104156149802567,True,False
Microsoft Corporation,2021-08-09,2021-08-10,1,down,up,0.2208203734245665,0.3508502807679773,0.428329345807456,0.428329345807456,0.07747906503947871,True,False
Microsoft Corporation,2021-08-10,2021-08-11,1,flat,up,0.30764057096749997,0.3359223316919555,0.3564370973405443,0.3564370973405443,0.020514765648588784,True,False
Microsoft Corporation,2021-08-11,2021-08-12,1,flat,up,0.2190701238338016,0.3071846692961807,0.47374520687001764,0.47374520687001764,0.16656053757383693,True,False
Microsoft Corporation,2021-08-12,2021-08-13,1,up,up,0.18896032206985,0.32052202830065374,0.4905176496294963,0.4905176496294963,0.16999562132884255,True,True
Microsoft Corporation,2021-08-13,2021-08-16,1,up,up,0.1667853440666535,0.3508289884616045,0.482385667471742,0.482385667471742,0.1315566790101375,True,True
Microsoft Corporation,2021-08-16,2021-08-17,1,flat,up,0.21657421925302184,0.24334571725489967,0.5400800634920783,0.5400800634920783,0.2967343462371786,True,False
Microsoft Corporation,2021-08-17,2021-08-18,1,flat,flat,0.27260045978471403,0.36774972274071416,0.3596498174745717,0.3596498174745717,-0.00809990526614246,False,True
Microsoft Corporation,2021-08-18,2021-08-19,1,flat,up,0.30292127088844906,0.3276062964358556,0.36947243267569524,0.36947243267569524,0.041866136239839646,True,False
Microsoft Corporation,2021-08-19,2021-08-20,1,up,up,0.2728261965562331,0.2655935702315433,0.4615802332122235,0.4615802332122235,0.19598666298068024,True,True
Microsoft Corporation,2021-08-20,2021-08-23,1,up,up,0.22642018225684002,0.19868362761343322,0.5748961901297267,0.5748961901297267,0.3762125625162935,True,True
Microsoft Corporation,2021-08-23,2021-08-24,1,flat,up,0.29941213287334667,0.3183251017731394,0.382262765353514,0.382262765353514,0.06393766358037462,True,False
Microsoft Corporation,2021-08-24,2021-08-25,1,flat,up,0.31221145277038964,0.3403752496344164,0.3474132975951939,0.3474132975951939,0.007038047960777505,True,False
Microsoft Corporation,2021-08-25,2021-08-26,1,down,flat,0.34551371706545664,0.3637978765291085,0.2906884064054347,0.34551371706545664,-0.01828415946365186,False,False
Microsoft Corporation,2021-08-26,2021-08-27,1,flat,flat,0.30866720459637165,0.375761561814345,0.3155712335892834,0.3155712335892834,-0.060190328225061596,False,True
Microsoft Corporation,2021-08-27,2021-08-30,1,up,down,0.36706957885941854,0.31050181364501117,0.32242860749557034,0.36706957885941854,0.05656776521440737,True,False
Microsoft Corporation,2021-08-30,2021-08-31,1,flat,up,0.19093490314551548,0.3110701319072825,0.497994964947202,0.497994964947202,0.18692483303991952,True,False
Microsoft Corporation,2021-08-31,2021-09-01,1,flat,up,0.3544926277968404,0.2529680103023755,0.39253936190078453,0.39253936190078453,0.13957135159840905,True,False
Microsoft Corporation,2021-09-01,2021-09-02,1,flat,up,0.24617880958302624,0.3452168911605268,0.4086042992564469,0.4086042992564469,0.06338740809592014,True,False
Microsoft Corporation,2021-09-02,2021-09-03,1,flat,up,0.2606325167750648,0.36644487207547394,0.372922611149461,0.372922611149461,0.006477739073987077,True,False
Microsoft Corporation,2021-09-03,2021-09-07,1,flat,up,0.2533385164477676,0.3699780257906684,0.37668345776156387,0.37668345776156387,0.006705431970895459,True,False
Microsoft Corporation,2021-09-07,2021-09-08,1,flat,up,0.31917209454956164,0.331690063144334,0.3491378423061042,0.3491378423061042,0.01744777916177015,True,False
Microsoft Corporation,2021-09-08,2021-09-09,1,flat,up,0.27255644091957887,0.33370333900474547,0.3937402200756755,0.3937402200756755,0.060036881070930026,True,False
Microsoft Corporation,2021-09-09,2021-09-10,1,down,up,0.31733389981400467,0.2965681515603315,0.3860979486256637,0.3860979486256637,0.0895297970653322,True,False
Microsoft Corporation,2021-09-10,2021-09-13,1,flat,up,0.3164348114729796,0.32377129631309115,0.35979389221392916,0.35979389221392916,0.036022595900838006,True,False
Microsoft Corporation,2021-09-13,2021-09-14,1,up,up,0.3403569384425369,0.26578597274962423,0.3938570888078392,0.3938570888078392,0.12807111605821497,True,True
Microsoft Corporation,2021-09-14,2021-09-15,1,up,up,0.179342542645058,0.28249341679143986,0.5381640405635022,0.5381640405635022,0.25567062377206234,True,True
Microsoft Corporation,2021-09-15,2021-09-16,1,flat,up,0.19523434793895045,0.2605192410417953,0.5442464110192543,0.5442464110192543,0.283727169977459,True,False
Microsoft Corporation,2021-09-16,2021-09-17,1,down,up,0.26098721262194924,0.34706116652914754,0.39195162084890306,0.39195162084890306,0.044890454319755524,True,False
Microsoft Corporation,2021-09-17,2021-09-20,1,down,up,0.36805504607141903,0.2413453967563053,0.39059955717227596,0.39059955717227596,0.14925416041597064,True,False
Microsoft Corporation,2021-09-20,2021-09-21,1,flat,down,0.406638838866241,0.28537072241169814,0.3079904387220609,0.406638838866241,0.12126811645454288,True,False
Microsoft Corporation,2021-09-21,2021-09-22,1,up,up,0.23481213532542566,0.2727120352994561,0.49247582937511825,0.49247582937511825,0.21976379407566216,True,True
Microsoft Corporation,2021-09-22,2021-09-23,1,flat,up,0.2418811999579855,0.25697505187914177,0.5011437481628727,0.5011437481628727,0.2441686962837309,True,False
Microsoft Corporation,2021-09-23,2021-09-24,1,flat,up,0.2331988753424615,0.2856419255506597,0.4811591991068787,0.4811591991068787,0.195517273556219,True,False
Microsoft Corporation,2021-09-24,2021-09-27,1,down,up,0.24719556878898113,0.32392623737002324,0.42887819384099557,0.42887819384099557,0.10495195647097233,True,False
Microsoft Corporation,2021-09-27,2021-09-28,1,down,down,0.37208963122321825,0.31011409171356635,0.3177962770632155,0.37208963122321825,0.0619755395096519,True,True
Microsoft Corporation,2021-09-28,2021-09-29,1,down,down,0.42315221551316573,0.2503317267180615,0.3265160577687728,0.42315221551316573,0.17282048879510425,True,True
Microsoft Corporation,2021-09-29,2021-09-30,1,flat,up,0.2552719463208566,0.3086757850790381,0.43605226860010515,0.43605226860010515,0.12737648352106706,True,False
Microsoft Corporation,2021-09-30,2021-10-01,1,flat,up,0.2505334923364675,0.24810614798749298,0.5013603596760395,0.5013603596760395,0.25325421168854656,True,False
Microsoft Corporation,2021-10-01,2021-10-04,1,flat,up,0.19615384702394728,0.2842171946582173,0.5196289583178353,0.5196289583178353,0.23541176365961797,True,False
Microsoft Corporation,2021-10-04,2021-10-05,1,flat,up,0.27397624036322077,0.2927575231639639,0.43326623647281526,0.43326623647281526,0.14050871330885134,True,False
Microsoft Corporation,2021-10-05,2021-10-06,1,up,up,0.19359329537328904,0.34015219116907147,0.46625451345763935,0.46625451345763935,0.12610232228856788,True,True
Microsoft Corporation,2021-10-06,2021-10-07,1,up,up,0.20168980663080302,0.36766129002356207,0.43064890334563477,0.43064890334563477,0.0629876133220727,True,True
Microsoft Corporation,2021-10-07,2021-10-08,1,flat,flat,0.2079368071896976,0.4003176000363452,0.391745592773957,0.391745592773957,-0.008572007262388215,False,True
Microsoft Corporation,2021-10-08,2021-10-11,1,flat,flat,0.2741250216439548,0.3786701750014764,0.3472048033545687,0.3472048033545687,-0.03146537164690766,False,True
Microsoft Corporation,2021-10-11,2021-10-12,1,flat,flat,0.2604209132071328,0.3719892487464975,0.36758983804636947,0.36758983804636947,-0.004399410700128059,False,True
Microsoft Corporation,2021-10-12,2021-10-13,1,flat,up,0.24983767018064468,0.37017492807769437,0.3799874017416608,0.3799874017416608,0.009812473663966426,True,False
Microsoft Corporation,2021-10-13,2021-10-14,1,up,up,0.21600517029082433,0.3410330896457959,0.4429617400633794,0.4429617400633794,0.10192865041758353,True,True
Microsoft Corporation,2021-10-14,2021-10-15,1,flat,up,0.17395953848746576,0.3221496488106227,0.5038908127019114,0.5038908127019114,0.1817411638912887,True,False
Microsoft Corporation,2021-10-15,2021-10-18,1,up,up,0.20893745767196287,0.38239796993085867,0.408664572397178,0.408664572397178,0.026266602466319344,True,True
Microsoft Corporation,2021-10-18,2021-10-19,1,up,flat,0.2050843261522278,0.3978591720251547,0.397056501822617,0.397056501822617,-0.0008026702025377142,False,False
Microsoft Corporation,2021-10-19,2021-10-20,1,flat,flat,0.21008198665043792,0.3955214330806279,0.39439658026893404,0.39439658026893404,-0.0011248528116938883,False,True
Microsoft Corporation,2021-10-20,2021-10-21,1,flat,flat,0.2613324784434303,0.3960242255418283,0.3426432960147412,0.3426432960147412,-0.05338092952708712,False,True
Microsoft Corporation,2021-10-21,2021-10-22,1,flat,flat,0.23869851071130965,0.39345282825556804,0.36784866103312197,0.36784866103312197,-0.025604167222446073,False,True
Microsoft Corporation,2021-10-22,2021-10-25,1,flat,flat,0.22494583082535324,0.39389009758396965,0.38116407159067683,0.38116407159067683,-0.012726025993292811,False,True
Microsoft Corporation,2021-10-25,2021-10-26,1,up,flat,0.2517628986687296,0.4010213433975723,0.34721575793369786,0.34721575793369786,-0.05380558546387443,False,False
Microsoft Corporation,2021-10-26,2021-10-27,1,up,up,0.21277131137056085,0.2572758537926072,0.529952834836832,0.529952834836832,0.2726769810442248,True,True
Microsoft Corporation,2021-10-27,2021-10-28,1,up,up,0.22837641845433787,0.20784026690386675,0.5637833146417953,0.5637833146417953,0.35594304773792856,True,True
Microsoft Corporation,2021-10-28,2021-10-29,1,up,up,0.3094143363248577,0.3272142044671748,0.36337145920796765,0.36337145920796765,0.036157254740792844,True,True
Microsoft Corporation,2021-10-29,2021-11-01,1,flat,up,0.273309981698346,0.27282146024479836,0.4538685580568555,0.4538685580568555,0.18104709781205713,True,False
Microsoft Corporation,2021-11-01,2021-11-02,1,flat,up,0.32272073177191074,0.3198781437407178,0.3574011244873715,0.3574011244873715,0.03752298074665367,True,False
Microsoft Corporation,2021-11-02,2021-11-03,1,flat,up,0.3140575386869172,0.3262681644324644,0.35967429688061836,0.35967429688061836,0.033406132448153936,True,False
Microsoft Corporation,2021-11-03,2021-11-04,1,flat,up,0.28231108525147736,0.3518515981737569,0.3658373165747655,0.3658373165747655,0.013985718401008596,True,False
Microsoft Corporation,2021-11-04,2021-11-05,1,up,down,0.3897754962241302,0.3151778655125934,0.2950466382632764,0.3897754962241302,0.0745976307115368,True,False
Microsoft Corporation,2021-11-05,2021-11-08,1,flat,up,0.23071415146965313,0.38195389654164946,0.38733195198869697,0.38733195198869697,0.005378055447047503,True,False
Microsoft Corporation,2021-11-08,2021-11-09,1,flat,flat,0.29382114914385327,0.38258053728605146,0.3235983135700951,0.3235983135700951,-0.05898222371595635,False,True
Microsoft Corporation,2021-11-09,2021-11-10,1,down,flat,0.31775006815900186,0.3723789886953807,0.3098709431456173,0.31775006815900186,-0.054628920536378855,False,False
Microsoft Corporation,2021-11-10,2021-11-11,1,flat,down,0.404213628051939,0.3384383902979096,0.25734798165015127,0.404213628051939,0.06577523775402938,True,False
Microsoft Corporation,2021-11-11,2021-11-12,1,up,flat,0.23785781784139154,0.3857233286278631,0.3764188535307452,0.3764188535307452,-0.009304475097117904,False,False
Microsoft Corporation,2021-11-12,2021-11-15,1,flat,up,0.24397499157842573,0.28554031596933527,0.47048469245223906,0.47048469245223906,0.1849443764829038,True,False
Microsoft Corporation,2021-11-15,2021-11-16,1,flat,up,0.21370648857281488,0.3721632456195535,0.41413026580763157,0.41413026580763157,0.041967020188078075,True,False
Microsoft Corporation,2021-11-16,2021-11-17,1,flat,up,0.23564401871935042,0.3539072640175849,0.41044871726306453,0.41044871726306453,0.056541453245479656,True,False
Microsoft Corporation,2021-11-17,2021-11-18,1,flat,up,0.19418934982134572,0.36934614533924237,0.4364645048394118,0.4364645048394118,0.06711835950016942,True,False
Microsoft Corporation,2021-11-18,2021-11-19,1,up,down,0.3427135313148927,0.3418091659848338,0.3154773027002734,0.3427135313148927,0.0009043653300588872,True,False
Microsoft Corporation,2021-11-19,2021-11-22,1,flat,up,0.19272784040735963,0.40176108418397183,0.4055110754086682,0.4055110754086682,0.0037499912246963807,True,False
Microsoft Corporation,2021-11-22,2021-11-23,1,down,down,0.41848638128139276,0.23727144004539974,0.34424217867320783,0.41848638128139276,0.18121494123599302,True,True
Microsoft Corporation,2021-11-23,2021-11-24,1,flat,down,0.39278736720176655,0.33479795261232104,0.27241468018591236,0.39278736720176655,0.05798941458944551,True,False
Microsoft Corporation,2021-11-24,2021-11-26,1,down,up,0.23884725558726178,0.31353062855873587,0.4476221158540022,0.4476221158540022,0.13409148729526632,True,False
Microsoft Corporation,2021-11-26,2021-11-29,1,up,up,0.3324261788723537,0.2949900239436627,0.3725837971839833,0.3725837971839833,0.07759377324032063,True,True
Microsoft Corporation,2021-11-29,2021-11-30,1,down,up,0.18042903203776336,0.2752114842199508,0.5443594837422858,0.5443594837422858,0.26914799952233504,True,False
Microsoft Corporation,2021-11-30,2021-12-01,1,flat,down,0.3712549420483614,0.297448036003924,0.3312970219477145,0.3712549420483614,0.0738069060444374,True,False
Microsoft Corporation,2021-12-01,2021-12-02,1,down,up,0.26191813991424107,0.3132112013984792,0.4248706586872797,0.4248706586872797,0.1116594572888005,True,False
Microsoft Corporation,2021-12-02,2021-12-03,1,down,flat,0.33730601456268605,0.33856454552787246,0.3241294399094414,0.33730601456268605,-0.0012585309651864107,False,False
Microsoft Corporation,2021-12-03,2021-12-06,1,down,down,0.3666556974043188,0.29679995544183496,0.3365443471538462,0.3666556974043188,0.06985574196248384,True,True
Microsoft Corporation,2021-12-06,2021-12-07,1,up,up,0.2795555938940856,0.33087051419492136,0.389573891910993,0.389573891910993,0.05870337771607165,True,True
Microsoft Corporation,2021-12-07,2021-12-08,1,flat,up,0.1749711574690222,0.33918663781092534,0.48584220472005213,0.48584220472005213,0.1466555669091268,True,False
Microsoft Corporation,2021-12-08,2021-12-09,1,flat,up,0.24292301087292412,0.3738101726763511,0.38326681645072436,0.38326681645072436,0.009456643774373275,True,False
Microsoft Corporation,2021-12-09,2021-12-10,1,up,up,0.2293524816352569,0.3779223470637294,0.3927251713010135,0.3927251713010135,0.014802824237284073,True,True
Microsoft Corporation,2021-12-10,2021-12-13,1,flat,up,0.19683349141218842,0.2903480203418319,0.5128184882459796,0.5128184882459796,0.22247046790414776,True,False
Microsoft Corporation,2021-12-13,2021-12-14,1,down,flat,0.22825584424638673,0.39725765106157584,0.37448650469203715,0.37448650469203715,-0.022771146369538697,False,False
Microsoft Corporation,2021-12-14,2021-12-15,1,flat,down,0.5133077636978384,0.28894596345839735,0.1977462728437644,0.5133077636978384,0.22436180023944102,True,False
Microsoft Corporation,2021-12-15,2021-12-16,1,flat,up,0.23803490620180684,0.333975966060467,0.427989127737726,0.427989127737726,0.09401316167725904,True,False
Microsoft Corporation,2021-12-16,2021-12-17,1,down,up,0.3070841394540865,0.3230257717487199,0.36989008879719343,0.36989008879719343,0.04686431704847355,True,False
Microsoft Corporation,2021-12-17,2021-12-20,1,flat,down,0.36003711027120133,0.30990403013563855,0.33005885959316006,0.36003711027120133,0.05013308013556278,True,False
Microsoft Corporation,2021-12-20,2021-12-21,1,up,up,0.23168180520578444,0.34032048816519916,0.42799770662901626,0.42799770662901626,0.0876772184638171,True,True
Microsoft Corporation,2021-12-21,2021-12-22,1,up,up,0.2004941101632792,0.36975372722145494,0.4297521626152657,0.4297521626152657,0.05999843539381078,True,True
Microsoft Corporation,2021-12-22,2021-12-23,1,up,up,0.1806797989059522,0.40461028242716385,0.41470991866688356,0.41470991866688356,0.010099636239719711,True,True
Microsoft Corporation,2021-12-23,2021-12-27,1,up,flat,0.18796622609726016,0.4290287494452342,0.38300502445750534,0.38300502445750534,-0.04602372498772889,False,False
Microsoft Corporation,2021-12-27,2021-12-28,1,flat,flat,0.18894464825340695,0.473748325574207,0.33730702617238567,0.33730702617238567,-0.13644129940182131,False,True
Microsoft Corporation,2021-12-28,2021-12-29,1,flat,flat,0.2124149171327918,0.45233457183802406,0.335250511029184,0.335250511029184,-0.11708406080884004,False,True
Microsoft Corporation,2021-12-29,2021-12-30,1,flat,flat,0.26299706006762824,0.4283432313729368,0.3086597085594347,0.3086597085594347,-0.11968352281350209,False,True
Microsoft Corporation,2021-12-30,2021-12-31,1,down,flat,0.26125518497871064,0.4169788231579672,0.3217659918633219,0.3217659918633219,-0.0952128312946453,False,False
Microsoft Corporation,2021-12-31,2022-01-03,1,down,flat,0.29455327527628705,0.37561121295779737,0.32983551176591525,0.32983551176591525,-0.04577570119188212,False,False
Microsoft Corporation,2022-01-03,2022-01-04,1,down,up,0.33874863015651985,0.3146977924391145,0.3465535774043656,0.3465535774043656,0.0318557849652511,True,False
Microsoft Corporation,2022-01-04,2022-01-05,1,down,up,0.31148729345727355,0.32256611234303056,0.3659465941996958,0.3659465941996958,0.04338048185666521,True,False
Microsoft Corporation,2022-01-05,2022-01-06,1,down,down,0.36386435947953527,0.2893152415135713,0.34682039900689327,0.36386435947953527,0.07454911796596397,True,True
Microsoft Corporation,2022-01-06,2022-01-07,1,flat,up,0.3223621994918895,0.27487859165702694,0.4027592088510834,0.4027592088510834,0.12788061719405647,True,False
Microsoft Corporation,2022-01-07,2022-01-10,1,down,up,0.27336784368874456,0.2888844090149526,0.4377477472963027,0.4377477472963027,0.14886333828135012,True,False
Microsoft Corporation,2022-01-10,2022-01-11,1,up,up,0.31766573471806714,0.2898161657933199,0.3925180994886129,0.3925180994886129,0.10270193369529296,True,True
Microsoft Corporation,2022-01-11,2022-01-12,1,up,up,0.1972413990927266,0.3225088619313415,0.4802497389759318,0.4802497389759318,0.15774087704459033,True,True
Microsoft Corporation,2022-01-12,2022-01-13,1,down,up,0.17853713331029594,0.3270882025941779,0.49437466409552594,0.49437466409552594,0.16728646150134802,True,False
Microsoft Corporation,2022-01-13,2022-01-14,1,down,down,0.43579008258591057,0.31327035184442686,0.2509395655696627,0.43579008258591057,0.1225197307414837,True,True
Microsoft Corporation,2022-01-14,2022-01-18,1,down,down,0.33948360508239583,0.3246260141295179,0.3358903807880862,0.33948360508239583,0.01485759095287792,True,True
Microsoft Corporation,2022-01-18,2022-01-19,1,flat,up,0.316206160541677,0.29427363847874166,0.3895202009795813,0.3895202009795813,0.09524656250083963,True,False
Microsoft Corporation,2022-01-19,2022-01-20,1,flat,up,0.23943305736069076,0.30766424302885736,0.4529026996104517,0.4529026996104517,0.14523845658159434,True,False
Microsoft Corporation,2022-01-20,2022-01-21,1,down,up,0.26157556590723763,0.30223542629643063,0.4361890077963317,0.4361890077963317,0.13395358149990105,True,False
Microsoft Corporation,2022-01-21,2022-01-24,1,down,down,0.36688243984360813,0.311334566918526,0.3217829932378658,0.36688243984360813,0.05554787292508212,True,True
Microsoft Corporation,2022-01-24,2022-01-25,1,flat,down,0.4093778199751909,0.27363284873161,0.316989331293199,0.4093778199751909,0.13574497124358093,True,False
Microsoft Corporation,2022-01-25,2022-01-26,1,up,up,0.2801297092040581,0.2776630734025623,0.44220721739337954,0.44220721739337954,0.16454414399081724,True,True
Microsoft Corporation,2022-01-26,2022-01-27,1,flat,up,0.19147292319799997,0.290782201740275,0.5177448750617251,0.5177448750617251,0.22696267332145004,True,False
Microsoft Corporation,2022-01-27,2022-01-28,1,flat,flat,0.2908778770398762,0.3950743904669972,0.3140477324931263,0.3140477324931263,-0.08102665797387093,False,True
Microsoft Corporation,2022-01-28,2022-01-31,1,up,flat,0.23114943878415414,0.44349997470360214,0.32535058651224313,0.32535058651224313,-0.118149388191359,False,False
Microsoft Corporation,2022-01-31,2022-02-01,1,flat,flat,0.1914600207272723,0.47057753010985126,0.337962449162876,0.337962449162876,-0.13261508094697527,False,True
Microsoft Corporation,2022-02-01,2022-02-02,1,flat,flat,0.3229566703423437,0.4472501859338884,0.2297931437237676,0.3229566703423437,-0.12429351559154467,False,True
Microsoft Corporation,2022-02-02,2022-02-03,1,down,flat,0.20962226642750623,0.466602863375394,0.3237748701970994,0.3237748701970994,-0.1428279931782946,False,False
Microsoft Corporation,2022-02-03,2022-02-04,1,flat,flat,0.3393780151039143,0.40064608522306766,0.2599758996730178,0.3393780151039143,-0.06126807011915336,False,True
Microsoft Corporation,2022-02-04,2022-02-07,1,flat,flat,0.25743785577106776,0.4100236540753861,0.33253849015354603,0.33253849015354603,-0.07748516392184007,False,True
Microsoft Corporation,2022-02-07,2022-02-08,1,flat,flat,0.22835797037439184,0.42172770797204706,0.3499143216535609,0.3499143216535609,-0.07181338631848616,False,True
Microsoft Corporation,2022-02-08,2022-02-09,1,up,flat,0.2542796513961372,0.4127421263628007,0.33297822224106166,0.33297822224106166,-0.07976390412173906,False,False
Microsoft Corporation,2022-02-09,2022-02-10,1,down,flat,0.1714647327024309,0.42587369750064097,0.4026615697969279,0.4026615697969279,-0.02321212770371306,False,False
Microsoft Corporation,2022-02-10,2022-02-11,1,down,flat,0.35248202053960687,0.4177142763048667,0.22980370315552595,0.35248202053960687,-0.06523225576525982,False,False
Microsoft Corporation,2022-02-11,2022-02-14,1,down,flat,0.2878694886450346,0.43182008860092047,0.2803104227540446,0.2878694886450346,-0.14395059995588588,False,False
Microsoft Corporation,2022-02-14,2022-02-15,1,up,flat,0.2831113181896444,0.3832742023982453,0.3336144794121102,0.3336144794121102,-0.04965972298613508,False,False
Microsoft Corporation,2022-02-15,2022-02-16,1,flat,flat,0.19023120054221968,0.43096954258843334,0.3787992568693468,0.3787992568693468,-0.05217028571908655,False,True
Microsoft Corporation,2022-02-16,2022-02-17,1,down,flat,0.27983352700378133,0.3923745901381994,0.327791882858019,0.327791882858019,-0.0645827072801804,False,False
Microsoft Corporation,2022-02-17,2022-02-18,1,down,flat,0.26745102091583206,0.3980541903148163,0.33449478876935135,0.33449478876935135,-0.06355940154546497,False,False
Microsoft Corporation,2022-02-18,2022-02-22,1,down,flat,0.2469974484295222,0.3783531508198419,0.3746494007506359,0.3746494007506359,-0.00370375006920598,False,False
Microsoft Corporation,2022-02-22,2022-02-23,1,flat,up,0.2623817127785997,0.3370324424717061,0.4005858447496942,0.4005858447496942,0.06355340227798811,True,False
Microsoft Corporation,2022-02-23,2022-02-24,1,flat,up,0.2790742877443465,0.3436299476873743,0.377295764568279,0.377295764568279,0.0336658168809047,True,False
Microsoft Corporation,2022-02-24,2022-02-25,1,up,up,0.3003760530473305,0.3234446346311006,0.37617931232156865,0.37617931232156865,0.052734677690468024,True,True
Microsoft Corporation,2022-02-25,2022-02-28,1,flat,up,0.1531108754673412,0.4009590180623518,0.4459301064703068,0.4459301064703068,0.044971088407954996,True,False
Microsoft Corporation,2022-02-28,2022-03-01,1,flat,flat,0.2520524988906901,0.45627128966189556,0.29167621144741396,0.29167621144741396,-0.1645950782144816,False,True
Microsoft Corporation,2022-03-01,2022-03-02,1,flat,flat,0.2597504342619177,0.4389055998915029,0.3013439658465791,0.3013439658465791,-0.13756163404492383,False,True
Microsoft Corporation,2022-03-02,2022-03-03,1,flat,flat,0.21818759413395017,0.4400364952176451,0.34177591064840446,0.34177591064840446,-0.09826058456924064,False,True
Microsoft Corporation,2022-03-03,2022-03-04,1,down,flat,0.2348212480381132,0.41551367142384477,0.3496650805380418,0.3496650805380418,-0.06584859088580297,False,False
Microsoft Corporation,2022-03-04,2022-03-07,1,down,flat,0.356081992792698,0.3660267875509384,0.2778912196563632,0.356081992792698,-0.00994479475824045,False,False
Microsoft Corporation,2022-03-07,2022-03-08,1,down,down,0.34825695902286535,0.321250497434493,0.3304925435426415,0.34825695902286535,0.027006461588372332,True,True
Microsoft Corporation,2022-03-08,2022-03-09,1,up,up,0.33681873958699793,0.2999970286844711,0.36318423172853087,0.36318423172853087,0.06318720304405978,True,True
Microsoft Corporation,2022-03-09,2022-03-10,1,flat,up,0.1654196515355086,0.34701035703002586,0.48756999143446533,0.48756999143446533,0.14055963440443947,True,False
Microsoft Corporation,2022-03-10,2022-03-11,1,flat,flat,0.2800474279709466,0.4144503423876183,0.3055022296414349,0.3055022296414349,-0.10894811274618338,False,True
Microsoft Corporation,2022-03-11,2022-03-14,1,down,flat,0.22249560680537456,0.435943280769823,0.34156111242480225,0.34156111242480225,-0.09438216834502078,False,False
Microsoft Corporation,2022-03-14,2022-03-15,1,flat,flat,0.28389566600921207,0.41556491743229934,0.30053941655848837,0.30053941655848837,-0.11502550087381097,False,True
Microsoft Corporation,2022-03-15,2022-03-16,1,up,flat,0.20221591773587327,0.4015283359227029,0.3962557463414237,0.3962557463414237,-0.005272589581279186,False,False
Microsoft Corporation,2022-03-16,2022-03-17,1,flat,flat,0.2161515644999985,0.41628413707078477,0.36756429842921645,0.36756429842921645,-0.048719838641568314,False,True
Microsoft Corporation,2022-03-17,2022-03-18,1,up,flat,0.21451048900376846,0.47968565096899807,0.30580386002723325,0.30580386002723325,-0.1738817909417648,False,False
Microsoft Corporation,2022-03-18,2022-03-21,1,flat,up,0.20996530895877158,0.34210954789381354,0.4479251431474149,0.4479251431474149,0.10581559525360135,True,False
Microsoft Corporation,2022-03-21,2022-03-22,1,flat,flat,0.25435642902951766,0.43273790477833607,0.312905666192146,0.312905666192146,-0.11983223858619008,False,True
Microsoft Corporation,2022-03-22,2022-03-23,1,flat,flat,0.2214019504758415,0.4727050865916811,0.30589296293247714,0.30589296293247714,-0.16681212365920395,False,True
Microsoft Corporation,2022-03-23,2022-03-24,1,flat,flat,0.2949163012777696,0.4135565907296102,0.2915271079926201,0.2949163012777696,-0.11864028945184063,False,True
Microsoft Corporation,2022-03-24,2022-03-25,1,flat,flat,0.22189336826090572,0.41513272713406296,0.36297390460503115,0.36297390460503115,-0.05215882252903181,False,True
Microsoft Corporation,2022-03-25,2022-03-28,1,up,flat,0.18458345887923122,0.4432161376124669,0.37220040350830164,0.37220040350830164,-0.07101573410416528,False,False
Microsoft Corporation,2022-03-28,2022-03-29,1,up,up,0.18779367024864171,0.371930779325505,0.4402755504258531,0.4402755504258531,0.06834477110034809,True,True
Microsoft Corporation,2022-03-29,2022-03-30,1,flat,flat,0.2106531048978333,0.43899207533470574,0.3503548197674605,0.3503548197674605,-0.08863725556724522,False,True
Microsoft Corporation,2022-03-30,2022-03-31,1,down,flat,0.31562223941594825,0.4127744294316529,0.2716033311523987,0.31562223941594825,-0.09715219001570463,False,False
Microsoft Corporation,2022-03-31,2022-04-01,1,down,flat,0.3583654922783248,0.39698395256981556,0.24465055515185946,0.3583654922783248,-0.03861846029149074,False,False
Microsoft Corporation,2022-04-01,2022-04-04,1,up,flat,0.3030080596452963,0.42549005200849943,0.2715018883462041,0.3030080596452963,-0.12248199236320312,False,False
Microsoft Corporation,2022-04-04,2022-04-05,1,flat,flat,0.20666450375076784,0.4017617515514825,0.3915737446977496,0.3915737446977496,-0.010188006853732945,False,True
Microsoft Corporation,2022-04-05,2022-04-06,1,down,flat,0.2572576548786316,0.40218275110048657,0.34055959402088165,0.34055959402088165,-0.06162315707960492,False,False
Microsoft Corporation,2022-04-06,2022-04-07,1,down,down,0.47424212736121385,0.3251505098498168,0.20060736278896935,0.47424212736121385,0.14909161751139705,True,True
Microsoft Corporation,2022-04-07,2022-04-08,1,flat,flat,0.28615632448457495,0.35926447584952126,0.35457919966590346,0.35457919966590346,-0.004685276183617804,False,True
Microsoft Corporation,2022-04-08,2022-04-11,1,down,flat,0.2660006878229278,0.38448227191869044,0.3495170402583816,0.3495170402583816,-0.03496523166030885,False,False
Microsoft Corporation,2022-04-11,2022-04-12,1,down,down,0.43392239092867746,0.3133637353058818,0.2527138737654405,0.43392239092867746,0.12055865562279566,True,True
Microsoft Corporation,2022-04-12,2022-04-13,1,flat,up,0.28961251983976055,0.30519929245275207,0.4051881877074873,0.4051881877074873,0.09998889525473525,True,False
Microsoft Corporation,2022-04-13,2022-04-14,1,flat,up,0.23027699523893125,0.36082900312650673,0.4088940016345619,0.4088940016345619,0.04806499850805518,True,False
Microsoft Corporation,2022-04-14,2022-04-18,1,down,up,0.2548491556238109,0.34210746126683883,0.40304338310935006,0.40304338310935006,0.06093592184251123,True,False
Microsoft Corporation,2022-04-18,2022-04-19,1,flat,flat,0.25399800089958835,0.3845733621174241,0.3614286369829874,0.3614286369829874,-0.023144725134436717,False,True
Microsoft Corporation,2022-04-19,2022-04-20,1,up,up,0.22360929124724258,0.34418963941505976,0.43220106933769753,0.43220106933769753,0.08801142992263777,True,True
Microsoft Corporation,2022-04-20,2022-04-21,1,flat,up,0.19535282527559777,0.3847741694704502,0.41987300525395177,0.41987300525395177,0.03509883578350159,True,False
Microsoft Corporation,2022-04-21,2022-04-22,1,down,flat,0.3397077707182571,0.3482350959467454,0.3120571333349974,0.3397077707182571,-0.008527325228488314,False,False
Microsoft Corporation,2022-04-22,2022-04-25,1,flat,down,0.3642099947411237,0.353527366325915,0.2822626389329611,0.3642099947411237,0.010682628415208673,True,False
Microsoft Corporation,2022-04-25,2022-04-26,1,flat,up,0.2723314927642375,0.3155152160949114,0.412153291140851,0.412153291140851,0.09663807504593958,True,False
Microsoft Corporation,2022-04-26,2022-04-27,1,up,up,0.2937292279114482,0.28908816851058894,0.41718260357796294,0.41718260357796294,0.128094435067374,True,True
Microsoft Corporation,2022-04-27,2022-04-28,1,flat,up,0.166947752925067,0.25256930384399456,0.5804829432309384,0.5804829432309384,0.32791363938694384,True,False
Microsoft Corporation,2022-04-28,2022-04-29,1,down,flat,0.21848165469089958,0.45175060072163875,0.32976774458746116,0.32976774458746116,-0.12198285613417759,False,False
Microsoft Corporation,2022-04-29,2022-05-02,1,flat,flat,0.35699935379506387,0.37813794758581976,0.2648626986191164,0.35699935379506387,-0.02113859379075589,False,True
Microsoft Corporation,2022-05-02,2022-05-03,1,flat,flat,0.3388371813179082,0.39405175669408204,0.2671110619880098,0.3388371813179082,-0.05521457537617386,False,True
Microsoft Corporation,2022-05-03,2022-05-04,1,flat,flat,0.24754960161765205,0.422215553402401,0.3302348449799468,0.3302348449799468,-0.0919807084224542,False,True
Microsoft Corporation,2022-05-04,2022-05-05,1,down,up,0.23306060281843521,0.35367423291674815,0.4132651642648164,0.4132651642648164,0.059590931348068255,True,False
Microsoft Corporation,2022-05-05,2022-05-06,1,down,down,0.38915674895840413,0.33881145227718457,0.2720317987644113,0.38915674895840413,0.050345296681219565,True,True
Microsoft Corporation,2022-05-06,2022-05-09,1,down,flat,0.33880856745599575,0.3569866419146627,0.30420479062934147,0.33880856745599575,-0.018178074458666926,False,False
Microsoft Corporation,2022-05-09,2022-05-10,1,flat,down,0.3507769344199585,0.3211762135429044,0.3280468520371371,0.3507769344199585,0.02960072087705412,True,False
Microsoft Corporation,2022-05-10,2022-05-11,1,down,up,0.2272090566161247,0.3623232026459071,0.41046774073796805,0.41046774073796805,0.04814453809206093,True,False
Microsoft Corporation,2022-05-11,2022-05-12,1,down,down,0.37180737309889467,0.31654775663522045,0.3116448702658849,0.37180737309889467,0.05525961646367422,True,True
Microsoft Corporation,2022-05-12,2022-05-13,1,flat,down,0.38776917685298795,0.30387171543777125,0.30835910770924074,0.38776917685298795,0.0838974614152167,True,False
Microsoft Corporation,2022-05-13,2022-05-16,1,flat,up,0.19525543494584102,0.39284825092343256,0.41189631413072636,0.41189631413072636,0.019048063207293797,True,False
Microsoft Corporation,2022-05-16,2022-05-17,1,up,flat,0.243897058989215,0.43596025460770094,0.32014268640308396,0.32014268640308396,-0.11581756820461697,False,False
Microsoft Corporation,2022-05-17,2022-05-18,1,down,flat,0.19524974991482597,0.4827786259100061,0.32197162417516756,0.32197162417516756,-0.16080700173483853,False,False
Microsoft Corporation,2022-05-18,2022-05-19,1,down,flat,0.3379730333051114,0.42722167205483863,0.23480529464004957,0.3379730333051114,-0.08924863874972722,False,False
Microsoft Corporation,2022-05-19,2022-05-20,1,flat,flat,0.27698994443878716,0.4272936915580671,0.2957163640031455,0.2957163640031455,-0.13157732755492163,False,True
Microsoft Corporation,2022-05-20,2022-05-23,1,up,up,0.25904968355904334,0.33996812861978376,0.4009821878211728,0.4009821878211728,0.061014059201389026,True,True
Microsoft Corporation,2022-05-23,2022-05-24,1,flat,flat,0.22709479296457974,0.4233275806064129,0.34957762642900714,0.34957762642900714,-0.07374995417740576,False,True
Microsoft Corporation,2022-05-24,2022-05-25,1,flat,flat,0.23431328708137666,0.43211511105673217,0.33357160186189083,0.33357160186189083,-0.09854350919484134,False,True
Microsoft Corporation,2022-05-25,2022-05-26,1,flat,flat,0.1722465005889851,0.45818285853691065,0.3695706408741039,0.3695706408741039,-0.08861221766280675,False,True
Microsoft Corporation,2022-05-26,2022-05-27,1,up,flat,0.18689051539761198,0.5070678699360904,0.30604161466629715,0.30604161466629715,-0.20102625526979329,False,False
Microsoft Corporation,2022-05-27,2022-05-31,1,flat,flat,0.18421117363993303,0.5062175841199363,0.30957124224013055,0.30957124224013055,-0.19664634187980579,False,True
Microsoft Corporation,2022-05-31,2022-06-01,1,flat,flat,0.2504606323810744,0.381559239906877,0.3679801277120486,0.3679801277120486,-0.013579112194828435,False,True
Microsoft Corporation,2022-06-01,2022-06-02,1,down,flat,0.24901636297974616,0.48021384577529225,0.2707697912449615,0.2707697912449615,-0.20944405453033077,False,False
Microsoft Corporation,2022-06-02,2022-06-03,1,flat,down,0.43352572812759754,0.3513566089018703,0.21511766297053228,0.43352572812759754,0.08216911922572723,True,False
Microsoft Corporation,2022-06-03,2022-06-06,1,flat,flat,0.2226796029104848,0.42266198319950593,0.35465841389000907,0.35465841389000907,-0.06800356930949686,False,True
Microsoft Corporation,2022-06-06,2022-06-07,1,flat,flat,0.27243630148038456,0.4265646148765402,0.3009990836430751,0.3009990836430751,-0.1255655312334651,False,True
Microsoft Corporation,2022-06-07,2022-06-08,1,flat,flat,0.2608878417012232,0.43653728230543354,0.30257487599334304,0.30257487599334304,-0.1339624063120905,False,True
Microsoft Corporation,2022-06-08,2022-06-09,1,down,flat,0.21072429644948026,0.4229861537421963,0.3662895498083234,0.3662895498083234,-0.05669660393387288,False,False
Microsoft Corporation,2022-06-09,2022-06-10,1,down,flat,0.3354795572404297,0.4125968286752919,0.251923614084278,0.3354795572404297,-0.07711727143486219,False,False
Microsoft Corporation,2022-06-10,2022-06-13,1,down,down,0.40646023609230436,0.32821534115573003,0.26532442275196555,0.40646023609230436,0.07824489493657433,True,True
Microsoft Corporation,2022-06-13,2022-06-14,1,flat,down,0.4563710487358913,0.2786013369859038,0.26502761427820487,0.4563710487358913,0.1777697117499875,True,False
Microsoft Corporation,2022-06-14,2022-06-15,1,up,up,0.2726583068076471,0.32863165649318826,0.39871003669916455,0.39871003669916455,0.07007838020597629,True,True
Microsoft Corporation,2022-06-15,2022-06-16,1,down,up,0.17965048174955456,0.31085215558580703,0.5094973626646384,0.5094973626646384,0.19864520707883138,True,False
Microsoft Corporation,2022-06-16,2022-06-17,1,flat,down,0.39743604947039746,0.3484417637416725,0.25412218678793,0.39743604947039746,0.04899428572872494,True,False
Microsoft Corporation,2022-06-17,2022-06-21,1,up,up,0.2186338261723636,0.32099311136748887,0.46037306246014753,0.46037306246014753,0.13937995109265866,True,True
Microsoft Corporation,2022-06-21,2022-06-22,1,flat,flat,0.20346838534151213,0.4489463732329371,0.3475852414255507,0.3475852414255507,-0.10136113180738643,False,True
Microsoft Corporation,2022-06-22,2022-06-23,1,up,flat,0.2567350045223464,0.4778862323987142,0.26537876307893915,0.26537876307893915,-0.21250746931977504,False,False
Microsoft Corporation,2022-06-23,2022-06-24,1,up,flat,0.18941987695472537,0.47964662924068746,0.3309334938045869,0.3309334938045869,-0.14871313543610054,False,False
Microsoft Corporation,2022-06-24,2022-06-27,1,flat,up,0.1724620918519394,0.3860633392038715,0.4414745689441889,0.4414745689441889,0.055411229740317425,True,False
Microsoft Corporation,2022-06-27,2022-06-28,1,down,flat,0.23677757680073414,0.49937041555912565,0.2638520076401399,0.2638520076401399,-0.23551840791898576,False,False
Microsoft Corporation,2022-06-28,2022-06-29,1,flat,flat,0.3124628048395905,0.42877394465271446,0.2587632505076947,0.3124628048395905,-0.11631113981312396,False,True
Microsoft Corporation,2022-06-29,2022-06-30,1,flat,flat,0.27203212367524066,0.4474188110390518,0.2805490652857072,0.2805490652857072,-0.16686974575334457,False,True
Microsoft Corporation,2022-06-30,2022-07-01,1,flat,flat,0.34298863071390356,0.3736177706566747,0.2833935986294217,0.34298863071390356,-0.03062913994277111,False,True
Microsoft Corporation,2022-07-01,2022-07-05,1,flat,flat,0.2450382555655207,0.3959721897853344,0.35898955464914484,0.35898955464914484,-0.036982635136189546,False,True
Microsoft Corporation,2022-07-05,2022-07-06,1,up,flat,0.22070152682102182,0.4101899023648149,0.36910857081416304,0.36910857081416304,-0.041081331550651856,False,False
Microsoft Corporation,2022-07-06,2022-07-07,1,flat,flat,0.17090876018121204,0.4737491606229354,0.35534207919585226,0.35534207919585226,-0.11840708142708312,False,True
Microsoft Corporation,2022-07-07,2022-07-08,1,flat,flat,0.20989407303887367,0.5213526235848254,0.26875330337630066,0.26875330337630066,-0.2525993202085247,False,True
Microsoft Corporation,2022-07-08,2022-07-11,1,flat,flat,0.283436162606317,0.474990906035745,0.2415729313579378,0.283436162606317,-0.19155474342942802,False,True
Microsoft Corporation,2022-07-11,2022-07-12,1,down,flat,0.3048397819785543,0.4427969085775485,0.252363309443897,0.3048397819785543,-0.13795712659899417,False,False
Microsoft Corporation,2022-07-12,2022-07-13,1,down,down,0.454841153524189,0.33530981569745977,0.2098490307783512,0.454841153524189,0.11953133782672926,True,True
Microsoft Corporation,2022-07-13,2022-07-14,1,flat,down,0.4071038794204143,0.3149944234507382,0.2779016971288474,0.4071038794204143,0.09210945596967612,True,False
Microsoft Corporation,2022-07-14,2022-07-15,1,up,up,0.2709477755684574,0.3532349365830399,0.37581728784850255,0.37581728784850255,0.022582351265462652,True,True
Microsoft Corporation,2022-07-15,2022-07-18,1,flat,up,0.1999678273026247,0.3351909462813747,0.46484122641600034,0.46484122641600034,0.12965028013462565,True,False
Microsoft Corporation,2022-07-18,2022-07-19,1,flat,flat,0.245335492368609,0.4234611041778544,0.3312034034535365,0.3312034034535365,-0.09225770072431788,False,True
Microsoft Corporation,2022-07-19,2022-07-20,1,up,flat,0.24286273177671375,0.4007739805344574,0.3563632876888286,0.3563632876888286,-0.04441069284562882,False,False
Microsoft Corporation,2022-07-20,2022-07-21,1,flat,flat,0.20752109287397025,0.4749094627542778,0.3175694443717517,0.3175694443717517,-0.1573400183825261,False,True
Microsoft Corporation,2022-07-21,2022-07-22,1,flat,flat,0.2801894852565263,0.45017896352850484,0.2696315512149686,0.2801894852565263,-0.16998947827197852,False,True
Microsoft Corporation,2022-07-22,2022-07-25,1,down,flat,0.2270077800079387,0.4496437696938491,0.3233484502982119,0.3233484502982119,-0.1262953193956372,False,False
Microsoft Corporation,2022-07-25,2022-07-26,1,down,flat,0.3015177099450894,0.4259893154615424,0.2724929745933681,0.3015177099450894,-0.12447160551645298,False,False
Microsoft Corporation,2022-07-26,2022-07-27,1,up,down,0.40031070707646077,0.31380460725874504,0.28588468566479414,0.40031070707646077,0.08650609981771573,True,False
Microsoft Corporation,2022-07-27,2022-07-28,1,up,up,0.16128380732328096,0.3084947211048209,0.5302214715718979,0.5302214715718979,0.22172675046707702,True,True
Microsoft Corporation,2022-07-28,2022-07-29,1,up,flat,0.19651545634756343,0.4173688747258289,0.38611566892660754,0.38611566892660754,-0.03125320579922136,False,False
Microsoft Corporation,2022-07-29,2022-08-01,1,flat,flat,0.19500724852686296,0.46258376925728084,0.34240898221585603,0.34240898221585603,-0.12017478704142481,False,True
Microsoft Corporation,2022-08-01,2022-08-02,1,down,flat,0.2874939396302476,0.4866851273178233,0.22582093305192896,0.2874939396302476,-0.1991911876875757,False,False
Microsoft Corporation,2022-08-02,2022-08-03,1,up,flat,0.31898072551477424,0.4600585262737352,0.2209607482114904,0.31898072551477424,-0.14107780075896098,False,False
Microsoft Corporation,2022-08-03,2022-08-04,1,flat,flat,0.229182150056445,0.455693743544298,0.3151241063992568,0.3151241063992568,-0.14056963714504117,False,True
Microsoft Corporation,2022-08-04,2022-08-05,1,flat,flat,0.22696919096484328,0.47139400904366857,0.3016367999914879,0.3016367999914879,-0.16975720905218067,False,True
Microsoft Corporation,2022-08-05,2022-08-08,1,flat,flat,0.2812225429935473,0.4329268074103087,0.2858506495961439,0.2858506495961439,-0.14707615781416478,False,True
Microsoft Corporation,2022-08-08,2022-08-09,1,flat,flat,0.19273090559480802,0.4386721180777352,0.3685969763274566,0.3685969763274566,-0.07007514175027862,False,True
Microsoft Corporation,2022-08-09,2022-08-10,1,up,flat,0.3325669483324364,0.4269341227785186,0.24049892888904478,0.3325669483324364,-0.09436717444608222,False,False
Microsoft Corporation,2022-08-10,2022-08-11,1,flat,flat,0.18987613556154315,0.4356394079821083,0.3744844564563481,0.3744844564563481,-0.061154951525760226,False,True
Microsoft Corporation,2022-08-11,2022-08-12,1,flat,flat,0.28311701514438015,0.4192616668306996,0.2976213180249201,0.2976213180249201,-0.12164034880577951,False,True
Microsoft Corporation,2022-08-12,2022-08-15,1,flat,flat,0.2598643991878906,0.43868507453979433,0.3014505262723147,0.3014505262723147,-0.1372345482674796,False,True
Microsoft Corporation,2022-08-15,2022-08-16,1,flat,flat,0.2051124491507087,0.46668238528493355,0.3282051655643575,0.3282051655643575,-0.13847721972057603,False,True
Microsoft Corporation,2022-08-16,2022-08-17,1,flat,flat,0.2916666310742835,0.41075296501491043,0.2975804039108058,0.2975804039108058,-0.11317256110410462,False,True
Microsoft Corporation,2022-08-17,2022-08-18,1,flat,flat,0.29010919013532366,0.40682911129026095,0.3030616985744153,0.3030616985744153,-0.10376741271584566,False,True
Microsoft Corporation,2022-08-18,2022-08-19,1,down,flat,0.2881911497466315,0.38725297997419866,0.32455587027916954,0.32455587027916954,-0.06269710969502912,False,False
Microsoft Corporation,2022-08-19,2022-08-22,1,down,flat,0.3526194197075815,0.3753082498760969,0.2720723304163213,0.3526194197075815,-0.022688830168515417,False,False
Microsoft Corporation,2022-08-22,2022-08-23,1,down,down,0.3845343350314998,0.32607699380492156,0.2893886711635786,0.3845343350314998,0.05845734122657825,True,True
Microsoft Corporation,2022-08-23,2022-08-24,1,flat,flat,0.2852952154220929,0.3684108817002219,0.346293902877685,0.346293902877685,-0.02211697882253688,False,True
Microsoft Corporation,2022-08-24,2022-08-25,1,flat,up,0.2711182437512869,0.3438256600912958,0.3850560961574172,0.3850560961574172,0.04123043606612142,True,False
Microsoft Corporation,2022-08-25,2022-08-26,1,down,up,0.2770650104694723,0.2778071053740728,0.4451278841564549,0.4451278841564549,0.16732077878238205,True,False
Microsoft Corporation,2022-08-26,2022-08-29,1,down,down,0.3507138230127873,0.34922971603276587,0.30005646095444655,0.3507138230127873,0.001484106980021438,True,True
Microsoft Corporation,2022-08-29,2022-08-30,1,flat,up,0.33163036128109125,0.3301744372940001,0.3381952014249088,0.3381952014249088,0.008020764130908686,True,False
Microsoft Corporation,2022-08-30,2022-08-31,1,flat,up,0.2527136953941241,0.29505661871594707,0.452229685889929,0.452229685889929,0.15717306717398194,True,False
Microsoft Corporation,2022-08-31,2022-09-01,1,down,up,0.2807803915696887,0.2643669430203892,0.4548526654099222,0.4548526654099222,0.19048572238953299,True,False
Microsoft Corporation,2022-09-01,2022-09-02,1,flat,up,0.33339033544836594,0.3096051778266688,0.3570044867249651,0.3570044867249651,0.0473993088982963,True,False
Microsoft Corporation,2022-09-02,2022-09-06,1,down,up,0.22987161448225368,0.29000390294921924,0.480124482568527,0.480124482568527,0.19012057961930778,True,False
Microsoft Corporation,2022-09-06,2022-09-07,1,flat,up,0.27965873486254206,0.32300326511566313,0.39733800002179476,0.39733800002179476,0.07433473490613163,True,False
Microsoft Corporation,2022-09-07,2022-09-08,1,flat,up,0.21963152187633578,0.2695548912905907,0.5108135868330737,0.5108135868330737,0.24125869554248297,True,False
Microsoft Corporation,2022-09-08,2022-09-09,1,up,up,0.2365885935974284,0.2969230747539625,0.4664883316486091,0.4664883316486091,0.16956525689464658,True,True
Microsoft Corporation,2022-09-09,2022-09-12,1,up,up,0.19113380771040564,0.37836031523370905,0.43050587705588494,0.43050587705588494,0.05214556182217589,True,True
Microsoft Corporation,2022-09-12,2022-09-13,1,down,flat,0.19191846991159725,0.427489531731157,0.38059199835724533,0.38059199835724533,-0.04689753337391167,False,False
Microsoft Corporation,2022-09-13,2022-09-14,1,down,down,0.5367175503545536,0.2789798896266105,0.18430256001883596,0.5367175503545536,0.2577376607279431,True,True
Microsoft Corporation,2022-09-14,2022-09-15,1,down,up,0.2881199044853008,0.3316810833931144,0.38019901212158463,0.38019901212158463,0.04851792872847022,True,False
Microsoft Corporation,2022-09-15,2022-09-16,1,down,up,0.33942211451880233,0.26797641505100833,0.3926014704301894,0.3926014704301894,0.12462505537918106,True,False
Microsoft Corporation,2022-09-16,2022-09-19,1,flat,up,0.3121438544378534,0.2476105002319117,0.4402456453302349,0.4402456453302349,0.19263514509832322,True,False
Microsoft Corporation,2022-09-19,2022-09-20,1,flat,up,0.26505280188265634,0.26218330147530844,0.4727638966420352,0.4727638966420352,0.21058059516672678,True,False
Microsoft Corporation,2022-09-20,2022-09-21,1,flat,up,0.2483488601613721,0.2859139586804739,0.46573718115815405,0.46573718115815405,0.17982322247768012,True,False
Microsoft Corporation,2022-09-21,2022-09-22,1,down,up,0.24853822590145158,0.30285228584086393,0.44860948825768426,0.44860948825768426,0.14575720241682033,True,False
Microsoft Corporation,2022-09-22,2022-09-23,1,flat,up,0.3086039429397116,0.28533351540431917,0.4060625416559692,0.4060625416559692,0.12072902625165005,True,False
Microsoft Corporation,2022-09-23,2022-09-26,1,flat,up,0.29865796075347667,0.2875173529902454,0.413824686256278,0.413824686256278,0.1263073332660326,True,False
Microsoft Corporation,2022-09-26,2022-09-27,1,flat,up,0.2429824099736702,0.30219067700885666,0.45482691301747313,0.45482691301747313,0.15263623600861648,True,False
Microsoft Corporation,2022-09-27,2022-09-28,1,flat,up,0.27001423323335993,0.2914229909632372,0.43856277580340297,0.43856277580340297,0.14713978484016577,True,False
Microsoft Corporation,2022-09-28,2022-09-29,1,flat,up,0.2395647650459793,0.2991257083361059,0.46130952661791497,0.46130952661791497,0.16218381828180906,True,False
Microsoft Corporation,2022-09-29,2022-09-30,1,flat,up,0.28441341074346504,0.3015728120070348,0.41401377724950017,0.41401377724950017,0.11244096524246538,True,False
Microsoft Corporation,2022-09-30,2022-10-03,1,flat,up,0.3176386897270257,0.27693529261597283,0.40542601765700137,0.40542601765700137,0.12849072504102854,True,False
Microsoft Corporation,2022-10-03,2022-10-04,1,up,up,0.15848292744133927,0.3638242184031732,0.4776928541554875,0.4776928541554875,0.11386863575231432,True,True
Microsoft Corporation,2022-10-04,2022-10-05,1,flat,up,0.13009375340566315,0.35374809553679276,0.516158151057544,0.516158151057544,0.16241005552075127,True,False
Microsoft Corporation,2022-10-05,2022-10-06,1,flat,flat,0.24745504736589813,0.5018489405757645,0.2506960120583373,0.2506960120583373,-0.25115292851742715,False,True
Microsoft Corporation,2022-10-06,2022-10-07,1,down,flat,0.2181522098059397,0.4668998317126767,0.31494795848138335,0.31494795848138335,-0.15195187323129333,False,False
Microsoft Corporation,2022-10-07,2022-10-10,1,down,down,0.5178615083619127,0.2582682085604303,0.22387028307765705,0.5178615083619127,0.2595932998014824,True,True
Microsoft Corporation,2022-10-10,2022-10-11,1,down,down,0.34450645201754976,0.3163958975526746,0.3390976504297756,0.34450645201754976,0.028110554464875148,True,True
Microsoft Corporation,2022-10-11,2022-10-12,1,flat,up,0.32490806405855965,0.28781442776781924,0.38727750817362105,0.38727750817362105,0.09946308040580182,True,False
Microsoft Corporation,2022-10-12,2022-10-13,1,flat,up,0.2630199346442868,0.329245815880261,0.40773424947545206,0.40773424947545206,0.07848843359519109,True,False
Microsoft Corporation,2022-10-13,2022-10-14,1,up,up,0.2118211849400003,0.28638215730781025,0.5017966577521894,0.5017966577521894,0.21541450044437915,True,True
Microsoft Corporation,2022-10-14,2022-10-17,1,up,flat,0.14211274283640501,0.4699206179726707,0.387966639190924,0.387966639190924,-0.0819539787817467,False,False
Microsoft Corporation,2022-10-17,2022-10-18,1,up,flat,0.16563686219370508,0.5379051978291451,0.29645793997714975,0.29645793997714975,-0.2414472578519954,False,False
Microsoft Corporation,2022-10-18,2022-10-19,1,down,flat,0.20518465788156565,0.5436862921523008,0.25112904996613333,0.25112904996613333,-0.29255724218616747,False,False
Microsoft Corporation,2022-10-19,2022-10-20,1,flat,flat,0.32273706428684684,0.5179331925912642,0.15932974312188874,0.32273706428684684,-0.1951961283044174,False,True
Microsoft Corporation,2022-10-20,2022-10-21,1,flat,flat,0.28819058667798997,0.4380615269940211,0.27374788632798874,0.28819058667798997,-0.14987094031603115,False,True
Microsoft Corporation,2022-10-21,2022-10-24,1,up,flat,0.25411150713614217,0.3954830548180076,0.35040543804585,0.35040543804585,-0.0450776167721576,False,False
Microsoft Corporation,2022-10-24,2022-10-25,1,up,flat,0.15256677857195525,0.49890744723751734,0.34852577419052727,0.34852577419052727,-0.15038167304699007,False,False
Microsoft Corporation,2022-10-25,2022-10-26,1,down,up,0.18635470270288718,0.35453879734410654,0.4591064999530063,0.4591064999530063,0.10456770260889975,True,False
Microsoft Corporation,2022-10-26,2022-10-27,1,down,down,0.6163523757437571,0.22617031738173804,0.15747730687450504,0.6163523757437571,0.3901820583620191,True,True
Microsoft Corporation,2022-10-27,2022-10-28,1,flat,up,0.2737738477125433,0.36105268037864097,0.36517347190881566,0.36517347190881566,0.0041207915301746945,True,False
Microsoft Corporation,2022-10-28,2022-10-31,1,flat,flat,0.2523536708036112,0.40699514724482666,0.34065118195156197,0.34065118195156197,-0.0663439652932647,False,True
Microsoft Corporation,2022-10-31,2022-11-01,1,flat,flat,0.23609989890601288,0.4651006271201651,0.29879947397382167,0.29879947397382167,-0.16630115314634342,False,True
Microsoft Corporation,2022-11-01,2022-11-02,1,down,flat,0.3055367274350327,0.3984995911103758,0.2959636814545913,0.3055367274350327,-0.09296286367534312,False,False
Microsoft Corporation,2022-11-02,2022-11-03,1,down,flat,0.3348845564790318,0.3729892971437272,0.29212614637724094,0.3348845564790318,-0.03810474066469538,False,False
Microsoft Corporation,2022-11-03,2022-11-04,1,flat,down,0.37181720526587214,0.3407301660654284,0.28745262866869936,0.37181720526587214,0.031087039200443756,True,False
Microsoft Corporation,2022-11-04,2022-11-07,1,up,flat,0.24583932039568024,0.4031636873334623,0.35099699227085734,0.35099699227085734,-0.05216669506260496,False,False
Microsoft Corporation,2022-11-07,2022-11-08,1,up,flat,0.1611754976246076,0.46112426322359573,0.3777002391517964,0.3777002391517964,-0.08342402407179933,False,False
Microsoft Corporation,2022-11-08,2022-11-09,1,down,flat,0.17422761869679432,0.5463148326211416,0.27945754868206407,0.27945754868206407,-0.2668572839390775,False,False
Microsoft Corporation,2022-11-09,2022-11-10,1,up,flat,0.3205513950745089,0.44483505830652753,0.23461354661896344,0.3205513950745089,-0.12428366323201862,False,False
Microsoft Corporation,2022-11-10,2022-11-11,1,up,up,0.11609200740790901,0.3417335505145195,0.5421744420775714,0.5421744420775714,0.2004408915630519,True,True
Microsoft Corporation,2022-11-11,2022-11-14,1,down,flat,0.234528626637254,0.5538037205612414,0.21166765280150437,0.234528626637254,-0.3192750939239874,False,False
Microsoft Corporation,2022-11-14,2022-11-15,1,flat,flat,0.36013309358768275,0.4804343292956751,0.15943257711664208,0.36013309358768275,-0.12030123570799234,False,True
Microsoft Corporation,2022-11-15,2022-11-16,1,flat,flat,0.22066389924880067,0.5138846923321061,0.265451408419093,0.265451408419093,-0.24843328391301311,False,True
Microsoft Corporation,2022-11-16,2022-11-17,1,flat,flat,0.30521198106587094,0.4931932116092973,0.20159480732483157,0.30521198106587094,-0.18798123054342636,False,True
Microsoft Corporation,2022-11-17,2022-11-18,1,flat,flat,0.34323626378341376,0.4391200194921353,0.21764371672445088,0.34323626378341376,-0.09588375570872154,False,True
Microsoft Corporation,2022-11-18,2022-11-21,1,flat,flat,0.24327236620366072,0.4236878717838939,0.3330397620124451,0.3330397620124451,-0.09064810977144877,False,True
Microsoft Corporation,2022-11-21,2022-11-22,1,flat,flat,0.2993362627243035,0.47936849223964856,0.22129524503604764,0.2993362627243035,-0.18003222951534503,False,True
Microsoft Corporation,2022-11-22,2022-11-23,1,flat,flat,0.19722484662668338,0.5510854461670202,0.25168970720629624,0.25168970720629624,-0.2993957389607239,False,True
Microsoft Corporation,2022-11-23,2022-11-25,1,flat,flat,0.18321178353073883,0.5276465428333146,0.2891416736359463,0.2891416736359463,-0.2385048691973683,False,True
Microsoft Corporation,2022-11-25,2022-11-28,1,down,flat,0.23734647132294853,0.5577820911573201,0.2048714375197312,0.23734647132294853,-0.32043561983437163,False,False
Microsoft Corporation,2022-11-28,2022-11-29,1,down,down,0.40847769274050816,0.3803776772802526,0.21114462997923905,0.40847769274050816,0.028100015460255534,True,True
Microsoft Corporation,2022-11-29,2022-11-30,1,up,flat,0.3004290156739472,0.4772759371566085,0.22229504716944415,0.3004290156739472,-0.1768469214826613,False,False
Microsoft Corporation,2022-11-30,2022-12-01,1,up,up,0.20373790803472314,0.3187533349271238,0.4775087570381529,0.4775087570381529,0.15875542211102905,True,True
Microsoft Corporation,2022-12-01,2022-12-02,1,flat,flat,0.20376734309962574,0.4857681982417119,0.31046445865866207,0.31046445865866207,-0.17530373958304984,False,True
Microsoft Corporation,2022-12-02,2022-12-05,1,flat,flat,0.30944564394388274,0.4542166450743277,0.23633771098178952,0.30944564394388274,-0.14477100113044494,False,True
Microsoft Corporation,2022-12-05,2022-12-06,1,down,flat,0.2928857619022958,0.42860837932409757,0.27850585877360623,0.2928857619022958,-0.13572261742180175,False,False
Microsoft Corporation,2022-12-06,2022-12-07,1,down,flat,0.34828485442428514,0.38786040058559224,0.2638547449901225,0.34828485442428514,-0.039575546161307096,False,False
Microsoft Corporation,2022-12-07,2022-12-08,1,flat,flat,0.352856004408416,0.382618829192819,0.2645251663987648,0.352856004408416,-0.029762824784402953,False,True
Microsoft Corporation,2022-12-08,2022-12-09,1,flat,up,0.27071077701342844,0.3515050706889884,0.377784152297583,0.377784152297583,0.0262790816085946,True,False
Microsoft Corporation,2022-12-09,2022-12-12,1,up,flat,0.31588196352620723,0.3572806819854032,0.32683735448838946,0.32683735448838946,-0.030443327497013728,False,False
Microsoft Corporation,2022-12-12,2022-12-13,1,up,up,0.16239517831857175,0.29901677915469554,0.5385880425267328,0.5385880425267328,0.2395712633720372,True,True
Microsoft Corporation,2022-12-13,2022-12-14,1,flat,up,0.15696331834183852,0.3095788789450298,0.5334578027131315,0.5334578027131315,0.2238789237681017,True,False
Microsoft Corporation,2022-12-14,2022-12-15,1,down,flat,0.3517791622243355,0.388443434437348,0.25977740333831645,0.3517791622243355,-0.03666427221301255,False,False
Microsoft Corporation,2022-12-15,2022-12-16,1,down,down,0.4597452052654197,0.3341900142278991,0.20606478050668128,0.4597452052654197,0.12555519103752055,True,True
Microsoft Corporation,2022-12-16,2022-12-19,1,down,down,0.5055028996213898,0.25863554526322163,0.2358615551153886,0.5055028996213898,0.2468673543581682,True,True
Microsoft Corporation,2022-12-19,2022-12-20,1,flat,flat,0.3495638115589319,0.36256423220462064,0.28787195623644724,0.3495638115589319,-0.013000420645688737,False,True
Microsoft Corporation,2022-12-20,2022-12-21,1,flat,flat,0.3300114974588529,0.34331111963872196,0.32667738290242504,0.3300114974588529,-0.013299622179869075,False,True
Microsoft Corporation,2022-12-21,2022-12-22,1,down,up,0.21775619245918457,0.37500845000827443,0.4072353575325409,0.4072353575325409,0.03222690752426649,True,False
Microsoft Corporation,2022-12-22,2022-12-23,1,flat,flat,0.30410396985044263,0.3782198354793665,0.3176761946701906,0.3176761946701906,-0.0605436408091759,False,True
Microsoft Corporation,2022-12-23,2022-12-27,1,flat,flat,0.25247383289895275,0.4271798645561832,0.3203463025448638,0.3203463025448638,-0.10683356201131938,False,True
Microsoft Corporation,2022-12-27,2022-12-28,1,flat,flat,0.2282401902885099,0.4467676824514548,0.3249921272600351,0.3249921272600351,-0.1217755551914197,False,True
Microsoft Corporation,2022-12-28,2022-12-29,1,flat,flat,0.2872058416028439,0.412753331135446,0.30004082726171,0.30004082726171,-0.11271250387373599,False,True
Microsoft Corporation,2022-12-29,2022-12-30,1,flat,up,0.1851991149052611,0.40534086066386915,0.4094600244308697,0.4094600244308697,0.004119163767000555,True,False
Microsoft Corporation,2022-12-30,2023-01-03,1,up,flat,0.27414366559967296,0.39142951925795677,0.33442681514237027,0.33442681514237027,-0.0570027041155865,False,False
Microsoft Corporation,2023-01-03,2023-01-04,1,down,up,0.16634210417451187,0.3982742433962565,0.4353836524292316,0.4353836524292316,0.037109409032975105,True,False
Microsoft Corporation,2023-01-04,2023-01-05,1,down,down,0.512684131026162,0.26833375558967815,0.21898211338415993,0.512684131026162,0.2443503754364838,True,True
Microsoft Corporation,2023-01-05,2023-01-06,1,flat,up,0.3216409912203901,0.2932725386150084,0.3850864701646015,0.3850864701646015,0.09181393154959311,True,False
Microsoft Corporation,2023-01-06,2023-01-09,1,up,up,0.27199717602879403,0.26988217011867643,0.4581206538525295,0.4581206538525295,0.18823848373385305,True,True
Microsoft Corporation,2023-01-09,2023-01-10,1,flat,up,0.18388721919964432,0.4049712725823619,0.41114150821799367,0.41114150821799367,0.006170235635631793,True,False
Microsoft Corporation,2023-01-10,2023-01-11,1,up,flat,0.21027882342877724,0.41748476350706243,0.3722364130641601,0.3722364130641601,-0.04524835044290232,False,False
Microsoft Corporation,2023-01-11,2023-01-12,1,up,flat,0.149223669132054,0.48711271860646677,0.36366361226147903,0.36366361226147903,-0.12344910634498774,False,False
Microsoft Corporation,2023-01-12,2023-01-13,1,flat,flat,0.1961541392841828,0.5114812953335051,0.2923645653823119,0.2923645653823119,-0.21911672995119313,False,True
Microsoft Corporation,2023-01-13,2023-01-17,1,flat,flat,0.2500557133728231,0.5163445946527335,0.23359969197444308,0.2500557133728231,-0.2662888812799104,False,True
Microsoft Corporation,2023-01-17,2023-01-18,1,flat,flat,0.2254631240436415,0.38759401685340433,0.3869428591029541,0.3869428591029541,-0.0006511577504502153,False,True
Microsoft Corporation,2023-01-18,2023-01-19,1,down,flat,0.32962573839372705,0.36857645585920273,0.30179780574707016,0.32962573839372705,-0.03895071746547568,False,False
Microsoft Corporation,2023-01-19,2023-01-20,1,up,down,0.3816698101725401,0.36086958953750703,0.2574606002899525,0.3816698101725401,0.020800220635033062,True,False
Microsoft Corporation,2023-01-20,2023-01-23,1,up,up,0.15218664199706305,0.3392969058902122,0.5085164521127248,0.5085164521127248,0.16921954622251256,True,True
Microsoft Corporation,2023-01-23,2023-01-24,1,flat,flat,0.17751626079899888,0.46022852518397295,0.3622552140170281,0.3622552140170281,-0.09797331116694485,False,True
Microsoft Corporation,2023-01-24,2023-01-25,1,down,down,0.3449115671398104,0.316941245820316,0.33814718703987356,0.3449115671398104,0.027970321319494396,True,True
Microsoft Corporation,2023-01-25,2023-01-26,1,up,down,0.49628723956555854,0.26733909750685464,0.2363736629275871,0.49628723956555854,0.2289481420587039,True,False
Microsoft Corporation,2023-01-26,2023-01-27,1,up,flat,0.16590985626736252,0.4655540978605405,0.36853604587209676,0.36853604587209676,-0.09701805198844371,False,False
Microsoft Corporation,2023-01-27,2023-01-30,1,down,flat,0.22954066084359928,0.5395366567636946,0.23092268239270602,0.23092268239270602,-0.30861397437098853,False,False
Microsoft Corporation,2023-01-30,2023-01-31,1,flat,flat,0.3826306144011182,0.41883005958045627,0.19853932601842544,0.3826306144011182,-0.0361994451793381,False,True
Microsoft Corporation,2023-01-31,2023-02-01,1,up,flat,0.19696865927457707,0.4844197216854212,0.3186116190400014,0.3186116190400014,-0.16580810264541979,False,False
Microsoft Corporation,2023-02-01,2023-02-02,1,up,flat,0.2032972165534636,0.43307577907879236,0.36362700436774376,0.36362700436774376,-0.0694487747110486,False,False
Microsoft Corporation,2023-02-02,2023-02-03,1,flat,up,0.15148471171429112,0.38688814967222196,0.4616271386134867,0.4616271386134867,0.07473898894126474,True,False
Microsoft Corporation,2023-02-03,2023-02-06,1,down,flat,0.3169777623637612,0.4788567327486727,0.2041655048875659,0.3169777623637612,-0.1618789703849115,False,False
Microsoft Corporation,2023-02-06,2023-02-07,1,up,flat,0.3017543298210345,0.4824967983838735,0.21574887179509175,0.3017543298210345,-0.180742468562839,False,False
Microsoft Corporation,2023-02-07,2023-02-08,1,up,up,0.19712654900184995,0.3223455279820717,0.4805279230160781,0.4805279230160781,0.15818239503400638,True,True
Microsoft Corporation,2023-02-08,2023-02-09,1,flat,flat,0.26268378675094084,0.42410194397319745,0.3132142692758615,0.3132142692758615,-0.11088767469733596,False,True
Microsoft Corporation,2023-02-09,2023-02-10,1,down,flat,0.35147021486222135,0.406696879223195,0.24183290591458367,0.35147021486222135,-0.05522666436097362,False,False
Microsoft Corporation,2023-02-10,2023-02-13,1,up,flat,0.3136198563747783,0.46584512594284333,0.2205350176823781,0.3136198563747783,-0.15222526956806504,False,False
Microsoft Corporation,2023-02-13,2023-02-14,1,flat,up,0.18855792991634163,0.3728688506565943,0.43857321942706384,0.43857321942706384,0.06570436877046953,True,False
Microsoft Corporation,2023-02-14,2023-02-15,1,down,flat,0.25332971545866045,0.48336141064373983,0.26330887389759955,0.26330887389759955,-0.22005253674614028,False,False
Microsoft Corporation,2023-02-15,2023-02-16,1,down,flat,0.3238732636814339,0.4498006983133045,0.22632603800526158,0.3238732636814339,-0.12592743463187062,False,False
Microsoft Corporation,2023-02-16,2023-02-17,1,down,flat,0.33726483108281324,0.43221937628682816,0.23051579263035832,0.33726483108281324,-0.09495454520401492,False,False
Microsoft Corporation,2023-02-17,2023-02-21,1,down,flat,0.339423821524645,0.4341791884093753,0.2263969900659793,0.339423821524645,-0.0947553668847303,False,False
Microsoft Corporation,2023-02-21,2023-02-22,1,flat,flat,0.34364378928955563,0.4078083230782318,0.2485478876322123,0.34364378928955563,-0.06416453378867615,False,True
Microsoft Corporation,2023-02-22,2023-02-23,1,flat,flat,0.3088507995213415,0.4241695944387401,0.2669796060399182,0.3088507995213415,-0.1153187949173986,False,True
Microsoft Corporation,2023-02-23,2023-02-24,1,down,flat,0.26340005079154427,0.3741014401434261,0.36249850906502934,0.36249850906502934,-0.011602931078396772,False,False
Microsoft Corporation,2023-02-24,2023-02-27,1,flat,flat,0.30684367101324617,0.44890944626295154,0.244246882723802,0.30684367101324617,-0.14206577524970537,False,True
Microsoft Corporation,2023-02-27,2023-02-28,1,flat,flat,0.23916463766529983,0.4404980928747613,0.3203372694599387,0.3203372694599387,-0.12016082341482265,False,True
Microsoft Corporation,2023-02-28,2023-03-01,1,flat,flat,0.2934907305475679,0.4452319414106406,0.261277328041791,0.2934907305475679,-0.15174121086307268,False,True
Microsoft Corporation,2023-03-01,2023-03-02,1,flat,flat,0.29843750486965503,0.4024814699021714,0.29908102522817337,0.29908102522817337,-0.103400444673998,False,True
Microsoft Corporation,2023-03-02,2023-03-03,1,up,flat,0.26567175685982825,0.4039630693483641,0.33036517379180746,0.33036517379180746,-0.07359789555655666,False,False
Microsoft Corporation,2023-03-03,2023-03-06,1,up,up,0.18514610584299926,0.3267037445675144,0.4881501495894862,0.4881501495894862,0.16144640502197183,True,True
Microsoft Corporation,2023-03-06,2023-03-07,1,down,flat,0.2341818092582854,0.40870223770663583,0.3571159530350787,0.3571159530350787,-0.051586284671557125,False,False
Microsoft Corporation,2023-03-07,2023-03-08,1,down,flat,0.28234294520242265,0.41750180061128317,0.300155254186294,0.300155254186294,-0.11734654642498915,False,False
Microsoft Corporation,2023-03-08,2023-03-09,1,flat,flat,0.2877250409826161,0.4041546959437104,0.3081202630736733,0.3081202630736733,-0.0960344328700371,False,True
Microsoft Corporation,2023-03-09,2023-03-10,1,down,up,0.26843934318489227,0.2743865136006206,0.4571741432144871,0.4571741432144871,0.18278762961386652,True,False
Microsoft Corporation,2023-03-10,2023-03-13,1,flat,down,0.4059659465760924,0.2816685793449988,0.3123654740789089,0.4059659465760924,0.12429736723109364,True,False
Microsoft Corporation,2023-03-13,2023-03-14,1,up,up,0.24278750437352403,0.25744025967088824,0.49977223595558773,0.49977223595558773,0.2423319762846995,True,True
Microsoft Corporation,2023-03-14,2023-03-15,1,up,up,0.16402749372454783,0.3510349931534184,0.48493751312203365,0.48493751312203365,0.13390251996861524,True,True
Microsoft Corporation,2023-03-15,2023-03-16,1,up,up,0.21266113244108995,0.29339178125433957,0.4939470863045704,0.4939470863045704,0.20055530505023084,True,True
Microsoft Corporation,2023-03-16,2023-03-17,1,up,up,0.18557331371594157,0.3420694738057457,0.4723572124783124,0.4723572124783124,0.1302877386725667,True,True
Microsoft Corporation,2023-03-17,2023-03-20,1,down,up,0.22739551141403502,0.32120764030586124,0.45139684828010374,0.45139684828010374,0.1301892079742425,True,False
Microsoft Corporation,2023-03-20,2023-03-21,1,flat,down,0.40437991484385194,0.37770925221423035,0.21791083294191763,0.40437991484385194,0.02667066262962159,True,False
Microsoft Corporation,2023-03-21,2023-03-22,1,flat,flat,0.3204048614413233,0.3928406890317967,0.2867544495268799,0.3204048614413233,-0.0724358275904734,False,True
Microsoft Corporation,2023-03-22,2023-03-23,1,up,flat,0.30020653075980586,0.3927666733537437,0.3070267958864504,0.3070267958864504,-0.08573987746729334,False,False
Microsoft Corporation,2023-03-23,2023-03-24,1,flat,flat,0.23007268645668078,0.42067062402260746,0.34925668952071165,0.34925668952071165,-0.07141393450189581,False,True
Microsoft Corporation,2023-03-24,2023-03-27,1,flat,flat,0.22565182415092921,0.4424452046396377,0.3319029712094328,0.3319029712094328,-0.11054223343020492,False,True
Microsoft Corporation,2023-03-27,2023-03-28,1,down,flat,0.2278643577555852,0.4623311156972554,0.3098045265471592,0.3098045265471592,-0.1525265891500962,False,False
Microsoft Corporation,2023-03-28,2023-03-29,1,up,flat,0.3034749385898973,0.45476539781641095,0.2417596635936917,0.3034749385898973,-0.15129045922651363,False,False
Microsoft Corporation,2023-03-29,2023-03-30,1,up,flat,0.18339690368114303,0.43239333416817616,0.3842097621506806,0.3842097621506806,-0.04818357201749557,False,False
Microsoft Corporation,2023-03-30,2023-03-31,1,flat,flat,0.21301655399831743,0.4745140540954911,0.31246939190619116,0.31246939190619116,-0.16204466218929992,False,True
Microsoft Corporation,2023-03-31,2023-04-03,1,flat,flat,0.2381500399231859,0.40268883458087446,0.3591611254959393,0.3591611254959393,-0.04352770908493514,False,True
Microsoft Corporation,2023-04-03,2023-04-04,1,flat,flat,0.25283264585253734,0.43998320640273436,0.30718414774472813,0.30718414774472813,-0.13279905865800623,False,True
Microsoft Corporation,2023-04-04,2023-04-05,1,down,flat,0.23157895762175937,0.45241932226470505,0.31600172011353533,0.31600172011353533,-0.13641760215116971,False,False
Microsoft Corporation,2023-04-05,2023-04-06,1,flat,flat,0.3039875743110286,0.4416782308870554,0.254334194801916,0.3039875743110286,-0.1376906565760268,False,True
Microsoft Corporation,2023-04-06,2023-04-10,1,flat,up,0.21643121315387506,0.384645841770457,0.3989229450756677,0.3989229450756677,0.014277103305210703,True,False
Microsoft Corporation,2023-04-10,2023-04-11,1,down,flat,0.2196597551096386,0.40134069879899076,0.3789995460913706,0.3789995460913706,-0.02234115270762016,False,False
Microsoft Corporation,2023-04-11,2023-04-12,1,flat,flat,0.3085782082089519,0.39924862191484783,0.2921731698761999,0.3085782082089519,-0.09067041370589596,False,True
Microsoft Corporation,2023-04-12,2023-04-13,1,flat,flat,0.2563467074929209,0.3860193094294866,0.3576339830775924,0.3576339830775924,-0.02838532635189417,False,True
Microsoft Corporation,2023-04-13,2023-04-14,1,flat,up,0.19564822131911364,0.4018505918956513,0.40250118678523494,0.40250118678523494,0.0006505948895836333,True,False
Microsoft Corporation,2023-04-14,2023-04-17,1,up,flat,0.23600801782376285,0.4083112887351086,0.3556806934411285,0.3556806934411285,-0.052630595293980065,False,False
Microsoft Corporation,2023-04-17,2023-04-18,1,flat,up,0.18407649338248433,0.3923878624109084,0.42353564420660683,0.42353564420660683,0.031147781795698437,True,False
Microsoft Corporation,2023-04-18,2023-04-19,1,down,flat,0.2303200400014746,0.3942025539583342,0.3754774060401911,0.3754774060401911,-0.018725147918143115,False,False
Microsoft Corporation,2023-04-19,2023-04-20,1,flat,flat,0.2641715762753685,0.41807952856797914,0.31774889515665217,0.31774889515665217,-0.10033063341132697,False,True
Microsoft Corporation,2023-04-20,2023-04-21,1,flat,up,0.3061625425192063,0.3427127085087692,0.35112474897202434,0.35112474897202434,0.00841204046325511,True,False
Microsoft Corporation,2023-04-21,2023-04-24,1,down,flat,0.27625303147404867,0.39629835588895546,0.3274486126369958,0.3274486126369958,-0.06884974325195964,False,False
Microsoft Corporation,2023-04-24,2023-04-25,1,down,down,0.34215230365822613,0.33583772649836163,0.322009969843412,0.34215230365822613,0.006314577159864498,True,True
Microsoft Corporation,2023-04-25,2023-04-26,1,up,down,0.352333218666056,0.30707755321708347,0.34058922811686054,0.352333218666056,0.045255665448972526,True,False
Microsoft Corporation,2023-04-26,2023-04-27,1,up,up,0.13770563923844745,0.21967513097569455,0.6426192297858582,0.6426192297858582,0.4229440988101636,True,True
Microsoft Corporation,2023-04-27,2023-04-28,1,up,flat,0.2805971493454371,0.3890952679518226,0.3303075827027401,0.3303075827027401,-0.05878768524908251,False,False
Microsoft Corporation,2023-04-28,2023-05-01,1,flat,flat,0.2145364413013844,0.43287725145196343,0.35258630724665196,0.35258630724665196,-0.08029094420531147,False,True
Microsoft Corporation,2023-05-01,2023-05-02,1,flat,flat,0.27985736988696364,0.4495377599697984,0.27060487014323786,0.27985736988696364,-0.16968039008283475,False,True
Microsoft Corporation,2023-05-02,2023-05-03,1,flat,flat,0.3434550758232038,0.39298910888653393,0.26355581529026223,0.3434550758232038,-0.04953403306333015,False,True
Microsoft Corporation,2023-05-03,2023-05-04,1,flat,flat,0.30547763374614323,0.3828097565249638,0.3117126097288928,0.3117126097288928,-0.07109714679607099,False,True
Microsoft Corporation,2023-05-04,2023-05-05,1,flat,flat,0.2864969195643817,0.3935247026100537,0.3199783778255645,0.3199783778255645,-0.07354632478448919,False,True
Microsoft Corporation,2023-05-05,2023-05-08,1,flat,up,0.2183517938229243,0.34357865618806727,0.4380695499890084,0.4380695499890084,0.09449089380094111,True,False
Microsoft Corporation,2023-05-08,2023-05-09,1,flat,flat,0.2128117325736615,0.3982295545418678,0.3889587128844705,0.3889587128844705,-0.009270841657397333,False,True
Microsoft Corporation,2023-05-09,2023-05-10,1,flat,flat,0.28584198217243734,0.4094012082713197,0.3047568095562428,0.3047568095562428,-0.10464439871507691,False,True
Microsoft Corporation,2023-05-10,2023-05-11,1,flat,up,0.24309106428026067,0.3428211936774609,0.4140877420422784,0.4140877420422784,0.0712665483648175,True,False
Microsoft Corporation,2023-05-11,2023-05-12,1,flat,flat,0.3837445611754221,0.38776998788984174,0.22848545093473616,0.3837445611754221,-0.004025426714419633,False,True
Microsoft Corporation,2023-05-12,2023-05-15,1,flat,flat,0.2554080035966131,0.4197135897768074,0.32487840662657935,0.32487840662657935,-0.09483518315022804,False,True
Microsoft Corporation,2023-05-15,2023-05-16,1,flat,flat,0.25495070806120934,0.43179400517376065,0.31325528676502984,0.31325528676502984,-0.11853871840873081,False,True
Microsoft Corporation,2023-05-16,2023-05-17,1,flat,up,0.22624630572805687,0.3385618574893807,0.43519183678256224,0.43519183678256224,0.09662997929318151,True,False
Microsoft Corporation,2023-05-17,2023-05-18,1,up,up,0.21869958217818913,0.36870259102736824,0.41259782679444246,0.41259782679444246,0.043895235767074214,True,True
Microsoft Corporation,2023-05-18,2023-05-19,1,flat,up,0.20813846551303922,0.38947086001221454,0.4023906744747458,0.4023906744747458,0.012919814462531265,True,False
Microsoft Corporation,2023-05-19,2023-05-22,1,up,flat,0.285036413983743,0.4159876639409199,0.29897592207533685,0.29897592207533685,-0.11701174186558305,False,False
Microsoft Corporation,2023-05-22,2023-05-23,1,down,flat,0.2175303975340609,0.4061426426865301,0.37632695977940867,0.37632695977940867,-0.029815682907121444,False,False
Microsoft Corporation,2023-05-23,2023-05-24,1,down,down,0.40975638647369883,0.32131762967822997,0.26892598384807154,0.40975638647369883,0.08843875679546886,True,True
Microsoft Corporation,2023-05-24,2023-05-25,1,up,flat,0.2878399306082091,0.3646209946724205,0.3475390747193702,0.3475390747193702,-0.017081919953050306,False,False
Microsoft Corporation,2023-05-25,2023-05-26,1,up,up,0.18200423511560887,0.21817643910769946,0.5998193257766917,0.5998193257766917,0.38164288666899226,True,True
Microsoft Corporation,2023-05-26,2023-05-30,1,up,up,0.27568770644864343,0.29615387765615137,0.428158415895205,0.428158415895205,0.13200453823905361,True,True
Microsoft Corporation,2023-05-30,2023-05-31,1,down,up,0.2372568101404937,0.34014859735919767,0.4225945925003085,0.4225945925003085,0.08244599514111084,True,False
Microsoft Corporation,2023-05-31,2023-06-01,1,down,down,0.40820187933868723,0.2707133101319522,0.3210848105293607,0.40820187933868723,0.13748856920673502,True,True
Microsoft Corporation,2023-06-01,2023-06-02,1,up,flat,0.2852752559207551,0.4099872146606704,0.3047375294185741,0.3047375294185741,-0.10524968524209627,False,False
Microsoft Corporation,2023-06-02,2023-06-05,1,flat,up,0.19481863247049472,0.39457462496818674,0.4106067425613181,0.4106067425613181,0.01603211759313139,True,False
Microsoft Corporation,2023-06-05,2023-06-06,1,down,flat,0.215828669008863,0.3985987526352156,0.38557257835592107,0.38557257835592107,-0.013026174279294533,False,False
Microsoft Corporation,2023-06-06,2023-06-07,1,down,flat,0.2628299170958453,0.3892252032997723,0.34794487960438225,0.34794487960438225,-0.04128032369539003,False,False
Microsoft Corporation,2023-06-07,2023-06-08,1,down,down,0.42942621503821987,0.3100428975578974,0.2605308874038829,0.42942621503821987,0.11938331748032249,True,True
Microsoft Corporation,2023-06-08,2023-06-09,1,flat,flat,0.2692792215080344,0.3868237306603112,0.3438970478316542,0.3438970478316542,-0.042926682828657026,False,True
Microsoft Corporation,2023-06-09,2023-06-12,1,up,up,0.2473232831442702,0.35268410769951375,0.3999926091562158,0.3999926091562158,0.04730850145670207,True,True
Microsoft Corporation,2023-06-12,2023-06-13,1,up,up,0.22337616571480284,0.3837968211189995,0.39282701316619734,0.39282701316619734,0.00903019204719785,True,True
Microsoft Corporation,2023-06-13,2023-06-14,1,flat,up,0.1747527017492229,0.38789589269992697,0.43735140555084984,0.43735140555084984,0.04945551285092287,True,False
Microsoft Corporation,2023-06-14,2023-06-15,1,up,flat,0.19412683905319073,0.40679395858414724,0.39907920236266164,0.39907920236266164,-0.007714756221485597,False,False
Microsoft Corporation,2023-06-15,2023-06-16,1,up,up,0.20979363100250903,0.29329296975298424,0.4969133992445068,0.4969133992445068,0.20362042949152254,True,True
Microsoft Corporation,2023-06-16,2023-06-20,1,down,up,0.29270100247944686,0.297392892570598,0.40990610494995516,0.40990610494995516,0.11251321237935719,True,False
Microsoft Corporation,2023-06-20,2023-06-21,1,down,flat,0.31974164701050223,0.4211250786107632,0.25913327437873446,0.31974164701050223,-0.10138343160026098,False,False
Microsoft Corporation,2023-06-21,2023-06-22,1,flat,flat,0.2741673270671048,0.3684901599966663,0.3573425129362287,0.3573425129362287,-0.011147647060437582,False,True
Microsoft Corporation,2023-06-22,2023-06-23,1,flat,up,0.2036007286295342,0.3504949331583196,0.44590433821214603,0.44590433821214603,0.09540940505382645,True,False
Microsoft Corporation,2023-06-23,2023-06-26,1,down,flat,0.26073425336768663,0.38004543242395283,0.3592203142083603,0.3592203142083603,-0.02082511821559252,False,False
Microsoft Corporation,2023-06-26,2023-06-27,1,flat,up,0.2461838262737508,0.35623373166440647,0.3975824420618425,0.3975824420618425,0.04134871039743604,True,False
Microsoft Corporation,2023-06-27,2023-06-28,1,flat,up,0.23569488468960573,0.3447377543355075,0.4195673609748865,0.4195673609748865,0.07482960663937899,True,False
Microsoft Corporation,2023-06-28,2023-06-29,1,flat,up,0.18867744441808726,0.38221848841063555,0.4291040671712771,0.4291040671712771,0.04688557876064153,True,False
Microsoft Corporation,2023-06-29,2023-06-30,1,up,flat,0.2406144851214651,0.39579140593910045,0.3635941089394342,0.3635941089394342,-0.032197296999666225,False,False
Microsoft Corporation,2023-06-30,2023-07-03,1,flat,up,0.1759313351058475,0.30700954288047816,0.5170591220136743,0.5170591220136743,0.21004957913319616,True,False
Microsoft Corporation,2023-07-03,2023-07-05,1,flat,flat,0.21772749029518257,0.4171552436337209,0.3651172660710963,0.3651172660710963,-0.05203797756262463,False,True
Microsoft Corporation,2023-07-05,2023-07-06,1,flat,up,0.2609077356734141,0.36733689737413555,0.37175536695245015,0.37175536695245015,0.004418469578314599,True,False
Microsoft Corporation,2023-07-06,2023-07-07,1,flat,up,0.2121005073400477,0.3029080875454936,0.4849914051144586,0.4849914051144586,0.182083317568965,True,False
Microsoft Corporation,2023-07-07,2023-07-10,1,down,up,0.2374089645358507,0.37290299799598087,0.3896880374681682,0.3896880374681682,0.016785039472187346,True,False
Microsoft Corporation,2023-07-10,2023-07-11,1,flat,down,0.4114929310578026,0.3069585342757555,0.281548534666442,0.4114929310578026,0.10453439678204712,True,False
Microsoft Corporation,2023-07-11,2023-07-12,1,up,up,0.2550402919993373,0.32041568636321016,0.4245440216374524,0.4245440216374524,0.10412833527424226,True,True
Microsoft Corporation,2023-07-12,2023-07-13,1,up,up,0.16350778157355783,0.3249273592824312,0.5115648591440107,0.5115648591440107,0.18663749986157951,True,True
Microsoft Corporation,2023-07-13,2023-07-14,1,up,up,0.1879311661745505,0.367846306183368,0.44422252764208126,0.44422252764208126,0.07637622145871326,True,True
Microsoft Corporation,2023-07-14,2023-07-17,1,flat,up,0.1744487613200683,0.32146292779627234,0.5040883108836591,0.5040883108836591,0.1826253830873868,True,False
Microsoft Corporation,2023-07-17,2023-07-18,1,up,flat,0.26383152334192367,0.40729569711775937,0.3288727795403168,0.3288727795403168,-0.07842291757744257,False,False
Microsoft Corporation,2023-07-18,2023-07-19,1,up,up,0.2176799189560562,0.2350527146998921,0.5472673663440517,0.5472673663440517,0.3122146516441596,True,True
Microsoft Corporation,2023-07-19,2023-07-20,1,down,up,0.2855332939441267,0.3426174337604203,0.37184927229545295,0.37184927229545295,0.02923183853503264,True,False
Microsoft Corporation,2023-07-20,2023-07-21,1,down,down,0.38736741539209246,0.34409524956901844,0.268537335038889,0.38736741539209246,0.04327216582307403,True,True
Microsoft Corporation,2023-07-21,2023-07-24,1,flat,down,0.44665596904004257,0.2692701350672963,0.2840738958926612,0.44665596904004257,0.17738583397274627,True,False
Microsoft Corporation,2023-07-24,2023-07-25,1,up,flat,0.23072858979490818,0.3907941173990594,0.37847729280603215,0.37847729280603215,-0.012316824593027242,False,False
Microsoft Corporation,2023-07-25,2023-07-26,1,down,up,0.2319260548695129,0.2890854289455268,0.4789885161849604,0.4789885161849604,0.1899030872394336,True,False
Microsoft Corporation,2023-07-26,2023-07-27,1,down,down,0.46287944370072576,0.3146416826213412,0.22247887367793315,0.46287944370072576,0.14823776107938458,True,True
Microsoft Corporation,2023-07-27,2023-07-28,1,flat,flat,0.2947234681004697,0.37566994883434524,0.3296065830651849,0.3296065830651849,-0.046063365769160314,False,True
Microsoft Corporation,2023-07-28,2023-07-31,1,flat,flat,0.22778649893259156,0.3902279958167067,0.3819855052507015,0.3819855052507015,-0.008242490566005178,False,True
Microsoft Corporation,2023-07-31,2023-08-01,1,flat,flat,0.26432118696340007,0.4119722702420072,0.32370654279459254,0.32370654279459254,-0.08826572744741468,False,True
Microsoft Corporation,2023-08-01,2023-08-02,1,down,flat,0.247909512933792,0.4220411177550295,0.33004936931117834,0.33004936931117834,-0.09199174844385116,False,False
Microsoft Corporation,2023-08-02,2023-08-03,1,down,flat,0.29999056403400987,0.3956765874186424,0.3043328485473471,0.3043328485473471,-0.09134373887129532,False,False
Microsoft Corporation,2023-08-03,2023-08-04,1,flat,flat,0.23325726248828127,0.41925057589534154,0.34749216161637697,0.34749216161637697,-0.07175841427896457,False,True
Microsoft Corporation,2023-08-04,2023-08-07,1,flat,up,0.21379734979291515,0.35400893419044294,0.4321937160166418,0.4321937160166418,0.07818478182619887,True,False
Microsoft Corporation,2023-08-07,2023-08-08,1,down,flat,0.24899550172266982,0.40927110208094536,0.3417333961963846,0.3417333961963846,-0.06753770588456076,False,False
Microsoft Corporation,2023-08-08,2023-08-09,1,flat,up,0.23570571867920903,0.3782078348230382,0.38608644649775237,0.38608644649775237,0.007878611674714153,True,False
Microsoft Corporation,2023-08-09,2023-08-10,1,flat,up,0.2172935581522512,0.3669607663263692,0.4157456755213793,0.4157456755213793,0.04878490919501011,True,False
Microsoft Corporation,2023-08-10,2023-08-11,1,down,up,0.2055233771668447,0.3759982639940933,0.4184783588390618,0.4184783588390618,0.04248009484496851,True,False
Microsoft Corporation,2023-08-11,2023-08-14,1,flat,up,0.25045652314078,0.3453650609628578,0.40417841589636205,0.40417841589636205,0.05881335493350426,True,False
Microsoft Corporation,2023-08-14,2023-08-15,1,flat,up,0.19989909808280648,0.33561903594931897,0.46448186596787455,0.46448186596787455,0.12886283001855559,True,False
Microsoft Corporation,2023-08-15,2023-08-16,1,flat,up,0.21193394233139642,0.34839545261103877,0.4396706050575646,0.4396706050575646,0.09127515244652584,True,False
Microsoft Corporation,2023-08-16,2023-08-17,1,down,up,0.22427637875536566,0.33184666530678836,0.4438769559378459,0.4438769559378459,0.11203029063105752,True,False
Microsoft Corporation,2023-08-17,2023-08-18,1,down,up,0.2415306406016548,0.32625732421520515,0.4322120351831399,0.4322120351831399,0.10595471096793474,True,False
Microsoft Corporation,2023-08-18,2023-08-21,1,up,up,0.26801936592176306,0.27494607611387367,0.4570345579643633,0.4570345579643633,0.18208848185048965,True,True
Microsoft Corporation,2023-08-21,2023-08-22,1,up,up,0.17091042830610034,0.3048828166496832,0.5242067550442164,0.5242067550442164,0.21932393839453324,True,True
Microsoft Corporation,2023-08-22,2023-08-23,1,flat,up,0.21382532546789526,0.3277086729896271,0.45846600154247763,0.45846600154247763,0.13075732855285055,True,False
Microsoft Corporation,2023-08-23,2023-08-24,1,flat,up,0.18656761127061305,0.3269863918862419,0.4864459968431448,0.4864459968431448,0.15945960495690292,True,False
Microsoft Corporation,2023-08-24,2023-08-25,1,down,up,0.27480741311757806,0.3328750580764673,0.39231752880595444,0.39231752880595444,0.05944247072948716,True,False
Microsoft Corporation,2023-08-25,2023-08-28,1,flat,flat,0.3092776668849231,0.34610764040307906,0.34461469271199763,0.34461469271199763,-0.0014929476910814365,False,True
Microsoft Corporation,2023-08-28,2023-08-29,1,flat,up,0.21222444415029806,0.3289163447110772,0.45885921113862455,0.45885921113862455,0.12994286642754732,True,False
Microsoft Corporation,2023-08-29,2023-08-30,1,up,up,0.2390270068240233,0.31484779265866597,0.4461252005173106,0.4461252005173106,0.1312774078586446,True,True
Microsoft Corporation,2023-08-30,2023-08-31,1,flat,up,0.18854552555588505,0.3401988305604815,0.47125564388363334,0.47125564388363334,0.13105681332315183,True,False
Microsoft Corporation,2023-08-31,2023-09-01,1,flat,up,0.3290736494415347,0.2279335821835784,0.44299276837488716,0.44299276837488716,0.21505918619130876,True,False
Microsoft Corporation,2023-09-01,2023-09-05,1,flat,up,0.2208906294155657,0.33822731009874313,0.440882060485691,0.440882060485691,0.10265475038694788,True,False
Microsoft Corporation,2023-09-05,2023-09-06,1,flat,up,0.20563452984388492,0.3545122580968025,0.4398532120593123,0.4398532120593123,0.08534095396250985,True,False
Microsoft Corporation,2023-09-06,2023-09-07,1,down,up,0.21719223953670924,0.3767140359795404,0.40609372448375014,0.40609372448375014,0.029379688504209744,True,False
Microsoft Corporation,2023-09-07,2023-09-08,1,flat,flat,0.3146585692864693,0.360901860211845,0.3244395705016857,0.3244395705016857,-0.0364622897101593,False,True
Microsoft Corporation,2023-09-08,2023-09-11,1,up,up,0.2107889466032978,0.3289831565699852,0.4602278968267167,0.4602278968267167,0.1312447402567315,True,True
Microsoft Corporation,2023-09-11,2023-09-12,1,down,up,0.17720751532867685,0.3814905879583557,0.44130189671296727,0.44130189671296727,0.05981130875461155,True,False
Microsoft Corporation,2023-09-12,2023-09-13,1,flat,flat,0.31523875431095605,0.3764159583780827,0.30834528731096106,0.31523875431095605,-0.06117720406712668,False,True
Microsoft Corporation,2023-09-13,2023-09-14,1,up,up,0.23642297542212792,0.3648696705579689,0.39870735401990304,0.39870735401990304,0.033837683461934165,True,True
Microsoft Corporation,2023-09-14,2023-09-15,1,down,up,0.19789776335209225,0.2996102963687366,0.502491940279171,0.502491940279171,0.2028816439104344,True,False
Microsoft Corporation,2023-09-15,2023-09-18,1,down,down,0.47162877083719756,0.26919689837156136,0.2591743307912413,0.47162877083719756,0.2024318724656362,True,True
Microsoft Corporation,2023-09-18,2023-09-19,1,flat,up,0.2837017604280798,0.35803932242899994,0.3582589171429201,0.3582589171429201,0.00021959471392013485,True,False
Microsoft Corporation,2023-09-19,2023-09-20,1,down,up,0.26229584538106,0.31537012643221873,0.42233402818672117,0.42233402818672117,0.10696390175450243,True,False
Microsoft Corporation,2023-09-20,2023-09-21,1,down,up,0.2746835659634153,0.28466301457571946,0.44065341946086517,0.44065341946086517,0.1559904048851457,True,False
Microsoft Corporation,2023-09-21,2023-09-22,1,flat,up,0.345299531263121,0.2964866985333809,0.3582137702034981,0.3582137702034981,0.061727071670117206,True,False
Microsoft Corporation,2023-09-22,2023-09-25,1,down,up,0.23120072559928262,0.2914119728656288,0.47738730153508857,0.47738730153508857,0.18597532866945976,True,False
Microsoft Corporation,2023-09-25,2023-09-26,1,down,up,0.2527565817566547,0.33114894492011976,0.41609447332322547,0.41609447332322547,0.08494552840310571,True,False
Microsoft Corporation,2023-09-26,2023-09-27,1,flat,up,0.2939964765099672,0.3153970365866996,0.390606486903333,0.390606486903333,0.0752094503166334,True,False
Microsoft Corporation,2023-09-27,2023-09-28,1,flat,up,0.24016919137787401,0.3143978555429634,0.44543295307916253,0.44543295307916253,0.13103509753619913,True,False
Microsoft Corporation,2023-09-28,2023-09-29,1,up,up,0.24037206021887553,0.3004820763977211,0.4591458633834034,0.4591458633834034,0.1586637869856823,True,True
Microsoft Corporation,2023-09-29,2023-10-02,1,flat,up,0.1721343066894872,0.29429340972775203,0.5335722835827608,0.5335722835827608,0.23927887385500873,True,False
Microsoft Corporation,2023-10-02,2023-10-03,1,down,up,0.20682425752033629,0.34911751726506557,0.444058225214598,0.444058225214598,0.09494070794953241,True,False
Microsoft Corporation,2023-10-03,2023-10-04,1,flat,flat,0.28235522562354,0.36463071078320075,0.35301406359325904,0.35301406359325904,-0.011616647189941709,False,True
Microsoft Corporation,2023-10-04,2023-10-05,1,flat,up,0.2536435728840924,0.34398177318251444,0.402374653933393,0.402374653933393,0.05839288075087856,True,False
Microsoft Corporation,2023-10-05,2023-10-06,1,up,up,0.208726072854669,0.33886089069074754,0.4524130364545833,0.4524130364545833,0.11355214576383577,True,True
Microsoft Corporation,2023-10-06,2023-10-09,1,up,up,0.1932796553031096,0.2806355899371282,0.5260847547597621,0.5260847547597621,0.2454491648226339,True,True
Microsoft Corporation,2023-10-09,2023-10-10,1,flat,up,0.17754816648970934,0.3674904015416325,0.45496143196865785,0.45496143196865785,0.08747103042702536,True,False
Microsoft Corporation,2023-10-10,2023-10-11,1,flat,flat,0.19318126882189707,0.4241679229776676,0.38265080820043496,0.38265080820043496,-0.04151711477723263,False,True
Microsoft Corporation,2023-10-11,2023-10-12,1,flat,flat,0.1947609006213179,0.4169401522246424,0.38829894715403934,0.38829894715403934,-0.028641205070603082,False,True
Microsoft Corporation,2023-10-12,2023-10-13,1,flat,flat,0.2539049881089769,0.38796722642894277,0.35812778546208013,0.35812778546208013,-0.02983944096686264,False,True
Microsoft Corporation,2023-10-13,2023-10-16,1,flat,flat,0.3001586555450213,0.3891905574076221,0.3106507870473563,0.3106507870473563,-0.07853977036026577,False,True
Microsoft Corporation,2023-10-16,2023-10-17,1,flat,up,0.20220007916656652,0.3671162336484951,0.4306836871849381,0.4306836871849381,0.063567453536443,True,False
Microsoft Corporation,2023-10-17,2023-10-18,1,flat,flat,0.26858982245358626,0.3822547308034434,0.34915544674297017,0.34915544674297017,-0.033099284060473244,False,True
Microsoft Corporation,2023-10-18,2023-10-19,1,flat,up,0.2467905710126448,0.3399772830940957,0.4132321458932592,0.4132321458932592,0.07325486279916349,True,False
Microsoft Corporation,2023-10-19,2023-10-20,1,down,up,0.2369761893634433,0.3467001453267271,0.4163236653098294,0.4163236653098294,0.06962351998310229,True,False
Microsoft Corporation,2023-10-20,2023-10-23,1,flat,down,0.4004820410618895,0.3332608830682369,0.26625707586987374,0.4004820410618895,0.06722115799365258,True,False
Microsoft Corporation,2023-10-23,2023-10-24,1,flat,up,0.3239747401473966,0.32640710781833326,0.3496181520342702,0.3496181520342702,0.02321104421593695,True,False
Microsoft Corporation,2023-10-24,2023-10-25,1,up,up,0.23381905215618398,0.33353107973058,0.43264986811323586,0.43264986811323586,0.09911878838265586,True,True
Microsoft Corporation,2023-10-25,2023-10-26,1,down,up,0.19678302535911407,0.2448628352033826,0.5583541394375034,0.5583541394375034,0.31349130423412086,True,False
Microsoft Corporation,2023-10-26,2023-10-27,1,down,down,0.4340365625132988,0.31296258836085983,0.2530008491258414,0.4340365625132988,0.12107397415243898,True,True
Microsoft Corporation,2023-10-27,2023-10-30,1,up,flat,0.3399941269598895,0.3494637415822847,0.3105421314578257,0.3399941269598895,-0.009469614622395206,False,False
Microsoft Corporation,2023-10-30,2023-10-31,1,flat,up,0.20407387820219075,0.36357869644708984,0.4323474253507193,0.4323474253507193,0.06876872890362945,True,False
Microsoft Corporation,2023-10-31,2023-11-01,1,up,flat,0.19996555657163717,0.40751788805260847,0.3925165553757542,0.3925165553757542,-0.015001332676854273,False,False
Microsoft Corporation,2023-11-01,2023-11-02,1,up,up,0.1872218236101973,0.3201503554593219,0.49262782093048063,0.49262782093048063,0.17247746547115872,True,True
Microsoft Corporation,2023-11-02,2023-11-03,1,up,flat,0.1967564029419445,0.4100226220048228,0.39322097505323217,0.39322097505323217,-0.016801646951590643,False,False
Microsoft Corporation,2023-11-03,2023-11-06,1,up,flat,0.20438714201334268,0.4469883892100017,0.34862446877665515,0.34862446877665515,-0.09836392043334657,False,False
Microsoft Corporation,2023-11-06,2023-11-07,1,up,flat,0.20410501234530437,0.44065459511730753,0.35524039253738765,0.35524039253738765,-0.08541420257991988,False,False
Microsoft Corporation,2023-11-07,2023-11-08,1,flat,flat,0.24994936042656374,0.41836135234514615,0.3316892872282898,0.3316892872282898,-0.08667206511685638,False,True
Microsoft Corporation,2023-11-08,2023-11-09,1,flat,flat,0.2567892343169057,0.41915030505211504,0.324060460630979,0.324060460630979,-0.09508984442113605,False,True
Microsoft Corporation,2023-11-09,2023-11-10,1,up,flat,0.3055596809996106,0.39298874678351,0.3014515722168791,0.3055596809996106,-0.08742906578389936,False,False
Microsoft Corporation,2023-11-10,2023-11-13,1,flat,up,0.22986806944972216,0.36329075097925645,0.40684117957102117,0.40684117957102117,0.04355042859176472,True,False
Microsoft Corporation,2023-11-13,2023-11-14,1,flat,flat,0.23084742292433896,0.403750237886179,0.36540233918948195,0.36540233918948195,-0.038347898696697025,False,True
Microsoft Corporation,2023-11-14,2023-11-15,1,flat,up,0.24562865338303547,0.3199109092561383,0.43446043736082623,0.43446043736082623,0.11454952810468794,True,False
Microsoft Corporation,2023-11-15,2023-11-16,1,up,flat,0.32634737160076555,0.38826014307552836,0.2853924853237058,0.32634737160076555,-0.06191277147476282,False,False
Microsoft Corporation,2023-11-16,2023-11-17,1,down,flat,0.24863041203790856,0.3904497684933229,0.36091981946876805,0.36091981946876805,-0.029529949024554858,False,False
Microsoft Corporation,2023-11-17,2023-11-20,1,up,down,0.43338235127989594,0.3099933867888128,0.2566242619312915,0.43338235127989594,0.12338896449108316,True,False
Microsoft Corporation,2023-11-20,2023-11-21,1,flat,up,0.2772287864575503,0.289345469775317,0.43342574376713267,0.43342574376713267,0.14408027399181567,True,False
Microsoft Corporation,2023-11-21,2023-11-22,1,up,flat,0.2992763463701318,0.38012415006347944,0.32059950356638856,0.32059950356638856,-0.05952464649709088,False,False
Microsoft Corporation,2023-11-22,2023-11-24,1,flat,flat,0.18295164065742753,0.41791080315227186,0.3991375561903004,0.3991375561903004,-0.018773246961971468,False,True
Microsoft Corporation,2023-11-24,2023-11-27,1,flat,up,0.22003320340032564,0.38260828712428274,0.39735850947539153,0.39735850947539153,0.014750222351108788,True,False
Microsoft Corporation,2023-11-27,2023-11-28,1,up,up,0.2669149287573546,0.3105917871266335,0.4224932841160117,0.4224932841160117,0.11190149698937824,True,True
Microsoft Corporation,2023-11-28,2023-11-29,1,flat,up,0.19571599292443387,0.3720930235662414,0.4321909835093243,0.4321909835093243,0.06009795994308287,True,False
Microsoft Corporation,2023-11-29,2023-11-30,1,down,down,0.3765259933566023,0.25728796406427734,0.3661860425791208,0.3765259933566023,0.11923802929232497,True,True
Microsoft Corporation,2023-11-30,2023-12-01,1,down,down,0.3690417192605757,0.33287188890327385,0.2980863918361504,0.3690417192605757,0.03616983035730187,True,True
Microsoft Corporation,2023-12-01,2023-12-04,1,down,down,0.3399600430601505,0.3207328972917357,0.3393070596481138,0.3399600430601505,0.019227145768414777,True,True
Microsoft Corporation,2023-12-04,2023-12-05,1,flat,up,0.3321763598949131,0.3249146812975818,0.342908958807505,0.342908958807505,0.017994277509923218,True,False
Microsoft Corporation,2023-12-05,2023-12-06,1,flat,up,0.2086182285501872,0.3082503602802229,0.4831314111695897,0.4831314111695897,0.17488105088936678,True,False
Microsoft Corporation,2023-12-06,2023-12-07,1,flat,up,0.22260742568938469,0.31403000885015653,0.4633625654604585,0.4633625654604585,0.14933255661030198,True,False
Microsoft Corporation,2023-12-07,2023-12-08,1,flat,up,0.24970135817211375,0.35380444766508856,0.3964941941627974,0.3964941941627974,0.04268974649770885,True,False
Microsoft Corporation,2023-12-08,2023-12-11,1,down,up,0.17016430269440513,0.34209273789812805,0.4877429594074666,0.4877429594074666,0.14565022150933854,True,False
Microsoft Corporation,2023-12-11,2023-12-12,1,up,up,0.33463252550417644,0.32403449368541515,0.3413329808104084,0.3413329808104084,0.017298487124993267,True,True
Microsoft Corporation,2023-12-12,2023-12-13,1,flat,up,0.17606289342541653,0.35906521229152577,0.46487189428305736,0.46487189428305736,0.10580668199153159,True,False
Microsoft Corporation,2023-12-13,2023-12-14,1,down,up,0.1884861194820374,0.28982381166823135,0.521690068849731,0.521690068849731,0.23186625718149967,True,False
Microsoft Corporation,2023-12-14,2023-12-15,1,flat,down,0.40752395778310924,0.28683027254214144,0.3056457696747495,0.40752395778310924,0.1206936852409678,True,False
Microsoft Corporation,2023-12-15,2023-12-18,1,flat,up,0.3224823769951071,0.24675881396534335,0.43075880903954955,0.43075880903954955,0.1839999950742062,True,False
Microsoft Corporation,2023-12-18,2023-12-19,1,flat,up,0.205424541368623,0.33278847039262505,0.46178698823875186,0.46178698823875186,0.12899851784612681,True,False
Microsoft Corporation,2023-12-19,2023-12-20,1,flat,up,0.19809232526815676,0.3277636093389397,0.4741440653929033,0.4741440653929033,0.1463804560539636,True,False
Microsoft Corporation,2023-12-20,2023-12-21,1,flat,up,0.2169842731550425,0.30462137597316097,0.4783943508717964,0.4783943508717964,0.1737729748986354,True,False
Microsoft Corporation,2023-12-21,2023-12-22,1,flat,up,0.20119951077132425,0.33979041078823546,0.45901007844044023,0.45901007844044023,0.11921966765220476,True,False
Microsoft Corporation,2023-12-22,2023-12-26,1,flat,up,0.1763357621468868,0.3337668266532274,0.48989741119988567,0.48989741119988567,0.1561305845466583,True,False
Microsoft Corporation,2023-12-26,2023-12-27,1,flat,up,0.1938065928185439,0.3066295054677055,0.4995639017137504,0.4995639017137504,0.19293439624604491,True,False
Microsoft Corporation,2023-12-27,2023-12-28,1,flat,up,0.24640584844272934,0.3276898913317606,0.4259042602255099,0.4259042602255099,0.09821436889374935,True,False
Microsoft Corporation,2023-12-28,2023-12-29,1,flat,up,0.1885038139825763,0.2940027552377984,0.5174934307796253,0.5174934307796253,0.2234906755418269,True,False
Microsoft Corporation,2023-12-29,2024-01-02,1,down,up,0.23361662565619234,0.29848730990008876,0.4678960644437188,0.4678960644437188,0.16940875454363002,True,False
Microsoft Corporation,2024-01-02,2024-01-03,1,down,up,0.3260017101789206,0.3070654711261148,0.3669328186949644,0.3669328186949644,0.059867347568849594,True,False
Microsoft Corporation,2024-01-03,2024-01-04,1,flat,up,0.25974543552568663,0.2950698412916904,0.4451847231826229,0.4451847231826229,0.15011488189093253,True,False
Microsoft Corporation,2024-01-04,2024-01-05,1,flat,up,0.24828281881440273,0.2873780983743303,0.4643390828112668,0.4643390828112668,0.17696098443693647,True,False
Microsoft Corporation,2024-01-05,2024-01-08,1,up,up,0.24612713852120888,0.28437141785606185,0.46950144362272916,0.46950144362272916,0.18513002576666732,True,True
Microsoft Corporation,2024-01-08,2024-01-09,1,flat,up,0.16954692843421043,0.29221661187135445,0.538236459694435,0.538236459694435,0.24601984782308056,True,False
Microsoft Corporation,2024-01-09,2024-01-10,1,up,up,0.18381449112842418,0.2746407658894949,0.5415447429820811,0.5415447429820811,0.26690397709258623,True,True
Microsoft Corporation,2024-01-10,2024-01-11,1,up,up,0.18098338512324294,0.2551654897356745,0.5638511251410827,0.5638511251410827,0.3086856354054082,True,True
Microsoft Corporation,2024-01-11,2024-01-12,1,flat,up,0.20220404763118313,0.30888840195452405,0.4889075504142928,0.4889075504142928,0.18001914845976874,True,False
Microsoft Corporation,2024-01-12,2024-01-16,1,up,up,0.24478370390662033,0.332666841878955,0.42254945421442464,0.42254945421442464,0.08988261233546962,True,True
Microsoft Corporation,2024-01-16,2024-01-17,1,down,up,0.2184323684439975,0.245742694298043,0.5358249372579593,0.5358249372579593,0.29008224295991636,True,False
Microsoft Corporation,2024-01-17,2024-01-18,1,up,up,0.2979510423944294,0.34885156362343145,0.353197393982139,0.353197393982139,0.004345830358707559,True,True
Microsoft Corporation,2024-01-18,2024-01-19,1,up,up,0.19070670136306467,0.3193022679242028,0.48999103071273237,0.48999103071273237,0.17068876278852957,True,True
Microsoft Corporation,2024-01-19,2024-01-22,1,flat,up,0.2220810102112124,0.2682071530214428,0.5097118367673448,0.5097118367673448,0.24150468374590195,True,False
Microsoft Corporation,2024-01-22,2024-01-23,1,flat,up,0.2758396183438191,0.3196739923479393,0.4044863893082413,0.4044863893082413,0.08481239696030202,True,False
Microsoft Corporation,2024-01-23,2024-01-24,1,up,up,0.23929547294288267,0.36707886186610283,0.3936256651910143,0.3936256651910143,0.02654680332491144,True,True
Microsoft Corporation,2024-01-24,2024-01-25,1,flat,up,0.20478613401632928,0.28246145822087193,0.5127524077627988,0.5127524077627988,0.23029094954192691,True,False
Microsoft Corporation,2024-01-25,2024-01-26,1,flat,up,0.23391712143312204,0.3819243215691699,0.3841585569977078,0.3841585569977078,0.0022342354285379007,True,False
Microsoft Corporation,2024-01-26,2024-01-29,1,up,up,0.2605584571435433,0.3557908722642693,0.3836506705921871,0.3836506705921871,0.027859798327917795,True,True
Microsoft Corporation,2024-01-29,2024-01-30,1,up,up,0.231318204349743,0.29974288354166717,0.4689389121085897,0.4689389121085897,0.1691960285669225,True,True
Microsoft Corporation,2024-01-30,2024-01-31,1,down,up,0.2606767172576452,0.2617830794606141,0.47754020328174074,0.47754020328174074,0.21575712382112666,True,False
Microsoft Corporation,2024-01-31,2024-02-01,1,flat,down,0.4450830877885865,0.2861487601278689,0.26876815208354465,0.4450830877885865,0.15893432766071763,True,False
Microsoft Corporation,2024-02-01,2024-02-02,1,up,up,0.2598893639104197,0.35026639108896296,0.38984424500061704,0.38984424500061704,0.03957785391165408,True,True
Microsoft Corporation,2024-02-02,2024-02-05,1,flat,up,0.20828804346593427,0.33119565832396647,0.46051629821009904,0.46051629821009904,0.12932063988613257,True,False
Microsoft Corporation,2024-02-05,2024-02-06,1,flat,up,0.2912155476463635,0.34938657601138423,0.359397876342252,0.359397876342252,0.010011300330867778,True,False
Microsoft Corporation,2024-02-06,2024-02-07,1,up,flat,0.23131288396954097,0.38574390157332406,0.38294321445713486,0.38294321445713486,-0.0028006871161891933,False,False
Microsoft Corporation,2024-02-07,2024-02-08,1,up,up,0.1671974223164578,0.3627012176574493,0.47010136002609265,0.47010136002609265,0.10740014236864337,True,True
Microsoft Corporation,2024-02-08,2024-02-09,1,up,flat,0.17321527594603367,0.4201936081155106,0.4065911159384553,0.4065911159384553,-0.013602492177055281,False,False
Microsoft Corporation,2024-02-09,2024-02-12,1,flat,flat,0.17689141735995784,0.4196074045642827,0.403501178075759,0.403501178075759,-0.016106226488523667,False,True
Microsoft Corporation,2024-02-12,2024-02-13,1,down,flat,0.24787243390782157,0.37905364772465083,0.37307391836752746,0.37307391836752746,-0.005979729357123376,False,False
Microsoft Corporation,2024-02-13,2024-02-14,1,flat,down,0.4255705768992296,0.3251616563289542,0.2492677667718161,0.4255705768992296,0.1004089205702754,True,False
Microsoft Corporation,2024-02-14,2024-02-15,1,flat,up,0.18750977995700513,0.31255086267139726,0.49993935737159734,0.49993935737159734,0.18738849470020008,True,False
Microsoft Corporation,2024-02-15,2024-02-16,1,flat,up,0.27169452838134767,0.334438211399888,0.39386726021876406,0.39386726021876406,0.05942904881887606,True,False
Microsoft Corporation,2024-02-16,2024-02-20,1,down,up,0.23690942840067597,0.35464264741660545,0.40844792418271836,0.40844792418271836,0.05380527676611291,True,False
Microsoft Corporation,2024-02-20,2024-02-21,1,flat,up,0.2658675013737238,0.32044757290144865,0.4136849257248273,0.4136849257248273,0.09323735282337864,True,False
Microsoft Corporation,2024-02-21,2024-02-22,1,up,up,0.21307611505386082,0.37053473095742956,0.41638915398870935,0.41638915398870935,0.04585442303127979,True,True
Microsoft Corporation,2024-02-22,2024-02-23,1,flat,up,0.1467292695954894,0.256131251226943,0.5971394791775675,0.5971394791775675,0.34100822795062447,True,False
Microsoft Corporation,2024-02-23,2024-02-26,1,down,up,0.21478908801575722,0.35871438867323424,0.4264965233110084,0.4264965233110084,0.06778213463777416,True,False
Microsoft Corporation,2024-02-26,2024-02-27,1,down,flat,0.25209364916698707,0.38626440510578397,0.36164194572722874,0.36164194572722874,-0.024622459378555228,False,False
Microsoft Corporation,2024-02-27,2024-02-28,1,flat,up,0.23409985296540725,0.3573127588815965,0.408587388152996,0.408587388152996,0.051274629271399474,True,False
Microsoft Corporation,2024-02-28,2024-02-29,1,up,up,0.21047021633920227,0.36883384220892756,0.42069594145186995,0.42069594145186995,0.05186209924294238,True,True
Microsoft Corporation,2024-02-29,2024-03-01,1,up,up,0.19282212255906728,0.2704052272779474,0.5367726501629853,0.5367726501629853,0.26636742288503784,True,True
Microsoft Corporation,2024-03-01,2024-03-04,1,flat,up,0.17552836527677473,0.33253338011402345,0.4919382546092015,0.4919382546092015,0.15940487449517804,True,False
Microsoft Corporation,2024-03-04,2024-03-05,1,down,up,0.16234052977214136,0.3562000021618562,0.4814594680660019,0.4814594680660019,0.12525946590414572,True,False
Microsoft Corporation,2024-03-05,2024-03-06,1,down,down,0.3791983527556443,0.2873504398076466,0.3334512074367093,0.3791983527556443,0.09184791294799771,True,True
Microsoft Corporation,2024-03-06,2024-03-07,1,up,up,0.26316690873658405,0.31926261716883647,0.4175704740945792,0.4175704740945792,0.09830785692574273,True,True
Microsoft Corporation,2024-03-07,2024-03-08,1,flat,up,0.2022099018858719,0.2879372515153346,0.5098528465987934,0.5098528465987934,0.22191559508345876,True,False
Microsoft Corporation,2024-03-08,2024-03-11,1,down,up,0.2525957901757522,0.3204706435278992,0.42693356629634854,0.42693356629634854,0.10646292276844932,True,False
Microsoft Corporation,2024-03-11,2024-03-12,1,up,up,0.22953658854104508,0.33332562602184757,0.437137785437107,0.437137785437107,0.10381215941525945,True,True
Microsoft Corporation,2024-03-12,2024-03-13,1,up,up,0.1424900387316247,0.26413593286089254,0.5933740284074827,0.5933740284074827,0.3292380955465901,True,True
Microsoft Corporation,2024-03-13,2024-03-14,1,up,up,0.18210537212805072,0.39302809446135556,0.42486653341059344,0.42486653341059344,0.03183843894923788,True,True
Microsoft Corporation,2024-03-14,2024-03-15,1,down,up,0.2105930239139185,0.24890390544324445,0.5405030706428371,0.5405030706428371,0.2915991651995926,True,False
Microsoft Corporation,2024-03-15,2024-03-18,1,flat,down,0.4099129830549651,0.2576882071521497,0.3323988097928854,0.4099129830549651,0.1522247759028154,True,False
Microsoft Corporation,2024-03-18,2024-03-19,1,flat,up,0.21392706772458553,0.3793689597181793,0.40670397255723484,0.40670397255723484,0.02733501283905554,True,False
Microsoft Corporation,2024-03-19,2024-03-20,1,up,up,0.20660808778320902,0.33414915462167194,0.4592427575951187,0.4592427575951187,0.12509360297344674,True,True
Microsoft Corporation,2024-03-20,2024-03-21,1,up,up,0.1587050597365952,0.3740884560243863,0.4672064842390181,0.4672064842390181,0.09311802821463183,True,True
Microsoft Corporation,2024-03-21,2024-03-22,1,flat,up,0.17312315366536124,0.3086606208822205,0.5182162254524181,0.5182162254524181,0.20955560457019756,True,False
Microsoft Corporation,2024-03-22,2024-03-25,1,down,up,0.22161281275400743,0.35419323830338084,0.42419394894261153,0.42419394894261153,0.07000071063923069,True,False
Microsoft Corporation,2024-03-25,2024-03-26,1,flat,flat,0.24709858459873354,0.39170990246331583,0.3611915129379503,0.3611915129379503,-0.030518389525365508,False,True
Microsoft Corporation,2024-03-26,2024-03-27,1,flat,up,0.22187616563482626,0.36390037256687785,0.4142234617982956,0.4142234617982956,0.05032308923141776,True,False
Microsoft Corporation,2024-03-27,2024-03-28,1,flat,up,0.26008819876908107,0.3598021357906669,0.3801096654402517,0.3801096654402517,0.02030752964958482,True,False
Microsoft Corporation,2024-03-28,2024-04-01,1,up,up,0.2837441846357406,0.31149182598209174,0.40476398938216746,0.40476398938216746,0.09327216340007571,True,True
Microsoft Corporation,2024-04-01,2024-04-02,1,down,up,0.17683401369167315,0.32819106291304806,0.4949749233952786,0.4949749233952786,0.16678386048223054,True,False
Microsoft Corporation,2024-04-02,2024-04-03,1,flat,up,0.2746254574299377,0.3594801459154745,0.3658943966545876,0.3658943966545876,0.006414250739113114,True,False
Microsoft Corporation,2024-04-03,2024-04-04,1,flat,up,0.21734403130586694,0.3347113296335219,0.4479446390606109,0.4479446390606109,0.11323330942708898,True,False
Microsoft Corporation,2024-04-04,2024-04-05,1,flat,up,0.22430544825153687,0.32366194919255925,0.45203260255590355,0.45203260255590355,0.1283706533633443,True,False
Microsoft Corporation,2024-04-05,2024-04-08,1,up,up,0.22281076302383868,0.33840281073041717,0.438786426245744,0.438786426245744,0.10038361551532682,True,True
Microsoft Corporation,2024-04-08,2024-04-09,1,flat,up,0.16611915296282476,0.330510914534867,0.5033699325023081,0.5033699325023081,0.17285901796744113,True,False
Microsoft Corporation,2024-04-09,2024-04-10,1,down,up,0.1920306507104545,0.34752226798820907,0.46044708130133616,0.46044708130133616,0.11292481331312709,True,False
Microsoft Corporation,2024-04-10,2024-04-11,1,up,up,0.2727618728073318,0.3168172452679477,0.4104208819247205,0.4104208819247205,0.09360363665677279,True,True
Microsoft Corporation,2024-04-11,2024-04-12,1,down,up,0.1501123241438207,0.3273095815065278,0.5225780943496513,0.5225780943496513,0.19526851284312352,True,False
Microsoft Corporation,2024-04-12,2024-04-15,1,down,up,0.3232011605972813,0.3027593633553869,0.3740394760473317,0.3740394760473317,0.07128011269194479,True,False
Microsoft Corporation,2024-04-15,2024-04-16,1,down,up,0.2999748149717095,0.2854820340378764,0.41454315099041406,0.41454315099041406,0.12906111695253764,True,False
Microsoft Corporation,2024-04-16,2024-04-17,1,flat,up,0.24121122870897183,0.31051277619181084,0.448275995099217,0.448275995099217,0.13776321890740617,True,False
Microsoft Corporation,2024-04-17,2024-04-18,1,down,up,0.22820092839736358,0.29055476947178294,0.48124430213085334,0.48124430213085334,0.1906895326590704,True,False
Microsoft Corporation,2024-04-18,2024-04-19,1,down,up,0.28515292614528376,0.27192396494778215,0.44292310890693404,0.44292310890693404,0.1709991439591519,True,False
Microsoft Corporation,2024-04-19,2024-04-22,1,flat,up,0.25966955096084543,0.26138510477194654,0.47894534426720786,0.47894534426720786,0.21756023949526132,True,False
Microsoft Corporation,2024-04-22,2024-04-23,1,up,up,0.21816101979190444,0.2715179875949278,0.5103209926131677,0.5103209926131677,0.23880300501823987,True,True
Microsoft Corporation,2024-04-23,2024-04-24,1,up,up,0.19554719584981597,0.2889415629963012,0.5155112411538828,0.5155112411538828,0.2265696781575816,True,True
Microsoft Corporation,2024-04-24,2024-04-25,1,down,up,0.18743846696611766,0.34622118089751275,0.46634035213636926,0.46634035213636926,0.12011917123885651,True,False
Microsoft Corporation,2024-04-25,2024-04-26,1,up,down,0.4555649787388841,0.26637714127573564,0.27805787998538023,0.4555649787388841,0.18918783746314843,True,False
Microsoft Corporation,2024-04-26,2024-04-29,1,down,up,0.1582076030879501,0.30125624668166706,0.5405361502303827,0.5405361502303827,0.23927990354871564,True,False
Microsoft Corporation,2024-04-29,2024-04-30,1,down,flat,0.3048738362227657,0.37622142016818394,0.31890474360904997,0.31890474360904997,-0.05731667655913397,False,False
Microsoft Corporation,2024-04-30,2024-05-01,1,flat,down,0.35917704937568035,0.3000218675827938,0.3408010830415257,0.35917704937568035,0.059155181792886535,True,False
Microsoft Corporation,2024-05-01,2024-05-02,1,flat,up,0.23785516289524555,0.275190414765082,0.4869544223396724,0.4869544223396724,0.2117640075745904,True,False
Microsoft Corporation,2024-05-02,2024-05-03,1,up,up,0.1915475503644406,0.33754859070265386,0.4709038589329054,0.4709038589329054,0.1333552682302515,True,True
Microsoft Corporation,2024-05-03,2024-05-06,1,up,up,0.17782037705745118,0.3525490294586753,0.46963059348387304,0.46963059348387304,0.11708156402519776,True,True
Microsoft Corporation,2024-05-06,2024-05-07,1,flat,up,0.1692401738261629,0.39107529482632397,0.43968453134751273,0.43968453134751273,0.04860923652118876,True,False
Microsoft Corporation,2024-05-07,2024-05-08,1,flat,flat,0.24563949194442583,0.37924520663730266,0.37511530141827126,0.37511530141827126,-0.004129905219031393,False,True
Microsoft Corporation,2024-05-08,2024-05-09,1,flat,flat,0.22874564754290694,0.41445975307755856,0.3567945993795343,0.3567945993795343,-0.057665153698024274,False,True
Microsoft Corporation,2024-05-09,2024-05-10,1,flat,up,0.21112576866712682,0.36334174245048356,0.4255324888823895,0.4255324888823895,0.06219074643190592,True,False
Microsoft Corporation,2024-05-10,2024-05-13,1,flat,up,0.19408850413955417,0.3831343354957824,0.4227771603646632,0.4227771603646632,0.039642824868880766,True,False
Microsoft Corporation,2024-05-13,2024-05-14,1,flat,up,0.18615175723229255,0.3440751555337725,0.46977308723393485,0.46977308723393485,0.12569793170016236,True,False
Microsoft Corporation,2024-05-14,2024-05-15,1,up,up,0.23943804930041784,0.34641042950692646,0.4141515211926555,0.4141515211926555,0.06774109168572906,True,True
Microsoft Corporation,2024-05-15,2024-05-16,1,flat,up,0.16875836298952457,0.26530656952998866,0.5659350674804868,0.5659350674804868,0.3006284979504982,True,False
Microsoft Corporation,2024-05-16,2024-05-17,1,flat,up,0.2112879051285539,0.3560255741746319,0.43268652069681407,0.43268652069681407,0.0766609465221822,True,False
Microsoft Corporation,2024-05-17,2024-05-20,1,flat,up,0.24234863196273973,0.37569546324815384,0.3819559047891061,0.3819559047891061,0.0062604415409522884,True,False
Microsoft Corporation,2024-05-20,2024-05-21,1,up,up,0.17978783342960758,0.36675388204840254,0.45345828452198955,0.45345828452198955,0.08670440247358702,True,True
Microsoft Corporation,2024-05-21,2024-05-22,1,flat,up,0.20120412524135314,0.2966745572162638,0.502121317542383,0.502121317542383,0.2054467603261192,True,False
Microsoft Corporation,2024-05-22,2024-05-23,1,flat,up,0.21720173148721747,0.37116708283914335,0.4116311856736389,0.4116311856736389,0.04046410283449553,True,False
Microsoft Corporation,2024-05-23,2024-05-24,1,flat,flat,0.2458371923358927,0.38021293978389525,0.37394986788021195,0.37394986788021195,-0.006263071903683304,False,True
Microsoft Corporation,2024-05-24,2024-05-28,1,flat,up,0.2123260202218191,0.3821182947814765,0.40555568499670425,0.40555568499670425,0.023437390215227727,True,False
Microsoft Corporation,2024-05-28,2024-05-29,1,flat,up,0.27672362087114677,0.28933485665510217,0.4339415224737509,0.4339415224737509,0.14460666581864873,True,False
Microsoft Corporation,2024-05-29,2024-05-30,1,down,up,0.32627288824981066,0.29753307770004744,0.3761940340501419,0.3761940340501419,0.07866095635009446,True,False
Microsoft Corporation,2024-05-30,2024-05-31,1,down,down,0.43876886013441446,0.2558144046407737,0.30541673522481183,0.43876886013441446,0.18295445549364076,True,True
Microsoft Corporation,2024-05-31,2024-06-03,1,flat,up,0.3567325402142604,0.23371655435588912,0.40955090542985034,0.40955090542985034,0.17583435107396123,True,False
Microsoft Corporation,2024-06-03,2024-06-04,1,flat,up,0.2425922479296389,0.2903293002072676,0.4670784518630934,0.4670784518630934,0.17674915165582578,True,False
Microsoft Corporation,2024-06-04,2024-06-05,1,up,up,0.2484924206334403,0.30540950374500625,0.44609807562155335,0.44609807562155335,0.1406885718765471,True,True
Microsoft Corporation,2024-06-05,2024-06-06,1,up,up,0.17628732632580502,0.26820621924716226,0.5555064544270326,0.5555064544270326,0.28730023517987036,True,True
Microsoft Corporation,2024-06-06,2024-06-07,1,flat,up,0.18605821454554722,0.3498898941944443,0.46405189126000834,0.46405189126000834,0.11416199706556407,True,False
Microsoft Corporation,2024-06-07,2024-06-10,1,flat,up,0.2281051667464833,0.3611486148770209,0.4107462183764954,0.4107462183764954,0.04959760349947451,True,False
Microsoft Corporation,2024-06-10,2024-06-11,1,up,up,0.1957286879568983,0.36686962681235813,0.4374016852307434,0.4374016852307434,0.07053205841838528,True,True
Microsoft Corporation,2024-06-11,2024-06-12,1,up,up,0.17613330637286428,0.3951354418386082,0.4287312517885272,0.4287312517885272,0.03359580994991901,True,True
Microsoft Corporation,2024-06-12,2024-06-13,1,up,up,0.14082470228255278,0.3239386462056867,0.5352366515117605,0.5352366515117605,0.2112980053060738,True,True
Microsoft Corporation,2024-06-13,2024-06-14,1,flat,up,0.19846359282829762,0.36729210006577506,0.4342443071059272,0.4342443071059272,0.06695220704015215,True,False
Microsoft Corporation,2024-06-14,2024-06-15,1,flat,up,0.23090182642163018,0.36165761928005213,0.4074405542983176,0.4074405542983176,0.04578293501826547,True,False
NVIDIA Corporation,2021-07-26,2021-07-27,1,flat,down,0.49361565491627785,0.2750356684656199,0.23134867661810238,0.49361565491627785,0.21857998645065796,True,False
NVIDIA Corporation,2021-07-27,2021-07-28,1,flat,up,0.33387631885686686,0.3090898248807818,0.3570338562623514,0.3570338562623514,0.04794403138156961,True,False
NVIDIA Corporation,2021-07-28,2021-07-29,1,flat,up,0.24805680577710432,0.3405664448206305,0.41137674940226526,0.41137674940226526,0.07081030458163479,True,False
NVIDIA Corporation,2021-07-29,2021-07-30,1,flat,up,0.21055821293980875,0.36698957480571703,0.42245221225447394,0.42245221225447394,0.0554626374487569,True,False
NVIDIA Corporation,2021-07-30,2021-08-02,1,flat,up,0.331515880336814,0.3115337513305878,0.3569503683325982,0.3569503683325982,0.045416617002010384,True,False
NVIDIA Corporation,2021-08-02,2021-08-03,1,flat,up,0.19957900626251926,0.38222148005843737,0.41819951367904323,0.41819951367904323,0.035978033620605865,True,False
NVIDIA Corporation,2021-08-03,2021-08-04,1,up,up,0.24872089291835778,0.33101256519503375,0.4202665418866085,0.4202665418866085,0.08925397669157475,True,True
NVIDIA Corporation,2021-08-04,2021-08-05,1,up,flat,0.17590212923864362,0.43601922759724127,0.3880786431641152,0.3880786431641152,-0.04794058443312604,False,False
NVIDIA Corporation,2021-08-05,2021-08-06,1,flat,flat,0.17930797192952203,0.4306785625889952,0.39001346548148275,0.39001346548148275,-0.04066509710751243,False,True
NVIDIA Corporation,2021-08-06,2021-08-09,1,flat,down,0.39182795621978206,0.31139640028777327,0.29677564349244484,0.39182795621978206,0.08043155593200879,True,False
NVIDIA Corporation,2021-08-09,2021-08-10,1,down,down,0.39701729598566426,0.28339736701409807,0.3195853370002378,0.39701729598566426,0.1136199289715662,True,True
NVIDIA Corporation,2021-08-10,2021-08-11,1,down,down,0.3569616825048161,0.3186402981814439,0.32439801931374007,0.3569616825048161,0.038321384323372176,True,True
NVIDIA Corporation,2021-08-11,2021-08-12,1,flat,down,0.3499908314433886,0.32533230583588074,0.32467686272073065,0.3499908314433886,0.024658525607507864,True,False
NVIDIA Corporation,2021-08-12,2021-08-13,1,flat,up,0.2662816271352869,0.2676873041797585,0.46603106868495464,0.46603106868495464,0.19834376450519614,True,False
NVIDIA Corporation,2021-08-13,2021-08-16,1,flat,up,0.2489428794971289,0.28962985590958257,0.4614272645932886,0.4614272645932886,0.17179740868370602,True,False
NVIDIA Corporation,2021-08-16,2021-08-17,1,down,down,0.42196183937778114,0.22735882238934899,0.3506793382328699,0.42196183937778114,0.19460301698843216,True,True
NVIDIA Corporation,2021-08-17,2021-08-18,1,down,down,0.44224226144451506,0.2454644910797268,0.31229324747575826,0.44224226144451506,0.19677777036478827,True,True
NVIDIA Corporation,2021-08-18,2021-08-19,1,up,down,0.4497541881053504,0.21984927948320654,0.33039653241144323,0.4497541881053504,0.22990490862214386,True,False
NVIDIA Corporation,2021-08-19,2021-08-20,1,up,up,0.24839721149710714,0.1714560843479065,0.5801467041549861,0.5801467041549861,0.40869061980707966,True,True
NVIDIA Corporation,2021-08-20,2021-08-23,1,up,up,0.17695947272278562,0.24198508301569954,0.5810554442615148,0.5810554442615148,0.33907036124581524,True,True
NVIDIA Corporation,2021-08-23,2021-08-24,1,up,up,0.15164443964696842,0.2825526316929888,0.5658029286600427,0.5658029286600427,0.2832502969670539,True,True
NVIDIA Corporation,2021-08-24,2021-08-25,1,flat,flat,0.23129301148423315,0.4654682516958142,0.30323873681995267,0.30323873681995267,-0.1622295148758615,False,True
NVIDIA Corporation,2021-08-25,2021-08-26,1,flat,flat,0.2628419404864827,0.39263599892972156,0.34452206058379586,0.34452206058379586,-0.0481139383459257,False,True
NVIDIA Corporation,2021-08-26,2021-08-27,1,up,flat,0.31566411895010055,0.3740467573860173,0.3102891236638821,0.31566411895010055,-0.058382638435916734,False,False
NVIDIA Corporation,2021-08-27,2021-08-30,1,up,up,0.19027344277896774,0.33665427531551906,0.4730722819055132,0.4730722819055132,0.13641800658999415,True,True
NVIDIA Corporation,2021-08-30,2021-08-31,1,down,up,0.17226628877824365,0.36509551063561396,0.46263820058614236,0.46263820058614236,0.0975426899505284,True,False
NVIDIA Corporation,2021-08-31,2021-09-01,1,flat,down,0.3717613947744994,0.28758071288565523,0.34065789233984567,0.3717613947744994,0.08418068188884414,True,False
NVIDIA Corporation,2021-09-01,2021-09-02,1,flat,up,0.289653068620871,0.3383757367704159,0.37197119460871314,0.37197119460871314,0.03359545783829726,True,False
NVIDIA Corporation,2021-09-02,2021-09-03,1,flat,up,0.33705044185559113,0.30255318598530356,0.36039637215910547,0.36039637215910547,0.05784318617380191,True,False
NVIDIA Corporation,2021-09-03,2021-09-07,1,flat,up,0.28978969355470013,0.27800235360204323,0.43220795284325664,0.43220795284325664,0.1542055992412134,True,False
NVIDIA Corporation,2021-09-07,2021-09-08,1,down,flat,0.29852527131278594,0.35195945521912264,0.34951527346809136,0.34951527346809136,-0.0024441817510312824,False,False
NVIDIA Corporation,2021-09-08,2021-09-09,1,flat,down,0.4844737518156174,0.27253215879311543,0.2429940893912675,0.4844737518156174,0.21194159302250198,True,False
NVIDIA Corporation,2021-09-09,2021-09-10,1,flat,down,0.4110304086091767,0.24978298214415268,0.33918660924667077,0.4110304086091767,0.16124742646502405,True,False
NVIDIA Corporation,2021-09-10,2021-09-13,1,flat,up,0.3257902551381522,0.270236040487808,0.4039737043740399,0.4039737043740399,0.13373766388623187,True,False
NVIDIA Corporation,2021-09-13,2021-09-14,1,flat,down,0.4276190643578247,0.22992712425937822,0.3424538113827972,0.4276190643578247,0.19769194009844648,True,False
NVIDIA Corporation,2021-09-14,2021-09-15,1,flat,down,0.4882417805913585,0.20665690969445338,0.3051013097141882,0.4882417805913585,0.2815848708969051,True,False
NVIDIA Corporation,2021-09-15,2021-09-16,1,flat,down,0.3967840012069703,0.24979652948347753,0.3534194693095523,0.3967840012069703,0.1469874717234928,True,False
NVIDIA Corporation,2021-09-16,2021-09-17,1,flat,down,0.42842823312348877,0.22253745232661595,0.34903431454989536,0.42842823312348877,0.2058907807968728,True,False
NVIDIA Corporation,2021-09-17,2021-09-20,1,down,up,0.3779600592474842,0.19900450617080023,0.4230354345817158,0.4230354345817158,0.22403092841091554,True,False
NVIDIA Corporation,2021-09-20,2021-09-21,1,flat,down,0.5242761888508312,0.20144447905037546,0.2742793320987935,0.5242761888508312,0.3228317098004557,True,False
NVIDIA Corporation,2021-09-21,2021-09-22,1,up,up,0.2462052662870285,0.1914439083969195,0.5623508253160518,0.5623508253160518,0.37090691691913236,True,True
NVIDIA Corporation,2021-09-22,2021-09-23,1,up,up,0.2628622212932507,0.20913298594973412,0.5280047927570151,0.5280047927570151,0.31887180680728094,True,True
NVIDIA Corporation,2021-09-23,2021-09-24,1,down,up,0.20777466498268946,0.2652971827207224,0.5269281522965881,0.5269281522965881,0.2616309695758657,True,False
NVIDIA Corporation,2021-09-24,2021-09-27,1,down,down,0.4773072548518621,0.22676485006842617,0.29592789507971196,0.4773072548518621,0.2505424047834359,True,True
NVIDIA Corporation,2021-09-27,2021-09-28,1,down,down,0.5114592761600286,0.2031491714985901,0.2853915523413816,0.5114592761600286,0.3083101046614385,True,True
NVIDIA Corporation,2021-09-28,2021-09-29,1,down,down,0.5059121970665937,0.21331426342463852,0.28077353950876793,0.5059121970665937,0.2925979336419552,True,True
NVIDIA Corporation,2021-09-29,2021-09-30,1,flat,up,0.3691309319769147,0.20864707344206504,0.4222219945810203,0.4222219945810203,0.21357492113895524,True,False
NVIDIA Corporation,2021-09-30,2021-10-01,1,flat,up,0.2830784741129451,0.22076081103934297,0.4961607148477119,0.4961607148477119,0.27539990380836893,True,False
NVIDIA Corporation,2021-10-01,2021-10-04,1,down,up,0.34377609137454446,0.24013148182506744,0.41609242680038816,0.41609242680038816,0.17596094497532072,True,False
NVIDIA Corporation,2021-10-04,2021-10-05,1,flat,down,0.46653503942585506,0.20816336016579023,0.3253016004083548,0.46653503942585506,0.2583716792600648,True,False
NVIDIA Corporation,2021-10-05,2021-10-06,1,flat,up,0.29768387431530596,0.24019988570783085,0.46211623997686313,0.46211623997686313,0.22191635426903228,True,False
NVIDIA Corporation,2021-10-06,2021-10-07,1,up,up,0.32939312567010576,0.2556556997225554,0.41495117460733877,0.41495117460733877,0.15929547488478335,True,True
NVIDIA Corporation,2021-10-07,2021-10-08,1,flat,up,0.22227755340862418,0.30397350570113246,0.4737489408902432,0.4737489408902432,0.16977543518911076,True,False
NVIDIA Corporation,2021-10-08,2021-10-11,1,down,down,0.4752525683593255,0.2790833534917169,0.24566407814895777,0.4752525683593255,0.19616921486760858,True,True
NVIDIA Corporation,2021-10-11,2021-10-12,1,flat,down,0.48023286365221485,0.25633740940450617,0.26342972694327915,0.48023286365221485,0.22389545424770868,True,False
NVIDIA Corporation,2021-10-12,2021-10-13,1,flat,up,0.3403223666365699,0.27896520873666875,0.3807124246267612,0.3807124246267612,0.10174721589009245,True,False
NVIDIA Corporation,2021-10-13,2021-10-14,1,up,up,0.3024931922368901,0.291486801430193,0.4060200063329169,0.4060200063329169,0.1145332049027239,True,True
NVIDIA Corporation,2021-10-14,2021-10-15,1,up,up,0.1936693633425941,0.26270113168183873,0.5436295049755671,0.5436295049755671,0.28092837329372833,True,True
NVIDIA Corporation,2021-10-15,2021-10-18,1,flat,up,0.2060973148124307,0.3208606682299415,0.4730420169576277,0.4730420169576277,0.15218134872768618,True,False
NVIDIA Corporation,2021-10-18,2021-10-19,1,up,flat,0.2882472211786906,0.35738696852238994,0.3543658102989195,0.3543658102989195,-0.0030211582234704326,False,False
NVIDIA Corporation,2021-10-19,2021-10-20,1,flat,flat,0.27219587998259487,0.365708892538833,0.36209522747857226,0.36209522747857226,-0.003613665060260729,False,True
NVIDIA Corporation,2021-10-20,2021-10-21,1,flat,down,0.4384274953536158,0.24793728583937205,0.3136352188070123,0.4384274953536158,0.19049020951424375,True,False
NVIDIA Corporation,2021-10-21,2021-10-22,1,up,up,0.2698578748294683,0.2821514635106449,0.4479906616598867,0.4479906616598867,0.1658391981492418,True,True
NVIDIA Corporation,2021-10-22,2021-10-25,1,up,up,0.19922045039248726,0.1968281498333511,0.6039513997741615,0.6039513997741615,0.4071232499408104,True,True
NVIDIA Corporation,2021-10-25,2021-10-26,1,up,up,0.260880346616109,0.29158902892337685,0.4475306244605143,0.4475306244605143,0.15594159553713743,True,True
NVIDIA Corporation,2021-10-26,2021-10-27,1,flat,up,0.15661866950575426,0.23567180467532217,0.6077095258189235,0.6077095258189235,0.3720377211436013,True,False
NVIDIA Corporation,2021-10-27,2021-10-28,1,flat,flat,0.3318873370460716,0.38981591974012003,0.27829674321380843,0.3318873370460716,-0.057928582694048436,False,True
NVIDIA Corporation,2021-10-28,2021-10-29,1,up,flat,0.288526558117454,0.39494870759864564,0.31652473428390027,0.31652473428390027,-0.07842397331474538,False,False
NVIDIA Corporation,2021-10-29,2021-11-01,1,up,up,0.26477608098670136,0.322541892680566,0.4126820263327326,0.4126820263327326,0.09014013365216661,True,True
NVIDIA Corporation,2021-11-01,2021-11-02,1,up,up,0.28215754974874446,0.35425189309976546,0.3635905571514901,0.3635905571514901,0.009338664051724621,True,True
NVIDIA Corporation,2021-11-02,2021-11-03,1,up,up,0.25471318763544726,0.31083664551093626,0.4344501668536165,0.4344501668536165,0.12361352134268022,True,True
NVIDIA Corporation,2021-11-03,2021-11-04,1,up,up,0.2495764932929778,0.3401920382804783,0.410231468426544,0.410231468426544,0.07003943014606573,True,True
NVIDIA Corporation,2021-11-04,2021-11-05,1,up,up,0.16349712197802937,0.22265684194434948,0.613846036077621,0.613846036077621,0.3911891941332715,True,True
NVIDIA Corporation,2021-11-05,2021-11-08,1,flat,flat,0.19803945719664798,0.5334824938280408,0.26847804897531125,0.26847804897531125,-0.26500444485272956,False,True
NVIDIA Corporation,2021-11-08,2021-11-09,1,up,flat,0.24625616975679615,0.5582157896090842,0.19552804063411955,0.24625616975679615,-0.3119596198522881,False,False
NVIDIA Corporation,2021-11-09,2021-11-10,1,down,flat,0.23335807296894148,0.5455185181284337,0.2211234089026249,0.23335807296894148,-0.31216044515949215,False,False
NVIDIA Corporation,2021-11-10,2021-11-11,1,up,flat,0.40837237460836195,0.430341467765908,0.16128615762573018,0.40837237460836195,-0.021969093157546027,False,False
NVIDIA Corporation,2021-11-11,2021-11-12,1,flat,flat,0.16081114728178159,0.5431949912205943,0.2959938614976241,0.2959938614976241,-0.24720112972297026,False,True
NVIDIA Corporation,2021-11-12,2021-11-15,1,flat,flat,0.25150374051168983,0.49404781494960154,0.2544484445387086,0.2544484445387086,-0.23959937041089296,False,True
NVIDIA Corporation,2021-11-15,2021-11-16,1,flat,flat,0.3149804746932046,0.4547440544598276,0.23027547084696792,0.3149804746932046,-0.13976357976662296,False,True
NVIDIA Corporation,2021-11-16,2021-11-17,1,flat,flat,0.26658730142066395,0.5154346033577497,0.21797809522158657,0.26658730142066395,-0.24884730193708576,False,True
NVIDIA Corporation,2021-11-17,2021-11-18,1,up,flat,0.33460265230333297,0.4724924532224305,0.19290489447423664,0.33460265230333297,-0.13788980091909753,False,False
NVIDIA Corporation,2021-11-18,2021-11-19,1,flat,flat,0.14061824346262775,0.5303011307536123,0.32908062578375985,0.32908062578375985,-0.20122050496985244,False,True
NVIDIA Corporation,2021-11-19,2021-11-22,1,flat,flat,0.18064578427419442,0.629685631463052,0.18966858426275368,0.18966858426275368,-0.44001704720029833,False,True
NVIDIA Corporation,2021-11-22,2021-11-23,1,down,flat,0.2105898442469717,0.5994040906837727,0.1900060650692557,0.2105898442469717,-0.38881424643680096,False,False
NVIDIA Corporation,2021-11-23,2021-11-24,1,flat,flat,0.31803530625850185,0.5360859474724716,0.14587874626902667,0.31803530625850185,-0.21805064121396978,False,True
NVIDIA Corporation,2021-11-24,2021-11-26,1,flat,flat,0.22459832020095497,0.5066753543919016,0.2687263254071435,0.2687263254071435,-0.23794902898475812,False,True
NVIDIA Corporation,2021-11-26,2021-11-29,1,up,flat,0.2315019345548065,0.5274203527390249,0.24107771270616873,0.24107771270616873,-0.28634264003285614,False,False
NVIDIA Corporation,2021-11-29,2021-11-30,1,flat,flat,0.13264939989591187,0.4553245628149422,0.412026037289146,0.412026037289146,-0.043298525525796216,False,True
NVIDIA Corporation,2021-11-30,2021-12-01,1,flat,flat,0.25908350499371424,0.47704402565441284,0.263872469351873,0.263872469351873,-0.21317155630253987,False,True
NVIDIA Corporation,2021-12-01,2021-12-02,1,down,flat,0.3206085230850457,0.4514074979238178,0.22798397899113673,0.3206085230850457,-0.13079897483877206,False,False
NVIDIA Corporation,2021-12-02,2021-12-03,1,flat,flat,0.32071989435866766,0.4872038706796463,0.19207623496168605,0.32071989435866766,-0.16648397632097867,False,True
NVIDIA Corporation,2021-12-03,2021-12-06,1,down,flat,0.3396373302009854,0.4261270518732714,0.2342356179257433,0.3396373302009854,-0.08648972167228597,False,False
NVIDIA Corporation,2021-12-06,2021-12-07,1,up,down,0.4141939180145786,0.35416993887495907,0.2316361431104625,0.4141939180145786,0.06002397913961954,True,False
NVIDIA Corporation,2021-12-07,2021-12-08,1,flat,up,0.14909408315503828,0.40705285719106926,0.4438530596538925,0.4438530596538925,0.03680020246282323,True,False
NVIDIA Corporation,2021-12-08,2021-12-09,1,down,flat,0.2304835473936223,0.5550342603260678,0.2144821922803098,0.2304835473936223,-0.32455071293244553,False,False
NVIDIA Corporation,2021-12-09,2021-12-10,1,down,flat,0.3686405164704453,0.47206065057830493,0.15929883295124994,0.3686405164704453,-0.10342013410785961,False,False
NVIDIA Corporation,2021-12-10,2021-12-13,1,down,flat,0.3650467388567447,0.4581471849803338,0.17680607616292154,0.3650467388567447,-0.09310044612358909,False,False
NVIDIA Corporation,2021-12-13,2021-12-14,1,down,down,0.47918501454492957,0.35137092255583413,0.1694440628992363,0.47918501454492957,0.12781409198909544,True,True
NVIDIA Corporation,2021-12-14,2021-12-15,1,up,down,0.43530903849968916,0.30691724379809565,0.25777371770221524,0.43530903849968916,0.1283917947015935,True,False
NVIDIA Corporation,2021-12-15,2021-12-16,1,flat,up,0.15953884227451792,0.29375962267058575,0.5467015350548963,0.5467015350548963,0.2529419123843105,True,False
NVIDIA Corporation,2021-12-16,2021-12-17,1,down,flat,0.209039176031766,0.48079496484598033,0.3101658591222537,0.3101658591222537,-0.17062910572372664,False,False
NVIDIA Corporation,2021-12-17,2021-12-20,1,flat,flat,0.39769996768314453,0.4075364687287363,0.19476356358811936,0.39769996768314453,-0.00983650104559175,False,True
NVIDIA Corporation,2021-12-20,2021-12-21,1,up,flat,0.3667947860504496,0.39659610867089734,0.23660910527865314,0.3667947860504496,-0.029801322620447768,False,False
NVIDIA Corporation,2021-12-21,2021-12-22,1,flat,flat,0.22711003586045292,0.4713292606140002,0.30156070352554687,0.30156070352554687,-0.16976855708845334,False,True
NVIDIA Corporation,2021-12-22,2021-12-23,1,flat,flat,0.22035282943590467,0.5565573346237991,0.22308983594029624,0.22308983594029624,-0.33346749868350284,False,True
NVIDIA Corporation,2021-12-23,2021-12-27,1,flat,flat,0.19269791906839195,0.544570639583657,0.262731441347951,0.262731441347951,-0.281839198235706,False,True
NVIDIA Corporation,2021-12-27,2021-12-28,1,flat,flat,0.19953831130893607,0.529342848210117,0.271118840480947,0.271118840480947,-0.25822400772917004,False,True
NVIDIA Corporation,2021-12-28,2021-12-29,1,down,flat,0.24536054485068418,0.5573464353086262,0.1972930198406897,0.24536054485068418,-0.311985890457942,False,False
NVIDIA Corporation,2021-12-29,2021-12-30,1,flat,down,0.4082949166621621,0.39405956217941807,0.19764552115842007,0.4082949166621621,0.014235354482744045,True,False
NVIDIA Corporation,2021-12-30,2021-12-31,1,flat,flat,0.3285093996274612,0.3440465324231683,0.32744406794937053,0.3285093996274612,-0.01553713279570712,False,True
NVIDIA Corporation,2021-12-31,2022-01-03,1,flat,flat,0.289864125438541,0.3590507147579186,0.3510851598035405,0.3510851598035405,-0.007965554954378118,False,True
NVIDIA Corporation,2022-01-03,2022-01-04,1,down,up,0.16367871215896254,0.36952804287371765,0.46679324496731966,0.46679324496731966,0.09726520209360201,True,False
NVIDIA Corporation,2022-01-04,2022-01-05,1,down,flat,0.3442028245438436,0.3632980973906591,0.29249907806549735,0.3442028245438436,-0.019095272846815503,False,False
NVIDIA Corporation,2022-01-05,2022-01-06,1,down,down,0.3918195699500845,0.32936641348718176,0.27881401656273375,0.3918195699500845,0.062453156462902726,True,True
NVIDIA Corporation,2022-01-06,2022-01-07,1,flat,down,0.3644604268429289,0.2876627382841921,0.3478768348728791,0.3644604268429289,0.07679768855873681,True,False
NVIDIA Corporation,2022-01-07,2022-01-10,1,down,up,0.32982861322683704,0.2878722470512767,0.38229913972188634,0.38229913972188634,0.09442689267060966,True,False
NVIDIA Corporation,2022-01-10,2022-01-11,1,up,down,0.4722870290075874,0.2657286928608814,0.2619842781315314,0.4722870290075874,0.206558336146706,True,False
NVIDIA Corporation,2022-01-11,2022-01-12,1,up,up,0.19275757491432266,0.3327733202693478,0.4744691048163294,0.4744691048163294,0.14169578454698162,True,True
NVIDIA Corporation,2022-01-12,2022-01-13,1,down,flat,0.24271228163733105,0.4100726765922716,0.3472150417703973,0.3472150417703973,-0.06285763482187429,False,False
NVIDIA Corporation,2022-01-13,2022-01-14,1,down,down,0.4646327272629177,0.32022290335176173,0.2151443693853206,0.4646327272629177,0.14440982391115598,True,True
NVIDIA Corporation,2022-01-14,2022-01-18,1,down,down,0.4634831621936414,0.3060708919139379,0.23044594589242093,0.4634831621936414,0.1574122702797035,True,True
NVIDIA Corporation,2022-01-18,2022-01-19,1,down,down,0.45985370652520385,0.2823331465369106,0.25781314693788554,0.45985370652520385,0.17752055998829325,True,True
NVIDIA Corporation,2022-01-19,2022-01-20,1,down,down,0.42973399787265726,0.28281607548848064,0.2874499266388622,0.42973399787265726,0.1469179223841766,True,True
NVIDIA Corporation,2022-01-20,2022-01-21,1,down,down,0.4025524556079436,0.25822865591454197,0.33921888847751436,0.4025524556079436,0.14432379969340164,True,True
NVIDIA Corporation,2022-01-21,2022-01-24,1,down,down,0.4962526685622464,0.2162315888375158,0.28751574260023804,0.4962526685622464,0.2800210797247306,True,True
NVIDIA Corporation,2022-01-24,2022-01-25,1,flat,down,0.5514062908433005,0.21175284232333938,0.23684086683336028,0.5514062908433005,0.33965344851996115,True,False
NVIDIA Corporation,2022-01-25,2022-01-26,1,up,down,0.4174899717671172,0.2475405519817623,0.3349694762511205,0.4174899717671172,0.1699494197853549,True,False
NVIDIA Corporation,2022-01-26,2022-01-27,1,flat,up,0.3379545246091664,0.30118075182559956,0.360864723565234,0.360864723565234,0.05968397173963447,True,False
NVIDIA Corporation,2022-01-27,2022-01-28,1,down,down,0.4850573828683793,0.33296613017647453,0.18197648695514637,0.4850573828683793,0.15209125269190477,True,True
NVIDIA Corporation,2022-01-28,2022-01-31,1,up,down,0.5269941060882009,0.3191974539083622,0.15380844000343705,0.5269941060882009,0.20779665217983867,True,False
NVIDIA Corporation,2022-01-31,2022-02-01,1,up,flat,0.19547174699734832,0.45997862512461873,0.34454962787803295,0.34454962787803295,-0.11542899724658578,False,False
NVIDIA Corporation,2022-02-01,2022-02-02,1,up,flat,0.22028649250582233,0.569987280878731,0.20972622661544682,0.22028649250582233,-0.34970078837290863,False,False
NVIDIA Corporation,2022-02-02,2022-02-03,1,down,flat,0.19405644250203494,0.5711794892112506,0.23476406828671448,0.23476406828671448,-0.33641542092453613,False,False
NVIDIA Corporation,2022-02-03,2022-02-04,1,flat,down,0.4292435739297591,0.40940328591522357,0.16135314015501764,0.4292435739297591,0.019840288014535523,True,False
NVIDIA Corporation,2022-02-04,2022-02-07,1,flat,flat,0.3204246008126144,0.4341071101765816,0.24546828901080409,0.3204246008126144,-0.11368250936396718,False,True
NVIDIA Corporation,2022-02-07,2022-02-08,1,flat,flat,0.17448730908024676,0.5140294647433912,0.3114832261763622,0.3114832261763622,-0.20254623856702897,False,True
NVIDIA Corporation,2022-02-08,2022-02-09,1,up,flat,0.27877192332098066,0.4442800213059786,0.2769480553730407,0.27877192332098066,-0.16550809798499794,False,False
NVIDIA Corporation,2022-02-09,2022-02-10,1,flat,flat,0.1415368128767694,0.5099163509410107,0.34854683618222,0.34854683618222,-0.16136951475879074,False,True
NVIDIA Corporation,2022-02-10,2022-02-11,1,down,flat,0.28765322726959414,0.548103249911015,0.16424352281939072,0.28765322726959414,-0.26045002264142086,False,False
NVIDIA Corporation,2022-02-11,2022-02-14,1,down,flat,0.4211884477043189,0.4406208054359875,0.13819074685969385,0.4211884477043189,-0.01943235773166857,False,False
NVIDIA Corporation,2022-02-14,2022-02-15,1,up,flat,0.326772099722729,0.45796746861710014,0.21526043166017095,0.326772099722729,-0.1311953688943711,False,False
NVIDIA Corporation,2022-02-15,2022-02-16,1,flat,up,0.15792345375846178,0.39738005361608364,0.4446964926254545,0.4446964926254545,0.04731643900937088,True,False
NVIDIA Corporation,2022-02-16,2022-02-17,1,down,flat,0.17070712848002187,0.5359061194740269,0.2933867520459512,0.2933867520459512,-0.24251936742807567,False,False
NVIDIA Corporation,2022-02-17,2022-02-18,1,down,flat,0.3659582343830028,0.4344030033805161,0.19963876223648117,0.3659582343830028,-0.06844476899751328,False,False
NVIDIA Corporation,2022-02-18,2022-02-22,1,down,flat,0.3743623574552971,0.4299723072938378,0.1956653352508652,0.3743623574552971,-0.05560994983854067,False,False
NVIDIA Corporation,2022-02-22,2022-02-23,1,flat,flat,0.35614200524611417,0.4271749287227521,0.2166830660311338,0.35614200524611417,-0.07103292347663792,False,True
NVIDIA Corporation,2022-02-23,2022-02-24,1,down,flat,0.30263275054117234,0.4230387617031538,0.27432848775567387,0.30263275054117234,-0.12040601116198146,False,False
NVIDIA Corporation,2022-02-24,2022-02-25,1,up,flat,0.3618761242811694,0.3821389790554518,0.25598489666337904,0.3618761242811694,-0.020262854774282413,False,False
NVIDIA Corporation,2022-02-25,2022-02-28,1,flat,flat,0.15152948036790267,0.4676125180509712,0.38085800158112626,0.38085800158112626,-0.08675451646984494,False,True
NVIDIA Corporation,2022-02-28,2022-03-01,1,flat,flat,0.1954898142476315,0.6283516850950056,0.1761585006573629,0.1954898142476315,-0.4328618708473741,False,True
NVIDIA Corporation,2022-03-01,2022-03-02,1,flat,flat,0.37552340764459774,0.4917607606579374,0.13271583169746512,0.37552340764459774,-0.11623735301333965,False,True
NVIDIA Corporation,2022-03-02,2022-03-03,1,flat,flat,0.28278151312451083,0.5130774513871541,0.204141035488335,0.28278151312451083,-0.23029593826264327,False,True
NVIDIA Corporation,2022-03-03,2022-03-04,1,down,flat,0.3057121651775476,0.4701947297678583,0.22409310505459412,0.3057121651775476,-0.1644825645903107,False,False
NVIDIA Corporation,2022-03-04,2022-03-07,1,down,flat,0.39593883218993065,0.4292749739751428,0.17478619383492663,0.39593883218993065,-0.03333614178521216,False,False
NVIDIA Corporation,2022-03-07,2022-03-08,1,down,flat,0.3363858283623957,0.37837309154239906,0.2852410800952054,0.3363858283623957,-0.04198726318000334,False,False
NVIDIA Corporation,2022-03-08,2022-03-09,1,up,down,0.36118136962333613,0.3520842022414671,0.2867344281351966,0.36118136962333613,0.009097167381869053,True,False
NVIDIA Corporation,2022-03-09,2022-03-10,1,flat,flat,0.14695446220836927,0.43542513138819117,0.41762040640343956,0.41762040640343956,-0.017804724984751608,False,True
NVIDIA Corporation,2022-03-10,2022-03-11,1,flat,flat,0.36147200694319626,0.4463106015745934,0.1922173914822105,0.36147200694319626,-0.08483859463139715,False,True
NVIDIA Corporation,2022-03-11,2022-03-14,1,down,flat,0.29124647999585696,0.4781836529090486,0.23056986709509447,0.29124647999585696,-0.18693717291319162,False,False
NVIDIA Corporation,2022-03-14,2022-03-15,1,up,down,0.444333569552921,0.4001978312942938,0.15546859915278533,0.444333569552921,0.04413573825862721,True,False
NVIDIA Corporation,2022-03-15,2022-03-16,1,up,flat,0.23080711354598263,0.43745203541088207,0.33174085104313544,0.33174085104313544,-0.10571118436774662,False,False
NVIDIA Corporation,2022-03-16,2022-03-17,1,flat,up,0.15171585887480166,0.42200946317597404,0.42627467794922436,0.42627467794922436,0.004265214773250314,True,False
NVIDIA Corporation,2022-03-17,2022-03-18,1,up,flat,0.19345942641400798,0.5393864759218844,0.26715409766410764,0.26715409766410764,-0.27223237825777674,False,False
NVIDIA Corporation,2022-03-18,2022-03-21,1,up,flat,0.16003603660818091,0.5177420629589301,0.32222190043288895,0.32222190043288895,-0.19552016252604115,False,False
NVIDIA Corporation,2022-03-21,2022-03-22,1,flat,flat,0.165155035283578,0.6044581849596344,0.2303867797567875,0.2303867797567875,-0.37407140520284693,False,True
NVIDIA Corporation,2022-03-22,2022-03-23,1,down,flat,0.28863722286931787,0.5633812825815222,0.14798149454915993,0.28863722286931787,-0.27474405971220434,False,False
NVIDIA Corporation,2022-03-23,2022-03-24,1,up,flat,0.36641853906471533,0.4396452372984267,0.19393622363685814,0.36641853906471533,-0.07322669823371136,False,False
NVIDIA Corporation,2022-03-24,2022-03-25,1,up,up,0.13411122801255757,0.36970875264076314,0.4961800193466792,0.4961800193466792,0.12647126670591607,True,True
NVIDIA Corporation,2022-03-25,2022-03-28,1,flat,flat,0.17916310708754943,0.5273145816565121,0.2935223112559384,0.2935223112559384,-0.2337922704005737,False,True
NVIDIA Corporation,2022-03-28,2022-03-29,1,up,flat,0.23705413546211343,0.5641843881366417,0.19876147640124492,0.23705413546211343,-0.32713025267452833,False,False
NVIDIA Corporation,2022-03-29,2022-03-30,1,down,flat,0.18027299496900687,0.5225284085099898,0.2971985965210034,0.2971985965210034,-0.22532981198898644,False,False
NVIDIA Corporation,2022-03-30,2022-03-31,1,flat,flat,0.3826949684767063,0.4608186054165085,0.15648642610678543,0.3826949684767063,-0.07812363693980218,False,True
NVIDIA Corporation,2022-03-31,2022-04-01,1,down,flat,0.3756490596633243,0.45212451296825384,0.17222642736842197,0.3756490596633243,-0.07647545330492955,False,False
NVIDIA Corporation,2022-04-01,2022-04-04,1,flat,flat,0.37517256854475733,0.42513247298826623,0.19969495846697638,0.37517256854475733,-0.049959904443508896,False,True
NVIDIA Corporation,2022-04-04,2022-04-05,1,down,flat,0.27109185170526373,0.413924983842783,0.3149831644519533,0.3149831644519533,-0.09894181939082969,False,False
NVIDIA Corporation,2022-04-05,2022-04-06,1,down,flat,0.3424042341713506,0.42134583995282404,0.23624992587582547,0.3424042341713506,-0.07894160578147347,False,False
NVIDIA Corporation,2022-04-06,2022-04-07,1,down,down,0.515000079946045,0.293674491903421,0.19132542815053427,0.515000079946045,0.22132558804262403,True,True
NVIDIA Corporation,2022-04-07,2022-04-08,1,down,down,0.40242169500091907,0.30564459844652325,0.29193370655255757,0.40242169500091907,0.09677709655439581,True,True
NVIDIA Corporation,2022-04-08,2022-04-11,1,down,down,0.4466893014335359,0.29459670205002375,0.25871399651644034,0.4466893014335359,0.15209259938351216,True,True
NVIDIA Corporation,2022-04-11,2022-04-12,1,flat,down,0.5727437105647075,0.22954142362669083,0.1977148658086016,0.5727437105647075,0.3432022869380167,True,False
NVIDIA Corporation,2022-04-12,2022-04-13,1,flat,down,0.38974795536018453,0.2635703843345422,0.34668166030527325,0.38974795536018453,0.1261775710256423,True,False
NVIDIA Corporation,2022-04-13,2022-04-14,1,flat,down,0.4599639642241566,0.25722768813971475,0.28280834763612883,0.4599639642241566,0.20273627608444184,True,False
NVIDIA Corporation,2022-04-14,2022-04-18,1,down,down,0.498822869444145,0.2921057720059436,0.20907135854991138,0.498822869444145,0.20671709743820138,True,True
NVIDIA Corporation,2022-04-18,2022-04-19,1,flat,down,0.5555703062490428,0.25842331061213497,0.18600638313882223,0.5555703062490428,0.29714699563690783,True,False
NVIDIA Corporation,2022-04-19,2022-04-20,1,flat,down,0.38881930642172824,0.34539250074313804,0.2657881928351337,0.38881930642172824,0.0434268056785902,True,False
NVIDIA Corporation,2022-04-20,2022-04-21,1,down,down,0.4490986698298759,0.34533559208952896,0.20556573808059506,0.4490986698298759,0.10376307774034693,True,True
NVIDIA Corporation,2022-04-21,2022-04-22,1,down,down,0.6015473461435588,0.2589734104980743,0.1394792433583672,0.6015473461435588,0.34257393564548444,True,True
NVIDIA Corporation,2022-04-22,2022-04-25,1,down,down,0.5922846461710087,0.2113981298392832,0.19631722398970805,0.5922846461710087,0.38088651633172554,True,True
NVIDIA Corporation,2022-04-25,2022-04-26,1,flat,down,0.46747095467520294,0.2561941894776552,0.2763348558471418,0.46747095467520294,0.21127676519754773,True,False
NVIDIA Corporation,2022-04-26,2022-04-27,1,down,down,0.44087684198271127,0.271917269386717,0.2872058886305718,0.44087684198271127,0.16895957259599426,True,True
NVIDIA Corporation,2022-04-27,2022-04-28,1,up,down,0.45236375971373294,0.2747757836465864,0.2728604566396807,0.45236375971373294,0.17758797606714655,True,False
NVIDIA Corporation,2022-04-28,2022-04-29,1,flat,up,0.23500730121024538,0.369913342995984,0.39507935579377074,0.39507935579377074,0.02516601279778674,True,False
NVIDIA Corporation,2022-04-29,2022-05-02,1,flat,down,0.44434220019978987,0.3711236217807641,0.1845341780194461,0.44434220019978987,0.07321857841902579,True,False
NVIDIA Corporation,2022-05-02,2022-05-03,1,flat,down,0.4696744031711855,0.34883076187391593,0.1814948349548987,0.4696744031711855,0.12084364129726954,True,False
NVIDIA Corporation,2022-05-03,2022-05-04,1,flat,flat,0.24927833421628603,0.45803773941046166,0.29268392637325213,0.29268392637325213,-0.16535381303720953,False,True
NVIDIA Corporation,2022-05-04,2022-05-05,1,down,flat,0.23306666929375858,0.42423337365314406,0.34269995705309736,0.34269995705309736,-0.0815334166000467,False,False
NVIDIA Corporation,2022-05-05,2022-05-06,1,down,down,0.39344330670113536,0.3933048986669724,0.21325179463189253,0.39344330670113536,0.00013840803416298453,True,True
NVIDIA Corporation,2022-05-06,2022-05-09,1,down,flat,0.33774797779068066,0.4136146564482335,0.2486373657610858,0.33774797779068066,-0.07586667865755281,False,False
NVIDIA Corporation,2022-05-09,2022-05-10,1,flat,down,0.4189249110315447,0.34960444301810356,0.23147064595035174,0.4189249110315447,0.06932046801344116,True,False
NVIDIA Corporation,2022-05-10,2022-05-11,1,down,up,0.23288409105488078,0.34848154005896703,0.4186343688861522,0.4186343688861522,0.07015282882718515,True,False
NVIDIA Corporation,2022-05-11,2022-05-12,1,down,flat,0.3159864751225529,0.37150680915151174,0.31250671572593547,0.3159864751225529,-0.05552033402895884,False,False
NVIDIA Corporation,2022-05-12,2022-05-13,1,up,down,0.37388945786646416,0.34458049326253415,0.2815300488710018,0.37388945786646416,0.02930896460393001,True,False
NVIDIA Corporation,2022-05-13,2022-05-16,1,flat,flat,0.1381234428076411,0.4500541085840568,0.41182244860830214,0.41182244860830214,-0.03823165997575467,False,True
NVIDIA Corporation,2022-05-16,2022-05-17,1,up,flat,0.2384964224870887,0.5399548661230381,0.2215487113898732,0.2384964224870887,-0.3014584436359494,False,False
NVIDIA Corporation,2022-05-17,2022-05-18,1,down,flat,0.15449699473898615,0.596368609702089,0.2491343955589248,0.2491343955589248,-0.34723421414316424,False,False
NVIDIA Corporation,2022-05-18,2022-05-19,1,flat,flat,0.3538174203986683,0.4399357187996418,0.20624686080168994,0.3538174203986683,-0.08611829840097346,False,True
NVIDIA Corporation,2022-05-19,2022-05-20,1,flat,flat,0.32496986468233824,0.4465055375232538,0.22852459779440795,0.32496986468233824,-0.12153567284091554,False,True
NVIDIA Corporation,2022-05-20,2022-05-23,1,flat,flat,0.296329097086397,0.4620484346999777,0.24162246821362518,0.296329097086397,-0.1657193376135807,False,True
NVIDIA Corporation,2022-05-23,2022-05-24,1,flat,flat,0.23161948351582612,0.45165778388032685,0.3167227326038469,0.3167227326038469,-0.13493505127647992,False,True
NVIDIA Corporation,2022-05-24,2022-05-25,1,flat,flat,0.2412346373046975,0.45968895823290207,0.2990764044624003,0.2990764044624003,-0.16061255377050176,False,True
NVIDIA Corporation,2022-05-25,2022-05-26,1,flat,flat,0.1756959670848693,0.4204855567716655,0.40381847614346517,0.40381847614346517,-0.016667080628200326,False,True
NVIDIA Corporation,2022-05-26,2022-05-27,1,up,flat,0.1436002745012535,0.47777065609884123,0.37862906939990515,0.37862906939990515,-0.09914158669893608,False,False
NVIDIA Corporation,2022-05-27,2022-05-31,1,flat,flat,0.10666905716231802,0.566620647352199,0.3267102954854829,0.3267102954854829,-0.23991035186671605,False,True
NVIDIA Corporation,2022-05-31,2022-06-01,1,flat,flat,0.16124835276730493,0.6429802053378392,0.19577144189485596,0.19577144189485596,-0.4472087634429832,False,True
NVIDIA Corporation,2022-06-01,2022-06-02,1,flat,flat,0.25906715580437545,0.5464726335685618,0.19446021062706265,0.25906715580437545,-0.28740547776418635,False,True
NVIDIA Corporation,2022-06-02,2022-06-03,1,flat,flat,0.17025470598362746,0.529645040125093,0.30010025389127953,0.30010025389127953,-0.2295447862338134,False,True
NVIDIA Corporation,2022-06-03,2022-06-06,1,flat,flat,0.2090382381678336,0.5239151913635942,0.2670465704685723,0.2670465704685723,-0.25686862089502194,False,True
NVIDIA Corporation,2022-06-06,2022-06-07,1,flat,flat,0.1724289112418156,0.5474738550166752,0.2800972337415091,0.2800972337415091,-0.26737662127516615,False,True
NVIDIA Corporation,2022-06-07,2022-06-08,1,flat,flat,0.19568215061607874,0.5130862854009625,0.2912315639829588,0.2912315639829588,-0.22185472141800366,False,True
NVIDIA Corporation,2022-06-08,2022-06-09,1,down,flat,0.1633381412965173,0.5205045763420028,0.31615728236148,0.31615728236148,-0.20434729398052276,False,False
NVIDIA Corporation,2022-06-09,2022-06-10,1,down,flat,0.24287555727663673,0.5135028933517474,0.24362154937161573,0.24362154937161573,-0.26988134398013164,False,False
NVIDIA Corporation,2022-06-10,2022-06-13,1,down,flat,0.35787377556411354,0.39971465628856667,0.24241156814731962,0.35787377556411354,-0.04184088072445313,False,False
NVIDIA Corporation,2022-06-13,2022-06-14,1,flat,down,0.4536726829951367,0.31196851713771223,0.23435879986715097,0.4536726829951367,0.14170416585742446,True,False
NVIDIA Corporation,2022-06-14,2022-06-15,1,up,up,0.2551070989109219,0.3559581689989827,0.3889347320900953,0.3889347320900953,0.03297656309111263,True,True
NVIDIA Corporation,2022-06-15,2022-06-16,1,down,up,0.19829052232713934,0.389410141720538,0.41229933595232254,0.41229933595232254,0.022889194231784538,True,False
NVIDIA Corporation,2022-06-16,2022-06-17,1,flat,flat,0.3679736242599533,0.37731526564243434,0.25471111009761227,0.3679736242599533,-0.009341641382481058,False,True
NVIDIA Corporation,2022-06-17,2022-06-21,1,up,flat,0.3210186707607938,0.3950432080817484,0.2839381211574577,0.3210186707607938,-0.0740245373209546,False,False
NVIDIA Corporation,2022-06-21,2022-06-22,1,flat,flat,0.17596252850632685,0.4733334068836025,0.35070406461007075,0.35070406461007075,-0.12262934227353173,False,True
NVIDIA Corporation,2022-06-22,2022-06-23,1,flat,down,0.41433944781047016,0.3909487290843374,0.19471182310519242,0.41433944781047016,0.023390718726132742,True,False
NVIDIA Corporation,2022-06-23,2022-06-24,1,up,flat,0.3371032658578209,0.4037615734755139,0.2591351606666652,0.3371032658578209,-0.06665830761769298,False,False
NVIDIA Corporation,2022-06-24,2022-06-27,1,flat,up,0.18592771899701926,0.4021513259541746,0.4119209550488062,0.4119209550488062,0.009769629094631638,True,False
NVIDIA Corporation,2022-06-27,2022-06-28,1,down,flat,0.21028835603184565,0.4818031886923137,0.3079084552758406,0.3079084552758406,-0.1738947334164731,False,False
NVIDIA Corporation,2022-06-28,2022-06-29,1,down,flat,0.32567118392926964,0.4101073449162903,0.2642214711544399,0.32567118392926964,-0.08443616098702067,False,False
NVIDIA Corporation,2022-06-29,2022-06-30,1,down,down,0.3995326177950371,0.3517649909414874,0.2487023912634752,0.3995326177950371,0.04776762685354974,True,True
NVIDIA Corporation,2022-06-30,2022-07-01,1,down,down,0.38672095290220776,0.3086478320882836,0.30463121500950874,0.38672095290220776,0.07807312081392415,True,True
NVIDIA Corporation,2022-07-01,2022-07-05,1,flat,down,0.35779273554599733,0.30911288751572996,0.3330943769382727,0.35779273554599733,0.04867984803026737,True,False
NVIDIA Corporation,2022-07-05,2022-07-06,1,up,up,0.2960049026392274,0.3194251785455291,0.3845699188152434,0.3845699188152434,0.06514474026971429,True,True
NVIDIA Corporation,2022-07-06,2022-07-07,1,up,up,0.18247927111316115,0.3932223890135513,0.42429833987328747,0.42429833987328747,0.03107595085973619,True,True
NVIDIA Corporation,2022-07-07,2022-07-08,1,flat,flat,0.15876386753398408,0.5032790715529158,0.3379570609131001,0.3379570609131001,-0.16532201063981572,False,True
NVIDIA Corporation,2022-07-08,2022-07-11,1,down,flat,0.30544892666580814,0.4854400096944813,0.20911106363971046,0.30544892666580814,-0.17999108302867317,False,False
NVIDIA Corporation,2022-07-11,2022-07-12,1,flat,down,0.42145835922490127,0.36494847519279194,0.21359316558230673,0.42145835922490127,0.056509884032109325,True,False
NVIDIA Corporation,2022-07-12,2022-07-13,1,down,flat,0.37276481353203583,0.3770502180921,0.2501849683758641,0.37276481353203583,-0.004285404560064154,False,False
NVIDIA Corporation,2022-07-13,2022-07-14,1,flat,flat,0.32956474220189713,0.39939250993377506,0.2710427478643277,0.32956474220189713,-0.06982776773187793,False,True
NVIDIA Corporation,2022-07-14,2022-07-15,1,up,flat,0.20670966292506548,0.39784279042348625,0.3954475466514481,0.3954475466514481,-0.002395243772038147,False,False
NVIDIA Corporation,2022-07-15,2022-07-18,1,up,flat,0.15336940978166322,0.4448660830404584,0.4017645071778783,0.4017645071778783,-0.043101575862580066,False,False
NVIDIA Corporation,2022-07-18,2022-07-19,1,up,up,0.1114269864994923,0.354241352424148,0.5343316610763595,0.5343316610763595,0.18009030865221154,True,True
NVIDIA Corporation,2022-07-19,2022-07-20,1,up,flat,0.1736672369491188,0.45130753389530676,0.37502522915557435,0.37502522915557435,-0.07628230473973241,False,False
NVIDIA Corporation,2022-07-20,2022-07-21,1,up,flat,0.15968193210364778,0.46366953740983385,0.37664853048651836,0.37664853048651836,-0.08702100692331549,False,False
NVIDIA Corporation,2022-07-21,2022-07-22,1,down,flat,0.18643369640693092,0.5240815673307984,0.28948473626227067,0.28948473626227067,-0.2345968310685277,False,False
NVIDIA Corporation,2022-07-22,2022-07-25,1,down,flat,0.3247551246095717,0.44749819993735906,0.22774667545306926,0.3247551246095717,-0.12274307532778739,False,False
NVIDIA Corporation,2022-07-25,2022-07-26,1,down,flat,0.3272787766938383,0.40291213014345684,0.26980909316270485,0.3272787766938383,-0.07563335344961852,False,False
NVIDIA Corporation,2022-07-26,2022-07-27,1,up,flat,0.22143665869069296,0.4206795870644029,0.35788375424490404,0.35788375424490404,-0.06279583281949885,False,False
NVIDIA Corporation,2022-07-27,2022-07-28,1,up,up,0.12799531839873263,0.39116968420810305,0.48083499739316427,0.48083499739316427,0.08966531318506121,True,True
NVIDIA Corporation,2022-07-28,2022-07-29,1,flat,flat,0.11610083110027095,0.5189054088182395,0.3649937600814894,0.3649937600814894,-0.15391164873675012,False,True
NVIDIA Corporation,2022-07-29,2022-08-01,1,up,flat,0.18638727248872877,0.5588052442588017,0.2548074832524695,0.2548074832524695,-0.30399776100633225,False,False
NVIDIA Corporation,2022-08-01,2022-08-02,1,flat,flat,0.16070110645290198,0.47714031062634227,0.36215858292075576,0.36215858292075576,-0.11498172770558651,False,True
NVIDIA Corporation,2022-08-02,2022-08-03,1,flat,flat,0.24595792398491528,0.4945792417513325,0.2594628342637523,0.2594628342637523,-0.23511640748758023,False,True
NVIDIA Corporation,2022-08-03,2022-08-04,1,up,flat,0.21779136126402637,0.5007246792190462,0.28148395951692756,0.28148395951692756,-0.2192407197021186,False,False
NVIDIA Corporation,2022-08-04,2022-08-05,1,flat,flat,0.13840111231369295,0.4785778016433903,0.38302108604291685,0.38302108604291685,-0.09555671560047346,False,True
NVIDIA Corporation,2022-08-05,2022-08-08,1,down,flat,0.2371003433801121,0.44549296163337165,0.3174066949865162,0.3174066949865162,-0.12808626664685546,False,False
NVIDIA Corporation,2022-08-08,2022-08-09,1,down,down,0.49140870377687496,0.2881376635998109,0.22045363262331424,0.49140870377687496,0.20327104017706404,True,True
NVIDIA Corporation,2022-08-09,2022-08-10,1,up,up,0.317983870358156,0.3149705923795119,0.3670455372623321,0.3670455372623321,0.05207494488282016,True,True
NVIDIA Corporation,2022-08-10,2022-08-11,1,up,up,0.15853871527468238,0.3549420561873951,0.4865192285379225,0.4865192285379225,0.1315771723505274,True,True
NVIDIA Corporation,2022-08-11,2022-08-12,1,flat,up,0.14982619363795197,0.4197730534089096,0.4304007529531385,0.4304007529531385,0.01062769954422893,True,False
NVIDIA Corporation,2022-08-12,2022-08-15,1,up,flat,0.1657613570907138,0.5139032220616699,0.32033542084761635,0.32033542084761635,-0.1935678012140536,False,False
NVIDIA Corporation,2022-08-15,2022-08-16,1,flat,flat,0.14907280375999604,0.4988825475434157,0.3520446486965883,0.3520446486965883,-0.1468378988468274,False,True
NVIDIA Corporation,2022-08-16,2022-08-17,1,down,flat,0.29947526246579514,0.465784506877465,0.2347402306567397,0.29947526246579514,-0.16630924441166983,False,False
NVIDIA Corporation,2022-08-17,2022-08-18,1,flat,down,0.3902387738573888,0.3433342361401999,0.26642699000241127,0.3902387738573888,0.04690453771718889,True,False
NVIDIA Corporation,2022-08-18,2022-08-19,1,down,up,0.20589786738050048,0.38774129945378755,0.40636083316571225,0.40636083316571225,0.018619533711924707,True,False
NVIDIA Corporation,2022-08-19,2022-08-22,1,down,flat,0.2623149150572943,0.4078428578566002,0.32984222708610533,0.32984222708610533,-0.07800063077049485,False,False
NVIDIA Corporation,2022-08-22,2022-08-23,1,flat,flat,0.3113271894040416,0.3522980861738484,0.33637472442211,0.33637472442211,-0.015923361751738363,False,True
NVIDIA Corporation,2022-08-23,2022-08-24,1,flat,up,0.23200545098928335,0.32962069643885206,0.4383738525718648,0.4383738525718648,0.10875315613301273,True,False
NVIDIA Corporation,2022-08-24,2022-08-25,1,flat,up,0.24960897990122294,0.34548336935674595,0.4049076507420312,0.4049076507420312,0.05942428138528527,True,False
NVIDIA Corporation,2022-08-25,2022-08-26,1,down,up,0.20611269515102346,0.3208380282760953,0.4730492765728812,0.4730492765728812,0.1522112482967859,True,False
NVIDIA Corporation,2022-08-26,2022-08-29,1,down,down,0.3534541840545527,0.3467176480749312,0.2998281678705158,0.3534541840545527,0.006736535979621483,True,True
NVIDIA Corporation,2022-08-29,2022-08-30,1,down,down,0.47975533798944936,0.2711521085583113,0.24909255345223927,0.47975533798944936,0.20860322943113807,True,True
NVIDIA Corporation,2022-08-30,2022-08-31,1,down,down,0.39457539263606245,0.29926973728367706,0.30615487008026054,0.39457539263606245,0.09530565535238539,True,True
NVIDIA Corporation,2022-08-31,2022-09-01,1,down,down,0.4030169132594839,0.2785443138327286,0.31843877290778755,0.4030169132594839,0.12447259942675531,True,True
NVIDIA Corporation,2022-09-01,2022-09-02,1,flat,down,0.6101246995869553,0.20303752301501443,0.18683777739803042,0.6101246995869553,0.4070871765719408,True,False
NVIDIA Corporation,2022-09-02,2022-09-06,1,down,up,0.3140274620273885,0.27340824380827294,0.4125642941643386,0.4125642941643386,0.13915605035606565,True,False
NVIDIA Corporation,2022-09-06,2022-09-07,1,flat,down,0.4130587045799826,0.281513462201089,0.30542783321892836,0.4130587045799826,0.1315452423788936,True,False
NVIDIA Corporation,2022-09-07,2022-09-08,1,flat,down,0.37366249605442947,0.3506767654313395,0.2756607385142309,0.37366249605442947,0.02298573062308995,True,False
NVIDIA Corporation,2022-09-08,2022-09-09,1,up,down,0.3849299431351015,0.3621962134782033,0.25287384338669516,0.3849299431351015,0.022733729656898183,True,False
NVIDIA Corporation,2022-09-09,2022-09-12,1,flat,flat,0.27704813947245943,0.443374056109875,0.2795778044176654,0.2795778044176654,-0.16379625169220963,False,True
NVIDIA Corporation,2022-09-12,2022-09-13,1,down,flat,0.37426716440130825,0.4282753006145128,0.1974575349841789,0.37426716440130825,-0.05400813621320455,False,False
NVIDIA Corporation,2022-09-13,2022-09-14,1,down,down,0.5621965898060627,0.2889191166022083,0.14888429359172894,0.5621965898060627,0.27327747320385437,True,True
NVIDIA Corporation,2022-09-14,2022-09-15,1,flat,down,0.46030866561580186,0.29603966295859824,0.24365167142559982,0.46030866561580186,0.16426900265720362,True,False
NVIDIA Corporation,2022-09-15,2022-09-16,1,flat,down,0.35204781531327123,0.32566725531696494,0.32228492936976383,0.35204781531327123,0.026380559996306285,True,False
NVIDIA Corporation,2022-09-16,2022-09-19,1,flat,up,0.3129335350459296,0.3337883989272836,0.3532780660267867,0.3532780660267867,0.01948966709950306,True,False
NVIDIA Corporation,2022-09-19,2022-09-20,1,flat,up,0.18853168915969987,0.3999565643926305,0.41151174644766975,0.41151174644766975,0.011555182055039248,True,False
NVIDIA Corporation,2022-09-20,2022-09-21,1,flat,flat,0.3025896441122141,0.43133378381185805,0.2660765720759277,0.3025896441122141,-0.12874413969964393,False,True
NVIDIA Corporation,2022-09-21,2022-09-22,1,down,flat,0.26874195224705666,0.4055872475722125,0.3256708001807308,0.3256708001807308,-0.07991644739148168,False,False
NVIDIA Corporation,2022-09-22,2022-09-23,1,down,down,0.48497745264570513,0.3250806787616535,0.18994186859264128,0.48497745264570513,0.15989677388405166,True,True
NVIDIA Corporation,2022-09-23,2022-09-26,1,flat,down,0.42444827452365674,0.30428681110621425,0.2712649143701289,0.42444827452365674,0.1201614634174425,True,False
NVIDIA Corporation,2022-09-26,2022-09-27,1,flat,up,0.3125581507934251,0.2987698234396583,0.3886720257669166,0.3886720257669166,0.08990220232725832,True,False
NVIDIA Corporation,2022-09-27,2022-09-28,1,flat,up,0.24092400199810665,0.3412415231903895,0.417834474811504,0.417834474811504,0.07659295162111451,True,False
NVIDIA Corporation,2022-09-28,2022-09-29,1,down,flat,0.23222220707699637,0.4178863344501609,0.34989145847284275,0.34989145847284275,-0.06799487597731813,False,False
NVIDIA Corporation,2022-09-29,2022-09-30,1,flat,flat,0.29222636718125494,0.40096388652327575,0.3068097462954692,0.3068097462954692,-0.09415414022780655,False,True
NVIDIA Corporation,2022-09-30,2022-10-03,1,flat,flat,0.2604030964823053,0.3825997936726837,0.35699710984501104,0.35699710984501104,-0.025602683827672668,False,True
NVIDIA Corporation,2022-10-03,2022-10-04,1,up,flat,0.22103749263792022,0.4019374750741753,0.3770250322879045,0.3770250322879045,-0.024912442786270805,False,False
NVIDIA Corporation,2022-10-04,2022-10-05,1,flat,up,0.1272318209522452,0.42510615773516786,0.447662021312587,0.447662021312587,0.022555863577419122,True,False
NVIDIA Corporation,2022-10-05,2022-10-06,1,up,flat,0.25372304259953826,0.4627348434522075,0.2835421139482541,0.2835421139482541,-0.17919272950395337,False,False
NVIDIA Corporation,2022-10-06,2022-10-07,1,down,flat,0.1566215049121523,0.42506141565158045,0.4183170794362673,0.4183170794362673,-0.006744336215313174,False,False
NVIDIA Corporation,2022-10-07,2022-10-10,1,down,down,0.45288562209166155,0.3503670993939685,0.19674727851436966,0.45288562209166155,0.10251852269769307,True,True
NVIDIA Corporation,2022-10-10,2022-10-11,1,down,flat,0.3330927995625446,0.3441371821262952,0.32277001831116015,0.3330927995625446,-0.011044382563750565,False,False
NVIDIA Corporation,2022-10-11,2022-10-12,1,flat,up,0.2716373100192366,0.31389912525384556,0.4144635647269178,0.4144635647269178,0.10056443947307225,True,False
NVIDIA Corporation,2022-10-12,2022-10-13,1,flat,up,0.25171180803308923,0.28847496916804627,0.4598132227988644,0.4598132227988644,0.17133825363081812,True,False
NVIDIA Corporation,2022-10-13,2022-10-14,1,flat,up,0.2841233973513183,0.3161391958923117,0.39973740675637,0.39973740675637,0.08359821086405828,True,False
NVIDIA Corporation,2022-10-14,2022-10-17,1,flat,flat,0.18031520783772825,0.43848707947755483,0.3811977126847168,0.3811977126847168,-0.057289366792838026,False,True
NVIDIA Corporation,2022-10-17,2022-10-18,1,up,flat,0.24951511779144359,0.48823985631368827,0.262245025894868,0.262245025894868,-0.2259948304188203,False,False
NVIDIA Corporation,2022-10-18,2022-10-19,1,flat,flat,0.14556952472633572,0.5000247010822683,0.3544057741913959,0.3544057741913959,-0.14561892689087236,False,True
NVIDIA Corporation,2022-10-19,2022-10-20,1,flat,flat,0.29370860978469604,0.4779369414868504,0.22835444872845345,0.29370860978469604,-0.18422833170215436,False,True
NVIDIA Corporation,2022-10-20,2022-10-21,1,flat,flat,0.1512319810287694,0.44302455004520574,0.4057434689260248,0.4057434689260248,-0.03728108111918094,False,True
NVIDIA Corporation,2022-10-21,2022-10-24,1,flat,flat,0.2353253812852556,0.4684738015788177,0.2962008171359266,0.2962008171359266,-0.17227298444289108,False,True
NVIDIA Corporation,2022-10-24,2022-10-25,1,up,flat,0.12197603272917512,0.49527990365590413,0.38274406361492086,0.38274406361492086,-0.11253584004098327,False,False
NVIDIA Corporation,2022-10-25,2022-10-26,1,flat,flat,0.09160528005888442,0.5293216083320915,0.3790731116090239,0.3790731116090239,-0.15024849672306761,False,True
NVIDIA Corporation,2022-10-26,2022-10-27,1,up,flat,0.19391669095901098,0.531091638257599,0.27499167078339,0.27499167078339,-0.256099967474209,False,False
NVIDIA Corporation,2022-10-27,2022-10-28,1,flat,flat,0.10070829901621359,0.5129163151543763,0.38637538582941033,0.38637538582941033,-0.12654092932496597,False,True
NVIDIA Corporation,2022-10-28,2022-10-31,1,flat,flat,0.2594092906204444,0.4963810977104899,0.24420961166906568,0.2594092906204444,-0.2369718070900455,False,True
NVIDIA Corporation,2022-10-31,2022-11-01,1,flat,flat,0.21602082827856414,0.5087652663231252,0.2752139053983106,0.2752139053983106,-0.23355136092481465,False,True
NVIDIA Corporation,2022-11-01,2022-11-02,1,flat,flat,0.17452943873965263,0.5108219504273666,0.3146486108329808,0.3146486108329808,-0.19617333959438576,False,True
NVIDIA Corporation,2022-11-02,2022-11-03,1,down,flat,0.2913897817030799,0.4197646595856282,0.2888455587112918,0.2913897817030799,-0.1283748778825483,False,False
NVIDIA Corporation,2022-11-03,2022-11-04,1,up,flat,0.25698608952171326,0.4849690493530618,0.258044861125225,0.258044861125225,-0.22692418822783678,False,False
NVIDIA Corporation,2022-11-04,2022-11-07,1,flat,up,0.09763877686345174,0.4228603362910268,0.4795008868455215,0.4795008868455215,0.056640550554494684,True,False
NVIDIA Corporation,2022-11-07,2022-11-08,1,up,flat,0.17765439457432725,0.5692063196989023,0.2531392857267706,0.2531392857267706,-0.31606703397213176,False,False
NVIDIA Corporation,2022-11-08,2022-11-09,1,down,flat,0.12228542179247766,0.46284283642494,0.41487174178258235,0.41487174178258235,-0.04797109464235766,False,False
NVIDIA Corporation,2022-11-09,2022-11-10,1,up,down,0.40985505443414666,0.40541455488063627,0.18473039068521718,0.40985505443414666,0.004440499553510391,True,False
NVIDIA Corporation,2022-11-10,2022-11-11,1,up,flat,0.12440018550777188,0.46495058834217873,0.4106492261500493,0.4106492261500493,-0.05430136219212944,False,False
NVIDIA Corporation,2022-11-11,2022-11-14,1,flat,flat,0.1436090941335022,0.6170321552539172,0.23935875061258033,0.23935875061258033,-0.37767340464133686,False,True
NVIDIA Corporation,2022-11-14,2022-11-15,1,up,flat,0.19784142324317755,0.60561573845482,0.19654283830200237,0.19784142324317755,-0.4077743152116424,False,False
NVIDIA Corporation,2022-11-15,2022-11-16,1,down,flat,0.16795238367509194,0.6108634733497558,0.22118414297515226,0.22118414297515226,-0.3896793303746035,False,False
NVIDIA Corporation,2022-11-16,2022-11-17,1,down,flat,0.41051116869952964,0.4184583483871102,0.17103048291336015,0.41051116869952964,-0.007947179687580574,False,False
NVIDIA Corporation,2022-11-17,2022-11-18,1,flat,flat,0.31209951339148,0.4391784580003085,0.24872202860821133,0.31209951339148,-0.12707894460882851,False,True
NVIDIA Corporation,2022-11-18,2022-11-21,1,down,flat,0.20597847340669526,0.5191937050954166,0.27482782149788787,0.27482782149788787,-0.24436588359752875,False,False
NVIDIA Corporation,2022-11-21,2022-11-22,1,up,flat,0.23393964306591575,0.5192736310351777,0.24678672589890643,0.24678672589890643,-0.2724869051362712,False,False
NVIDIA Corporation,2022-11-22,2022-11-23,1,up,flat,0.15716417645266412,0.5031232136606777,0.3397126098866583,0.3397126098866583,-0.1634106037740194,False,False
NVIDIA Corporation,2022-11-23,2022-11-25,1,flat,flat,0.1259824449600186,0.567675807212819,0.3063417478271623,0.3063417478271623,-0.2613340593856567,False,True
NVIDIA Corporation,2022-11-25,2022-11-28,1,down,flat,0.24001133839725425,0.5944308002898869,0.16555786131285882,0.24001133839725425,-0.3544194618926327,False,False
NVIDIA Corporation,2022-11-28,2022-11-29,1,down,flat,0.2876933018365233,0.4633115069186876,0.24899519124478914,0.2876933018365233,-0.1756182050821643,False,False
NVIDIA Corporation,2022-11-29,2022-11-30,1,up,flat,0.3286489024219219,0.4271702284108322,0.24418086916724588,0.3286489024219219,-0.09852132598891028,False,False
NVIDIA Corporation,2022-11-30,2022-12-01,1,up,up,0.1509639574787712,0.3736116316125687,0.47542441090865994,0.47542441090865994,0.10181277929609123,True,True
NVIDIA Corporation,2022-12-01,2022-12-02,1,down,up,0.12392236239802855,0.4359970599436993,0.44008057765827213,0.44008057765827213,0.004083517714572826,True,False
NVIDIA Corporation,2022-12-02,2022-12-05,1,flat,flat,0.28990399271634765,0.4476304607726877,0.26246554651096454,0.28990399271634765,-0.15772646805634005,False,True
NVIDIA Corporation,2022-12-05,2022-12-06,1,down,flat,0.2545607911249024,0.42675877396856,0.3186804349065376,0.3186804349065376,-0.10807833906202241,False,False
NVIDIA Corporation,2022-12-06,2022-12-07,1,down,flat,0.33716695909512706,0.38720723076619606,0.2756258101386767,0.33716695909512706,-0.050040271671069,False,False
NVIDIA Corporation,2022-12-07,2022-12-08,1,up,flat,0.3200756909148687,0.39201344668244853,0.28791086240268277,0.3200756909148687,-0.07193775576757983,False,False
NVIDIA Corporation,2022-12-08,2022-12-09,1,up,up,0.1396570664543857,0.3171967288076529,0.5431462047379614,0.5431462047379614,0.2259494759303085,True,True
NVIDIA Corporation,2022-12-09,2022-12-12,1,flat,up,0.11962399932056814,0.38695192923276106,0.4934240714466708,0.4934240714466708,0.10647214221390972,True,False
NVIDIA Corporation,2022-12-12,2022-12-13,1,up,flat,0.20188304552549496,0.4764300700745967,0.32168688439990845,0.32168688439990845,-0.15474318567468826,False,False
NVIDIA Corporation,2022-12-13,2022-12-14,1,down,up,0.12753678606808802,0.4025371392320417,0.46992607469987036,0.46992607469987036,0.06738893546782865,True,False
NVIDIA Corporation,2022-12-14,2022-12-15,1,down,flat,0.3672657290368644,0.40411375389583803,0.2286205170672974,0.3672657290368644,-0.03684802485897365,False,False
NVIDIA Corporation,2022-12-15,2022-12-16,1,down,down,0.3846764439793823,0.3622091129022883,0.25311444311832937,0.3846764439793823,0.022467331077093977,True,True
NVIDIA Corporation,2022-12-16,2022-12-19,1,down,up,0.29493141154558067,0.3507539125627226,0.3543146758916966,0.3543146758916966,0.0035607633289739815,True,False
NVIDIA Corporation,2022-12-19,2022-12-20,1,down,flat,0.26555345134426284,0.371860856871171,0.3625856917845661,0.3625856917845661,-0.009275165086604864,False,False
NVIDIA Corporation,2022-12-20,2022-12-21,1,flat,up,0.2391823311446586,0.37208240122494907,0.38873526763039223,0.38873526763039223,0.016652866405443167,True,False
NVIDIA Corporation,2022-12-21,2022-12-22,1,down,up,0.17895888136776186,0.39025545826449193,0.4307856603677461,0.4307856603677461,0.0405302021032542,True,False
NVIDIA Corporation,2022-12-22,2022-12-23,1,down,down,0.43075229227532164,0.340795821442093,0.22845188628258517,0.43075229227532164,0.08995647083322861,True,True
NVIDIA Corporation,2022-12-23,2022-12-27,1,down,flat,0.35128557493762524,0.3587544481788669,0.28995997688350783,0.35128557493762524,-0.00746887324124168,False,False
NVIDIA Corporation,2022-12-27,2022-12-28,1,down,down,0.4698839935026973,0.3040540424814753,0.2260619640158274,0.4698839935026973,0.165829951021222,True,True
NVIDIA Corporation,2022-12-28,2022-12-29,1,up,down,0.432288155087557,0.2941953669316524,0.2735164779807906,0.432288155087557,0.13809278815590464,True,False
NVIDIA Corporation,2022-12-29,2022-12-30,1,flat,up,0.23816232148645267,0.34040173652752537,0.42143594198602197,0.42143594198602197,0.0810342054584966,True,False
NVIDIA Corporation,2022-12-30,2023-01-03,1,flat,flat,0.33123842260020964,0.38497196936935285,0.2837896080304373,0.33123842260020964,-0.053733546769143214,False,True
NVIDIA Corporation,2023-01-03,2023-01-04,1,flat,flat,0.3201305160806785,0.42003532892164197,0.25983415499767937,0.3201305160806785,-0.09990481284096348,False,True
NVIDIA Corporation,2023-01-04,2023-01-05,1,down,flat,0.35688101628145746,0.394464111985472,0.2486548717330704,0.35688101628145746,-0.037583095704014524,False,False
NVIDIA Corporation,2023-01-05,2023-01-06,1,up,down,0.4778543598987829,0.30478773714371205,0.21735790295750515,0.4778543598987829,0.17306662275507084,True,False
NVIDIA Corporation,2023-01-06,2023-01-09,1,up,up,0.12349621836327856,0.2727699864980012,0.6037337951387202,0.6037337951387202,0.33096380864071895,True,True
NVIDIA Corporation,2023-01-09,2023-01-10,1,flat,flat,0.1311171493739471,0.7598333623776008,0.10904948824845202,0.1311171493739471,-0.6287162130036537,False,True
NVIDIA Corporation,2023-01-10,2023-01-11,1,flat,flat,0.13286480764169561,0.7716838856072163,0.09545130675108794,0.13286480764169561,-0.6388190779655207,False,True
NVIDIA Corporation,2023-01-11,2023-01-12,1,flat,flat,0.1451355923758372,0.7665433936383566,0.08832101398580598,0.1451355923758372,-0.6214078012625194,False,True
NVIDIA Corporation,2023-01-12,2023-01-13,1,flat,flat,0.15272923214356893,0.7337135217036245,0.11355724615280657,0.15272923214356893,-0.5809842895600555,False,True
NVIDIA Corporation,2023-01-13,2023-01-17,1,up,flat,0.15538653046594442,0.7477327906758384,0.09688067885821716,0.15538653046594442,-0.592346260209894,False,False
NVIDIA Corporation,2023-01-17,2023-01-18,1,flat,flat,0.14256331206944098,0.7571812886128209,0.10025539931773823,0.14256331206944098,-0.6146179765433799,False,True
NVIDIA Corporation,2023-01-18,2023-01-19,1,down,flat,0.152250126254935,0.7537160071595204,0.09403386658554468,0.152250126254935,-0.6014658809045854,False,False
NVIDIA Corporation,2023-01-19,2023-01-20,1,flat,flat,0.21415453099417975,0.669210703687489,0.1166347653183313,0.21415453099417975,-0.4550561726933093,False,True
NVIDIA Corporation,2023-01-20,2023-01-23,1,up,flat,0.1459476782387102,0.7160644479863185,0.13798787377497132,0.1459476782387102,-0.5701167697476084,False,False
NVIDIA Corporation,2023-01-23,2023-01-24,1,flat,flat,0.16280147713874973,0.7407274954453806,0.0964710274158697,0.16280147713874973,-0.5779260183066309,False,True
NVIDIA Corporation,2023-01-24,2023-01-25,1,flat,flat,0.1525362581503086,0.7436815475656483,0.10378219428404326,0.1525362581503086,-0.5911452894153397,False,True
NVIDIA Corporation,2023-01-25,2023-01-26,1,up,flat,0.23227826425692266,0.6776781623030901,0.09004357343998735,0.23227826425692266,-0.4453998980461674,False,False
NVIDIA Corporation,2023-01-26,2023-01-27,1,flat,flat,0.15511774348915208,0.7445453963441113,0.1003368601667367,0.15511774348915208,-0.5894276528549592,False,True
NVIDIA Corporation,2023-01-27,2023-01-30,1,down,flat,0.17354800750987426,0.7296915828042537,0.09676040968587202,0.17354800750987426,-0.5561435752943795,False,False
NVIDIA Corporation,2023-01-30,2023-01-31,1,down,flat,0.24415626025566542,0.6543180494495231,0.10152569029481152,0.24415626025566542,-0.4101617891938577,False,False
NVIDIA Corporation,2023-01-31,2023-02-01,1,up,flat,0.2138486764269064,0.6693021724040544,0.11684915116903935,0.2138486764269064,-0.455453495977148,False,False
NVIDIA Corporation,2023-02-01,2023-02-02,1,up,flat,0.15294179265554034,0.7012135792692001,0.14584462807525944,0.15294179265554034,-0.5482717866136598,False,False
NVIDIA Corporation,2023-02-02,2023-02-03,1,flat,flat,0.1577237324605938,0.719256535571761,0.1230197319676452,0.1577237324605938,-0.5615328031111672,False,True
NVIDIA Corporation,2023-02-03,2023-02-06,1,flat,flat,0.23724896530718326,0.672481952398472,0.09026908229434502,0.23724896530718326,-0.4352329870912887,False,True
NVIDIA Corporation,2023-02-06,2023-02-07,1,up,flat,0.26473179239857125,0.6537619846498809,0.08150622295154819,0.26473179239857125,-0.38903019225130964,False,False
NVIDIA Corporation,2023-02-07,2023-02-08,1,up,flat,0.16559783712379245,0.653434972804195,0.18096719007201242,0.18096719007201242,-0.4724677827321826,False,False
NVIDIA Corporation,2023-02-08,2023-02-09,1,flat,flat,0.15711910465088857,0.6886566830485277,0.15422421230058392,0.15711910465088857,-0.531537578397639,False,True
NVIDIA Corporation,2023-02-09,2023-02-10,1,down,flat,0.18177753656245907,0.6967471146769645,0.12147534876057633,0.18177753656245907,-0.5149695781145054,False,False
NVIDIA Corporation,2023-02-10,2023-02-13,1,flat,flat,0.23478017163904907,0.6463336817605332,0.11888614660041785,0.23478017163904907,-0.4115535101214841,False,True
NVIDIA Corporation,2023-02-13,2023-02-14,1,up,flat,0.1603928605617571,0.6700976895603448,0.16950944987789807,0.16950944987789807,-0.5005882396824467,False,False
NVIDIA Corporation,2023-02-14,2023-02-15,1,flat,flat,0.13900263420043174,0.6703352292285845,0.19066213657098374,0.19066213657098374,-0.4796730926576007,False,True
NVIDIA Corporation,2023-02-15,2023-02-16,1,down,flat,0.14523565773966127,0.7259100937789451,0.12885424848139368,0.14523565773966127,-0.5806744360392838,False,False
NVIDIA Corporation,2023-02-16,2023-02-17,1,down,flat,0.27917536248124436,0.6281697168166072,0.09265492070214873,0.27917536248124436,-0.3489943543353628,False,False
NVIDIA Corporation,2023-02-17,2023-02-21,1,down,flat,0.23571095885139073,0.6522231245539762,0.11206591659463301,0.23571095885139073,-0.41651216570258554,False,False
NVIDIA Corporation,2023-02-21,2023-02-22,1,flat,flat,0.23990847186873232,0.6406828956827364,0.11940863244853128,0.23990847186873232,-0.4007744238140041,False,True
NVIDIA Corporation,2023-02-22,2023-02-23,1,up,up,0.23242879892887267,0.20433006498602288,0.5632411360851045,0.5632411360851045,0.3589110710990816,True,True
NVIDIA Corporation,2023-02-23,2023-02-24,1,flat,flat,0.09973742308345825,0.6620730305874916,0.23818954632905012,0.23818954632905012,-0.42388348425844147,False,True
NVIDIA Corporation,2023-02-24,2023-02-27,1,flat,flat,0.23773712414243608,0.6525867039390182,0.10967617191854588,0.23773712414243608,-0.4148495797965821,False,True
NVIDIA Corporation,2023-02-27,2023-02-28,1,flat,flat,0.14512824325615917,0.7425559076849112,0.11231584905892972,0.14512824325615917,-0.5974276644287521,False,True
NVIDIA Corporation,2023-02-28,2023-03-01,1,down,flat,0.2758411777892444,0.6298908272754303,0.09426799493532542,0.2758411777892444,-0.35404964948618595,False,False
NVIDIA Corporation,2023-03-01,2023-03-02,1,flat,flat,0.24259539896263493,0.5470088871710648,0.2103957138663003,0.24259539896263493,-0.30441348820842984,False,True
NVIDIA Corporation,2023-03-02,2023-03-03,1,up,up,0.2064270754193485,0.2271714315568396,0.5664014930238119,0.5664014930238119,0.3392300614669723,True,True
NVIDIA Corporation,2023-03-03,2023-03-06,1,flat,up,0.13053074620904445,0.2196688812635718,0.6498003725273838,0.6498003725273838,0.43013149126381195,True,False
NVIDIA Corporation,2023-03-06,2023-03-07,1,flat,flat,0.17256272672550696,0.5972746605484486,0.23016261272604444,0.23016261272604444,-0.36711204782240414,False,True
NVIDIA Corporation,2023-03-07,2023-03-08,1,flat,up,0.27480520952151105,0.16681857955376628,0.5583762109247229,0.5583762109247229,0.3915576313709566,True,False
NVIDIA Corporation,2023-03-08,2023-03-09,1,flat,flat,0.18839215447953922,0.4543852238769285,0.3572226216435324,0.3572226216435324,-0.09716260223339607,False,True
NVIDIA Corporation,2023-03-09,2023-03-10,1,down,flat,0.22692968141375602,0.5375175270012305,0.2355527915850137,0.2355527915850137,-0.30196473541621677,False,False
NVIDIA Corporation,2023-03-10,2023-03-13,1,down,up,0.2488607832219616,0.18381931448952019,0.5673199022885181,0.5673199022885181,0.383500587798998,True,False
NVIDIA Corporation,2023-03-13,2023-03-14,1,up,up,0.23594006086163985,0.17370620377487922,0.590353735363481,0.590353735363481,0.4166475315886018,True,True
NVIDIA Corporation,2023-03-14,2023-03-15,1,flat,up,0.12509230309920072,0.25448338332048104,0.6204243135803182,0.6204243135803182,0.3659409302598372,True,False
NVIDIA Corporation,2023-03-15,2023-03-16,1,up,up,0.21556104328577202,0.20148165973705004,0.582957296977178,0.582957296977178,0.381475637240128,True,True
NVIDIA Corporation,2023-03-16,2023-03-17,1,up,up,0.12685116424030646,0.41291520821311145,0.46023362754658204,0.46023362754658204,0.047318419333470585,True,True
NVIDIA Corporation,2023-03-17,2023-03-20,1,flat,flat,0.14092098010763074,0.7047573934818739,0.1543216264104954,0.1543216264104954,-0.5504357670713785,False,True
NVIDIA Corporation,2023-03-20,2023-03-21,1,flat,flat,0.2566159333202459,0.6521363224790298,0.09124774420072444,0.2566159333202459,-0.39552038915878385,False,True
NVIDIA Corporation,2023-03-21,2023-03-22,1,up,flat,0.16179474316221712,0.5571494362960868,0.28105582054169626,0.28105582054169626,-0.27609361575439056,False,False
NVIDIA Corporation,2023-03-22,2023-03-23,1,up,up,0.14393935776596478,0.3144516645071427,0.5416089777268925,0.5416089777268925,0.22715731321974986,True,True
NVIDIA Corporation,2023-03-23,2023-03-24,1,flat,flat,0.1339890931661185,0.615126642515907,0.25088426431797456,0.25088426431797456,-0.3642423781979324,False,True
NVIDIA Corporation,2023-03-24,2023-03-27,1,flat,up,0.26858460291399694,0.20133245239254755,0.5300829446934557,0.5300829446934557,0.3287504923009082,True,False
NVIDIA Corporation,2023-03-27,2023-03-28,1,down,up,0.2656756832721132,0.12854469922094788,0.6057796175069391,0.6057796175069391,0.4772349182859912,True,False
NVIDIA Corporation,2023-03-28,2023-03-29,1,up,up,0.22851201479577982,0.19353372263555862,0.5779542625686616,0.5779542625686616,0.38442053993310293,True,True
NVIDIA Corporation,2023-03-29,2023-03-30,1,up,up,0.12789688466772153,0.2250110747646358,0.6470920405676427,0.6470920405676427,0.4220809658030069,True,True
NVIDIA Corporation,2023-03-30,2023-03-31,1,flat,up,0.14218614837717836,0.2767391656701752,0.5810746859526464,0.5810746859526464,0.30433552028247124,True,False
NVIDIA Corporation,2023-03-31,2023-04-03,1,flat,up,0.18542567985764472,0.24432801267675985,0.5702463074655955,0.5702463074655955,0.3259182947888356,True,False
NVIDIA Corporation,2023-04-03,2023-04-04,1,flat,up,0.2106738968504886,0.3493247824646068,0.44000132068490455,0.44000132068490455,0.09067653822029775,True,False
NVIDIA Corporation,2023-04-04,2023-04-05,1,down,up,0.3104569046716086,0.1814876266487847,0.5080554686796067,0.5080554686796067,0.326567842030822,True,False
NVIDIA Corporation,2023-04-05,2023-04-06,1,flat,up,0.27984847264852875,0.18308295417017367,0.5370685731812976,0.5370685731812976,0.35398561901112396,True,False
NVIDIA Corporation,2023-04-06,2023-04-10,1,up,up,0.19708542701157825,0.17162454508603722,0.6312900279023845,0.6312900279023845,0.45966548281634734,True,True
NVIDIA Corporation,2023-04-10,2023-04-11,1,flat,up,0.1452986088320842,0.20639293371671855,0.6483084574511973,0.6483084574511973,0.44191552373447873,True,False
NVIDIA Corporation,2023-04-11,2023-04-12,1,down,up,0.17282293275811583,0.19439832981350078,0.6327787374283833,0.6327787374283833,0.4383804076148825,True,False
NVIDIA Corporation,2023-04-12,2023-04-13,1,down,up,0.32972133432459255,0.10325583890118403,0.5670228267742237,0.5670228267742237,0.4637669878730396,True,False
NVIDIA Corporation,2023-04-13,2023-04-14,1,flat,up,0.24661520420192173,0.15659388046631173,0.5967909153317666,0.5967909153317666,0.4401970348654549,True,False
NVIDIA Corporation,2023-04-14,2023-04-17,1,flat,up,0.20549714600493804,0.17745492140085872,0.6170479325942032,0.6170479325942032,0.4395930111933445,True,False
NVIDIA Corporation,2023-04-17,2023-04-18,1,up,up,0.1793789322806408,0.15620245794949783,0.6644186097698612,0.6644186097698612,0.5082161518203634,True,True
NVIDIA Corporation,2023-04-18,2023-04-19,1,flat,up,0.09920041085581087,0.14187728708127995,0.758922302062909,0.758922302062909,0.6170450149816291,True,False
NVIDIA Corporation,2023-04-19,2023-04-20,1,flat,up,0.2307172115490684,0.18242067700152811,0.5868621114494035,0.5868621114494035,0.4044414344478754,True,False
NVIDIA Corporation,2023-04-20,2023-04-21,1,down,up,0.27601122392791044,0.12496103430548586,0.5990277417666039,0.5990277417666039,0.474066707461118,True,False
NVIDIA Corporation,2023-04-21,2023-04-24,1,flat,up,0.2155216509269398,0.15476191048144639,0.629716438591614,0.629716438591614,0.4749545281101676,True,False
NVIDIA Corporation,2023-04-24,2023-04-25,1,down,up,0.2121310968394832,0.15118597791268704,0.6366829252478299,0.6366829252478299,0.4854969473351428,True,False
NVIDIA Corporation,2023-04-25,2023-04-26,1,flat,up,0.2554456943441703,0.16395769279108924,0.5805966128647404,0.5805966128647404,0.41663892007365116,True,False
NVIDIA Corporation,2023-04-26,2023-04-27,1,flat,up,0.163983752546204,0.1588792486106896,0.6771369988431064,0.6771369988431064,0.5182577502324168,True,False
NVIDIA Corporation,2023-04-27,2023-04-28,1,flat,up,0.19082927347447365,0.141031826634756,0.6681388998907704,0.6681388998907704,0.5271070732560144,True,False
NVIDIA Corporation,2023-04-28,2023-05-01,1,up,up,0.17794006811961016,0.1850640530610927,0.6369958788192972,0.6369958788192972,0.4519318257582045,True,True
NVIDIA Corporation,2023-05-01,2023-05-02,1,flat,up,0.1007948915404329,0.11462880345512244,0.7845763050044445,0.7845763050044445,0.6699475015493221,True,False
NVIDIA Corporation,2023-05-02,2023-05-03,1,down,up,0.21755904660732853,0.17222204319042664,0.6102189102022448,0.6102189102022448,0.43799686701181817,True,False
NVIDIA Corporation,2023-05-03,2023-05-04,1,down,up,0.29906503667750917,0.11721614889187136,0.5837188144306197,0.5837188144306197,0.4665026655387483,True,False
NVIDIA Corporation,2023-05-04,2023-05-05,1,up,up,0.22958419354313556,0.14175647167599978,0.6286593347808649,0.6286593347808649,0.4869028631048651,True,True
NVIDIA Corporation,2023-05-05,2023-05-08,1,up,up,0.12079868661274766,0.19200687991824278,0.6871944334690097,0.6871944334690097,0.4951875535507669,True,True
NVIDIA Corporation,2023-05-08,2023-05-09,1,flat,up,0.12980767726770837,0.17589293330552186,0.6942993894267696,0.6942993894267696,0.5184064561212478,True,False
NVIDIA Corporation,2023-05-09,2023-05-10,1,flat,up,0.29000675406588927,0.1334354589345611,0.5765577869995497,0.5765577869995497,0.44312232806498864,True,False
NVIDIA Corporation,2023-05-10,2023-05-11,1,flat,up,0.20465529271525806,0.14328152051957005,0.652063186765172,0.652063186765172,0.508781666245602,True,False
NVIDIA Corporation,2023-05-11,2023-05-12,1,flat,up,0.27742072544529034,0.1205236273174692,0.6020556472372407,0.6020556472372407,0.4815320199197715,True,False
NVIDIA Corporation,2023-05-12,2023-05-15,1,flat,up,0.2661780308970905,0.11579910292093736,0.6180228661819722,0.6180228661819722,0.5022237632610349,True,False
NVIDIA Corporation,2023-05-15,2023-05-16,1,up,up,0.15817557451793618,0.19292073262161577,0.6489036928604481,0.6489036928604481,0.45598296023883234,True,True
NVIDIA Corporation,2023-05-16,2023-05-17,1,up,up,0.1292213262990338,0.13022479893418293,0.7405538747667831,0.7405538747667831,0.6103290758326002,True,True
NVIDIA Corporation,2023-05-17,2023-05-18,1,up,up,0.13588000328145533,0.14930585790123485,0.7148141388173098,0.7148141388173098,0.565508280916075,True,True
NVIDIA Corporation,2023-05-18,2023-05-19,1,flat,up,0.11797992992581978,0.14258344394663836,0.7394366261275418,0.7394366261275418,0.5968531821809034,True,False
NVIDIA Corporation,2023-05-19,2023-05-22,1,flat,up,0.21267621933688624,0.25859160763737776,0.5287321730257359,0.5287321730257359,0.2701405653883582,True,False
NVIDIA Corporation,2023-05-22,2023-05-23,1,flat,up,0.2567173365355229,0.16128042651724128,0.582002236947236,0.582002236947236,0.4207218104299947,True,False
NVIDIA Corporation,2023-05-23,2023-05-24,1,down,up,0.2655996268881306,0.12193625923709857,0.6124641138747708,0.6124641138747708,0.4905278546376723,True,False
NVIDIA Corporation,2023-05-24,2023-05-25,1,up,up,0.21966487428020656,0.15563057494682472,0.6247045507729688,0.6247045507729688,0.4690739758261441,True,True
NVIDIA Corporation,2023-05-25,2023-05-26,1,flat,flat,0.12949187118254019,0.6730692690901208,0.1974388597273389,0.1974388597273389,-0.4756304093627819,False,True
NVIDIA Corporation,2023-05-26,2023-05-30,1,up,flat,0.17707629994154706,0.6917425602556799,0.13118113980277285,0.17707629994154706,-0.5146662603141329,False,False
NVIDIA Corporation,2023-05-30,2023-05-31,1,down,flat,0.15928593834955704,0.7074844824051014,0.13322957924534146,0.15928593834955704,-0.5481985440555444,False,False
NVIDIA Corporation,2023-05-31,2023-06-01,1,flat,flat,0.22910081951321717,0.6569681737151736,0.11393100677160947,0.22910081951321717,-0.42786735420195643,False,True
NVIDIA Corporation,2023-06-01,2023-06-02,1,flat,flat,0.20021256440843507,0.6631311619323744,0.13665627365919067,0.20021256440843507,-0.4629185975239394,False,True
NVIDIA Corporation,2023-06-02,2023-06-05,1,down,flat,0.14100983028853142,0.7014370931785093,0.15755307653295925,0.15755307653295925,-0.5438840166455501,False,False
NVIDIA Corporation,2023-06-05,2023-06-06,1,flat,up,0.24919924803367802,0.20906402787935388,0.5417367240869682,0.5417367240869682,0.3326726962076143,True,False
NVIDIA Corporation,2023-06-06,2023-06-07,1,flat,flat,0.2341109198334974,0.6672237644413133,0.09866531572518927,0.2341109198334974,-0.43311284460781585,False,True
NVIDIA Corporation,2023-06-07,2023-06-08,1,flat,flat,0.23938819797425007,0.6753126563172462,0.08529914570850367,0.23938819797425007,-0.4359244583429962,False,True
NVIDIA Corporation,2023-06-08,2023-06-09,1,up,flat,0.2166358618282003,0.6594778029233757,0.1238863352484243,0.2166358618282003,-0.4428419410951754,False,False
NVIDIA Corporation,2023-06-09,2023-06-12,1,flat,flat,0.1391849783545966,0.7158314485789949,0.14498357306640852,0.14498357306640852,-0.5708478755125864,False,True
NVIDIA Corporation,2023-06-12,2023-06-13,1,up,flat,0.20840120562153255,0.6712410838396381,0.12035771053882949,0.20840120562153255,-0.46283987821810557,False,False
NVIDIA Corporation,2023-06-13,2023-06-14,1,up,flat,0.11514535546774043,0.6786185190006909,0.2062361255315687,0.2062361255315687,-0.47238239346912225,False,False
NVIDIA Corporation,2023-06-14,2023-06-15,1,flat,flat,0.14732240428171214,0.7059815214283238,0.146696074289964,0.14732240428171214,-0.5586591171466117,False,True
NVIDIA Corporation,2023-06-15,2023-06-16,1,flat,flat,0.16315514352798638,0.7352447471751475,0.1016001092968661,0.16315514352798638,-0.5720896036471612,False,True
NVIDIA Corporation,2023-06-16,2023-06-20,1,flat,flat,0.17895172798354222,0.7000901919836429,0.12095808003281479,0.17895172798354222,-0.5211384640001007,False,True
NVIDIA Corporation,2023-06-20,2023-06-21,1,flat,flat,0.19794423554436832,0.6849017225116315,0.11715404194400011,0.19794423554436832,-0.48695748696726315,False,True
NVIDIA Corporation,2023-06-21,2023-06-22,1,flat,up,0.24380467808406864,0.17107007111782283,0.5851252507981087,0.5851252507981087,0.41405517968028593,True,False
NVIDIA Corporation,2023-06-22,2023-06-23,1,flat,up,0.21469594756253885,0.14793750905210085,0.6373665433853605,0.6373665433853605,0.4894290343332596,True,False
NVIDIA Corporation,2023-06-23,2023-06-26,1,down,up,0.21387739717869986,0.15956328402828993,0.6265593187930103,0.6265593187930103,0.4669960347647204,True,False
NVIDIA Corporation,2023-06-26,2023-06-27,1,flat,up,0.26048498968931594,0.16246867639044665,0.5770463339202376,0.5770463339202376,0.414577657529791,True,False
NVIDIA Corporation,2023-06-27,2023-06-28,1,flat,up,0.21641533083004208,0.1615414400250423,0.6220432291449157,0.6220432291449157,0.4605017891198734,True,False
NVIDIA Corporation,2023-06-28,2023-06-29,1,flat,up,0.23827809923948115,0.16885800393545997,0.5928638968250589,0.5928638968250589,0.42400589288959895,True,False
NVIDIA Corporation,2023-06-29,2023-06-30,1,up,up,0.18360592485064073,0.14552009933184087,0.6708739758175184,0.6708739758175184,0.5253538764856776,True,True
NVIDIA Corporation,2023-06-30,2023-07-03,1,flat,up,0.15092703485255052,0.13559198207794623,0.713480983069503,0.713480983069503,0.5778890009915568,True,False
NVIDIA Corporation,2023-07-03,2023-07-05,1,flat,up,0.3480780921540753,0.2564664241684328,0.39545548367749184,0.39545548367749184,0.13898905950905904,True,False
NVIDIA Corporation,2023-07-05,2023-07-06,1,down,up,0.29407941733947945,0.1466133374657985,0.5593072451947221,0.5593072451947221,0.41269390772892356,True,False
NVIDIA Corporation,2023-07-06,2023-07-07,1,up,up,0.27670920577494007,0.11566183180235201,0.6076289624227081,0.6076289624227081,0.49196713062035613,True,True
NVIDIA Corporation,2023-07-07,2023-07-10,1,flat,up,0.13204310066705874,0.21111428906734864,0.6568426102655927,0.6568426102655927,0.445728321198244,True,False
NVIDIA Corporation,2023-07-10,2023-07-11,1,flat,up,0.2927436974652554,0.10959041042867632,0.5976658921060684,0.5976658921060684,0.488075481677392,True,False
NVIDIA Corporation,2023-07-11,2023-07-12,1,up,up,0.21963281443611304,0.14395856884274677,0.6364086167211401,0.6364086167211401,0.49245004787839336,True,True
NVIDIA Corporation,2023-07-12,2023-07-13,1,up,up,0.10285505544382766,0.1191504905655292,0.7779944539906429,0.7779944539906429,0.6588439634251138,True,True
NVIDIA Corporation,2023-07-13,2023-07-14,1,up,up,0.12209250987498275,0.19087226381174016,0.6870352263132771,0.6870352263132771,0.4961629625015369,True,True
NVIDIA Corporation,2023-07-14,2023-07-17,1,flat,up,0.12892459218715063,0.198692446362483,0.6723829614503662,0.6723829614503662,0.47369051508788323,True,False
NVIDIA Corporation,2023-07-17,2023-07-18,1,up,up,0.2197154953041071,0.17543768674827637,0.6048468179476165,0.6048468179476165,0.42940913119934015,True,True
NVIDIA Corporation,2023-07-18,2023-07-19,1,flat,up,0.13794617731786793,0.1968099672490493,0.6652438554330828,0.6652438554330828,0.46843388818403353,True,False
NVIDIA Corporation,2023-07-19,2023-07-20,1,down,up,0.19076876264660203,0.14818729085967236,0.6610439464937256,0.6610439464937256,0.5128566556340532,True,False
NVIDIA Corporation,2023-07-20,2023-07-21,1,down,up,0.2855177723351809,0.12374376799467032,0.590738459670149,0.590738459670149,0.4669946916754787,True,False
NVIDIA Corporation,2023-07-21,2023-07-24,1,flat,up,0.23507781312034592,0.15175911623625785,0.6131630706433964,0.6131630706433964,0.46140395440713855,True,False
NVIDIA Corporation,2023-07-24,2023-07-25,1,up,up,0.22228873083677006,0.13669399132448892,0.6410172778387412,0.6410172778387412,0.5043232865142523,True,True
NVIDIA Corporation,2023-07-25,2023-07-26,1,flat,up,0.144291435029655,0.19716245899789606,0.658546105972449,0.658546105972449,0.4613836469745529,True,False
NVIDIA Corporation,2023-07-26,2023-07-27,1,up,up,0.2237471264148411,0.1462789588893517,0.6299739146958072,0.6299739146958072,0.4836949558064555,True,True
NVIDIA Corporation,2023-07-27,2023-07-28,1,flat,up,0.1348816922265178,0.1712411386952985,0.6938771690781835,0.6938771690781835,0.522636030382885,True,False
NVIDIA Corporation,2023-07-28,2023-07-31,1,flat,flat,0.2779038283098325,0.3796015230051297,0.34249464868503776,0.34249464868503776,-0.037106874320091965,False,True
NVIDIA Corporation,2023-07-31,2023-08-01,1,flat,up,0.30055460502813686,0.16574588274675064,0.5336995122251127,0.5336995122251127,0.3679536294783621,True,False
NVIDIA Corporation,2023-08-01,2023-08-02,1,down,up,0.2908073664173601,0.1071015267521761,0.602091106830464,0.602091106830464,0.49498958007828786,True,False
NVIDIA Corporation,2023-08-02,2023-08-03,1,down,up,0.25448988876923384,0.18098927068330678,0.5645208405474595,0.5645208405474595,0.38353156986415277,True,False
NVIDIA Corporation,2023-08-03,2023-08-04,1,up,up,0.21410243733667575,0.14937209239916485,0.6365254702641595,0.6365254702641595,0.4871533778649947,True,True
NVIDIA Corporation,2023-08-04,2023-08-07,1,flat,up,0.15777853243865647,0.18150775807644526,0.6607137094848983,0.6607137094848983,0.479205951408453,True,False
NVIDIA Corporation,2023-08-07,2023-08-08,1,down,up,0.20075072254309242,0.15610193732625038,0.6431473401306572,0.6431473401306572,0.48704540280440684,True,False
NVIDIA Corporation,2023-08-08,2023-08-09,1,down,up,0.3203514135155395,0.10900848117503963,0.570640105309421,0.570640105309421,0.46163162413438136,True,False
NVIDIA Corporation,2023-08-09,2023-08-10,1,down,up,0.24764603200549384,0.16872582170178813,0.5836281462927182,0.5836281462927182,0.41490232459093007,True,False
NVIDIA Corporation,2023-08-10,2023-08-11,1,down,up,0.20261723806278759,0.15692530059457346,0.640457461342639,0.640457461342639,0.4835321607480656,True,False
NVIDIA Corporation,2023-08-11,2023-08-14,1,up,up,0.2116369799236227,0.1698068016082658,0.6185562184681116,0.6185562184681116,0.4487494168598458,True,True
NVIDIA Corporation,2023-08-14,2023-08-15,1,up,up,0.17217263448698128,0.14414017089928202,0.6836871946137367,0.6836871946137367,0.5395470237144547,True,True
NVIDIA Corporation,2023-08-15,2023-08-16,1,flat,up,0.11911024137429489,0.16731680436295254,0.7135729542627525,0.7135729542627525,0.5462561498998,True,False
NVIDIA Corporation,2023-08-16,2023-08-17,1,flat,up,0.25033610303586584,0.1590670926475691,0.590596804316565,0.590596804316565,0.4315297116689959,True,False
NVIDIA Corporation,2023-08-17,2023-08-18,1,down,up,0.30822737295986974,0.12699904183416727,0.5647735852059632,0.5647735852059632,0.43777454337179594,True,False
NVIDIA Corporation,2023-08-18,2023-08-21,1,up,up,0.24339143806960875,0.15789099386162594,0.5987175680687654,0.5987175680687654,0.44082657420713944,True,True
NVIDIA Corporation,2023-08-21,2023-08-22,1,up,up,0.12615380016850553,0.20695291697802073,0.6668932828534737,0.6668932828534737,0.45994036587545295,True,True
NVIDIA Corporation,2023-08-22,2023-08-23,1,flat,up,0.11183355732799068,0.4340484830472522,0.4541179596247571,0.4541179596247571,0.020069476577504908,True,False
NVIDIA Corporation,2023-08-23,2023-08-24,1,up,up,0.24324849353853364,0.1503969141567032,0.6063545923047632,0.6063545923047632,0.45595767814806,True,True
NVIDIA Corporation,2023-08-24,2023-08-25,1,down,flat,0.11893547095227154,0.7150314344094686,0.16603309463825994,0.16603309463825994,-0.5489983397712086,False,False
NVIDIA Corporation,2023-08-25,2023-08-28,1,flat,flat,0.2483458073293185,0.6292553283610018,0.12239886430967983,0.2483458073293185,-0.38090952103168335,False,True
NVIDIA Corporation,2023-08-28,2023-08-29,1,up,up,0.2404464117819807,0.17862017206057085,0.5809334161574486,0.5809334161574486,0.4023132440968778,True,True
NVIDIA Corporation,2023-08-29,2023-08-30,1,up,up,0.13036920785242945,0.26881298896444883,0.6008178031831217,0.6008178031831217,0.3320048142186729,True,True
NVIDIA Corporation,2023-08-30,2023-08-31,1,flat,flat,0.12796932070182068,0.6836603657957937,0.18837031350238556,0.18837031350238556,-0.49529005229340817,False,True
NVIDIA Corporation,2023-08-31,2023-09-01,1,flat,flat,0.2051004029520872,0.6937278906036917,0.10117170644422116,0.2051004029520872,-0.48862748765160446,False,True
NVIDIA Corporation,2023-09-01,2023-09-05,1,down,flat,0.28599868647991966,0.4773296789463476,0.23667163457373297,0.28599868647991966,-0.19133099246642793,False,False
NVIDIA Corporation,2023-09-05,2023-09-06,1,down,flat,0.2366075569856552,0.6345467680437451,0.12884567497059968,0.2366075569856552,-0.39793921105808994,False,False
NVIDIA Corporation,2023-09-06,2023-09-07,1,down,up,0.23583575738345047,0.20248204093620184,0.5616822016803477,0.5616822016803477,0.35920016074414585,True,False
NVIDIA Corporation,2023-09-07,2023-09-08,1,flat,up,0.22599171939845494,0.1610887688617359,0.6129195117398093,0.6129195117398093,0.4518307428780734,True,False
NVIDIA Corporation,2023-09-08,2023-09-11,1,flat,up,0.198843959492628,0.17294912351184039,0.6282069169955318,0.6282069169955318,0.4552577934836914,True,False
NVIDIA Corporation,2023-09-11,2023-09-12,1,flat,up,0.22044937522134433,0.15644391809894065,0.623106706679715,0.623106706679715,0.46666278858077437,True,False
NVIDIA Corporation,2023-09-12,2023-09-13,1,flat,up,0.2240901640901333,0.14201737617463664,0.63389245973523,0.63389245973523,0.4918750835605934,True,False
NVIDIA Corporation,2023-09-13,2023-09-14,1,flat,up,0.18595044691026041,0.1837933023227678,0.6302562507669718,0.6302562507669718,0.446462948444204,True,False
NVIDIA Corporation,2023-09-14,2023-09-15,1,down,up,0.3853517923573374,0.2150734859095247,0.3995747217331379,0.3995747217331379,0.18450123582361322,True,False
NVIDIA Corporation,2023-09-15,2023-09-18,1,down,down,0.5343491895729335,0.14589802374366162,0.31975278668340484,0.5343491895729335,0.3884511658292719,True,True
NVIDIA Corporation,2023-09-18,2023-09-19,1,flat,up,0.22129580885170855,0.17283384400265595,0.6058703471456356,0.6058703471456356,0.43303650314297965,True,False
NVIDIA Corporation,2023-09-19,2023-09-20,1,down,up,0.14756716201803344,0.1825012409560407,0.6699315970259259,0.6699315970259259,0.48743035606988516,True,False
NVIDIA Corporation,2023-09-20,2023-09-21,1,down,up,0.2209919857052738,0.1614798888570476,0.6175281254376787,0.6175281254376787,0.4560482365806311,True,False
NVIDIA Corporation,2023-09-21,2023-09-22,1,flat,up,0.23967797313606343,0.15645660090569155,0.6038654259582451,0.6038654259582451,0.4474088250525535,True,False
NVIDIA Corporation,2023-09-22,2023-09-25,1,flat,up,0.1633017013256499,0.14885581157294658,0.6878424871014035,0.6878424871014035,0.5389866755284569,True,False
NVIDIA Corporation,2023-09-25,2023-09-26,1,flat,up,0.17213422818315255,0.15431604870176116,0.6735497231150862,0.6735497231150862,0.519233674413325,True,False
NVIDIA Corporation,2023-09-26,2023-09-27,1,flat,up,0.3629236985886814,0.16101247242434785,0.47606382898697075,0.47606382898697075,0.3150513565626229,True,False
NVIDIA Corporation,2023-09-27,2023-09-28,1,flat,up,0.2777568040810981,0.15911287266158025,0.5631303232573217,0.5631303232573217,0.40401745059574146,True,False
NVIDIA Corporation,2023-09-28,2023-09-29,1,up,down,0.4691612700739129,0.16640161951774357,0.3644371104083435,0.4691612700739129,0.3027596505561693,True,False
NVIDIA Corporation,2023-09-29,2023-10-02,1,up,up,0.23027102365256163,0.17315901197735004,0.5965699643700882,0.5965699643700882,0.4234109523927382,True,True
NVIDIA Corporation,2023-10-02,2023-10-03,1,flat,up,0.13101952318950003,0.18099658200790011,0.6879838948025998,0.6879838948025998,0.5069873127946997,True,False
NVIDIA Corporation,2023-10-03,2023-10-04,1,flat,up,0.2770635296508403,0.13968902030768005,0.5832474500414798,0.5832474500414798,0.4435584297337998,True,False
NVIDIA Corporation,2023-10-04,2023-10-05,1,up,up,0.2788779039565333,0.11917150570162671,0.6019505903418402,0.6019505903418402,0.48277908464021346,True,True
NVIDIA Corporation,2023-10-05,2023-10-06,1,up,up,0.14473125172732537,0.1821706529996351,0.6730980952730395,0.6730980952730395,0.49092744227340446,True,True
NVIDIA Corporation,2023-10-06,2023-10-09,1,flat,up,0.15376430182639048,0.15283793929540376,0.6933977588782057,0.6933977588782057,0.5405598195828019,True,False
NVIDIA Corporation,2023-10-09,2023-10-10,1,up,up,0.23936305462182625,0.13616120443584825,0.6244757409423256,0.6244757409423256,0.4883145365064774,True,True
NVIDIA Corporation,2023-10-10,2023-10-11,1,up,up,0.14710113693713742,0.17444996184260672,0.6784489012202557,0.6784489012202557,0.503998939377649,True,True
NVIDIA Corporation,2023-10-11,2023-10-12,1,flat,up,0.12296194167420274,0.1869101309987492,0.690127927327048,0.690127927327048,0.5032177963282988,True,False
NVIDIA Corporation,2023-10-12,2023-10-13,1,down,up,0.1703389503855991,0.1716251325097858,0.6580359171046151,0.6580359171046151,0.4864107845948292,True,False
NVIDIA Corporation,2023-10-13,2023-10-16,1,down,up,0.2806603567993574,0.12206184639802538,0.5972777968026174,0.5972777968026174,0.475215950404592,True,False
NVIDIA Corporation,2023-10-16,2023-10-17,1,down,up,0.23915757684933256,0.1360519350894209,0.6247904880612467,0.6247904880612467,0.4887385529718258,True,False
NVIDIA Corporation,2023-10-17,2023-10-18,1,down,up,0.23754354414046783,0.18250265606172364,0.5799537997978088,0.5799537997978088,0.39745114373608514,True,False
NVIDIA Corporation,2023-10-18,2023-10-19,1,flat,up,0.2275792784372109,0.1387412554533045,0.6336794661094847,0.6336794661094847,0.49493821065618016,True,False
NVIDIA Corporation,2023-10-19,2023-10-20,1,down,up,0.18980620001704473,0.12595973763296908,0.6842340623499862,0.6842340623499862,0.5582743247170171,True,False
NVIDIA Corporation,2023-10-20,2023-10-23,1,flat,up,0.21259507466605432,0.1420262088752432,0.6453787164587025,0.6453787164587025,0.5033525075834593,True,False
NVIDIA Corporation,2023-10-23,2023-10-24,1,up,up,0.14855672381012744,0.15200255281159253,0.6994407233782801,0.6994407233782801,0.5474381705666875,True,True
NVIDIA Corporation,2023-10-24,2023-10-25,1,down,up,0.41463337561949565,0.15535876141125574,0.43000786296924853,0.43000786296924853,0.2746491015579928,True,False
NVIDIA Corporation,2023-10-25,2023-10-26,1,down,down,0.7828330677606525,0.12581630883615302,0.09135062340319447,0.7828330677606525,0.6570167589244995,True,True
NVIDIA Corporation,2023-10-26,2023-10-27,1,flat,up,0.3048727436187069,0.15924529659310818,0.5358819597881852,0.5358819597881852,0.37663666319507705,True,False
NVIDIA Corporation,2023-10-27,2023-10-30,1,flat,up,0.2301514349012121,0.13241555419043408,0.6374330109083539,0.6374330109083539,0.5050174567179199,True,False
NVIDIA Corporation,2023-10-30,2023-10-31,1,down,up,0.15757825199171985,0.15509582233941438,0.6873259256688657,0.6873259256688657,0.5322301033294514,True,False
NVIDIA Corporation,2023-10-31,2023-11-01,1,up,up,0.2481547659776499,0.15102410613468337,0.6008211278876667,0.6008211278876667,0.44979702175298336,True,True
NVIDIA Corporation,2023-11-01,2023-11-02,1,up,up,0.12182265730741577,0.1570893268385567,0.7210880158540274,0.7210880158540274,0.5639986890154707,True,True
NVIDIA Corporation,2023-11-02,2023-11-03,1,up,flat,0.1398344448878693,0.5192333697121182,0.3409321854000126,0.3409321854000126,-0.17830118431210562,False,False
NVIDIA Corporation,2023-11-03,2023-11-06,1,up,flat,0.12449808346489596,0.7136472925872372,0.16185462394786695,0.16185462394786695,-0.5517926686393703,False,False
NVIDIA Corporation,2023-11-06,2023-11-07,1,flat,flat,0.3553184614323013,0.3957692407932248,0.2489122977744741,0.3553184614323013,-0.040450779360923506,False,True
NVIDIA Corporation,2023-11-07,2023-11-08,1,flat,up,0.19406269693868203,0.21564126214937987,0.5902960409119381,0.5902960409119381,0.37465477876255826,True,False
NVIDIA Corporation,2023-11-08,2023-11-09,1,up,up,0.15674480291489457,0.24258146533658662,0.6006737317485189,0.6006737317485189,0.35809226641193226,True,True
NVIDIA Corporation,2023-11-09,2023-11-10,1,flat,up,0.13786910588899798,0.14551693148347986,0.7166139626275221,0.7166139626275221,0.5710970311440422,True,False
NVIDIA Corporation,2023-11-10,2023-11-13,1,up,up,0.16226497584473168,0.19664894817735837,0.64108607597791,0.64108607597791,0.44443712780055167,True,True
NVIDIA Corporation,2023-11-13,2023-11-14,1,up,up,0.1474447702806712,0.2097481110031305,0.6428071187161983,0.6428071187161983,0.4330590077130678,True,True
NVIDIA Corporation,2023-11-14,2023-11-15,1,flat,up,0.1319215342145606,0.16882718814702852,0.6992512776384108,0.6992512776384108,0.5304240894913823,True,False
NVIDIA Corporation,2023-11-15,2023-11-16,1,flat,up,0.27603246973964174,0.12297453875663976,0.6009929915037188,0.6009929915037188,0.478018452747079,True,False
NVIDIA Corporation,2023-11-16,2023-11-17,1,flat,up,0.27176628286075316,0.12060918949103196,0.6076245276482151,0.6076245276482151,0.4870153381571831,True,False
NVIDIA Corporation,2023-11-17,2023-11-20,1,flat,up,0.17331269070417385,0.19566055472550392,0.6310267545703222,0.6310267545703222,0.4353661998448183,True,False
NVIDIA Corporation,2023-11-20,2023-11-21,1,flat,up,0.1772745981445842,0.14597166432226943,0.6767537375331464,0.6767537375331464,0.530782073210877,True,False
NVIDIA Corporation,2023-11-21,2023-11-22,1,down,up,0.20681787144239022,0.13246225441866083,0.660719874138949,0.660719874138949,0.5282576197202882,True,False
NVIDIA Corporation,2023-11-22,2023-11-24,1,down,up,0.21380341665438288,0.14513506583105634,0.6410615175145609,0.6410615175145609,0.4959264516835045,True,False
NVIDIA Corporation,2023-11-24,2023-11-27,1,flat,up,0.2078301584130351,0.15174782015256547,0.6404220214343996,0.6404220214343996,0.48867420128183414,True,False
NVIDIA Corporation,2023-11-27,2023-11-28,1,flat,up,0.25133871532408153,0.13851717109764297,0.6101441135782757,0.6101441135782757,0.47162694248063275,True,False
NVIDIA Corporation,2023-11-28,2023-11-29,1,flat,up,0.23716290839567794,0.13499674927935004,0.627840342324972,0.627840342324972,0.492843593045622,True,False
NVIDIA Corporation,2023-11-29,2023-11-30,1,down,up,0.19365253514629494,0.1418197554122424,0.6645277094414627,0.6645277094414627,0.5227079540292203,True,False
NVIDIA Corporation,2023-11-30,2023-12-01,1,down,up,0.27766332283768813,0.14017864191101356,0.5821580352512984,0.5821580352512984,0.4419793933402848,True,False
NVIDIA Corporation,2023-12-01,2023-12-04,1,down,up,0.23482692421933798,0.13852952044627734,0.6266435553343848,0.6266435553343848,0.48811403488810745,True,False
NVIDIA Corporation,2023-12-04,2023-12-05,1,flat,up,0.2230294627959639,0.16435658212537174,0.6126139550786645,0.6126139550786645,0.4482573729532927,True,False
NVIDIA Corporation,2023-12-05,2023-12-06,1,flat,up,0.1576931353565514,0.13390883057921837,0.7083980340642302,0.7083980340642302,0.5744892034850118,True,False
NVIDIA Corporation,2023-12-06,2023-12-07,1,flat,up,0.166739407484701,0.13918558270332604,0.6940750098119729,0.6940750098119729,0.5548894271086469,True,False
NVIDIA Corporation,2023-12-07,2023-12-08,1,up,up,0.29823458936611447,0.10635142379429577,0.5954139868395898,0.5954139868395898,0.48906256304529405,True,True
NVIDIA Corporation,2023-12-08,2023-12-11,1,flat,up,0.13537102862529435,0.16292007139250964,0.7017088999821959,0.7017088999821959,0.5387888285896862,True,False
NVIDIA Corporation,2023-12-11,2023-12-12,1,flat,up,0.2708157478457134,0.12048677534193974,0.6086974768123471,0.6086974768123471,0.48821070147040735,True,False
NVIDIA Corporation,2023-12-12,2023-12-13,1,up,up,0.2437568579848092,0.14498150145473387,0.611261640560457,0.611261640560457,0.4662801391057231,True,True
NVIDIA Corporation,2023-12-13,2023-12-14,1,flat,up,0.13814287776419898,0.14377188512355338,0.7180852371122475,0.7180852371122475,0.574313351988694,True,False
NVIDIA Corporation,2023-12-14,2023-12-15,1,flat,up,0.1984154249551259,0.1529062101147821,0.6486783649300921,0.6486783649300921,0.49577215481531,True,False
NVIDIA Corporation,2023-12-15,2023-12-18,1,up,up,0.18247976111862055,0.16880300952100588,0.6487172293603733,0.6487172293603733,0.47991421983936744,True,True
NVIDIA Corporation,2023-12-18,2023-12-19,1,flat,up,0.1492368600571383,0.1677116878141299,0.6830514521287316,0.6830514521287316,0.5153397643146017,True,False
NVIDIA Corporation,2023-12-19,2023-12-20,1,down,up,0.27292654950428813,0.13269522852306068,0.5943782219726516,0.5943782219726516,0.46168299344959085,True,False
NVIDIA Corporation,2023-12-20,2023-12-21,1,flat,up,0.292083346256167,0.11107886801601646,0.5968377857278168,0.5968377857278168,0.4857589177118003,True,False
NVIDIA Corporation,2023-12-21,2023-12-22,1,flat,up,0.2420384208799067,0.11668951766094321,0.6412720614591503,0.6412720614591503,0.524582543798207,True,False
NVIDIA Corporation,2023-12-22,2023-12-26,1,flat,up,0.1975201604538867,0.14753030920368765,0.6549495303424258,0.6549495303424258,0.507419221138738,True,False
NVIDIA Corporation,2023-12-26,2023-12-27,1,flat,up,0.20912717569475975,0.16060424025696463,0.6302685840482757,0.6302685840482757,0.46966434379131106,True,False
NVIDIA Corporation,2023-12-27,2023-12-28,1,flat,up,0.21036354457008843,0.16157446429084513,0.6280619911390666,0.6280619911390666,0.4664875268482215,True,False
NVIDIA Corporation,2023-12-28,2023-12-29,1,flat,up,0.2093236324181118,0.16347457461708578,0.6272017929648024,0.6272017929648024,0.4637272183477166,True,False
NVIDIA Corporation,2023-12-29,2024-01-02,1,down,up,0.23220330293903998,0.13059586423518837,0.6372008328257718,0.6372008328257718,0.5066049685905833,True,False
NVIDIA Corporation,2024-01-02,2024-01-03,1,down,up,0.2302428485445522,0.1672455717086809,0.602511579746767,0.602511579746767,0.435266008038086,True,False
NVIDIA Corporation,2024-01-03,2024-01-04,1,flat,up,0.22398311947175994,0.14055581640398349,0.6354610641242566,0.6354610641242566,0.4949052477202731,True,False
NVIDIA Corporation,2024-01-04,2024-01-05,1,up,up,0.17431495334089936,0.13711378003350796,0.6885712666255928,0.6885712666255928,0.5514574865920848,True,True
NVIDIA Corporation,2024-01-05,2024-01-08,1,up,up,0.15016447761235752,0.1390202597403495,0.7108152626472929,0.7108152626472929,0.5717950029069434,True,True
NVIDIA Corporation,2024-01-08,2024-01-09,1,up,up,0.11370988754318365,0.14070266157019404,0.745587450886622,0.745587450886622,0.604884789316428,True,True
NVIDIA Corporation,2024-01-09,2024-01-10,1,up,up,0.1418614789705893,0.18005574435331603,0.6780827766760946,0.6780827766760946,0.49802703232277856,True,True
NVIDIA Corporation,2024-01-10,2024-01-11,1,up,up,0.34388581496730025,0.23865335828834813,0.4174608267443517,0.4174608267443517,0.17880746845600357,True,True
NVIDIA Corporation,2024-01-11,2024-01-12,1,flat,up,0.14841346398641425,0.23599755732486774,0.615588978688718,0.615588978688718,0.37959142136385027,True,False
NVIDIA Corporation,2024-01-12,2024-01-16,1,up,up,0.22279212002373247,0.18455020680512374,0.5926576731711439,0.5926576731711439,0.4081074663660202,True,True
NVIDIA Corporation,2024-01-16,2024-01-17,1,flat,up,0.13702973917126296,0.16961072163881138,0.6933595391899255,0.6933595391899255,0.5237488175511141,True,False
NVIDIA Corporation,2024-01-17,2024-01-18,1,up,up,0.21056982431416676,0.14358230964776061,0.6458478660380726,0.6458478660380726,0.502265556390312,True,True
NVIDIA Corporation,2024-01-18,2024-01-19,1,up,up,0.14489934383862435,0.14914562620300242,0.7059550299583731,0.7059550299583731,0.5568094037553707,True,True
NVIDIA Corporation,2024-01-19,2024-01-22,1,up,up,0.16206435855678183,0.15758264287806595,0.6803529985651521,0.6803529985651521,0.5227703556870862,True,True
NVIDIA Corporation,2024-01-22,2024-01-23,1,flat,up,0.1563961435069342,0.36962558127853623,0.4739782752145297,0.4739782752145297,0.10435269393599345,True,False
NVIDIA Corporation,2024-01-23,2024-01-24,1,up,up,0.24151616439920395,0.20364742155081902,0.5548364140499773,0.5548364140499773,0.35118899249915825,True,True
NVIDIA Corporation,2024-01-24,2024-01-25,1,up,up,0.14746557001033728,0.18609700990294098,0.6664374200867216,0.6664374200867216,0.4803404101837806,True,True
NVIDIA Corporation,2024-01-25,2024-01-26,1,down,flat,0.18536795280737392,0.6574006619858344,0.15723138520679175,0.18536795280737392,-0.4720327091784604,False,False
NVIDIA Corporation,2024-01-26,2024-01-29,1,flat,up,0.2534489300002096,0.13125442643567786,0.6152966435641128,0.6152966435641128,0.484042217128435,True,False
NVIDIA Corporation,2024-01-29,2024-01-30,1,up,up,0.16728103415574114,0.18703867501812738,0.6456802908261314,0.6456802908261314,0.45864161580800406,True,True
NVIDIA Corporation,2024-01-30,2024-01-31,1,down,up,0.1533144896141314,0.15183081828147596,0.6948546921043925,0.6948546921043925,0.5430238738229166,True,False
NVIDIA Corporation,2024-01-31,2024-02-01,1,up,up,0.2973362843735827,0.11767464919271003,0.5849890664337076,0.5849890664337076,0.4673144172409976,True,True
NVIDIA Corporation,2024-02-01,2024-02-02,1,up,up,0.13573884581918205,0.20939608862852557,0.6548650655522924,0.6548650655522924,0.44546897692376686,True,True
NVIDIA Corporation,2024-02-02,2024-02-05,1,up,up,0.17126626209505266,0.22172730824608727,0.60700642965886,0.60700642965886,0.3852791214127727,True,True
NVIDIA Corporation,2024-02-05,2024-02-06,1,flat,flat,0.16106695573046118,0.6916229140000657,0.1473101302694732,0.16106695573046118,-0.5305559582696046,False,True
NVIDIA Corporation,2024-02-06,2024-02-07,1,flat,flat,0.22471839426249224,0.6609738941919814,0.11430771154552634,0.22471839426249224,-0.43625549992948914,False,True
NVIDIA Corporation,2024-02-07,2024-02-08,1,up,flat,0.18331274057390334,0.6134395943141975,0.20324766511189912,0.20324766511189912,-0.41019192920229836,False,False
NVIDIA Corporation,2024-02-08,2024-02-09,1,up,flat,0.18003590277886117,0.6565655829932682,0.16339851422787072,0.18003590277886117,-0.476529680214407,False,False
NVIDIA Corporation,2024-02-09,2024-02-12,1,up,up,0.16553705552377268,0.18689008104747803,0.6475728634287494,0.6475728634287494,0.46068278238127136,True,True
NVIDIA Corporation,2024-02-12,2024-02-13,1,down,up,0.1664670560028775,0.15396900970312022,0.6795639342940023,0.6795639342940023,0.5255949245908821,True,False
NVIDIA Corporation,2024-02-13,2024-02-14,1,up,up,0.25820017555550284,0.12950576645666462,0.6122940579878328,0.6122940579878328,0.48278829153116815,True,True
NVIDIA Corporation,2024-02-14,2024-02-15,1,flat,up,0.14163720711024935,0.269312455293369,0.5890503375963815,0.5890503375963815,0.3197378823030125,True,False
NVIDIA Corporation,2024-02-15,2024-02-16,1,flat,flat,0.2350227624728431,0.52469152911111,0.2402857084160469,0.2402857084160469,-0.28440582069506315,False,True
NVIDIA Corporation,2024-02-16,2024-02-20,1,down,up,0.22235614449824193,0.14004350873067398,0.6376003467710841,0.6376003467710841,0.4975568380404102,True,False
NVIDIA Corporation,2024-02-20,2024-02-21,1,down,up,0.30723608436223737,0.13249681913072767,0.5602670965070353,0.5602670965070353,0.4277702773763077,True,False
NVIDIA Corporation,2024-02-21,2024-02-22,1,up,up,0.2619246767045461,0.147261013156352,0.5908143101391019,0.5908143101391019,0.4435532969827499,True,True
NVIDIA Corporation,2024-02-22,2024-02-23,1,up,flat,0.12743606445019764,0.6825013882468636,0.19006254730293884,0.19006254730293884,-0.49243884094392476,False,False
NVIDIA Corporation,2024-02-23,2024-02-26,1,flat,flat,0.12294641735397359,0.7282666642333605,0.1487869184126659,0.1487869184126659,-0.5794797458206946,False,True
NVIDIA Corporation,2024-02-26,2024-02-27,1,flat,flat,0.23815537556429384,0.6523015191946139,0.10954310524109248,0.23815537556429384,-0.41414614363032004,False,True
NVIDIA Corporation,2024-02-27,2024-02-28,1,flat,flat,0.27537924475174047,0.6271184253005999,0.09750232994765994,0.27537924475174047,-0.35173918054885944,False,True
NVIDIA Corporation,2024-02-28,2024-02-29,1,flat,flat,0.23973581765921306,0.6479482649990139,0.11231591734177307,0.23973581765921306,-0.4082124473398009,False,True
NVIDIA Corporation,2024-02-29,2024-03-01,1,up,flat,0.13523786735295518,0.6861807057798671,0.17858142686717768,0.17858142686717768,-0.5075992789126894,False,False
NVIDIA Corporation,2024-03-01,2024-03-04,1,up,up,0.12682191769771248,0.21620107445097414,0.6569770078513135,0.6569770078513135,0.4407759334003394,True,True
NVIDIA Corporation,2024-03-04,2024-03-05,1,flat,flat,0.13312383379174655,0.7045188412204084,0.16235732498784505,0.16235732498784505,-0.5421615162325634,False,True
NVIDIA Corporation,2024-03-05,2024-03-06,1,up,flat,0.22049219590212377,0.6831073986487889,0.09640040544908739,0.22049219590212377,-0.4626152027466651,False,False
NVIDIA Corporation,2024-03-06,2024-03-07,1,up,flat,0.14580680706187338,0.7438618491669009,0.11033134377122565,0.14580680706187338,-0.5980550421050275,False,False
NVIDIA Corporation,2024-03-07,2024-03-08,1,flat,flat,0.15020988672856095,0.7340595070959386,0.11573060617550024,0.15020988672856095,-0.5838496203673776,False,True
NVIDIA Corporation,2024-03-08,2024-03-11,1,down,flat,0.1979358833727496,0.6584337931889611,0.14363032343828924,0.1979358833727496,-0.4604979098162115,False,False
NVIDIA Corporation,2024-03-11,2024-03-12,1,up,flat,0.20932428613814408,0.6533375097800113,0.13733820408184474,0.20932428613814408,-0.4440132236418672,False,False
NVIDIA Corporation,2024-03-12,2024-03-13,1,flat,flat,0.12906678014444456,0.7008099471241427,0.17012327273141284,0.17012327273141284,-0.5306866743927299,False,True
NVIDIA Corporation,2024-03-13,2024-03-14,1,down,flat,0.16349743907538136,0.6768928244896651,0.1596097364349536,0.16349743907538136,-0.5133953854142838,False,False
NVIDIA Corporation,2024-03-14,2024-03-15,1,flat,flat,0.2906367631091815,0.6206369094343194,0.08872632745649915,0.2906367631091815,-0.33000014632513786,False,True
NVIDIA Corporation,2024-03-15,2024-03-18,1,up,flat,0.23147048471702353,0.6853489607224487,0.0831805545605277,0.23147048471702353,-0.45387847600542514,False,False
NVIDIA Corporation,2024-03-18,2024-03-19,1,down,flat,0.12385454025609458,0.7020353514364764,0.1741101083074289,0.1741101083074289,-0.5279252431290475,False,False
NVIDIA Corporation,2024-03-19,2024-03-20,1,flat,flat,0.2603339087947245,0.6579222387092721,0.08174385249600329,0.2603339087947245,-0.3975883299145476,False,True
NVIDIA Corporation,2024-03-20,2024-03-21,1,up,flat,0.139125569891427,0.7051830792167297,0.15569135089184338,0.15569135089184338,-0.5494917283248864,False,False
NVIDIA Corporation,2024-03-21,2024-03-22,1,flat,flat,0.1250853458714673,0.7053158905449408,0.1695987635835919,0.1695987635835919,-0.5357171269613489,False,True
NVIDIA Corporation,2024-03-22,2024-03-25,1,up,flat,0.16200478097347687,0.6802236358160366,0.15777158321048657,0.16200478097347687,-0.5182188548425597,False,False
NVIDIA Corporation,2024-03-25,2024-03-26,1,flat,flat,0.12879707467123158,0.685742110354382,0.18546081497438632,0.18546081497438632,-0.5002812953799958,False,True
NVIDIA Corporation,2024-03-26,2024-03-27,1,down,flat,0.2725196392137856,0.6311712198506849,0.09630914093552971,0.2725196392137856,-0.35865158063689934,False,False
NVIDIA Corporation,2024-03-27,2024-03-28,1,flat,flat,0.26554368074620244,0.6547225673865267,0.079733751867271,0.26554368074620244,-0.38917888664032424,False,True
NVIDIA Corporation,2024-03-28,2024-04-01,1,flat,up,0.22353914484077295,0.16859781028423798,0.6078630448749892,0.6078630448749892,0.43926523459075123,True,False
NVIDIA Corporation,2024-04-01,2024-04-02,1,down,up,0.18973710619409437,0.1764683070338806,0.6337945867720249,0.6337945867720249,0.4573262797381443,True,False
NVIDIA Corporation,2024-04-02,2024-04-03,1,flat,up,0.23993117002211917,0.1568310470629472,0.6032377829149337,0.6032377829149337,0.4464067358519865,True,False
NVIDIA Corporation,2024-04-03,2024-04-04,1,flat,up,0.19006799384209935,0.17879343456420077,0.6311385715936999,0.6311385715936999,0.45234513702949913,True,False
NVIDIA Corporation,2024-04-04,2024-04-05,1,flat,up,0.2603610853328084,0.16105230280187194,0.5785866118653198,0.5785866118653198,0.41753430906344785,True,False
NVIDIA Corporation,2024-04-05,2024-04-08,1,flat,up,0.2717021892037007,0.1409764816824479,0.5873213291138513,0.5873213291138513,0.44634484743140335,True,False
NVIDIA Corporation,2024-04-08,2024-04-09,1,down,up,0.1869103684715507,0.16151038325380376,0.6515792482746456,0.6515792482746456,0.4900688650208419,True,False
NVIDIA Corporation,2024-04-09,2024-04-10,1,flat,up,0.23559042527152824,0.1794787697498369,0.5849308049786349,0.5849308049786349,0.405452035228798,True,False
NVIDIA Corporation,2024-04-10,2024-04-11,1,up,up,0.23230886939828863,0.12294210869905417,0.6447490219026571,0.6447490219026571,0.521806913203603,True,True
NVIDIA Corporation,2024-04-11,2024-04-12,1,flat,up,0.12379579761538018,0.18250448452677112,0.6936997178578487,0.6936997178578487,0.5111952333310775,True,False
NVIDIA Corporation,2024-04-12,2024-04-15,1,down,up,0.24981416989418895,0.1599412847471844,0.5902445453586267,0.5902445453586267,0.4303032606114423,True,False
NVIDIA Corporation,2024-04-15,2024-04-16,1,flat,up,0.29128661442277887,0.11692986763595686,0.5917835179412644,0.5917835179412644,0.4748536503053075,True,False
NVIDIA Corporation,2024-04-16,2024-04-17,1,flat,up,0.24637865315377164,0.12295001140483805,0.6306713354413906,0.6306713354413906,0.5077213240365526,True,False
NVIDIA Corporation,2024-04-17,2024-04-18,1,down,up,0.2444335135335449,0.15858987308712272,0.5969766133793325,0.5969766133793325,0.4383867402922098,True,False
NVIDIA Corporation,2024-04-18,2024-04-19,1,down,up,0.21147855420916564,0.16337983545946316,0.6251416103313712,0.6251416103313712,0.461761774871908,True,False
NVIDIA Corporation,2024-04-19,2024-04-22,1,down,up,0.24691600772601494,0.16071084939766364,0.5923731428763216,0.5923731428763216,0.4316622934786579,True,False
NVIDIA Corporation,2024-04-22,2024-04-23,1,up,up,0.21262535922952047,0.12033296273865655,0.667041678031823,0.667041678031823,0.5467087152931664,True,True
NVIDIA Corporation,2024-04-23,2024-04-24,1,flat,up,0.13852154522418672,0.1589726199816081,0.702505834794205,0.702505834794205,0.5435332148125969,True,False
NVIDIA Corporation,2024-04-24,2024-04-25,1,flat,up,0.21332608185452667,0.1732557689725346,0.6134181491729387,0.6134181491729387,0.4401623802004041,True,False
NVIDIA Corporation,2024-04-25,2024-04-26,1,up,up,0.26357716605693804,0.22866619388558496,0.5077566400574771,0.5077566400574771,0.27909044617189216,True,True
NVIDIA Corporation,2024-04-26,2024-04-29,1,flat,flat,0.13445436255582732,0.6745245645068426,0.19102107293733012,0.19102107293733012,-0.4835034915695125,False,True
NVIDIA Corporation,2024-04-29,2024-04-30,1,flat,flat,0.13045075963188382,0.7613075962003658,0.10824164416775041,0.13045075963188382,-0.630856836568482,False,True
NVIDIA Corporation,2024-04-30,2024-05-01,1,down,flat,0.23751537035424097,0.6779027453286475,0.08458188431711136,0.23751537035424097,-0.4403873749744065,False,False
NVIDIA Corporation,2024-05-01,2024-05-02,1,flat,up,0.24694153464552446,0.17614765596494383,0.5769108093895319,0.5769108093895319,0.400763153424588,True,False
NVIDIA Corporation,2024-05-02,2024-05-03,1,up,up,0.14145560723695316,0.1990687369107131,0.6594756558523338,0.6594756558523338,0.46040691894162067,True,True
NVIDIA Corporation,2024-05-03,2024-05-06,1,up,flat,0.12320940941854351,0.6954833660227249,0.18130722455873163,0.18130722455873163,-0.5141761414639933,False,False
NVIDIA Corporation,2024-05-06,2024-05-07,1,flat,flat,0.11194076958217337,0.7531350101976932,0.13492422022013326,0.13492422022013326,-0.61821078997756,False,True
NVIDIA Corporation,2024-05-07,2024-05-08,1,flat,flat,0.24353247589648735,0.668445533749696,0.08802199035381673,0.24353247589648735,-0.4249130578532086,False,True
NVIDIA Corporation,2024-05-08,2024-05-09,1,flat,flat,0.29059867939756606,0.6179809564532689,0.09142036414916527,0.29059867939756606,-0.32738227705570283,False,True
NVIDIA Corporation,2024-05-09,2024-05-10,1,flat,up,0.24319783937178796,0.30917665896940233,0.4476255016588099,0.4476255016588099,0.13844884268940755,True,False
NVIDIA Corporation,2024-05-10,2024-05-13,1,flat,up,0.18496720797186178,0.18273661336708596,0.6322961786610523,0.6322961786610523,0.4495595652939663,True,False
NVIDIA Corporation,2024-05-13,2024-05-14,1,flat,up,0.23626706184597857,0.14534415180106758,0.6183887863529539,0.6183887863529539,0.47304463455188633,True,False
NVIDIA Corporation,2024-05-14,2024-05-15,1,up,up,0.21478401298612762,0.16946750305325972,0.6157484839606127,0.6157484839606127,0.4462809809073529,True,True
NVIDIA Corporation,2024-05-15,2024-05-16,1,up,up,0.12005614615155591,0.18381779598377163,0.6961260578646724,0.6961260578646724,0.5123082618809007,True,True
NVIDIA Corporation,2024-05-16,2024-05-17,1,down,up,0.13896164154081164,0.2675757462229702,0.5934626122362183,0.5934626122362183,0.3258868660132481,True,False
NVIDIA Corporation,2024-05-17,2024-05-20,1,flat,up,0.2877849349325551,0.1248464068377612,0.5873686582296839,0.5873686582296839,0.46252225139192266,True,False
NVIDIA Corporation,2024-05-20,2024-05-21,1,flat,up,0.16334358329644005,0.18634507526684294,0.650311341436717,0.650311341436717,0.463966266169874,True,False
NVIDIA Corporation,2024-05-21,2024-05-22,1,flat,up,0.22161705441839832,0.16248261959355456,0.6159003259880471,0.6159003259880471,0.4534177063944925,True,False
NVIDIA Corporation,2024-05-22,2024-05-23,1,up,up,0.14936926498224923,0.13441047680975787,0.7162202582079928,0.7162202582079928,0.581809781398235,True,True
NVIDIA Corporation,2024-05-23,2024-05-24,1,up,up,0.11570477064101561,0.28527465003225516,0.5990205793267291,0.5990205793267291,0.313745929294474,True,True
NVIDIA Corporation,2024-05-24,2024-05-28,1,down,flat,0.14016353053671143,0.7384830970786457,0.1213533723846432,0.14016353053671143,-0.5983195665419343,False,False
NVIDIA Corporation,2024-05-28,2024-05-29,1,flat,up,0.261018546253907,0.13738731253807182,0.6015941412080213,0.6015941412080213,0.46420682866994956,True,False
NVIDIA Corporation,2024-05-29,2024-05-30,1,flat,up,0.20330010151105804,0.13083211762161562,0.6658677808673263,0.6658677808673263,0.5350356632457107,True,False
NVIDIA Corporation,2024-05-30,2024-05-31,1,flat,down,0.7092355210969428,0.1346494996831559,0.15611497921990142,0.7092355210969428,0.5745860214137869,True,False
NVIDIA Corporation,2024-05-31,2024-06-03,1,flat,down,0.7177237049654049,0.15389664050427831,0.12837965453031694,0.7177237049654049,0.5638270644611266,True,False
NVIDIA Corporation,2024-06-03,2024-06-04,1,flat,down,0.6654666543820735,0.17858373632632624,0.15594960929160032,0.6654666543820735,0.4868829180557473,True,False
NVIDIA Corporation,2024-06-04,2024-06-05,1,flat,down,0.6355448497355027,0.20360534283449858,0.16084980742999863,0.6355448497355027,0.43193950690100413,True,False
NVIDIA Corporation,2024-06-05,2024-06-06,1,flat,down,0.637892249798047,0.21985795591835341,0.14224979428359966,0.637892249798047,0.4180342938796936,True,False
NVIDIA Corporation,2024-06-06,2024-06-07,1,flat,down,0.6498597225710819,0.21356078906307288,0.13657948836584524,0.6498597225710819,0.4362989335080091,True,False
NVIDIA Corporation,2024-06-07,2024-06-10,1,flat,down,0.7107076231889752,0.17410737087407424,0.1151850059369506,0.7107076231889752,0.5366002523149009,True,False
NVIDIA Corporation,2024-06-10,2024-06-11,1,flat,flat,0.3725463755827457,0.5182847106118846,0.1091689138053697,0.3725463755827457,-0.1457383350291389,False,True
NVIDIA Corporation,2024-06-11,2024-06-12,1,flat,flat,0.30525265187178663,0.5640461895114273,0.1307011586167863,0.30525265187178663,-0.25879353763964064,False,True
NVIDIA Corporation,2024-06-12,2024-06-13,1,flat,flat,0.14076997471918015,0.7322578859079452,0.1269721393728747,0.14076997471918015,-0.591487911188765,False,True
NVIDIA Corporation,2024-06-13,2024-06-14,1,flat,flat,0.16210881883413972,0.6846730064064466,0.15321817475941377,0.16210881883413972,-0.5225641875723068,False,True
NVIDIA Corporation,2024-06-14,2024-06-15,1,flat,flat,0.14997464896155005,0.7376041842247077,0.1124211668137422,0.14997464896155005,-0.5876295352631578,False,True
"Tesla, Inc.",2021-09-03,2021-09-07,1,up,flat,0.3058428886575959,0.4619408732602888,0.23221623808211528,0.3058428886575959,-0.15609798460269292,False,False
"Tesla, Inc.",2021-09-07,2021-09-08,1,flat,up,0.25106206910192624,0.32625997660505424,0.4226779542930196,0.4226779542930196,0.09641797768796534,True,False
"Tesla, Inc.",2021-09-08,2021-09-09,1,flat,flat,0.3030063711779153,0.4198555432201162,0.2771380856019684,0.3030063711779153,-0.11684917204220091,False,True
"Tesla, Inc.",2021-09-09,2021-09-10,1,down,flat,0.2867865106601253,0.47798563527666227,0.23522785406321253,0.2867865106601253,-0.191199124616537,False,False
"Tesla, Inc.",2021-09-10,2021-09-13,1,down,flat,0.3311741843238788,0.4234810496140392,0.24534476606208205,0.3311741843238788,-0.09230686529016041,False,False
"Tesla, Inc.",2021-09-13,2021-09-14,1,up,down,0.4342826715442687,0.3640104666347025,0.20170686182102884,0.4342826715442687,0.0702722049095662,True,False
"Tesla, Inc.",2021-09-14,2021-09-15,1,flat,flat,0.340287648932594,0.37753609949699707,0.28217625157040893,0.340287648932594,-0.03724845056440307,False,True
"Tesla, Inc.",2021-09-15,2021-09-16,1,flat,down,0.38073579822547077,0.36577503897950725,0.25348916279502187,0.38073579822547077,0.014960759245963517,True,False
"Tesla, Inc.",2021-09-16,2021-09-17,1,flat,flat,0.3555765206421799,0.379318080290858,0.2651053990669621,0.3555765206421799,-0.02374155964867808,False,True
"Tesla, Inc.",2021-09-17,2021-09-20,1,down,down,0.3570538620550818,0.2973534776443576,0.34559266030056046,0.3570538620550818,0.05970038441072423,True,True
"Tesla, Inc.",2021-09-20,2021-09-21,1,flat,down,0.5379750629719746,0.279432211741544,0.18259272528648146,0.5379750629719746,0.25854285123043064,True,False
"Tesla, Inc.",2021-09-21,2021-09-22,1,up,flat,0.35673963475476306,0.36552324743208386,0.277737117813153,0.35673963475476306,-0.008783612677320807,False,False
"Tesla, Inc.",2021-09-22,2021-09-23,1,flat,down,0.3826776827410056,0.34691000346838674,0.27041231379060754,0.3826776827410056,0.03576767927261887,True,False
"Tesla, Inc.",2021-09-23,2021-09-24,1,flat,flat,0.3711088238006664,0.38167134243236034,0.24721983376697315,0.3711088238006664,-0.01056251863169394,False,True
"Tesla, Inc.",2021-09-24,2021-09-27,1,up,up,0.3231574155348582,0.335497379957442,0.34134520450769973,0.34134520450769973,0.00584782455025773,True,True
"Tesla, Inc.",2021-09-27,2021-09-28,1,flat,up,0.29820211155171433,0.2791798091024736,0.4226180793458121,0.4226180793458121,0.1434382702433385,True,False
"Tesla, Inc.",2021-09-28,2021-09-29,1,flat,down,0.3993784081752941,0.37376964077510716,0.22685195104959865,0.3993784081752941,0.025608767400186916,True,False
"Tesla, Inc.",2021-09-29,2021-09-30,1,flat,down,0.38502623063508196,0.3711504791031202,0.24382329026179775,0.38502623063508196,0.013875751531961744,True,False
"Tesla, Inc.",2021-09-30,2021-10-01,1,flat,flat,0.37541460392374837,0.39523801599104624,0.22934738008520533,0.37541460392374837,-0.019823412067297874,False,True
"Tesla, Inc.",2021-10-01,2021-10-04,1,up,flat,0.3523752862981834,0.410519072108318,0.23710564159349862,0.3523752862981834,-0.05814378581013463,False,False
"Tesla, Inc.",2021-10-04,2021-10-05,1,flat,up,0.29371803223573667,0.28685868519989666,0.41942328256436673,0.41942328256436673,0.13256459736447007,True,False
"Tesla, Inc.",2021-10-05,2021-10-06,1,flat,flat,0.3419400672052153,0.3972285143272216,0.26083141846756297,0.3419400672052153,-0.05528844712200631,False,True
"Tesla, Inc.",2021-10-06,2021-10-07,1,up,flat,0.33712530602592206,0.40270486598441146,0.26016982798966637,0.33712530602592206,-0.06557955995848941,False,False
"Tesla, Inc.",2021-10-07,2021-10-08,1,flat,down,0.34182062406353186,0.32451534804016213,0.33366402789630606,0.34182062406353186,0.01730527602336973,True,False
"Tesla, Inc.",2021-10-08,2021-10-11,1,flat,down,0.3996006011153532,0.3738166780317348,0.22658272085291195,0.3996006011153532,0.025783923083618432,True,False
"Tesla, Inc.",2021-10-11,2021-10-12,1,up,down,0.3892315606830579,0.3607177353819746,0.2500507039349675,0.3892315606830579,0.028513825301083318,True,False
"Tesla, Inc.",2021-10-12,2021-10-13,1,flat,up,0.3345332803789635,0.3006624715376798,0.36480424808335676,0.36480424808335676,0.06414177654567699,True,False
"Tesla, Inc.",2021-10-13,2021-10-14,1,flat,flat,0.36032697483992854,0.38918026656561555,0.25049275859445586,0.36032697483992854,-0.028853291725687014,False,True
"Tesla, Inc.",2021-10-14,2021-10-15,1,up,flat,0.3374510734633649,0.3893282771576981,0.2732206493789369,0.3374510734633649,-0.051877203694333185,False,False
"Tesla, Inc.",2021-10-15,2021-10-18,1,up,up,0.32581845515778,0.31779904483813304,0.3563825000040869,0.3563825000040869,0.03858345516595385,True,True
"Tesla, Inc.",2021-10-18,2021-10-19,1,up,up,0.3211549805883849,0.2908314198127566,0.3880135995988584,0.3880135995988584,0.09718217978610177,True,True
"Tesla, Inc.",2021-10-19,2021-10-20,1,down,down,0.40325431675008505,0.3311850282547437,0.2655606549951711,0.40325431675008505,0.07206928849534133,True,True
"Tesla, Inc.",2021-10-20,2021-10-21,1,up,down,0.39215118101629975,0.3859809772083245,0.22186784177537566,0.39215118101629975,0.0061702038079752275,True,False
"Tesla, Inc.",2021-10-21,2021-10-22,1,up,up,0.351515749692855,0.2723018637649057,0.3761823865422391,0.3761823865422391,0.1038805227773334,True,True
"Tesla, Inc.",2021-10-22,2021-10-25,1,up,down,0.36453664008455283,0.30623803083121187,0.32922532908423513,0.36453664008455283,0.05829860925334096,True,False
"Tesla, Inc.",2021-10-25,2021-10-26,1,up,up,0.30226760141174147,0.1671971879759303,0.5305352106123282,0.5305352106123282,0.3633380226363979,True,True
"Tesla, Inc.",2021-10-26,2021-10-27,1,flat,down,0.45019450660959537,0.24833025053740404,0.3014752428530004,0.45019450660959537,0.20186425607219133,True,False
"Tesla, Inc.",2021-10-27,2021-10-28,1,up,down,0.43648000128735553,0.3089508867433588,0.2545691119692856,0.43648000128735553,0.12752911454399674,True,False
"Tesla, Inc.",2021-10-28,2021-10-29,1,up,down,0.35811026644671873,0.327766920476599,0.31412281307668216,0.35811026644671873,0.03034334597011973,True,False
"Tesla, Inc.",2021-10-29,2021-11-01,1,up,down,0.4236899260739421,0.3047574797348078,0.27155259419124994,0.4236899260739421,0.1189324463391343,True,False
"Tesla, Inc.",2021-11-01,2021-11-02,1,flat,up,0.35341593281074457,0.24445964048622143,0.40212442670303394,0.40212442670303394,0.1576647862168125,True,False
"Tesla, Inc.",2021-11-02,2021-11-03,1,flat,down,0.40631610073876984,0.37778037040293067,0.21590352885829944,0.40631610073876984,0.02853573033583917,True,False
"Tesla, Inc.",2021-11-03,2021-11-04,1,up,flat,0.3404164201430792,0.34484162038686894,0.3147419594700518,0.3404164201430792,-0.004425200243789729,False,False
"Tesla, Inc.",2021-11-04,2021-11-05,1,flat,up,0.3149362101591655,0.3063891833675139,0.3786746064733205,0.3786746064733205,0.0722854231058066,True,False
"Tesla, Inc.",2021-11-05,2021-11-08,1,down,down,0.42709496770065825,0.35843587915308606,0.21446915314625561,0.42709496770065825,0.06865908854757219,True,True
"Tesla, Inc.",2021-11-08,2021-11-09,1,down,down,0.4318003254846219,0.3500339273543408,0.21816574716103704,0.4318003254846219,0.08176639813028108,True,True
"Tesla, Inc.",2021-11-09,2021-11-10,1,down,down,0.42254834227433,0.31818806334257493,0.25926359438309493,0.42254834227433,0.10436027893175509,True,True
"Tesla, Inc.",2021-11-10,2021-11-11,1,up,down,0.4170863279557139,0.3005273683906031,0.28238630365368284,0.4170863279557139,0.11655895956511075,True,False
"Tesla, Inc.",2021-11-11,2021-11-12,1,down,up,0.23844201172482096,0.2639540425702751,0.49760394570490385,0.49760394570490385,0.23364990313462874,True,False
"Tesla, Inc.",2021-11-12,2021-11-15,1,down,down,0.5153980640678186,0.2688176771028813,0.2157842588292999,0.5153980640678186,0.24658038696493734,True,True
"Tesla, Inc.",2021-11-15,2021-11-16,1,flat,down,0.38352101766849145,0.31165493836189295,0.3048240439696156,0.38352101766849145,0.0718660793065985,True,False
"Tesla, Inc.",2021-11-16,2021-11-17,1,up,up,0.32582621207626283,0.2400396750116278,0.4341341129121093,0.4341341129121093,0.1940944379004815,True,True
"Tesla, Inc.",2021-11-17,2021-11-18,1,flat,down,0.4357822830477797,0.2242297479720466,0.3399879689801734,0.4357822830477797,0.21155253507573313,True,False
"Tesla, Inc.",2021-11-18,2021-11-19,1,flat,down,0.4912138770814532,0.2806712700638954,0.2281148528546511,0.4912138770814532,0.21054260701755778,True,False
"Tesla, Inc.",2021-11-19,2021-11-22,1,up,down,0.40026757402241375,0.33681508705747293,0.2629173389201131,0.40026757402241375,0.06345248696494082,True,False
"Tesla, Inc.",2021-11-22,2021-11-23,1,down,up,0.3116101529610255,0.34374853595618926,0.34464131108278506,0.34464131108278506,0.0008927751265958017,True,False
"Tesla, Inc.",2021-11-23,2021-11-24,1,down,down,0.47514569690838016,0.3295645283350384,0.1952897747565812,0.47514569690838016,0.14558116857334175,True,True
"Tesla, Inc.",2021-11-24,2021-11-26,1,flat,flat,0.3936610436613744,0.4163613441029288,0.1899776122356967,0.3936610436613744,-0.02270030044155441,False,True
"Tesla, Inc.",2021-11-26,2021-11-29,1,flat,flat,0.24305342703359883,0.5045912287679245,0.2523553441984767,0.2523553441984767,-0.2522358845694478,False,True
"Tesla, Inc.",2021-11-29,2021-11-30,1,flat,up,0.2515088284877971,0.35611799065996574,0.3923731808522371,0.3923731808522371,0.03625519019227136,True,False
"Tesla, Inc.",2021-11-30,2021-12-01,1,flat,up,0.2937095061771079,0.3143863669506931,0.3919041268721987,0.3919041268721987,0.07751775992150561,True,False
"Tesla, Inc.",2021-12-01,2021-12-02,1,down,down,0.3667781194925146,0.3553791874183233,0.277842693089162,0.3667781194925146,0.011398932074191293,True,True
"Tesla, Inc.",2021-12-02,2021-12-03,1,down,down,0.4543670769499727,0.3134917705385426,0.23214115251148448,0.4543670769499727,0.1408753064114301,True,True
"Tesla, Inc.",2021-12-03,2021-12-06,1,down,down,0.42826805664269446,0.3220333160985631,0.24969862725874237,0.42826805664269446,0.10623474054413135,True,True
"Tesla, Inc.",2021-12-06,2021-12-07,1,up,down,0.4927466481029905,0.29633587101748826,0.210917480879521,0.4927466481029905,0.19641077708550225,True,False
"Tesla, Inc.",2021-12-07,2021-12-08,1,flat,up,0.24564251562909062,0.3309541434051143,0.423403340965795,0.423403340965795,0.09244919756068071,True,False
"Tesla, Inc.",2021-12-08,2021-12-09,1,down,down,0.3797720095502502,0.320060132109267,0.3001678583404825,0.3797720095502502,0.05971187744098322,True,True
"Tesla, Inc.",2021-12-09,2021-12-10,1,down,down,0.42945539039462144,0.3024448057351385,0.26809980387024,0.42945539039462144,0.12701058465948295,True,True
"Tesla, Inc.",2021-12-10,2021-12-13,1,down,down,0.4387162966978178,0.2910697470038803,0.27021395629830164,0.4387162966978178,0.14764654969393753,True,True
"Tesla, Inc.",2021-12-13,2021-12-14,1,down,down,0.46146172816483544,0.33844764533438354,0.20009062650078108,0.46146172816483544,0.1230140828304519,True,True
"Tesla, Inc.",2021-12-14,2021-12-15,1,flat,down,0.4710375603202345,0.3161767429889575,0.21278569669080788,0.4710375603202345,0.15486081733127705,True,False
"Tesla, Inc.",2021-12-15,2021-12-16,1,flat,flat,0.3131998229293376,0.3628985230260548,0.3239016540446075,0.3239016540446075,-0.038996868981447275,False,True
"Tesla, Inc.",2021-12-16,2021-12-17,1,down,down,0.37223653068311957,0.36501795496661044,0.26274551435026977,0.37223653068311957,0.007218575716509135,True,True
"Tesla, Inc.",2021-12-17,2021-12-20,1,down,down,0.41703744906254914,0.32642356653802435,0.2565389843994262,0.41703744906254914,0.09061388252452479,True,True
"Tesla, Inc.",2021-12-20,2021-12-21,1,flat,down,0.38125659921770716,0.3564265677577395,0.2623168330245532,0.38125659921770716,0.02483003145996765,True,False
"Tesla, Inc.",2021-12-21,2021-12-22,1,up,down,0.3457747250308259,0.3381239275344998,0.3161013474346741,0.3457747250308259,0.007650797496326078,True,False
"Tesla, Inc.",2021-12-22,2021-12-23,1,up,up,0.27786770036371466,0.3096450812720427,0.4124872183642425,0.4124872183642425,0.1028421370921998,True,True
"Tesla, Inc.",2021-12-23,2021-12-27,1,up,flat,0.33755188310233875,0.345304084957041,0.31714403194062,0.33755188310233875,-0.0077522018547022675,False,False
"Tesla, Inc.",2021-12-27,2021-12-28,1,flat,flat,0.28851456225632144,0.4212784794252271,0.2902069583184514,0.2902069583184514,-0.13107152110677572,False,True
"Tesla, Inc.",2021-12-28,2021-12-29,1,flat,down,0.39029801111185347,0.3828033124829946,0.2268986764051517,0.39029801111185347,0.007494698628858876,True,False
"Tesla, Inc.",2021-12-29,2021-12-30,1,down,flat,0.38207765096738233,0.41828615517330237,0.19963619385931525,0.38207765096738233,-0.036208504205920033,False,False
"Tesla, Inc.",2021-12-30,2021-12-31,1,flat,flat,0.37947530310113275,0.4422588613673778,0.17826583553148934,0.37947530310113275,-0.06278355826624504,False,True
"Tesla, Inc.",2021-12-31,2022-01-03,1,up,flat,0.31663635686482183,0.4466478790114965,0.23671576412368145,0.31663635686482183,-0.13001152214667466,False,False
"Tesla, Inc.",2022-01-03,2022-01-04,1,flat,up,0.21843707536582163,0.25921817851528256,0.5223447461188957,0.5223447461188957,0.26312656760361314,True,False
"Tesla, Inc.",2022-01-04,2022-01-05,1,down,down,0.39979751458989576,0.3495057866246205,0.2506966987854837,0.39979751458989576,0.05029172796527526,True,True
"Tesla, Inc.",2022-01-05,2022-01-06,1,down,down,0.38091539545639297,0.36007653384457017,0.25900807069903664,0.38091539545639297,0.0208388616118228,True,True
"Tesla, Inc.",2022-01-06,2022-01-07,1,flat,down,0.3957630455948655,0.33183613810047846,0.27240081630465585,0.3957630455948655,0.06392690749438706,True,False
"Tesla, Inc.",2022-01-07,2022-01-10,1,down,down,0.4117834472866779,0.3261687602647327,0.2620477924485894,0.4117834472866779,0.08561468702194519,True,True
"Tesla, Inc.",2022-01-10,2022-01-11,1,up,down,0.4363855076402775,0.30686461099748186,0.25674988136224053,0.4363855076402775,0.12952089664279565,True,False
"Tesla, Inc.",2022-01-11,2022-01-12,1,up,up,0.2674373535957634,0.3295802324539072,0.4029824139503292,0.4029824139503292,0.07340218149642197,True,True
"Tesla, Inc.",2022-01-12,2022-01-13,1,down,up,0.27721635188042437,0.31709881146771896,0.4056848366518565,0.4056848366518565,0.08858602518413755,True,False
"Tesla, Inc.",2022-01-13,2022-01-14,1,down,down,0.45514177037515074,0.2680139252564637,0.2768443043683854,0.45514177037515074,0.18712784511868702,True,True
"Tesla, Inc.",2022-01-14,2022-01-18,1,flat,down,0.5192630652211165,0.2786122189556418,0.20212471582324162,0.5192630652211165,0.24065084626547473,True,False
"Tesla, Inc.",2022-01-18,2022-01-19,1,flat,down,0.44251286790183075,0.30247788312799334,0.25500924897017563,0.44251286790183075,0.1400349847738374,True,False
"Tesla, Inc.",2022-01-19,2022-01-20,1,flat,down,0.4294617238511994,0.38159812626115286,0.18894014988764762,0.4294617238511994,0.04786359759004655,True,False
"Tesla, Inc.",2022-01-20,2022-01-21,1,down,flat,0.34879738321014553,0.3728772563621633,0.27832536042769096,0.34879738321014553,-0.02407987315201776,False,False
"Tesla, Inc.",2022-01-21,2022-01-24,1,down,down,0.3998808764997734,0.3463087766015806,0.2538103468986458,0.3998808764997734,0.05357209989819278,True,True
"Tesla, Inc.",2022-01-24,2022-01-25,1,flat,down,0.47212189857741227,0.2611503727446613,0.2667277286779262,0.47212189857741227,0.21097152583275097,True,False
"Tesla, Inc.",2022-01-25,2022-01-26,1,flat,up,0.29677899840230815,0.29342473695323656,0.40979626464445507,0.40979626464445507,0.1163715276912185,True,False
"Tesla, Inc.",2022-01-26,2022-01-27,1,down,down,0.35795184435111954,0.2961585815045804,0.34588957414429994,0.35795184435111954,0.06179326284653913,True,True
"Tesla, Inc.",2022-01-27,2022-01-28,1,down,down,0.5554783607978995,0.2590824262995067,0.18543921290259358,0.5554783607978995,0.2963959344983928,True,True
"Tesla, Inc.",2022-01-28,2022-01-31,1,up,down,0.37489626883189237,0.29183448031025466,0.33326925085785286,0.37489626883189237,0.0830617885216377,True,False
"Tesla, Inc.",2022-01-31,2022-02-01,1,flat,up,0.20019751598739866,0.34765997187466596,0.4521425121379353,0.4521425121379353,0.10448254026326936,True,False
"Tesla, Inc.",2022-02-01,2022-02-02,1,flat,down,0.4150273132305585,0.32266619597887986,0.26230649079056156,0.4150273132305585,0.09236111725167867,True,False
"Tesla, Inc.",2022-02-02,2022-02-03,1,flat,down,0.43950517349154206,0.3560411833320407,0.204453643176417,0.43950517349154206,0.08346399015950134,True,False
"Tesla, Inc.",2022-02-03,2022-02-04,1,flat,flat,0.3481108538709231,0.4244002123531254,0.22748893377595142,0.3481108538709231,-0.07628935848220231,False,True
"Tesla, Inc.",2022-02-04,2022-02-07,1,flat,down,0.36384074564725816,0.36204874257439706,0.27411051177834467,0.36384074564725816,0.0017920030728610925,True,False
"Tesla, Inc.",2022-02-07,2022-02-08,1,flat,down,0.3981930603590368,0.3242020201433837,0.27760491949757915,0.3981930603590368,0.07399104021565311,True,False
"Tesla, Inc.",2022-02-08,2022-02-09,1,flat,flat,0.37681321942226,0.4115007096840547,0.21168607089368516,0.37681321942226,-0.03468749026179474,False,True
"Tesla, Inc.",2022-02-09,2022-02-10,1,down,flat,0.27688958345490844,0.44388775247583573,0.27922266406925544,0.27922266406925544,-0.16466508840658028,False,False
"Tesla, Inc.",2022-02-10,2022-02-11,1,down,flat,0.37530333729395426,0.38242524715918913,0.2422714155468565,0.37530333729395426,-0.007121909865234866,False,False
"Tesla, Inc.",2022-02-11,2022-02-14,1,flat,down,0.4065974574167832,0.37073816403114274,0.22266437855207394,0.4065974574167832,0.03585929338564048,True,False
"Tesla, Inc.",2022-02-14,2022-02-15,1,up,down,0.38066047235752815,0.3706763518225896,0.24866317581988207,0.38066047235752815,0.009984120534938523,True,False
"Tesla, Inc.",2022-02-15,2022-02-16,1,flat,flat,0.28150454137523706,0.37133861643498656,0.3471568421897763,0.3471568421897763,-0.02418177424521023,False,True
"Tesla, Inc.",2022-02-16,2022-02-17,1,down,down,0.3925588933629073,0.3463141397206003,0.26112696691649223,0.3925588933629073,0.04624475364230696,True,True
"Tesla, Inc.",2022-02-17,2022-02-18,1,down,down,0.4394879966244279,0.3190407296424289,0.24147127373314295,0.4394879966244279,0.12044726698199898,True,True
"Tesla, Inc.",2022-02-18,2022-02-22,1,down,down,0.4322821811241414,0.3513119416648417,0.21640587721101673,0.4322821811241414,0.08097023945929971,True,True
"Tesla, Inc.",2022-02-22,2022-02-23,1,down,down,0.48016306564491046,0.3123805834292475,0.2074563509258418,0.48016306564491046,0.16778248221566294,True,True
"Tesla, Inc.",2022-02-23,2022-02-24,1,down,down,0.43861648523527186,0.30787998868648675,0.25350352607824117,0.43861648523527186,0.1307364965487851,True,True
"Tesla, Inc.",2022-02-24,2022-02-25,1,up,down,0.4444861681615175,0.2856164753545643,0.26989735648391805,0.4444861681615175,0.15886969280695318,True,False
"Tesla, Inc.",2022-02-25,2022-02-28,1,up,up,0.21129374043205154,0.3498451529331499,0.4388611066347986,0.4388611066347986,0.08901595370164872,True,True
"Tesla, Inc.",2022-02-28,2022-03-01,1,up,up,0.2654895865822512,0.3061122242395878,0.4283981891781611,0.4283981891781611,0.1222859649385733,True,True
"Tesla, Inc.",2022-03-01,2022-03-02,1,flat,down,0.3557092178303105,0.3503094360856357,0.29398134608405374,0.3557092178303105,0.005399781744674814,True,False
"Tesla, Inc.",2022-03-02,2022-03-03,1,flat,down,0.43304312083020186,0.32928408466455417,0.23767279450524378,0.43304312083020186,0.10375903616564769,True,False
"Tesla, Inc.",2022-03-03,2022-03-04,1,down,down,0.4801926672941774,0.3473734632172274,0.17243386948859513,0.4801926672941774,0.13281920407695003,True,True
"Tesla, Inc.",2022-03-04,2022-03-07,1,flat,down,0.4769028941459347,0.3485760926756017,0.17452101317846344,0.4769028941459347,0.12832680147033299,True,False
"Tesla, Inc.",2022-03-07,2022-03-08,1,down,flat,0.3491793859907415,0.44716928089782804,0.20365133311143058,0.3491793859907415,-0.09798989490708654,False,False
"Tesla, Inc.",2022-03-08,2022-03-09,1,up,flat,0.332697704560345,0.4463738653486118,0.22092843009104313,0.332697704560345,-0.11367616078826681,False,False
"Tesla, Inc.",2022-03-09,2022-03-10,1,flat,flat,0.2177993593488461,0.3975174826319864,0.3846831580191675,0.3846831580191675,-0.01283432461281886,False,True
"Tesla, Inc.",2022-03-10,2022-03-11,1,down,down,0.36619554737449556,0.3537088251201046,0.2800956275053998,0.36619554737449556,0.012486722254390958,True,True
"Tesla, Inc.",2022-03-11,2022-03-14,1,down,down,0.3984406273339727,0.345582216179779,0.2559771564862483,0.3984406273339727,0.05285841115419365,True,True
"Tesla, Inc.",2022-03-14,2022-03-15,1,flat,down,0.45859619595094525,0.31165511254556943,0.22974869150348531,0.45859619595094525,0.14694108340537582,True,False
"Tesla, Inc.",2022-03-15,2022-03-16,1,up,down,0.3687298139917218,0.3325647257014664,0.2987054603068117,0.3687298139917218,0.03616508829025539,True,False
"Tesla, Inc.",2022-03-16,2022-03-17,1,up,up,0.3050952723819208,0.30739189686015567,0.3875128307579234,0.3875128307579234,0.08012093389776775,True,True
"Tesla, Inc.",2022-03-17,2022-03-18,1,up,flat,0.3269592341854833,0.3702960165754434,0.30274474923907324,0.3269592341854833,-0.04333678238996014,False,False
"Tesla, Inc.",2022-03-18,2022-03-21,1,up,up,0.3142603427062599,0.29086007918364654,0.3948795781100934,0.3948795781100934,0.10401949892644685,True,True
"Tesla, Inc.",2022-03-21,2022-03-22,1,up,down,0.3590202857019027,0.34412181944986964,0.2968578948482276,0.3590202857019027,0.01489846625203306,True,False
"Tesla, Inc.",2022-03-22,2022-03-23,1,up,down,0.4144729134478632,0.248644397697656,0.3368826888544808,0.4144729134478632,0.16582851575020718,True,False
"Tesla, Inc.",2022-03-23,2022-03-24,1,flat,down,0.4055095305061476,0.29272057624144476,0.30176989325240755,0.4055095305061476,0.11278895426470281,True,False
"Tesla, Inc.",2022-03-24,2022-03-25,1,flat,flat,0.39749992418772295,0.42107804810119936,0.18142202771107752,0.39749992418772295,-0.023578123913476412,False,True
"Tesla, Inc.",2022-03-25,2022-03-28,1,up,flat,0.34100244402980134,0.45814675932135607,0.20085079664884256,0.34100244402980134,-0.11714431529155472,False,False
"Tesla, Inc.",2022-03-28,2022-03-29,1,up,up,0.25317164536476006,0.3072719023042266,0.4395564523310133,0.4395564523310133,0.13228455002678674,True,True
"Tesla, Inc.",2022-03-29,2022-03-30,1,flat,flat,0.3588484287150401,0.39916034865063277,0.2419912226343271,0.3588484287150401,-0.04031191993559269,False,True
"Tesla, Inc.",2022-03-30,2022-03-31,1,flat,flat,0.3460631009704488,0.4224842425216313,0.23145265650791969,0.3460631009704488,-0.07642114155118251,False,True
"Tesla, Inc.",2022-03-31,2022-04-01,1,flat,flat,0.3209942814384956,0.40017029238853075,0.2788354261729736,0.3209942814384956,-0.07917601095003513,False,True
"Tesla, Inc.",2022-04-01,2022-04-04,1,up,down,0.37818569070179175,0.3444517147617848,0.2773625945364232,0.37818569070179175,0.03373397594000693,True,False
"Tesla, Inc.",2022-04-04,2022-04-05,1,flat,up,0.2896061211923878,0.2717281549196595,0.43866572388795255,0.43866572388795255,0.16693756896829304,True,False
"Tesla, Inc.",2022-04-05,2022-04-06,1,down,down,0.39784479270146667,0.32796600017241884,0.27418920712611417,0.39784479270146667,0.06987879252904783,True,True
"Tesla, Inc.",2022-04-06,2022-04-07,1,flat,down,0.4711821289313721,0.3430471718004522,0.18577069926817558,0.4711821289313721,0.12813495713091994,True,False
"Tesla, Inc.",2022-04-07,2022-04-08,1,down,up,0.3066357243618799,0.32486135916762093,0.368502916470499,0.368502916470499,0.04364155730287805,True,False
"Tesla, Inc.",2022-04-08,2022-04-11,1,down,down,0.4666478533145326,0.3167891596618907,0.21656298702357663,0.4666478533145326,0.14985869365264193,True,True
"Tesla, Inc.",2022-04-11,2022-04-12,1,flat,down,0.5208878511471324,0.2846987222610493,0.1944134265918181,0.5208878511471324,0.23618912888608312,True,False
"Tesla, Inc.",2022-04-12,2022-04-13,1,flat,up,0.30635026137893173,0.2949282281729052,0.39872151044816295,0.39872151044816295,0.10379328227525775,True,False
"Tesla, Inc.",2022-04-13,2022-04-14,1,flat,down,0.42621772777064415,0.29028267559764975,0.2834995966317059,0.42621772777064415,0.1359350521729944,True,False
"Tesla, Inc.",2022-04-14,2022-04-18,1,flat,down,0.43999333697028276,0.2737678431497731,0.2862388198799438,0.43999333697028276,0.16622549382050966,True,False
"Tesla, Inc.",2022-04-18,2022-04-19,1,up,down,0.43505006753304604,0.28272867750368136,0.2822212549632724,0.43505006753304604,0.15232139002936468,True,False
"Tesla, Inc.",2022-04-19,2022-04-20,1,flat,down,0.430736924770024,0.30497528227765336,0.2642877929523224,0.430736924770024,0.12576164249237065,True,False
"Tesla, Inc.",2022-04-20,2022-04-21,1,up,down,0.4357346001510306,0.33770630443918204,0.2265590954097872,0.4357346001510306,0.09802829571184857,True,False
"Tesla, Inc.",2022-04-21,2022-04-22,1,down,up,0.31937726332565575,0.255977896004427,0.42464484066991726,0.42464484066991726,0.16866694466549026,True,False
"Tesla, Inc.",2022-04-22,2022-04-25,1,down,down,0.44846630004899646,0.3885142818142112,0.16301941813679213,0.44846630004899646,0.05995201823478524,True,True
"Tesla, Inc.",2022-04-25,2022-04-26,1,down,down,0.3899790042392669,0.36676365087769397,0.24325734488303896,0.3899790042392669,0.023215353361572932,True,True
"Tesla, Inc.",2022-04-26,2022-04-27,1,down,down,0.4897267278678584,0.3007851812791551,0.2094880908529863,0.4897267278678584,0.18894154658870332,True,True
"Tesla, Inc.",2022-04-27,2022-04-28,1,down,down,0.412020463529714,0.35857663540312135,0.22940290106716454,0.412020463529714,0.05344382812659265,True,True
"Tesla, Inc.",2022-04-28,2022-04-29,1,flat,down,0.3615975902826779,0.29539008085568375,0.3430123288616383,0.3615975902826779,0.06620750942699416,True,False
"Tesla, Inc.",2022-04-29,2022-05-02,1,flat,up,0.30060147359259914,0.31664645531376223,0.3827520710936384,0.3827520710936384,0.06610561577987617,True,False
"Tesla, Inc.",2022-05-02,2022-05-03,1,up,down,0.42287877221989545,0.3277387377302569,0.24938249004984747,0.42287877221989545,0.09514003448963854,True,False
"Tesla, Inc.",2022-05-03,2022-05-04,1,flat,up,0.31682308621882155,0.2980148565148435,0.3851620572663348,0.3851620572663348,0.0871472007514913,True,False
"Tesla, Inc.",2022-05-04,2022-05-05,1,down,down,0.42181803685761776,0.2788367835914149,0.29934517955096707,0.42181803685761776,0.14298125326620287,True,True
"Tesla, Inc.",2022-05-05,2022-05-06,1,down,down,0.5145547351541386,0.29806530932755315,0.18737995551830808,0.5145547351541386,0.21648942582658548,True,True
"Tesla, Inc.",2022-05-06,2022-05-09,1,down,down,0.4815835246310316,0.3430921453344523,0.17532433003451597,0.4815835246310316,0.1384913792965793,True,True
"Tesla, Inc.",2022-05-09,2022-05-10,1,flat,down,0.46363692978947024,0.34778738830258293,0.18857568190794677,0.46363692978947024,0.11584954148688731,True,False
"Tesla, Inc.",2022-05-10,2022-05-11,1,down,flat,0.2931114857625949,0.40570249061840746,0.30118602361899743,0.30118602361899743,-0.10451646699941003,False,False
"Tesla, Inc.",2022-05-11,2022-05-12,1,down,down,0.3622613022990495,0.3466089521002085,0.2911297456007418,0.3622613022990495,0.015652350198841036,True,True
"Tesla, Inc.",2022-05-12,2022-05-13,1,up,down,0.39001056109710786,0.2971988067392093,0.31279063216368286,0.39001056109710786,0.09281175435789857,True,False
"Tesla, Inc.",2022-05-13,2022-05-16,1,down,up,0.20106971470275056,0.31546781033661037,0.483462474960639,0.483462474960639,0.16799466462402862,True,False
"Tesla, Inc.",2022-05-16,2022-05-17,1,flat,down,0.5171448496377999,0.2886862402597487,0.19416891010245138,0.5171448496377999,0.22845860937805124,True,False
"Tesla, Inc.",2022-05-17,2022-05-18,1,down,down,0.38647629755000185,0.3032253296475513,0.3102983728024469,0.38647629755000185,0.08325096790245057,True,True
"Tesla, Inc.",2022-05-18,2022-05-19,1,flat,down,0.47950073313756203,0.31266094859323634,0.20783831826920143,0.47950073313756203,0.1668397845443257,True,False
"Tesla, Inc.",2022-05-19,2022-05-20,1,down,down,0.5187498238533559,0.29469078529417947,0.1865593908524643,0.5187498238533559,0.22405903855917642,True,True
"Tesla, Inc.",2022-05-20,2022-05-23,1,down,down,0.5082518174608137,0.22532690616763223,0.2664212763715539,0.5082518174608137,0.2829249112931815,True,True
"Tesla, Inc.",2022-05-23,2022-05-24,1,down,down,0.38753969321734016,0.37252606597366433,0.23993424080899545,0.38753969321734016,0.015013627243675831,True,True
"Tesla, Inc.",2022-05-24,2022-05-25,1,flat,flat,0.35025851785274403,0.35884613911122576,0.29089534303603026,0.35025851785274403,-0.008587621258481726,False,True
"Tesla, Inc.",2022-05-25,2022-05-26,1,up,flat,0.25524997080831574,0.38557438886610773,0.3591756403255765,0.3591756403255765,-0.02639874854053126,False,False
"Tesla, Inc.",2022-05-26,2022-05-27,1,up,up,0.17524599085771275,0.3817466732885142,0.44300733585377305,0.44300733585377305,0.06126066256525886,True,True
"Tesla, Inc.",2022-05-27,2022-05-31,1,flat,flat,0.17936707429632956,0.45573304257607816,0.36489988312759236,0.36489988312759236,-0.0908331594484858,False,True
"Tesla, Inc.",2022-05-31,2022-06-01,1,flat,flat,0.3097914810091189,0.44296919210833136,0.24723932688254985,0.3097914810091189,-0.13317771109921245,False,True
"Tesla, Inc.",2022-06-01,2022-06-02,1,flat,flat,0.3182432147301355,0.5305792612760952,0.15117752399376938,0.3182432147301355,-0.21233604654595972,False,True
"Tesla, Inc.",2022-06-02,2022-06-03,1,down,flat,0.28972888935210916,0.47651771007907534,0.23375340056881547,0.28972888935210916,-0.18678882072696618,False,False
"Tesla, Inc.",2022-06-03,2022-06-06,1,flat,flat,0.4044771495491804,0.43144502230577586,0.16407782814504385,0.4044771495491804,-0.026967872756595457,False,True
"Tesla, Inc.",2022-06-06,2022-06-07,1,flat,flat,0.246192140683615,0.5081759580039883,0.24563190131239665,0.246192140683615,-0.2619838173203733,False,True
"Tesla, Inc.",2022-06-07,2022-06-08,1,up,flat,0.31596954203491934,0.4390907886423599,0.2449396693227207,0.31596954203491934,-0.12312124660744056,False,False
"Tesla, Inc.",2022-06-08,2022-06-09,1,flat,flat,0.17057024311308086,0.45064367864962374,0.3787860782372954,0.3787860782372954,-0.07185760041232836,False,True
"Tesla, Inc.",2022-06-09,2022-06-10,1,down,up,0.29628689822588483,0.34025493520745864,0.36345816656665664,0.36345816656665664,0.023203231359197996,True,False
"Tesla, Inc.",2022-06-10,2022-06-13,1,down,down,0.6053147364906198,0.22900527194278458,0.1656799915665954,0.6053147364906198,0.37630946454783526,True,True
"Tesla, Inc.",2022-06-13,2022-06-14,1,flat,down,0.5653036587230378,0.210611034933734,0.22408530634322793,0.5653036587230378,0.3546926237893038,True,False
"Tesla, Inc.",2022-06-14,2022-06-15,1,up,down,0.41792654254911027,0.2978814542623055,0.2841920031885843,0.41792654254911027,0.12004508828680477,True,False
"Tesla, Inc.",2022-06-15,2022-06-16,1,down,up,0.28504896855588563,0.3423699191638722,0.37258111228024215,0.37258111228024215,0.03021119311636994,True,False
"Tesla, Inc.",2022-06-16,2022-06-17,1,flat,down,0.5469419228344703,0.23075522455413738,0.22230285261139227,0.5469419228344703,0.3161866982803329,True,False
"Tesla, Inc.",2022-06-17,2022-06-21,1,up,down,0.3748401173806805,0.3353682343452431,0.2897916482740762,0.3748401173806805,0.039471883035437416,True,False
"Tesla, Inc.",2022-06-21,2022-06-22,1,flat,up,0.16429931293384537,0.322723405294275,0.5129772817718796,0.5129772817718796,0.1902538764776046,True,False
"Tesla, Inc.",2022-06-22,2022-06-23,1,flat,flat,0.33334738182986334,0.4148575134967203,0.2517951046734165,0.33334738182986334,-0.08151013166685694,False,True
"Tesla, Inc.",2022-06-23,2022-06-24,1,flat,flat,0.3769095856813068,0.41657754545458414,0.20651286886410902,0.3769095856813068,-0.03966795977327736,False,True
"Tesla, Inc.",2022-06-24,2022-06-27,1,up,flat,0.18210352749711523,0.5171843087266293,0.3007121637762553,0.3007121637762553,-0.21647214495037403,False,False
"Tesla, Inc.",2022-06-27,2022-06-28,1,down,flat,0.2414005095459797,0.46779492936096323,0.2908045610930572,0.2908045610930572,-0.17699036826790604,False,False
"Tesla, Inc.",2022-06-28,2022-06-29,1,down,down,0.4055893242465547,0.3946236951983819,0.19978698055506336,0.4055893242465547,0.010965629048172776,True,True
"Tesla, Inc.",2022-06-29,2022-06-30,1,flat,flat,0.39995766409317823,0.40057095883738786,0.1994713770694339,0.39995766409317823,-0.0006132947442096248,False,True
"Tesla, Inc.",2022-06-30,2022-07-01,1,flat,flat,0.29894155832208535,0.4147288224330782,0.2863296192448366,0.29894155832208535,-0.11578726411099283,False,True
"Tesla, Inc.",2022-07-01,2022-07-05,1,flat,flat,0.2208120336737741,0.413820226640137,0.3653677396860888,0.3653677396860888,-0.04845248695404819,False,True
"Tesla, Inc.",2022-07-05,2022-07-06,1,flat,down,0.36728623754063056,0.33555793107243337,0.2971558313869361,0.36728623754063056,0.03172830646819719,True,False
"Tesla, Inc.",2022-07-06,2022-07-07,1,up,flat,0.2549564169009609,0.3989748823427711,0.3460687007562681,0.3460687007562681,-0.05290618158650301,False,False
"Tesla, Inc.",2022-07-07,2022-07-08,1,up,up,0.23235584462167042,0.35615802946848174,0.4114861259098479,0.4114861259098479,0.05532809644136616,True,True
"Tesla, Inc.",2022-07-08,2022-07-11,1,down,up,0.29782369220395044,0.3223712860066297,0.3798050217894197,0.3798050217894197,0.05743373578279004,True,False
"Tesla, Inc.",2022-07-11,2022-07-12,1,down,down,0.4405834455078722,0.3855324758459229,0.17388407864620486,0.4405834455078722,0.055050969661949334,True,True
"Tesla, Inc.",2022-07-12,2022-07-13,1,flat,down,0.45372917058145756,0.39661766257301306,0.14965316684552946,0.45372917058145756,0.0571115080084445,True,False
"Tesla, Inc.",2022-07-13,2022-07-14,1,flat,flat,0.294730904197425,0.4469773135184421,0.2582917822841328,0.294730904197425,-0.15224640932101713,False,True
"Tesla, Inc.",2022-07-14,2022-07-15,1,flat,flat,0.22884288408205944,0.48387919898419873,0.28727791693374183,0.28727791693374183,-0.1966012820504569,False,True
"Tesla, Inc.",2022-07-15,2022-07-18,1,flat,flat,0.21023832579768953,0.5004963994488135,0.28926527475349695,0.28926527475349695,-0.21123112469531657,False,True
"Tesla, Inc.",2022-07-18,2022-07-19,1,flat,flat,0.21366667739707595,0.4489218924872549,0.3374114301156692,0.3374114301156692,-0.11151046237158568,False,True
"Tesla, Inc.",2022-07-19,2022-07-20,1,flat,flat,0.32345666672056234,0.4141681223201085,0.262375210959329,0.32345666672056234,-0.09071145559954619,False,True
"Tesla, Inc.",2022-07-20,2022-07-21,1,up,down,0.36076538324220686,0.3518650917858791,0.2873695249719141,0.36076538324220686,0.008900291456327758,True,False
"Tesla, Inc.",2022-07-21,2022-07-22,1,up,up,0.3092223682835605,0.25594090668690783,0.43483672502953163,0.43483672502953163,0.1788958183426238,True,True
"Tesla, Inc.",2022-07-22,2022-07-25,1,down,flat,0.306237737099393,0.41222853541129556,0.2815337274893114,0.306237737099393,-0.10599079831190256,False,False
"Tesla, Inc.",2022-07-25,2022-07-26,1,down,flat,0.3280807089709157,0.49865855208008336,0.1732607389490011,0.3280807089709157,-0.17057784310916768,False,False
"Tesla, Inc.",2022-07-26,2022-07-27,1,up,down,0.409111910253112,0.4074663235200916,0.1834217662267963,0.409111910253112,0.0016455867330203988,True,False
"Tesla, Inc.",2022-07-27,2022-07-28,1,up,up,0.25775991967112544,0.36092385900985335,0.3813162213190212,0.3813162213190212,0.020392362309167855,True,True
"Tesla, Inc.",2022-07-28,2022-07-29,1,up,flat,0.2899760917129103,0.3899064484715746,0.3201174598155151,0.3201174598155151,-0.06978898865605948,False,False
"Tesla, Inc.",2022-07-29,2022-08-01,1,up,flat,0.30119189385056455,0.35954192742612795,0.33926617872330755,0.33926617872330755,-0.020275748702820395,False,False
"Tesla, Inc.",2022-08-01,2022-08-02,1,flat,up,0.3110920794545978,0.29054165941688903,0.39836626112851314,0.39836626112851314,0.10782460171162411,True,False
"Tesla, Inc.",2022-08-02,2022-08-03,1,up,down,0.3879488818677833,0.3843392222275237,0.22771189590469296,0.3879488818677833,0.0036096596402596104,True,False
"Tesla, Inc.",2022-08-03,2022-08-04,1,flat,down,0.3745729983309827,0.32048025674776076,0.3049467449212565,0.3745729983309827,0.054092741583221915,True,False
"Tesla, Inc.",2022-08-04,2022-08-05,1,down,down,0.4391431367187928,0.33756157169274625,0.2232952915884609,0.4391431367187928,0.10158156502604654,True,True
"Tesla, Inc.",2022-08-05,2022-08-08,1,flat,down,0.4902256537165093,0.3558846224667557,0.15388972381673488,0.4902256537165093,0.1343410312497536,True,False
"Tesla, Inc.",2022-08-08,2022-08-09,1,down,flat,0.300439863597444,0.3927887123413897,0.3067714240611662,0.3067714240611662,-0.08601728828022348,False,False
"Tesla, Inc.",2022-08-09,2022-08-10,1,up,down,0.39516191586830074,0.37919295916942053,0.22564512496227873,0.39516191586830074,0.01596895669888021,True,False
"Tesla, Inc.",2022-08-10,2022-08-11,1,flat,up,0.28662104145960204,0.32553514097722064,0.3878438175631774,0.3878438175631774,0.062308676585956735,True,False
"Tesla, Inc.",2022-08-11,2022-08-12,1,flat,down,0.367723669914288,0.3280934027812261,0.3041829273044857,0.367723669914288,0.03963026713306189,True,False
"Tesla, Inc.",2022-08-12,2022-08-15,1,up,down,0.42286227749882854,0.28162584209798547,0.29551188040318577,0.42286227749882854,0.14123643540084307,True,False
"Tesla, Inc.",2022-08-15,2022-08-16,1,flat,up,0.3207699311633355,0.2750118180621032,0.4042182507745612,0.4042182507745612,0.12920643271245802,True,False
"Tesla, Inc.",2022-08-16,2022-08-17,1,down,down,0.47294042918545454,0.2928408365942725,0.23421873422027292,0.47294042918545454,0.18009959259118202,True,True
"Tesla, Inc.",2022-08-17,2022-08-18,1,flat,down,0.46548916211893454,0.33681810664531814,0.19769273123574715,0.46548916211893454,0.1286710554736164,True,False
"Tesla, Inc.",2022-08-18,2022-08-19,1,down,down,0.3607995069862606,0.3486720467952053,0.29052844621853385,0.3607995069862606,0.012127460191055317,True,True
"Tesla, Inc.",2022-08-19,2022-08-22,1,down,down,0.45741186230729103,0.3679731214077234,0.17461501628498552,0.45741186230729103,0.0894387408995676,True,True
"Tesla, Inc.",2022-08-22,2022-08-23,1,flat,down,0.4180596634482271,0.36148827509017956,0.22045206146159316,0.4180596634482271,0.056571388358047536,True,False
"Tesla, Inc.",2022-08-23,2022-08-24,1,up,up,0.299779164509379,0.33048901356167026,0.3697318219289506,0.3697318219289506,0.039242808367280335,True,True
"Tesla, Inc.",2022-08-24,2022-08-25,1,flat,down,0.3559630373156736,0.3172076773220126,0.3268292853623136,0.3559630373156736,0.038755359993660976,True,False
"Tesla, Inc.",2022-08-25,2022-08-26,1,down,down,0.41690234909619683,0.3036468689265398,0.2794507819772631,0.41690234909619683,0.11325548016965703,True,True
"Tesla, Inc.",2022-08-26,2022-08-29,1,down,down,0.43259410326359693,0.3175602784603112,0.24984561827609153,0.43259410326359693,0.11503382480328572,True,True
"Tesla, Inc.",2022-08-29,2022-08-30,1,flat,down,0.48784779820552193,0.33382840901182353,0.1783237927826543,0.48784779820552193,0.1540193891936984,True,False
"Tesla, Inc.",2022-08-30,2022-08-31,1,down,flat,0.351245232301881,0.3975927408273738,0.2511620268707452,0.351245232301881,-0.0463475085254928,False,False
"Tesla, Inc.",2022-08-31,2022-09-01,1,down,flat,0.3846593363259746,0.39284673850751883,0.2224939251665065,0.3846593363259746,-0.008187402181544234,False,False
"Tesla, Inc.",2022-09-01,2022-09-02,1,flat,flat,0.3543712492379035,0.41334913904527215,0.23227961171682432,0.3543712492379035,-0.05897788980736868,False,True
"Tesla, Inc.",2022-09-02,2022-09-06,1,down,down,0.3402638701584411,0.33461211181993866,0.3251240180216201,0.3402638701584411,0.005651758338502455,True,True
"Tesla, Inc.",2022-09-06,2022-09-07,1,up,flat,0.38331467929414487,0.3847277143603139,0.23195760634554108,0.38331467929414487,-0.0014130350661690216,False,False
"Tesla, Inc.",2022-09-07,2022-09-08,1,up,down,0.3510385626899878,0.3352386658894403,0.31372277142057176,0.3510385626899878,0.015799896800547497,True,False
"Tesla, Inc.",2022-09-08,2022-09-09,1,up,down,0.3684814374579557,0.34401661765687486,0.28750194488516945,0.3684814374579557,0.02446481980108084,True,False
"Tesla, Inc.",2022-09-09,2022-09-12,1,up,down,0.3632271307518195,0.3416652353646341,0.2951076338835463,0.3632271307518195,0.021561895387185392,True,False
"Tesla, Inc.",2022-09-12,2022-09-13,1,down,down,0.42481540758991576,0.34421940937635065,0.23096518303373348,0.42481540758991576,0.08059599821356511,True,True
"Tesla, Inc.",2022-09-13,2022-09-14,1,up,down,0.48517175253665623,0.3408027025599196,0.174025544903424,0.48517175253665623,0.1443690499767366,True,False
"Tesla, Inc.",2022-09-14,2022-09-15,1,up,down,0.3844343123447128,0.3175117669861063,0.2980539206691809,0.3844343123447128,0.06692254535860653,True,False
"Tesla, Inc.",2022-09-15,2022-09-16,1,flat,down,0.39520829442084016,0.3255409245308438,0.279250781048316,0.39520829442084016,0.06966736988999633,True,False
"Tesla, Inc.",2022-09-16,2022-09-19,1,flat,down,0.40981034405166683,0.3534052752596155,0.23678438068871777,0.40981034405166683,0.056405068792051316,True,False
"Tesla, Inc.",2022-09-19,2022-09-20,1,up,flat,0.314583742722425,0.3611090396401093,0.32430721763746545,0.32430721763746545,-0.03680182200264387,False,False
"Tesla, Inc.",2022-09-20,2022-09-21,1,flat,down,0.3629100661292195,0.32288093967571674,0.31420899419506376,0.3629100661292195,0.04002912645350276,True,False
"Tesla, Inc.",2022-09-21,2022-09-22,1,down,down,0.40670314500919563,0.3322226024386159,0.2610742525521883,0.40670314500919563,0.07448054257057973,True,True
"Tesla, Inc.",2022-09-22,2022-09-23,1,down,down,0.4401114497001206,0.364036006180927,0.19585254411895225,0.4401114497001206,0.0760754435191936,True,True
"Tesla, Inc.",2022-09-23,2022-09-26,1,down,down,0.428799674547531,0.3689135754674428,0.2022867499850261,0.428799674547531,0.059886099080088184,True,True
"Tesla, Inc.",2022-09-26,2022-09-27,1,up,flat,0.3199934580530389,0.3998337482761807,0.28017279367078024,0.3199934580530389,-0.07984029022314176,False,False
"Tesla, Inc.",2022-09-27,2022-09-28,1,flat,up,0.28663216488616566,0.34075245990443737,0.3726153752093969,0.3726153752093969,0.03186291530495955,True,False
"Tesla, Inc.",2022-09-28,2022-09-29,1,down,down,0.4096514230801207,0.31260047779281475,0.27774809912706433,0.4096514230801207,0.09705094528730596,True,True
"Tesla, Inc.",2022-09-29,2022-09-30,1,down,down,0.4201773000322433,0.346362490081954,0.23346020988580257,0.4201773000322433,0.07381480995028927,True,True
"Tesla, Inc.",2022-09-30,2022-10-03,1,down,down,0.41316662419879924,0.34489485804365866,0.241938517757542,0.41316662419879924,0.06827176615514058,True,True
"Tesla, Inc.",2022-10-03,2022-10-04,1,flat,down,0.611452123087333,0.21301908395137603,0.17552879296129084,0.611452123087333,0.39843303913595696,True,False
"Tesla, Inc.",2022-10-04,2022-10-05,1,down,down,0.3997080512411859,0.24920953815962407,0.35108241059918993,0.3997080512411859,0.15049851308156184,True,True
"Tesla, Inc.",2022-10-05,2022-10-06,1,flat,down,0.45404884095073705,0.2988295799181938,0.24712157913106897,0.45404884095073705,0.15521926103254324,True,False
"Tesla, Inc.",2022-10-06,2022-10-07,1,down,flat,0.3391821437263619,0.37591250136104015,0.2849053549125977,0.3391821437263619,-0.036730357634678246,False,False
"Tesla, Inc.",2022-10-07,2022-10-10,1,down,down,0.4191213518433322,0.2855166738513685,0.2953619743052993,0.4191213518433322,0.13360467799196374,True,True
"Tesla, Inc.",2022-10-10,2022-10-11,1,flat,down,0.44425932798139456,0.30166872845738835,0.2540719435612169,0.44425932798139456,0.1425905995240062,True,False
"Tesla, Inc.",2022-10-11,2022-10-12,1,flat,down,0.43419202177699023,0.30584339114575865,0.259964587077251,0.43419202177699023,0.12834863063123159,True,False
"Tesla, Inc.",2022-10-12,2022-10-13,1,flat,down,0.42645871657439327,0.3578010089305376,0.2157402744950691,0.42645871657439327,0.06865770764385565,True,False
"Tesla, Inc.",2022-10-13,2022-10-14,1,flat,flat,0.38028662300246935,0.38315643482046996,0.23655694217706066,0.38028662300246935,-0.0028698118180006116,False,True
"Tesla, Inc.",2022-10-14,2022-10-17,1,flat,down,0.3735896199596427,0.35946527536098394,0.2669451046793734,0.3735896199596427,0.014124344598658745,True,False
"Tesla, Inc.",2022-10-17,2022-10-18,1,up,down,0.4274550010409208,0.3787324215981046,0.19381257736097446,0.4274550010409208,0.048722579442816216,True,False
"Tesla, Inc.",2022-10-18,2022-10-19,1,flat,flat,0.20040346848885512,0.46224719827971383,0.337349333231431,0.337349333231431,-0.12489786504828282,False,True
"Tesla, Inc.",2022-10-19,2022-10-20,1,down,flat,0.4028139791565764,0.4173164500619998,0.1798695707814238,0.4028139791565764,-0.014502470905423392,False,False
"Tesla, Inc.",2022-10-20,2022-10-21,1,flat,down,0.47386728837625947,0.3496856367096929,0.1764470749140477,0.47386728837625947,0.12418165166656658,True,False
"Tesla, Inc.",2022-10-21,2022-10-24,1,flat,flat,0.19195228074185555,0.5186409001321013,0.28940681912604294,0.28940681912604294,-0.22923408100605835,False,True
"Tesla, Inc.",2022-10-24,2022-10-25,1,up,flat,0.33110613756930096,0.43057609652215884,0.23831776590854023,0.33110613756930096,-0.09946995895285787,False,False
"Tesla, Inc.",2022-10-25,2022-10-26,1,up,up,0.16146621003608302,0.4188075347484109,0.4197262552155061,0.4197262552155061,0.0009187204670951798,True,True
"Tesla, Inc.",2022-10-26,2022-10-27,1,flat,flat,0.160301351972011,0.45876426411323507,0.380934383914754,0.380934383914754,-0.07782988019848108,False,True
"Tesla, Inc.",2022-10-27,2022-10-28,1,flat,flat,0.20024629090581547,0.4751126920884086,0.32464101700577597,0.32464101700577597,-0.15047167508263265,False,True
"Tesla, Inc.",2022-10-28,2022-10-31,1,flat,flat,0.36443284550346444,0.42125398292358573,0.21431317157294988,0.36443284550346444,-0.05682113742012129,False,True
"Tesla, Inc.",2022-10-31,2022-11-01,1,flat,flat,0.2645560823836163,0.5151897414020405,0.22025417621434296,0.2645560823836163,-0.25063365901842427,False,True
"Tesla, Inc.",2022-11-01,2022-11-02,1,down,flat,0.22876132027915524,0.46463706670449395,0.3066016130163509,0.3066016130163509,-0.15803545368814303,False,False
"Tesla, Inc.",2022-11-02,2022-11-03,1,down,down,0.4249113963943275,0.35180781371621983,0.2232807898894526,0.4249113963943275,0.07310358267810768,True,True
"Tesla, Inc.",2022-11-03,2022-11-04,1,flat,flat,0.309203105386308,0.39961914010597177,0.2911777545077202,0.309203105386308,-0.09041603471966375,False,True
"Tesla, Inc.",2022-11-04,2022-11-07,1,down,up,0.2930582416411063,0.30304730243506506,0.40389445592382867,0.40389445592382867,0.10084715348876361,True,False
"Tesla, Inc.",2022-11-07,2022-11-08,1,down,down,0.4567156259261907,0.2868922523350772,0.25639212173873216,0.4567156259261907,0.1698233735911135,True,True
"Tesla, Inc.",2022-11-08,2022-11-09,1,down,down,0.38745168004861197,0.2990790119485963,0.3134693080027919,0.38745168004861197,0.08837266810001565,True,True
"Tesla, Inc.",2022-11-09,2022-11-10,1,flat,flat,0.3153036601869691,0.3443409910558237,0.3403553487572071,0.3403553487572071,-0.003985642298616643,False,True
"Tesla, Inc.",2022-11-10,2022-11-11,1,flat,up,0.26224795359860426,0.292462937339169,0.4452891090622268,0.4452891090622268,0.1528261717230578,True,False
"Tesla, Inc.",2022-11-11,2022-11-14,1,flat,up,0.28491932089632654,0.31519853192136965,0.39988214718230375,0.39988214718230375,0.0846836152609341,True,False
"Tesla, Inc.",2022-11-14,2022-11-15,1,flat,flat,0.316900706876154,0.3870034580562205,0.2960958350676253,0.316900706876154,-0.07010275118006648,False,True
"Tesla, Inc.",2022-11-15,2022-11-16,1,down,flat,0.23699227742587556,0.4501240339252883,0.3128836886488361,0.3128836886488361,-0.13724034527645224,False,False
"Tesla, Inc.",2022-11-16,2022-11-17,1,down,down,0.4420836756168678,0.3723586799356407,0.1855576444474915,0.4420836756168678,0.06972499568122709,True,True
"Tesla, Inc.",2022-11-17,2022-11-18,1,flat,flat,0.388631643598086,0.3936116777748564,0.2177566786270574,0.388631643598086,-0.004980034176770398,False,True
"Tesla, Inc.",2022-11-18,2022-11-21,1,down,flat,0.2822057756860461,0.44668510876653456,0.2711091155474193,0.2822057756860461,-0.16447933308048845,False,False
"Tesla, Inc.",2022-11-21,2022-11-22,1,flat,down,0.3891816386407149,0.3773595178919452,0.23345884346733986,0.3891816386407149,0.011822120748769704,True,False
"Tesla, Inc.",2022-11-22,2022-11-23,1,up,flat,0.23770880428796867,0.4450236591364402,0.31726753657559115,0.31726753657559115,-0.12775612256084906,False,False
"Tesla, Inc.",2022-11-23,2022-11-25,1,up,up,0.16483542921321673,0.34424133149591196,0.4909232392908712,0.4909232392908712,0.14668190779495927,True,True
"Tesla, Inc.",2022-11-25,2022-11-28,1,flat,flat,0.2200493922157517,0.4542559565326221,0.3256946512516262,0.3256946512516262,-0.12856130528099585,False,True
"Tesla, Inc.",2022-11-28,2022-11-29,1,flat,flat,0.36134105343965606,0.36958198365862505,0.2690769629017188,0.36134105343965606,-0.00824093021896899,False,True
"Tesla, Inc.",2022-11-29,2022-11-30,1,up,flat,0.29773550352164035,0.44204412634939616,0.2602203701289635,0.29773550352164035,-0.1443086228277558,False,False
"Tesla, Inc.",2022-11-30,2022-12-01,1,up,up,0.2601439589028378,0.36606212516095304,0.37379391593620914,0.37379391593620914,0.007731790775256098,True,True
"Tesla, Inc.",2022-12-01,2022-12-02,1,flat,flat,0.21501426031686682,0.4758182995251767,0.3091674401579565,0.3091674401579565,-0.16665085936722018,False,True
"Tesla, Inc.",2022-12-02,2022-12-05,1,down,flat,0.33506887237926664,0.4428236903910031,0.2221074372297302,0.33506887237926664,-0.10775481801173648,False,False
"Tesla, Inc.",2022-12-05,2022-12-06,1,down,down,0.39705580919669925,0.3934470671180118,0.20949712368528886,0.39705580919669925,0.0036087420786874436,True,True
"Tesla, Inc.",2022-12-06,2022-12-07,1,down,flat,0.3066101421542554,0.4178762754752914,0.2755135823704532,0.3066101421542554,-0.11126613332103596,False,False
"Tesla, Inc.",2022-12-07,2022-12-08,1,down,flat,0.3132227092564468,0.4069412510152651,0.27983603972828797,0.3132227092564468,-0.09371854175881833,False,False
"Tesla, Inc.",2022-12-08,2022-12-09,1,up,flat,0.32419789609070665,0.3811699420262107,0.2946321618830825,0.32419789609070665,-0.056972045935504034,False,False
"Tesla, Inc.",2022-12-09,2022-12-12,1,down,up,0.20406248310245734,0.3375158755146161,0.45842164138292674,0.45842164138292674,0.12090576586831064,True,False
"Tesla, Inc.",2022-12-12,2022-12-13,1,down,down,0.40427609594634484,0.3109757836996311,0.28474812035402397,0.40427609594634484,0.09330031224671376,True,True
"Tesla, Inc.",2022-12-13,2022-12-14,1,down,down,0.48505758010924127,0.25654385399057683,0.25839856590018184,0.48505758010924127,0.22851372611866444,True,True
"Tesla, Inc.",2022-12-14,2022-12-15,1,flat,down,0.47380045824446226,0.29848152298916186,0.22771801876637576,0.47380045824446226,0.1753189352553004,True,False
"Tesla, Inc.",2022-12-15,2022-12-16,1,flat,down,0.37853247065344076,0.3376657752439085,0.2838017541026506,0.37853247065344076,0.04086669540953225,True,False
"Tesla, Inc.",2022-12-16,2022-12-19,1,down,flat,0.3341538276951071,0.35263112960844883,0.3132150426964442,0.3341538276951071,-0.018477301913341737,False,False
"Tesla, Inc.",2022-12-19,2022-12-20,1,down,flat,0.34232270724264596,0.3671505251854169,0.2905267675719371,0.34232270724264596,-0.024827817942770947,False,False
"Tesla, Inc.",2022-12-20,2022-12-21,1,down,down,0.38442131476906743,0.345563331733897,0.27001535349703565,0.38442131476906743,0.03885798303517046,True,True
"Tesla, Inc.",2022-12-21,2022-12-22,1,down,flat,0.3123855528704763,0.3699873342456438,0.3176271128838799,0.3176271128838799,-0.05236022136176388,False,False
"Tesla, Inc.",2022-12-22,2022-12-23,1,down,down,0.4329973933286808,0.31634755748893145,0.2506550491823877,0.4329973933286808,0.11664983583974936,True,True
"Tesla, Inc.",2022-12-23,2022-12-27,1,down,flat,0.34130388406143575,0.3543179021880591,0.3043782137505053,0.34130388406143575,-0.013014018126623339,False,False
"Tesla, Inc.",2022-12-27,2022-12-28,1,flat,down,0.43546529486423413,0.3129281793453002,0.25160652579046583,0.43546529486423413,0.12253711551893393,True,False
"Tesla, Inc.",2022-12-28,2022-12-29,1,up,up,0.26997191658658903,0.33937138332457506,0.3906567000888359,0.3906567000888359,0.051285316764260847,True,True
"Tesla, Inc.",2022-12-29,2022-12-30,1,flat,up,0.10479414063363338,0.3309576759751601,0.5642481833912065,0.5642481833912065,0.2332905074160464,True,False
"Tesla, Inc.",2022-12-30,2023-01-03,1,down,flat,0.24435293406139205,0.40829400659924986,0.347353059339358,0.347353059339358,-0.06094094725989185,False,False
"Tesla, Inc.",2023-01-03,2023-01-04,1,flat,down,0.5179468312565902,0.284893014145926,0.1971601545974837,0.5179468312565902,0.23305381711066425,True,False
"Tesla, Inc.",2023-01-04,2023-01-05,1,flat,flat,0.2849399357137933,0.42452439381990104,0.29053567046630563,0.29053567046630563,-0.1339887233535954,False,True
"Tesla, Inc.",2023-01-05,2023-01-06,1,flat,flat,0.32286571254692636,0.4330105809413777,0.24412370651169585,0.32286571254692636,-0.11014486839445131,False,True
"Tesla, Inc.",2023-01-06,2023-01-09,1,up,flat,0.36492459585476233,0.3798599968022939,0.2552154073429438,0.36492459585476233,-0.01493540094753154,False,False
"Tesla, Inc.",2023-01-09,2023-01-10,1,flat,up,0.0634005431559322,0.44034420370628347,0.4962552531377843,0.4962552531377843,0.055911049431500826,True,False
"Tesla, Inc.",2023-01-10,2023-01-11,1,flat,flat,0.27898294534178925,0.44670269103735905,0.27431436362085154,0.27898294534178925,-0.1677197456955698,False,True
"Tesla, Inc.",2023-01-11,2023-01-12,1,flat,flat,0.168277187451882,0.4336190980318261,0.3981037145162918,0.3981037145162918,-0.03551538351553429,False,True
"Tesla, Inc.",2023-01-12,2023-01-13,1,flat,flat,0.31642712183378485,0.4396981134445114,0.24387476472170366,0.31642712183378485,-0.12327099161072652,False,True
"Tesla, Inc.",2023-01-13,2023-01-17,1,up,flat,0.3783539636288883,0.4186102377835984,0.20303579858751336,0.3783539636288883,-0.040256274154710114,False,False
"Tesla, Inc.",2023-01-17,2023-01-18,1,flat,flat,0.09936493508047214,0.455235525040784,0.4453995398787439,0.4453995398787439,-0.009835985162040095,False,True
"Tesla, Inc.",2023-01-18,2023-01-19,1,down,flat,0.18159106821194293,0.46480864444523395,0.353600287342823,0.353600287342823,-0.11120835710241095,False,False
"Tesla, Inc.",2023-01-19,2023-01-20,1,flat,flat,0.3439926390312972,0.4199568093478264,0.2360505516208764,0.3439926390312972,-0.07596417031652924,False,True
"Tesla, Inc.",2023-01-20,2023-01-23,1,up,flat,0.1390143628948278,0.45498034701314183,0.40600529009203035,0.40600529009203035,-0.04897505692111148,False,False
"Tesla, Inc.",2023-01-23,2023-01-24,1,up,up,0.15912835389272856,0.3682738000120753,0.4725978460951963,0.4725978460951963,0.10432404608312096,True,True
"Tesla, Inc.",2023-01-24,2023-01-25,1,flat,flat,0.21753032808043904,0.4011363442287418,0.38133332769081907,0.38133332769081907,-0.019803016537922713,False,True
"Tesla, Inc.",2023-01-25,2023-01-26,1,up,down,0.3562695748049645,0.3442267292504171,0.29950369594461823,0.3562695748049645,0.012042845554547432,True,False
"Tesla, Inc.",2023-01-26,2023-01-27,1,up,up,0.10593409201152473,0.31174701873959365,0.5823188892488815,0.5823188892488815,0.2705718705092879,True,True
"Tesla, Inc.",2023-01-27,2023-01-30,1,flat,up,0.19642273130750354,0.2694267223324345,0.5341505463600621,0.5341505463600621,0.2647238240276276,True,False
"Tesla, Inc.",2023-01-30,2023-01-31,1,down,down,0.35186213493669494,0.3377302605875434,0.31040760447576143,0.35186213493669494,0.01413187434915153,True,True
"Tesla, Inc.",2023-01-31,2023-02-01,1,up,flat,0.37641471894616396,0.3777804282544116,0.24580485279942432,0.37641471894616396,-0.0013657093082476424,False,False
"Tesla, Inc.",2023-02-01,2023-02-02,1,up,up,0.19873842069476488,0.3825881017830094,0.4186734775222257,0.4186734775222257,0.03608537573921633,True,True
"Tesla, Inc.",2023-02-02,2023-02-03,1,flat,up,0.19284116304815008,0.3395438015020002,0.46761503544984967,0.46761503544984967,0.12807123394784947,True,False
"Tesla, Inc.",2023-02-03,2023-02-06,1,up,down,0.345494573104543,0.34397740474378874,0.31052802215166825,0.345494573104543,0.001517168360754273,True,False
"Tesla, Inc.",2023-02-06,2023-02-07,1,flat,flat,0.2061345418748855,0.4231145197440205,0.3707509383810941,0.3707509383810941,-0.052363581362926404,False,True
"Tesla, Inc.",2023-02-07,2023-02-08,1,flat,flat,0.31920287904878564,0.3473978233557801,0.3333992975954342,0.3333992975954342,-0.013998525760345937,False,True
"Tesla, Inc.",2023-02-08,2023-02-09,1,up,up,0.31622907246102516,0.3353726158465988,0.3483983116923759,0.3483983116923759,0.013025695845777119,True,True
"Tesla, Inc.",2023-02-09,2023-02-10,1,down,up,0.2262880971012762,0.3644062246009177,0.40930567829780606,0.40930567829780606,0.04489945369688836,True,False
"Tesla, Inc.",2023-02-10,2023-02-13,1,down,down,0.44454612630694346,0.3390656312163182,0.2163882424767382,0.44454612630694346,0.10548049509062524,True,True
"Tesla, Inc.",2023-02-13,2023-02-14,1,up,flat,0.305271443923288,0.38403149009548376,0.3106970659812281,0.3106970659812281,-0.07333442411425567,False,False
"Tesla, Inc.",2023-02-14,2023-02-15,1,up,up,0.15016801096908958,0.3626387218926145,0.4871932671382959,0.4871932671382959,0.12455454524568144,True,True
"Tesla, Inc.",2023-02-15,2023-02-16,1,flat,up,0.2207879436614683,0.38066826626574646,0.39854379007278534,0.39854379007278534,0.017875523807038884,True,False
"Tesla, Inc.",2023-02-16,2023-02-17,1,down,down,0.4322795100069621,0.3027500799832096,0.2649704100098284,0.4322795100069621,0.1295294300237525,True,True
"Tesla, Inc.",2023-02-17,2023-02-21,1,flat,down,0.33670580683262197,0.3365554616807805,0.3267387314865974,0.33670580683262197,0.00015034515184148,True,False
"Tesla, Inc.",2023-02-21,2023-02-22,1,down,flat,0.2839486543795522,0.38287210093666046,0.3331792446837872,0.3331792446837872,-0.049692856252873285,False,False
"Tesla, Inc.",2023-02-22,2023-02-23,1,flat,down,0.3707242983687582,0.35629382457232,0.2729818770589219,0.3707242983687582,0.014430473796438192,True,False
"Tesla, Inc.",2023-02-23,2023-02-24,1,down,up,0.22279056512983236,0.34627933555484613,0.43093009931532167,0.43093009931532167,0.08465076376047553,True,False
"Tesla, Inc.",2023-02-24,2023-02-27,1,up,down,0.36717442850715254,0.36535442573876137,0.2674711457540859,0.36717442850715254,0.0018200027683911713,True,False
"Tesla, Inc.",2023-02-27,2023-02-28,1,flat,up,0.19609915334852612,0.3264232679629191,0.4774775786885548,0.4774775786885548,0.1510543107256357,True,False
"Tesla, Inc.",2023-02-28,2023-03-01,1,down,up,0.3050228802264665,0.34473267117100653,0.3502444486025269,0.3502444486025269,0.0055117774315203705,True,False
"Tesla, Inc.",2023-03-01,2023-03-02,1,down,down,0.4109640572971074,0.3269568669963888,0.2620790757065037,0.4109640572971074,0.08400719030071857,True,True
"Tesla, Inc.",2023-03-02,2023-03-03,1,up,down,0.4144949951816868,0.34027776769774254,0.24522723712057048,0.4144949951816868,0.07421722748394427,True,False
"Tesla, Inc.",2023-03-03,2023-03-06,1,flat,up,0.15651270252061414,0.3577704768509813,0.48571682062840466,0.48571682062840466,0.12794634377742337,True,False
"Tesla, Inc.",2023-03-06,2023-03-07,1,down,down,0.3506243576275122,0.32998194683953497,0.3193936955329528,0.3506243576275122,0.02064241078797724,True,True
"Tesla, Inc.",2023-03-07,2023-03-08,1,down,down,0.4015467653841128,0.32428608615699106,0.27416714845889617,0.4015467653841128,0.07726067922712176,True,True
"Tesla, Inc.",2023-03-08,2023-03-09,1,down,flat,0.28945092181828364,0.3790800563368556,0.3314690218448606,0.3314690218448606,-0.047611034491995,False,False
"Tesla, Inc.",2023-03-09,2023-03-10,1,down,flat,0.3173760510734038,0.3552742016726544,0.32734974725394184,0.32734974725394184,-0.027924454418712552,False,False
"Tesla, Inc.",2023-03-10,2023-03-13,1,down,down,0.37085923398990756,0.3253776977141685,0.3037630682959238,0.37085923398990756,0.04548153627573903,True,True
"Tesla, Inc.",2023-03-13,2023-03-14,1,up,flat,0.3187714961582626,0.3882534660288213,0.292975037812916,0.3187714961582626,-0.06948196987055871,False,False
"Tesla, Inc.",2023-03-14,2023-03-15,1,flat,up,0.16225410498064174,0.40054015671722554,0.4372057383021327,0.4372057383021327,0.03666558158490718,True,False
"Tesla, Inc.",2023-03-15,2023-03-16,1,flat,down,0.3495628072800346,0.34776203302503517,0.3026751596949302,0.3495628072800346,0.0018007742549994155,True,False
"Tesla, Inc.",2023-03-16,2023-03-17,1,flat,flat,0.27353609145566316,0.45950831186377317,0.2669555966805637,0.27353609145566316,-0.18597222040811,False,True
"Tesla, Inc.",2023-03-17,2023-03-20,1,flat,flat,0.3716122702657062,0.3750202577781816,0.2533674719561121,0.3716122702657062,-0.0034079875124753967,False,True
"Tesla, Inc.",2023-03-20,2023-03-21,1,up,down,0.3966638335770326,0.35817464461037574,0.24516152181259157,0.3966638335770326,0.03848918896665687,True,False
"Tesla, Inc.",2023-03-21,2023-03-22,1,flat,up,0.15963476359846496,0.4125052413465764,0.42785999505495875,0.42785999505495875,0.015354753708382352,True,False
"Tesla, Inc.",2023-03-22,2023-03-23,1,flat,flat,0.2917295092805854,0.4642602869683628,0.24401020375105165,0.2917295092805854,-0.17253077768777741,False,True
"Tesla, Inc.",2023-03-23,2023-03-24,1,down,flat,0.303347597545893,0.43200432347238765,0.26464807898171927,0.303347597545893,-0.12865672592649463,False,False
"Tesla, Inc.",2023-03-24,2023-03-27,1,flat,flat,0.35742724348100174,0.4169700080474917,0.2256027484715065,0.35742724348100174,-0.059542764566489936,False,True
"Tesla, Inc.",2023-03-27,2023-03-28,1,down,flat,0.2688663708898881,0.40087777236625766,0.33025585674385427,0.33025585674385427,-0.07062191562240339,False,False
"Tesla, Inc.",2023-03-28,2023-03-29,1,flat,down,0.43973994744150746,0.35397868652009457,0.20628136603839795,0.43973994744150746,0.0857612609214129,True,False
"Tesla, Inc.",2023-03-29,2023-03-30,1,flat,up,0.27987786086381616,0.3504029251532411,0.3697192139829426,0.3697192139829426,0.01931628882970149,True,False
"Tesla, Inc.",2023-03-30,2023-03-31,1,up,flat,0.2557463496719127,0.44086409971213375,0.30338955061595346,0.30338955061595346,-0.1374745490961803,False,False
"Tesla, Inc.",2023-03-31,2023-04-03,1,down,up,0.2017785091419485,0.322728499219083,0.47549299163896863,0.47549299163896863,0.15276449241988566,True,False
"Tesla, Inc.",2023-04-03,2023-04-04,1,flat,down,0.4396637598767108,0.3213483166826691,0.23898792344062,0.4396637598767108,0.11831544319404169,True,False
"Tesla, Inc.",2023-04-04,2023-04-05,1,down,down,0.370397193699129,0.36569888717768184,0.2639039191231891,0.370397193699129,0.004698306521447149,True,True
"Tesla, Inc.",2023-04-05,2023-04-06,1,down,flat,0.36772983568554574,0.3922069881671346,0.24006317614731948,0.36772983568554574,-0.024477152481588882,False,False
"Tesla, Inc.",2023-04-06,2023-04-10,1,flat,flat,0.3138383444892646,0.3781890875273969,0.3079725679833384,0.3138383444892646,-0.06435074303813226,False,True
"Tesla, Inc.",2023-04-10,2023-04-11,1,up,flat,0.2980814700228236,0.3568082343437591,0.34511029563341733,0.34511029563341733,-0.011697938710341749,False,False
"Tesla, Inc.",2023-04-11,2023-04-12,1,flat,up,0.22287391274616675,0.34564201575188713,0.4314840715019461,0.4314840715019461,0.08584205575005899,True,False
"Tesla, Inc.",2023-04-12,2023-04-13,1,flat,down,0.38393658675981135,0.31582388716869236,0.3002395260714962,0.38393658675981135,0.06811269959111899,True,False
"Tesla, Inc.",2023-04-13,2023-04-14,1,flat,down,0.36509810590307673,0.33016908012797186,0.30473281396895135,0.36509810590307673,0.03492902577510487,True,False
"Tesla, Inc.",2023-04-14,2023-04-17,1,flat,flat,0.3392027211487836,0.3513799130497097,0.30941736580150675,0.3392027211487836,-0.012177191900926143,False,True
"Tesla, Inc.",2023-04-17,2023-04-18,1,flat,flat,0.3406368996054227,0.37004880870425944,0.28931429169031786,0.3406368996054227,-0.02941190909883673,False,True
"Tesla, Inc.",2023-04-18,2023-04-19,1,down,down,0.38785319269421537,0.3384199969541033,0.27372681035168134,0.38785319269421537,0.04943319574011207,True,True
"Tesla, Inc.",2023-04-19,2023-04-20,1,down,down,0.4220598114894337,0.3435548071841218,0.23438538132644446,0.4220598114894337,0.07850500430531193,True,True
"Tesla, Inc.",2023-04-20,2023-04-21,1,flat,down,0.5400416998995807,0.293549399538746,0.16640890056167318,0.5400416998995807,0.24649230036083475,True,False
"Tesla, Inc.",2023-04-21,2023-04-24,1,flat,up,0.22309328496929315,0.34890918572125884,0.4279975293094481,0.4279975293094481,0.07908834358818928,True,False
"Tesla, Inc.",2023-04-24,2023-04-25,1,flat,flat,0.33490291892705526,0.3592720383644457,0.30582504270849914,0.33490291892705526,-0.024369119437390452,False,True
"Tesla, Inc.",2023-04-25,2023-04-26,1,down,flat,0.3146412686371956,0.38920818738714813,0.2961505439756562,0.3146412686371956,-0.07456691874995253,False,False
"Tesla, Inc.",2023-04-26,2023-04-27,1,flat,flat,0.33827977990350067,0.3642702036220098,0.29745001647448954,0.33827977990350067,-0.025990423718509126,False,True
"Tesla, Inc.",2023-04-27,2023-04-28,1,up,flat,0.31701495806891966,0.36979187771519306,0.31319316421588717,0.31701495806891966,-0.0527769196462734,False,False
"Tesla, Inc.",2023-04-28,2023-05-01,1,flat,flat,0.2396335004619447,0.392767466154315,0.36759903338374034,0.36759903338374034,-0.025168432770574678,False,True
"Tesla, Inc.",2023-05-01,2023-05-02,1,flat,flat,0.33914399619553987,0.3977171241914488,0.2631388796130112,0.33914399619553987,-0.058573127995908914,False,True
"Tesla, Inc.",2023-05-02,2023-05-03,1,flat,flat,0.3412526804483962,0.3967558141104226,0.26199150544118116,0.3412526804483962,-0.055503133662026416,False,True
"Tesla, Inc.",2023-05-03,2023-05-04,1,flat,flat,0.3208432703394095,0.4054070905603955,0.2737496391001949,0.3208432703394095,-0.08456382022098596,False,True
"Tesla, Inc.",2023-05-04,2023-05-05,1,up,flat,0.30626183965048104,0.44018989420612614,0.25354826614339265,0.30626183965048104,-0.1339280545556451,False,False
"Tesla, Inc.",2023-05-05,2023-05-08,1,up,flat,0.23086070103770115,0.4359931572484881,0.33314614171381085,0.33314614171381085,-0.10284701553467723,False,False
"Tesla, Inc.",2023-05-08,2023-05-09,1,down,flat,0.22023829381445098,0.44962017883564676,0.3301415273499023,0.3301415273499023,-0.11947865148574444,False,False
"Tesla, Inc.",2023-05-09,2023-05-10,1,flat,flat,0.3715479605946153,0.44863722473791035,0.17981481466747434,0.3715479605946153,-0.07708926414329503,False,True
"Tesla, Inc.",2023-05-10,2023-05-11,1,flat,flat,0.3142437639634257,0.3767228915836299,0.3090333444529444,0.3142437639634257,-0.062479127620204244,False,True
"Tesla, Inc.",2023-05-11,2023-05-12,1,flat,flat,0.346215295413251,0.3695717853579201,0.28421291922882874,0.346215295413251,-0.0233564899446691,False,True
"Tesla, Inc.",2023-05-12,2023-05-15,1,down,flat,0.3062637582167318,0.3605665804060949,0.3331696613771734,0.3331696613771734,-0.027396919028921496,False,False
"Tesla, Inc.",2023-05-15,2023-05-16,1,flat,flat,0.36707095719458327,0.40902948647342796,0.22389955633198877,0.36707095719458327,-0.04195852927884469,False,True
"Tesla, Inc.",2023-05-16,2023-05-17,1,up,up,0.3241787507905254,0.33179781803527497,0.34402343117419965,0.34402343117419965,0.012225613138924674,True,True
"Tesla, Inc.",2023-05-17,2023-05-18,1,up,up,0.2813766003879664,0.2977377896534436,0.4208856099585899,0.4208856099585899,0.12314782030514632,True,True
"Tesla, Inc.",2023-05-18,2023-05-19,1,up,flat,0.2490851692411628,0.4301342312421697,0.3207805995166675,0.3207805995166675,-0.10935363172550222,False,False
"Tesla, Inc.",2023-05-19,2023-05-22,1,up,flat,0.2781961301128357,0.37432659459654316,0.347477275290621,0.347477275290621,-0.02684931930592216,False,False
"Tesla, Inc.",2023-05-22,2023-05-23,1,up,up,0.22990004494292027,0.3778990028330978,0.39220095222398194,0.39220095222398194,0.014301949390884139,True,True
"Tesla, Inc.",2023-05-23,2023-05-24,1,down,down,0.3493394084678637,0.33590904210098127,0.314751549431155,0.3493394084678637,0.01343036636688244,True,True
"Tesla, Inc.",2023-05-24,2023-05-25,1,flat,down,0.46514920821335815,0.32836783702686967,0.20648295475977224,0.46514920821335815,0.13678137118648848,True,False
"Tesla, Inc.",2023-05-25,2023-05-26,1,up,flat,0.23906866856193898,0.4065587787468115,0.35437255269124956,0.35437255269124956,-0.052186226055561946,False,False
"Tesla, Inc.",2023-05-26,2023-05-30,1,up,up,0.21931283622144862,0.32863738915064766,0.45204977462790374,0.45204977462790374,0.12341238547725608,True,True
"Tesla, Inc.",2023-05-30,2023-05-31,1,flat,flat,0.1713563782209625,0.4358835340132373,0.39276008776579996,0.39276008776579996,-0.04312344624743736,False,True
"Tesla, Inc.",2023-05-31,2023-06-01,1,up,flat,0.3306263491783291,0.38367688313060316,0.2856967676910677,0.3306263491783291,-0.05305053395227405,False,False
"Tesla, Inc.",2023-06-01,2023-06-02,1,up,flat,0.26561090159955786,0.38074259809795313,0.3536465003024889,0.3536465003024889,-0.027096097795464236,False,False
"Tesla, Inc.",2023-06-02,2023-06-05,1,up,up,0.26758833881942695,0.3104824638769014,0.4219291973036716,0.4219291973036716,0.1114467334267702,True,True
"Tesla, Inc.",2023-06-05,2023-06-06,1,flat,flat,0.3188179493503981,0.3456800172310084,0.3355020334185934,0.3355020334185934,-0.01017798381241497,False,True
"Tesla, Inc.",2023-06-06,2023-06-07,1,up,flat,0.35450682734031624,0.3818719400006393,0.26362123265904447,0.35450682734031624,-0.027365112660323043,False,False
"Tesla, Inc.",2023-06-07,2023-06-08,1,flat,up,0.23411767235192554,0.32602208977498426,0.4398602378730903,0.4398602378730903,0.11383814809810605,True,False
"Tesla, Inc.",2023-06-08,2023-06-09,1,up,flat,0.33641944884789815,0.3437876436096021,0.31979290754249967,0.33641944884789815,-0.007368194761703972,False,False
"Tesla, Inc.",2023-06-09,2023-06-12,1,flat,up,0.22380661538132124,0.252555859820208,0.5236375247984708,0.5236375247984708,0.2710816649782628,True,False
"Tesla, Inc.",2023-06-12,2023-06-13,1,up,flat,0.35982338879047365,0.3702228449498899,0.2699537662596364,0.35982338879047365,-0.010399456159416232,False,False
"Tesla, Inc.",2023-06-13,2023-06-14,1,flat,up,0.27901471096761477,0.3029906059014379,0.4179946831309474,0.4179946831309474,0.1150040772295095,True,False
"Tesla, Inc.",2023-06-14,2023-06-15,1,down,flat,0.3408454044988304,0.3454137320979027,0.3137408634032669,0.3408454044988304,-0.0045683275990723304,False,False
"Tesla, Inc.",2023-06-15,2023-06-16,1,up,flat,0.3800846845881438,0.3992992086717616,0.2206161067400945,0.3800846845881438,-0.01921452408361779,False,False
"Tesla, Inc.",2023-06-16,2023-06-20,1,up,up,0.21635657314122386,0.36164279731097904,0.42200062954779716,0.42200062954779716,0.06035783223681812,True,True
"Tesla, Inc.",2023-06-20,2023-06-21,1,flat,flat,0.2487204314865969,0.37645262530576107,0.37482694320764204,0.37482694320764204,-0.00162568209811903,False,True
"Tesla, Inc.",2023-06-21,2023-06-22,1,down,flat,0.36372255304706375,0.3836319267961329,0.2526455201568033,0.36372255304706375,-0.019909373749069148,False,False
"Tesla, Inc.",2023-06-22,2023-06-23,1,flat,flat,0.35982658343930896,0.3898832295842135,0.2502901869764775,0.35982658343930896,-0.030056646144904553,False,True
"Tesla, Inc.",2023-06-23,2023-06-26,1,down,flat,0.30337701067004286,0.39423024992815403,0.3023927394018031,0.30337701067004286,-0.09085323925811117,False,False
"Tesla, Inc.",2023-06-26,2023-06-27,1,flat,down,0.44177287308498947,0.34957335672234346,0.20865377019266707,0.44177287308498947,0.092199516362646,True,False
"Tesla, Inc.",2023-06-27,2023-06-28,1,up,flat,0.30151757986748795,0.411472811129595,0.2870096090029171,0.30151757986748795,-0.10995523126210704,False,False
"Tesla, Inc.",2023-06-28,2023-06-29,1,flat,flat,0.25250853378705157,0.38432048462017815,0.36317098159277017,0.36317098159277017,-0.02114950302740798,False,True
"Tesla, Inc.",2023-06-29,2023-06-30,1,flat,down,0.36892095440486067,0.3630856647384269,0.2679933808567125,0.36892095440486067,0.005835289666433763,True,False
"Tesla, Inc.",2023-06-30,2023-07-03,1,up,down,0.3536989512188683,0.3489670966851135,0.2973339520960183,0.3536989512188683,0.004731854533754798,True,False
"Tesla, Inc.",2023-07-03,2023-07-05,1,flat,up,0.2686941294073068,0.3373945097724037,0.39391136082028944,0.39391136082028944,0.05651685104788573,True,False
"Tesla, Inc.",2023-07-05,2023-07-06,1,down,down,0.4326325039816257,0.3623869193085997,0.20498057670977474,0.4326325039816257,0.07024558467302605,True,True
"Tesla, Inc.",2023-07-06,2023-07-07,1,flat,flat,0.3508573004730545,0.43869432306781936,0.21044837645912612,0.3508573004730545,-0.08783702259476484,False,True
"Tesla, Inc.",2023-07-07,2023-07-10,1,down,flat,0.30948630365995483,0.4531349649648604,0.23737873137518478,0.30948630365995483,-0.14364866130490556,False,False
"Tesla, Inc.",2023-07-10,2023-07-11,1,flat,flat,0.3602104428072418,0.42935962458513555,0.21042993260762272,0.3602104428072418,-0.06914918177789375,False,True
"Tesla, Inc.",2023-07-11,2023-07-12,1,up,flat,0.30172243261182324,0.4230451613668488,0.2752324060213278,0.30172243261182324,-0.12132272875502553,False,False
"Tesla, Inc.",2023-07-12,2023-07-13,1,flat,flat,0.2655684422714834,0.3966072282526789,0.3378243294758376,0.3378243294758376,-0.058782898776841286,False,True
"Tesla, Inc.",2023-07-13,2023-07-14,1,up,flat,0.3420334700614205,0.3598285033176786,0.29813802662090083,0.3420334700614205,-0.01779503325625814,False,False
"Tesla, Inc.",2023-07-14,2023-07-17,1,up,down,0.34050402082272524,0.3276383204970745,0.3318576586802003,0.34050402082272524,0.012865700325650764,True,False
"Tesla, Inc.",2023-07-17,2023-07-18,1,flat,down,0.3644037197752907,0.29726751822315456,0.3383287620015546,0.3644037197752907,0.06713620155213612,True,False
"Tesla, Inc.",2023-07-18,2023-07-19,1,flat,down,0.475644438842336,0.3113692321934725,0.2129863289641915,0.475644438842336,0.16427520664886347,True,False
"Tesla, Inc.",2023-07-19,2023-07-20,1,down,down,0.4328170845092266,0.27847032355255125,0.2887125919382221,0.4328170845092266,0.15434676095667538,True,True
"Tesla, Inc.",2023-07-20,2023-07-21,1,down,down,0.5499993711804588,0.32297707119825764,0.1270235576212836,0.5499993711804588,0.2270222999822012,True,True
"Tesla, Inc.",2023-07-21,2023-07-24,1,flat,down,0.38194602920714915,0.37349734942484325,0.2445566213680075,0.38194602920714915,0.008448679782305901,True,False
"Tesla, Inc.",2023-07-24,2023-07-25,1,up,flat,0.3490797203186556,0.36816105240959174,0.28275922727175246,0.3490797203186556,-0.019081332090936154,False,False
"Tesla, Inc.",2023-07-25,2023-07-26,1,down,down,0.3405020017038082,0.32901913240373315,0.3304788658924585,0.3405020017038082,0.011482869300075027,True,True
"Tesla, Inc.",2023-07-26,2023-07-27,1,flat,down,0.39220607162663823,0.3530115668374634,0.25478236153589834,0.39220607162663823,0.039194504789174855,True,False
"Tesla, Inc.",2023-07-27,2023-07-28,1,flat,flat,0.344545310276232,0.3605608235651367,0.2948938661586311,0.344545310276232,-0.016015513288904715,False,True
"Tesla, Inc.",2023-07-28,2023-07-31,1,flat,down,0.44149157624000157,0.27672540491748876,0.28178301884250956,0.44149157624000157,0.1647661713225128,True,False
"Tesla, Inc.",2023-07-31,2023-08-01,1,down,down,0.4742648828160473,0.2834530608009781,0.24228205638297445,0.4742648828160473,0.1908118220150692,True,True
"Tesla, Inc.",2023-08-01,2023-08-02,1,down,down,0.4988715711920344,0.3059228992666075,0.19520552954135806,0.4988715711920344,0.19294867192542692,True,True
"Tesla, Inc.",2023-08-02,2023-08-03,1,flat,down,0.4631331535798699,0.3881915899488664,0.14867525647126364,0.4631331535798699,0.07494156363100352,True,False
"Tesla, Inc.",2023-08-03,2023-08-04,1,flat,down,0.41260368781892287,0.35846483892827846,0.2289314732527985,0.41260368781892287,0.05413884889064441,True,False
"Tesla, Inc.",2023-08-04,2023-08-07,1,down,down,0.42258790761911813,0.3180000098854838,0.259412082495398,0.42258790761911813,0.1045878977336343,True,True
"Tesla, Inc.",2023-08-07,2023-08-08,1,flat,down,0.48758441941270936,0.35457774970792016,0.15783783087937042,0.48758441941270936,0.1330066697047892,True,False
"Tesla, Inc.",2023-08-08,2023-08-09,1,flat,down,0.38540124557228583,0.37873294475271,0.23586580967500403,0.38540124557228583,0.006668300819575812,True,False
"Tesla, Inc.",2023-08-09,2023-08-10,1,flat,down,0.40557306752908284,0.39099093516579575,0.20343599730512127,0.40557306752908284,0.014582132363287093,True,False
"Tesla, Inc.",2023-08-10,2023-08-11,1,down,down,0.44530127683962883,0.3406002082703345,0.2140985148900366,0.44530127683962883,0.10470106856929434,True,True
"Tesla, Inc.",2023-08-11,2023-08-14,1,down,down,0.4912927250292789,0.3450574061507866,0.16364986881993446,0.4912927250292789,0.14623531887849228,True,True
"Tesla, Inc.",2023-08-14,2023-08-15,1,flat,down,0.4420251857918748,0.3827090073272127,0.17526580688091248,0.4420251857918748,0.059316178464662084,True,False
"Tesla, Inc.",2023-08-15,2023-08-16,1,down,down,0.4172142341149233,0.38631968754273227,0.19646607834234442,0.4172142341149233,0.03089454657219104,True,True
"Tesla, Inc.",2023-08-16,2023-08-17,1,down,down,0.4828019194092943,0.33490002127728025,0.18229805931342552,0.4828019194092943,0.14790189813201404,True,True
"Tesla, Inc.",2023-08-17,2023-08-18,1,down,down,0.42436176594090314,0.33543760739395967,0.24020062666513703,0.42436176594090314,0.08892415854694347,True,True
"Tesla, Inc.",2023-08-18,2023-08-21,1,up,down,0.44298620770107944,0.3209204002377411,0.23609339206117952,0.44298620770107944,0.12206580746333834,True,False
"Tesla, Inc.",2023-08-21,2023-08-22,1,up,up,0.2633369070004061,0.3663144730314788,0.3703486199681152,0.3703486199681152,0.004034146936636396,True,True
"Tesla, Inc.",2023-08-22,2023-08-23,1,flat,flat,0.25650596752555077,0.41520880731717386,0.3282852251572753,0.3282852251572753,-0.08692358215989854,False,True
"Tesla, Inc.",2023-08-23,2023-08-24,1,flat,flat,0.38924463219392436,0.4276733064174243,0.18308206138865124,0.38924463219392436,-0.03842867422349994,False,True
"Tesla, Inc.",2023-08-24,2023-08-25,1,flat,flat,0.30948674461982806,0.47072576074523464,0.21978749463493724,0.30948674461982806,-0.1612390161254066,False,True
"Tesla, Inc.",2023-08-25,2023-08-28,1,up,flat,0.3664730550447537,0.4271829745514498,0.2063439704037964,0.3664730550447537,-0.06070991950669613,False,False
"Tesla, Inc.",2023-08-28,2023-08-29,1,up,flat,0.2591482820216846,0.4575454752469398,0.2833062427313755,0.2833062427313755,-0.17423923251556428,False,False
"Tesla, Inc.",2023-08-29,2023-08-30,1,up,flat,0.2051044624325697,0.40240577867005833,0.39248975889737203,0.39248975889737203,-0.009916019772686302,False,False
"Tesla, Inc.",2023-08-30,2023-08-31,1,flat,flat,0.21637209672356625,0.43892890337884216,0.3446989998975917,0.3446989998975917,-0.09422990348125049,False,True
"Tesla, Inc.",2023-08-31,2023-09-01,1,down,flat,0.26860279220543404,0.46259739239937003,0.2687998153951959,0.2687998153951959,-0.19379757700417416,False,False
"Tesla, Inc.",2023-09-01,2023-09-05,1,flat,down,0.4108752979955363,0.38946198968449314,0.19966271231997051,0.4108752979955363,0.021413308311043155,True,False
"Tesla, Inc.",2023-09-05,2023-09-06,1,flat,flat,0.33621813655437527,0.4203354825017049,0.2434463809439198,0.33621813655437527,-0.08411734594732961,False,True
"Tesla, Inc.",2023-09-06,2023-09-07,1,down,flat,0.3140269734598453,0.4635282177212496,0.2224448088189052,0.3140269734598453,-0.14950124426140426,False,False
"Tesla, Inc.",2023-09-07,2023-09-08,1,flat,flat,0.3904276666277917,0.40033044844600496,0.20924188492620333,0.3904276666277917,-0.009902781818213247,False,True
"Tesla, Inc.",2023-09-08,2023-09-11,1,up,flat,0.3026792608715951,0.3886211171921975,0.3086996219362074,0.3086996219362074,-0.07992149525599007,False,False
"Tesla, Inc.",2023-09-11,2023-09-12,1,flat,up,0.2568507560968296,0.2366597388094755,0.506489505093695,0.506489505093695,0.26982976628421945,True,False
"Tesla, Inc.",2023-09-12,2023-09-13,1,flat,down,0.4185820093509669,0.3441939917216958,0.23722399892733725,0.4185820093509669,0.07438801762927111,True,False
"Tesla, Inc.",2023-09-13,2023-09-14,1,flat,flat,0.3723661557562865,0.40142776558264515,0.22620607866106823,0.3723661557562865,-0.029061609826358636,False,True
"Tesla, Inc.",2023-09-14,2023-09-15,1,flat,down,0.38388930721286707,0.3832636091836048,0.23284708360352818,0.38388930721286707,0.0006256980292622671,True,False
"Tesla, Inc.",2023-09-15,2023-09-18,1,down,down,0.39209444703387125,0.34158874768283876,0.26631680528329005,0.39209444703387125,0.050505699351032496,True,True
"Tesla, Inc.",2023-09-18,2023-09-19,1,flat,down,0.4685307959288236,0.35269192300531493,0.1787772810658614,0.4685307959288236,0.11583887292350864,True,False
"Tesla, Inc.",2023-09-19,2023-09-20,1,flat,flat,0.3521632163341568,0.4074511115066289,0.24038567215921425,0.3521632163341568,-0.05528789517247207,False,True
"Tesla, Inc.",2023-09-20,2023-09-21,1,down,flat,0.3470029752809217,0.3670784075239455,0.2859186171951327,0.3470029752809217,-0.020075432243023772,False,False
"Tesla, Inc.",2023-09-21,2023-09-22,1,down,down,0.48178944756145137,0.3309628725267986,0.18724767991174998,0.48178944756145137,0.15082657503465274,True,True
"Tesla, Inc.",2023-09-22,2023-09-25,1,down,down,0.41809326383803597,0.34679766922742467,0.2351090669345393,0.41809326383803597,0.0712955946106113,True,True
"Tesla, Inc.",2023-09-25,2023-09-26,1,flat,down,0.4939787478633758,0.30477699114702195,0.20124426098960216,0.4939787478633758,0.18920175671635386,True,False
"Tesla, Inc.",2023-09-26,2023-09-27,1,down,down,0.4623565909153353,0.2814339123449776,0.2562094967396869,0.4623565909153353,0.1809226785703577,True,True
"Tesla, Inc.",2023-09-27,2023-09-28,1,flat,down,0.45696197010507617,0.33761006868923304,0.20542796120569085,0.45696197010507617,0.11935190141584312,True,False
"Tesla, Inc.",2023-09-28,2023-09-29,1,up,down,0.43893525523457333,0.3173057495686792,0.24375899519674743,0.43893525523457333,0.12162950566589414,True,False
"Tesla, Inc.",2023-09-29,2023-10-02,1,flat,down,0.34662576630642283,0.32759932524217683,0.32577490845140034,0.34662576630642283,0.019026441064246002,True,False
"Tesla, Inc.",2023-10-02,2023-10-03,1,flat,down,0.44447707433790773,0.35320650836960815,0.20231641729248406,0.44447707433790773,0.09127056596829958,True,False
"Tesla, Inc.",2023-10-03,2023-10-04,1,up,down,0.4460024366961143,0.33308787899668,0.22090968430720564,0.4460024366961143,0.11291455769943426,True,False
"Tesla, Inc.",2023-10-04,2023-10-05,1,up,up,0.32876461756285835,0.3224862885326366,0.3487490939045049,0.3487490939045049,0.026262805371868314,True,True
"Tesla, Inc.",2023-10-05,2023-10-06,1,down,flat,0.3732829978458827,0.4121787409372346,0.21453826121688271,0.3732829978458827,-0.03889574309135191,False,False
"Tesla, Inc.",2023-10-06,2023-10-09,1,flat,flat,0.35486228811277803,0.4320708643341753,0.21306684755304656,0.35486228811277803,-0.07720857622139726,False,True
"Tesla, Inc.",2023-10-09,2023-10-10,1,up,flat,0.3604203470331617,0.39723096089807974,0.2423486920687585,0.3604203470331617,-0.03681061386491802,False,False
"Tesla, Inc.",2023-10-10,2023-10-11,1,flat,flat,0.3292745957942672,0.3464416347544881,0.32428376945124454,0.3292745957942672,-0.01716703896022087,False,True
"Tesla, Inc.",2023-10-11,2023-10-12,1,down,down,0.3782883629952388,0.37756290052398067,0.24414873648078053,0.3782883629952388,0.0007254624712581537,True,True
"Tesla, Inc.",2023-10-12,2023-10-13,1,down,down,0.39799468562878076,0.38149533581871,0.22050997855250917,0.39799468562878076,0.016499349810070785,True,True
"Tesla, Inc.",2023-10-13,2023-10-16,1,down,down,0.48436153075621746,0.33381459250673295,0.1818238767370495,0.48436153075621746,0.1505469382494845,True,True
"Tesla, Inc.",2023-10-16,2023-10-17,1,flat,down,0.4296497913423891,0.34652754229949434,0.22382266635811637,0.4296497913423891,0.08312224904289478,True,False
"Tesla, Inc.",2023-10-17,2023-10-18,1,down,down,0.4425884764248153,0.33331613121872794,0.22409539235645665,0.4425884764248153,0.10927234520608736,True,True
"Tesla, Inc.",2023-10-18,2023-10-19,1,down,down,0.43551907585971184,0.3693679747366262,0.195112949403662,0.43551907585971184,0.06615110112308564,True,True
"Tesla, Inc.",2023-10-19,2023-10-20,1,down,down,0.564202539929878,0.22904439274374644,0.20675306732637533,0.564202539929878,0.33515814718613157,True,True
"Tesla, Inc.",2023-10-20,2023-10-23,1,down,down,0.401770934461507,0.27482400081919456,0.32340506471929836,0.401770934461507,0.12694693364231247,True,True
"Tesla, Inc.",2023-10-23,2023-10-24,1,up,down,0.40366743244772063,0.2826387112482485,0.3136938563040308,0.40366743244772063,0.12102872119947211,True,False
"Tesla, Inc.",2023-10-24,2023-10-25,1,flat,flat,0.2919423331155488,0.3632613628405265,0.3447963040439246,0.3447963040439246,-0.01846505879660193,False,True
"Tesla, Inc.",2023-10-25,2023-10-26,1,down,down,0.40609534478323706,0.329230011465653,0.2646746437511099,0.40609534478323706,0.07686533331758405,True,True
"Tesla, Inc.",2023-10-26,2023-10-27,1,flat,down,0.4564612641359513,0.3207329945994192,0.2228057412646295,0.4564612641359513,0.1357282695365321,True,False
"Tesla, Inc.",2023-10-27,2023-10-30,1,down,down,0.43472687439937263,0.3347654542441286,0.2305076713564987,0.43472687439937263,0.09996142015524401,True,True
"Tesla, Inc.",2023-10-30,2023-10-31,1,down,down,0.48035010663444083,0.34430682900466125,0.17534306436089803,0.48035010663444083,0.13604327762977958,True,True
"Tesla, Inc.",2023-10-31,2023-11-01,1,up,flat,0.35349538315451673,0.44785109733396405,0.19865351951151916,0.35349538315451673,-0.09435571417944733,False,False
"Tesla, Inc.",2023-11-01,2023-11-02,1,up,flat,0.16468594335399983,0.4729260408325838,0.3623880158134163,0.3623880158134163,-0.11053802501916754,False,False
"Tesla, Inc.",2023-11-02,2023-11-03,1,up,flat,0.13047427135120554,0.45374808562489366,0.41577764302390074,0.41577764302390074,-0.037970442600992915,False,False
"Tesla, Inc.",2023-11-03,2023-11-06,1,flat,flat,0.1903390184505631,0.489581270131099,0.3200797114183377,0.3200797114183377,-0.1695015587127613,False,True
"Tesla, Inc.",2023-11-06,2023-11-07,1,flat,flat,0.3042323135461424,0.477568880602597,0.2181988058512604,0.3042323135461424,-0.17333656705645462,False,True
"Tesla, Inc.",2023-11-07,2023-11-08,1,flat,flat,0.32441632533257103,0.46516238275969385,0.21042129190773506,0.32441632533257103,-0.14074605742712282,False,True
"Tesla, Inc.",2023-11-08,2023-11-09,1,down,flat,0.2547164403260605,0.5268025249627724,0.2184810347111671,0.2547164403260605,-0.27208608463671186,False,False
"Tesla, Inc.",2023-11-09,2023-11-10,1,flat,flat,0.39419434019554844,0.40131071609656976,0.2044949437078818,0.39419434019554844,-0.007116375901021321,False,True
"Tesla, Inc.",2023-11-10,2023-11-13,1,up,flat,0.2761379364742778,0.42322528968346185,0.3006367738422603,0.3006367738422603,-0.12258851584120156,False,False
"Tesla, Inc.",2023-11-13,2023-11-14,1,up,up,0.12821996176318962,0.3870798695290483,0.4847001687077621,0.4847001687077621,0.09762029917871379,True,True
"Tesla, Inc.",2023-11-14,2023-11-15,1,up,up,0.10630137479610807,0.326601662119446,0.5670969630844458,0.5670969630844458,0.24049530096499977,True,True
"Tesla, Inc.",2023-11-15,2023-11-16,1,down,up,0.2428763250317742,0.3308449438721047,0.4262787310961212,0.4262787310961212,0.09543378722401646,True,False
"Tesla, Inc.",2023-11-16,2023-11-17,1,down,flat,0.35037180349981945,0.44951733259598736,0.2001108639041932,0.35037180349981945,-0.09914552909616792,False,False
"Tesla, Inc.",2023-11-17,2023-11-20,1,flat,flat,0.3342903381279821,0.44341177599087866,0.2222978858811391,0.3342903381279821,-0.10912143786289658,False,True
"Tesla, Inc.",2023-11-20,2023-11-21,1,flat,flat,0.271294417459609,0.4580615193586146,0.2706440631817763,0.271294417459609,-0.18676710189900558,False,True
"Tesla, Inc.",2023-11-21,2023-11-22,1,flat,flat,0.21497140850782404,0.4783325497531148,0.30669604173906123,0.30669604173906123,-0.17163650801405356,False,True
"Tesla, Inc.",2023-11-22,2023-11-24,1,flat,flat,0.2538687019926177,0.45353025385437806,0.29260104415300414,0.29260104415300414,-0.16092920970137392,False,True
"Tesla, Inc.",2023-11-24,2023-11-27,1,flat,flat,0.2557173088883312,0.4584942430920381,0.2857884480196307,0.2857884480196307,-0.1727057950724074,False,True
"Tesla, Inc.",2023-11-27,2023-11-28,1,up,flat,0.27828908259391283,0.381566636924596,0.34014428048149103,0.34014428048149103,-0.04142235644310499,False,False
"Tesla, Inc.",2023-11-28,2023-11-29,1,up,up,0.301395659410175,0.29674349488931845,0.4018608457005065,0.4018608457005065,0.10511735081118806,True,True
"Tesla, Inc.",2023-11-29,2023-11-30,1,down,flat,0.29044222119295715,0.4086265090508392,0.3009312697562036,0.3009312697562036,-0.10769523929463559,False,False
"Tesla, Inc.",2023-11-30,2023-12-01,1,down,down,0.4527175315654427,0.33717704109801183,0.21010542733654536,0.4527175315654427,0.11554049046743087,True,True
"Tesla, Inc.",2023-12-01,2023-12-04,1,flat,down,0.46609146826581893,0.3351867808025073,0.19872175093167382,0.46609146826581893,0.13090468746331163,True,False
"Tesla, Inc.",2023-12-04,2023-12-05,1,flat,flat,0.366056920601474,0.4069641909048999,0.22697888849362605,0.366056920601474,-0.04090727030342589,False,True
"Tesla, Inc.",2023-12-05,2023-12-06,1,flat,flat,0.30392930879694985,0.3863450879601974,0.30972560324285264,0.30972560324285264,-0.07661948471734475,False,True
"Tesla, Inc.",2023-12-06,2023-12-07,1,flat,flat,0.2717005335615294,0.4318362193662104,0.2964632470722602,0.2964632470722602,-0.13537297229395023,False,True
"Tesla, Inc.",2023-12-07,2023-12-08,1,flat,flat,0.3367189461269842,0.39067482327908243,0.27260623059393324,0.3367189461269842,-0.05395587715209821,False,True
"Tesla, Inc.",2023-12-08,2023-12-11,1,flat,down,0.3705729059575541,0.3633109361552162,0.2661161578872297,0.3705729059575541,0.007261969802337898,True,False
"Tesla, Inc.",2023-12-11,2023-12-12,1,down,down,0.41145977090375113,0.358786171180724,0.22975405791552492,0.41145977090375113,0.052673599723027154,True,True
"Tesla, Inc.",2023-12-12,2023-12-13,1,flat,down,0.47577041177092205,0.3431448317348334,0.1810847564942445,0.47577041177092205,0.13262558003608865,True,False
"Tesla, Inc.",2023-12-13,2023-12-14,1,up,flat,0.35516205554626634,0.4215643435609352,0.22327360089279844,0.35516205554626634,-0.06640228801466885,False,False
"Tesla, Inc.",2023-12-14,2023-12-15,1,up,up,0.22435553403035663,0.32825280721575584,0.4473916587538875,0.4473916587538875,0.11913885153813164,True,True
"Tesla, Inc.",2023-12-15,2023-12-18,1,flat,flat,0.33020425975035567,0.36896765891170785,0.3008280813379365,0.33020425975035567,-0.038763399161352186,False,True
"Tesla, Inc.",2023-12-18,2023-12-19,1,flat,flat,0.34532898501742093,0.3838928437890186,0.27077817119356046,0.34532898501742093,-0.03856385877159768,False,True
"Tesla, Inc.",2023-12-19,2023-12-20,1,down,flat,0.33341694941872957,0.42527829267473427,0.2413047579065362,0.33341694941872957,-0.0918613432560047,False,False
"Tesla, Inc.",2023-12-20,2023-12-21,1,flat,flat,0.3835009470343369,0.3925326397214911,0.22396641324417196,0.3835009470343369,-0.009031692687154202,False,True
"Tesla, Inc.",2023-12-21,2023-12-22,1,flat,flat,0.35898674563691135,0.410086708532689,0.23092654583039957,0.35898674563691135,-0.05109996289577767,False,True
"Tesla, Inc.",2023-12-22,2023-12-26,1,flat,flat,0.3104951361505228,0.4392678409786519,0.25023702287082517,0.3104951361505228,-0.12877270482812908,False,True
"Tesla, Inc.",2023-12-26,2023-12-27,1,up,flat,0.29937335078025873,0.4721032292009957,0.22852342001874565,0.29937335078025873,-0.17272987842073695,False,False
"Tesla, Inc.",2023-12-27,2023-12-28,1,flat,flat,0.3040891486591028,0.35254791110834793,0.34336294023254915,0.34336294023254915,-0.009184970875798781,False,True
"Tesla, Inc.",2023-12-28,2023-12-29,1,down,down,0.38341122253956594,0.3761224827520231,0.24046629470841085,0.38341122253956594,0.007288739787542853,True,True
"Tesla, Inc.",2023-12-29,2024-01-02,1,down,down,0.525825462243224,0.2865091423848236,0.18766539537195231,0.525825462243224,0.2393163198584004,True,True
"Tesla, Inc.",2024-01-02,2024-01-03,1,down,down,0.3995954603875985,0.3797053250489249,0.22069921456347646,0.3995954603875985,0.01989013533867362,True,True
"Tesla, Inc.",2024-01-03,2024-01-04,1,flat,down,0.44117142634672313,0.3612360923173537,0.19759248133592325,0.44117142634672313,0.07993533402936942,True,False
"Tesla, Inc.",2024-01-04,2024-01-05,1,flat,down,0.39560124624106724,0.37584315133315827,0.22855560242577427,0.39560124624106724,0.019758094907908974,True,False
"Tesla, Inc.",2024-01-05,2024-01-08,1,flat,down,0.394395162698232,0.37142430183097597,0.23418053547079193,0.394395162698232,0.022970860867256027,True,False
"Tesla, Inc.",2024-01-08,2024-01-09,1,flat,down,0.4018299863342608,0.3573694986212567,0.24080051504448238,0.4018299863342608,0.04446048771300409,True,False
"Tesla, Inc.",2024-01-09,2024-01-10,1,flat,down,0.3869922293605382,0.3638807685069672,0.2491270021324944,0.3869922293605382,0.023111460853570964,True,False
"Tesla, Inc.",2024-01-10,2024-01-11,1,down,down,0.4368430836105753,0.3449341564545466,0.21822275993487789,0.4368430836105753,0.09190892715602866,True,True
"Tesla, Inc.",2024-01-11,2024-01-12,1,down,down,0.47347017543065617,0.3412736772792118,0.18525614729013196,0.47347017543065617,0.13219649815144435,True,True
"Tesla, Inc.",2024-01-12,2024-01-16,1,down,down,0.4953279629881819,0.27451224019654075,0.23015979681527746,0.4953279629881819,0.22081572279164113,True,True
"Tesla, Inc.",2024-01-16,2024-01-17,1,down,down,0.38931129853577107,0.3733912709086942,0.2372974305555346,0.38931129853577107,0.015920027627076894,True,True
"Tesla, Inc.",2024-01-17,2024-01-18,1,flat,flat,0.381563142981715,0.3815752931796056,0.23686156383867923,0.381563142981715,-1.215019789058136e-05,False,True
"Tesla, Inc.",2024-01-18,2024-01-19,1,down,flat,0.36775143287176826,0.36879705254661893,0.26345151458161264,0.36775143287176826,-0.001045619674850673,False,False
"Tesla, Inc.",2024-01-19,2024-01-22,1,flat,down,0.3858643151003271,0.3619978934595143,0.25213779144015847,0.3858643151003271,0.023866421640812818,True,False
"Tesla, Inc.",2024-01-22,2024-01-23,1,flat,down,0.37625908741788544,0.36656435980828694,0.25717655277382756,0.37625908741788544,0.009694727609598497,True,False
"Tesla, Inc.",2024-01-23,2024-01-24,1,flat,down,0.3878654688992941,0.36876145344588707,0.24337307765481897,0.3878654688992941,0.01910401545340701,True,False
"Tesla, Inc.",2024-01-24,2024-01-25,1,down,down,0.3865567323696186,0.3707594611991277,0.24268380643125365,0.3865567323696186,0.0157972711704909,True,True
"Tesla, Inc.",2024-01-25,2024-01-26,1,flat,down,0.5273746867839605,0.325345382716417,0.14727993049962268,0.5273746867839605,0.2020293040675435,True,False
"Tesla, Inc.",2024-01-26,2024-01-29,1,flat,flat,0.22864488065477545,0.4208814483239544,0.35047367102127014,0.35047367102127014,-0.07040777730268427,False,True
"Tesla, Inc.",2024-01-29,2024-01-30,1,up,flat,0.24182177561391244,0.39777093954510956,0.36040728484097806,0.36040728484097806,-0.0373636547041315,False,False
"Tesla, Inc.",2024-01-30,2024-01-31,1,down,flat,0.2097918366573341,0.43916155270347507,0.35104661063919074,0.35104661063919074,-0.08811494206428433,False,False
"Tesla, Inc.",2024-01-31,2024-02-01,1,flat,flat,0.31413362394005634,0.39025909007010323,0.2956072859898405,0.31413362394005634,-0.07612546613004689,False,True
"Tesla, Inc.",2024-02-01,2024-02-02,1,flat,flat,0.3094372968082803,0.4405639808901799,0.2499987223015397,0.3094372968082803,-0.1311266840818996,False,True
"Tesla, Inc.",2024-02-02,2024-02-05,1,down,flat,0.3534995600902734,0.38947016775150606,0.2570302721582204,0.3534995600902734,-0.03597060766123267,False,False
"Tesla, Inc.",2024-02-05,2024-02-06,1,flat,down,0.406046869256309,0.3495534341377724,0.24439969660591848,0.406046869256309,0.056493435118536606,True,False
"Tesla, Inc.",2024-02-06,2024-02-07,1,up,flat,0.26946570759381105,0.45903412735718346,0.2715001650490054,0.2715001650490054,-0.18753396230817804,False,False
"Tesla, Inc.",2024-02-07,2024-02-08,1,flat,flat,0.16786256845723718,0.5155458718334102,0.3165915597093527,0.3165915597093527,-0.19895431212405745,False,True
"Tesla, Inc.",2024-02-08,2024-02-09,1,flat,flat,0.23237478519237487,0.5001331527829926,0.2674920620246324,0.2674920620246324,-0.23264109075836026,False,True
"Tesla, Inc.",2024-02-09,2024-02-12,1,flat,flat,0.24140086187264317,0.49315820343620853,0.26544093469114827,0.26544093469114827,-0.22771726874506026,False,True
"Tesla, Inc.",2024-02-12,2024-02-13,1,down,flat,0.359713701176996,0.4094755698935839,0.23081072892942014,0.359713701176996,-0.04976186871658789,False,False
"Tesla, Inc.",2024-02-13,2024-02-14,1,flat,flat,0.39718312221795654,0.39739064530659285,0.20542623247545055,0.39718312221795654,-0.00020752308863630775,False,True
"Tesla, Inc.",2024-02-14,2024-02-15,1,up,flat,0.2378630792911763,0.42008858498974266,0.3420483357190809,0.3420483357190809,-0.07804024927066178,False,False
"Tesla, Inc.",2024-02-15,2024-02-16,1,up,flat,0.19276061997016958,0.40847623209445993,0.3987631479353704,0.3987631479353704,-0.009713084159089558,False,False
"Tesla, Inc.",2024-02-16,2024-02-20,1,down,flat,0.20210815692917888,0.4804772444311878,0.3174145986396333,0.3174145986396333,-0.1630626457915545,False,False
"Tesla, Inc.",2024-02-20,2024-02-21,1,flat,flat,0.3728102275561582,0.4078872448318414,0.21930252761200036,0.3728102275561582,-0.03507701727568319,False,True
"Tesla, Inc.",2024-02-21,2024-02-22,1,flat,flat,0.2993264152075556,0.3981140117392542,0.30255957305319015,0.30255957305319015,-0.09555443868606406,False,True
"Tesla, Inc.",2024-02-22,2024-02-23,1,flat,flat,0.3149383096098371,0.402191610806614,0.28287007958354893,0.3149383096098371,-0.08725330119677688,False,True
"Tesla, Inc.",2024-02-23,2024-02-26,1,flat,down,0.4353032971450316,0.29608227114960256,0.2686144317053658,0.4353032971450316,0.13922102599542902,True,False
"Tesla, Inc.",2024-02-26,2024-02-27,1,up,flat,0.28631102424065524,0.3664562172878546,0.34723275847149015,0.34723275847149015,-0.019223458816364447,False,False
"Tesla, Inc.",2024-02-27,2024-02-28,1,flat,flat,0.20322248315991132,0.4554886797826163,0.34128883705747226,0.34128883705747226,-0.11419984272514405,False,True
"Tesla, Inc.",2024-02-28,2024-02-29,1,flat,flat,0.34469884719062927,0.404289964988362,0.2510111878210087,0.34469884719062927,-0.05959111779773274,False,True
"Tesla, Inc.",2024-02-29,2024-03-01,1,flat,flat,0.2962572993209339,0.4280154814313117,0.27572721924775445,0.2962572993209339,-0.13175818211037776,False,True
"Tesla, Inc.",2024-03-01,2024-03-04,1,down,down,0.38391760317378376,0.3521415882572097,0.2639408085690065,0.38391760317378376,0.03177601491657406,True,True
"Tesla, Inc.",2024-03-04,2024-03-05,1,down,down,0.47115605092582596,0.33141512128349504,0.19742882779067888,0.47115605092582596,0.13974092964233092,True,True
"Tesla, Inc.",2024-03-05,2024-03-06,1,down,down,0.4308753882099462,0.3498989107769235,0.21922570101313008,0.4308753882099462,0.08097647743302272,True,True
"Tesla, Inc.",2024-03-06,2024-03-07,1,flat,flat,0.32566525278490965,0.3794769580995567,0.2948577891155335,0.32566525278490965,-0.053811705314647074,False,True
"Tesla, Inc.",2024-03-07,2024-03-08,1,flat,flat,0.28909157296011706,0.38311619355951626,0.32779223348036657,0.32779223348036657,-0.05532396007914969,False,True
"Tesla, Inc.",2024-03-08,2024-03-11,1,flat,up,0.23860133102252634,0.34924393743515514,0.4121547315423185,0.4121547315423185,0.06291079410716338,True,False
"Tesla, Inc.",2024-03-11,2024-03-12,1,flat,up,0.32416140905675894,0.3317305901958827,0.34410800074735826,0.34410800074735826,0.012377410551475565,True,False
"Tesla, Inc.",2024-03-12,2024-03-13,1,down,down,0.36234388193935696,0.32776745476186386,0.3098886632987792,0.36234388193935696,0.034576427177493096,True,True
"Tesla, Inc.",2024-03-13,2024-03-14,1,down,down,0.4460673569520571,0.3178784740054556,0.23605416904248722,0.4460673569520571,0.12818888294660152,True,True
"Tesla, Inc.",2024-03-14,2024-03-15,1,flat,down,0.40765328407661044,0.33460643488831726,0.25774028103507224,0.40765328407661044,0.07304684918829318,True,False
"Tesla, Inc.",2024-03-15,2024-03-18,1,up,flat,0.29202441689892283,0.42575027633663665,0.2822253067644404,0.29202441689892283,-0.1337258594377138,False,False
"Tesla, Inc.",2024-03-18,2024-03-19,1,flat,flat,0.19242826710101085,0.4289162874689379,0.37865544543005114,0.37865544543005114,-0.050260842038886755,False,True
"Tesla, Inc.",2024-03-19,2024-03-20,1,flat,flat,0.28162133589576,0.42669653612698066,0.2916821279772594,0.2916821279772594,-0.13501440814972127,False,True
"Tesla, Inc.",2024-03-20,2024-03-21,1,flat,flat,0.259538196736371,0.4585654668704715,0.2818963363931576,0.2818963363931576,-0.17666913047731392,False,True
"Tesla, Inc.",2024-03-21,2024-03-22,1,down,flat,0.2984967729948765,0.4518896690539684,0.2496135579511552,0.2984967729948765,-0.1533928960590919,False,False
"Tesla, Inc.",2024-03-22,2024-03-25,1,flat,down,0.4204959847903237,0.4014449321418161,0.1780590830678602,0.4204959847903237,0.019051052648507594,True,False
"Tesla, Inc.",2024-03-25,2024-03-26,1,up,flat,0.24967686915231785,0.3908071321523704,0.3595159986953117,0.3595159986953117,-0.031291133457058695,False,False
"Tesla, Inc.",2024-03-26,2024-03-27,1,flat,up,0.18103133889916562,0.3875451340055678,0.43142352709526666,0.43142352709526666,0.043878393089698875,True,False
"Tesla, Inc.",2024-03-27,2024-03-28,1,down,flat,0.2807641849867708,0.46273067456334416,0.25650514044988504,0.2807641849867708,-0.18196648957657335,False,False
"Tesla, Inc.",2024-03-28,2024-04-01,1,down,flat,0.34005404205533724,0.3982025632784523,0.26174339466621044,0.34005404205533724,-0.05814852122311509,False,False
"Tesla, Inc.",2024-04-01,2024-04-02,1,down,flat,0.32984538609784353,0.40772150116361167,0.26243311273854464,0.32984538609784353,-0.07787611506576814,False,False
"Tesla, Inc.",2024-04-02,2024-04-03,1,flat,down,0.4445817859312031,0.3641555298888568,0.19126268417994002,0.4445817859312031,0.08042625604234632,True,False
"Tesla, Inc.",2024-04-03,2024-04-04,1,up,flat,0.23780442128866167,0.3887486652673,0.37344691344403846,0.37344691344403846,-0.015301751823261545,False,False
"Tesla, Inc.",2024-04-04,2024-04-05,1,down,up,0.2464494321911047,0.3016317207275803,0.451918847081315,0.451918847081315,0.1502871263537347,True,False
"Tesla, Inc.",2024-04-05,2024-04-08,1,up,down,0.45062897973791416,0.30732651337905154,0.24204450688303414,0.45062897973791416,0.14330246635886262,True,False
"Tesla, Inc.",2024-04-08,2024-04-09,1,up,up,0.18745337965048897,0.3858571855789593,0.42668943477055166,0.42668943477055166,0.04083224919159234,True,True
"Tesla, Inc.",2024-04-09,2024-04-10,1,down,flat,0.2882955065133741,0.38692454281135863,0.3247799506752672,0.3247799506752672,-0.062144592136091414,False,False
"Tesla, Inc.",2024-04-10,2024-04-11,1,flat,down,0.4255493719977774,0.37866657355079403,0.19578405445142855,0.4255493719977774,0.0468827984469834,True,False
"Tesla, Inc.",2024-04-11,2024-04-12,1,flat,down,0.35056564542822954,0.3453826352338749,0.30405171933789554,0.35056564542822954,0.005183010194354631,True,False
"Tesla, Inc.",2024-04-12,2024-04-15,1,down,flat,0.3261898787473016,0.4059507480536463,0.26785937319905206,0.3261898787473016,-0.07976086930634468,False,False
"Tesla, Inc.",2024-04-15,2024-04-16,1,down,down,0.41862092267320106,0.36326958916934204,0.21810948815745687,0.41862092267320106,0.05535133350385901,True,True
"Tesla, Inc.",2024-04-16,2024-04-17,1,flat,down,0.39358217559857644,0.3723514252347106,0.23406639916671285,0.39358217559857644,0.021230750363865847,True,False
"Tesla, Inc.",2024-04-17,2024-04-18,1,down,flat,0.2562335332557199,0.38850113739395997,0.3552653293503202,0.3552653293503202,-0.03323580804363979,False,False
"Tesla, Inc.",2024-04-18,2024-04-19,1,flat,down,0.37734034351750473,0.35547801348255603,0.2671816429999393,0.37734034351750473,0.021862330034948696,True,False
"Tesla, Inc.",2024-04-19,2024-04-22,1,down,flat,0.2794935497115012,0.39386048132847823,0.3266459689600205,0.3266459689600205,-0.06721451236845771,False,False
"Tesla, Inc.",2024-04-22,2024-04-23,1,flat,down,0.38082663081302803,0.35100739604564146,0.26816597314133045,0.38082663081302803,0.02981923476738657,True,False
"Tesla, Inc.",2024-04-23,2024-04-24,1,up,up,0.2650343564816995,0.3216849058132155,0.4132807377050851,0.4132807377050851,0.0915958318918696,True,True
"Tesla, Inc.",2024-04-24,2024-04-25,1,flat,up,0.09264607422735018,0.2821843720722719,0.6251695537003779,0.6251695537003779,0.34298518162810593,True,False
"Tesla, Inc.",2024-04-25,2024-04-26,1,up,flat,0.3251332191614259,0.4114439900668444,0.2634227907717297,0.3251332191614259,-0.0863107709054185,False,False
"Tesla, Inc.",2024-04-26,2024-04-29,1,up,flat,0.2406892762111354,0.4621564358998054,0.29715428788905895,0.29715428788905895,-0.16500214801074642,False,False
"Tesla, Inc.",2024-04-29,2024-04-30,1,down,up,0.13025975414772217,0.24294371029037182,0.6267965355619061,0.6267965355619061,0.38385282527153425,True,False
"Tesla, Inc.",2024-04-30,2024-05-01,1,down,down,0.4525180001100393,0.3227187541444425,0.22476324574551815,0.4525180001100393,0.12979924596559678,True,True
"Tesla, Inc.",2024-05-01,2024-05-02,1,flat,flat,0.32296437253942467,0.42673277108738894,0.2503028563731862,0.32296437253942467,-0.10376839854796427,False,True
"Tesla, Inc.",2024-05-02,2024-05-03,1,flat,flat,0.26361647460498916,0.46767497011252923,0.2687085552824815,0.2687085552824815,-0.19896641483004773,False,True
"Tesla, Inc.",2024-05-03,2024-05-06,1,flat,flat,0.2409604496902613,0.458397947425108,0.3006416028846306,0.3006416028846306,-0.15775634454047738,False,True
"Tesla, Inc.",2024-05-06,2024-05-07,1,down,flat,0.22084153706437065,0.40361619037399776,0.3755422725616314,0.3755422725616314,-0.028073917812366345,False,False
"Tesla, Inc.",2024-05-07,2024-05-08,1,down,down,0.3900429214638284,0.37315155355392265,0.23680552498224888,0.3900429214638284,0.016891367909905752,True,True
"Tesla, Inc.",2024-05-08,2024-05-09,1,flat,down,0.38309323518828087,0.35086152794993963,0.2660452368617794,0.38309323518828087,0.032231707238341234,True,False
"Tesla, Inc.",2024-05-09,2024-05-10,1,flat,up,0.24702909695549452,0.3532697637308593,0.39970113931364604,0.39970113931364604,0.04643137558278676,True,False
"Tesla, Inc.",2024-05-10,2024-05-13,1,flat,down,0.4018205113682126,0.3450844281601699,0.2530950604716175,0.4018205113682126,0.05673608320804274,True,False
"Tesla, Inc.",2024-05-13,2024-05-14,1,up,up,0.25430928889619964,0.3703483333590706,0.3753423777447297,0.3753423777447297,0.0049940443856591465,True,True
"Tesla, Inc.",2024-05-14,2024-05-15,1,flat,up,0.2544004737729978,0.35810194981187826,0.38749757641512383,0.38749757641512383,0.029395626603245573,True,False
"Tesla, Inc.",2024-05-15,2024-05-16,1,down,flat,0.29977025592430084,0.40247831615456187,0.2977514279211373,0.29977025592430084,-0.10270806023026102,False,False
"Tesla, Inc.",2024-05-16,2024-05-17,1,flat,down,0.4197460431334818,0.36252647930237225,0.2177274775641459,0.4197460431334818,0.05721956383110954,True,False
"Tesla, Inc.",2024-05-17,2024-05-20,1,flat,flat,0.31707380575247357,0.3893949051801632,0.2935312890673632,0.31707380575247357,-0.0723210994276896,False,True
"Tesla, Inc.",2024-05-20,2024-05-21,1,up,flat,0.3130451107008031,0.3976185792234485,0.28933631007574834,0.3130451107008031,-0.08457346852264541,False,False
"Tesla, Inc.",2024-05-21,2024-05-22,1,flat,up,0.2045351178760207,0.35552110219107047,0.4399437799329088,0.4399437799329088,0.08442267774183831,True,False
"Tesla, Inc.",2024-05-22,2024-05-23,1,down,flat,0.2717015930176423,0.4130854349247208,0.31521297205763676,0.31521297205763676,-0.09787246286708401,False,False
"Tesla, Inc.",2024-05-23,2024-05-24,1,flat,down,0.41505020644571833,0.3698722185444648,0.2150775750098169,0.41505020644571833,0.04517798790125355,True,False
"Tesla, Inc.",2024-05-24,2024-05-28,1,flat,up,0.3352936590053367,0.32688250832890153,0.3378238326657617,0.3378238326657617,0.010941324336860181,True,False
"Tesla, Inc.",2024-05-28,2024-05-29,1,flat,down,0.40128946330595205,0.3245250921451166,0.27418544454893135,0.40128946330595205,0.07676437116083545,True,False
"Tesla, Inc.",2024-05-29,2024-05-30,1,up,down,0.36597668574320863,0.3023970732365343,0.3316262410202569,0.36597668574320863,0.06357961250667432,True,False
"Tesla, Inc.",2024-05-30,2024-05-31,1,flat,up,0.2917319956775143,0.28434926694628837,0.42391873737619734,0.42391873737619734,0.13956947042990897,True,False
"Tesla, Inc.",2024-05-31,2024-06-03,1,flat,down,0.39528997278485684,0.3095519781167759,0.2951580490983671,0.39528997278485684,0.08573799466808091,True,False
"Tesla, Inc.",2024-06-03,2024-06-04,1,down,down,0.35516740546022235,0.3138228528194258,0.33100974172035175,0.35516740546022235,0.04134455264079656,True,True
"Tesla, Inc.",2024-06-04,2024-06-05,1,flat,down,0.4197702703533008,0.3052788494538862,0.27495088019281294,0.4197702703533008,0.11449142089941455,True,False
"Tesla, Inc.",2024-06-05,2024-06-06,1,flat,down,0.38009498375730943,0.2939752491962851,0.3259297670464054,0.38009498375730943,0.08611973456102434,True,False
"Tesla, Inc.",2024-06-06,2024-06-07,1,flat,up,0.3479486709920547,0.3010041473640186,0.3510471816439268,0.3510471816439268,0.050043034279908194,True,False
"Tesla, Inc.",2024-06-07,2024-06-10,1,flat,down,0.34129288554466936,0.33565052978094095,0.32305658467438975,0.34129288554466936,0.005642355763728402,True,False
"Tesla, Inc.",2024-06-10,2024-06-11,1,down,flat,0.298879967127995,0.3745291736852995,0.32659085918670555,0.32659085918670555,-0.047938314498593926,False,False
"Tesla, Inc.",2024-06-11,2024-06-12,1,up,down,0.44348611647819525,0.30068398119193357,0.25582990232987124,0.44348611647819525,0.14280213528626168,True,False
"Tesla, Inc.",2024-06-12,2024-06-13,1,up,up,0.31348678867321134,0.29758367561404653,0.38892953571274214,0.38892953571274214,0.09134586009869561,True,True
"Tesla, Inc.",2024-06-13,2024-06-14,1,down,up,0.16562010317859088,0.3431243359400761,0.49125556088133315,0.49125556088133315,0.14813122494125708,True,False
"Tesla, Inc.",2024-06-14,2024-06-15,1,flat,down,0.4086389158403325,0.36479676577340386,0.2265643183862636,0.4086389158403325,0.04384215006692865,True,False
