company,base_date,target_date,horizon,true_label,pred_label,proba_down,proba_flat,proba_up,proba_dir,proba_margin,operable,is_correct
Alphabet Inc.,2021-07-30,2021-08-05,4,flat,up,0.2076450438782156,0.39142091357688624,0.400934042544898,0.400934042544898,0.009513128968011764,True,False
Alphabet Inc.,2021-08-02,2021-08-06,4,flat,up,0.21277891260419546,0.3592626383857679,0.42795844901003666,0.42795844901003666,0.06869581062426877,True,False
Alphabet Inc.,2021-08-03,2021-08-09,4,flat,up,0.24727106054608383,0.33617486353831827,0.416554075915598,0.416554075915598,0.08037921237727974,True,False
Alphabet Inc.,2021-08-04,2021-08-10,4,up,up,0.2331942601571183,0.32643645157365714,0.44036928826922467,0.44036928826922467,0.11393283669556753,True,True
Alphabet Inc.,2021-08-05,2021-08-11,4,flat,up,0.2386557339833179,0.3174268196326264,0.44391744638405584,0.44391744638405584,0.1264906267514294,True,False
Alphabet Inc.,2021-08-06,2021-08-12,4,flat,up,0.22812237266359126,0.32163156004134097,0.45024606729506783,0.45024606729506783,0.12861450725372686,True,False
Alphabet Inc.,2021-08-09,2021-08-13,4,flat,up,0.21491630800492686,0.332567951902715,0.4525157400923582,0.4525157400923582,0.11994778818964319,True,False
Alphabet Inc.,2021-08-10,2021-08-16,4,flat,up,0.25061987386095363,0.3287337790116039,0.4206463471274425,0.4206463471274425,0.09191256811583859,True,False
Alphabet Inc.,2021-08-11,2021-08-17,4,flat,up,0.23509719289362496,0.364877926953062,0.40002488015331295,0.40002488015331295,0.03514695320025096,True,False
Alphabet Inc.,2021-08-12,2021-08-18,4,flat,up,0.21317985304061499,0.3418875343696105,0.4449326125897745,0.4449326125897745,0.10304507822016401,True,False
Alphabet Inc.,2021-08-13,2021-08-19,4,down,up,0.18659759511920093,0.337087433682577,0.4763149711982222,0.4763149711982222,0.1392275375156452,True,False
Alphabet Inc.,2021-08-16,2021-08-20,4,flat,up,0.1981062611474939,0.2865396460011467,0.5153540928513596,0.5153540928513596,0.2288144468502129,True,False
Alphabet Inc.,2021-08-17,2021-08-23,4,up,up,0.21514295790672355,0.27553862023764797,0.5093184218556285,0.5093184218556285,0.2337798016179805,True,True
Alphabet Inc.,2021-08-18,2021-08-24,4,up,up,0.16586527170357712,0.2578680323731014,0.5762666959233216,0.5762666959233216,0.3183986635502202,True,True
Alphabet Inc.,2021-08-19,2021-08-25,4,up,up,0.1791161193624461,0.24451523367847341,0.5763686469590806,0.5763686469590806,0.33185341328060725,True,True
Alphabet Inc.,2021-08-20,2021-08-26,4,up,up,0.13680660300605663,0.19701252983859063,0.6661808671553526,0.6661808671553526,0.469168337316762,True,True
Alphabet Inc.,2021-08-23,2021-08-27,4,up,up,0.2162202358694541,0.23393672535475263,0.5498430387757931,0.5498430387757931,0.3159063134210405,True,True
Alphabet Inc.,2021-08-24,2021-08-30,4,up,up,0.24937565011900362,0.32115244280115507,0.4294719070798413,0.4294719070798413,0.10831946427868622,True,True
Alphabet Inc.,2021-08-25,2021-08-31,4,up,up,0.2632148319953135,0.3134081975610967,0.4233769704435899,0.4233769704435899,0.10996877288249318,True,True
Alphabet Inc.,2021-08-26,2021-09-01,4,up,up,0.28262805297186866,0.29158759217065244,0.4257843548574791,0.4257843548574791,0.13419676268682668,True,True
Alphabet Inc.,2021-08-27,2021-09-02,4,up,up,0.3083662249329634,0.2823976276205387,0.4092361474464981,0.4092361474464981,0.1268385198259594,True,True
Alphabet Inc.,2021-08-30,2021-09-03,4,flat,up,0.24239879752739835,0.31042407650938536,0.44717712596321635,0.44717712596321635,0.136753049453831,True,False
Alphabet Inc.,2021-08-31,2021-09-07,4,flat,up,0.3406920902661874,0.27105758221232457,0.38825032752148814,0.38825032752148814,0.11719274530916357,True,False
Alphabet Inc.,2021-09-01,2021-09-08,4,flat,up,0.29503876904231124,0.30408368748382875,0.40087754347386,0.40087754347386,0.09679385599003126,True,False
Alphabet Inc.,2021-09-02,2021-09-09,4,flat,up,0.2950767546675378,0.2676718370893165,0.4372514082431458,0.4372514082431458,0.16957957115382927,True,False
Alphabet Inc.,2021-09-03,2021-09-10,4,flat,up,0.20072276368577202,0.27715372977201475,0.5221235065422133,0.5221235065422133,0.24496977677019854,True,False
Alphabet Inc.,2021-09-07,2021-09-13,4,down,up,0.1776470432886239,0.26145877043153304,0.5608941862798431,0.5608941862798431,0.29943541584831007,True,False
Alphabet Inc.,2021-09-08,2021-09-14,4,down,up,0.18903745599169708,0.24908295429798422,0.5618795897103188,0.5618795897103188,0.3127966354123346,True,False
Alphabet Inc.,2021-09-09,2021-09-15,4,flat,up,0.19772554808188006,0.24216599901906122,0.5601084528990588,0.5601084528990588,0.31794245387999753,True,False
Alphabet Inc.,2021-09-10,2021-09-16,4,flat,up,0.24600084770989952,0.18459735225097224,0.5694018000391282,0.5694018000391282,0.384804447788156,True,False
Alphabet Inc.,2021-09-13,2021-09-17,4,flat,up,0.18725290037139036,0.2191379399410494,0.5936091596875603,0.5936091596875603,0.37447121974651093,True,False
Alphabet Inc.,2021-09-14,2021-09-20,4,down,up,0.16381262557254306,0.2059937865157535,0.6301935879117033,0.6301935879117033,0.4241998013959498,True,False
Alphabet Inc.,2021-09-15,2021-09-21,4,down,up,0.19843578061913358,0.23491211825199054,0.5666521011288759,0.5666521011288759,0.33173998287688533,True,False
Alphabet Inc.,2021-09-16,2021-09-22,4,down,up,0.21655160939334078,0.24410041684678543,0.5393479737598739,0.5393479737598739,0.29524755691308846,True,False
Alphabet Inc.,2021-09-17,2021-09-23,4,flat,up,0.3154298089257198,0.2336619321166497,0.4509082589576304,0.4509082589576304,0.21724632684098072,True,False
Alphabet Inc.,2021-09-20,2021-09-24,4,up,up,0.2732591186592195,0.328742063457454,0.3979988178833265,0.3979988178833265,0.06925675442587248,True,True
Alphabet Inc.,2021-09-21,2021-09-27,4,flat,up,0.15907154719853425,0.3047155984250126,0.5362128543764533,0.5362128543764533,0.23149725595144066,True,False
Alphabet Inc.,2021-09-22,2021-09-28,4,down,up,0.19289689714721675,0.30413564980445673,0.5029674530483267,0.5029674530483267,0.19883180324386995,True,False
Alphabet Inc.,2021-09-23,2021-09-29,4,down,up,0.18721032242284713,0.3058943058766356,0.5068953717005175,0.5068953717005175,0.20100106582388189,True,False
Alphabet Inc.,2021-09-24,2021-09-30,4,down,up,0.20677258517185196,0.31780503778708225,0.47542237704106594,0.47542237704106594,0.1576173392539837,True,False
Alphabet Inc.,2021-09-27,2021-10-01,4,down,up,0.24456978356575163,0.32736500328919993,0.4280652131450484,0.4280652131450484,0.10070020985584849,True,False
Alphabet Inc.,2021-09-28,2021-10-04,4,down,up,0.28924859240776857,0.32355541356709183,0.3871959940251394,0.3871959940251394,0.06364058045804755,True,False
Alphabet Inc.,2021-09-29,2021-10-05,4,flat,up,0.19066401523848941,0.3876798881642953,0.42165609659721504,0.42165609659721504,0.03397620843291971,True,False
Alphabet Inc.,2021-09-30,2021-10-06,4,flat,up,0.21753465721844428,0.359416451660482,0.42304889112107347,0.42304889112107347,0.0636324394605915,True,False
Alphabet Inc.,2021-10-01,2021-10-07,4,up,up,0.17267447279740072,0.38805692116648566,0.4392686060361134,0.4392686060361134,0.05121168486962774,True,True
Alphabet Inc.,2021-10-04,2021-10-08,4,up,flat,0.24552979729285368,0.39602310356371073,0.3584470991434354,0.3584470991434354,-0.03757600442027531,False,False
Alphabet Inc.,2021-10-05,2021-10-11,4,up,flat,0.22248973126205637,0.39033816534040433,0.38717210339753916,0.38717210339753916,-0.0031660619428651726,False,False
Alphabet Inc.,2021-10-06,2021-10-12,4,flat,flat,0.2231473471821458,0.4067142431130819,0.3701384097047722,0.3701384097047722,-0.03657583340830972,False,True
Alphabet Inc.,2021-10-07,2021-10-13,4,flat,flat,0.20041742229585746,0.4221425166250783,0.3774400610790641,0.3774400610790641,-0.04470245554601421,False,True
Alphabet Inc.,2021-10-08,2021-10-14,4,flat,flat,0.20562723795134552,0.4214662471950422,0.37290651485361237,0.37290651485361237,-0.04855973234142985,False,True
Alphabet Inc.,2021-10-11,2021-10-15,4,flat,flat,0.2087367334022959,0.44360031668255645,0.34766294991514757,0.34766294991514757,-0.09593736676740888,False,True
Alphabet Inc.,2021-10-12,2021-10-18,4,up,flat,0.20893725371599475,0.4132032260730085,0.37785952021099667,0.37785952021099667,-0.035343705862011854,False,False
Alphabet Inc.,2021-10-13,2021-10-19,4,up,flat,0.17106306681192465,0.4426570608220883,0.3862798723659869,0.3862798723659869,-0.0563771884561014,False,False
Alphabet Inc.,2021-10-14,2021-10-20,4,up,up,0.16799314312010216,0.39282348037319414,0.4391833765067037,0.4391833765067037,0.04635989613350955,True,True
Alphabet Inc.,2021-10-15,2021-10-21,4,flat,flat,0.19463622011620585,0.40509051647530225,0.40027326340849206,0.40027326340849206,-0.00481725306681019,False,True
Alphabet Inc.,2021-10-18,2021-10-22,4,down,flat,0.2217181328995199,0.4015932317338201,0.37668863536666003,0.37668863536666003,-0.02490459636716008,False,False
Alphabet Inc.,2021-10-19,2021-10-25,4,down,up,0.21278790401685455,0.36894582655888253,0.4182662694242631,0.4182662694242631,0.049320442865380565,True,False
Alphabet Inc.,2021-10-20,2021-10-26,4,down,up,0.24284452856586514,0.368235898719546,0.388919572714589,0.388919572714589,0.020683673995043006,True,False
Alphabet Inc.,2021-10-21,2021-10-27,4,flat,up,0.19095050903234662,0.35781087797947464,0.45123861298817886,0.45123861298817886,0.09342773500870422,True,False
Alphabet Inc.,2021-10-22,2021-10-28,4,up,up,0.20720942778875415,0.3508335361336494,0.4419570360775965,0.4419570360775965,0.09112349994394708,True,True
Alphabet Inc.,2021-10-25,2021-10-29,4,up,up,0.1496289180607546,0.3629896845105159,0.48738139742872943,0.48738139742872943,0.12439171291821355,True,True
Alphabet Inc.,2021-10-26,2021-11-01,4,up,up,0.1936929189223595,0.2875900286927477,0.5187170523848929,0.5187170523848929,0.23112702369214516,True,True
Alphabet Inc.,2021-10-27,2021-11-02,4,flat,up,0.24302475865949247,0.3174107400966184,0.43956450124388896,0.43956450124388896,0.12215376114727056,True,False
Alphabet Inc.,2021-10-28,2021-11-03,4,flat,flat,0.304628607274422,0.36924629921604357,0.3261250935095342,0.3261250935095342,-0.04312120570650935,False,True
Alphabet Inc.,2021-10-29,2021-11-04,4,flat,flat,0.3506534540569364,0.37083135525388566,0.2785151906891777,0.3506534540569364,-0.02017790119694929,False,True
Alphabet Inc.,2021-11-01,2021-11-05,4,up,flat,0.3458320302317097,0.388707036775473,0.2654609329928171,0.3458320302317097,-0.042875006543763305,False,False
Alphabet Inc.,2021-11-02,2021-11-08,4,up,flat,0.21268113587026158,0.46573864931452713,0.32158021481521104,0.32158021481521104,-0.1441584344993161,False,False
Alphabet Inc.,2021-11-03,2021-11-09,4,up,flat,0.16654161431493197,0.4324943582327745,0.40096402745229354,0.40096402745229354,-0.03153033078048095,False,False
Alphabet Inc.,2021-11-04,2021-11-10,4,flat,flat,0.2290506833110207,0.4029763478657692,0.3679729688232099,0.3679729688232099,-0.03500337904255929,False,True
Alphabet Inc.,2021-11-05,2021-11-11,4,down,flat,0.25357047849696035,0.43052238346902516,0.31590713803401427,0.31590713803401427,-0.11461524543501089,False,False
Alphabet Inc.,2021-11-08,2021-11-12,4,flat,flat,0.2688013874713152,0.4471875080109051,0.28401110451777944,0.28401110451777944,-0.16317640349312568,False,True
Alphabet Inc.,2021-11-09,2021-11-15,4,flat,flat,0.2701255545575825,0.4480618781556746,0.28181256728674253,0.28181256728674253,-0.16624931086893208,False,True
Alphabet Inc.,2021-11-10,2021-11-16,4,flat,flat,0.25357277621303403,0.4173877451691134,0.3290394786178523,0.3290394786178523,-0.0883482665512611,False,True
Alphabet Inc.,2021-11-11,2021-11-17,4,flat,flat,0.19939363628467638,0.4299277754841596,0.3706785882311636,0.3706785882311636,-0.059249187252995994,False,True
Alphabet Inc.,2021-11-12,2021-11-18,4,flat,up,0.21615275336385148,0.38898987590386747,0.39485737073228094,0.39485737073228094,0.005867494828413478,True,False
Alphabet Inc.,2021-11-15,2021-11-19,4,flat,flat,0.2506800148201542,0.3877712619995176,0.36154872318032805,0.36154872318032805,-0.026222538819189567,False,True
Alphabet Inc.,2021-11-16,2021-11-22,4,flat,up,0.2519324916534887,0.3450032313578464,0.403064276988665,0.403064276988665,0.0580610456308186,True,False
Alphabet Inc.,2021-11-17,2021-11-23,4,down,up,0.22790200983915854,0.35384029175509035,0.4182576984057513,0.4182576984057513,0.06441740665066092,True,False
Alphabet Inc.,2021-11-18,2021-11-24,4,down,up,0.25443422412500544,0.32310441013477575,0.42246136574021875,0.42246136574021875,0.099356955605443,True,False
Alphabet Inc.,2021-11-19,2021-11-26,4,down,up,0.21136685052587573,0.36600701767142585,0.42262613180269837,0.42262613180269837,0.05661911413127252,True,False
Alphabet Inc.,2021-11-22,2021-11-29,4,down,up,0.24676518658111402,0.33737528943821404,0.41585952398067183,0.41585952398067183,0.07848423454245779,True,False
Alphabet Inc.,2021-11-23,2021-11-30,4,down,up,0.21361778904053985,0.34709727882278474,0.4392849321366755,0.4392849321366755,0.09218765331389078,True,False
Alphabet Inc.,2021-11-24,2021-12-01,4,down,up,0.17658563792088883,0.3101378299849815,0.5132765320941297,0.5132765320941297,0.2031387021091482,True,False
Alphabet Inc.,2021-11-26,2021-12-02,4,flat,up,0.21272898268280127,0.3040508442929157,0.4832201730242831,0.4832201730242831,0.17916932873136743,True,False
Alphabet Inc.,2021-11-29,2021-12-03,4,down,up,0.20055181187252927,0.3329939233643595,0.46645426476311125,0.46645426476311125,0.13346034139875174,True,False
Alphabet Inc.,2021-11-30,2021-12-06,4,flat,up,0.27828316966336086,0.34188812546978026,0.37982870486685866,0.37982870486685866,0.0379405793970784,True,False
Alphabet Inc.,2021-12-01,2021-12-07,4,up,flat,0.2619416370593291,0.37518610224021814,0.3628722607004524,0.3628722607004524,-0.012313841539765724,False,False
Alphabet Inc.,2021-12-02,2021-12-08,4,up,flat,0.21951158650850458,0.3958956378321357,0.38459277565935945,0.38459277565935945,-0.011302862172776262,False,False
Alphabet Inc.,2021-12-03,2021-12-09,4,up,up,0.23416911306590707,0.3578879030477773,0.40794298388631545,0.40794298388631545,0.05005508083853816,True,True
Alphabet Inc.,2021-12-06,2021-12-10,4,up,flat,0.22112328197501502,0.4055639073206465,0.37331281070433825,0.37331281070433825,-0.03225109661630826,False,False
Alphabet Inc.,2021-12-07,2021-12-13,4,flat,flat,0.23256725382168922,0.4059340767576567,0.3614986694206538,0.3614986694206538,-0.04443540733700291,False,True
Alphabet Inc.,2021-12-08,2021-12-14,4,down,flat,0.26397688842236033,0.453450848390663,0.28257226318697637,0.28257226318697637,-0.17087858520368665,False,False
Alphabet Inc.,2021-12-09,2021-12-15,4,down,flat,0.2795396311718664,0.449342186387247,0.2711181824408863,0.2795396311718664,-0.16980255521538057,False,False
Alphabet Inc.,2021-12-10,2021-12-16,4,down,flat,0.26066671441896105,0.4482944276374382,0.29103885794360046,0.29103885794360046,-0.15725556969383775,False,False
Alphabet Inc.,2021-12-13,2021-12-17,4,down,flat,0.2411839816090175,0.46030016682450575,0.2985158515664765,0.2985158515664765,-0.16178431525802928,False,False
Alphabet Inc.,2021-12-14,2021-12-20,4,down,flat,0.2215657787326588,0.45671418668723296,0.32172003458010795,0.32172003458010795,-0.134994152107125,False,False
Alphabet Inc.,2021-12-15,2021-12-21,4,flat,flat,0.20007494087769262,0.42463297481284945,0.3752920843094578,0.3752920843094578,-0.04934089050339163,False,True
Alphabet Inc.,2021-12-16,2021-12-22,4,flat,flat,0.22486058131447095,0.43390361731129107,0.3412358013742378,0.3412358013742378,-0.09266781593705326,False,True
Alphabet Inc.,2021-12-17,2021-12-23,4,up,flat,0.297770017928372,0.39612749135554604,0.30610249071608175,0.30610249071608175,-0.09002500063946428,False,False
Alphabet Inc.,2021-12-20,2021-12-27,4,up,flat,0.20218777737007732,0.41940498059951314,0.3784072420304093,0.3784072420304093,-0.040997738569103825,False,False
Alphabet Inc.,2021-12-21,2021-12-28,4,up,up,0.1837923342569342,0.36787402143616466,0.4483336443069011,0.4483336443069011,0.08045962287073644,True,True
Alphabet Inc.,2021-12-22,2021-12-29,4,flat,up,0.19195994288726054,0.37531034830456333,0.4327297088081762,0.4327297088081762,0.05741936050361285,True,False
Alphabet Inc.,2021-12-23,2021-12-30,4,flat,up,0.197576972065879,0.3974465675482004,0.4049764603859206,0.4049764603859206,0.007529892837720209,True,False
Alphabet Inc.,2021-12-27,2021-12-31,4,down,flat,0.23432761987606918,0.40589227110220305,0.3597801090217275,0.3597801090217275,-0.04611216208047553,False,False
Alphabet Inc.,2021-12-28,2022-01-03,4,down,up,0.24273150110586583,0.3706654573609702,0.38660304153316394,0.38660304153316394,0.015937584172193764,True,False
Alphabet Inc.,2021-12-29,2022-01-04,4,flat,up,0.1821177923896593,0.3917093140609511,0.4261728935493895,0.4261728935493895,0.03446357948843837,True,False
Alphabet Inc.,2021-12-30,2022-01-05,4,down,up,0.14935181748207932,0.37984899287352997,0.47079918964439066,0.47079918964439066,0.09095019677086069,True,False
Alphabet Inc.,2021-12-31,2022-01-06,4,down,up,0.17061584346711317,0.35318675216582607,0.4761974043670608,0.4761974043670608,0.12301065220123475,True,False
Alphabet Inc.,2022-01-03,2022-01-07,4,down,up,0.19314483600081922,0.35633080825350194,0.45052435574567884,0.45052435574567884,0.0941935474921769,True,False
Alphabet Inc.,2022-01-04,2022-01-10,4,down,up,0.18236665395108564,0.3420788456050579,0.47555450044385644,0.47555450044385644,0.13347565483879853,True,False
Alphabet Inc.,2022-01-05,2022-01-11,4,down,up,0.2805787293086059,0.3089920154684672,0.41042925522292684,0.41042925522292684,0.10143723975445962,True,False
Alphabet Inc.,2022-01-06,2022-01-12,4,up,up,0.20273898292395837,0.3372806402128872,0.4599803768631544,0.4599803768631544,0.12269973665026723,True,True
Alphabet Inc.,2022-01-07,2022-01-13,4,up,up,0.1542105705599791,0.33633885821827436,0.5094505712217465,0.5094505712217465,0.17311171300347217,True,True
Alphabet Inc.,2022-01-10,2022-01-14,4,up,up,0.20896689378781869,0.34092154545156467,0.45011156076061654,0.45011156076061654,0.10919001530905187,True,True
Alphabet Inc.,2022-01-11,2022-01-18,4,down,up,0.1526421465089293,0.3633594673361066,0.48399838615496393,0.48399838615496393,0.12063891881885735,True,False
Alphabet Inc.,2022-01-12,2022-01-19,4,down,up,0.19114803734086283,0.32183397974292427,0.48701798291621295,0.48701798291621295,0.16518400317328868,True,False
Alphabet Inc.,2022-01-13,2022-01-20,4,down,flat,0.27609733484049304,0.38866227132733755,0.3352403938321693,0.3352403938321693,-0.053421877495168246,False,False
Alphabet Inc.,2022-01-14,2022-01-21,4,down,flat,0.23156564263938767,0.40902410051723653,0.35941025684337574,0.35941025684337574,-0.04961384367386079,False,False
Alphabet Inc.,2022-01-18,2022-01-24,4,down,flat,0.2077997463154349,0.41449710190888933,0.3777031517756758,0.3777031517756758,-0.036793950133213515,False,False
Alphabet Inc.,2022-01-19,2022-01-25,4,down,flat,0.14912975979118548,0.45703669921880496,0.39383354099000945,0.39383354099000945,-0.06320315822879552,False,False
Alphabet Inc.,2022-01-20,2022-01-26,4,down,flat,0.17465959859460747,0.44691261751723516,0.37842778388815723,0.37842778388815723,-0.06848483362907792,False,False
Alphabet Inc.,2022-01-21,2022-01-27,4,flat,flat,0.25777669406160214,0.41804581893222403,0.3241774870061737,0.3241774870061737,-0.09386833192605032,False,True
Alphabet Inc.,2022-01-24,2022-01-28,4,up,flat,0.29638430575711394,0.39556624735235846,0.3080494468905275,0.3080494468905275,-0.08751680046183097,False,False
Alphabet Inc.,2022-01-25,2022-01-31,4,up,flat,0.21369361871671996,0.43819728252293433,0.34810909876034546,0.34810909876034546,-0.09008818376258887,False,False
Alphabet Inc.,2022-01-26,2022-02-01,4,up,flat,0.2033277082466419,0.41180861776688715,0.3848636739864707,0.3848636739864707,-0.026944943780416453,False,False
Alphabet Inc.,2022-01-27,2022-02-02,4,up,flat,0.2126947843468343,0.44218594147093815,0.3451192741822275,0.3451192741822275,-0.09706666728871066,False,False
Alphabet Inc.,2022-01-28,2022-02-03,4,up,flat,0.24429680753243138,0.4140193727516185,0.3416838197159502,0.3416838197159502,-0.0723355530356683,False,False
Alphabet Inc.,2022-01-31,2022-02-04,4,up,flat,0.23071998897833262,0.44670529829757716,0.3225747127240901,0.3225747127240901,-0.12413058557348705,False,False
Alphabet Inc.,2022-02-01,2022-02-07,4,up,flat,0.2903562038830092,0.4446742844114469,0.2649695117055438,0.2903562038830092,-0.1543180805284377,False,False
Alphabet Inc.,2022-02-02,2022-02-08,4,down,flat,0.2210446744179085,0.587559922691657,0.19139540289043405,0.2210446744179085,-0.3665152482737485,False,False
Alphabet Inc.,2022-02-03,2022-02-09,4,down,flat,0.34783621449305224,0.5179671069823105,0.13419667852463704,0.34783621449305224,-0.17013089248925828,False,False
Alphabet Inc.,2022-02-04,2022-02-10,4,down,flat,0.2734311895791223,0.5761849723542398,0.1503838380666376,0.2734311895791223,-0.3027537827751175,False,False
Alphabet Inc.,2022-02-07,2022-02-11,4,down,flat,0.17774729618439028,0.6243217754837143,0.19793092833189532,0.19793092833189532,-0.42639084715181896,False,False
Alphabet Inc.,2022-02-08,2022-02-14,4,down,flat,0.1468720944086218,0.646448837326723,0.20667906826465496,0.20667906826465496,-0.439769769062068,False,False
Alphabet Inc.,2022-02-09,2022-02-15,4,down,flat,0.1294467360742137,0.6263365426355075,0.24421672129027863,0.24421672129027863,-0.3821198213452289,False,False
Alphabet Inc.,2022-02-10,2022-02-16,4,flat,flat,0.20853738902455143,0.5546303585146823,0.23683225246076603,0.23683225246076603,-0.31779810605391634,False,True
Alphabet Inc.,2022-02-11,2022-02-17,4,flat,flat,0.2513293017431857,0.5218117688083344,0.2268589294484798,0.2513293017431857,-0.27048246706514867,False,True
Alphabet Inc.,2022-02-14,2022-02-18,4,flat,flat,0.21577670638456029,0.5267653865938509,0.2574579070215888,0.2574579070215888,-0.26930747957226203,False,True
Alphabet Inc.,2022-02-15,2022-02-22,4,down,flat,0.18088805128805535,0.5309228030509565,0.2881891456609879,0.2881891456609879,-0.2427336573899686,False,False
Alphabet Inc.,2022-02-16,2022-02-23,4,down,flat,0.19963170761986343,0.5378984222721237,0.2624698701080127,0.2624698701080127,-0.275428552164111,False,False
Alphabet Inc.,2022-02-17,2022-02-24,4,down,flat,0.2286118490636345,0.5262370553426001,0.2451510955937652,0.2451510955937652,-0.28108595974883493,False,False
Alphabet Inc.,2022-02-18,2022-02-25,4,flat,flat,0.21728546754017442,0.5290711802799624,0.25364335217986317,0.25364335217986317,-0.2754278281000992,False,True
Alphabet Inc.,2022-02-22,2022-02-28,4,up,flat,0.20982849577580154,0.5291903962417159,0.26098110798248236,0.26098110798248236,-0.26820928825923357,False,False
Alphabet Inc.,2022-02-23,2022-03-01,4,up,flat,0.1530186215734624,0.5401238735100088,0.30685750491652863,0.30685750491652863,-0.23326636859348016,False,False
Alphabet Inc.,2022-02-24,2022-03-02,4,up,flat,0.1860172911122479,0.5230758155570991,0.2909068933306529,0.2909068933306529,-0.23216892222644625,False,False
Alphabet Inc.,2022-02-25,2022-03-03,4,flat,flat,0.16850773695259094,0.540844537101163,0.2906477259462458,0.2906477259462458,-0.25019681115491715,False,True
Alphabet Inc.,2022-02-28,2022-03-04,4,flat,flat,0.22498506241893346,0.520400826467915,0.25461411111315135,0.25461411111315135,-0.2657867153547636,False,True
Alphabet Inc.,2022-03-01,2022-03-07,4,down,flat,0.2001647151313786,0.5609301920734857,0.2389050927951356,0.2389050927951356,-0.3220250992783501,False,False
Alphabet Inc.,2022-03-02,2022-03-08,4,down,flat,0.18997264292143862,0.5478864279221007,0.2621409291564605,0.2621409291564605,-0.28574549876564026,False,False
Alphabet Inc.,2022-03-03,2022-03-09,4,down,flat,0.16755482970376057,0.5192174786752608,0.31322769162097863,0.31322769162097863,-0.20598978705428217,False,False
Alphabet Inc.,2022-03-04,2022-03-10,4,flat,flat,0.18780443949347264,0.47952641211407143,0.3326691483924558,0.3326691483924558,-0.14685726372161562,False,True
Alphabet Inc.,2022-03-07,2022-03-11,4,flat,flat,0.21846284275312633,0.4588967342878055,0.32264042295906814,0.32264042295906814,-0.13625631132873733,False,True
Alphabet Inc.,2022-03-08,2022-03-14,4,flat,flat,0.1721421595784185,0.49896433445508875,0.3288935059664926,0.3288935059664926,-0.17007082848859617,False,True
Alphabet Inc.,2022-03-09,2022-03-15,4,down,flat,0.1626826294617868,0.46652669752544607,0.37079067301276697,0.37079067301276697,-0.0957360245126791,False,False
Alphabet Inc.,2022-03-10,2022-03-16,4,flat,flat,0.21364273724159039,0.48697456501267494,0.2993826977457346,0.2993826977457346,-0.18759186726694033,False,True
Alphabet Inc.,2022-03-11,2022-03-17,4,flat,flat,0.2595847692140992,0.4448552431852577,0.29555998760064317,0.29555998760064317,-0.14929525558461454,False,True
Alphabet Inc.,2022-03-14,2022-03-18,4,up,flat,0.27385113035271846,0.4271484580770452,0.2990004115702362,0.2990004115702362,-0.128148046506809,False,False
Alphabet Inc.,2022-03-15,2022-03-21,4,up,flat,0.18729604480460382,0.4655790847700275,0.3471248704253685,0.3471248704253685,-0.11845421434465903,False,False
Alphabet Inc.,2022-03-16,2022-03-22,4,up,flat,0.15917365577217044,0.442174592265204,0.3986517519626256,0.3986517519626256,-0.043522840302578414,False,False
Alphabet Inc.,2022-03-17,2022-03-23,4,up,flat,0.1897812002746627,0.49064955328659177,0.3195692464387455,0.3195692464387455,-0.17108030684784625,False,False
Alphabet Inc.,2022-03-18,2022-03-24,4,up,flat,0.27594417864791876,0.4460055847580004,0.27805023659408074,0.27805023659408074,-0.16795534816391966,False,False
Alphabet Inc.,2022-03-21,2022-03-25,4,up,flat,0.24488487208678472,0.4962146542890722,0.2589004736241429,0.2589004736241429,-0.23731418066492926,False,False
Alphabet Inc.,2022-03-22,2022-03-28,4,flat,flat,0.24298438257730173,0.48463196340431064,0.27238365401838743,0.27238365401838743,-0.2122483093859232,False,True
Alphabet Inc.,2022-03-23,2022-03-29,4,up,flat,0.20890345832392765,0.5279429703038538,0.26315357137221834,0.26315357137221834,-0.2647893989316355,False,False
Alphabet Inc.,2022-03-24,2022-03-30,4,flat,flat,0.17121160749371067,0.5499579461220764,0.27883044638421284,0.27883044638421284,-0.27112749973786354,False,True
Alphabet Inc.,2022-03-25,2022-03-31,4,flat,flat,0.19024283518504714,0.5039264291440484,0.30583073567090435,0.30583073567090435,-0.19809569347314404,False,True
Alphabet Inc.,2022-03-28,2022-04-01,4,flat,flat,0.2138443149079818,0.4786581921814022,0.3074974929106158,0.3074974929106158,-0.17116069927078642,False,True
Alphabet Inc.,2022-03-29,2022-04-04,4,flat,flat,0.21344293412169876,0.44221378694172164,0.34434327893657934,0.34434327893657934,-0.0978705080051423,False,True
Alphabet Inc.,2022-03-30,2022-04-05,4,flat,flat,0.21667136511099191,0.4872823099161312,0.29604632497287664,0.29604632497287664,-0.19123598494325456,False,True
Alphabet Inc.,2022-03-31,2022-04-06,4,down,flat,0.23469938229829945,0.42903382673894985,0.3362667909627506,0.3362667909627506,-0.09276703577619927,False,False
Alphabet Inc.,2022-04-01,2022-04-07,4,down,flat,0.18764957004393543,0.4339462771724521,0.3784041527836124,0.3784041527836124,-0.05554212438883971,False,False
Alphabet Inc.,2022-04-04,2022-04-08,4,down,up,0.15336980620883756,0.3868221480181777,0.45980804577298484,0.45980804577298484,0.07298589775480713,True,False
Alphabet Inc.,2022-04-05,2022-04-11,4,down,up,0.20275496446676017,0.3563308169211207,0.4409142186121193,0.4409142186121193,0.08458340169099865,True,False
Alphabet Inc.,2022-04-06,2022-04-12,4,down,flat,0.2517429439132206,0.38139540734976307,0.3668616487370163,0.3668616487370163,-0.01453375861274675,False,False
Alphabet Inc.,2022-04-07,2022-04-13,4,down,up,0.1747859076197695,0.37642088552418707,0.4487932068560433,0.4487932068560433,0.07237232133185623,True,False
Alphabet Inc.,2022-04-08,2022-04-14,4,down,up,0.16626825729213796,0.36287304203892934,0.47085870066893276,0.47085870066893276,0.10798565863000342,True,False
Alphabet Inc.,2022-04-11,2022-04-18,4,down,up,0.21004425538661653,0.332560816889352,0.45739492772403145,0.45739492772403145,0.12483411083467943,True,False
Alphabet Inc.,2022-04-12,2022-04-19,4,flat,up,0.17619328308928767,0.37401783139900013,0.44978888551171214,0.44978888551171214,0.07577105411271201,True,False
Alphabet Inc.,2022-04-13,2022-04-20,4,flat,up,0.17269492196016167,0.38917725287429983,0.43812782516553844,0.43812782516553844,0.048950572291238614,True,False
Alphabet Inc.,2022-04-14,2022-04-21,4,flat,up,0.2059483601595276,0.376727346059901,0.41732429378057123,0.41732429378057123,0.04059694772067024,True,False
Alphabet Inc.,2022-04-18,2022-04-22,4,down,up,0.1936479535271996,0.39005720404818245,0.4162948424246179,0.4162948424246179,0.026237638376435446,True,False
Alphabet Inc.,2022-04-19,2022-04-25,4,down,up,0.19268914672580906,0.3514425702213474,0.4558682830528434,0.4558682830528434,0.10442571283149599,True,False
Alphabet Inc.,2022-04-20,2022-04-26,4,down,flat,0.20966512168564533,0.40283152865689853,0.38750334965745603,0.38750334965745603,-0.015328178999442499,False,False
Alphabet Inc.,2022-04-21,2022-04-27,4,down,flat,0.2704587327083725,0.41215727655677703,0.31738399073485035,0.31738399073485035,-0.09477328582192668,False,False
Alphabet Inc.,2022-04-22,2022-04-28,4,down,flat,0.2925294737988974,0.3982221541037146,0.30924837209738804,0.30924837209738804,-0.08897378200632655,False,False
Alphabet Inc.,2022-04-25,2022-04-29,4,down,flat,0.1920471815859146,0.4730241867656213,0.334928631648464,0.334928631648464,-0.13809555511715732,False,False
Alphabet Inc.,2022-04-26,2022-05-02,4,down,flat,0.20680829691525668,0.4450321885405007,0.34815951454424254,0.34815951454424254,-0.09687267399625815,False,False
Alphabet Inc.,2022-04-27,2022-05-03,4,flat,flat,0.3169403333351837,0.40443842485422477,0.27862124181059134,0.3169403333351837,-0.08749809151904109,False,True
Alphabet Inc.,2022-04-28,2022-05-04,4,flat,flat,0.17655685728640616,0.48772969359787566,0.335713449115718,0.335713449115718,-0.15201624448215767,False,True
Alphabet Inc.,2022-04-29,2022-05-05,4,flat,flat,0.24266424662625188,0.49531966242764336,0.26201609094610456,0.26201609094610456,-0.2333035714815388,False,True
Alphabet Inc.,2022-05-02,2022-05-06,4,flat,flat,0.24652300199935367,0.4936952048979711,0.25978179310267513,0.25978179310267513,-0.23391341179529596,False,True
Alphabet Inc.,2022-05-03,2022-05-09,4,down,flat,0.18018704904992405,0.5121135105911443,0.3076994403589315,0.3076994403589315,-0.2044140702322128,False,False
Alphabet Inc.,2022-05-04,2022-05-10,4,down,flat,0.22958308609364703,0.4935907612841074,0.2768261526222453,0.2768261526222453,-0.2167646086618621,False,False
Alphabet Inc.,2022-05-05,2022-05-11,4,down,flat,0.2898354383342222,0.5087627940728272,0.20140176759295034,0.2898354383342222,-0.218927355738605,False,False
Alphabet Inc.,2022-05-06,2022-05-12,4,down,flat,0.2249382836632376,0.5801394685734145,0.19492224776334788,0.2249382836632376,-0.3552011849101769,False,False
Alphabet Inc.,2022-05-09,2022-05-13,4,flat,flat,0.19231972284249652,0.5879470417605082,0.21973323539699532,0.21973323539699532,-0.36821380636351286,False,True
Alphabet Inc.,2022-05-10,2022-05-16,4,flat,flat,0.1659732932545817,0.6094792227511423,0.22454748399427576,0.22454748399427576,-0.38493173875686654,False,True
Alphabet Inc.,2022-05-11,2022-05-17,4,flat,flat,0.20184640346439453,0.5729268324387158,0.2252267640968897,0.2252267640968897,-0.3477000683418261,False,True
Alphabet Inc.,2022-05-12,2022-05-18,4,flat,flat,0.250586410228284,0.5468383659006604,0.20257522387105545,0.250586410228284,-0.2962519556723764,False,True
Alphabet Inc.,2022-05-13,2022-05-19,4,down,flat,0.19010070789476877,0.5655557242440052,0.2443435678612258,0.2443435678612258,-0.32121215638277945,False,False
Alphabet Inc.,2022-05-16,2022-05-20,4,down,flat,0.2258954012894676,0.5462238265075755,0.22788077220295672,0.22788077220295672,-0.3183430543046188,False,False
Alphabet Inc.,2022-05-17,2022-05-23,4,down,flat,0.20441600273145177,0.5152800287555794,0.2803039685129687,0.2803039685129687,-0.23497606024261075,False,False
Alphabet Inc.,2022-05-18,2022-05-24,4,down,flat,0.2402167538249172,0.5333286425426018,0.22645460363248088,0.2402167538249172,-0.2931118887176846,False,False
Alphabet Inc.,2022-05-19,2022-05-25,4,down,flat,0.2159662351814945,0.5771181727432855,0.20691559207521987,0.2159662351814945,-0.361151937561791,False,False
Alphabet Inc.,2022-05-20,2022-05-26,4,down,flat,0.20012122567458454,0.5790674263058799,0.2208113480195354,0.2208113480195354,-0.35825607828634454,False,False
Alphabet Inc.,2022-05-23,2022-05-27,4,flat,flat,0.15588209298084937,0.6389088149003088,0.20520909211884172,0.20520909211884172,-0.43369972278146707,False,True
Alphabet Inc.,2022-05-24,2022-05-31,4,up,flat,0.32787107340253213,0.4979990176529626,0.17412990894450514,0.32787107340253213,-0.17012794425043049,False,False
Alphabet Inc.,2022-05-25,2022-06-01,4,up,flat,0.20540835759556747,0.5761123339050399,0.21847930849939234,0.21847930849939234,-0.35763302540564756,False,False
Alphabet Inc.,2022-05-26,2022-06-02,4,up,flat,0.1897762363704913,0.599726914166154,0.2104968494633546,0.2104968494633546,-0.3892300647027994,False,False
Alphabet Inc.,2022-05-27,2022-06-03,4,up,flat,0.21093130207481034,0.5488656575732107,0.24020304035197879,0.24020304035197879,-0.3086626172212319,False,False
Alphabet Inc.,2022-05-31,2022-06-06,4,up,flat,0.2683006358710231,0.5034067945764773,0.22829256955249932,0.2683006358710231,-0.2351061587054542,False,False
Alphabet Inc.,2022-06-01,2022-06-07,4,flat,flat,0.26254764332781383,0.5922367989353521,0.14521555773683392,0.26254764332781383,-0.32968915560753825,False,True
Alphabet Inc.,2022-06-02,2022-06-08,4,flat,flat,0.24016388438189037,0.5913389278775432,0.16849718774056616,0.24016388438189037,-0.35117504349565276,False,True
Alphabet Inc.,2022-06-03,2022-06-09,4,flat,flat,0.20586250132862083,0.62928279804548,0.1648547006258988,0.20586250132862083,-0.4234202967168592,False,True
Alphabet Inc.,2022-06-06,2022-06-10,4,down,flat,0.18041325503025363,0.6154271784062887,0.20415956656345724,0.20415956656345724,-0.41126761184283145,False,False
Alphabet Inc.,2022-06-07,2022-06-13,4,down,flat,0.2170905436407367,0.6075428315729632,0.1753666247862998,0.2170905436407367,-0.39045228793222647,False,False
Alphabet Inc.,2022-06-08,2022-06-14,4,down,flat,0.20038796475585705,0.6007789415518131,0.1988330936923297,0.20038796475585705,-0.40039097679595603,False,False
Alphabet Inc.,2022-06-09,2022-06-15,4,down,flat,0.24187544549139972,0.5683280431458801,0.18979651136271986,0.24187544549139972,-0.3264525976544804,False,False
Alphabet Inc.,2022-06-10,2022-06-16,4,down,flat,0.2611426481219201,0.5467002464947234,0.19215710538335629,0.2611426481219201,-0.28555759837280326,False,False
Alphabet Inc.,2022-06-13,2022-06-17,4,flat,flat,0.24739728991486515,0.552538394195253,0.20006431588988172,0.24739728991486515,-0.3051411042803878,False,True
Alphabet Inc.,2022-06-14,2022-06-21,4,up,flat,0.16671207661044207,0.6112427744515558,0.22204514893800195,0.22204514893800195,-0.38919762551355386,False,False
Alphabet Inc.,2022-06-15,2022-06-22,4,flat,flat,0.18938415183495208,0.5512072790718154,0.2594085690932323,0.2594085690932323,-0.29179870997858315,False,True
Alphabet Inc.,2022-06-16,2022-06-23,4,up,flat,0.2888425809640762,0.5260452932017132,0.18511212583421027,0.2888425809640762,-0.237202712237637,False,False
Alphabet Inc.,2022-06-17,2022-06-24,4,up,flat,0.27677431033142846,0.5255662882265353,0.19765940144203603,0.27677431033142846,-0.24879197789510682,False,False
Alphabet Inc.,2022-06-21,2022-06-27,4,up,flat,0.2205703277796501,0.5570900503549101,0.22233962186543949,0.22233962186543949,-0.3347504284894706,False,False
Alphabet Inc.,2022-06-22,2022-06-28,4,flat,flat,0.21865360372561346,0.6083789045317374,0.17296749174264886,0.21865360372561346,-0.3897253008061239,False,True
Alphabet Inc.,2022-06-23,2022-06-29,4,flat,flat,0.22295417107757504,0.580405315872403,0.19664051305002167,0.22295417107757504,-0.3574511447948279,False,True
Alphabet Inc.,2022-06-24,2022-06-30,4,down,flat,0.22631990404749786,0.5404796860211245,0.2332004099313775,0.2332004099313775,-0.30727927608974703,False,False
Alphabet Inc.,2022-06-27,2022-07-01,4,down,flat,0.22688672319280656,0.6116726656230062,0.16144061118418696,0.22688672319280656,-0.3847859424301996,False,False
Alphabet Inc.,2022-06-28,2022-07-05,4,down,flat,0.23730923609325608,0.6032730477544042,0.15941771615233946,0.23730923609325608,-0.3659638116611481,False,False
Alphabet Inc.,2022-06-29,2022-07-06,4,flat,flat,0.19256901898609197,0.5913653629234603,0.21606561809044741,0.21606561809044741,-0.37529974483301287,False,True
Alphabet Inc.,2022-06-30,2022-07-07,4,up,flat,0.20209699495420458,0.6041138982888354,0.19378910675695982,0.20209699495420458,-0.40201690333463086,False,False
Alphabet Inc.,2022-07-01,2022-07-08,4,up,flat,0.1643954455525917,0.6421584697809345,0.19344608466647362,0.19344608466647362,-0.4487123851144609,False,False
Alphabet Inc.,2022-07-05,2022-07-11,4,up,flat,0.18252426697762644,0.5929242551954355,0.22455147782693774,0.22455147782693774,-0.3683727773684977,False,False
Alphabet Inc.,2022-07-06,2022-07-12,4,flat,flat,0.21067309298552575,0.5960442748485925,0.19328263216588165,0.21067309298552575,-0.38537118186306674,False,True
Alphabet Inc.,2022-07-07,2022-07-13,4,down,flat,0.2729000587400614,0.543683052532258,0.1834168887276804,0.2729000587400614,-0.2707829937921966,False,False
Alphabet Inc.,2022-07-08,2022-07-14,4,down,flat,0.2836297215314186,0.5686085269064645,0.14776175156211668,0.2836297215314186,-0.2849788053750459,False,False
Alphabet Inc.,2022-07-11,2022-07-15,4,down,flat,0.26510974039657637,0.5740187644900925,0.16087149511333076,0.26510974039657637,-0.3089090240935161,False,False
Alphabet Inc.,2022-07-12,2022-07-18,4,down,flat,0.20887019941175877,0.6078438646016214,0.18328593598661952,0.20887019941175877,-0.39897366518986266,False,False
Alphabet Inc.,2022-07-13,2022-07-19,4,flat,flat,0.19682544355949794,0.5990421613280783,0.20413239511242365,0.20413239511242365,-0.39490976621565466,False,True
Alphabet Inc.,2022-07-14,2022-07-20,4,up,flat,0.16145657247225226,0.6503593100540881,0.18818411747365948,0.18818411747365948,-0.4621751925804286,False,False
Alphabet Inc.,2022-07-15,2022-07-21,4,flat,flat,0.17346238249145784,0.5923056926680373,0.23423192484050445,0.23423192484050445,-0.35807376782753286,False,True
Alphabet Inc.,2022-07-18,2022-07-22,4,flat,flat,0.2294242993346557,0.5883499536024437,0.18222574706290043,0.2294242993346557,-0.358925654267788,False,True
Alphabet Inc.,2022-07-19,2022-07-25,4,down,flat,0.23305981086164707,0.5544311305751776,0.21250905856317526,0.23305981086164707,-0.3213713197135305,False,False
Alphabet Inc.,2022-07-20,2022-07-26,4,down,flat,0.23852701200615348,0.5267702641481052,0.23470272384574115,0.23852701200615348,-0.2882432521419518,False,False
Alphabet Inc.,2022-07-21,2022-07-27,4,down,flat,0.24851840515489948,0.5378508508265898,0.21363074401851045,0.24851840515489948,-0.2893324456716903,False,False
Alphabet Inc.,2022-07-22,2022-07-28,4,flat,flat,0.2785339858182574,0.5236470318846739,0.19781898229706835,0.2785339858182574,-0.24511304606641648,False,True
Alphabet Inc.,2022-07-25,2022-07-29,4,up,flat,0.1810138352804577,0.6199111278888644,0.19907503683067782,0.19907503683067782,-0.42083609105818653,False,False
Alphabet Inc.,2022-07-26,2022-08-01,4,up,flat,0.19016959547062665,0.6131456556205926,0.19668474890878068,0.19668474890878068,-0.41646090671181196,False,False
Alphabet Inc.,2022-07-27,2022-08-02,4,up,flat,0.17142092326492625,0.5873868033827572,0.24119227335231627,0.24119227335231627,-0.3461945300304409,False,False
Alphabet Inc.,2022-07-28,2022-08-03,4,up,flat,0.22044778081871483,0.6206184744555632,0.15893374472572178,0.22044778081871483,-0.4001706936368483,False,False
Alphabet Inc.,2022-07-29,2022-08-04,4,up,flat,0.2854067780506153,0.5471281799446819,0.1674650420047026,0.2854067780506153,-0.26172140189406656,False,False
Alphabet Inc.,2022-08-01,2022-08-05,4,flat,flat,0.24643270664500838,0.5904831664268613,0.16308412692813012,0.24643270664500838,-0.3440504597818529,False,True
Alphabet Inc.,2022-08-02,2022-08-08,4,up,flat,0.2177482775634167,0.6051432440165638,0.17710847842001923,0.2177482775634167,-0.38739496645314714,False,False
Alphabet Inc.,2022-08-03,2022-08-09,4,flat,flat,0.1910790056870123,0.5793645380452879,0.22955645626769955,0.22955645626769955,-0.3498080817775883,False,True
Alphabet Inc.,2022-08-04,2022-08-10,4,flat,flat,0.19041604230855286,0.6268641542923177,0.18271980339912908,0.19041604230855286,-0.4364481119837648,False,True
Alphabet Inc.,2022-08-05,2022-08-11,4,up,flat,0.234066318308403,0.5793745142281235,0.18655916746347323,0.234066318308403,-0.3453081959197205,False,False
Alphabet Inc.,2022-08-08,2022-08-12,4,flat,flat,0.22873763660557966,0.5632719660921512,0.20799039730226876,0.22873763660557966,-0.3345343294865716,False,True
Alphabet Inc.,2022-08-09,2022-08-15,4,up,flat,0.23430176635383687,0.5548853952946782,0.21081283835148465,0.23430176635383687,-0.3205836289408413,False,False
Alphabet Inc.,2022-08-10,2022-08-16,4,flat,flat,0.22232668529564076,0.5316860157467682,0.24598729895759075,0.24598729895759075,-0.28569871678917746,False,True
Alphabet Inc.,2022-08-11,2022-08-17,4,flat,flat,0.21912836877994007,0.5599391234581983,0.22093250776186152,0.22093250776186152,-0.3390066156963368,False,True
Alphabet Inc.,2022-08-12,2022-08-18,4,flat,flat,0.23051828307507688,0.5441098812609935,0.2253718356639295,0.23051828307507688,-0.3135915981859166,False,True
Alphabet Inc.,2022-08-15,2022-08-19,4,down,flat,0.22813178256603273,0.5118912351513311,0.2599769822826361,0.2599769822826361,-0.25191425286869495,False,False
Alphabet Inc.,2022-08-16,2022-08-22,4,down,flat,0.21692110015010121,0.4769495513527514,0.3061293484971471,0.3061293484971471,-0.1708202028556043,False,False
Alphabet Inc.,2022-08-17,2022-08-23,4,down,flat,0.2303067527414212,0.40965187260421776,0.36004137465436103,0.36004137465436103,-0.049610497949856724,False,False
Alphabet Inc.,2022-08-18,2022-08-24,4,down,flat,0.19672335897163737,0.42951953515113517,0.37375710587722744,0.37375710587722744,-0.05576242927390773,False,False
Alphabet Inc.,2022-08-19,2022-08-25,4,down,flat,0.2121690891696501,0.4070220241058302,0.38080888672451974,0.38080888672451974,-0.02621313738131048,False,False
Alphabet Inc.,2022-08-22,2022-08-26,4,down,flat,0.21127193316273374,0.41200997219523516,0.37671809464203093,0.37671809464203093,-0.03529187755320423,False,False
Alphabet Inc.,2022-08-23,2022-08-29,4,down,up,0.15082130858693646,0.385357362966818,0.4638213284462456,0.4638213284462456,0.07846396547942758,True,False
Alphabet Inc.,2022-08-24,2022-08-30,4,down,up,0.16550774037339366,0.352935357238053,0.48155690238855325,0.48155690238855325,0.12862154515050023,True,False
Alphabet Inc.,2022-08-25,2022-08-31,4,down,up,0.15667447319797811,0.3577957058615272,0.48552982094049457,0.48552982094049457,0.12773411507896737,True,False
Alphabet Inc.,2022-08-26,2022-09-01,4,down,flat,0.27518483663006044,0.36901169360806996,0.35580346976186944,0.35580346976186944,-0.013208223846200517,False,False
Alphabet Inc.,2022-08-29,2022-09-02,4,flat,flat,0.21725305243611148,0.39904605602405735,0.3837008915398311,0.3837008915398311,-0.015345164484226237,False,True
Alphabet Inc.,2022-08-30,2022-09-06,4,down,up,0.1609523258866397,0.4068450940050353,0.4322025801083248,0.4322025801083248,0.025357486103289473,True,False
Alphabet Inc.,2022-08-31,2022-09-07,4,flat,flat,0.18080606598058338,0.4485132144014788,0.3706807196179376,0.3706807196179376,-0.0778324947835412,False,True
Alphabet Inc.,2022-09-01,2022-09-08,4,flat,flat,0.17280517770037127,0.4778092674411515,0.3493855548584772,0.3493855548584772,-0.12842371258267427,False,True
Alphabet Inc.,2022-09-02,2022-09-09,4,flat,flat,0.19882670346118414,0.5100146903192873,0.2911586062195286,0.2911586062195286,-0.21885608409975865,False,True
Alphabet Inc.,2022-09-06,2022-09-12,4,up,flat,0.23671476237703526,0.4978886241311945,0.2653966134917702,0.2653966134917702,-0.23249201063942432,False,False
Alphabet Inc.,2022-09-07,2022-09-13,4,down,flat,0.2027747230691871,0.4789491839623112,0.3182760929685015,0.3182760929685015,-0.16067309099380966,False,False
Alphabet Inc.,2022-09-08,2022-09-14,4,down,flat,0.19581920409645964,0.5481221117967803,0.25605868410675997,0.25605868410675997,-0.2920634276900203,False,False
Alphabet Inc.,2022-09-09,2022-09-15,4,down,flat,0.20144822841897003,0.486735252152774,0.31181651942825583,0.31181651942825583,-0.1749187327245182,False,False
Alphabet Inc.,2022-09-12,2022-09-16,4,down,flat,0.1938452412662018,0.5240072681546013,0.2821474905791968,0.2821474905791968,-0.2418597775754045,False,False
Alphabet Inc.,2022-09-13,2022-09-19,4,down,flat,0.3250464559437558,0.4847206277621489,0.19023291629409506,0.3250464559437558,-0.1596741718183931,False,False
Alphabet Inc.,2022-09-14,2022-09-20,4,down,flat,0.18410220866385146,0.5674101232642097,0.24848766807193884,0.24848766807193884,-0.31892245519227086,False,False
Alphabet Inc.,2022-09-15,2022-09-21,4,down,flat,0.17967796725635873,0.5573441276633754,0.26297790508026586,0.26297790508026586,-0.2943662225831095,False,False
Alphabet Inc.,2022-09-16,2022-09-22,4,down,flat,0.2324056642161359,0.47691826302492035,0.2906760727589437,0.2906760727589437,-0.18624219026597666,False,False
Alphabet Inc.,2022-09-19,2022-09-23,4,down,flat,0.17164925611050547,0.5616743052031012,0.26667643868639346,0.26667643868639346,-0.2949978665167078,False,False
Alphabet Inc.,2022-09-20,2022-09-26,4,down,flat,0.20705623065313183,0.5213432599620373,0.2716005093848309,0.2716005093848309,-0.24974275057720646,False,False
Alphabet Inc.,2022-09-21,2022-09-27,4,down,flat,0.2107786785491954,0.5141854578208134,0.2750358636299912,0.2750358636299912,-0.23914959419082216,False,False
Alphabet Inc.,2022-09-22,2022-09-28,4,flat,flat,0.17532392691500914,0.5263918882517005,0.29828418483329044,0.29828418483329044,-0.22810770341841002,False,True
Alphabet Inc.,2022-09-23,2022-09-29,4,flat,flat,0.17759013153479092,0.4972167283411383,0.32519314012407075,0.32519314012407075,-0.17202358821706754,False,True
Alphabet Inc.,2022-09-26,2022-09-30,4,down,flat,0.15370537840457335,0.5184874702512161,0.32780715134421046,0.32780715134421046,-0.19068031890700565,False,False
Alphabet Inc.,2022-09-27,2022-10-03,4,flat,flat,0.17456340800805017,0.4536699159633213,0.37176667602862845,0.37176667602862845,-0.08190323993469284,False,True
Alphabet Inc.,2022-09-28,2022-10-04,4,up,flat,0.17599327466881073,0.4738158968014301,0.35019082852975914,0.35019082852975914,-0.12362506827167097,False,False
Alphabet Inc.,2022-09-29,2022-10-05,4,up,flat,0.19825562728672924,0.512074863463208,0.28966950925006285,0.28966950925006285,-0.2224053542131451,False,False
Alphabet Inc.,2022-09-30,2022-10-06,4,up,flat,0.21314419105989502,0.481291875311593,0.3055639336285119,0.3055639336285119,-0.1757279416830811,False,False
Alphabet Inc.,2022-10-03,2022-10-07,4,flat,flat,0.1657306803020689,0.4549668621994171,0.379302457498514,0.379302457498514,-0.07566440470090313,False,True
Alphabet Inc.,2022-10-04,2022-10-10,4,down,flat,0.1525078491069774,0.5063659611437017,0.34112618974932074,0.34112618974932074,-0.16523977139438095,False,False
Alphabet Inc.,2022-10-05,2022-10-11,4,down,flat,0.22526643988699901,0.5198770361575746,0.25485652395542624,0.25485652395542624,-0.2650205122021484,False,False
Alphabet Inc.,2022-10-06,2022-10-12,4,down,flat,0.19090232023074755,0.5281202189955679,0.28097746077368435,0.28097746077368435,-0.24714275822188359,False,False
Alphabet Inc.,2022-10-07,2022-10-13,4,down,flat,0.22263528624074735,0.4987943132119037,0.27857040054734894,0.27857040054734894,-0.22022391266455477,False,False
Alphabet Inc.,2022-10-10,2022-10-14,4,flat,flat,0.16021999310772905,0.547637559941333,0.2921424469509378,0.2921424469509378,-0.25549511299039523,False,True
Alphabet Inc.,2022-10-11,2022-10-17,4,flat,flat,0.16174387006843322,0.5026766617797932,0.3355794681517734,0.3355794681517734,-0.16709719362801978,False,True
Alphabet Inc.,2022-10-12,2022-10-18,4,up,flat,0.15127008000289824,0.530594668494127,0.3181352515029747,0.3181352515029747,-0.21245941699115223,False,False
Alphabet Inc.,2022-10-13,2022-10-19,4,up,flat,0.23320929478576335,0.47690385664934065,0.2898868485648958,0.2898868485648958,-0.18701700808444482,False,False
Alphabet Inc.,2022-10-14,2022-10-20,4,flat,flat,0.18771481811111168,0.48574327358910097,0.32654190829978713,0.32654190829978713,-0.15920136528931383,False,True
Alphabet Inc.,2022-10-17,2022-10-21,4,flat,flat,0.21201179345548557,0.46319165230489756,0.3247965542396168,0.3247965542396168,-0.13839509806528077,False,True
Alphabet Inc.,2022-10-18,2022-10-24,4,flat,flat,0.21907003494873695,0.49133631413452045,0.28959365091674244,0.28959365091674244,-0.201742663217778,False,True
Alphabet Inc.,2022-10-19,2022-10-25,4,up,flat,0.2536013447640102,0.4860762047018491,0.2603224505341407,0.2603224505341407,-0.22575375416770838,False,False
Alphabet Inc.,2022-10-20,2022-10-26,4,down,flat,0.1922290329245395,0.4950034839909747,0.31276748308448565,0.31276748308448565,-0.18223600090648906,False,False
Alphabet Inc.,2022-10-21,2022-10-27,4,down,flat,0.19145864266985638,0.5172763790552259,0.2912649782749176,0.2912649782749176,-0.22601140078030835,False,False
Alphabet Inc.,2022-10-24,2022-10-28,4,down,flat,0.14635282255422694,0.513353899511323,0.3402932779344499,0.3402932779344499,-0.17306062157687313,False,False
Alphabet Inc.,2022-10-25,2022-10-31,4,down,flat,0.20525638775544755,0.4613797723415571,0.33336383990299523,0.33336383990299523,-0.12801593243856185,False,False
Alphabet Inc.,2022-10-26,2022-11-01,4,down,down,0.4237995630450927,0.41232464789379497,0.16387578906111222,0.4237995630450927,0.011474915151297727,True,True
Alphabet Inc.,2022-10-27,2022-11-02,4,down,flat,0.24401362164048668,0.5543474413516295,0.2016389370078837,0.24401362164048668,-0.3103338197111428,False,False
Alphabet Inc.,2022-10-28,2022-11-03,4,down,flat,0.141388677483329,0.6151212166155822,0.24349010590108872,0.24349010590108872,-0.37163111071449345,False,False
Alphabet Inc.,2022-10-31,2022-11-04,4,down,flat,0.13031402794531705,0.618176083425456,0.25150988862922674,0.25150988862922674,-0.3666661947962293,False,False
Alphabet Inc.,2022-11-01,2022-11-07,4,down,flat,0.27096358415601507,0.5147722667478921,0.21426414909609276,0.27096358415601507,-0.24380868259187705,False,False
Alphabet Inc.,2022-11-02,2022-11-08,4,flat,flat,0.35539673844015085,0.4728692906026979,0.17173397095715112,0.35539673844015085,-0.11747255216254704,False,True
Alphabet Inc.,2022-11-03,2022-11-09,4,up,flat,0.30923488437687574,0.5038666419553106,0.18689847366781356,0.30923488437687574,-0.19463175757843487,False,False
Alphabet Inc.,2022-11-04,2022-11-10,4,up,flat,0.16708730115947157,0.5664420885471299,0.2664706102933985,0.2664706102933985,-0.2999714782537313,False,False
Alphabet Inc.,2022-11-07,2022-11-11,4,up,flat,0.1410364855259803,0.6079060782568455,0.251057436217174,0.251057436217174,-0.3568486420396715,False,False
Alphabet Inc.,2022-11-08,2022-11-14,4,up,flat,0.18355713191955667,0.5947325543846909,0.22171031369575228,0.22171031369575228,-0.3730222406889386,False,False
Alphabet Inc.,2022-11-09,2022-11-15,4,up,flat,0.25761109485324674,0.5598976446061087,0.18249126054064435,0.25761109485324674,-0.30228654975286195,False,False
Alphabet Inc.,2022-11-10,2022-11-16,4,up,flat,0.154648667778496,0.6238506030546347,0.2215007291668692,0.2215007291668692,-0.4023498738877655,False,False
Alphabet Inc.,2022-11-11,2022-11-17,4,flat,flat,0.15962724166507458,0.6784816129888622,0.16189114534606303,0.16189114534606303,-0.5165904676427993,False,True
Alphabet Inc.,2022-11-14,2022-11-18,4,flat,flat,0.17061213649749601,0.6846112363716552,0.1447766271308486,0.17061213649749601,-0.5139990998741593,False,True
Alphabet Inc.,2022-11-15,2022-11-21,4,flat,flat,0.13258134950937758,0.6799320687796058,0.1874865817110164,0.1874865817110164,-0.49244548706858937,False,True
Alphabet Inc.,2022-11-16,2022-11-22,4,down,flat,0.15812516788787961,0.6949095895966665,0.1469652425154538,0.15812516788787961,-0.5367844217087869,False,False
Alphabet Inc.,2022-11-17,2022-11-23,4,flat,flat,0.14500293941456993,0.6875891237443386,0.16740793684109143,0.16740793684109143,-0.5201811869032471,False,True
Alphabet Inc.,2022-11-18,2022-11-25,4,flat,flat,0.12586129986178934,0.6790531261311572,0.1950855740070533,0.1950855740070533,-0.4839675521241039,False,True
Alphabet Inc.,2022-11-21,2022-11-28,4,flat,flat,0.13094813334014654,0.6806805674239269,0.18837129923592638,0.18837129923592638,-0.4923092681880005,False,True
Alphabet Inc.,2022-11-22,2022-11-29,4,flat,flat,0.12362889828277335,0.6416632925693737,0.23470780914785272,0.23470780914785272,-0.406955483421521,False,True
Alphabet Inc.,2022-11-23,2022-11-30,4,flat,flat,0.13326619045090854,0.5915057071863534,0.27522810236273776,0.27522810236273776,-0.31627760482361567,False,True
Alphabet Inc.,2022-11-25,2022-12-01,4,up,flat,0.18868210761921533,0.5666624433247252,0.2446554490560594,0.2446554490560594,-0.32200699426866575,False,False
Alphabet Inc.,2022-11-28,2022-12-02,4,up,flat,0.23148702368462748,0.5059447925102474,0.26256818380512503,0.26256818380512503,-0.24337660870512234,False,False
Alphabet Inc.,2022-11-29,2022-12-05,4,up,flat,0.18525472289695125,0.5260249085436632,0.2887203685593853,0.2887203685593853,-0.23730453998427792,False,False
Alphabet Inc.,2022-11-30,2022-12-06,4,flat,flat,0.16943160173768568,0.5267472636354305,0.3038211346268838,0.3038211346268838,-0.22292612900854664,False,True
Alphabet Inc.,2022-12-01,2022-12-07,4,down,flat,0.16736300793022066,0.5343545799743108,0.29828241209546846,0.29828241209546846,-0.23607216787884233,False,False
Alphabet Inc.,2022-12-02,2022-12-08,4,down,flat,0.30334474436561604,0.45160511571302564,0.24505013992135824,0.30334474436561604,-0.1482603713474096,False,False
Alphabet Inc.,2022-12-05,2022-12-09,4,down,flat,0.25826984094371375,0.47632008851678076,0.2654100705395054,0.2654100705395054,-0.21091001797727538,False,False
Alphabet Inc.,2022-12-06,2022-12-12,4,down,flat,0.21590840229867747,0.5099607825144882,0.2741308151868343,0.2741308151868343,-0.23582996732765388,False,False
Alphabet Inc.,2022-12-07,2022-12-13,4,flat,flat,0.18014471212620045,0.4969993608799549,0.3228559269938446,0.3228559269938446,-0.1741434338861103,False,True
Alphabet Inc.,2022-12-08,2022-12-14,4,flat,flat,0.15394934468633653,0.494265014684305,0.35178564062935835,0.35178564062935835,-0.14247937405494665,False,True
Alphabet Inc.,2022-12-09,2022-12-15,4,flat,flat,0.18135909218017704,0.4469907483515328,0.37165015946829016,0.37165015946829016,-0.07534058888324263,False,True
Alphabet Inc.,2022-12-12,2022-12-16,4,down,up,0.20848054126131657,0.394814454104615,0.39670500463406844,0.39670500463406844,0.0018905505294534164,True,False
Alphabet Inc.,2022-12-13,2022-12-19,4,down,up,0.17214354890291053,0.39819062648759307,0.4296658246094963,0.4296658246094963,0.03147519812190325,True,False
Alphabet Inc.,2022-12-14,2022-12-20,4,down,flat,0.2621656289321047,0.45033517913727367,0.28749919193062157,0.28749919193062157,-0.1628359872066521,False,False
Alphabet Inc.,2022-12-15,2022-12-21,4,down,flat,0.2829578062600756,0.47893708557997394,0.23810510815995045,0.2829578062600756,-0.19597927931989834,False,False
Alphabet Inc.,2022-12-16,2022-12-22,4,down,flat,0.23968081027767676,0.4626370791374947,0.2976821105848285,0.2976821105848285,-0.16495496855266617,False,False
Alphabet Inc.,2022-12-19,2022-12-23,4,flat,flat,0.16324677350251884,0.5298906174119278,0.3068626090855533,0.3068626090855533,-0.22302800832637448,False,True
Alphabet Inc.,2022-12-20,2022-12-27,4,flat,flat,0.19587660838101878,0.46370819248638845,0.34041519913259277,0.34041519913259277,-0.12329299335379568,False,True
Alphabet Inc.,2022-12-21,2022-12-28,4,down,flat,0.17755108495204158,0.4806626295550872,0.3417862854928711,0.3417862854928711,-0.1388763440622161,False,False
Alphabet Inc.,2022-12-22,2022-12-29,4,flat,flat,0.26308574571164534,0.4332742576492922,0.30363999663906244,0.30363999663906244,-0.1296342610102298,False,True
Alphabet Inc.,2022-12-23,2022-12-30,4,flat,flat,0.21693638299232265,0.4684905412167506,0.3145730757909266,0.3145730757909266,-0.15391746542582402,False,True
Alphabet Inc.,2022-12-27,2023-01-03,4,flat,flat,0.23214538688256425,0.4313857694634635,0.33646884365397234,0.33646884365397234,-0.09491692580949118,False,True
Alphabet Inc.,2022-12-28,2023-01-04,4,up,flat,0.24993858986493195,0.4198499768579334,0.33021143327713465,0.33021143327713465,-0.08963854358079876,False,False
Alphabet Inc.,2022-12-29,2023-01-05,4,flat,flat,0.1691521438810206,0.4541627451664706,0.3766851109525088,0.3766851109525088,-0.07747763421396181,False,True
Alphabet Inc.,2022-12-30,2023-01-06,4,flat,flat,0.23549228632905175,0.41299693041252383,0.35151078325842433,0.35151078325842433,-0.0614861471540995,False,True
Alphabet Inc.,2023-01-03,2023-01-09,4,flat,flat,0.18732708954357896,0.4098020758913723,0.4028708345650488,0.4028708345650488,-0.006931241326323501,False,True
Alphabet Inc.,2023-01-04,2023-01-10,4,down,up,0.3005001730072624,0.3130017856951358,0.3864980412976017,0.3864980412976017,0.07349625560246587,True,False
Alphabet Inc.,2023-01-05,2023-01-11,4,up,flat,0.29939041662248644,0.37627718231707263,0.3243324010604409,0.3243324010604409,-0.05194478125663171,False,False
Alphabet Inc.,2023-01-06,2023-01-12,4,up,up,0.2183406413922393,0.39010907451395016,0.39155028409381054,0.39155028409381054,0.0014412095798603808,True,True
Alphabet Inc.,2023-01-09,2023-01-13,4,up,up,0.1637272873037457,0.4003286979674111,0.43594401472884337,0.43594401472884337,0.03561531676143226,True,True
Alphabet Inc.,2023-01-10,2023-01-17,4,up,flat,0.27763778021236707,0.3701767631742825,0.3521854566133504,0.3521854566133504,-0.01799130656093212,False,False
Alphabet Inc.,2023-01-11,2023-01-18,4,flat,up,0.17952850581266014,0.36724709101501907,0.4532244031723208,0.4532244031723208,0.08597731215730176,True,False
Alphabet Inc.,2023-01-12,2023-01-19,4,flat,flat,0.2734232146879675,0.36916604944379383,0.35741073586823885,0.35741073586823885,-0.011755313575554982,False,True
Alphabet Inc.,2023-01-13,2023-01-20,4,up,flat,0.3397951111088926,0.3721407271944219,0.28806416169668553,0.3397951111088926,-0.03234561608552933,False,False
Alphabet Inc.,2023-01-17,2023-01-23,4,up,up,0.3198310831859753,0.33680085977257207,0.3433680570414526,0.3433680570414526,0.0065671972688805536,True,True
Alphabet Inc.,2023-01-18,2023-01-24,4,up,flat,0.27060204291536527,0.4022632593365245,0.3271346977481102,0.3271346977481102,-0.0751285615884143,False,False
Alphabet Inc.,2023-01-19,2023-01-25,4,up,up,0.25715273892270285,0.3373453281010265,0.4055019329762706,0.4055019329762706,0.06815660487524405,True,True
Alphabet Inc.,2023-01-20,2023-01-26,4,flat,up,0.2192662070662441,0.367167862803476,0.4135659301302799,0.4135659301302799,0.046398067326803905,True,False
Alphabet Inc.,2023-01-23,2023-01-27,4,flat,flat,0.2899914968185773,0.4618738296526781,0.24813467352874463,0.2899914968185773,-0.17188233283410081,False,True
Alphabet Inc.,2023-01-24,2023-01-30,4,flat,flat,0.352253619335599,0.42939566339926627,0.21835071726513466,0.352253619335599,-0.07714204406366726,False,True
Alphabet Inc.,2023-01-25,2023-01-31,4,flat,flat,0.2919118083863361,0.4502094965969779,0.257878695016686,0.2919118083863361,-0.15829768821064177,False,True
Alphabet Inc.,2023-01-26,2023-02-01,4,flat,flat,0.14868368350931024,0.5548439580160833,0.2964723584746063,0.2964723584746063,-0.25837159954147704,False,True
Alphabet Inc.,2023-01-27,2023-02-02,4,up,flat,0.15193123799674477,0.5146760834335871,0.33339267856966814,0.33339267856966814,-0.18128340486391892,False,False
Alphabet Inc.,2023-01-30,2023-02-03,4,up,flat,0.21029161922705067,0.5076999320964795,0.2820084486764697,0.2820084486764697,-0.22569148342000978,False,False
Alphabet Inc.,2023-01-31,2023-02-06,4,up,flat,0.19121010654944515,0.5278346654306836,0.28095522801987116,0.28095522801987116,-0.24687943741081242,False,False
Alphabet Inc.,2023-02-01,2023-02-07,4,up,flat,0.2022473826242508,0.4860459262559705,0.3117066911197786,0.3117066911197786,-0.17433923513619187,False,False
Alphabet Inc.,2023-02-02,2023-02-08,4,down,flat,0.1722717673318931,0.6006153419039458,0.2271128907641608,0.2271128907641608,-0.37350245113978503,False,False
Alphabet Inc.,2023-02-03,2023-02-09,4,down,flat,0.31236815863962697,0.5592791530018231,0.12835268835854982,0.31236815863962697,-0.2469109943621961,False,False
Alphabet Inc.,2023-02-06,2023-02-10,4,down,flat,0.226641628590472,0.6401834179086282,0.1331749535008996,0.226641628590472,-0.4135417893181562,False,False
Alphabet Inc.,2023-02-07,2023-02-13,4,down,flat,0.19937697838996904,0.6140160295353839,0.1866069920746469,0.19937697838996904,-0.4146390511454149,False,False
Alphabet Inc.,2023-02-08,2023-02-14,4,down,flat,0.3028466433607586,0.535327087096783,0.16182626954245838,0.3028466433607586,-0.2324804437360244,False,False
Alphabet Inc.,2023-02-09,2023-02-15,4,flat,flat,0.26786907934041854,0.5700382525155383,0.16209266814404294,0.26786907934041854,-0.30216917317511977,False,True
Alphabet Inc.,2023-02-10,2023-02-16,4,flat,flat,0.1907918202805026,0.6537925767866912,0.1554156029328061,0.1907918202805026,-0.46300075650618866,False,True
Alphabet Inc.,2023-02-13,2023-02-17,4,flat,flat,0.17384999677903495,0.6455707405471123,0.18057926267385263,0.18057926267385263,-0.4649914778732597,False,True
Alphabet Inc.,2023-02-14,2023-02-21,4,flat,flat,0.18804255640086692,0.5950361068194661,0.21692133677966677,0.21692133677966677,-0.3781147700397993,False,True
Alphabet Inc.,2023-02-15,2023-02-22,4,down,flat,0.1671839639953345,0.6146329543427473,0.21818308166191788,0.21818308166191788,-0.39644987268082943,False,False
Alphabet Inc.,2023-02-16,2023-02-23,4,down,flat,0.1960604002551526,0.6150429272332265,0.1888966725116208,0.1960604002551526,-0.4189825269780739,False,False
Alphabet Inc.,2023-02-17,2023-02-24,4,down,flat,0.20599451273948,0.6203317389890205,0.17367374827149942,0.20599451273948,-0.4143372262495405,False,False
Alphabet Inc.,2023-02-21,2023-02-27,4,down,flat,0.1795499674403318,0.6160705107850195,0.20437952177464846,0.20437952177464846,-0.41169098901037104,False,False
Alphabet Inc.,2023-02-22,2023-02-28,4,flat,flat,0.15944855616773682,0.6142303803753038,0.2263210634569593,0.2263210634569593,-0.38790931691834446,False,True
Alphabet Inc.,2023-02-23,2023-03-01,4,flat,flat,0.1476328495932129,0.6140674399625866,0.23829971044420042,0.23829971044420042,-0.3757677295183862,False,True
Alphabet Inc.,2023-02-24,2023-03-02,4,flat,flat,0.1707010755495605,0.5954320739526415,0.23386685049779787,0.23386685049779787,-0.36156522345484365,False,True
Alphabet Inc.,2023-02-27,2023-03-03,4,up,flat,0.13867459082119998,0.6094719585188559,0.2518534506599438,0.2518534506599438,-0.35761850785891214,False,False
Alphabet Inc.,2023-02-28,2023-03-06,4,up,flat,0.17752042364149315,0.5714603289225653,0.2510192474359413,0.2510192474359413,-0.320441081486624,False,False
Alphabet Inc.,2023-03-01,2023-03-07,4,up,flat,0.1890103712364769,0.5125968572075748,0.2983927715559483,0.2983927715559483,-0.21420408565162646,False,False
Alphabet Inc.,2023-03-02,2023-03-08,4,up,flat,0.1565752516162281,0.5004754907685387,0.342949257615233,0.342949257615233,-0.15752623315330572,False,False
Alphabet Inc.,2023-03-03,2023-03-09,4,flat,flat,0.18256355369579363,0.4175488121071768,0.39988763419702955,0.39988763419702955,-0.017661177910147263,False,True
Alphabet Inc.,2023-03-06,2023-03-10,4,down,flat,0.22665696069239008,0.4478116593914371,0.32553137991617276,0.32553137991617276,-0.12228027947526432,False,False
Alphabet Inc.,2023-03-07,2023-03-13,4,down,flat,0.2899020513735504,0.4380841207759064,0.272013827850543,0.2899020513735504,-0.148182069402356,False,False
Alphabet Inc.,2023-03-08,2023-03-14,4,flat,flat,0.2573753295082332,0.42732696052664976,0.31529770996511697,0.31529770996511697,-0.11202925056153279,False,True
Alphabet Inc.,2023-03-09,2023-03-15,4,flat,flat,0.22679487682196492,0.3946398403974605,0.37856528278057466,0.37856528278057466,-0.01607455761688581,False,True
Alphabet Inc.,2023-03-10,2023-03-16,4,up,up,0.2077117812981045,0.37105696434355195,0.42123125435834363,0.42123125435834363,0.05017429001479168,True,True
Alphabet Inc.,2023-03-13,2023-03-17,4,up,up,0.18717011994536287,0.3650438102735538,0.4477860697810833,0.4477860697810833,0.0827422595075295,True,True
Alphabet Inc.,2023-03-14,2023-03-20,4,up,up,0.15182869445357017,0.3404251685581719,0.507746136988258,0.507746136988258,0.1673209684300861,True,True
Alphabet Inc.,2023-03-15,2023-03-21,4,up,up,0.24761209347254792,0.3209756765684646,0.4314122299589875,0.4314122299589875,0.11043655339052288,True,True
Alphabet Inc.,2023-03-16,2023-03-22,4,up,up,0.256375663233798,0.347106277967374,0.39651805879882795,0.39651805879882795,0.04941178083145398,True,True
Alphabet Inc.,2023-03-17,2023-03-23,4,up,flat,0.324810417145864,0.3836049553127129,0.29158462754142306,0.324810417145864,-0.058794538166848875,False,False
Alphabet Inc.,2023-03-20,2023-03-24,4,up,flat,0.31772214601916954,0.5022261270874324,0.18005172689339793,0.31772214601916954,-0.18450398106826288,False,False
Alphabet Inc.,2023-03-21,2023-03-27,4,flat,flat,0.20950012045806093,0.538652449076251,0.251847430465688,0.251847430465688,-0.28680501861056296,False,True
Alphabet Inc.,2023-03-22,2023-03-28,4,down,flat,0.20990997614678353,0.583502260925659,0.20658776292755732,0.20990997614678353,-0.3735922847788755,False,False
Alphabet Inc.,2023-03-23,2023-03-29,4,down,flat,0.22718028181301217,0.5689733916995028,0.20384632648748496,0.22718028181301217,-0.3417931098864906,False,False
Alphabet Inc.,2023-03-24,2023-03-30,4,down,flat,0.26023306058046725,0.5887226476549604,0.15104429176457207,0.26023306058046725,-0.32848958707449316,False,False
Alphabet Inc.,2023-03-27,2023-03-31,4,flat,flat,0.24656634551329637,0.5785372670381574,0.17489638744854602,0.24656634551329637,-0.3319709215248611,False,True
Alphabet Inc.,2023-03-28,2023-04-03,4,flat,flat,0.2187854198862622,0.5756222363676318,0.205592343746106,0.2187854198862622,-0.35683681648136956,False,True
Alphabet Inc.,2023-03-29,2023-04-04,4,up,flat,0.18793962913942025,0.5879508817793007,0.22410948908127895,0.22410948908127895,-0.36384139269802174,False,False
Alphabet Inc.,2023-03-30,2023-04-05,4,up,flat,0.1959427791851766,0.5835935034989912,0.22046371731583203,0.22046371731583203,-0.36312978618315916,False,False
Alphabet Inc.,2023-03-31,2023-04-06,4,up,flat,0.2107506736737122,0.5353204053424239,0.25392892098386366,0.25392892098386366,-0.2813914843585602,False,False
Alphabet Inc.,2023-04-03,2023-04-10,4,up,flat,0.21149135528417023,0.5542990704187767,0.2342095742970529,0.2342095742970529,-0.32008949612172377,False,False
Alphabet Inc.,2023-04-04,2023-04-11,4,flat,flat,0.24406156357385844,0.5064258797663903,0.2495125566597512,0.2495125566597512,-0.2569133231066391,False,True
Alphabet Inc.,2023-04-05,2023-04-12,4,flat,flat,0.25061621911887777,0.5157854284713421,0.2335983524097801,0.25061621911887777,-0.26516920935246435,False,True
Alphabet Inc.,2023-04-06,2023-04-13,4,flat,flat,0.25009136738130594,0.46156321455248733,0.2883454180662066,0.2883454180662066,-0.17321779648628072,False,True
Alphabet Inc.,2023-04-10,2023-04-14,4,flat,flat,0.26309317026843526,0.5406153876140358,0.19629144211752864,0.26309317026843526,-0.27752221734560056,False,True
Alphabet Inc.,2023-04-11,2023-04-17,4,flat,flat,0.2552726640268045,0.5132043640478607,0.23152297192533441,0.2552726640268045,-0.25793170002105625,False,True
Alphabet Inc.,2023-04-12,2023-04-18,4,flat,flat,0.22989962916680612,0.514420815773796,0.25567955505939777,0.25567955505939777,-0.2587412607143982,False,True
Alphabet Inc.,2023-04-13,2023-04-19,4,down,flat,0.21200121827316368,0.519416243155392,0.268582538571444,0.268582538571444,-0.25083370458394805,False,False
Alphabet Inc.,2023-04-14,2023-04-20,4,down,flat,0.25905220588316913,0.4893559184128727,0.2515918757039579,0.25905220588316913,-0.23030371252970355,False,False
Alphabet Inc.,2023-04-17,2023-04-21,4,flat,flat,0.28069535312920463,0.4956758016202596,0.22362884525053564,0.28069535312920463,-0.21498044849105497,False,True
Alphabet Inc.,2023-04-18,2023-04-24,4,flat,flat,0.19645670362340345,0.5413493488735122,0.26219394750308417,0.26219394750308417,-0.279155401370428,False,True
Alphabet Inc.,2023-04-19,2023-04-25,4,flat,flat,0.20343954883309834,0.5467358244298641,0.24982462673703743,0.24982462673703743,-0.2969111976928267,False,True
Alphabet Inc.,2023-04-20,2023-04-26,4,flat,flat,0.18704957891994,0.5085518409049862,0.3043985801750737,0.3043985801750737,-0.20415326072991247,False,True
Alphabet Inc.,2023-04-21,2023-04-27,4,flat,flat,0.19431668907983307,0.5141412117070908,0.29154209921307606,0.29154209921307606,-0.22259911249401476,False,True
Alphabet Inc.,2023-04-24,2023-04-28,4,flat,flat,0.2131513291475126,0.5046644661990294,0.28218420465345806,0.28218420465345806,-0.22248026154557132,False,True
Alphabet Inc.,2023-04-25,2023-05-01,4,flat,flat,0.25085054232679,0.5013682661264544,0.24778119154675562,0.25085054232679,-0.25051772379966436,False,True
Alphabet Inc.,2023-04-26,2023-05-02,4,flat,flat,0.24751631079415365,0.5139658229425331,0.238517866263313,0.24751631079415365,-0.2664495121483795,False,True
Alphabet Inc.,2023-04-27,2023-05-03,4,flat,flat,0.21542827574808746,0.5127144492532508,0.2718572749986615,0.2718572749986615,-0.2408571742545893,False,True
Alphabet Inc.,2023-04-28,2023-05-04,4,down,flat,0.21657514524246874,0.49089024366578327,0.29253461109174805,0.29253461109174805,-0.1983556325740352,False,False
Alphabet Inc.,2023-05-01,2023-05-05,4,down,flat,0.22347518601417304,0.5057692779091574,0.2707555360766696,0.2707555360766696,-0.2350137418324878,False,False
Alphabet Inc.,2023-05-02,2023-05-08,4,flat,flat,0.24686854376412448,0.5245793983757467,0.22855205786012886,0.24686854376412448,-0.27771085461162226,False,True
Alphabet Inc.,2023-05-03,2023-05-09,4,up,flat,0.1989716125958817,0.5054606742871669,0.2955677131169513,0.2955677131169513,-0.2098929611702156,False,False
Alphabet Inc.,2023-05-04,2023-05-10,4,up,flat,0.19755095337820877,0.5168498115384798,0.2855992350833114,0.2855992350833114,-0.23125057645516833,False,False
Alphabet Inc.,2023-05-05,2023-05-11,4,up,flat,0.17808602486978914,0.472357752858763,0.3495562222714478,0.3495562222714478,-0.12280153058731524,False,False
Alphabet Inc.,2023-05-08,2023-05-12,4,up,flat,0.18046628073884624,0.4558905441596664,0.36364317510148736,0.36364317510148736,-0.09224736905817904,False,False
Alphabet Inc.,2023-05-09,2023-05-15,4,up,flat,0.23122650481775892,0.41649538513493956,0.35227811004730136,0.35227811004730136,-0.06421727508763819,False,False
Alphabet Inc.,2023-05-10,2023-05-16,4,up,flat,0.3253593831840924,0.4025536724634775,0.27208694435242975,0.3253593831840924,-0.0771942892793851,False,False
Alphabet Inc.,2023-05-11,2023-05-17,4,up,flat,0.30126544801705735,0.45085219460179904,0.24788235738114328,0.30126544801705735,-0.1495867465847417,False,False
Alphabet Inc.,2023-05-12,2023-05-18,4,up,flat,0.34946522620503095,0.5107033450664751,0.13983142872849372,0.34946522620503095,-0.16123811886144412,False,False
Alphabet Inc.,2023-05-15,2023-05-19,4,up,flat,0.292979997688492,0.5572459861883684,0.1497740161231393,0.292979997688492,-0.2642659884998764,False,False
Alphabet Inc.,2023-05-16,2023-05-22,4,up,flat,0.2971860730443173,0.4863107297315763,0.21650319722410613,0.2971860730443173,-0.18912465668725897,False,False
Alphabet Inc.,2023-05-17,2023-05-23,4,up,flat,0.2746517147871746,0.5353378579999364,0.1900104272128889,0.2746517147871746,-0.2606861432127618,False,False
Alphabet Inc.,2023-05-18,2023-05-24,4,flat,flat,0.3080620229828279,0.508657003961947,0.18328097305522495,0.3080620229828279,-0.2005949809791191,False,True
Alphabet Inc.,2023-05-19,2023-05-25,4,flat,flat,0.35075238169834033,0.46038331316611103,0.1888643051355487,0.35075238169834033,-0.1096309314677707,False,True
Alphabet Inc.,2023-05-22,2023-05-26,4,flat,flat,0.3521794754850147,0.4795976081738059,0.16822291634117925,0.3521794754850147,-0.1274181326887912,False,True
Alphabet Inc.,2023-05-23,2023-05-30,4,flat,flat,0.322783206565463,0.5146621812886183,0.1625546121459184,0.322783206565463,-0.1918789747231553,False,True
Alphabet Inc.,2023-05-24,2023-05-31,4,flat,flat,0.2545466665457997,0.5154158757600475,0.23003745769415251,0.2545466665457997,-0.26086920921424783,False,True
Alphabet Inc.,2023-05-25,2023-06-01,4,flat,flat,0.2362859530127562,0.42651964617032745,0.3371944008169162,0.3371944008169162,-0.08932524535341124,False,True
Alphabet Inc.,2023-05-26,2023-06-02,4,flat,flat,0.24756131802218348,0.5182172523527839,0.2342214296250322,0.24756131802218348,-0.2706559343306004,False,True
Alphabet Inc.,2023-05-30,2023-06-05,4,flat,flat,0.27362339100524047,0.4603924219570503,0.26598418703770904,0.27362339100524047,-0.18676903095180986,False,True
Alphabet Inc.,2023-05-31,2023-06-06,4,up,flat,0.30082465573074496,0.4217327537663507,0.2774425905029041,0.30082465573074496,-0.12090809803560576,False,False
Alphabet Inc.,2023-06-01,2023-06-07,4,flat,flat,0.22536629944459025,0.4624123626966061,0.3122213378588036,0.3122213378588036,-0.1501910248378025,False,True
Alphabet Inc.,2023-06-02,2023-06-08,4,down,flat,0.21087964995769737,0.44406022783304544,0.34506012220925697,0.34506012220925697,-0.09900010562378847,False,False
Alphabet Inc.,2023-06-05,2023-06-09,4,down,flat,0.2581166006903752,0.4211328835559864,0.32075051575363844,0.32075051575363844,-0.10038236780234794,False,False
Alphabet Inc.,2023-06-06,2023-06-12,4,down,flat,0.24096897689492675,0.44161556825966103,0.31741545484541217,0.31741545484541217,-0.12420011341424886,False,False
Alphabet Inc.,2023-06-07,2023-06-13,4,flat,flat,0.27095737400013087,0.46814454980282394,0.26089807619704497,0.27095737400013087,-0.19718717580269307,False,True
Alphabet Inc.,2023-06-08,2023-06-14,4,flat,flat,0.20295101599891457,0.4940285812504307,0.30302040275065456,0.30302040275065456,-0.19100817849977614,False,True
Alphabet Inc.,2023-06-09,2023-06-15,4,flat,flat,0.17928225097462244,0.44806976474029625,0.3726479842850811,0.3726479842850811,-0.07542178045521514,False,True
Alphabet Inc.,2023-06-12,2023-06-16,4,flat,flat,0.19137503543485362,0.43029569562369097,0.3783292689414554,0.3783292689414554,-0.051966426682235556,False,True
Alphabet Inc.,2023-06-13,2023-06-20,4,flat,flat,0.19827130137110283,0.4050244194128493,0.396704279216048,0.396704279216048,-0.008320140196801273,False,True
Alphabet Inc.,2023-06-14,2023-06-21,4,flat,flat,0.25933700726184006,0.392361030716427,0.3483019620217328,0.3483019620217328,-0.04405906869469417,False,True
Alphabet Inc.,2023-06-15,2023-06-22,4,down,up,0.2060825666273425,0.38302738022459,0.4108900531480675,0.4108900531480675,0.027862672923477494,True,False
Alphabet Inc.,2023-06-16,2023-06-23,4,down,flat,0.28720986868399817,0.3913325658788929,0.32145756543710885,0.32145756543710885,-0.06987500044178407,False,False
Alphabet Inc.,2023-06-20,2023-06-26,4,down,flat,0.1995316703096976,0.44449835643493585,0.3559699732553665,0.3559699732553665,-0.08852838317956935,False,False
Alphabet Inc.,2023-06-21,2023-06-27,4,down,flat,0.19955722040262655,0.4222091215359955,0.37823365806137776,0.37823365806137776,-0.043975463474617726,False,False
Alphabet Inc.,2023-06-22,2023-06-28,4,down,flat,0.1861825755571744,0.4628260347032845,0.350991389739541,0.350991389739541,-0.11183464496374346,False,False
Alphabet Inc.,2023-06-23,2023-06-29,4,down,flat,0.2105115319255449,0.4428489572953039,0.3466395107791511,0.3466395107791511,-0.09620944651615276,False,False
Alphabet Inc.,2023-06-26,2023-06-30,4,flat,flat,0.2362849179022254,0.4676709555083147,0.2960441265894598,0.2960441265894598,-0.17162682891885495,False,True
Alphabet Inc.,2023-06-27,2023-07-03,4,flat,flat,0.2528451798326088,0.43830225115743776,0.3088525690099533,0.3088525690099533,-0.12944968214748448,False,True
Alphabet Inc.,2023-06-28,2023-07-05,4,flat,flat,0.21441889399363742,0.40248857479767597,0.38309253120868647,0.38309253120868647,-0.019396043588989498,False,True
Alphabet Inc.,2023-06-29,2023-07-06,4,flat,flat,0.24449176060778832,0.3995429671961853,0.35596527219602625,0.35596527219602625,-0.04357769500015907,False,True
Alphabet Inc.,2023-06-30,2023-07-07,4,flat,flat,0.2470545266260185,0.37924694922472846,0.37369852414925303,0.37369852414925303,-0.005548425075475427,False,True
Alphabet Inc.,2023-07-03,2023-07-10,4,down,flat,0.24752903942505208,0.4151226642244257,0.3373482963505222,0.3373482963505222,-0.07777436787390346,False,False
Alphabet Inc.,2023-07-05,2023-07-11,4,down,flat,0.22814116998352757,0.3990371386083538,0.3728216914081187,0.3728216914081187,-0.02621544720023511,False,False
Alphabet Inc.,2023-07-06,2023-07-12,4,flat,flat,0.22190809682172394,0.4388126891604892,0.3392792140177868,0.3392792140177868,-0.09953347514270239,False,True
Alphabet Inc.,2023-07-07,2023-07-13,4,up,flat,0.2086987962886733,0.43844242418903934,0.35285877952228745,0.35285877952228745,-0.08558364466675189,False,False
Alphabet Inc.,2023-07-10,2023-07-14,4,up,flat,0.2560990441308866,0.4370031957251893,0.30689776014392395,0.30689776014392395,-0.13010543558126536,False,False
Alphabet Inc.,2023-07-11,2023-07-17,4,up,flat,0.22077485396746438,0.4289772207056684,0.3502479253268671,0.3502479253268671,-0.0787292953788013,False,False
Alphabet Inc.,2023-07-12,2023-07-18,4,up,up,0.1821097302515124,0.3823046700692134,0.43558559967927424,0.43558559967927424,0.05328092961006081,True,True
Alphabet Inc.,2023-07-13,2023-07-19,4,flat,up,0.2029708777580676,0.38017287385585835,0.41685624838607394,0.41685624838607394,0.036683374530215584,True,False
Alphabet Inc.,2023-07-14,2023-07-20,4,down,flat,0.21718254871833292,0.4693010989331884,0.3135163523484786,0.3135163523484786,-0.1557847465847098,False,False
Alphabet Inc.,2023-07-17,2023-07-21,4,down,flat,0.2468995744018498,0.46231609510559535,0.2907843304925547,0.2907843304925547,-0.17153176461304065,False,False
Alphabet Inc.,2023-07-18,2023-07-24,4,down,flat,0.2136638735450137,0.45765411795571287,0.32868200849927337,0.32868200849927337,-0.1289721094564395,False,False
Alphabet Inc.,2023-07-19,2023-07-25,4,flat,flat,0.1409514452691812,0.4646065259973028,0.39444202873351597,0.39444202873351597,-0.07016449726378682,False,True
Alphabet Inc.,2023-07-20,2023-07-26,4,up,flat,0.1676681196193054,0.5043954148817729,0.3279364654989215,0.3279364654989215,-0.17645894938285134,False,False
Alphabet Inc.,2023-07-21,2023-07-27,4,up,flat,0.20304422045239073,0.460102918977538,0.3368528605700711,0.3368528605700711,-0.12325005840746694,False,False
Alphabet Inc.,2023-07-24,2023-07-28,4,up,flat,0.160650176296141,0.4849332542107472,0.3544165694931118,0.3544165694931118,-0.1305166847176354,False,False
Alphabet Inc.,2023-07-25,2023-07-31,4,up,flat,0.2341782351415188,0.4384771161706722,0.3273446486878088,0.3273446486878088,-0.11113246748286337,False,False
Alphabet Inc.,2023-07-26,2023-08-01,4,flat,flat,0.2291384234674101,0.4484351768345066,0.32242639969808307,0.32242639969808307,-0.12600877713642356,False,True
Alphabet Inc.,2023-07-27,2023-08-02,4,flat,flat,0.34944592666239765,0.4607220894515396,0.18983198388606254,0.34944592666239765,-0.11127616278914193,False,True
Alphabet Inc.,2023-07-28,2023-08-03,4,down,flat,0.27409147737515266,0.5304957183375818,0.19541280428726537,0.27409147737515266,-0.25640424096242914,False,False
Alphabet Inc.,2023-07-31,2023-08-04,4,down,flat,0.21939445333990154,0.5593992881209882,0.22120625853911025,0.22120625853911025,-0.3381930295818779,False,False
Alphabet Inc.,2023-08-01,2023-08-07,4,flat,flat,0.21689881674870304,0.5347462121967633,0.2483549710545334,0.2483549710545334,-0.2863912411422299,False,True
Alphabet Inc.,2023-08-02,2023-08-08,4,flat,flat,0.18030748836744717,0.5263125341098274,0.29337997752272515,0.29337997752272515,-0.2329325565871022,False,True
Alphabet Inc.,2023-08-03,2023-08-09,4,flat,flat,0.15471957187879215,0.5313616038077058,0.3139188243135018,0.3139188243135018,-0.21744277949420399,False,True
Alphabet Inc.,2023-08-04,2023-08-10,4,flat,flat,0.1879454494353019,0.47955741957391995,0.33249713099077816,0.33249713099077816,-0.1470602885831418,False,True
Alphabet Inc.,2023-08-07,2023-08-11,4,flat,flat,0.20511490477182182,0.4619520410258685,0.33293305420230956,0.33293305420230956,-0.12901898682355895,False,True
Alphabet Inc.,2023-08-08,2023-08-14,4,flat,flat,0.23962360944764396,0.43206289416187665,0.32831349639047924,0.32831349639047924,-0.10374939777139741,False,True
Alphabet Inc.,2023-08-09,2023-08-15,4,flat,flat,0.2539717321646728,0.42241186357228033,0.32361640426304683,0.32361640426304683,-0.0987954593092335,False,True
Alphabet Inc.,2023-08-10,2023-08-16,4,flat,flat,0.21857342021504653,0.4423260536504887,0.3391005261344647,0.3391005261344647,-0.10322552751602404,False,True
Alphabet Inc.,2023-08-11,2023-08-17,4,flat,flat,0.1999171596490863,0.4412021724010846,0.3588806679498291,0.3588806679498291,-0.08232150445125552,False,True
Alphabet Inc.,2023-08-14,2023-08-18,4,down,flat,0.17477726090539675,0.42347704972940314,0.40174568936520016,0.40174568936520016,-0.02173136036420298,False,False
Alphabet Inc.,2023-08-15,2023-08-21,4,down,up,0.16866720114171244,0.4138158236896494,0.41751697516863817,0.41751697516863817,0.003701151478988751,True,False
Alphabet Inc.,2023-08-16,2023-08-22,4,flat,up,0.19670652106844075,0.36917558812435064,0.4341178908072087,0.4341178908072087,0.06494230268285806,True,False
Alphabet Inc.,2023-08-17,2023-08-23,4,flat,up,0.15808823908200526,0.33118306684493665,0.5107286940730581,0.5107286940730581,0.17954562722812145,True,False
Alphabet Inc.,2023-08-18,2023-08-24,4,up,up,0.18906584110203173,0.38236867907605093,0.42856547982191723,0.42856547982191723,0.046196800745866295,True,True
Alphabet Inc.,2023-08-21,2023-08-25,4,flat,up,0.1628683053632518,0.37348247839973214,0.46364921623701605,0.46364921623701605,0.0901667378372839,True,False
Alphabet Inc.,2023-08-22,2023-08-28,4,up,up,0.13321507243757344,0.3627910138156007,0.5039939137468259,0.5039939137468259,0.1412028999312252,True,True
Alphabet Inc.,2023-08-23,2023-08-29,4,up,flat,0.24794766767336301,0.38122230588285955,0.37083002644377727,0.37083002644377727,-0.010392279439082275,False,False
Alphabet Inc.,2023-08-24,2023-08-30,4,up,flat,0.2435350672235229,0.39242611551204076,0.3640388172644363,0.3640388172644363,-0.028387298247604442,False,False
Alphabet Inc.,2023-08-25,2023-08-31,4,up,flat,0.2780713723791134,0.39061935039155926,0.3313092772293271,0.3313092772293271,-0.059310073162232135,False,False
Alphabet Inc.,2023-08-28,2023-09-01,4,up,up,0.19397825970791568,0.4001252190852773,0.40589652120680697,0.40589652120680697,0.005771302121529653,True,True
Alphabet Inc.,2023-08-29,2023-09-05,4,flat,flat,0.22876497860209455,0.42043728842494976,0.35079773297295547,0.35079773297295547,-0.0696395554519943,False,True
Alphabet Inc.,2023-08-30,2023-09-06,4,flat,flat,0.2577363105879496,0.44150863045432925,0.3007550589577209,0.3007550589577209,-0.14075357149660833,False,True
Alphabet Inc.,2023-08-31,2023-09-07,4,down,flat,0.3209427836193981,0.42022732667631163,0.25882988970429,0.3209427836193981,-0.09928454305691353,False,False
Alphabet Inc.,2023-09-01,2023-09-08,4,flat,flat,0.2786202712200807,0.470951953253271,0.250427775526648,0.2786202712200807,-0.1923316820331903,False,True
Alphabet Inc.,2023-09-05,2023-09-11,4,flat,flat,0.25352909814988733,0.44564609293430235,0.30082480891581,0.30082480891581,-0.14482128401849237,False,True
Alphabet Inc.,2023-09-06,2023-09-12,4,flat,flat,0.21256868849348173,0.45246884933929854,0.3349624621672195,0.3349624621672195,-0.11750638717207906,False,True
Alphabet Inc.,2023-09-07,2023-09-13,4,flat,flat,0.20715907808510664,0.43533147294911834,0.3575094489657748,0.3575094489657748,-0.07782202398334354,False,True
Alphabet Inc.,2023-09-08,2023-09-14,4,flat,up,0.2056685903903727,0.3684327265882422,0.4258986830213852,0.4258986830213852,0.057465956433143006,True,False
Alphabet Inc.,2023-09-11,2023-09-15,4,flat,up,0.2491459426953037,0.36174889093573825,0.3891051663689581,0.3891051663689581,0.027356275433219834,True,False
Alphabet Inc.,2023-09-12,2023-09-18,4,flat,flat,0.24558803329571366,0.3899579828827532,0.36445398382153305,0.36445398382153305,-0.02550399906122014,False,True
Alphabet Inc.,2023-09-13,2023-09-19,4,flat,up,0.23472238370013576,0.35031249219228583,0.4149651241075786,0.4149651241075786,0.06465263191529275,True,False
Alphabet Inc.,2023-09-14,2023-09-20,4,down,up,0.2443831316702752,0.3349210518107751,0.4206958165189497,0.4206958165189497,0.08577476470817463,True,False
Alphabet Inc.,2023-09-15,2023-09-21,4,down,up,0.33013472249202225,0.31875753494335407,0.3511077425646236,0.3511077425646236,0.032350207621269556,True,False
Alphabet Inc.,2023-09-18,2023-09-22,4,down,up,0.2277836016378083,0.3844742343579183,0.3877421640042734,0.3877421640042734,0.003267929646355139,True,False
Alphabet Inc.,2023-09-19,2023-09-25,4,down,up,0.2226943882746004,0.3335366467343529,0.4437689649910468,0.4437689649910468,0.11023231825669388,True,False
Alphabet Inc.,2023-09-20,2023-09-26,4,down,up,0.23403454228718434,0.3287144904662017,0.437250967246614,0.437250967246614,0.10853647678041228,True,False
Alphabet Inc.,2023-09-21,2023-09-27,4,down,up,0.20587941407463128,0.32736332234464,0.46675726358072867,0.46675726358072867,0.13939394123608867,True,False
Alphabet Inc.,2023-09-22,2023-09-28,4,flat,up,0.13870508953139027,0.34538862719042623,0.5159062832781836,0.5159062832781836,0.17051765608775732,True,False
Alphabet Inc.,2023-09-25,2023-09-29,4,flat,up,0.16406821079264527,0.3214512406765637,0.5144805485307911,0.5144805485307911,0.19302930785422734,True,False
Alphabet Inc.,2023-09-26,2023-10-02,4,up,up,0.21954158378497005,0.3051721388190217,0.4752862773960083,0.4752862773960083,0.1701141385769866,True,True
Alphabet Inc.,2023-09-27,2023-10-03,4,up,up,0.20558712644384805,0.3071818403531331,0.48723103320301897,0.48723103320301897,0.18004919284988585,True,True
Alphabet Inc.,2023-09-28,2023-10-04,4,up,up,0.2241747429742476,0.30546436556546963,0.47036089146028287,0.47036089146028287,0.16489652589481324,True,True
Alphabet Inc.,2023-09-29,2023-10-05,4,up,up,0.2612653051760536,0.33726252944953544,0.401472165374411,0.401472165374411,0.06420963592487555,True,True
Alphabet Inc.,2023-10-02,2023-10-06,4,up,flat,0.22938983408711813,0.4182397616238299,0.35237040428905186,0.35237040428905186,-0.06586935733477806,False,False
Alphabet Inc.,2023-10-03,2023-10-09,4,up,flat,0.24230065526699368,0.4114006769470065,0.3462986677859997,0.3462986677859997,-0.06510200916100678,False,False
Alphabet Inc.,2023-10-04,2023-10-10,4,up,flat,0.2642539708660284,0.41108000957450086,0.32466601955947055,0.32466601955947055,-0.0864139900150303,False,False
Alphabet Inc.,2023-10-05,2023-10-11,4,up,flat,0.21043271653007456,0.450977884603493,0.3385893988664323,0.3385893988664323,-0.11238848573706067,False,False
Alphabet Inc.,2023-10-06,2023-10-12,4,up,flat,0.244507796441508,0.4275949306415729,0.32789727291691895,0.32789727291691895,-0.09969765772465394,False,False
Alphabet Inc.,2023-10-09,2023-10-13,4,flat,flat,0.23505707914666296,0.4663614095063114,0.2985815113470254,0.2985815113470254,-0.167779898159286,False,True
Alphabet Inc.,2023-10-10,2023-10-16,4,flat,flat,0.28078390856468277,0.4308228199822728,0.28839327145304416,0.28839327145304416,-0.14242954852922862,False,True
Alphabet Inc.,2023-10-11,2023-10-17,4,flat,flat,0.28916761862937657,0.43363423458896805,0.27719814678165516,0.28916761862937657,-0.14446661595959148,False,True
Alphabet Inc.,2023-10-12,2023-10-18,4,flat,flat,0.27451963628888176,0.4630012972708047,0.2624790664403134,0.27451963628888176,-0.18848166098192293,False,True
Alphabet Inc.,2023-10-13,2023-10-19,4,flat,flat,0.2640893947891923,0.45332473972763687,0.28258586548317055,0.28258586548317055,-0.17073887424446632,False,True
Alphabet Inc.,2023-10-16,2023-10-20,4,down,flat,0.2264255041663627,0.43628068108062196,0.3372938147530151,0.3372938147530151,-0.09898686632760684,False,False
Alphabet Inc.,2023-10-17,2023-10-23,4,down,flat,0.23430719702211983,0.4243890134716583,0.34130378950622164,0.34130378950622164,-0.08308522396543666,False,False
Alphabet Inc.,2023-10-18,2023-10-24,4,flat,flat,0.2494565039416136,0.42231933151726986,0.32822416454111625,0.32822416454111625,-0.09409516697615361,False,True
Alphabet Inc.,2023-10-19,2023-10-25,4,down,up,0.2545687428354755,0.32807849119849325,0.4173527659660313,0.4173527659660313,0.08927427476753808,True,False
Alphabet Inc.,2023-10-20,2023-10-26,4,down,up,0.275212619267018,0.29337082381221047,0.43141655692077163,0.43141655692077163,0.13804573310856116,True,False
Alphabet Inc.,2023-10-23,2023-10-27,4,down,up,0.21892259225586713,0.3489519154054919,0.432125492338641,0.432125492338641,0.08317357693314908,True,False
Alphabet Inc.,2023-10-24,2023-10-30,4,down,up,0.23096906644462212,0.343610027866857,0.42542090568852076,0.42542090568852076,0.08181087782166374,True,False
Alphabet Inc.,2023-10-25,2023-10-31,4,down,down,0.41102707142848294,0.3698525114579485,0.21912041711356844,0.41102707142848294,0.04117455997053443,True,True
Alphabet Inc.,2023-10-26,2023-11-01,4,flat,flat,0.21959825194989863,0.46928946807509136,0.3111122799750099,0.3111122799750099,-0.15817718810008147,False,True
Alphabet Inc.,2023-10-27,2023-11-02,4,up,flat,0.19269818890561208,0.4472974546617128,0.3600043564326751,0.3600043564326751,-0.08729309822903769,False,False
Alphabet Inc.,2023-10-30,2023-11-03,4,up,flat,0.15904818198337106,0.46900271024970486,0.3719491077669237,0.3719491077669237,-0.09705360248278116,False,False
Alphabet Inc.,2023-10-31,2023-11-06,4,up,flat,0.21506397001669203,0.4553075526853613,0.32962847729794664,0.32962847729794664,-0.12567907538741468,False,False
Alphabet Inc.,2023-11-01,2023-11-07,4,up,flat,0.2640106700049965,0.4221150201457895,0.3138743098492139,0.3138743098492139,-0.10824071029657562,False,False
Alphabet Inc.,2023-11-02,2023-11-08,4,up,flat,0.2300542621330819,0.4955333475960724,0.2744123902708455,0.2744123902708455,-0.2211209573252269,False,False
Alphabet Inc.,2023-11-03,2023-11-09,4,flat,flat,0.2013462417091187,0.5405683024692494,0.25808545582163184,0.25808545582163184,-0.2824828466476175,False,True
Alphabet Inc.,2023-11-06,2023-11-10,4,flat,flat,0.16074619789551253,0.5769604612424828,0.26229334086200456,0.26229334086200456,-0.3146671203804782,False,True
Alphabet Inc.,2023-11-07,2023-11-13,4,flat,flat,0.17482391021979543,0.5380097490149697,0.2871663407652348,0.2871663407652348,-0.2508434082497349,False,True
Alphabet Inc.,2023-11-08,2023-11-14,4,up,flat,0.1589979684808716,0.5828876630978833,0.25811436842124497,0.25811436842124497,-0.32477329467663835,False,False
Alphabet Inc.,2023-11-09,2023-11-15,4,up,flat,0.17918565220509236,0.5445850881548912,0.2762292596400164,0.2762292596400164,-0.2683558285148748,False,False
Alphabet Inc.,2023-11-10,2023-11-16,4,up,flat,0.17791945155513714,0.5314416709361247,0.290638877508738,0.290638877508738,-0.2408027934273867,False,False
Alphabet Inc.,2023-11-13,2023-11-17,4,up,flat,0.16684781798488277,0.5288555144504153,0.30429666756470175,0.30429666756470175,-0.2245588468857136,False,False
Alphabet Inc.,2023-11-14,2023-11-20,4,flat,flat,0.15782690140472627,0.44613470494203133,0.39603839365324234,0.39603839365324234,-0.050096311288789,False,True
Alphabet Inc.,2023-11-15,2023-11-21,4,up,flat,0.15955045236504828,0.4705801541912775,0.36986939344367414,0.36986939344367414,-0.10071076074760338,False,False
Alphabet Inc.,2023-11-16,2023-11-22,4,up,flat,0.17321138490626298,0.47251878361997446,0.35426983147376256,0.35426983147376256,-0.1182489521462119,False,False
Alphabet Inc.,2023-11-17,2023-11-24,4,flat,flat,0.21089405278814038,0.44131840800186645,0.34778753920999306,0.34778753920999306,-0.09353086879187339,False,True
Alphabet Inc.,2023-11-20,2023-11-27,4,flat,flat,0.17413596117923064,0.4520250756397931,0.3738389631809762,0.3738389631809762,-0.0781861124588169,False,True
Alphabet Inc.,2023-11-21,2023-11-28,4,flat,up,0.1469838867972926,0.4167876356452136,0.43622847755749383,0.43622847755749383,0.019440841912280238,True,False
Alphabet Inc.,2023-11-22,2023-11-29,4,down,up,0.25296819945195664,0.3372142917442197,0.40981750880382384,0.40981750880382384,0.07260321705960415,True,False
Alphabet Inc.,2023-11-24,2023-11-30,4,down,up,0.24412747852021444,0.3276629434561764,0.42820957802360915,0.42820957802360915,0.10054663456743274,True,False
Alphabet Inc.,2023-11-27,2023-12-01,4,down,up,0.23330550853869136,0.25959118101093615,0.5071033104503725,0.5071033104503725,0.24751212943943635,True,False
Alphabet Inc.,2023-11-28,2023-12-04,4,down,up,0.1888824422884151,0.26678667272284595,0.5443308849887389,0.5443308849887389,0.277544212265893,True,False
Alphabet Inc.,2023-11-29,2023-12-05,4,down,up,0.23071613755384557,0.2780231574581101,0.4912607049880443,0.4912607049880443,0.21323754752993418,True,False
Alphabet Inc.,2023-11-30,2023-12-06,4,down,flat,0.27216161203974265,0.36527803965515404,0.3625603483051029,0.3625603483051029,-0.0027176913500511213,False,False
Alphabet Inc.,2023-12-01,2023-12-07,4,up,up,0.2341140943716411,0.3486942594889654,0.4171916461393933,0.4171916461393933,0.06849738665042793,True,True
Alphabet Inc.,2023-12-04,2023-12-08,4,up,up,0.2352405007605577,0.3456138996618121,0.4191455995776301,0.4191455995776301,0.07353169991581798,True,True
Alphabet Inc.,2023-12-05,2023-12-11,4,up,up,0.18019957185651153,0.34070858469265985,0.4790918434508286,0.4790918434508286,0.13838325875816876,True,True
Alphabet Inc.,2023-12-06,2023-12-12,4,flat,up,0.19480791747635623,0.34315930356759927,0.46203277895604455,0.46203277895604455,0.11887347538844528,True,False
Alphabet Inc.,2023-12-07,2023-12-13,4,down,up,0.24135433707138798,0.3525960739001359,0.40604958902847593,0.40604958902847593,0.05345351512834001,True,False
Alphabet Inc.,2023-12-08,2023-12-14,4,down,flat,0.3027380259557044,0.41652922244359236,0.28073275160070305,0.3027380259557044,-0.11379119648788794,False,False
Alphabet Inc.,2023-12-11,2023-12-15,4,flat,flat,0.2680964471919346,0.40999240534992815,0.3219111474581372,0.3219111474581372,-0.08808125789179094,False,True
Alphabet Inc.,2023-12-12,2023-12-18,4,flat,flat,0.20180854292938105,0.4243073577746349,0.373884099295984,0.373884099295984,-0.05042325847865092,False,True
Alphabet Inc.,2023-12-13,2023-12-19,4,up,flat,0.16522071611984102,0.44478379161730786,0.38999549226285113,0.38999549226285113,-0.054788299354456726,False,False
Alphabet Inc.,2023-12-14,2023-12-20,4,up,flat,0.18944936928034029,0.4646064463297068,0.3459441843899527,0.3459441843899527,-0.1186622619397541,False,False
Alphabet Inc.,2023-12-15,2023-12-21,4,up,flat,0.25826589173377157,0.4117764448532707,0.32995766341295757,0.32995766341295757,-0.08181878144031313,False,False
Alphabet Inc.,2023-12-18,2023-12-22,4,up,flat,0.20001554078221512,0.42221873079201794,0.37776572842576694,0.37776572842576694,-0.04445300236625099,False,False
Alphabet Inc.,2023-12-19,2023-12-26,4,up,flat,0.2136826137298719,0.45487747729244876,0.33143990897767905,0.33143990897767905,-0.12343756831476971,False,False
Alphabet Inc.,2023-12-20,2023-12-27,4,flat,flat,0.2740368341482755,0.4141933562694201,0.3117698095823042,0.3117698095823042,-0.1024235466871159,False,True
Alphabet Inc.,2023-12-21,2023-12-28,4,flat,flat,0.23687730697924436,0.49095583922575897,0.2721668537949964,0.2721668537949964,-0.21878898543076258,False,True
Alphabet Inc.,2023-12-22,2023-12-29,4,flat,flat,0.23629483440108515,0.4654481772574458,0.29825698834146874,0.29825698834146874,-0.16719118891597706,False,True
Alphabet Inc.,2023-12-26,2024-01-02,4,down,flat,0.21347009208921613,0.49007910144457195,0.2964508064662116,0.2964508064662116,-0.19362829497836037,False,False
Alphabet Inc.,2023-12-27,2024-01-03,4,down,flat,0.21405674635513305,0.4483367852245672,0.3376064684202995,0.3376064684202995,-0.1107303168042677,False,False
Alphabet Inc.,2023-12-28,2024-01-04,4,down,up,0.16550145995952342,0.38756101902931284,0.4469375210111638,0.4469375210111638,0.05937650198185096,True,False
Alphabet Inc.,2023-12-29,2024-01-05,4,down,up,0.1791027970553537,0.35964494665385605,0.4612522562907903,0.4612522562907903,0.10160730963693426,True,False
Alphabet Inc.,2024-01-02,2024-01-08,4,flat,up,0.18664264009788173,0.34502269738325053,0.4683346625188678,0.4683346625188678,0.12331196513561726,True,False
Alphabet Inc.,2024-01-03,2024-01-09,4,flat,up,0.17579941385805306,0.3329660828108646,0.4912345033310823,0.4912345033310823,0.15826842052021772,True,False
Alphabet Inc.,2024-01-04,2024-01-10,4,up,up,0.19323522307561095,0.3324586665004851,0.474306110423904,0.474306110423904,0.14184744392341891,True,True
Alphabet Inc.,2024-01-05,2024-01-11,4,up,up,0.1871957651764805,0.3272198551323596,0.48558437969115986,0.48558437969115986,0.15836452455880023,True,True
Alphabet Inc.,2024-01-08,2024-01-12,4,up,up,0.20927545636151662,0.28539319825194054,0.5053313453865429,0.5053313453865429,0.21993814713460236,True,True
Alphabet Inc.,2024-01-09,2024-01-16,4,up,up,0.23786967538920162,0.28855671754624534,0.4735736070645531,0.4735736070645531,0.18501688951830775,True,True
Alphabet Inc.,2024-01-10,2024-01-17,4,flat,up,0.24966744504380023,0.34831425656701637,0.40201829838918324,0.40201829838918324,0.05370404182216687,True,False
Alphabet Inc.,2024-01-11,2024-01-18,4,flat,up,0.2754851150270065,0.3479917848896378,0.37652310008335554,0.37652310008335554,0.028531315193717766,True,False
Alphabet Inc.,2024-01-12,2024-01-19,4,up,up,0.24091330250490706,0.3780986317149606,0.3809880657801322,0.3809880657801322,0.0028894340651716144,True,True
Alphabet Inc.,2024-01-16,2024-01-22,4,up,up,0.2404628060892998,0.37914350622270676,0.3803936876879933,0.3803936876879933,0.0012501814652865484,True,True
Alphabet Inc.,2024-01-17,2024-01-23,4,up,up,0.2156902205447676,0.38303052741193433,0.4012792520432982,0.4012792520432982,0.018248724631363844,True,True
Alphabet Inc.,2024-01-18,2024-01-24,4,up,up,0.18872702532767405,0.3458541844290295,0.4654187902432966,0.4654187902432966,0.11956460581426709,True,True
Alphabet Inc.,2024-01-19,2024-01-25,4,up,flat,0.27231575755708637,0.3706041325668973,0.3570801098760161,0.3570801098760161,-0.013524022690881154,False,False
Alphabet Inc.,2024-01-22,2024-01-26,4,up,flat,0.31273404100087093,0.3952075779572677,0.2920583810418611,0.31273404100087093,-0.08247353695639675,False,False
Alphabet Inc.,2024-01-23,2024-01-29,4,up,flat,0.2926883233080271,0.40615146618187176,0.3011602105101009,0.3011602105101009,-0.10499125567177087,False,False
Alphabet Inc.,2024-01-24,2024-01-30,4,up,flat,0.3336667787335577,0.347069102797876,0.31926411846856656,0.3336667787335577,-0.013402324064318294,False,False
Alphabet Inc.,2024-01-25,2024-01-31,4,down,flat,0.35037177718161194,0.3663272013214824,0.28330102149690595,0.35037177718161194,-0.015955424139870444,False,False
Alphabet Inc.,2024-01-26,2024-02-01,4,down,flat,0.33324622776867974,0.40626439505428613,0.2604893771770341,0.33324622776867974,-0.0730181672856064,False,False
Alphabet Inc.,2024-01-29,2024-02-02,4,down,flat,0.3276633454156979,0.39036244336421577,0.28197421122008626,0.3276633454156979,-0.06269909794851786,False,False
Alphabet Inc.,2024-01-30,2024-02-05,4,down,down,0.3888186073264879,0.3634979656344954,0.24768342703901702,0.3888186073264879,0.025320641691992496,True,True
Alphabet Inc.,2024-01-31,2024-02-06,4,flat,flat,0.3345881965001269,0.4042194273476356,0.26119237615223734,0.3345881965001269,-0.06963123084750872,False,True
Alphabet Inc.,2024-02-01,2024-02-07,4,up,flat,0.14608834704145207,0.46501574296291215,0.38889590999563584,0.38889590999563584,-0.07611983296727631,False,False
Alphabet Inc.,2024-02-02,2024-02-08,4,up,flat,0.20935970800569165,0.435703541186043,0.35493675080826526,0.35493675080826526,-0.08076679037777773,False,False
Alphabet Inc.,2024-02-05,2024-02-09,4,up,flat,0.1856972444689874,0.43567855337270067,0.3786242021583118,0.3786242021583118,-0.0570543512143889,False,False
Alphabet Inc.,2024-02-06,2024-02-12,4,up,flat,0.22901275103400986,0.4224885387205139,0.3484987102454762,0.3484987102454762,-0.07398982847503771,False,False
Alphabet Inc.,2024-02-07,2024-02-13,4,flat,flat,0.27891882585982336,0.3897198077517705,0.3313613663884062,0.3313613663884062,-0.05835844136336432,False,True
Alphabet Inc.,2024-02-08,2024-02-14,4,flat,flat,0.21689065814396463,0.42134645685570216,0.3617628850003331,0.3617628850003331,-0.059583571855369055,False,True
Alphabet Inc.,2024-02-09,2024-02-15,4,down,flat,0.2146055762247382,0.4340043977221909,0.3513900260530708,0.3513900260530708,-0.08261437166912011,False,False
Alphabet Inc.,2024-02-12,2024-02-16,4,down,flat,0.1728246563104003,0.5138240225443449,0.3133513211452546,0.3133513211452546,-0.2004727013990903,False,False
Alphabet Inc.,2024-02-13,2024-02-20,4,down,flat,0.21083180495891762,0.47433464946205073,0.31483354557903154,0.31483354557903154,-0.1595011038830192,False,False
Alphabet Inc.,2024-02-14,2024-02-21,4,down,flat,0.16740012894532802,0.4596258362764893,0.3729740347781827,0.3729740347781827,-0.08665180149830659,False,False
Alphabet Inc.,2024-02-15,2024-02-22,4,flat,flat,0.2031222700379556,0.47270086799173067,0.3241768619703135,0.3241768619703135,-0.1485240060214172,False,True
Alphabet Inc.,2024-02-16,2024-02-23,4,flat,flat,0.16588038284542417,0.48938779870259663,0.344731818451979,0.344731818451979,-0.14465598025061766,False,True
Alphabet Inc.,2024-02-20,2024-02-26,4,flat,flat,0.1739350262147569,0.4769721267912045,0.34909284699403853,0.34909284699403853,-0.12787927979716596,False,True
Alphabet Inc.,2024-02-21,2024-02-27,4,down,up,0.16866579719747538,0.40869857169537394,0.42263563110715063,0.42263563110715063,0.013937059411776698,True,False
Alphabet Inc.,2024-02-22,2024-02-28,4,down,up,0.18796757940590852,0.367886199410251,0.4441462211838404,0.4441462211838404,0.07626002177358937,True,False
Alphabet Inc.,2024-02-23,2024-02-29,4,down,up,0.20639157615327566,0.3769102011066358,0.4166982227400887,0.4166982227400887,0.03978802163345291,True,False
Alphabet Inc.,2024-02-26,2024-03-01,4,down,flat,0.26104478995110286,0.37038279899140103,0.36857241105749594,0.36857241105749594,-0.0018103879339050888,False,False
Alphabet Inc.,2024-02-27,2024-03-04,4,down,up,0.17851382790718434,0.397377918986657,0.4241082531061587,0.4241082531061587,0.02673033411950171,True,False
Alphabet Inc.,2024-02-28,2024-03-05,4,down,flat,0.19776997646507485,0.4063093867873936,0.3959206367475315,0.3959206367475315,-0.010388750039862116,False,False
Alphabet Inc.,2024-02-29,2024-03-06,4,down,up,0.18698329462413876,0.40197716936745637,0.4110395360084047,0.4110395360084047,0.009062366640948338,True,False
Alphabet Inc.,2024-03-01,2024-03-07,4,down,up,0.1962045671037959,0.39844945719299063,0.40534597570321335,0.40534597570321335,0.0068965185102227156,True,False
Alphabet Inc.,2024-03-04,2024-03-08,4,flat,flat,0.3028207161750355,0.36759912948668005,0.32958015433828425,0.32958015433828425,-0.038018975148395806,False,True
Alphabet Inc.,2024-03-05,2024-03-11,4,up,flat,0.2122019591423051,0.40474637352447607,0.3830516673332186,0.3830516673332186,-0.021694706191257462,False,False
Alphabet Inc.,2024-03-06,2024-03-12,4,up,up,0.1581303490763395,0.40764797341366366,0.43422167750999674,0.43422167750999674,0.026573704096333084,True,True
Alphabet Inc.,2024-03-07,2024-03-13,4,up,up,0.1610322967253383,0.380895922324063,0.45807178095059864,0.45807178095059864,0.07717585862653564,True,True
Alphabet Inc.,2024-03-08,2024-03-14,4,up,up,0.1937592284871281,0.3699407795128868,0.43629999199998504,0.43629999199998504,0.06635921248709825,True,True
Alphabet Inc.,2024-03-11,2024-03-15,4,up,flat,0.21278370162461785,0.41950223621691507,0.3677140621584669,0.3677140621584669,-0.051788174058448155,False,False
Alphabet Inc.,2024-03-12,2024-03-18,4,up,flat,0.214646409915594,0.4476222024562725,0.3377313876281334,0.3377313876281334,-0.10989081482813912,False,False
Alphabet Inc.,2024-03-13,2024-03-19,4,up,flat,0.20659615204849294,0.43308976545824984,0.36031408249325714,0.36031408249325714,-0.0727756829649927,False,False
Alphabet Inc.,2024-03-14,2024-03-20,4,up,flat,0.25242209060997234,0.4228213733541655,0.32475653603586196,0.32475653603586196,-0.09806483731830351,False,False
Alphabet Inc.,2024-03-15,2024-03-21,4,up,flat,0.28263421138402844,0.434950209413403,0.28241557920256843,0.28263421138402844,-0.15231599802937457,False,False
Alphabet Inc.,2024-03-18,2024-03-22,4,flat,flat,0.22639059666212083,0.47517427397282525,0.2984351293650538,0.2984351293650538,-0.17673914460777146,False,True
Alphabet Inc.,2024-03-19,2024-03-25,4,flat,flat,0.23556959635462477,0.5318055006361586,0.23262490300921645,0.23556959635462477,-0.29623590428153385,False,True
Alphabet Inc.,2024-03-20,2024-03-26,4,flat,flat,0.21575646763219367,0.5166895745051804,0.2675539578626257,0.2675539578626257,-0.24913561664255468,False,True
Alphabet Inc.,2024-03-21,2024-03-27,4,flat,flat,0.1988593631772953,0.49140482082910764,0.3097358159935968,0.3097358159935968,-0.18166900483551085,False,True
Alphabet Inc.,2024-03-22,2024-03-28,4,flat,flat,0.2116045401883615,0.497563657024732,0.29083180278690635,0.29083180278690635,-0.20673185423782564,False,True
Alphabet Inc.,2024-03-25,2024-04-01,4,up,flat,0.19318827454814202,0.4945369855117412,0.3122747399401167,0.3122747399401167,-0.18226224557162451,False,False
Alphabet Inc.,2024-03-26,2024-04-02,4,up,flat,0.22057885876597602,0.43685217784066344,0.3425689633933605,0.3425689633933605,-0.09428321444730292,False,False
Alphabet Inc.,2024-03-27,2024-04-03,4,up,flat,0.21858867335038934,0.45496804504980043,0.32644328159980995,0.32644328159980995,-0.12852476344999048,False,False
Alphabet Inc.,2024-03-28,2024-04-04,4,flat,flat,0.22966081061511423,0.424012196291357,0.34632699309352866,0.34632699309352866,-0.07768520319782835,False,True
Alphabet Inc.,2024-04-01,2024-04-05,4,flat,flat,0.24013341563200735,0.4115978277936849,0.3482687565743076,0.3482687565743076,-0.06332907121937731,False,True
Alphabet Inc.,2024-04-02,2024-04-08,4,flat,flat,0.24221443303548335,0.4613816593050102,0.2964039076595064,0.2964039076595064,-0.16497775164550377,False,True
Alphabet Inc.,2024-04-03,2024-04-09,4,flat,flat,0.27805771694248105,0.44211257369723056,0.2798297093602881,0.2798297093602881,-0.16228286433694245,False,True
Alphabet Inc.,2024-04-04,2024-04-10,4,up,flat,0.2772687602678129,0.4112777340221877,0.31145350570999925,0.31145350570999925,-0.09982422831218846,False,False
Alphabet Inc.,2024-04-05,2024-04-11,4,up,flat,0.19274649700918195,0.4497693890545142,0.35748411393630364,0.35748411393630364,-0.09228527511821055,False,False
Alphabet Inc.,2024-04-08,2024-04-12,4,up,up,0.19167534230062128,0.3686035835988242,0.4397210741005545,0.4397210741005545,0.07111749050173027,True,True
Alphabet Inc.,2024-04-09,2024-04-15,4,flat,flat,0.2343801989099985,0.39711255617367613,0.36850724491632536,0.36850724491632536,-0.028605311257350774,False,True
Alphabet Inc.,2024-04-10,2024-04-16,4,flat,flat,0.2502046006380202,0.43338351103559114,0.31641188832638845,0.31641188832638845,-0.1169716227092027,False,True
Alphabet Inc.,2024-04-11,2024-04-17,4,down,flat,0.2575227211413551,0.4151769487159891,0.3273003301426556,0.3273003301426556,-0.08787661857333351,False,False
Alphabet Inc.,2024-04-12,2024-04-18,4,down,flat,0.25646763014114876,0.4392305188904,0.30430185096845097,0.30430185096845097,-0.13492866792194902,False,False
Alphabet Inc.,2024-04-15,2024-04-19,4,down,flat,0.23214550075803164,0.42944894619238827,0.33840555304957987,0.33840555304957987,-0.0910433931428084,False,False
Alphabet Inc.,2024-04-16,2024-04-22,4,flat,flat,0.21507595577160432,0.43728182001639376,0.34764222421200164,0.34764222421200164,-0.08963959580439212,False,True
Alphabet Inc.,2024-04-17,2024-04-23,4,flat,up,0.19981947320309063,0.38335459091744717,0.41682593587946204,0.41682593587946204,0.03347134496201487,True,False
Alphabet Inc.,2024-04-18,2024-04-24,4,up,flat,0.21163208320235083,0.41400248473571577,0.3743654320619332,0.3743654320619332,-0.03963705267378259,False,False
Alphabet Inc.,2024-04-19,2024-04-25,4,flat,flat,0.25347588272251703,0.4029479443446295,0.34357617293285314,0.34357617293285314,-0.05937177141177635,False,True
Alphabet Inc.,2024-04-22,2024-04-26,4,up,flat,0.2183357724692397,0.3943896309557734,0.38727459657498664,0.38727459657498664,-0.0071150343807867555,False,False
Alphabet Inc.,2024-04-23,2024-04-29,4,up,flat,0.2442303688276347,0.40283032890905174,0.3529393022633132,0.3529393022633132,-0.04989102664573852,False,False
Alphabet Inc.,2024-04-24,2024-04-30,4,up,flat,0.2597759289893635,0.3896761421684608,0.35054792884217545,0.35054792884217545,-0.039128213326285355,False,False
Alphabet Inc.,2024-04-25,2024-05-01,4,up,flat,0.3180245537763692,0.3845319993180774,0.2974434469055531,0.3180245537763692,-0.06650744554170823,False,False
Alphabet Inc.,2024-04-26,2024-05-02,4,down,flat,0.1994249932918371,0.5495187663373671,0.25105624037079555,0.25105624037079555,-0.2984625259665715,False,False
Alphabet Inc.,2024-04-29,2024-05-03,4,flat,flat,0.35581337067835317,0.5118359206595665,0.1323507086620802,0.35581337067835317,-0.15602254998121334,False,True
Alphabet Inc.,2024-04-30,2024-05-06,4,flat,flat,0.2719292018261874,0.5639053739777087,0.16416542419610367,0.2719292018261874,-0.2919761721515213,False,True
Alphabet Inc.,2024-05-01,2024-05-07,4,up,flat,0.17169282747037434,0.6160430576763736,0.21226411485325192,0.21226411485325192,-0.40377894282312166,False,False
Alphabet Inc.,2024-05-02,2024-05-08,4,flat,flat,0.13745866778309965,0.6595256837945809,0.20301564842231928,0.20301564842231928,-0.4565100353722616,False,True
Alphabet Inc.,2024-05-03,2024-05-09,4,flat,flat,0.14977330194938163,0.6060093873194422,0.24421731073117597,0.24421731073117597,-0.36179207658826623,False,True
Alphabet Inc.,2024-05-06,2024-05-10,4,flat,flat,0.164293912493243,0.5997275940354926,0.23597849347126426,0.23597849347126426,-0.3637491005642283,False,True
Alphabet Inc.,2024-05-07,2024-05-13,4,down,flat,0.20660388401473279,0.584360119435155,0.209035996550112,0.209035996550112,-0.37532412288504297,False,False
Alphabet Inc.,2024-05-08,2024-05-14,4,flat,flat,0.22517479367475504,0.5762124248294626,0.19861278149578215,0.22517479367475504,-0.35103763115470754,False,True
Alphabet Inc.,2024-05-09,2024-05-15,4,flat,flat,0.18582164566768666,0.5932405942084629,0.22093776012385014,0.22093776012385014,-0.37230283408461273,False,True
Alphabet Inc.,2024-05-10,2024-05-16,4,up,flat,0.19326651541302992,0.559329174180776,0.24740431040619393,0.24740431040619393,-0.31192486377458206,False,False
Alphabet Inc.,2024-05-13,2024-05-17,4,up,flat,0.17208371083959156,0.5810799141844298,0.2468363749759785,0.2468363749759785,-0.33424353920845135,False,False
Alphabet Inc.,2024-05-14,2024-05-20,4,up,flat,0.15795412886362736,0.5788427547890642,0.26320311634730814,0.26320311634730814,-0.3156396384417561,False,False
Alphabet Inc.,2024-05-15,2024-05-21,4,up,flat,0.1913370915307493,0.5519609404624769,0.2567019680067737,0.2567019680067737,-0.2952589724557032,False,False
Alphabet Inc.,2024-05-16,2024-05-22,4,up,flat,0.18985225301859132,0.5655220904443516,0.24462565653705678,0.24462565653705678,-0.32089643390729483,False,False
Alphabet Inc.,2024-05-17,2024-05-23,4,flat,flat,0.20090915327750763,0.547802097029144,0.25128874969334825,0.25128874969334825,-0.2965133473357957,False,True
Alphabet Inc.,2024-05-20,2024-05-24,4,down,flat,0.2057863087592799,0.5402615203633795,0.25395217087734034,0.25395217087734034,-0.28630934948603914,False,False
Alphabet Inc.,2024-05-21,2024-05-28,4,flat,flat,0.17361920865093514,0.5631373207470222,0.26324347060204234,0.26324347060204234,-0.2998938501449798,False,True
Alphabet Inc.,2024-05-22,2024-05-29,4,flat,flat,0.1862046199534459,0.5395838412144933,0.2742115388320605,0.2742115388320605,-0.2653723023824328,False,True
Alphabet Inc.,2024-05-23,2024-05-30,4,down,flat,0.17164155559050764,0.5226788696809787,0.30567957472851337,0.30567957472851337,-0.21699929495246528,False,False
Alphabet Inc.,2024-05-24,2024-05-31,4,down,flat,0.1960109202505662,0.40964451190016815,0.3943445678492653,0.3943445678492653,-0.015299944050902847,False,False
Alphabet Inc.,2024-05-28,2024-06-03,4,down,up,0.23457132786714094,0.3580509665770234,0.4073777055558354,0.4073777055558354,0.04932673897881201,True,False
Alphabet Inc.,2024-05-29,2024-06-04,4,down,up,0.24546771482515656,0.3516739164093482,0.4028583687654952,0.4028583687654952,0.05118445235614699,True,False
Alphabet Inc.,2024-05-30,2024-06-05,4,flat,up,0.30074205672764553,0.33751491596832656,0.36174302730402774,0.36174302730402774,0.024228111335701186,True,False
Alphabet Inc.,2024-05-31,2024-06-06,4,up,up,0.283634736329592,0.355398938286069,0.3609663253843386,0.3609663253843386,0.005567387098269594,True,True
Alphabet Inc.,2024-06-03,2024-06-07,4,up,up,0.2116649731577874,0.3714378696537206,0.4168971571884918,0.4168971571884918,0.04545928753477119,True,True
Alphabet Inc.,2024-06-04,2024-06-10,4,flat,up,0.2027914287964812,0.3645396909117954,0.43266888029172323,0.43266888029172323,0.06812918937992785,True,False
Alphabet Inc.,2024-06-05,2024-06-11,4,flat,up,0.23981209635903938,0.33450231803606173,0.4256855856048988,0.4256855856048988,0.09118326756883705,True,False
Alphabet Inc.,2024-06-06,2024-06-12,4,flat,up,0.2620484262654245,0.33955664350240244,0.398394930232173,0.398394930232173,0.05883828672977054,True,False
Alphabet Inc.,2024-06-07,2024-06-13,4,flat,flat,0.26023474132747015,0.40583493450507324,0.3339303241674564,0.3339303241674564,-0.07190461033761686,False,True
Alphabet Inc.,2024-06-10,2024-06-14,4,flat,up,0.19969506386946922,0.38650236149445927,0.4138025746360713,0.4138025746360713,0.027300213141612018,True,False
Alphabet Inc.,2024-06-11,2024-06-15,4,flat,up,0.17749467961202336,0.35726080794202797,0.46524451244594867,0.46524451244594867,0.1079837045039207,True,False
Alphabet Inc.,2024-06-12,2024-06-17,4,flat,up,0.2040461589361584,0.32903194985096507,0.46692189121287664,0.46692189121287664,0.13788994136191157,True,False
Alphabet Inc.,2024-06-13,2024-06-18,4,flat,up,0.21155853791988888,0.37869212799603624,0.4097493340840747,0.4097493340840747,0.03105720608803847,True,False
Alphabet Inc.,2024-06-14,2024-06-20,4,flat,up,0.18136511715919107,0.379456854076315,0.43917802876449374,0.43917802876449374,0.059721174688178724,True,False
"Amazon.com, Inc.",2021-07-27,2021-08-02,4,down,down,0.40272367172096013,0.32673715141199194,0.2705391768670478,0.40272367172096013,0.07598652030896819,True,True
"Amazon.com, Inc.",2021-07-28,2021-08-03,4,down,down,0.3715674691076304,0.3159876970123656,0.31244483388000377,0.3715674691076304,0.05557977209526477,True,True
"Amazon.com, Inc.",2021-07-29,2021-08-04,4,down,down,0.3558943188838482,0.33263359526608793,0.31147208585006375,0.3558943188838482,0.02326072361776027,True,True
"Amazon.com, Inc.",2021-07-30,2021-08-05,4,flat,down,0.4052131121234439,0.3165715676876987,0.2782153201888574,0.4052131121234439,0.08864154443574523,True,False
"Amazon.com, Inc.",2021-08-02,2021-08-06,4,flat,up,0.27172584207492656,0.27897476550653466,0.4492993924185389,0.4492993924185389,0.17032462691200423,True,False
"Amazon.com, Inc.",2021-08-03,2021-08-09,4,flat,up,0.305413726665156,0.2750452573039682,0.4195410160308758,0.4195410160308758,0.14449575872690756,True,False
"Amazon.com, Inc.",2021-08-04,2021-08-10,4,flat,up,0.27061812879844616,0.3386224985711271,0.3907593726304268,0.3907593726304268,0.05213687405929973,True,False
"Amazon.com, Inc.",2021-08-05,2021-08-11,4,down,up,0.31978932373089175,0.30069579989592715,0.37951487637318104,0.37951487637318104,0.07881907647725389,True,False
"Amazon.com, Inc.",2021-08-06,2021-08-12,4,down,up,0.34506184702445547,0.2958371933589828,0.35910095961656163,0.35910095961656163,0.06326376625757885,True,False
"Amazon.com, Inc.",2021-08-09,2021-08-13,4,down,up,0.3229471080173749,0.3094692499529365,0.3675836420296885,0.3675836420296885,0.05811439207675201,True,False
"Amazon.com, Inc.",2021-08-10,2021-08-16,4,down,up,0.34792804528007243,0.2961328514855117,0.3559391032344158,0.3559391032344158,0.05980625174890408,True,False
"Amazon.com, Inc.",2021-08-11,2021-08-17,4,down,down,0.3686336994290771,0.33412329216239234,0.2972430084085306,0.3686336994290771,0.03451040726668475,True,True
"Amazon.com, Inc.",2021-08-12,2021-08-18,4,down,down,0.36205511861676287,0.3575833028223755,0.28036157856086164,0.36205511861676287,0.004471815794387379,True,True
"Amazon.com, Inc.",2021-08-13,2021-08-19,4,down,flat,0.34415582449823023,0.36765461773742103,0.28818955776434885,0.34415582449823023,-0.023498793239190796,False,False
"Amazon.com, Inc.",2021-08-16,2021-08-20,4,down,down,0.37908414509719324,0.3338620837245258,0.28705377117828074,0.37908414509719324,0.04522206137266743,True,True
"Amazon.com, Inc.",2021-08-17,2021-08-23,4,flat,down,0.37029723741064,0.3372349473894174,0.29246781519994236,0.37029723741064,0.03306229002122263,True,False
"Amazon.com, Inc.",2021-08-18,2021-08-24,4,up,flat,0.34181630312541944,0.3476012397397713,0.31058245713480914,0.34181630312541944,-0.0057849366143518655,False,False
"Amazon.com, Inc.",2021-08-19,2021-08-25,4,up,up,0.29503615931132865,0.3412833401194765,0.3636805005691948,0.3636805005691948,0.022397160449718345,True,True
"Amazon.com, Inc.",2021-08-20,2021-08-26,4,up,flat,0.2978123435954677,0.3589138380713492,0.3432738183331831,0.3432738183331831,-0.01564001973816609,False,False
"Amazon.com, Inc.",2021-08-23,2021-08-27,4,up,flat,0.32803709701672534,0.3529846631057293,0.3189782398775455,0.32803709701672534,-0.024947566089003947,False,False
"Amazon.com, Inc.",2021-08-24,2021-08-30,4,up,flat,0.3484898295009053,0.35627229211818157,0.2952378783809132,0.3484898295009053,-0.007782462617276276,False,False
"Amazon.com, Inc.",2021-08-25,2021-08-31,4,up,flat,0.3392114840582625,0.3914898309791727,0.2692986849625648,0.3392114840582625,-0.05227834692091021,False,False
"Amazon.com, Inc.",2021-08-26,2021-09-01,4,up,down,0.3721383158334136,0.3072049141588338,0.3206567700077525,0.3721383158334136,0.06493340167457984,True,False
"Amazon.com, Inc.",2021-08-27,2021-09-02,4,up,up,0.28187455469923495,0.23012293339564532,0.4880025119051198,0.4880025119051198,0.25787957850947446,True,True
"Amazon.com, Inc.",2021-08-30,2021-09-03,4,up,up,0.2445030187094102,0.25202823860095774,0.503468742689632,0.503468742689632,0.2514405040886743,True,True
"Amazon.com, Inc.",2021-08-31,2021-09-07,4,up,up,0.29289234904464845,0.24890565193777436,0.4582019990175772,0.4582019990175772,0.20929634707980282,True,True
"Amazon.com, Inc.",2021-09-01,2021-09-08,4,flat,up,0.34446063613405,0.26916964326044096,0.386369720605509,0.386369720605509,0.11720007734506804,True,False
"Amazon.com, Inc.",2021-09-02,2021-09-09,4,flat,down,0.4761348304885126,0.25689632029893533,0.26696884921255193,0.4761348304885126,0.21923851018957724,True,False
"Amazon.com, Inc.",2021-09-03,2021-09-10,4,flat,down,0.5247660524923312,0.20712738387703766,0.268106563630631,0.5247660524923312,0.31763866861529355,True,False
"Amazon.com, Inc.",2021-09-07,2021-09-13,4,flat,down,0.5002550793902386,0.1963320697681573,0.30341285084160396,0.5002550793902386,0.3039230096220813,True,False
"Amazon.com, Inc.",2021-09-08,2021-09-14,4,down,down,0.4632920693051096,0.22725159715480148,0.30945633354008895,0.4632920693051096,0.2360404721503081,True,True
"Amazon.com, Inc.",2021-09-09,2021-09-15,4,down,down,0.4065943395699697,0.2652087906927348,0.3281968697372955,0.4065943395699697,0.14138554887723492,True,True
"Amazon.com, Inc.",2021-09-10,2021-09-16,4,flat,up,0.3611546911012449,0.2675169085799577,0.37132840031879744,0.37132840031879744,0.10381149173883975,True,False
"Amazon.com, Inc.",2021-09-13,2021-09-17,4,flat,up,0.3329742833111816,0.21694512470876975,0.4500805919800487,0.4500805919800487,0.23313546727127893,True,False
"Amazon.com, Inc.",2021-09-14,2021-09-20,4,down,up,0.2473684066882185,0.17332705418633826,0.5793045391254433,0.5793045391254433,0.40597748493910507,True,False
"Amazon.com, Inc.",2021-09-15,2021-09-21,4,down,up,0.26255733784811064,0.21274200168112173,0.5247006604707677,0.5247006604707677,0.31195865878964596,True,False
"Amazon.com, Inc.",2021-09-16,2021-09-22,4,down,up,0.24087882136294064,0.18515302782599252,0.573968150811067,0.573968150811067,0.3888151229850745,True,False
"Amazon.com, Inc.",2021-09-17,2021-09-23,4,down,up,0.27748444818264406,0.20009208683282095,0.5224234649845348,0.5224234649845348,0.32233137815171387,True,False
"Amazon.com, Inc.",2021-09-20,2021-09-24,4,flat,up,0.3192300529166884,0.2616927010076401,0.41907724607567165,0.41907724607567165,0.15738454506803157,True,False
"Amazon.com, Inc.",2021-09-21,2021-09-27,4,flat,up,0.24559906787688673,0.2324074424002415,0.5219934897228717,0.5219934897228717,0.28958604732263027,True,False
"Amazon.com, Inc.",2021-09-22,2021-09-28,4,flat,up,0.22881776524132874,0.18941711550699364,0.5817651192516776,0.5817651192516776,0.392348003744684,True,False
"Amazon.com, Inc.",2021-09-23,2021-09-29,4,down,up,0.252509135219127,0.2355355964278404,0.5119552683530326,0.5119552683530326,0.27641967192519223,True,False
"Amazon.com, Inc.",2021-09-24,2021-09-30,4,down,up,0.265371659957203,0.2342451917459758,0.5003831482968213,0.5003831482968213,0.2661379565508455,True,False
"Amazon.com, Inc.",2021-09-27,2021-10-01,4,down,up,0.32598473706964426,0.2723545698821985,0.4016606930481572,0.4016606930481572,0.1293061231659587,True,False
"Amazon.com, Inc.",2021-09-28,2021-10-04,4,down,up,0.3714373864020756,0.25332193369483536,0.37524067990308907,0.37524067990308907,0.12191874620825371,True,False
"Amazon.com, Inc.",2021-09-29,2021-10-05,4,down,up,0.288866064428309,0.24517144978169747,0.46596248578999366,0.46596248578999366,0.2207910360082962,True,False
"Amazon.com, Inc.",2021-09-30,2021-10-06,4,down,up,0.33193859065412956,0.23642852892998983,0.43163288041588055,0.43163288041588055,0.19520435148589071,True,False
"Amazon.com, Inc.",2021-10-01,2021-10-07,4,flat,up,0.33717075744653635,0.2630693135513925,0.3997599290020712,0.3997599290020712,0.13669061545067868,True,False
"Amazon.com, Inc.",2021-10-04,2021-10-08,4,up,down,0.3626353829334044,0.2983178753792395,0.33904674168735605,0.3626353829334044,0.06431750755416493,True,False
"Amazon.com, Inc.",2021-10-05,2021-10-11,4,flat,up,0.31290478079415973,0.2724564716020486,0.4146387476037916,0.4146387476037916,0.142182276001743,True,False
"Amazon.com, Inc.",2021-10-06,2021-10-12,4,flat,up,0.28703981900942216,0.2840866801613568,0.42887350082922093,0.42887350082922093,0.14478682066786414,True,False
"Amazon.com, Inc.",2021-10-07,2021-10-13,4,flat,down,0.3554515324914781,0.2987652650251047,0.34578320248341715,0.3554515324914781,0.0566862674663734,True,False
"Amazon.com, Inc.",2021-10-08,2021-10-14,4,flat,down,0.3685120296256831,0.29504125157473277,0.33644671879958404,0.3685120296256831,0.07347077805095031,True,False
"Amazon.com, Inc.",2021-10-11,2021-10-15,4,up,down,0.42726162019010305,0.30282157662276443,0.26991680318713246,0.42726162019010305,0.12444004356733862,True,False
"Amazon.com, Inc.",2021-10-12,2021-10-18,4,up,flat,0.34186270613149433,0.3512966685982205,0.3068406252702852,0.34186270613149433,-0.009433962466726176,False,False
"Amazon.com, Inc.",2021-10-13,2021-10-19,4,up,up,0.3241111310534701,0.3258495468207495,0.35003932212578026,0.35003932212578026,0.024189775305030747,True,True
"Amazon.com, Inc.",2021-10-14,2021-10-20,4,up,flat,0.3295450832276875,0.3376459697589602,0.3328089470133524,0.3328089470133524,-0.004837022745607822,False,False
"Amazon.com, Inc.",2021-10-15,2021-10-21,4,up,up,0.32176160859918235,0.3076855400013921,0.3705528513994255,0.3705528513994255,0.06286731139803342,True,True
"Amazon.com, Inc.",2021-10-18,2021-10-22,4,down,up,0.3434512615645151,0.2904541811404902,0.36609455729499474,0.36609455729499474,0.07564037615450453,True,False
"Amazon.com, Inc.",2021-10-19,2021-10-25,4,down,down,0.388134618479005,0.2778620794567488,0.3340033020642462,0.388134618479005,0.1102725390222562,True,True
"Amazon.com, Inc.",2021-10-20,2021-10-26,4,down,down,0.41728820750861884,0.2595725987368073,0.3231391937545738,0.41728820750861884,0.1577156087718115,True,True
"Amazon.com, Inc.",2021-10-21,2021-10-27,4,flat,down,0.4140029509037265,0.25202753669233136,0.3339695124039421,0.4140029509037265,0.16197541421139516,True,False
"Amazon.com, Inc.",2021-10-22,2021-10-28,4,up,down,0.4916838170655704,0.25558130901194026,0.25273487392248917,0.4916838170655704,0.23610250805363014,True,False
"Amazon.com, Inc.",2021-10-25,2021-10-29,4,flat,down,0.4333410862078369,0.27968091924212957,0.2869779945500334,0.4333410862078369,0.15366016696570733,True,False
"Amazon.com, Inc.",2021-10-26,2021-11-01,4,flat,down,0.4329823519145807,0.2109995335361355,0.35601811454928384,0.4329823519145807,0.2219828183784452,True,False
"Amazon.com, Inc.",2021-10-27,2021-11-02,4,down,down,0.4499024187852475,0.20107920923064226,0.34901837198411034,0.4499024187852475,0.24882320955460524,True,True
"Amazon.com, Inc.",2021-10-28,2021-11-03,4,down,down,0.45832161099108504,0.21720204938274046,0.3244763396261744,0.45832161099108504,0.24111956160834458,True,True
"Amazon.com, Inc.",2021-10-29,2021-11-04,4,up,down,0.5256459162515645,0.25037907090850897,0.22397501283992644,0.5256459162515645,0.27526684534305557,True,False
"Amazon.com, Inc.",2021-11-01,2021-11-05,4,up,down,0.48790038333062896,0.22441508889310202,0.28768452777626907,0.48790038333062896,0.26348529443752694,True,False
"Amazon.com, Inc.",2021-11-02,2021-11-08,4,up,down,0.5087248627793396,0.2257622019870869,0.2655129352335738,0.5087248627793396,0.2829626607922527,True,False
"Amazon.com, Inc.",2021-11-03,2021-11-09,4,up,down,0.5035386413530651,0.23370583796669225,0.2627555206802428,0.5035386413530651,0.2698328033863729,True,False
"Amazon.com, Inc.",2021-11-04,2021-11-10,4,up,down,0.42824754745995064,0.2942237886550571,0.2775286638849922,0.42824754745995064,0.13402375880489353,True,False
"Amazon.com, Inc.",2021-11-05,2021-11-11,4,flat,down,0.4537206096249659,0.312680037750763,0.233599352624271,0.4537206096249659,0.14104057187420294,True,False
"Amazon.com, Inc.",2021-11-08,2021-11-12,4,flat,down,0.49200968961734887,0.30411191831278667,0.2038783920698642,0.49200968961734887,0.1878977713045622,True,False
"Amazon.com, Inc.",2021-11-09,2021-11-15,4,flat,down,0.5648685507401883,0.24895971030825687,0.18617173895155503,0.5648685507401883,0.3159088404319314,True,False
"Amazon.com, Inc.",2021-11-10,2021-11-16,4,flat,down,0.5951505265042368,0.24159918177446763,0.16325029172129563,0.5951505265042368,0.35355134472976923,True,False
"Amazon.com, Inc.",2021-11-11,2021-11-17,4,flat,down,0.44871388073885415,0.3539658968121272,0.19732022244901848,0.44871388073885415,0.09474798392672695,True,False
"Amazon.com, Inc.",2021-11-12,2021-11-18,4,up,down,0.4793637734936716,0.2863969846455055,0.23423924186082284,0.4793637734936716,0.1929667888481661,True,False
"Amazon.com, Inc.",2021-11-15,2021-11-19,4,up,down,0.4883055636708391,0.2839146308496979,0.22777980547946297,0.4883055636708391,0.20439093282114118,True,False
"Amazon.com, Inc.",2021-11-16,2021-11-22,4,up,down,0.4209480639428451,0.30002181917140014,0.27903011688575474,0.4209480639428451,0.12092624477144498,True,False
"Amazon.com, Inc.",2021-11-17,2021-11-23,4,flat,down,0.40115437868077175,0.2754178178076942,0.32342780351153405,0.40115437868077175,0.12573656087307755,True,False
"Amazon.com, Inc.",2021-11-18,2021-11-24,4,down,down,0.38045668455837367,0.31076210746099053,0.3087812079806357,0.38045668455837367,0.06969457709738314,True,True
"Amazon.com, Inc.",2021-11-19,2021-11-26,4,down,down,0.40259117827331226,0.34148669715491997,0.2559221245717678,0.40259117827331226,0.061104481118392284,True,True
"Amazon.com, Inc.",2021-11-22,2021-11-29,4,down,down,0.45135808698098245,0.34978529236665823,0.19885662065235915,0.45135808698098245,0.10157279461432422,True,True
"Amazon.com, Inc.",2021-11-23,2021-11-30,4,flat,down,0.4162364953401396,0.3136768125285264,0.27008669213133385,0.4162364953401396,0.1025596828116132,True,False
"Amazon.com, Inc.",2021-11-24,2021-12-01,4,down,up,0.3366347205350871,0.31831982121686353,0.34504545824804933,0.34504545824804933,0.0267256370311858,True,False
"Amazon.com, Inc.",2021-11-26,2021-12-02,4,down,up,0.345377206160679,0.3035532305350087,0.3510695633043123,0.3510695633043123,0.047516332769303615,True,False
"Amazon.com, Inc.",2021-11-29,2021-12-03,4,down,up,0.32732057420963145,0.26316811490904357,0.4095113108813251,0.4095113108813251,0.14634319597228151,True,False
"Amazon.com, Inc.",2021-11-30,2021-12-06,4,down,up,0.3446914625649852,0.2948773569249814,0.3604311805100333,0.3604311805100333,0.0655538235850519,True,False
"Amazon.com, Inc.",2021-12-01,2021-12-07,4,flat,up,0.3137880680040256,0.30624651631225513,0.37996541568371933,0.37996541568371933,0.0737188993714642,True,False
"Amazon.com, Inc.",2021-12-02,2021-12-08,4,flat,up,0.3085599224837181,0.266329235566482,0.4251108419497998,0.4251108419497998,0.15878160638331779,True,False
"Amazon.com, Inc.",2021-12-03,2021-12-09,4,up,up,0.3129610327954759,0.279833098835948,0.4072058683685762,0.4072058683685762,0.12737276953262822,True,True
"Amazon.com, Inc.",2021-12-06,2021-12-10,4,flat,up,0.30115628560040597,0.2587499525931535,0.4400937618064405,0.4400937618064405,0.18134380921328702,True,False
"Amazon.com, Inc.",2021-12-07,2021-12-13,4,down,up,0.30883986690780063,0.2909457575828892,0.40021437550931005,0.40021437550931005,0.10926861792642084,True,False
"Amazon.com, Inc.",2021-12-08,2021-12-14,4,down,up,0.30647379936697416,0.32717178159543175,0.36635441903759414,0.36635441903759414,0.03918263744216238,True,False
"Amazon.com, Inc.",2021-12-09,2021-12-15,4,down,up,0.3365267527276001,0.32044974090644357,0.34302350636595635,0.34302350636595635,0.022573765459512785,True,False
"Amazon.com, Inc.",2021-12-10,2021-12-16,4,flat,down,0.3528678224191977,0.30383806325590834,0.3432941143248939,0.3528678224191977,0.04902975916328933,True,False
"Amazon.com, Inc.",2021-12-13,2021-12-17,4,flat,down,0.3659037873128371,0.2837564271004635,0.3503397855866994,0.3659037873128371,0.08214736021237362,True,False
"Amazon.com, Inc.",2021-12-14,2021-12-20,4,flat,up,0.35549660115574333,0.28336073564670716,0.36114266319754934,0.36114266319754934,0.07778192755084218,True,False
"Amazon.com, Inc.",2021-12-15,2021-12-21,4,flat,down,0.39826201252471227,0.29156871406526164,0.31016927341002604,0.39826201252471227,0.10669329845945064,True,False
"Amazon.com, Inc.",2021-12-16,2021-12-22,4,flat,down,0.4120547514034322,0.2788110951818369,0.30913415341473083,0.4120547514034322,0.13324365622159529,True,False
"Amazon.com, Inc.",2021-12-17,2021-12-23,4,flat,down,0.3895698789862827,0.31109339269780356,0.2993367283159137,0.3895698789862827,0.07847648628847914,True,False
"Amazon.com, Inc.",2021-12-20,2021-12-27,4,flat,up,0.3050120058406479,0.29961284206863326,0.3953751520907189,0.3953751520907189,0.09576231002208563,True,False
"Amazon.com, Inc.",2021-12-21,2021-12-28,4,flat,up,0.3105685710104193,0.2780322085854108,0.4113992204041699,0.4113992204041699,0.1333670118187591,True,False
"Amazon.com, Inc.",2021-12-22,2021-12-29,4,flat,down,0.3762416279193096,0.28904694466600334,0.33471142741468696,0.3762416279193096,0.08719468325330626,True,False
"Amazon.com, Inc.",2021-12-23,2021-12-30,4,flat,flat,0.32142157678983085,0.379854675969834,0.298723747240335,0.32142157678983085,-0.05843309918000317,False,True
"Amazon.com, Inc.",2021-12-27,2021-12-31,4,down,down,0.4435314682434599,0.2873091634319366,0.26915936832460347,0.4435314682434599,0.15622230481152333,True,True
"Amazon.com, Inc.",2021-12-28,2022-01-03,4,flat,down,0.4840166078542004,0.26007003755224495,0.2559133545935546,0.4840166078542004,0.22394657030195547,True,False
"Amazon.com, Inc.",2021-12-29,2022-01-04,4,flat,down,0.38802759085469496,0.33985590623540674,0.2721165029098983,0.38802759085469496,0.048171684619288224,True,False
"Amazon.com, Inc.",2021-12-30,2022-01-05,4,down,down,0.43299676567878775,0.2951222248305214,0.27188100949069083,0.43299676567878775,0.13787454084826634,True,True
"Amazon.com, Inc.",2021-12-31,2022-01-06,4,down,down,0.46075153126694124,0.268949175511654,0.2702992932214048,0.46075153126694124,0.19180235575528726,True,True
"Amazon.com, Inc.",2022-01-03,2022-01-07,4,down,down,0.4887433584195471,0.23277657948208144,0.2784800620983715,0.4887433584195471,0.25596677893746567,True,True
"Amazon.com, Inc.",2022-01-04,2022-01-10,4,down,down,0.495072273010574,0.2367146660085161,0.2682130609809098,0.495072273010574,0.2583576070020579,True,True
"Amazon.com, Inc.",2022-01-05,2022-01-11,4,flat,down,0.4337487402920432,0.255143803028817,0.31110745667913986,0.4337487402920432,0.17860493726322618,True,False
"Amazon.com, Inc.",2022-01-06,2022-01-12,4,flat,down,0.41206118381832985,0.24344125807346628,0.34449755810820365,0.41206118381832985,0.16861992574486356,True,False
"Amazon.com, Inc.",2022-01-07,2022-01-13,4,flat,up,0.36691707029883625,0.2067755044093867,0.426307425291777,0.426307425291777,0.21953192088239032,True,False
"Amazon.com, Inc.",2022-01-10,2022-01-14,4,flat,down,0.3761833247042454,0.2711940204262848,0.35262265486946964,0.3761833247042454,0.1049893042779606,True,False
"Amazon.com, Inc.",2022-01-11,2022-01-18,4,down,down,0.3948491778791985,0.295891447925251,0.3092593741955505,0.3948491778791985,0.09895772995394747,True,True
"Amazon.com, Inc.",2022-01-12,2022-01-19,4,down,down,0.4584563389628588,0.2538965203721677,0.2876471406649735,0.4584563389628588,0.2045598185906911,True,True
"Amazon.com, Inc.",2022-01-13,2022-01-20,4,down,down,0.5073577418279865,0.27362127125716257,0.21902098691485083,0.5073577418279865,0.23373647057082397,True,True
"Amazon.com, Inc.",2022-01-14,2022-01-21,4,down,down,0.43480146426419086,0.29587189348622817,0.2693266422495809,0.43480146426419086,0.1389295707779627,True,True
"Amazon.com, Inc.",2022-01-18,2022-01-24,4,down,down,0.3672386223307407,0.3250748488796802,0.3076865287895788,0.3672386223307407,0.04216377345106054,True,True
"Amazon.com, Inc.",2022-01-19,2022-01-25,4,down,flat,0.317292903670731,0.38316198916338506,0.29954510716588395,0.317292903670731,-0.06586908549265408,False,False
"Amazon.com, Inc.",2022-01-20,2022-01-26,4,down,up,0.2806475743076622,0.3590094416208016,0.3603429840715363,0.3603429840715363,0.0013335424507346927,True,False
"Amazon.com, Inc.",2022-01-21,2022-01-27,4,down,down,0.3641555887512832,0.3060573977833085,0.3297870134654083,0.3641555887512832,0.058098190967974694,True,True
"Amazon.com, Inc.",2022-01-24,2022-01-28,4,flat,up,0.30508692877510407,0.30813330100492853,0.38677977021996746,0.38677977021996746,0.07864646921503893,True,False
"Amazon.com, Inc.",2022-01-25,2022-01-31,4,up,up,0.24399212530715916,0.3437136736069897,0.4122942010858513,0.4122942010858513,0.06858052747886162,True,True
"Amazon.com, Inc.",2022-01-26,2022-02-01,4,up,up,0.23974688293363305,0.3716868537406427,0.38856626332572436,0.38856626332572436,0.01687940958508166,True,True
"Amazon.com, Inc.",2022-01-27,2022-02-02,4,up,up,0.2163400959149208,0.3815147698836724,0.40214513420140685,0.40214513420140685,0.020630364317734462,True,True
"Amazon.com, Inc.",2022-01-28,2022-02-03,4,flat,up,0.21036944589812012,0.3798479574291072,0.4097825966727726,0.4097825966727726,0.029934639243665406,True,False
"Amazon.com, Inc.",2022-01-31,2022-02-04,4,up,flat,0.22967420442528008,0.4359414832376066,0.33438431233711347,0.33438431233711347,-0.10155717090049315,False,False
"Amazon.com, Inc.",2022-02-01,2022-02-07,4,up,flat,0.24040690911903684,0.46691813683054073,0.29267495405042265,0.29267495405042265,-0.17424318278011808,False,False
"Amazon.com, Inc.",2022-02-02,2022-02-08,4,up,flat,0.29201609360710057,0.4700168187191237,0.23796708767377583,0.29201609360710057,-0.17800072511202314,False,False
"Amazon.com, Inc.",2022-02-03,2022-02-09,4,up,flat,0.31993719440794444,0.4333814093325056,0.24668139625955013,0.31993719440794444,-0.11344421492456114,False,False
"Amazon.com, Inc.",2022-02-04,2022-02-10,4,flat,flat,0.17884188099718323,0.5834591687134566,0.23769895028936008,0.23769895028936008,-0.34576021842409654,False,True
"Amazon.com, Inc.",2022-02-07,2022-02-11,4,flat,flat,0.2162424427272165,0.631570085735573,0.1521874715372103,0.2162424427272165,-0.41532764300835656,False,True
"Amazon.com, Inc.",2022-02-08,2022-02-14,4,flat,flat,0.21935026459127782,0.6537335031806824,0.12691623222803985,0.21935026459127782,-0.43438323858940453,False,True
"Amazon.com, Inc.",2022-02-09,2022-02-15,4,down,flat,0.24880691819083534,0.6059527601803845,0.14524032162878014,0.24880691819083534,-0.35714584198954913,False,False
"Amazon.com, Inc.",2022-02-10,2022-02-16,4,flat,flat,0.26493516724712124,0.5941620609522793,0.14090277180059957,0.26493516724712124,-0.32922689370515806,False,True
"Amazon.com, Inc.",2022-02-11,2022-02-17,4,flat,flat,0.19166688575702173,0.6053345644988841,0.20299854974409412,0.20299854974409412,-0.40233601475479,False,True
"Amazon.com, Inc.",2022-02-14,2022-02-18,4,flat,flat,0.1839386153952987,0.5741172158192478,0.24194416878545344,0.24194416878545344,-0.33217304703379436,False,True
"Amazon.com, Inc.",2022-02-15,2022-02-22,4,down,flat,0.18077966875522983,0.5312824690529097,0.2879378621918607,0.2879378621918607,-0.24334460686104897,False,False
"Amazon.com, Inc.",2022-02-16,2022-02-23,4,down,flat,0.18561314190309547,0.5684091207251278,0.24597773737177667,0.24597773737177667,-0.3224313833533512,False,False
"Amazon.com, Inc.",2022-02-17,2022-02-24,4,down,flat,0.2107334044287614,0.5502171588579439,0.23904943671329462,0.23904943671329462,-0.3111677221446493,False,False
"Amazon.com, Inc.",2022-02-18,2022-02-25,4,flat,flat,0.21212793202201036,0.5508254164377746,0.23704665154021498,0.23704665154021498,-0.3137787648975596,False,True
"Amazon.com, Inc.",2022-02-22,2022-02-28,4,flat,flat,0.195679838555873,0.5084915005708757,0.29582866087325127,0.29582866087325127,-0.2126628396976244,False,True
"Amazon.com, Inc.",2022-02-23,2022-03-01,4,flat,flat,0.18833151436077558,0.4710560256340953,0.340612460005129,0.340612460005129,-0.1304435656289663,False,True
"Amazon.com, Inc.",2022-02-24,2022-03-02,4,up,flat,0.20941960032851925,0.443161431786265,0.3474189678852157,0.3474189678852157,-0.09574246390104929,False,False
"Amazon.com, Inc.",2022-02-25,2022-03-03,4,flat,flat,0.1436394579934679,0.5054678461968911,0.35089269580964094,0.35089269580964094,-0.15457515038725017,False,True
"Amazon.com, Inc.",2022-02-28,2022-03-04,4,down,flat,0.15947684207081791,0.5646372368564251,0.2758859210727568,0.2758859210727568,-0.2887513157836683,False,False
"Amazon.com, Inc.",2022-03-01,2022-03-07,4,down,flat,0.17125759838833982,0.5719763795728958,0.2567660220387644,0.2567660220387644,-0.3152103575341314,False,False
"Amazon.com, Inc.",2022-03-02,2022-03-08,4,down,flat,0.15564387311941594,0.5643464174883409,0.28000970939224307,0.28000970939224307,-0.28433670809609785,False,False
"Amazon.com, Inc.",2022-03-03,2022-03-09,4,down,flat,0.1691247467804953,0.5608241279139221,0.2700511253055826,0.2700511253055826,-0.2907730026083395,False,False
"Amazon.com, Inc.",2022-03-04,2022-03-10,4,flat,flat,0.18245470682624465,0.49380353853017417,0.3237417546435812,0.3237417546435812,-0.170061783886593,False,True
"Amazon.com, Inc.",2022-03-07,2022-03-11,4,up,up,0.21048545689587567,0.3709914971689299,0.4185230459351945,0.4185230459351945,0.04753154876626464,True,True
"Amazon.com, Inc.",2022-03-08,2022-03-14,4,up,up,0.20028020246980613,0.36219723418016825,0.4375225633500257,0.4375225633500257,0.07532532916985746,True,True
"Amazon.com, Inc.",2022-03-09,2022-03-15,4,up,up,0.2032737747884261,0.3810463814635595,0.4156798437480145,0.4156798437480145,0.03463346228445496,True,True
"Amazon.com, Inc.",2022-03-10,2022-03-16,4,flat,flat,0.2634662347136663,0.3866939440427923,0.34983982124354146,0.34983982124354146,-0.03685412279925082,False,True
"Amazon.com, Inc.",2022-03-11,2022-03-17,4,up,flat,0.226350453369827,0.5022696269785172,0.27137991965165587,0.27137991965165587,-0.23088970732686132,False,False
"Amazon.com, Inc.",2022-03-14,2022-03-18,4,up,flat,0.2238507650268057,0.5149650466055052,0.261184188367689,0.261184188367689,-0.25378085823781626,False,False
"Amazon.com, Inc.",2022-03-15,2022-03-21,4,up,flat,0.21358090470821334,0.4795552114670977,0.30686388382468904,0.30686388382468904,-0.17269132764240863,False,False
"Amazon.com, Inc.",2022-03-16,2022-03-22,4,up,flat,0.2122013178079536,0.5084951451670943,0.27930353702495203,0.27930353702495203,-0.22919160814214223,False,False
"Amazon.com, Inc.",2022-03-17,2022-03-23,4,up,flat,0.24471555888494434,0.5327398340842179,0.22254460703083778,0.24471555888494434,-0.28802427519927354,False,False
"Amazon.com, Inc.",2022-03-18,2022-03-24,4,flat,flat,0.31707140530455724,0.5035888471513719,0.17933974754407095,0.31707140530455724,-0.18651744184681462,False,True
"Amazon.com, Inc.",2022-03-21,2022-03-25,4,flat,flat,0.3302285618513625,0.5207203552159163,0.1490510829327213,0.3302285618513625,-0.1904917933645538,False,True
"Amazon.com, Inc.",2022-03-22,2022-03-28,4,flat,flat,0.3616340028139662,0.49777664058675974,0.14058935659927418,0.3616340028139662,-0.13614263777279356,False,True
"Amazon.com, Inc.",2022-03-23,2022-03-29,4,up,flat,0.36302008379813355,0.486795730701,0.15018418550086643,0.36302008379813355,-0.12377564690286647,False,False
"Amazon.com, Inc.",2022-03-24,2022-03-30,4,flat,flat,0.3732878885833407,0.4714050197159829,0.15530709170067614,0.3732878885833407,-0.0981171311326422,False,True
"Amazon.com, Inc.",2022-03-25,2022-03-31,4,flat,flat,0.35225463746221686,0.4307477696306914,0.21699759290709175,0.35225463746221686,-0.07849313216847453,False,True
"Amazon.com, Inc.",2022-03-28,2022-04-01,4,flat,down,0.4029885849607332,0.38552098746275315,0.21149042757651357,0.4029885849607332,0.017467597497980047,True,False
"Amazon.com, Inc.",2022-03-29,2022-04-04,4,down,down,0.46279934332359546,0.3464154164035159,0.19078524027288862,0.46279934332359546,0.11638392692007954,True,True
"Amazon.com, Inc.",2022-03-30,2022-04-05,4,flat,down,0.45092565291951914,0.36396060283622444,0.18511374424425625,0.45092565291951914,0.08696505008329469,True,False
"Amazon.com, Inc.",2022-03-31,2022-04-06,4,down,down,0.47110374692918155,0.3494117033485396,0.17948454972227884,0.47110374692918155,0.12169204358064195,True,True
"Amazon.com, Inc.",2022-04-01,2022-04-07,4,down,down,0.45500554547972305,0.3226304389216771,0.2223640155985997,0.45500554547972305,0.13237510655804596,True,True
"Amazon.com, Inc.",2022-04-04,2022-04-08,4,down,down,0.40987373313999315,0.32186941275608866,0.2682568541039182,0.40987373313999315,0.08800432038390449,True,True
"Amazon.com, Inc.",2022-04-05,2022-04-11,4,down,down,0.39552259149827007,0.35648749264608776,0.24798991585564228,0.39552259149827007,0.039035098852182315,True,True
"Amazon.com, Inc.",2022-04-06,2022-04-12,4,down,down,0.43241939208606484,0.37218448497487855,0.19539612293905653,0.43241939208606484,0.06023490711118629,True,True
"Amazon.com, Inc.",2022-04-07,2022-04-13,4,down,flat,0.3320145911455462,0.4192011934195473,0.24878421543490647,0.3320145911455462,-0.0871866022740011,False,False
"Amazon.com, Inc.",2022-04-08,2022-04-14,4,flat,flat,0.28265614368248937,0.4425613660809319,0.2747824902365788,0.28265614368248937,-0.15990522239844251,False,True
"Amazon.com, Inc.",2022-04-11,2022-04-18,4,flat,flat,0.3108673860123635,0.41573824487556904,0.27339436911206755,0.3108673860123635,-0.10487085886320552,False,True
"Amazon.com, Inc.",2022-04-12,2022-04-19,4,flat,flat,0.2803464837021236,0.4009499401773335,0.3187035761205431,0.3187035761205431,-0.08224636405679037,False,True
"Amazon.com, Inc.",2022-04-13,2022-04-20,4,flat,flat,0.3024180067643907,0.3936988063146477,0.3038831869209617,0.3038831869209617,-0.08981561939368599,False,True
"Amazon.com, Inc.",2022-04-14,2022-04-21,4,flat,flat,0.2927830854372788,0.41919427533500825,0.28802263922771293,0.2927830854372788,-0.12641118989772943,False,True
"Amazon.com, Inc.",2022-04-18,2022-04-22,4,down,flat,0.23185469128971353,0.46662893578570963,0.3015163729245769,0.3015163729245769,-0.16511256286113274,False,False
"Amazon.com, Inc.",2022-04-19,2022-04-25,4,down,flat,0.21336346309918786,0.4704344431039176,0.3162020937968945,0.3162020937968945,-0.15423234930702306,False,False
"Amazon.com, Inc.",2022-04-20,2022-04-26,4,down,flat,0.24715473443432315,0.49403790149012705,0.25880736407554983,0.25880736407554983,-0.23523053741457722,False,False
"Amazon.com, Inc.",2022-04-21,2022-04-27,4,down,flat,0.23543022296354008,0.4959913836862274,0.2685783933502326,0.2685783933502326,-0.22741299033599482,False,False
"Amazon.com, Inc.",2022-04-22,2022-04-28,4,flat,flat,0.2329853979364132,0.3859154731389144,0.3810991289246725,0.3810991289246725,-0.004816344214241874,False,True
"Amazon.com, Inc.",2022-04-25,2022-04-29,4,down,up,0.2108522589017978,0.35539038097963976,0.43375736011856253,0.43375736011856253,0.07836697913892277,True,False
"Amazon.com, Inc.",2022-04-26,2022-05-02,4,down,up,0.23426607193294163,0.3413421883357203,0.42439173973133804,0.42439173973133804,0.08304955139561776,True,False
"Amazon.com, Inc.",2022-04-27,2022-05-03,4,down,up,0.2159776657591383,0.3381823746491708,0.445839959591691,0.445839959591691,0.1076575849425202,True,False
"Amazon.com, Inc.",2022-04-28,2022-05-04,4,down,up,0.2466199920796686,0.36696628551788146,0.38641372240245,0.38641372240245,0.019447436884568514,True,False
"Amazon.com, Inc.",2022-04-29,2022-05-05,4,down,down,0.34766010621219945,0.32889312423444794,0.3234467695533526,0.34766010621219945,0.018766981977751507,True,True
"Amazon.com, Inc.",2022-05-02,2022-05-06,4,down,up,0.1990235101980155,0.38552875072272963,0.4154477390792549,0.4154477390792549,0.02991898835652529,True,False
"Amazon.com, Inc.",2022-05-03,2022-05-09,4,down,up,0.15359547166046236,0.3932583974203523,0.45314613091918554,0.45314613091918554,0.05988773349883325,True,False
"Amazon.com, Inc.",2022-05-04,2022-05-10,4,down,flat,0.20637811548899956,0.43759617929738326,0.3560257052136172,0.3560257052136172,-0.08157047408376605,False,False
"Amazon.com, Inc.",2022-05-05,2022-05-11,4,down,flat,0.21780826840180875,0.44613994738794904,0.33605178421024234,0.33605178421024234,-0.1100881631777067,False,False
"Amazon.com, Inc.",2022-05-06,2022-05-12,4,down,flat,0.21837307484453738,0.41457507784320663,0.36705184731225604,0.36705184731225604,-0.04752323053095059,False,False
"Amazon.com, Inc.",2022-05-09,2022-05-13,4,flat,flat,0.21984750464368694,0.41555743068832296,0.36459506466799013,0.36459506466799013,-0.05096236602033283,False,True
"Amazon.com, Inc.",2022-05-10,2022-05-16,4,flat,flat,0.19487274208308394,0.42636890714487174,0.37875835077204456,0.37875835077204456,-0.047610556372827184,False,True
"Amazon.com, Inc.",2022-05-11,2022-05-17,4,up,flat,0.22278569529496217,0.426487502730075,0.3507268019749629,0.3507268019749629,-0.0757607007551121,False,False
"Amazon.com, Inc.",2022-05-12,2022-05-18,4,flat,flat,0.23311211704882315,0.4498037520877516,0.3170841308634253,0.3170841308634253,-0.1327196212243263,False,True
"Amazon.com, Inc.",2022-05-13,2022-05-19,4,flat,flat,0.1790903126637529,0.5122452744841561,0.30866441285209095,0.30866441285209095,-0.20358086163206518,False,True
"Amazon.com, Inc.",2022-05-16,2022-05-20,4,flat,flat,0.21773162210994207,0.5588002792043063,0.2234680986857517,0.2234680986857517,-0.3353321805185546,False,True
"Amazon.com, Inc.",2022-05-17,2022-05-23,4,down,flat,0.21778279754881102,0.5788036494291984,0.20341355302199055,0.21778279754881102,-0.36102085188038735,False,False
"Amazon.com, Inc.",2022-05-18,2022-05-24,4,down,flat,0.2552860419487586,0.5269409911811112,0.2177729668701303,0.2552860419487586,-0.27165494923235256,False,False
"Amazon.com, Inc.",2022-05-19,2022-05-25,4,flat,flat,0.22577676671571173,0.5096244612930111,0.2645987719912773,0.2645987719912773,-0.2450256893017338,False,True
"Amazon.com, Inc.",2022-05-20,2022-05-26,4,flat,flat,0.22434561118175828,0.5038553024371151,0.2717990863811266,0.2717990863811266,-0.23205621605598847,False,True
"Amazon.com, Inc.",2022-05-23,2022-05-27,4,up,flat,0.23781488278520124,0.5014220639345411,0.2607630532802578,0.2607630532802578,-0.24065901065428336,False,False
"Amazon.com, Inc.",2022-05-24,2022-05-31,4,up,flat,0.24090890149050315,0.4838115004386253,0.27527959807087155,0.27527959807087155,-0.20853190236775376,False,False
"Amazon.com, Inc.",2022-05-25,2022-06-01,4,up,flat,0.19580081129569382,0.5265461920697929,0.27765299663451337,0.27765299663451337,-0.24889319543527955,False,False
"Amazon.com, Inc.",2022-05-26,2022-06-02,4,up,flat,0.20444092028391514,0.5548207920710315,0.24073828764505337,0.24073828764505337,-0.3140825044259782,False,False
"Amazon.com, Inc.",2022-05-27,2022-06-03,4,up,flat,0.2642637761056731,0.532280911347106,0.203455312547221,0.2642637761056731,-0.2680171352414329,False,False
"Amazon.com, Inc.",2022-05-31,2022-06-06,4,up,flat,0.28590269808744595,0.5135690919770064,0.20052820993554765,0.28590269808744595,-0.22766639388956045,False,False
"Amazon.com, Inc.",2022-06-01,2022-06-07,4,flat,flat,0.25808007485591467,0.5358978642222467,0.20602206092183867,0.25808007485591467,-0.27781778936633206,False,True
"Amazon.com, Inc.",2022-06-02,2022-06-08,4,flat,flat,0.24959871876618991,0.5677682180388108,0.18263306319499933,0.24959871876618991,-0.31816949927262095,False,True
"Amazon.com, Inc.",2022-06-03,2022-06-09,4,down,flat,0.2508555468090766,0.5688739700510959,0.18027048313982763,0.2508555468090766,-0.31801842324201923,False,False
"Amazon.com, Inc.",2022-06-06,2022-06-10,4,down,flat,0.29648504579213364,0.5310227871339468,0.17249216707391968,0.29648504579213364,-0.23453774134181316,False,False
"Amazon.com, Inc.",2022-06-07,2022-06-13,4,down,flat,0.276692852933469,0.5461236456084719,0.17718350145805906,0.276692852933469,-0.2694307926750029,False,False
"Amazon.com, Inc.",2022-06-08,2022-06-14,4,down,flat,0.23552535800184196,0.5205405660461524,0.24393407595200575,0.24393407595200575,-0.2766064900941466,False,False
"Amazon.com, Inc.",2022-06-09,2022-06-15,4,down,flat,0.2704146227217544,0.44495905223554943,0.28462632504269614,0.28462632504269614,-0.1603327271928533,False,False
"Amazon.com, Inc.",2022-06-10,2022-06-16,4,down,flat,0.3020635364061255,0.39927303278022175,0.2986634308136527,0.3020635364061255,-0.09720949637409626,False,False
"Amazon.com, Inc.",2022-06-13,2022-06-17,4,flat,flat,0.2631079949179093,0.39283528572892823,0.3440567193531626,0.3440567193531626,-0.04877856637576561,False,True
"Amazon.com, Inc.",2022-06-14,2022-06-21,4,up,up,0.20298617072348832,0.37110539378326873,0.425908435493243,0.425908435493243,0.05480304170997424,True,True
"Amazon.com, Inc.",2022-06-15,2022-06-22,4,flat,flat,0.21229646084478404,0.4184406472886333,0.36926289186658257,0.36926289186658257,-0.04917775542205072,False,True
"Amazon.com, Inc.",2022-06-16,2022-06-23,4,up,flat,0.2740295168543113,0.436807546008803,0.2891629371368858,0.2891629371368858,-0.14764460887191722,False,False
"Amazon.com, Inc.",2022-06-17,2022-06-24,4,up,flat,0.2712084074736495,0.45477251466547297,0.27401907786087765,0.27401907786087765,-0.18075343680459532,False,False
"Amazon.com, Inc.",2022-06-21,2022-06-27,4,up,flat,0.22650059564990072,0.48761247404200514,0.2858869303080942,0.2858869303080942,-0.20172554373391094,False,False
"Amazon.com, Inc.",2022-06-22,2022-06-28,4,flat,flat,0.24544664570083363,0.5300006173314435,0.2245527369677227,0.24544664570083363,-0.2845539716306099,False,True
"Amazon.com, Inc.",2022-06-23,2022-06-29,4,flat,flat,0.2422562107469213,0.5527171620229993,0.20502662723007947,0.2422562107469213,-0.310460951276078,False,True
"Amazon.com, Inc.",2022-06-24,2022-06-30,4,down,flat,0.20841665018733913,0.5707314667698273,0.22085188304283349,0.22085188304283349,-0.34987958372699385,False,False
"Amazon.com, Inc.",2022-06-27,2022-07-01,4,down,flat,0.220105350637124,0.5942983135317979,0.18559633583107799,0.220105350637124,-0.37419296289467385,False,False
"Amazon.com, Inc.",2022-06-28,2022-07-05,4,flat,flat,0.2944599120341455,0.5397915951865245,0.16574849277932996,0.2944599120341455,-0.24533168315237902,False,True
"Amazon.com, Inc.",2022-06-29,2022-07-06,4,up,flat,0.2762036837305643,0.48970073225003186,0.2340955840194039,0.2762036837305643,-0.21349704851946755,False,False
"Amazon.com, Inc.",2022-06-30,2022-07-07,4,up,flat,0.3311487682602059,0.4327767053789069,0.23607452636088716,0.3311487682602059,-0.101627937118701,False,False
"Amazon.com, Inc.",2022-07-01,2022-07-08,4,up,flat,0.2547448495336016,0.5049605485966167,0.24029460186978183,0.2547448495336016,-0.25021569906301505,False,False
"Amazon.com, Inc.",2022-07-05,2022-07-11,4,flat,flat,0.26362451724701436,0.5313578191963821,0.20501766355660356,0.26362451724701436,-0.2677333019493678,False,True
"Amazon.com, Inc.",2022-07-06,2022-07-12,4,flat,flat,0.24354476966778996,0.543153226192836,0.21330200413937414,0.24354476966778996,-0.2996084565250461,False,True
"Amazon.com, Inc.",2022-07-07,2022-07-13,4,down,flat,0.24766911847549467,0.5641427075468441,0.1881881739776612,0.24766911847549467,-0.3164735890713495,False,False
"Amazon.com, Inc.",2022-07-08,2022-07-14,4,down,flat,0.21799731373715953,0.5915623996496614,0.1904402866131789,0.21799731373715953,-0.37356508591250187,False,False
"Amazon.com, Inc.",2022-07-11,2022-07-15,4,flat,flat,0.28795920099296735,0.5140562163371443,0.19798458266988844,0.28795920099296735,-0.22609701534417692,False,True
"Amazon.com, Inc.",2022-07-12,2022-07-18,4,up,flat,0.30549297225330185,0.4709259680361134,0.22358105971058484,0.30549297225330185,-0.16543299578281156,False,False
"Amazon.com, Inc.",2022-07-13,2022-07-19,4,up,flat,0.3292761952484401,0.4347037030565217,0.2360201016950383,0.3292761952484401,-0.10542750780808158,False,False
"Amazon.com, Inc.",2022-07-14,2022-07-20,4,up,flat,0.25017657577930696,0.4937332480789398,0.2560901761417534,0.2560901761417534,-0.23764307193718642,False,False
"Amazon.com, Inc.",2022-07-15,2022-07-21,4,up,flat,0.3564100965642889,0.41449319195741785,0.22909671147829316,0.3564100965642889,-0.05808309539312895,False,False
"Amazon.com, Inc.",2022-07-18,2022-07-22,4,up,flat,0.2967225359936996,0.4988413919942214,0.20443607201207908,0.2967225359936996,-0.20211885600052182,False,False
"Amazon.com, Inc.",2022-07-19,2022-07-25,4,up,flat,0.31614936455237896,0.4894949246131778,0.1943557108344433,0.31614936455237896,-0.17334556006079882,False,False
"Amazon.com, Inc.",2022-07-20,2022-07-26,4,down,flat,0.32643514234332016,0.44430793644084376,0.229256921215836,0.32643514234332016,-0.1178727940975236,False,False
"Amazon.com, Inc.",2022-07-21,2022-07-27,4,down,flat,0.2992399986527739,0.4783330989393561,0.22242690240787008,0.2992399986527739,-0.1790931002865822,False,False
"Amazon.com, Inc.",2022-07-22,2022-07-28,4,flat,flat,0.33394140006126294,0.5021666089002385,0.16389199103849877,0.33394140006126294,-0.16822520883897552,False,True
"Amazon.com, Inc.",2022-07-25,2022-07-29,4,up,flat,0.3181268555250868,0.485855787876482,0.19601735659843106,0.3181268555250868,-0.1677289323513952,False,False
"Amazon.com, Inc.",2022-07-26,2022-08-01,4,up,flat,0.3448822910849352,0.4268157168949399,0.22830199202012488,0.3448822910849352,-0.08193342581000473,False,False
"Amazon.com, Inc.",2022-07-27,2022-08-02,4,up,flat,0.25394095868598543,0.4495382235982126,0.2965208177158019,0.2965208177158019,-0.1530174058824107,False,False
"Amazon.com, Inc.",2022-07-28,2022-08-03,4,up,flat,0.31001199912055544,0.422709749305177,0.26727825157426766,0.31001199912055544,-0.11269775018462158,False,False
"Amazon.com, Inc.",2022-07-29,2022-08-04,4,up,flat,0.2971354187891761,0.4831462573341444,0.2197183238766796,0.2971354187891761,-0.1860108385449683,False,False
"Amazon.com, Inc.",2022-08-01,2022-08-05,4,up,flat,0.31018708163050235,0.5122970627676949,0.17751585560180294,0.31018708163050235,-0.20210998113719258,False,False
"Amazon.com, Inc.",2022-08-02,2022-08-08,4,up,flat,0.30137268428474373,0.5114250297389008,0.18720228597635555,0.30137268428474373,-0.21005234545415707,False,False
"Amazon.com, Inc.",2022-08-03,2022-08-09,4,flat,flat,0.29946144058867946,0.49225847425629515,0.2082800851550255,0.29946144058867946,-0.1927970336676157,False,True
"Amazon.com, Inc.",2022-08-04,2022-08-10,4,flat,flat,0.3017170639072586,0.5029900493062579,0.19529288678648354,0.3017170639072586,-0.2012729853989993,False,True
"Amazon.com, Inc.",2022-08-05,2022-08-11,4,flat,flat,0.2747640581302568,0.5361364926871299,0.1890994491826133,0.2747640581302568,-0.26137243455687315,False,True
"Amazon.com, Inc.",2022-08-08,2022-08-12,4,flat,flat,0.29351658353745746,0.544330789572331,0.16215262689021137,0.29351658353745746,-0.2508142060348736,False,True
"Amazon.com, Inc.",2022-08-09,2022-08-15,4,up,flat,0.26666504074095954,0.5028707495320975,0.23046420972694284,0.26666504074095954,-0.236205708791138,False,False
"Amazon.com, Inc.",2022-08-10,2022-08-16,4,flat,flat,0.3088754353859296,0.45541401847377805,0.23571054614029247,0.3088754353859296,-0.14653858308784845,False,True
"Amazon.com, Inc.",2022-08-11,2022-08-17,4,flat,flat,0.26670709234491363,0.48004653782359297,0.2532463698314934,0.26670709234491363,-0.21333944547867933,False,True
"Amazon.com, Inc.",2022-08-12,2022-08-18,4,flat,flat,0.2757340013057184,0.5144598325810713,0.2098061661132103,0.2757340013057184,-0.2387258312753529,False,True
"Amazon.com, Inc.",2022-08-15,2022-08-19,4,down,flat,0.25446667933809997,0.5074944597384992,0.23803886092340087,0.25446667933809997,-0.2530277804003992,False,False
"Amazon.com, Inc.",2022-08-16,2022-08-22,4,down,flat,0.3131555413487854,0.46524008845740633,0.22160437019380824,0.3131555413487854,-0.1520845471086209,False,False
"Amazon.com, Inc.",2022-08-17,2022-08-23,4,down,flat,0.2455272991590079,0.4553432083843032,0.29912949245668896,0.29912949245668896,-0.15621371592761424,False,False
"Amazon.com, Inc.",2022-08-18,2022-08-24,4,down,flat,0.20912663597913422,0.42808911115862275,0.3627842528622431,0.3627842528622431,-0.06530485829637966,False,False
"Amazon.com, Inc.",2022-08-19,2022-08-25,4,down,flat,0.23062620011431015,0.38557594844128196,0.383797851444408,0.383797851444408,-0.001778096996873979,False,False
"Amazon.com, Inc.",2022-08-22,2022-08-26,4,flat,flat,0.26296161180147765,0.3794690968660961,0.35756929133242643,0.35756929133242643,-0.02189980553366966,False,True
"Amazon.com, Inc.",2022-08-23,2022-08-29,4,down,up,0.19860384424745287,0.38861529133561606,0.4127808644169312,0.4127808644169312,0.024165573081315117,True,False
"Amazon.com, Inc.",2022-08-24,2022-08-30,4,down,up,0.18700707976966324,0.3843778086429006,0.4286151115874362,0.4286151115874362,0.044237302944535595,True,False
"Amazon.com, Inc.",2022-08-25,2022-08-31,4,down,up,0.14722479971141778,0.40316167762113997,0.4496135226674423,0.4496135226674423,0.04645184504630234,True,False
"Amazon.com, Inc.",2022-08-26,2022-09-01,4,down,up,0.23307482385209272,0.3020663117652651,0.4648588643826421,0.4648588643826421,0.16279255261737702,True,False
"Amazon.com, Inc.",2022-08-29,2022-09-02,4,flat,up,0.24034588835066292,0.2990598305911294,0.46059428105820777,0.46059428105820777,0.16153445046707837,True,False
"Amazon.com, Inc.",2022-08-30,2022-09-06,4,down,up,0.19295518117187258,0.28234223888183024,0.5247025799462972,0.5247025799462972,0.24236034106446697,True,False
"Amazon.com, Inc.",2022-08-31,2022-09-07,4,flat,up,0.20774308913657852,0.24125449788414935,0.5510024129792724,0.5510024129792724,0.3097479150951231,True,False
"Amazon.com, Inc.",2022-09-01,2022-09-08,4,flat,up,0.25881348125215237,0.2532398195409677,0.48794669920688005,0.48794669920688005,0.23470687966591236,True,False
"Amazon.com, Inc.",2022-09-02,2022-09-09,4,up,up,0.20509717133615973,0.28834244595762115,0.5065603827062192,0.5065603827062192,0.21821793674859802,True,True
"Amazon.com, Inc.",2022-09-06,2022-09-12,4,up,up,0.2108487467807155,0.3070746139087187,0.48207663931056577,0.48207663931056577,0.17500202540184706,True,True
"Amazon.com, Inc.",2022-09-07,2022-09-13,4,flat,up,0.21355413852690436,0.30461570401710014,0.48183015745599567,0.48183015745599567,0.17721445343889553,True,False
"Amazon.com, Inc.",2022-09-08,2022-09-14,4,flat,up,0.20553218008671836,0.31192475470355363,0.48254306520972806,0.48254306520972806,0.17061831050617443,True,False
"Amazon.com, Inc.",2022-09-09,2022-09-15,4,down,up,0.27891951782276997,0.32981580027098634,0.3912646819062435,0.3912646819062435,0.06144888163525719,True,False
"Amazon.com, Inc.",2022-09-12,2022-09-16,4,down,up,0.27304559555295815,0.3244927504678905,0.4024616539791511,0.4024616539791511,0.07796890351126062,True,False
"Amazon.com, Inc.",2022-09-13,2022-09-19,4,down,flat,0.28936213421184426,0.3828868810247291,0.3277509847634267,0.3277509847634267,-0.05513589626130244,False,False
"Amazon.com, Inc.",2022-09-14,2022-09-20,4,down,up,0.1922099687829177,0.3623419492203155,0.44544808199676694,0.44544808199676694,0.08310613277645146,True,False
"Amazon.com, Inc.",2022-09-15,2022-09-21,4,down,up,0.20813258081682218,0.3367518779014311,0.4551155412817468,0.4551155412817468,0.11836366338031573,True,False
"Amazon.com, Inc.",2022-09-16,2022-09-22,4,down,up,0.3057248735325662,0.33090543432111685,0.36336969214631687,0.36336969214631687,0.032464257825200016,True,False
"Amazon.com, Inc.",2022-09-19,2022-09-23,4,down,up,0.18227160117695296,0.38378118072335166,0.43394721809969555,0.43394721809969555,0.0501660373763439,True,False
"Amazon.com, Inc.",2022-09-20,2022-09-26,4,down,up,0.21883013939950557,0.31787474581417285,0.4632951147863217,0.4632951147863217,0.14542036897214883,True,False
"Amazon.com, Inc.",2022-09-21,2022-09-27,4,down,up,0.24588078528853394,0.34618419367001585,0.4079350210414503,0.4079350210414503,0.06175082737143445,True,False
"Amazon.com, Inc.",2022-09-22,2022-09-28,4,flat,up,0.2456097777090697,0.30917269483294013,0.44521752745799037,0.44521752745799037,0.13604483262505024,True,False
"Amazon.com, Inc.",2022-09-23,2022-09-29,4,flat,up,0.2165557090784865,0.3000641414333947,0.4833801494881189,0.4833801494881189,0.1833160080547242,True,False
"Amazon.com, Inc.",2022-09-26,2022-09-30,4,flat,up,0.20694049129079634,0.3415212585652201,0.45153825014398363,0.45153825014398363,0.11001699157876355,True,False
"Amazon.com, Inc.",2022-09-27,2022-10-03,4,flat,flat,0.23605845274675705,0.38326648754859316,0.38067505970464977,0.38067505970464977,-0.0025914278439433946,False,True
"Amazon.com, Inc.",2022-09-28,2022-10-04,4,up,flat,0.24683994821427227,0.4246583006239367,0.328501751161791,0.328501751161791,-0.09615654946214575,False,False
"Amazon.com, Inc.",2022-09-29,2022-10-05,4,up,flat,0.2752046499166312,0.3995787672785968,0.325216582804772,0.325216582804772,-0.07436218447382481,False,False
"Amazon.com, Inc.",2022-09-30,2022-10-06,4,up,flat,0.2662822953254341,0.39745320543586404,0.33626449923870183,0.33626449923870183,-0.06118870619716221,False,False
"Amazon.com, Inc.",2022-10-03,2022-10-07,4,flat,flat,0.2324539350724576,0.4318555788849284,0.335690486042614,0.335690486042614,-0.09616509284231445,False,True
"Amazon.com, Inc.",2022-10-04,2022-10-10,4,down,flat,0.26627625128090154,0.46544349357001225,0.26828025514908616,0.26828025514908616,-0.1971632384209261,False,False
"Amazon.com, Inc.",2022-10-05,2022-10-11,4,down,flat,0.27357364156728775,0.49985312374703017,0.22657323468568213,0.27357364156728775,-0.22627948217974242,False,False
"Amazon.com, Inc.",2022-10-06,2022-10-12,4,down,flat,0.2673038282682813,0.5159838182762105,0.21671235345550816,0.2673038282682813,-0.24867999000792923,False,False
"Amazon.com, Inc.",2022-10-07,2022-10-13,4,down,flat,0.3301468484665365,0.401970597346376,0.2678825541870874,0.3301468484665365,-0.0718237488798395,False,False
"Amazon.com, Inc.",2022-10-10,2022-10-14,4,down,flat,0.27747486365361346,0.40955523615343287,0.3129699001929537,0.3129699001929537,-0.09658533596047919,False,False
"Amazon.com, Inc.",2022-10-11,2022-10-17,4,flat,flat,0.28768078043054995,0.37192108590192596,0.34039813366752414,0.34039813366752414,-0.031522952234401824,False,True
"Amazon.com, Inc.",2022-10-12,2022-10-18,4,up,flat,0.24322241819721732,0.4468766772829138,0.309900904519869,0.309900904519869,-0.1369757727630448,False,False
"Amazon.com, Inc.",2022-10-13,2022-10-19,4,up,flat,0.2956985498264681,0.3905868804874949,0.31371456968603706,0.31371456968603706,-0.07687231080145784,False,False
"Amazon.com, Inc.",2022-10-14,2022-10-20,4,up,flat,0.24952113215530236,0.4314492648216417,0.319029603023056,0.319029603023056,-0.1124196617985857,False,False
"Amazon.com, Inc.",2022-10-17,2022-10-21,4,up,flat,0.26903565438622623,0.440932718907025,0.29003162670674887,0.29003162670674887,-0.15090109220027614,False,False
"Amazon.com, Inc.",2022-10-18,2022-10-24,4,flat,flat,0.2687040640780779,0.5070571993125053,0.224238736609417,0.2687040640780779,-0.23835313523442736,False,True
"Amazon.com, Inc.",2022-10-19,2022-10-25,4,up,flat,0.2643496008538383,0.5392127031834304,0.19643769596273125,0.2643496008538383,-0.2748631023295921,False,False
"Amazon.com, Inc.",2022-10-20,2022-10-26,4,flat,flat,0.25002940639230664,0.5589658956206449,0.19100469798704847,0.25002940639230664,-0.3089364892283383,False,True
"Amazon.com, Inc.",2022-10-21,2022-10-27,4,down,flat,0.26560345075696357,0.5180934286137244,0.2163031206293121,0.26560345075696357,-0.25248997785676086,False,False
"Amazon.com, Inc.",2022-10-24,2022-10-28,4,down,flat,0.24520362810615104,0.5623534034625439,0.19244296843130496,0.24520362810615104,-0.3171497753563929,False,False
"Amazon.com, Inc.",2022-10-25,2022-10-31,4,down,flat,0.23747348031737558,0.5845055005174812,0.17802101916514323,0.23747348031737558,-0.3470320202001056,False,False
"Amazon.com, Inc.",2022-10-26,2022-11-01,4,down,flat,0.3130883620099092,0.49211046261963415,0.19480117537045671,0.3130883620099092,-0.17902210060972495,False,False
"Amazon.com, Inc.",2022-10-27,2022-11-02,4,down,flat,0.3430784086441184,0.4134072684939496,0.2435143228619321,0.3430784086441184,-0.07032885984983117,False,False
"Amazon.com, Inc.",2022-10-28,2022-11-03,4,down,flat,0.32446697103195565,0.37373985026105483,0.30179317870698946,0.32446697103195565,-0.049272879229099176,False,False
"Amazon.com, Inc.",2022-10-31,2022-11-04,4,down,flat,0.18616174286223522,0.4488285368494027,0.365009720288362,0.365009720288362,-0.08381881656104073,False,False
"Amazon.com, Inc.",2022-11-01,2022-11-07,4,down,flat,0.2784206145866804,0.3906088014972926,0.33097058391602696,0.33097058391602696,-0.05963821758126564,False,False
"Amazon.com, Inc.",2022-11-02,2022-11-08,4,down,flat,0.26659444099812046,0.38424127048074674,0.3491642885211328,0.3491642885211328,-0.03507698195961395,False,False
"Amazon.com, Inc.",2022-11-03,2022-11-09,4,flat,up,0.22904234895561526,0.36174000722971866,0.4092176438146661,0.4092176438146661,0.047477636584947414,True,False
"Amazon.com, Inc.",2022-11-04,2022-11-10,4,flat,up,0.2397320470704785,0.34509031152375047,0.41517764140577085,0.41517764140577085,0.07008732988202038,True,False
"Amazon.com, Inc.",2022-11-07,2022-11-11,4,up,flat,0.21842700131303666,0.41355340621820635,0.36801959246875693,0.36801959246875693,-0.045533813749449426,False,False
"Amazon.com, Inc.",2022-11-08,2022-11-14,4,up,flat,0.22459761944089607,0.424366355637087,0.35103602492201696,0.35103602492201696,-0.07333033071507006,False,False
"Amazon.com, Inc.",2022-11-09,2022-11-15,4,up,flat,0.23464206055823425,0.412645280605773,0.3527126588359927,0.3527126588359927,-0.059932621769780314,False,False
"Amazon.com, Inc.",2022-11-10,2022-11-16,4,flat,flat,0.214043427732585,0.5176439875500256,0.26831258471738945,0.26831258471738945,-0.24933140283263616,False,True
"Amazon.com, Inc.",2022-11-11,2022-11-17,4,down,flat,0.199599738931087,0.6263325060525278,0.17406775501638516,0.199599738931087,-0.42673276712144076,False,False
"Amazon.com, Inc.",2022-11-14,2022-11-18,4,down,flat,0.22407088376035378,0.6377400000795508,0.13818911616009552,0.22407088376035378,-0.413669116319197,False,False
"Amazon.com, Inc.",2022-11-15,2022-11-21,4,down,flat,0.19046108139699272,0.6357203090156544,0.1738186095873529,0.19046108139699272,-0.44525922761866166,False,False
"Amazon.com, Inc.",2022-11-16,2022-11-22,4,down,flat,0.24320925319361283,0.6094698583311666,0.14732088847522062,0.24320925319361283,-0.36626060513755376,False,False
"Amazon.com, Inc.",2022-11-17,2022-11-23,4,flat,flat,0.24335173713288932,0.5549637415849291,0.20168452128218167,0.24335173713288932,-0.3116120044520398,False,True
"Amazon.com, Inc.",2022-11-18,2022-11-25,4,flat,flat,0.23340699555527383,0.4986088976298919,0.2679841068148342,0.2679841068148342,-0.2306247908150577,False,True
"Amazon.com, Inc.",2022-11-21,2022-11-28,4,flat,flat,0.27820273970218434,0.4605105233321897,0.2612867369656259,0.27820273970218434,-0.18230778363000538,False,True
"Amazon.com, Inc.",2022-11-22,2022-11-29,4,flat,flat,0.20977794565722663,0.4400124138011168,0.3502096405416565,0.3502096405416565,-0.08980277325946029,False,True
"Amazon.com, Inc.",2022-11-23,2022-11-30,4,flat,flat,0.19141978316076996,0.46610978605486114,0.34247043078436895,0.34247043078436895,-0.12363935527049219,False,True
"Amazon.com, Inc.",2022-11-25,2022-12-01,4,flat,flat,0.2237764674519946,0.45035530605179874,0.3258682264962066,0.3258682264962066,-0.12448707955559213,False,True
"Amazon.com, Inc.",2022-11-28,2022-12-02,4,flat,up,0.2744565374417897,0.35252987102371425,0.3730135915344958,0.3730135915344958,0.020483720510781567,True,False
"Amazon.com, Inc.",2022-11-29,2022-12-05,4,flat,flat,0.3162572082051339,0.3632130996341037,0.3205296921607623,0.3205296921607623,-0.04268340747334137,False,True
"Amazon.com, Inc.",2022-11-30,2022-12-06,4,down,flat,0.29538471509454367,0.35686120752228334,0.34775407738317304,0.34775407738317304,-0.009107130139110298,False,False
"Amazon.com, Inc.",2022-12-01,2022-12-07,4,down,flat,0.2862411299318649,0.3644695248998088,0.3492893451683262,0.3492893451683262,-0.015180179731482613,False,False
"Amazon.com, Inc.",2022-12-02,2022-12-08,4,down,flat,0.34762941353612453,0.3796118482820633,0.2727587381818121,0.34762941353612453,-0.03198243474593876,False,False
"Amazon.com, Inc.",2022-12-05,2022-12-09,4,down,flat,0.3438150755740049,0.3790444745144097,0.2771404499115854,0.3438150755740049,-0.03522939894040478,False,False
"Amazon.com, Inc.",2022-12-06,2022-12-12,4,flat,flat,0.3260847427678394,0.351898887914605,0.3220163693175556,0.3260847427678394,-0.02581414514676561,False,True
"Amazon.com, Inc.",2022-12-07,2022-12-13,4,up,flat,0.29867068507793654,0.3701101083881068,0.3312192065339567,0.3312192065339567,-0.03889090185415012,False,False
"Amazon.com, Inc.",2022-12-08,2022-12-14,4,flat,flat,0.297273879544666,0.37045839733196956,0.3322677231233644,0.3322677231233644,-0.03819067420860517,False,True
"Amazon.com, Inc.",2022-12-09,2022-12-15,4,flat,flat,0.33036164264324264,0.4003329440527115,0.2693054133040459,0.33036164264324264,-0.06997130140946889,False,True
"Amazon.com, Inc.",2022-12-12,2022-12-16,4,flat,down,0.349938708920594,0.31060460490475017,0.3394566861746558,0.349938708920594,0.03933410401584381,True,False
"Amazon.com, Inc.",2022-12-13,2022-12-19,4,down,down,0.3419639853842362,0.3416257652256918,0.3164102493900719,0.3419639853842362,0.0003382201585444,True,True
"Amazon.com, Inc.",2022-12-14,2022-12-20,4,down,down,0.40638724501138246,0.3533642604074936,0.24024849458112374,0.40638724501138246,0.05302298460388888,True,True
"Amazon.com, Inc.",2022-12-15,2022-12-21,4,down,flat,0.389700691313921,0.4034369429400334,0.20686236574604555,0.389700691313921,-0.013736251626112417,False,False
"Amazon.com, Inc.",2022-12-16,2022-12-22,4,down,down,0.3750325514855942,0.35548676904059784,0.26948067947380777,0.3750325514855942,0.019545782444996385,True,True
"Amazon.com, Inc.",2022-12-19,2022-12-23,4,flat,flat,0.32776948785698534,0.400426801273003,0.27180371087001176,0.32776948785698534,-0.07265731341601767,False,True
"Amazon.com, Inc.",2022-12-20,2022-12-27,4,flat,flat,0.3401404764301773,0.38620436533536967,0.27365515823445297,0.3401404764301773,-0.04606388890519236,False,True
"Amazon.com, Inc.",2022-12-21,2022-12-28,4,down,flat,0.29313410303068976,0.3696252151835019,0.3372406817858084,0.3372406817858084,-0.03238453339769348,False,False
"Amazon.com, Inc.",2022-12-22,2022-12-29,4,flat,flat,0.3630167017740744,0.4058247230802466,0.231158575145679,0.3630167017740744,-0.04280802130617217,False,True
"Amazon.com, Inc.",2022-12-23,2022-12-30,4,flat,flat,0.30027107087439153,0.4001995208627586,0.29952940826284996,0.30027107087439153,-0.09992844998836709,False,True
"Amazon.com, Inc.",2022-12-27,2023-01-03,4,flat,flat,0.29455285236819406,0.425848010802463,0.2795991368293431,0.29455285236819406,-0.13129515843426892,False,True
"Amazon.com, Inc.",2022-12-28,2023-01-04,4,up,flat,0.29476836505438997,0.45192523312073996,0.2533064018248702,0.29476836505438997,-0.15715686806635,False,False
"Amazon.com, Inc.",2022-12-29,2023-01-05,4,flat,flat,0.2895520489057001,0.3996412053312701,0.31080674576302986,0.31080674576302986,-0.08883445956824026,False,True
"Amazon.com, Inc.",2022-12-30,2023-01-06,4,flat,flat,0.30624200362574344,0.4242488905326963,0.2695091058415603,0.30624200362574344,-0.11800688690695288,False,True
"Amazon.com, Inc.",2023-01-03,2023-01-09,4,flat,flat,0.3266125077002024,0.34413375754103237,0.3292537347587651,0.3292537347587651,-0.014880022782267244,False,True
"Amazon.com, Inc.",2023-01-04,2023-01-10,4,up,flat,0.3477765668757643,0.3625183274156646,0.289705105708571,0.3477765668757643,-0.014741760539900284,False,False
"Amazon.com, Inc.",2023-01-05,2023-01-11,4,up,flat,0.3437959201356484,0.4243648086650831,0.2318392711992685,0.3437959201356484,-0.08056888852943467,False,False
"Amazon.com, Inc.",2023-01-06,2023-01-12,4,up,flat,0.3560550026745912,0.39383077142921885,0.2501142258961898,0.3560550026745912,-0.037775768754627626,False,False
"Amazon.com, Inc.",2023-01-09,2023-01-13,4,up,flat,0.3303971706094353,0.3841018989629307,0.285500930427634,0.3303971706094353,-0.05370472835349538,False,False
"Amazon.com, Inc.",2023-01-10,2023-01-17,4,up,flat,0.3862241589389247,0.39104306312034853,0.2227327779407267,0.3862241589389247,-0.004818904181423833,False,False
"Amazon.com, Inc.",2023-01-11,2023-01-18,4,up,flat,0.3520255626674085,0.43114146528876235,0.2168329720438292,0.3520255626674085,-0.07911590262135387,False,False
"Amazon.com, Inc.",2023-01-12,2023-01-19,4,flat,flat,0.33130484865781595,0.43959347666942766,0.22910167467275627,0.33130484865781595,-0.10828862801161171,False,True
"Amazon.com, Inc.",2023-01-13,2023-01-20,4,flat,flat,0.3205927366418448,0.4378681458037381,0.2415391175544171,0.3205927366418448,-0.11727540916189333,False,True
"Amazon.com, Inc.",2023-01-17,2023-01-23,4,flat,flat,0.3009390018440996,0.44629186837715995,0.25276912977874055,0.3009390018440996,-0.14535286653306034,False,True
"Amazon.com, Inc.",2023-01-18,2023-01-24,4,flat,flat,0.33409994807555843,0.42109734706702173,0.24480270485741992,0.33409994807555843,-0.0869973989914633,False,True
"Amazon.com, Inc.",2023-01-19,2023-01-25,4,flat,flat,0.3598179986201931,0.4237010833353086,0.21648091804449845,0.3598179986201931,-0.0638830847151155,False,True
"Amazon.com, Inc.",2023-01-20,2023-01-26,4,up,flat,0.31722521319023445,0.39308744716916844,0.289687339640597,0.31722521319023445,-0.07586223397893399,False,False
"Amazon.com, Inc.",2023-01-23,2023-01-27,4,up,flat,0.349480714766745,0.3704769086246692,0.2800423766085858,0.349480714766745,-0.020996193857924172,False,False
"Amazon.com, Inc.",2023-01-24,2023-01-30,4,up,flat,0.3682897977501485,0.3823915261531171,0.24931867609673447,0.3682897977501485,-0.014101728402968638,False,False
"Amazon.com, Inc.",2023-01-25,2023-01-31,4,up,down,0.3644713492218259,0.3555404409913704,0.2799882097868037,0.3644713492218259,0.008930908230455503,True,False
"Amazon.com, Inc.",2023-01-26,2023-02-01,4,up,up,0.29786943315386505,0.3168107198403468,0.38531984700578814,0.38531984700578814,0.06850912716544133,True,True
"Amazon.com, Inc.",2023-01-27,2023-02-02,4,up,up,0.32223410241056094,0.31547983208728014,0.36228606550215886,0.36228606550215886,0.04680623341487872,True,True
"Amazon.com, Inc.",2023-01-30,2023-02-03,4,up,down,0.3673477778537715,0.34105476254994305,0.29159745959628547,0.3673477778537715,0.026293015303828438,True,False
"Amazon.com, Inc.",2023-01-31,2023-02-06,4,flat,up,0.3076724384713587,0.3400469051544601,0.35228065637418116,0.35228065637418116,0.012233751219721034,True,False
"Amazon.com, Inc.",2023-02-01,2023-02-07,4,down,up,0.3046772164438916,0.3190866118692701,0.3762361716868382,0.3762361716868382,0.057149559817568085,True,False
"Amazon.com, Inc.",2023-02-02,2023-02-08,4,down,flat,0.24004037832199498,0.3912062168584755,0.36875340481952956,0.36875340481952956,-0.022452812038945946,False,False
"Amazon.com, Inc.",2023-02-03,2023-02-09,4,down,flat,0.34415336890088,0.40087123842970646,0.2549753926694137,0.34415336890088,-0.05671786952882646,False,False
"Amazon.com, Inc.",2023-02-06,2023-02-10,4,down,flat,0.29068977998205353,0.44783860186522817,0.2614716181527183,0.29068977998205353,-0.15714882188317464,False,False
"Amazon.com, Inc.",2023-02-07,2023-02-13,4,flat,down,0.3943167979502334,0.3333956555500656,0.272287546499701,0.3943167979502334,0.06092114240016777,True,False
"Amazon.com, Inc.",2023-02-08,2023-02-14,4,flat,flat,0.32216357809039275,0.4265167355153263,0.25131968639428104,0.32216357809039275,-0.10435315742493356,False,True
"Amazon.com, Inc.",2023-02-09,2023-02-15,4,flat,down,0.38246891873435535,0.3816356938557105,0.23589538740993388,0.38246891873435535,0.0008332248786448448,True,False
"Amazon.com, Inc.",2023-02-10,2023-02-16,4,flat,flat,0.3566943754601084,0.38148476996299346,0.2618208545768981,0.3566943754601084,-0.02479039450288506,False,True
"Amazon.com, Inc.",2023-02-13,2023-02-17,4,flat,flat,0.2852543646864746,0.4256849466445184,0.28906068866900714,0.28906068866900714,-0.13662425797551125,False,True
"Amazon.com, Inc.",2023-02-14,2023-02-21,4,down,flat,0.3313525828505515,0.373902403647408,0.2947450135020405,0.3313525828505515,-0.042549820796856486,False,False
"Amazon.com, Inc.",2023-02-15,2023-02-22,4,down,flat,0.3098177134305589,0.42015851965715656,0.27002376691228447,0.3098177134305589,-0.11034080622659764,False,False
"Amazon.com, Inc.",2023-02-16,2023-02-23,4,down,down,0.4160237390648775,0.3332990324552747,0.2506772284798478,0.4160237390648775,0.0827247066096028,True,True
"Amazon.com, Inc.",2023-02-17,2023-02-24,4,down,down,0.4165354566607017,0.34563145549238605,0.23783308784691226,0.4165354566607017,0.07090400116831563,True,True
"Amazon.com, Inc.",2023-02-21,2023-02-27,4,flat,down,0.40394812282401593,0.32582182714153946,0.27023005003444467,0.40394812282401593,0.07812629568247648,True,False
"Amazon.com, Inc.",2023-02-22,2023-02-28,4,flat,flat,0.321937091813705,0.38102949701093114,0.29703341117536375,0.321937091813705,-0.05909240519722614,False,True
"Amazon.com, Inc.",2023-02-23,2023-03-01,4,down,flat,0.32290992815090147,0.3696014795528335,0.307488592296265,0.32290992815090147,-0.04669155140193204,False,False
"Amazon.com, Inc.",2023-02-24,2023-03-02,4,flat,down,0.4163706235703759,0.34072743490058405,0.24290194152903988,0.4163706235703759,0.07564318866979186,True,False
"Amazon.com, Inc.",2023-02-27,2023-03-03,4,flat,flat,0.3355246835110475,0.341997479712632,0.32247783677632047,0.3355246835110475,-0.00647279620158453,False,True
"Amazon.com, Inc.",2023-02-28,2023-03-06,4,flat,down,0.35669393660016624,0.3249994774966853,0.3183065859031485,0.35669393660016624,0.031694459103480954,True,False
"Amazon.com, Inc.",2023-03-01,2023-03-07,4,flat,down,0.3948999911697778,0.32821634643697606,0.276883662393246,0.3948999911697778,0.06668364473280175,True,False
"Amazon.com, Inc.",2023-03-02,2023-03-08,4,flat,down,0.3690623014303672,0.35284135356141355,0.2780963450082191,0.3690623014303672,0.016220947868953672,True,False
"Amazon.com, Inc.",2023-03-03,2023-03-09,4,flat,down,0.39520657645905644,0.2941681886029962,0.3106252349379473,0.39520657645905644,0.10103838785606023,True,False
"Amazon.com, Inc.",2023-03-06,2023-03-10,4,down,down,0.450773995647146,0.27332121906632484,0.2759047852865292,0.450773995647146,0.17745277658082115,True,True
"Amazon.com, Inc.",2023-03-07,2023-03-13,4,down,down,0.4649651798998249,0.30664766808354726,0.22838715201662785,0.4649651798998249,0.15831751181627762,True,True
"Amazon.com, Inc.",2023-03-08,2023-03-14,4,flat,down,0.43722826238479834,0.3107410026996936,0.25203073491550787,0.43722826238479834,0.1264872596851047,True,False
"Amazon.com, Inc.",2023-03-09,2023-03-15,4,flat,down,0.4005971356779769,0.31681749283647337,0.2825853714855496,0.4005971356779769,0.08377964284150352,True,False
"Amazon.com, Inc.",2023-03-10,2023-03-16,4,up,down,0.42087989470227993,0.34394191177042954,0.2351781935272904,0.42087989470227993,0.07693798293185039,True,False
"Amazon.com, Inc.",2023-03-13,2023-03-17,4,up,down,0.38719880509897336,0.35633290594572264,0.2564682889553041,0.38719880509897336,0.03086589915325072,True,False
"Amazon.com, Inc.",2023-03-14,2023-03-20,4,up,down,0.3767133194336644,0.2951249577724856,0.3281617227938499,0.3767133194336644,0.08158836166117878,True,False
"Amazon.com, Inc.",2023-03-15,2023-03-21,4,up,down,0.40577178386205115,0.3163394356121776,0.2778887805257712,0.40577178386205115,0.08943234824987356,True,False
"Amazon.com, Inc.",2023-03-16,2023-03-22,4,flat,flat,0.3449982391549532,0.3565637218115223,0.2984380390335245,0.3449982391549532,-0.011565482656569093,False,True
"Amazon.com, Inc.",2023-03-17,2023-03-23,4,flat,flat,0.3503681189278445,0.3514781775832684,0.29815370348888726,0.3503681189278445,-0.0011100586554239067,False,True
"Amazon.com, Inc.",2023-03-20,2023-03-24,4,flat,down,0.37115906727372494,0.3556569416979608,0.27318399102831414,0.37115906727372494,0.015502125575764136,True,False
"Amazon.com, Inc.",2023-03-21,2023-03-27,4,flat,down,0.3401920794097178,0.32476644070267346,0.3350414798876087,0.3401920794097178,0.015425638707044331,True,False
"Amazon.com, Inc.",2023-03-22,2023-03-28,4,down,down,0.35421178510581797,0.3313702616806855,0.31441795321349664,0.35421178510581797,0.02284152342513246,True,True
"Amazon.com, Inc.",2023-03-23,2023-03-29,4,flat,down,0.38292020639458246,0.3475134063209331,0.26956638728448434,0.38292020639458246,0.03540680007364938,True,False
"Amazon.com, Inc.",2023-03-24,2023-03-30,4,up,down,0.3803117696647541,0.3561015163961707,0.2635867139390752,0.3803117696647541,0.024210253268583393,True,False
"Amazon.com, Inc.",2023-03-27,2023-03-31,4,up,down,0.3362565385998324,0.3288141863882781,0.3349292750118895,0.3362565385998324,0.007442352211554315,True,False
"Amazon.com, Inc.",2023-03-28,2023-04-03,4,up,down,0.3546379153778393,0.34230273953188806,0.30305934509027266,0.3546379153778393,0.01233517584595123,True,False
"Amazon.com, Inc.",2023-03-29,2023-04-04,4,up,down,0.3515338407434744,0.3098147607442213,0.3386513985123043,0.3515338407434744,0.04171907999925306,True,False
"Amazon.com, Inc.",2023-03-30,2023-04-05,4,flat,down,0.40336212847904296,0.299129852463259,0.29750801905769797,0.40336212847904296,0.10423227601578394,True,False
"Amazon.com, Inc.",2023-03-31,2023-04-06,4,flat,down,0.44313130397951683,0.2775559854973325,0.27931271052315076,0.44313130397951683,0.16557531848218432,True,False
"Amazon.com, Inc.",2023-04-03,2023-04-10,4,flat,down,0.4213453833767662,0.3284807931565253,0.2501738234667086,0.4213453833767662,0.0928645902202409,True,False
"Amazon.com, Inc.",2023-04-04,2023-04-11,4,down,down,0.363612328123479,0.3166140864206442,0.31977358545587675,0.363612328123479,0.046998241702834787,True,True
"Amazon.com, Inc.",2023-04-05,2023-04-12,4,down,down,0.4080815663403593,0.33426660238598005,0.25765183127366054,0.4080815663403593,0.07381496395437925,True,True
"Amazon.com, Inc.",2023-04-06,2023-04-13,4,flat,down,0.4049703083451928,0.3347577448202538,0.26027194683455335,0.4049703083451928,0.07021256352493904,True,False
"Amazon.com, Inc.",2023-04-10,2023-04-14,4,flat,flat,0.3433643661785503,0.35284688420405386,0.303788749617396,0.3433643661785503,-0.009482518025503539,False,True
"Amazon.com, Inc.",2023-04-11,2023-04-17,4,up,down,0.4420493624011486,0.30706150996049286,0.25088912763835836,0.4420493624011486,0.13498785244065575,True,False
"Amazon.com, Inc.",2023-04-12,2023-04-18,4,up,down,0.4447637805709227,0.2870858841657893,0.26815033526328796,0.4447637805709227,0.1576778964051334,True,False
"Amazon.com, Inc.",2023-04-13,2023-04-19,4,up,down,0.3957618115267193,0.2946167657964899,0.30962142267679077,0.3957618115267193,0.10114504573022942,True,False
"Amazon.com, Inc.",2023-04-14,2023-04-20,4,flat,down,0.43507581322039224,0.2980599501746813,0.2668642366049263,0.43507581322039224,0.13701586304571095,True,False
"Amazon.com, Inc.",2023-04-17,2023-04-21,4,up,down,0.43543018817363977,0.29736462284941284,0.26720518897694734,0.43543018817363977,0.13806556532422692,True,False
"Amazon.com, Inc.",2023-04-18,2023-04-24,4,up,down,0.4346958287118636,0.29701842287065927,0.2682857484174771,0.4346958287118636,0.1376774058412043,True,False
"Amazon.com, Inc.",2023-04-19,2023-04-25,4,flat,down,0.4475960971962036,0.27217719332051826,0.2802267094832782,0.4475960971962036,0.17541890387568532,True,False
"Amazon.com, Inc.",2023-04-20,2023-04-26,4,flat,down,0.40047194610635967,0.3153734213793692,0.2841546325142711,0.40047194610635967,0.08509852472699048,True,False
"Amazon.com, Inc.",2023-04-21,2023-04-27,4,up,down,0.39725024440658885,0.3392489583745044,0.2635007972189066,0.39725024440658885,0.05800128603208443,True,False
"Amazon.com, Inc.",2023-04-24,2023-04-28,4,flat,down,0.43013162025218077,0.35763319149712003,0.21223518825069917,0.43013162025218077,0.07249842875506074,True,False
"Amazon.com, Inc.",2023-04-25,2023-05-01,4,flat,down,0.44180964226328034,0.32724003669375645,0.23095032104296317,0.44180964226328034,0.11456960556952389,True,False
"Amazon.com, Inc.",2023-04-26,2023-05-02,4,down,down,0.4024695952354701,0.3135975149748096,0.2839328897897203,0.4024695952354701,0.08887208026066051,True,True
"Amazon.com, Inc.",2023-04-27,2023-05-03,4,down,down,0.42137426885985296,0.3021678550571577,0.27645787608298933,0.42137426885985296,0.11920641380269525,True,True
"Amazon.com, Inc.",2023-04-28,2023-05-04,4,down,down,0.4777679083125449,0.337778946106289,0.18445314558116607,0.4777679083125449,0.1399889622062559,True,True
"Amazon.com, Inc.",2023-05-01,2023-05-05,4,flat,down,0.3825865026510848,0.36347808467855286,0.25393541267036235,0.3825865026510848,0.019108417972531933,True,False
"Amazon.com, Inc.",2023-05-02,2023-05-08,4,flat,down,0.4150357965210491,0.2961874930415205,0.2887767104374305,0.4150357965210491,0.11884830347952863,True,False
"Amazon.com, Inc.",2023-05-03,2023-05-09,4,flat,flat,0.3400094814140995,0.34944250268151034,0.3105480159043902,0.3400094814140995,-0.009433021267410857,False,True
"Amazon.com, Inc.",2023-05-04,2023-05-10,4,up,flat,0.3330154366221256,0.38381711828616955,0.2831674450917051,0.3330154366221256,-0.05080168166404392,False,False
"Amazon.com, Inc.",2023-05-05,2023-05-11,4,up,flat,0.35223639077280144,0.3613738462095084,0.28638976301769015,0.35223639077280144,-0.009137455436706965,False,False
"Amazon.com, Inc.",2023-05-08,2023-05-12,4,up,flat,0.34525946752381526,0.35053310591285314,0.30420742656333166,0.34525946752381526,-0.005273638389037882,False,False
"Amazon.com, Inc.",2023-05-09,2023-05-15,4,up,flat,0.34111522707294495,0.3714479533651963,0.2874368195618588,0.34111522707294495,-0.030332726292251366,False,False
"Amazon.com, Inc.",2023-05-10,2023-05-16,4,up,down,0.3602544198047597,0.346993733017247,0.2927518471779935,0.3602544198047597,0.013260686787512688,True,False
"Amazon.com, Inc.",2023-05-11,2023-05-17,4,up,flat,0.3803936511685209,0.38131517228442646,0.23829117654705267,0.3803936511685209,-0.0009215211159055436,False,False
"Amazon.com, Inc.",2023-05-12,2023-05-18,4,up,flat,0.3731695478933823,0.40958146861207484,0.21724898349454277,0.3731695478933823,-0.036411920718692536,False,False
"Amazon.com, Inc.",2023-05-15,2023-05-19,4,up,flat,0.3738666480860806,0.40456761956244014,0.22156573235147925,0.3738666480860806,-0.03070097147635953,False,False
"Amazon.com, Inc.",2023-05-16,2023-05-22,4,up,down,0.3994390138967391,0.3579365651090417,0.24262442099421905,0.3994390138967391,0.04150244878769738,True,False
"Amazon.com, Inc.",2023-05-17,2023-05-23,4,flat,flat,0.38092646699840826,0.4096656283618309,0.20940790463976083,0.38092646699840826,-0.02873916136342264,False,True
"Amazon.com, Inc.",2023-05-18,2023-05-24,4,flat,flat,0.3853803729845236,0.4162771200774201,0.1983425069380562,0.3853803729845236,-0.030896747092896526,False,True
"Amazon.com, Inc.",2023-05-19,2023-05-25,4,flat,flat,0.3850963099846437,0.4298599288559541,0.1850437611594022,0.3850963099846437,-0.04476361887131036,False,True
"Amazon.com, Inc.",2023-05-22,2023-05-26,4,up,down,0.4294210832046621,0.36934304932590883,0.201235867469429,0.4294210832046621,0.06007803387875327,True,False
"Amazon.com, Inc.",2023-05-23,2023-05-30,4,up,flat,0.3440840159739304,0.3722403206157634,0.28367566341030626,0.3440840159739304,-0.028156304641832997,False,False
"Amazon.com, Inc.",2023-05-24,2023-05-31,4,up,flat,0.3297048869008429,0.3772499228167436,0.2930451902824136,0.3297048869008429,-0.0475450359159007,False,False
"Amazon.com, Inc.",2023-05-25,2023-06-01,4,up,down,0.3679207075169246,0.3575071411063562,0.2745721513767192,0.3679207075169246,0.010413566410568453,True,False
"Amazon.com, Inc.",2023-05-26,2023-06-02,4,up,down,0.39333354402462184,0.3226082994250995,0.2840581565502786,0.39333354402462184,0.07072524459952234,True,False
"Amazon.com, Inc.",2023-05-30,2023-06-05,4,up,down,0.4204684040103358,0.3616904199066018,0.2178411760830623,0.4204684040103358,0.05877798410373403,True,False
"Amazon.com, Inc.",2023-05-31,2023-06-06,4,up,down,0.4292688314769655,0.3528608835052892,0.2178702850177452,0.4292688314769655,0.07640794797167627,True,False
"Amazon.com, Inc.",2023-06-01,2023-06-07,4,flat,down,0.39717522706078096,0.3903398004912854,0.21248497244793374,0.39717522706078096,0.00683542656949554,True,False
"Amazon.com, Inc.",2023-06-02,2023-06-08,4,flat,down,0.40547735047838235,0.34003894143640667,0.2544837080852108,0.40547735047838235,0.06543840904197568,True,False
"Amazon.com, Inc.",2023-06-05,2023-06-09,4,flat,down,0.38177683719934485,0.3760411712728498,0.24218199152780517,0.38177683719934485,0.005735665926495048,True,False
"Amazon.com, Inc.",2023-06-06,2023-06-12,4,flat,down,0.3723300943114119,0.3654740385415851,0.26219586714700294,0.3723300943114119,0.0068560557698267854,True,False
"Amazon.com, Inc.",2023-06-07,2023-06-13,4,up,down,0.35475533610301185,0.2989220440170058,0.3463226198799824,0.35475533610301185,0.05583329208600607,True,False
"Amazon.com, Inc.",2023-06-08,2023-06-14,4,flat,up,0.30776459032570036,0.3226377322712195,0.36959767740308014,0.36959767740308014,0.046959945131860636,True,False
"Amazon.com, Inc.",2023-06-09,2023-06-15,4,flat,up,0.27283929803756085,0.3172851616833101,0.4098755402791292,0.4098755402791292,0.09259037859581909,True,False
"Amazon.com, Inc.",2023-06-12,2023-06-16,4,flat,up,0.28011832000597225,0.30658872664234427,0.4132929533516836,0.4132929533516836,0.10670422670933932,True,False
"Amazon.com, Inc.",2023-06-13,2023-06-20,4,flat,up,0.31786320190692186,0.33836564423807447,0.3437711538550037,0.3437711538550037,0.005405509616929205,True,False
"Amazon.com, Inc.",2023-06-14,2023-06-21,4,flat,up,0.28485065338474147,0.2924745096991036,0.42267483691615504,0.42267483691615504,0.13020032721705144,True,False
"Amazon.com, Inc.",2023-06-15,2023-06-22,4,flat,up,0.30625714962497574,0.25440611281053693,0.4393367375644873,0.4393367375644873,0.1849306247539504,True,False
"Amazon.com, Inc.",2023-06-16,2023-06-23,4,up,up,0.31489082971802534,0.2393064747525564,0.44580269552941815,0.44580269552941815,0.20649622077686175,True,True
"Amazon.com, Inc.",2023-06-20,2023-06-26,4,up,up,0.25129582653684973,0.23136357279239228,0.5173406006707582,0.5173406006707582,0.2859770278783659,True,True
"Amazon.com, Inc.",2023-06-21,2023-06-27,4,up,up,0.22105406589859347,0.23293667697287612,0.5460092571285304,0.5460092571285304,0.3130725801556543,True,True
"Amazon.com, Inc.",2023-06-22,2023-06-28,4,flat,up,0.29140561332210846,0.21581081654052223,0.49278357013736923,0.49278357013736923,0.27697275359684703,True,False
"Amazon.com, Inc.",2023-06-23,2023-06-29,4,flat,up,0.28446239806299944,0.30320175012409567,0.4123358518129048,0.4123358518129048,0.1091341016888091,True,False
"Amazon.com, Inc.",2023-06-26,2023-06-30,4,flat,up,0.2525050808225607,0.2877131029224438,0.4597818162549955,0.4597818162549955,0.1720687133325517,True,False
"Amazon.com, Inc.",2023-06-27,2023-07-03,4,flat,up,0.2273081123365775,0.2810400297885075,0.49165185787491505,0.49165185787491505,0.21061182808640755,True,False
"Amazon.com, Inc.",2023-06-28,2023-07-05,4,flat,up,0.2536513261963389,0.2667282581032483,0.4796204157004128,0.4796204157004128,0.2128921575971645,True,False
"Amazon.com, Inc.",2023-06-29,2023-07-06,4,flat,up,0.2212589191762475,0.24270252572163653,0.5360385551021163,0.5360385551021163,0.29333602938047976,True,False
"Amazon.com, Inc.",2023-06-30,2023-07-07,4,flat,up,0.2534143667128136,0.25346431474334397,0.49312131854384234,0.49312131854384234,0.23965700380049837,True,False
"Amazon.com, Inc.",2023-07-03,2023-07-10,4,down,up,0.22723089680544822,0.30646395756006184,0.4663051456344901,0.4663051456344901,0.15984118807442826,True,False
"Amazon.com, Inc.",2023-07-05,2023-07-11,4,down,up,0.2648030329289891,0.24793607626499442,0.4872608908060166,0.4872608908060166,0.23932481454102217,True,False
"Amazon.com, Inc.",2023-07-06,2023-07-12,4,flat,up,0.22978406852215166,0.23827499071690303,0.5319409407609456,0.5319409407609456,0.2936659500440425,True,False
"Amazon.com, Inc.",2023-07-07,2023-07-13,4,up,up,0.194311915437157,0.2038330215907731,0.60185506297207,0.60185506297207,0.39802204138129693,True,True
"Amazon.com, Inc.",2023-07-10,2023-07-14,4,up,up,0.2384975623963957,0.25467138417529794,0.5068310534283065,0.5068310534283065,0.25215966925300853,True,True
"Amazon.com, Inc.",2023-07-11,2023-07-17,4,up,up,0.20441218192948793,0.2160047894036104,0.5795830286669019,0.5795830286669019,0.3635782392632915,True,True
"Amazon.com, Inc.",2023-07-12,2023-07-18,4,flat,up,0.22030828906464608,0.2148921377169845,0.5647995732183697,0.5647995732183697,0.3499074355013852,True,False
"Amazon.com, Inc.",2023-07-13,2023-07-19,4,flat,up,0.28169166600644874,0.2809734424657676,0.4373348915277837,0.4373348915277837,0.1563614490620161,True,False
"Amazon.com, Inc.",2023-07-14,2023-07-20,4,down,up,0.28104120435306895,0.31563798742397525,0.4033208082229558,0.4033208082229558,0.08768282079898054,True,False
"Amazon.com, Inc.",2023-07-17,2023-07-21,4,down,up,0.25971398841316484,0.3082912480414923,0.43199476354534283,0.43199476354534283,0.1237035155038505,True,False
"Amazon.com, Inc.",2023-07-18,2023-07-24,4,down,up,0.224561648656631,0.27136589926772975,0.5040724520756394,0.5040724520756394,0.2327065528079097,True,False
"Amazon.com, Inc.",2023-07-19,2023-07-25,4,down,up,0.2206665912186718,0.2304869031796426,0.5488465056016857,0.5488465056016857,0.3183596024220431,True,False
"Amazon.com, Inc.",2023-07-20,2023-07-26,4,down,up,0.23375757916688436,0.27104658396443343,0.4951958368686823,0.4951958368686823,0.22414925290424886,True,False
"Amazon.com, Inc.",2023-07-21,2023-07-27,4,flat,up,0.29336171911579034,0.24880317706855865,0.45783510381565096,0.45783510381565096,0.2090319267470923,True,False
"Amazon.com, Inc.",2023-07-24,2023-07-28,4,flat,up,0.19465731916219153,0.25727817726297186,0.5480645035748368,0.5480645035748368,0.29078632631186496,True,False
"Amazon.com, Inc.",2023-07-25,2023-07-31,4,up,up,0.21211693554331112,0.23616475859753566,0.5517183058591533,0.5517183058591533,0.3155535472616176,True,True
"Amazon.com, Inc.",2023-07-26,2023-08-01,4,up,up,0.22000892318009108,0.2645660107848917,0.5154250660350174,0.5154250660350174,0.25085905525012564,True,True
"Amazon.com, Inc.",2023-07-27,2023-08-02,4,flat,up,0.19854892608856028,0.21493205408574845,0.5865190198256913,0.5865190198256913,0.3715869657399429,True,False
"Amazon.com, Inc.",2023-07-28,2023-08-03,4,down,up,0.20036345837595035,0.237156954781803,0.5624795868422467,0.5624795868422467,0.32532263206044376,True,False
"Amazon.com, Inc.",2023-07-31,2023-08-04,4,up,up,0.232394334105803,0.2649393619976185,0.5026663038965784,0.5026663038965784,0.23772694189895988,True,True
"Amazon.com, Inc.",2023-08-01,2023-08-07,4,up,up,0.2257171977980608,0.2873577348529706,0.4869250673489685,0.4869250673489685,0.1995673324959979,True,True
"Amazon.com, Inc.",2023-08-02,2023-08-08,4,up,up,0.2383481040655258,0.30117930417107575,0.46047259176339844,0.46047259176339844,0.1592932875923227,True,True
"Amazon.com, Inc.",2023-08-03,2023-08-09,4,up,up,0.23056276900131584,0.2468960324752368,0.5225411985234474,0.5225411985234474,0.27564516604821054,True,True
"Amazon.com, Inc.",2023-08-04,2023-08-10,4,flat,flat,0.27780156052623023,0.3670226767725424,0.3551757627012274,0.3551757627012274,-0.011846914071314996,False,True
"Amazon.com, Inc.",2023-08-07,2023-08-11,4,down,flat,0.27777787523009545,0.4759107604029148,0.2463113643669898,0.27777787523009545,-0.19813288517281935,False,False
"Amazon.com, Inc.",2023-08-08,2023-08-14,4,flat,flat,0.24867691393907893,0.48461080039695603,0.2667122856639652,0.2667122856639652,-0.21789851473299082,False,True
"Amazon.com, Inc.",2023-08-09,2023-08-15,4,flat,flat,0.21930556972869913,0.45402336019100087,0.32667107008030005,0.32667107008030005,-0.12735229011070082,False,True
"Amazon.com, Inc.",2023-08-10,2023-08-16,4,down,flat,0.23958987475460802,0.4411631446587919,0.31924698058660006,0.31924698058660006,-0.12191616407219186,False,False
"Amazon.com, Inc.",2023-08-11,2023-08-17,4,down,flat,0.19375884594721735,0.4123054542612751,0.39393569979150767,0.39393569979150767,-0.018369754469767408,False,False
"Amazon.com, Inc.",2023-08-14,2023-08-18,4,down,flat,0.1945483005810297,0.42691171532564987,0.37853998409332046,0.37853998409332046,-0.04837173123232941,False,False
"Amazon.com, Inc.",2023-08-15,2023-08-21,4,down,flat,0.20808606040451516,0.43718999041826834,0.35472394917721656,0.35472394917721656,-0.08246604124105178,False,False
"Amazon.com, Inc.",2023-08-16,2023-08-22,4,flat,flat,0.2235929939755688,0.39690956357765234,0.379497442446779,0.379497442446779,-0.017412121130873315,False,True
"Amazon.com, Inc.",2023-08-17,2023-08-23,4,flat,up,0.2171800508779335,0.35892539517207456,0.423894553949992,0.423894553949992,0.06496915877791742,True,False
"Amazon.com, Inc.",2023-08-18,2023-08-24,4,flat,up,0.22875186848387474,0.35327856775593386,0.41796956376019145,0.41796956376019145,0.0646909960042576,True,False
"Amazon.com, Inc.",2023-08-21,2023-08-25,4,flat,up,0.18878056961370182,0.37007380140683876,0.4411456289794595,0.4411456289794595,0.07107182757262076,True,False
"Amazon.com, Inc.",2023-08-22,2023-08-28,4,flat,flat,0.17173205822867707,0.42900041998703853,0.3992675217842845,0.3992675217842845,-0.029732898202754043,False,True
"Amazon.com, Inc.",2023-08-23,2023-08-29,4,flat,flat,0.2134029589250636,0.4106033573212199,0.3759936837537166,0.3759936837537166,-0.034609673567503274,False,True
"Amazon.com, Inc.",2023-08-24,2023-08-30,4,flat,up,0.2141414845898843,0.36284677746360094,0.4230117379465148,0.4230117379465148,0.060164960482913865,True,False
"Amazon.com, Inc.",2023-08-25,2023-08-31,4,up,up,0.22111745422940293,0.3617809656002672,0.4171015801703299,0.4171015801703299,0.05532061457006271,True,True
"Amazon.com, Inc.",2023-08-28,2023-09-01,4,up,up,0.173075805866839,0.3842235211114698,0.4427006730216912,0.4427006730216912,0.0584771519102214,True,True
"Amazon.com, Inc.",2023-08-29,2023-09-05,4,up,up,0.19081841390867102,0.36268293251047756,0.4464986535808514,0.4464986535808514,0.08381572107037383,True,True
"Amazon.com, Inc.",2023-08-30,2023-09-06,4,flat,up,0.1828145183219906,0.40829477258812263,0.40889070908988684,0.40889070908988684,0.0005959365017642049,True,False
"Amazon.com, Inc.",2023-08-31,2023-09-07,4,flat,up,0.22523456893700936,0.3820789052640594,0.39268652579893115,0.39268652579893115,0.010607620534871742,True,False
"Amazon.com, Inc.",2023-09-01,2023-09-08,4,flat,up,0.2486589613622738,0.25795409739974196,0.4933869412379844,0.4933869412379844,0.23543284383824242,True,False
"Amazon.com, Inc.",2023-09-05,2023-09-11,4,up,up,0.24113412739096637,0.24905970240142478,0.5098061702076091,0.5098061702076091,0.2607464678061843,True,True
"Amazon.com, Inc.",2023-09-06,2023-09-12,4,up,up,0.23143456942566487,0.250203816741309,0.5183616138330263,0.5183616138330263,0.2681577970917173,True,True
"Amazon.com, Inc.",2023-09-07,2023-09-13,4,up,up,0.2093509304837205,0.2476417299677688,0.543007339548511,0.543007339548511,0.2953656095807422,True,True
"Amazon.com, Inc.",2023-09-08,2023-09-14,4,up,up,0.2016020956510625,0.23713820456538864,0.5612596997835491,0.5612596997835491,0.3241214952181604,True,True
"Amazon.com, Inc.",2023-09-11,2023-09-15,4,flat,up,0.23841621857520157,0.2512050634168016,0.5103787180079968,0.5103787180079968,0.25917365459119523,True,False
"Amazon.com, Inc.",2023-09-12,2023-09-18,4,flat,up,0.2541352888831177,0.26574155877035666,0.48012315234652553,0.48012315234652553,0.21438159357616887,True,False
"Amazon.com, Inc.",2023-09-13,2023-09-19,4,down,up,0.2748090851015974,0.2676415958661865,0.4575493190322161,0.4575493190322161,0.18990772316602955,True,False
"Amazon.com, Inc.",2023-09-14,2023-09-20,4,down,up,0.2683938293882454,0.2886875065124564,0.44291866409929814,0.44291866409929814,0.15423115758684175,True,False
"Amazon.com, Inc.",2023-09-15,2023-09-21,4,down,up,0.33718666200194997,0.24126748909043946,0.4215458489076107,0.4215458489076107,0.18027835981717125,True,False
"Amazon.com, Inc.",2023-09-18,2023-09-22,4,down,up,0.21656857328663112,0.25882419975831317,0.5246072269550557,0.5246072269550557,0.2657830271967425,True,False
"Amazon.com, Inc.",2023-09-19,2023-09-25,4,down,up,0.2556611773378462,0.23994958398410707,0.5043892386780469,0.5043892386780469,0.2644396546939398,True,False
"Amazon.com, Inc.",2023-09-20,2023-09-26,4,down,up,0.21457862978704764,0.25112643792768835,0.5342949322852643,0.5342949322852643,0.2831684943575759,True,False
"Amazon.com, Inc.",2023-09-21,2023-09-27,4,down,up,0.28309632946624674,0.2520341841893225,0.46486948634443087,0.46486948634443087,0.21283530215510837,True,False
"Amazon.com, Inc.",2023-09-22,2023-09-28,4,down,up,0.22535657371543844,0.23699037880273616,0.5376530474818255,0.5376530474818255,0.30066266867908936,True,False
"Amazon.com, Inc.",2023-09-25,2023-09-29,4,down,up,0.20369737887032452,0.23650735683368104,0.5597952642959946,0.5597952642959946,0.3232879074623135,True,False
"Amazon.com, Inc.",2023-09-26,2023-10-02,4,flat,up,0.263215012254342,0.27500320682215446,0.4617817809235035,0.4617817809235035,0.18677857410134907,True,False
"Amazon.com, Inc.",2023-09-27,2023-10-03,4,flat,up,0.22768137138533215,0.24775184058816963,0.5245667880264984,0.5245667880264984,0.27681494743832874,True,False
"Amazon.com, Inc.",2023-09-28,2023-10-04,4,flat,up,0.1944983289209277,0.23494197856967003,0.5705596925094025,0.5705596925094025,0.3356177139397325,True,False
"Amazon.com, Inc.",2023-09-29,2023-10-05,4,flat,up,0.2107290413658436,0.25247214128719886,0.5367988173469577,0.5367988173469577,0.2843266760597588,True,False
"Amazon.com, Inc.",2023-10-02,2023-10-06,4,flat,up,0.21251768879103697,0.29402993839410424,0.49345237281485893,0.49345237281485893,0.1994224344207547,True,False
"Amazon.com, Inc.",2023-10-03,2023-10-09,4,flat,up,0.242256924054777,0.313003583051791,0.4447394928934322,0.4447394928934322,0.13173590984164119,True,False
"Amazon.com, Inc.",2023-10-04,2023-10-10,4,flat,up,0.2034657473550656,0.3001141045014569,0.49642014814347757,0.49642014814347757,0.19630604364202064,True,False
"Amazon.com, Inc.",2023-10-05,2023-10-11,4,up,up,0.23091104794392486,0.292464335933728,0.4766246161223472,0.4766246161223472,0.18416028018861919,True,True
"Amazon.com, Inc.",2023-10-06,2023-10-12,4,up,up,0.20650171325256828,0.29181838839471147,0.5016798983527204,0.5016798983527204,0.20986150995800895,True,True
"Amazon.com, Inc.",2023-10-09,2023-10-13,4,up,up,0.21434101599788205,0.28294228132039223,0.5027167026817259,0.5027167026817259,0.21977442136133363,True,True
"Amazon.com, Inc.",2023-10-10,2023-10-16,4,flat,up,0.21175471899224615,0.31645857506626207,0.47178670594149175,0.47178670594149175,0.15532813087522968,True,False
"Amazon.com, Inc.",2023-10-11,2023-10-17,4,flat,up,0.22109916940965793,0.3147081088647061,0.464192721725636,0.464192721725636,0.1494846128609299,True,False
"Amazon.com, Inc.",2023-10-12,2023-10-18,4,down,up,0.2758299606597924,0.28540136063528315,0.4387686787049243,0.4387686787049243,0.15336731806964116,True,False
"Amazon.com, Inc.",2023-10-13,2023-10-19,4,flat,up,0.23573759506535488,0.2959738131937522,0.468288591740893,0.468288591740893,0.17231477854714078,True,False
"Amazon.com, Inc.",2023-10-16,2023-10-20,4,down,up,0.20446076143185077,0.27912270854694426,0.5164165300212051,0.5164165300212051,0.23729382147426087,True,False
"Amazon.com, Inc.",2023-10-17,2023-10-23,4,down,up,0.2153991476524806,0.2680510163339642,0.5165498360135552,0.5165498360135552,0.24849881967959098,True,False
"Amazon.com, Inc.",2023-10-18,2023-10-24,4,flat,up,0.21223668834132386,0.2708718699834538,0.5168914416752225,0.5168914416752225,0.2460195716917687,True,False
"Amazon.com, Inc.",2023-10-19,2023-10-25,4,down,up,0.20940162216070451,0.25847303198588406,0.5321253458534115,0.5321253458534115,0.2736523138675275,True,False
"Amazon.com, Inc.",2023-10-20,2023-10-26,4,down,up,0.24971769896160884,0.25213004114902227,0.49815225988936895,0.49815225988936895,0.2460222187403467,True,False
"Amazon.com, Inc.",2023-10-23,2023-10-27,4,flat,up,0.23925423678838031,0.24180511493068324,0.5189406482809366,0.5189406482809366,0.2771355333502533,True,False
"Amazon.com, Inc.",2023-10-24,2023-10-30,4,up,up,0.18742597801580765,0.22958422050313984,0.5829898014810526,0.5829898014810526,0.35340558097791275,True,True
"Amazon.com, Inc.",2023-10-25,2023-10-31,4,up,up,0.2887322128047884,0.26707074057044083,0.44419704662477083,0.44419704662477083,0.17712630605433,True,True
"Amazon.com, Inc.",2023-10-26,2023-11-01,4,up,up,0.2662082349134559,0.25874920261916545,0.47504256246737864,0.47504256246737864,0.21629335984821318,True,True
"Amazon.com, Inc.",2023-10-27,2023-11-02,4,up,up,0.2425675249218813,0.30473838117755087,0.4526940939005678,0.4526940939005678,0.14795571272301694,True,True
"Amazon.com, Inc.",2023-10-30,2023-11-03,4,up,flat,0.3021083450721465,0.38804035882229687,0.3098512961055566,0.3098512961055566,-0.07818906271674025,False,False
"Amazon.com, Inc.",2023-10-31,2023-11-06,4,up,flat,0.2763873604858278,0.42466922907636073,0.29894341043781164,0.29894341043781164,-0.1257258186385491,False,False
"Amazon.com, Inc.",2023-11-01,2023-11-07,4,up,flat,0.3136756171441305,0.3977017663372531,0.2886226165186164,0.3136756171441305,-0.08402614919312262,False,False
"Amazon.com, Inc.",2023-11-02,2023-11-08,4,up,flat,0.2803591400814753,0.4189342491209691,0.3007066107975557,0.3007066107975557,-0.11822763832341343,False,False
"Amazon.com, Inc.",2023-11-03,2023-11-09,4,flat,flat,0.2595379375863749,0.4750693400552183,0.26539272235840683,0.26539272235840683,-0.20967661769681145,False,True
"Amazon.com, Inc.",2023-11-06,2023-11-10,4,flat,flat,0.24768085880298057,0.47366393058335277,0.2786552106136667,0.2786552106136667,-0.19500871996968605,False,True
"Amazon.com, Inc.",2023-11-07,2023-11-13,4,flat,flat,0.28962407320246564,0.40687896702035464,0.3034969597771798,0.3034969597771798,-0.10338200724317487,False,True
"Amazon.com, Inc.",2023-11-08,2023-11-14,4,up,flat,0.26689868354876334,0.4286817204679463,0.3044195959832905,0.3044195959832905,-0.12426212448465579,False,False
"Amazon.com, Inc.",2023-11-09,2023-11-15,4,up,flat,0.2211434453442983,0.4161307310984623,0.3627258235572394,0.3627258235572394,-0.0534049075412229,False,False
"Amazon.com, Inc.",2023-11-10,2023-11-16,4,flat,up,0.25860222029816915,0.3390972994316315,0.40230048027019927,0.40230048027019927,0.06320318083856774,True,False
"Amazon.com, Inc.",2023-11-13,2023-11-17,4,flat,up,0.22562659604509705,0.3798260444857805,0.39454735946912245,0.39454735946912245,0.014721314983341949,True,False
"Amazon.com, Inc.",2023-11-14,2023-11-20,4,flat,up,0.30404481101863035,0.2994947509283939,0.3964604380529757,0.3964604380529757,0.09696568712458181,True,False
"Amazon.com, Inc.",2023-11-15,2023-11-21,4,flat,up,0.3012350197800615,0.3256057582583326,0.3731592219616059,0.3731592219616059,0.04755346370327329,True,False
"Amazon.com, Inc.",2023-11-16,2023-11-22,4,up,up,0.2621241785382607,0.3247837783700551,0.41309204309168435,0.41309204309168435,0.08830826472162923,True,True
"Amazon.com, Inc.",2023-11-17,2023-11-24,4,up,up,0.24034359455261337,0.2711286927026329,0.4885277127447538,0.4885277127447538,0.21739902004212092,True,True
"Amazon.com, Inc.",2023-11-20,2023-11-27,4,flat,up,0.24992133543889303,0.27627732451768683,0.4738013400434202,0.4738013400434202,0.1975240155257334,True,False
"Amazon.com, Inc.",2023-11-21,2023-11-28,4,up,up,0.2972720679667966,0.30129370745057493,0.4014342245826285,0.4014342245826285,0.10014051713205357,True,True
"Amazon.com, Inc.",2023-11-22,2023-11-29,4,flat,up,0.22677563146824015,0.30553460892974477,0.46768975960201525,0.46768975960201525,0.1621551506722705,True,False
"Amazon.com, Inc.",2023-11-24,2023-11-30,4,flat,up,0.2173928471596821,0.36297528825201014,0.41963186458830803,0.41963186458830803,0.05665657633629789,True,False
"Amazon.com, Inc.",2023-11-27,2023-12-01,4,flat,up,0.26869702859020156,0.2446501137405814,0.48665285766921695,0.48665285766921695,0.24200274392863555,True,False
"Amazon.com, Inc.",2023-11-28,2023-12-04,4,down,up,0.2394177578439742,0.24125112540231525,0.5193311167537107,0.5193311167537107,0.27807999135139544,True,False
"Amazon.com, Inc.",2023-11-29,2023-12-05,4,flat,up,0.2197346006980416,0.25226021415945316,0.5280051851425054,0.5280051851425054,0.27574497098305223,True,False
"Amazon.com, Inc.",2023-11-30,2023-12-06,4,flat,up,0.255108174550891,0.24986280166689012,0.49502902378221897,0.49502902378221897,0.24516622211532885,True,False
"Amazon.com, Inc.",2023-12-01,2023-12-07,4,flat,up,0.19628426958164777,0.2630354758498348,0.5406802545685178,0.5406802545685178,0.277644778718683,True,False
"Amazon.com, Inc.",2023-12-04,2023-12-08,4,flat,up,0.21842495437539983,0.2700027200565931,0.5115723255680072,0.5115723255680072,0.24156960551141415,True,False
"Amazon.com, Inc.",2023-12-05,2023-12-11,4,flat,up,0.2050432285828943,0.23154669018160967,0.5634100812354962,0.5634100812354962,0.3318633910538865,True,False
"Amazon.com, Inc.",2023-12-06,2023-12-12,4,flat,up,0.18132732174479968,0.2258031361257758,0.5928695421294249,0.5928695421294249,0.3670664060036491,True,False
"Amazon.com, Inc.",2023-12-07,2023-12-13,4,flat,up,0.2385770497760454,0.24385768286883414,0.5175652673551204,0.5175652673551204,0.2737075844862863,True,False
"Amazon.com, Inc.",2023-12-08,2023-12-14,4,flat,up,0.19324587464822024,0.23388251295509083,0.5728716123966892,0.5728716123966892,0.33898909944159833,True,False
"Amazon.com, Inc.",2023-12-11,2023-12-15,4,up,up,0.22317925307267095,0.25784651277490334,0.5189742341524259,0.5189742341524259,0.2611277213775226,True,True
"Amazon.com, Inc.",2023-12-12,2023-12-18,4,up,up,0.1876520896777141,0.24607334570067496,0.5662745646216112,0.5662745646216112,0.3202012189209362,True,True
"Amazon.com, Inc.",2023-12-13,2023-12-19,4,up,up,0.21314283628707967,0.22769057771953813,0.5591665859933823,0.5591665859933823,0.33147600827384416,True,True
"Amazon.com, Inc.",2023-12-14,2023-12-20,4,up,up,0.23840219530968884,0.25296542626700314,0.5086323784233082,0.5086323784233082,0.2556669521563051,True,True
"Amazon.com, Inc.",2023-12-15,2023-12-21,4,up,up,0.3039370178385341,0.2385321602235263,0.4575308219379396,0.4575308219379396,0.2189986617144133,True,True
"Amazon.com, Inc.",2023-12-18,2023-12-22,4,flat,up,0.25479656607998924,0.32760055525370696,0.41760287866630386,0.41760287866630386,0.0900023234125969,True,False
"Amazon.com, Inc.",2023-12-19,2023-12-26,4,flat,up,0.2718589914944466,0.33684297618772585,0.39129803231782756,0.39129803231782756,0.05445505613010171,True,False
"Amazon.com, Inc.",2023-12-20,2023-12-27,4,flat,up,0.2770791005577568,0.31395324295896987,0.4089676564832734,0.4089676564832734,0.09501441352430351,True,False
"Amazon.com, Inc.",2023-12-21,2023-12-28,4,flat,up,0.2652200554664992,0.28480606117246404,0.44997388336103694,0.44997388336103694,0.1651678221885729,True,False
"Amazon.com, Inc.",2023-12-22,2023-12-29,4,flat,up,0.24178208454060124,0.3258019957465694,0.43241591971282956,0.43241591971282956,0.10661392396626018,True,False
"Amazon.com, Inc.",2023-12-26,2024-01-02,4,down,up,0.2582675832149384,0.3051579292457003,0.43657448753936134,0.43657448753936134,0.13141655829366106,True,False
"Amazon.com, Inc.",2023-12-27,2024-01-03,4,down,up,0.2751446037061531,0.2624824088689344,0.4623729874249126,0.4623729874249126,0.1998905785559782,True,False
"Amazon.com, Inc.",2023-12-28,2024-01-04,4,down,up,0.26634983612068125,0.28180358081218004,0.4518465830671389,0.4518465830671389,0.17004300225495883,True,False
"Amazon.com, Inc.",2023-12-29,2024-01-05,4,down,up,0.2602275471689063,0.274730994980386,0.46504145785070766,0.46504145785070766,0.19031046287032166,True,False
"Amazon.com, Inc.",2024-01-02,2024-01-08,4,down,up,0.22867899876768397,0.2649133384915543,0.5064076627407619,0.5064076627407619,0.24149432424920758,True,False
"Amazon.com, Inc.",2024-01-03,2024-01-09,4,flat,up,0.223190894133732,0.2340778986469099,0.5427312072193584,0.5427312072193584,0.30865330857244855,True,False
"Amazon.com, Inc.",2024-01-04,2024-01-10,4,up,up,0.2418990351376682,0.2250109847863383,0.5330899800759938,0.5330899800759938,0.30807899528965554,True,True
"Amazon.com, Inc.",2024-01-05,2024-01-11,4,up,up,0.20806396161325239,0.23182808114826403,0.5601079572384838,0.5601079572384838,0.3282798760902198,True,True
"Amazon.com, Inc.",2024-01-08,2024-01-12,4,up,up,0.18374802439800894,0.22298995289510767,0.5932620227068837,0.5932620227068837,0.37027206981177596,True,True
"Amazon.com, Inc.",2024-01-09,2024-01-16,4,up,up,0.21231755960666948,0.23450268976460803,0.5531797506287226,0.5531797506287226,0.31867706086411457,True,True
"Amazon.com, Inc.",2024-01-10,2024-01-17,4,down,up,0.2313888606766073,0.25498017514867066,0.5136309641747221,0.5136309641747221,0.25865078902605143,True,False
"Amazon.com, Inc.",2024-01-11,2024-01-18,4,down,up,0.25080305813570297,0.27003652634957165,0.47916041551472544,0.47916041551472544,0.2091238891651538,True,False
"Amazon.com, Inc.",2024-01-12,2024-01-19,4,flat,up,0.24309191075587133,0.27980247730655194,0.4771056119375769,0.4771056119375769,0.19730313463102495,True,False
"Amazon.com, Inc.",2024-01-16,2024-01-22,4,flat,up,0.22852011837480432,0.3402266517198411,0.43125322990535453,0.43125322990535453,0.09102657818551341,True,False
"Amazon.com, Inc.",2024-01-17,2024-01-23,4,up,up,0.23979162114401248,0.3202384551469356,0.4399699237090521,0.4399699237090521,0.11973146856211647,True,True
"Amazon.com, Inc.",2024-01-18,2024-01-24,4,up,up,0.19326103956873764,0.2746682265883746,0.5320707338428878,0.5320707338428878,0.25740250725451325,True,True
"Amazon.com, Inc.",2024-01-19,2024-01-25,4,flat,up,0.23298015208096762,0.2686564756326355,0.4983633722863968,0.4983633722863968,0.22970689665376132,True,False
"Amazon.com, Inc.",2024-01-22,2024-01-26,4,up,up,0.25712267595512933,0.29486851716157797,0.4480088068832929,0.4480088068832929,0.15314028972171495,True,True
"Amazon.com, Inc.",2024-01-23,2024-01-29,4,up,up,0.2542437235377559,0.28524714841507337,0.4605091280471709,0.4605091280471709,0.17526197963209755,True,True
"Amazon.com, Inc.",2024-01-24,2024-01-30,4,up,up,0.30170477924772615,0.2531816111360022,0.44511360961627167,0.44511360961627167,0.19193199848026948,True,True
"Amazon.com, Inc.",2024-01-25,2024-01-31,4,flat,up,0.29060766445427144,0.2966260547797132,0.4127662807660152,0.4127662807660152,0.11614022598630197,True,False
"Amazon.com, Inc.",2024-01-26,2024-02-01,4,flat,up,0.30910896493452555,0.2792477810577789,0.4116432540076954,0.4116432540076954,0.1323954729499165,True,False
"Amazon.com, Inc.",2024-01-29,2024-02-02,4,up,up,0.3349616309587097,0.30838982011753824,0.3566485489237521,0.3566485489237521,0.048258728806213846,True,True
"Amazon.com, Inc.",2024-01-30,2024-02-05,4,up,down,0.3502713516014071,0.32299930664583865,0.32672934175275437,0.3502713516014071,0.027272044955568453,True,False
"Amazon.com, Inc.",2024-01-31,2024-02-06,4,up,flat,0.33105274507734195,0.34826857729926186,0.3206786776233961,0.33105274507734195,-0.017215832221919913,False,False
"Amazon.com, Inc.",2024-02-01,2024-02-07,4,up,up,0.28313847366654393,0.3104124050823529,0.4064491212511032,0.4064491212511032,0.09603671616875031,True,True
"Amazon.com, Inc.",2024-02-02,2024-02-08,4,flat,down,0.360575176137198,0.29260762466955614,0.34681719919324583,0.360575176137198,0.06796755146764183,True,False
"Amazon.com, Inc.",2024-02-05,2024-02-09,4,flat,down,0.4026594908566683,0.3554027338121663,0.2419377753311653,0.4026594908566683,0.047256757044501996,True,False
"Amazon.com, Inc.",2024-02-06,2024-02-12,4,up,down,0.430989600422979,0.3290821049449057,0.23992829463211518,0.430989600422979,0.10190749547807332,True,False
"Amazon.com, Inc.",2024-02-07,2024-02-13,4,flat,down,0.4476001371396169,0.2950810289175202,0.25731883394286276,0.4476001371396169,0.1525191082220967,True,False
"Amazon.com, Inc.",2024-02-08,2024-02-14,4,flat,down,0.5003258240472175,0.28829449648776273,0.21137967946501962,0.5003258240472175,0.21203132755945475,True,False
"Amazon.com, Inc.",2024-02-09,2024-02-15,4,down,down,0.47789125511085995,0.2955184370575467,0.22659030783159317,0.47789125511085995,0.18237281805331323,True,True
"Amazon.com, Inc.",2024-02-12,2024-02-16,4,down,down,0.49064905514977364,0.2907540812063952,0.21859686364383113,0.49064905514977364,0.19989497394337846,True,True
"Amazon.com, Inc.",2024-02-13,2024-02-20,4,flat,down,0.5409491688951044,0.2820977906654889,0.17695304043940677,0.5409491688951044,0.25885137822961546,True,False
"Amazon.com, Inc.",2024-02-14,2024-02-21,4,flat,down,0.44991679949820906,0.2836682252671725,0.26641497523461827,0.44991679949820906,0.16624857423103656,True,False
"Amazon.com, Inc.",2024-02-15,2024-02-22,4,up,down,0.5108247702528128,0.24728159121303858,0.24189363853414864,0.5108247702528128,0.2635431790397742,True,False
"Amazon.com, Inc.",2024-02-16,2024-02-23,4,up,down,0.4832168423844242,0.2874466469006171,0.22933651071495864,0.4832168423844242,0.19577019548380709,True,False
"Amazon.com, Inc.",2024-02-20,2024-02-26,4,up,down,0.4458001319215023,0.3204962993294107,0.23370356874908685,0.4458001319215023,0.1253038325920916,True,False
"Amazon.com, Inc.",2024-02-21,2024-02-27,4,up,down,0.4795540610204074,0.25281905288421797,0.2676268860953746,0.4795540610204074,0.2267350081361894,True,False
"Amazon.com, Inc.",2024-02-22,2024-02-28,4,flat,down,0.46678204002666157,0.27649225364341534,0.256725706329923,0.46678204002666157,0.19028978638324623,True,False
"Amazon.com, Inc.",2024-02-23,2024-02-29,4,flat,down,0.4903699856776497,0.2796866737812715,0.22994334054107862,0.4903699856776497,0.21068331189637823,True,False
"Amazon.com, Inc.",2024-02-26,2024-03-01,4,flat,down,0.4405553040559785,0.3291723459817557,0.2302723499622656,0.4405553040559785,0.11138295807422277,True,False
"Amazon.com, Inc.",2024-02-27,2024-03-04,4,up,down,0.4219382089975813,0.34440980680934274,0.23365198419307587,0.4219382089975813,0.07752840218823853,True,False
"Amazon.com, Inc.",2024-02-28,2024-03-05,4,flat,down,0.4263670106256485,0.3259061789276427,0.24772681044670886,0.4263670106256485,0.10046083169800585,True,False
"Amazon.com, Inc.",2024-02-29,2024-03-06,4,flat,down,0.4959964919569687,0.2654119628088834,0.23859154523414783,0.4959964919569687,0.2305845291480853,True,False
"Amazon.com, Inc.",2024-03-01,2024-03-07,4,flat,down,0.4094826772362441,0.3427311247838991,0.24778619797985663,0.4094826772362441,0.06675155245234499,True,False
"Amazon.com, Inc.",2024-03-04,2024-03-08,4,flat,down,0.4806852691335674,0.2625811929027031,0.25673353796372944,0.4806852691335674,0.2181040762308643,True,False
"Amazon.com, Inc.",2024-03-05,2024-03-11,4,down,down,0.40228311555399265,0.27555077766232217,0.3221661067836853,0.40228311555399265,0.1267323378916705,True,True
"Amazon.com, Inc.",2024-03-06,2024-03-12,4,flat,up,0.29740383503496814,0.25819578234747037,0.4444003826175617,0.4444003826175617,0.18620460027009134,True,False
"Amazon.com, Inc.",2024-03-07,2024-03-13,4,flat,up,0.29917801421253065,0.25681960154513483,0.44400238424233457,0.44400238424233457,0.18718278269719973,True,False
"Amazon.com, Inc.",2024-03-08,2024-03-14,4,flat,up,0.3557510702702894,0.25868105532721636,0.3855678744024943,0.3855678744024943,0.12688681907527793,True,False
"Amazon.com, Inc.",2024-03-11,2024-03-15,4,flat,up,0.2952771281491203,0.2920099046607433,0.41271296719013656,0.41271296719013656,0.12070306252939328,True,False
"Amazon.com, Inc.",2024-03-12,2024-03-18,4,flat,up,0.3402701793970029,0.23420643743706038,0.42552338316593685,0.42552338316593685,0.19131694572887648,True,False
"Amazon.com, Inc.",2024-03-13,2024-03-19,4,flat,up,0.2589704966697637,0.24997462582829671,0.49105487750193977,0.49105487750193977,0.24108025167364305,True,False
"Amazon.com, Inc.",2024-03-14,2024-03-20,4,flat,up,0.28178647909728627,0.2820517793354966,0.43616174156721726,0.43616174156721726,0.1541099622317207,True,False
"Amazon.com, Inc.",2024-03-15,2024-03-21,4,up,up,0.3412805760551122,0.30843678711031697,0.35028263683457084,0.35028263683457084,0.04184584972425387,True,True
"Amazon.com, Inc.",2024-03-18,2024-03-22,4,up,up,0.30878540351922834,0.27167898635920823,0.4195356101215636,0.4195356101215636,0.14785662376235537,True,True
"Amazon.com, Inc.",2024-03-19,2024-03-25,4,up,up,0.3021751313932514,0.24161479683560572,0.45621007177114303,0.45621007177114303,0.21459527493553732,True,True
"Amazon.com, Inc.",2024-03-20,2024-03-26,4,flat,up,0.29377860650501497,0.2805775364891312,0.42564385700585394,0.42564385700585394,0.14506632051672275,True,False
"Amazon.com, Inc.",2024-03-21,2024-03-27,4,flat,up,0.30183212450636604,0.2866674622810041,0.41150041321262987,0.41150041321262987,0.12483295093162577,True,False
"Amazon.com, Inc.",2024-03-22,2024-03-28,4,flat,up,0.32623332259128507,0.280994085767062,0.3927725916416529,0.3927725916416529,0.11177850587459093,True,False
"Amazon.com, Inc.",2024-03-25,2024-04-01,4,flat,up,0.30858221593589047,0.25249920083818234,0.4389185832259272,0.4389185832259272,0.18641938238774486,True,False
"Amazon.com, Inc.",2024-03-26,2024-04-02,4,flat,up,0.3151837830409423,0.2503120702798286,0.4345041466792292,0.4345041466792292,0.1841920763994006,True,False
"Amazon.com, Inc.",2024-03-27,2024-04-03,4,flat,up,0.2846425374113436,0.27057963185589445,0.444777830732762,0.444777830732762,0.17419819887686755,True,False
"Amazon.com, Inc.",2024-03-28,2024-04-04,4,flat,up,0.2878071092888911,0.2837439613663266,0.4284489293447822,0.4284489293447822,0.14470496797845556,True,False
"Amazon.com, Inc.",2024-04-01,2024-04-05,4,up,up,0.3080921060675601,0.27659625690967526,0.41531163702276463,0.41531163702276463,0.13871538011308937,True,True
"Amazon.com, Inc.",2024-04-02,2024-04-08,4,up,up,0.3255554536491081,0.28682592506453297,0.38761862128635893,0.38761862128635893,0.10079269622182596,True,True
"Amazon.com, Inc.",2024-04-03,2024-04-09,4,up,up,0.30811815854090735,0.25964760890189575,0.4322342325571968,0.4322342325571968,0.17258662365530103,True,True
"Amazon.com, Inc.",2024-04-04,2024-04-10,4,flat,up,0.31185173369118097,0.28472635307484123,0.4034219132339777,0.4034219132339777,0.11869556015913646,True,False
"Amazon.com, Inc.",2024-04-05,2024-04-11,4,up,down,0.36429313818430664,0.29793145240946484,0.3377754094062285,0.36429313818430664,0.0663616857748418,True,False
"Amazon.com, Inc.",2024-04-08,2024-04-12,4,flat,down,0.37658059589520476,0.29492441789663454,0.32849498620816076,0.37658059589520476,0.08165617799857022,True,False
"Amazon.com, Inc.",2024-04-09,2024-04-15,4,flat,down,0.42556160958822997,0.26622054091275715,0.30821784949901276,0.42556160958822997,0.15934106867547282,True,False
"Amazon.com, Inc.",2024-04-10,2024-04-16,4,flat,down,0.40128499770601944,0.27621169059657813,0.3225033116974024,0.40128499770601944,0.1250733071094413,True,False
"Amazon.com, Inc.",2024-04-11,2024-04-17,4,down,down,0.3938892290257203,0.2699912422731482,0.3361195287011314,0.3938892290257203,0.12389798675257213,True,True
"Amazon.com, Inc.",2024-04-12,2024-04-18,4,down,down,0.43210409470957134,0.2658608617334384,0.30203504355699007,0.43210409470957134,0.16624323297613292,True,True
"Amazon.com, Inc.",2024-04-15,2024-04-19,4,down,down,0.39254924983829054,0.32038904089908554,0.287061709262624,0.39254924983829054,0.072160208939205,True,True
"Amazon.com, Inc.",2024-04-16,2024-04-22,4,down,up,0.33305883414379056,0.2972827839856662,0.36965838187054323,0.36965838187054323,0.07237559788487702,True,False
"Amazon.com, Inc.",2024-04-17,2024-04-23,4,down,up,0.3162625728943266,0.27101287367692706,0.41272455342874653,0.41272455342874653,0.14171167975181947,True,False
"Amazon.com, Inc.",2024-04-18,2024-04-24,4,flat,up,0.2963886860418281,0.2834955430488215,0.42011577090935043,0.42011577090935043,0.1366202278605289,True,False
"Amazon.com, Inc.",2024-04-19,2024-04-25,4,down,up,0.2941290406436282,0.28040807717845756,0.4254628821779143,0.4254628821779143,0.14505480499945672,True,False
"Amazon.com, Inc.",2024-04-22,2024-04-26,4,flat,up,0.23952573476236683,0.2347356870861731,0.5257385781514601,0.5257385781514601,0.291002891065287,True,False
"Amazon.com, Inc.",2024-04-23,2024-04-29,4,flat,up,0.22956464754878825,0.2550640840513049,0.515371268399907,0.515371268399907,0.2603071843486021,True,False
"Amazon.com, Inc.",2024-04-24,2024-04-30,4,flat,up,0.23262714237730114,0.28041313802185386,0.4869597196008451,0.4869597196008451,0.20654658157899125,True,False
"Amazon.com, Inc.",2024-04-25,2024-05-01,4,up,up,0.3128205680472286,0.315119658302305,0.3720597736504665,0.3720597736504665,0.05694011534816151,True,True
"Amazon.com, Inc.",2024-04-26,2024-05-02,4,up,up,0.2885065740541654,0.31037603001161895,0.4011173959342157,0.4011173959342157,0.09074136592259674,True,True
"Amazon.com, Inc.",2024-04-29,2024-05-03,4,up,flat,0.34345215451363353,0.37696506959359904,0.2795827758927675,0.34345215451363353,-0.03351291507996551,False,False
"Amazon.com, Inc.",2024-04-30,2024-05-06,4,up,down,0.4136180546535331,0.3583240761704341,0.2280578691760327,0.4136180546535331,0.05529397848309897,True,False
"Amazon.com, Inc.",2024-05-01,2024-05-07,4,up,down,0.40065085906903997,0.3510910050013445,0.2482581359296154,0.40065085906903997,0.049559854067695475,True,False
"Amazon.com, Inc.",2024-05-02,2024-05-08,4,up,down,0.4100169029276932,0.3573834248585517,0.23259967221375494,0.4100169029276932,0.05263347806914154,True,False
"Amazon.com, Inc.",2024-05-03,2024-05-09,4,flat,down,0.40132163300183754,0.3840890743452661,0.2145892926528961,0.40132163300183754,0.017232558656571417,True,False
"Amazon.com, Inc.",2024-05-06,2024-05-10,4,flat,down,0.4304281387518591,0.37057370551206814,0.19899815573607244,0.4304281387518591,0.05985443323979095,True,False
"Amazon.com, Inc.",2024-05-07,2024-05-13,4,flat,down,0.454975588066504,0.3553871255586899,0.18963728637480576,0.454975588066504,0.09958846250781411,True,False
"Amazon.com, Inc.",2024-05-08,2024-05-14,4,flat,down,0.4425079894288499,0.3521554415382082,0.20533656903294178,0.4425079894288499,0.09035254789064168,True,False
"Amazon.com, Inc.",2024-05-09,2024-05-15,4,down,down,0.44471156511373233,0.33525603452321157,0.22003240036305582,0.44471156511373233,0.10945553059052077,True,True
"Amazon.com, Inc.",2024-05-10,2024-05-16,4,down,down,0.40467330084916087,0.35047460910718115,0.24485209004365788,0.40467330084916087,0.05419869174197972,True,True
"Amazon.com, Inc.",2024-05-13,2024-05-17,4,flat,down,0.38721189708546033,0.3588062021485744,0.25398190076596516,0.38721189708546033,0.02840569493688594,True,False
"Amazon.com, Inc.",2024-05-14,2024-05-20,4,flat,down,0.3639971929728291,0.3480294099105199,0.287973397116651,0.3639971929728291,0.015967783062309227,True,False
"Amazon.com, Inc.",2024-05-15,2024-05-21,4,down,down,0.36825989780906765,0.3211745160514846,0.31056558613944785,0.36825989780906765,0.047085381757583034,True,True
"Amazon.com, Inc.",2024-05-16,2024-05-22,4,flat,up,0.34117382522135875,0.30859301602218003,0.3502331587564611,0.3502331587564611,0.04164014273428107,True,False
"Amazon.com, Inc.",2024-05-17,2024-05-23,4,flat,up,0.30989368835080733,0.3280983577944089,0.362007953854784,0.362007953854784,0.033909596060375136,True,False
"Amazon.com, Inc.",2024-05-20,2024-05-24,4,down,up,0.29079440396420586,0.3109993250571178,0.39820627097867645,0.39820627097867645,0.08720694592155864,True,False
"Amazon.com, Inc.",2024-05-21,2024-05-28,4,flat,up,0.30226406325858657,0.3468843828570133,0.35085155388440026,0.35085155388440026,0.003967171027386973,True,False
"Amazon.com, Inc.",2024-05-22,2024-05-29,4,flat,up,0.2639100932420379,0.3234392923078543,0.412650614450108,0.412650614450108,0.08921132214225369,True,False
"Amazon.com, Inc.",2024-05-23,2024-05-30,4,down,up,0.27089206658547454,0.3354529340086628,0.3936549994058628,0.3936549994058628,0.05820206539720002,True,False
"Amazon.com, Inc.",2024-05-24,2024-05-31,4,down,up,0.256205772413093,0.31210768399601857,0.4316865435908886,0.4316865435908886,0.11957885959487002,True,False
"Amazon.com, Inc.",2024-05-28,2024-06-03,4,down,up,0.2501585200680891,0.3065195900731407,0.4433218898587703,0.4433218898587703,0.13680229978562958,True,False
"Amazon.com, Inc.",2024-05-29,2024-06-04,4,down,up,0.2815375307686058,0.2964453779823228,0.4220170912490714,0.4220170912490714,0.1255717132667486,True,False
"Amazon.com, Inc.",2024-05-30,2024-06-05,4,flat,up,0.27607677837162276,0.31839988077153347,0.40552334085684394,0.40552334085684394,0.08712346008531047,True,False
"Amazon.com, Inc.",2024-05-31,2024-06-06,4,up,up,0.31511531929598313,0.2849828567144647,0.3999018239895522,0.3999018239895522,0.11491896727508749,True,True
"Amazon.com, Inc.",2024-06-03,2024-06-07,4,up,up,0.2436379679577872,0.2624645342200991,0.4938974978221138,0.4938974978221138,0.2314329636020147,True,True
"Amazon.com, Inc.",2024-06-04,2024-06-10,4,up,up,0.24167676861852933,0.24911582810673566,0.5092074032747351,0.5092074032747351,0.26009157516799947,True,True
"Amazon.com, Inc.",2024-06-05,2024-06-11,4,up,up,0.2469428154768945,0.31180758699789185,0.44124959752521375,0.44124959752521375,0.1294420105273219,True,True
"Amazon.com, Inc.",2024-06-06,2024-06-12,4,up,up,0.28285202554811617,0.3239160840142039,0.3932318904376799,0.3932318904376799,0.06931580642347601,True,True
"Amazon.com, Inc.",2024-06-07,2024-06-13,4,flat,up,0.32497071819463264,0.2991231129527929,0.3759061688525742,0.3759061688525742,0.0767830558997813,True,False
"Amazon.com, Inc.",2024-06-10,2024-06-14,4,down,up,0.3175135236630503,0.2927928674298591,0.3896936089070906,0.3896936089070906,0.09690074147723149,True,False
"Amazon.com, Inc.",2024-06-11,2024-06-15,4,flat,up,0.3137281702146779,0.3004686579251329,0.3858031718601892,0.3858031718601892,0.08533451393505631,True,False
"Amazon.com, Inc.",2024-06-12,2024-06-18,4,down,up,0.3292905449308534,0.27035879148783126,0.4003506635813155,0.4003506635813155,0.12999187209348423,True,False
"Amazon.com, Inc.",2024-06-13,2024-06-19,4,flat,down,0.3593993015118542,0.29632270951260936,0.3442779889755363,0.3593993015118542,0.06307659199924481,True,False
"Amazon.com, Inc.",2024-06-14,2024-06-20,4,flat,up,0.3167695939845855,0.29953280500102886,0.38369760101438566,0.38369760101438566,0.0841647960133568,True,False
Apple Inc.,2021-07-27,2021-08-02,4,flat,down,0.35635939572845376,0.3112778069272585,0.3323627973442879,0.35635939572845376,0.04508158880119528,True,False
Apple Inc.,2021-07-28,2021-08-03,4,flat,up,0.3250887047214678,0.3166477997889582,0.3582634954895741,0.3582634954895741,0.04161569570061591,True,False
Apple Inc.,2021-07-29,2021-08-04,4,flat,flat,0.2680034672737518,0.41214599988316664,0.3198505328430815,0.3198505328430815,-0.09229546704008512,False,True
Apple Inc.,2021-07-30,2021-08-05,4,flat,flat,0.31751763393148175,0.40244903786253144,0.2800333282059867,0.31751763393148175,-0.0849314039310497,False,True
Apple Inc.,2021-08-02,2021-08-06,4,flat,flat,0.3140105857398394,0.41696021779664927,0.26902919646351126,0.3140105857398394,-0.10294963205680985,False,True
Apple Inc.,2021-08-03,2021-08-09,4,flat,down,0.379163346870268,0.3433334991479726,0.2775031539817596,0.379163346870268,0.03582984772229536,True,False
Apple Inc.,2021-08-04,2021-08-10,4,flat,down,0.3947331894335403,0.3408500230160728,0.2644167875503871,0.3947331894335403,0.05388316641746749,True,False
Apple Inc.,2021-08-05,2021-08-11,4,flat,down,0.3728355584082507,0.3385926652782129,0.2885717763135365,0.3728355584082507,0.03424289313003781,True,False
Apple Inc.,2021-08-06,2021-08-12,4,flat,down,0.37006176001437735,0.32148727515626396,0.3084509648293588,0.37006176001437735,0.04857448485811339,True,False
Apple Inc.,2021-08-09,2021-08-13,4,up,up,0.3234468987355558,0.32654016762468563,0.3500129336397587,0.3500129336397587,0.023472766015073088,True,True
Apple Inc.,2021-08-10,2021-08-16,4,up,up,0.32961826777368763,0.3060926649998607,0.3642890672264518,0.3642890672264518,0.058196402226591115,True,True
Apple Inc.,2021-08-11,2021-08-17,4,up,flat,0.3270511928535132,0.33779639130587946,0.33515241584060745,0.33515241584060745,-0.0026439754652720082,False,False
Apple Inc.,2021-08-12,2021-08-18,4,flat,up,0.3387846528536466,0.27691893077658447,0.38429641636976913,0.38429641636976913,0.10737748559318466,True,False
Apple Inc.,2021-08-13,2021-08-19,4,down,up,0.3422412484195368,0.294993082471369,0.36276566910909447,0.36276566910909447,0.06777258663772545,True,False
Apple Inc.,2021-08-16,2021-08-20,4,down,up,0.3453912848442916,0.21813006197999846,0.4364786531757101,0.4364786531757101,0.21834859119571165,True,False
Apple Inc.,2021-08-17,2021-08-23,4,flat,up,0.3025317720811058,0.22764926438879984,0.46981896353009445,0.46981896353009445,0.2421696991412946,True,False
Apple Inc.,2021-08-18,2021-08-24,4,flat,up,0.311731148392941,0.273951728648131,0.414317122958928,0.414317122958928,0.14036539431079698,True,False
Apple Inc.,2021-08-19,2021-08-25,4,up,up,0.34148119543247113,0.2747078292781523,0.3838109752893769,0.3838109752893769,0.10910314601122462,True,True
Apple Inc.,2021-08-20,2021-08-26,4,flat,up,0.3204378040015878,0.32244960226144503,0.35711259373696724,0.35711259373696724,0.03466299147552221,True,False
Apple Inc.,2021-08-23,2021-08-27,4,flat,up,0.3386520325252582,0.32024966018185896,0.3410983072928828,0.3410983072928828,0.020848647111023855,True,False
Apple Inc.,2021-08-24,2021-08-30,4,flat,down,0.3501657765397471,0.318208325512587,0.3316258979476661,0.3501657765397471,0.03195745102716013,True,False
Apple Inc.,2021-08-25,2021-08-31,4,up,up,0.3609235395034769,0.2757963266705237,0.36328013382599955,0.36328013382599955,0.08748380715547588,True,True
Apple Inc.,2021-08-26,2021-09-01,4,up,down,0.3625923247898397,0.28593696046191575,0.35147071474824476,0.3625923247898397,0.07665536432792397,True,False
Apple Inc.,2021-08-27,2021-09-02,4,up,up,0.3575359807763767,0.2772889384081806,0.3651750808154428,0.3651750808154428,0.08788614240726222,True,True
Apple Inc.,2021-08-30,2021-09-03,4,up,up,0.3383555810606523,0.2606220677755868,0.4010223511637612,0.4010223511637612,0.14040028338817445,True,True
Apple Inc.,2021-08-31,2021-09-07,4,up,down,0.34856294823189116,0.31470292943665634,0.3367341223314527,0.34856294823189116,0.033860018795234814,True,False
Apple Inc.,2021-09-01,2021-09-08,4,up,down,0.3586383746815869,0.30753685676937437,0.3338247685490391,0.3586383746815869,0.05110151791221251,True,False
Apple Inc.,2021-09-02,2021-09-09,4,flat,down,0.3583900706764849,0.32344842083764513,0.3181615084858701,0.3583900706764849,0.03494164983883974,True,False
Apple Inc.,2021-09-03,2021-09-10,4,down,down,0.35960953339136337,0.30062805341488974,0.339762413193747,0.35960953339136337,0.05898147997647363,True,True
Apple Inc.,2021-09-07,2021-09-13,4,down,up,0.3614547534749756,0.26146005497931174,0.3770851915457129,0.3770851915457129,0.11562513656640117,True,False
Apple Inc.,2021-09-08,2021-09-14,4,down,down,0.3417204296879577,0.3180912753280455,0.340188294983997,0.3417204296879577,0.023629154359912197,True,True
Apple Inc.,2021-09-09,2021-09-15,4,down,up,0.32816397943005843,0.32594178265070106,0.3458942379192407,0.3458942379192407,0.019952455268539615,True,False
Apple Inc.,2021-09-10,2021-09-16,4,down,up,0.3335824304758995,0.2886358504629525,0.377781719061148,0.377781719061148,0.08914586859819551,True,False
Apple Inc.,2021-09-13,2021-09-17,4,down,flat,0.320554416205163,0.3553590990472624,0.3240864847475747,0.3240864847475747,-0.031272614299687695,False,False
Apple Inc.,2021-09-14,2021-09-20,4,down,down,0.347425674803716,0.33762779775414287,0.31494652744214136,0.347425674803716,0.009797877049573134,True,True
Apple Inc.,2021-09-15,2021-09-21,4,down,down,0.3720574087528269,0.34932833620815457,0.2786142550390189,0.3720574087528269,0.022729072544672324,True,True
Apple Inc.,2021-09-16,2021-09-22,4,down,down,0.37985358550513915,0.34912728291556017,0.2710191315793008,0.37985358550513915,0.03072630258957898,True,True
Apple Inc.,2021-09-17,2021-09-23,4,flat,down,0.3813124708241779,0.29913761844359155,0.3195499107322307,0.3813124708241779,0.08217485238058636,True,False
Apple Inc.,2021-09-20,2021-09-24,4,up,down,0.3685437420462789,0.32249867778338137,0.3089575801703397,0.3685437420462789,0.046045064262897506,True,False
Apple Inc.,2021-09-21,2021-09-27,4,flat,down,0.36528840199297774,0.35292701980721913,0.281784578199803,0.36528840199297774,0.012361382185758607,True,False
Apple Inc.,2021-09-22,2021-09-28,4,down,flat,0.35132297094707654,0.36594260463987427,0.28273442441304925,0.35132297094707654,-0.014619633692797729,False,False
Apple Inc.,2021-09-23,2021-09-29,4,down,flat,0.3767017129382944,0.3799201206926297,0.2433781663690759,0.3767017129382944,-0.003218407754335295,False,False
Apple Inc.,2021-09-24,2021-09-30,4,down,down,0.449672693231848,0.3147085839474949,0.23561872282065732,0.449672693231848,0.1349641092843531,True,True
Apple Inc.,2021-09-27,2021-10-01,4,down,down,0.46305981923314443,0.28695158344628413,0.24998859732057155,0.46305981923314443,0.1761082357868603,True,True
Apple Inc.,2021-09-28,2021-10-04,4,down,down,0.4150239235062057,0.29418075409456995,0.29079532239922457,0.4150239235062057,0.12084316941163575,True,True
Apple Inc.,2021-09-29,2021-10-05,4,down,flat,0.36564654815128506,0.378991883192781,0.25536156865593407,0.36564654815128506,-0.013345335041495932,False,False
Apple Inc.,2021-09-30,2021-10-06,4,down,down,0.37490584364449814,0.3641645765179633,0.2609295798375386,0.37490584364449814,0.010741267126534837,True,True
Apple Inc.,2021-10-01,2021-10-07,4,flat,down,0.382576259309733,0.3687962918900558,0.24862744880021123,0.382576259309733,0.013779967419677186,True,False
Apple Inc.,2021-10-04,2021-10-08,4,up,down,0.42301794381909985,0.33437260875646285,0.24260944742443735,0.42301794381909985,0.088645335062637,True,False
Apple Inc.,2021-10-05,2021-10-11,4,up,down,0.43774598145948757,0.3291931603564662,0.23306085818404632,0.43774598145948757,0.10855282110302139,True,False
Apple Inc.,2021-10-06,2021-10-12,4,flat,down,0.4436788753036214,0.3275036977714237,0.22881742692495505,0.4436788753036214,0.1161751775321977,True,False
Apple Inc.,2021-10-07,2021-10-13,4,down,down,0.4164031729327423,0.32785867775145416,0.2557381493158037,0.4164031729327423,0.08854449518128815,True,True
Apple Inc.,2021-10-08,2021-10-14,4,flat,down,0.459259647505217,0.3010650456886694,0.23967530680611382,0.459259647505217,0.1581946018165476,True,False
Apple Inc.,2021-10-11,2021-10-15,4,flat,down,0.46947438219606896,0.28617863990049175,0.24434697790343943,0.46947438219606896,0.1832957422955772,True,False
Apple Inc.,2021-10-12,2021-10-18,4,up,down,0.46079165682995854,0.2796130049199638,0.2595953382500778,0.46079165682995854,0.18117865190999471,True,False
Apple Inc.,2021-10-13,2021-10-19,4,up,down,0.4625380407907007,0.29672431903584207,0.24073764017345745,0.4625380407907007,0.16581372175485865,True,False
Apple Inc.,2021-10-14,2021-10-20,4,up,down,0.4248539045397851,0.32498222488267337,0.2501638705775415,0.4248539045397851,0.09987167965711174,True,False
Apple Inc.,2021-10-15,2021-10-21,4,up,down,0.44974142882503254,0.30521563670048746,0.24504293447448014,0.44974142882503254,0.14452579212454508,True,False
Apple Inc.,2021-10-18,2021-10-22,4,up,down,0.44915941626522377,0.26954125500581316,0.2812993287289631,0.44915941626522377,0.1796181612594106,True,False
Apple Inc.,2021-10-19,2021-10-25,4,flat,down,0.39486738957113143,0.2879342946413315,0.3171983157875372,0.39486738957113143,0.10693309492979991,True,False
Apple Inc.,2021-10-20,2021-10-26,4,flat,down,0.4221403267025153,0.28020386820555365,0.29765580509193124,0.4221403267025153,0.14193645849696163,True,False
Apple Inc.,2021-10-21,2021-10-27,4,flat,down,0.4387056787698068,0.2532603839166576,0.30803393731353584,0.4387056787698068,0.1854452948531492,True,False
Apple Inc.,2021-10-22,2021-10-28,4,up,down,0.3829706062273561,0.28503210415663316,0.3319972896160109,0.3829706062273561,0.09793850207072297,True,False
Apple Inc.,2021-10-25,2021-10-29,4,flat,up,0.320559724664327,0.33792700207138704,0.3415132732642861,0.3415132732642861,0.00358627119289906,True,False
Apple Inc.,2021-10-26,2021-11-01,4,flat,up,0.31928918753143865,0.28063830847563753,0.40007250399292393,0.40007250399292393,0.1194341955172864,True,False
Apple Inc.,2021-10-27,2021-11-02,4,flat,up,0.30256724153442993,0.3182843965669818,0.3791483618985883,0.3791483618985883,0.060863965331606484,True,False
Apple Inc.,2021-10-28,2021-11-03,4,flat,up,0.311582323254136,0.25539721282172023,0.43302046392414395,0.43302046392414395,0.17762325110242372,True,False
Apple Inc.,2021-10-29,2021-11-04,4,up,up,0.3350266248415258,0.3027987943717414,0.36217458078673304,0.36217458078673304,0.05937578641499164,True,True
Apple Inc.,2021-11-01,2021-11-05,4,up,up,0.3346863370395725,0.32897351895974947,0.3363401440006783,0.3363401440006783,0.007366625040928831,True,True
Apple Inc.,2021-11-02,2021-11-08,4,flat,up,0.3257577993117355,0.32137865983667463,0.3528635408515901,0.3528635408515901,0.03148488101491548,True,False
Apple Inc.,2021-11-03,2021-11-09,4,flat,down,0.3505174959226822,0.3232474892526045,0.3262350148247135,0.3505174959226822,0.02727000667007773,True,False
Apple Inc.,2021-11-04,2021-11-10,4,down,down,0.3549937259349792,0.304264008484593,0.3407422655804281,0.3549937259349792,0.05072971745038618,True,True
Apple Inc.,2021-11-05,2021-11-11,4,down,up,0.3479545270763664,0.2957151149190304,0.35633035800460344,0.35633035800460344,0.060615243085573034,True,False
Apple Inc.,2021-11-08,2021-11-12,4,down,up,0.3360638744441104,0.31357199130173874,0.350364134254151,0.350364134254151,0.03679214295241229,True,False
Apple Inc.,2021-11-09,2021-11-15,4,flat,up,0.3376863108472672,0.28562579201313404,0.37668789713959894,0.37668789713959894,0.0910621051264649,True,False
Apple Inc.,2021-11-10,2021-11-16,4,flat,down,0.3568526035368896,0.3102478376686676,0.33289955879444294,0.3568526035368896,0.04660476586822199,True,False
Apple Inc.,2021-11-11,2021-11-17,4,up,down,0.35656483827655744,0.33974801381344844,0.30368714790999435,0.35656483827655744,0.016816824463109004,True,False
Apple Inc.,2021-11-12,2021-11-18,4,up,down,0.3583731857267372,0.30135576553515825,0.3402710487381047,0.3583731857267372,0.05701742019157896,True,False
Apple Inc.,2021-11-15,2021-11-19,4,up,down,0.3393951605208213,0.32334235644763243,0.3372624830315464,0.3393951605208213,0.016052804073188875,True,False
Apple Inc.,2021-11-16,2021-11-22,4,up,down,0.3528173419530497,0.29620225100537223,0.3509804070415783,0.3528173419530497,0.05661509094767747,True,False
Apple Inc.,2021-11-17,2021-11-23,4,up,up,0.34751208377526877,0.2344983329409343,0.4179895832837972,0.4179895832837972,0.1834912503428629,True,True
Apple Inc.,2021-11-18,2021-11-24,4,up,up,0.34188439702523576,0.23614821638556424,0.4219673865892003,0.4219673865892003,0.18581917020363606,True,True
Apple Inc.,2021-11-19,2021-11-26,4,flat,up,0.3264912862654361,0.274625894967066,0.3988828187674981,0.3988828187674981,0.12425692380043207,True,False
Apple Inc.,2021-11-22,2021-11-29,4,down,up,0.3308640099804,0.2726780889401705,0.39645790107942974,0.39645790107942974,0.12377981213925926,True,False
Apple Inc.,2021-11-23,2021-11-30,4,flat,up,0.3201241500482428,0.3276738269058993,0.352202023045858,0.352202023045858,0.024528196139958713,True,False
Apple Inc.,2021-11-24,2021-12-01,4,up,flat,0.32310068294750105,0.34343701059912507,0.33346230645337416,0.33346230645337416,-0.009974704145750912,False,False
Apple Inc.,2021-11-26,2021-12-02,4,up,flat,0.31555237423713206,0.35455976728652633,0.3298878584763418,0.3298878584763418,-0.02467190881018455,False,False
Apple Inc.,2021-11-29,2021-12-03,4,flat,flat,0.29209155735824444,0.36683284163663343,0.34107560100512224,0.34107560100512224,-0.02575724063151119,False,True
Apple Inc.,2021-11-30,2021-12-06,4,flat,up,0.33237606136458553,0.32539295143538893,0.3422309872000257,0.3422309872000257,0.016838035764636772,True,False
Apple Inc.,2021-12-01,2021-12-07,4,up,down,0.34819345379014327,0.34031391833417035,0.31149262787568655,0.34819345379014327,0.00787953545597292,True,False
Apple Inc.,2021-12-02,2021-12-08,4,up,flat,0.3256781076195252,0.42220541455145494,0.2521164778290198,0.3256781076195252,-0.09652730693192973,False,False
Apple Inc.,2021-12-03,2021-12-09,4,up,flat,0.30851304875420227,0.40326996777545104,0.28821698347034663,0.30851304875420227,-0.09475691902124878,False,False
Apple Inc.,2021-12-06,2021-12-10,4,up,flat,0.29055708601135094,0.4438686314249426,0.26557428256370663,0.29055708601135094,-0.15331154541359165,False,False
Apple Inc.,2021-12-07,2021-12-13,4,up,flat,0.33471230874690805,0.4194367634119155,0.24585092784117651,0.33471230874690805,-0.08472445466500744,False,False
Apple Inc.,2021-12-08,2021-12-14,4,flat,flat,0.335443018023845,0.4184380523641798,0.24611892961197532,0.335443018023845,-0.08299503434033478,False,True
Apple Inc.,2021-12-09,2021-12-15,4,flat,flat,0.33705245588836824,0.41077681166051616,0.25217073245111565,0.33705245588836824,-0.07372435577214792,False,True
Apple Inc.,2021-12-10,2021-12-16,4,flat,flat,0.33914465142554057,0.38597816115625144,0.2748771874182081,0.33914465142554057,-0.046833509730710876,False,True
Apple Inc.,2021-12-13,2021-12-17,4,down,flat,0.354199156643985,0.36638882423065566,0.2794120191253594,0.354199156643985,-0.012189667586670672,False,False
Apple Inc.,2021-12-14,2021-12-20,4,down,flat,0.29895423723429937,0.4856570855490389,0.21538867721666177,0.29895423723429937,-0.18670284831473954,False,False
Apple Inc.,2021-12-15,2021-12-21,4,down,flat,0.28361784782653043,0.5018542301386756,0.2145279220347941,0.28361784782653043,-0.21823638231214515,False,False
Apple Inc.,2021-12-16,2021-12-22,4,flat,flat,0.3108798979014279,0.5031879075519108,0.18593219454666135,0.3108798979014279,-0.1923080096504829,False,True
Apple Inc.,2021-12-17,2021-12-23,4,up,flat,0.3338309442837736,0.47849536042419527,0.18767369529203098,0.3338309442837736,-0.1446644161404217,False,False
Apple Inc.,2021-12-20,2021-12-27,4,up,flat,0.29258549609800355,0.5523666871645403,0.155047816737456,0.29258549609800355,-0.25978119106653674,False,False
Apple Inc.,2021-12-21,2021-12-28,4,up,flat,0.28516356639719515,0.5269122783094038,0.18792415529340106,0.28516356639719515,-0.24174871191220865,False,False
Apple Inc.,2021-12-22,2021-12-29,4,up,flat,0.290981330019387,0.5150514568819125,0.19396721309870057,0.290981330019387,-0.22407012686252548,False,False
Apple Inc.,2021-12-23,2021-12-30,4,flat,flat,0.2908086999000852,0.4802584086764665,0.22893289142344825,0.2908086999000852,-0.18944970877638134,False,True
Apple Inc.,2021-12-27,2021-12-31,4,flat,flat,0.31651793684793594,0.4308979923089746,0.2525840708430895,0.31651793684793594,-0.11438005546103863,False,True
Apple Inc.,2021-12-28,2022-01-03,4,flat,flat,0.3220761444795813,0.42724475825254976,0.25067909726786886,0.3220761444795813,-0.10516861377296843,False,True
Apple Inc.,2021-12-29,2022-01-04,4,flat,flat,0.29896269035996353,0.4550609820877016,0.2459763275523349,0.29896269035996353,-0.1560982917277381,False,True
Apple Inc.,2021-12-30,2022-01-05,4,flat,flat,0.2883242726164556,0.475720850702037,0.23595487668150733,0.2883242726164556,-0.1873965780855814,False,True
Apple Inc.,2021-12-31,2022-01-06,4,down,flat,0.30134452711487114,0.4688749360205699,0.22978053686455893,0.30134452711487114,-0.16753040890569876,False,False
Apple Inc.,2022-01-03,2022-01-07,4,down,flat,0.3046333291107336,0.42604924526700705,0.26931742562225947,0.3046333291107336,-0.12141591615627345,False,False
Apple Inc.,2022-01-04,2022-01-10,4,down,flat,0.3007160401568105,0.4570763984602432,0.2422075613829462,0.3007160401568105,-0.1563603583034327,False,False
Apple Inc.,2022-01-05,2022-01-11,4,down,flat,0.31880649266658473,0.4062076107905841,0.2749858965428311,0.31880649266658473,-0.08740111812399937,False,False
Apple Inc.,2022-01-06,2022-01-12,4,up,down,0.3655454240246316,0.3354074099509581,0.2990471660244104,0.3655454240246316,0.030138014073673502,True,False
Apple Inc.,2022-01-07,2022-01-13,4,flat,flat,0.34397535334835905,0.3595822881753893,0.2964423584762518,0.34397535334835905,-0.015606934827030239,False,True
Apple Inc.,2022-01-10,2022-01-14,4,flat,down,0.3701227107670877,0.35240511416266124,0.2774721750702511,0.3701227107670877,0.017717596604426455,True,False
Apple Inc.,2022-01-11,2022-01-18,4,down,flat,0.30922080760442205,0.3910058034973786,0.2997733888981994,0.30922080760442205,-0.08178499589295657,False,False
Apple Inc.,2022-01-12,2022-01-19,4,down,flat,0.3310835299073383,0.3451574518995124,0.3237590181931494,0.3310835299073383,-0.01407392199217411,False,False
Apple Inc.,2022-01-13,2022-01-20,4,down,down,0.3932863417152759,0.31110921505226163,0.29560444323246265,0.3932863417152759,0.08217712666301424,True,True
Apple Inc.,2022-01-14,2022-01-21,4,down,down,0.3815652167923758,0.2922695169212688,0.32616526628635556,0.3815652167923758,0.08929569987110703,True,True
Apple Inc.,2022-01-18,2022-01-24,4,down,down,0.3729072396927329,0.2995781792320855,0.3275145810751819,0.3729072396927329,0.07332906046064736,True,True
Apple Inc.,2022-01-19,2022-01-25,4,down,flat,0.35036091524168755,0.3653925564924829,0.28424652826582963,0.35036091524168755,-0.015031641250795369,False,False
Apple Inc.,2022-01-20,2022-01-26,4,down,flat,0.3490775067424188,0.4109022150734352,0.24002027818414604,0.3490775067424188,-0.06182470833101644,False,False
Apple Inc.,2022-01-21,2022-01-27,4,down,flat,0.34298015183741715,0.43987262378547354,0.2171472243771092,0.34298015183741715,-0.09689247194805639,False,False
Apple Inc.,2022-01-24,2022-01-28,4,up,flat,0.3566977121995495,0.4449516305243225,0.19835065727612777,0.3566977121995495,-0.08825391832477303,False,False
Apple Inc.,2022-01-25,2022-01-31,4,up,flat,0.3194403635076657,0.4810668780096793,0.19949275848265483,0.3194403635076657,-0.1616265145020136,False,False
Apple Inc.,2022-01-26,2022-02-01,4,up,flat,0.32218807926830606,0.46189016028722685,0.21592176044446693,0.32218807926830606,-0.1397020810189208,False,False
Apple Inc.,2022-01-27,2022-02-02,4,up,flat,0.34916373682260626,0.44177535595880213,0.2090609072185913,0.34916373682260626,-0.09261161913619587,False,False
Apple Inc.,2022-01-28,2022-02-03,4,up,flat,0.3576214348333918,0.38712620590045377,0.25525235926615447,0.3576214348333918,-0.029504771067061952,False,False
Apple Inc.,2022-01-31,2022-02-04,4,flat,flat,0.2886758722030449,0.49614976710434155,0.21517436069261348,0.2886758722030449,-0.20747389490129664,False,True
Apple Inc.,2022-02-01,2022-02-07,4,flat,flat,0.2876556720444869,0.4956606564593298,0.21668367149618317,0.2876556720444869,-0.2080049844148429,False,True
Apple Inc.,2022-02-02,2022-02-08,4,flat,flat,0.3039470383911692,0.47907737253809385,0.2169755890707369,0.3039470383911692,-0.17513033414692464,False,True
Apple Inc.,2022-02-03,2022-02-09,4,flat,flat,0.282909204372504,0.5263800148056148,0.1907107808218811,0.282909204372504,-0.2434708104331108,False,True
Apple Inc.,2022-02-04,2022-02-10,4,flat,flat,0.28953088298042096,0.547500851926447,0.1629682650931319,0.28953088298042096,-0.2579699689460261,False,True
Apple Inc.,2022-02-07,2022-02-11,4,flat,flat,0.27635430908982067,0.5582399367221044,0.16540575418807502,0.27635430908982067,-0.2818856276322837,False,True
Apple Inc.,2022-02-08,2022-02-14,4,down,flat,0.2649453264626591,0.559888682967363,0.17516599056997773,0.2649453264626591,-0.29494335650470394,False,False
Apple Inc.,2022-02-09,2022-02-15,4,down,flat,0.2802679875795049,0.5257053073184703,0.19402670510202466,0.2802679875795049,-0.24543731973896543,False,False
Apple Inc.,2022-02-10,2022-02-16,4,flat,flat,0.33443229004519703,0.4615010391312235,0.20406667082357932,0.33443229004519703,-0.12706874908602644,False,True
Apple Inc.,2022-02-11,2022-02-17,4,flat,flat,0.3383089688627029,0.4315694235993591,0.23012160753793798,0.3383089688627029,-0.09326045473665623,False,True
Apple Inc.,2022-02-14,2022-02-18,4,flat,flat,0.32621133191186213,0.4560992671377825,0.21768940095035538,0.32621133191186213,-0.12988793522592035,False,True
Apple Inc.,2022-02-15,2022-02-22,4,down,flat,0.27465064932686134,0.49017926124633615,0.23517008942680248,0.27465064932686134,-0.2155286119194748,False,False
Apple Inc.,2022-02-16,2022-02-23,4,down,flat,0.2889409449781045,0.492846736630416,0.21821231839147942,0.2889409449781045,-0.20390579165231149,False,False
Apple Inc.,2022-02-17,2022-02-24,4,down,down,0.37398245373888506,0.34780115319221394,0.278216393068901,0.37398245373888506,0.026181300546671116,True,True
Apple Inc.,2022-02-18,2022-02-25,4,down,down,0.3889613956506227,0.306376096154088,0.3046625081952894,0.3889613956506227,0.0825852994965347,True,True
Apple Inc.,2022-02-22,2022-02-28,4,flat,down,0.3854126629616308,0.34438338304485283,0.2702039539935165,0.3854126629616308,0.04102927991677796,True,False
Apple Inc.,2022-02-23,2022-03-01,4,flat,flat,0.36096840986109224,0.39853150474599,0.240500085392918,0.36096840986109224,-0.03756309488489773,False,True
Apple Inc.,2022-02-24,2022-03-02,4,up,flat,0.36403116229633914,0.45461202898584674,0.18135680871781396,0.36403116229633914,-0.0905808666895076,False,False
Apple Inc.,2022-02-25,2022-03-03,4,flat,flat,0.27721862339124137,0.5292612756036262,0.19352010100513223,0.27721862339124137,-0.25204265221238487,False,True
Apple Inc.,2022-02-28,2022-03-04,4,flat,flat,0.3238735948169572,0.49415333335559447,0.18197307182744812,0.3238735948169572,-0.17027973853863726,False,True
Apple Inc.,2022-03-01,2022-03-07,4,flat,flat,0.3391045978961181,0.4519912328777733,0.20890416922610855,0.3391045978961181,-0.11288663498165524,False,True
Apple Inc.,2022-03-02,2022-03-08,4,down,flat,0.3336300677834483,0.4491386374422526,0.21723129477429906,0.3336300677834483,-0.1155085696588043,False,False
Apple Inc.,2022-03-03,2022-03-09,4,down,flat,0.3112593008501723,0.4732842509617504,0.21545644818807735,0.3112593008501723,-0.16202495011157814,False,False
Apple Inc.,2022-03-04,2022-03-10,4,down,flat,0.32953648363127624,0.4649845469406908,0.20547896942803287,0.32953648363127624,-0.13544806330941456,False,False
Apple Inc.,2022-03-07,2022-03-11,4,down,flat,0.3271679423927366,0.4679248789286104,0.20490717867865293,0.3271679423927366,-0.1407569365358738,False,False
Apple Inc.,2022-03-08,2022-03-14,4,down,flat,0.33549829887389127,0.4938196912393713,0.17068200988673737,0.33549829887389127,-0.15832139236548004,False,False
Apple Inc.,2022-03-09,2022-03-15,4,down,flat,0.28066122127760734,0.5639759478607496,0.15536283086164296,0.28066122127760734,-0.2833147265831422,False,False
Apple Inc.,2022-03-10,2022-03-16,4,flat,flat,0.3611275657771904,0.4895818952162174,0.14929053900659198,0.3611275657771904,-0.12845432943902702,False,True
Apple Inc.,2022-03-11,2022-03-17,4,flat,flat,0.3605737403616366,0.4911946492503019,0.14823161038806137,0.3605737403616366,-0.1306209088886653,False,True
Apple Inc.,2022-03-14,2022-03-18,4,up,flat,0.37154434578197837,0.487715191403761,0.14074046281426036,0.37154434578197837,-0.11617084562178265,False,False
Apple Inc.,2022-03-15,2022-03-21,4,up,flat,0.32339700815878125,0.511086983195027,0.16551600864619165,0.32339700815878125,-0.18768997503624574,False,False
Apple Inc.,2022-03-16,2022-03-22,4,up,flat,0.3033878025314499,0.5067121977312766,0.18989999973727334,0.3033878025314499,-0.2033243951998267,False,False
Apple Inc.,2022-03-17,2022-03-23,4,up,flat,0.29517605916718637,0.54117353232187,0.1636504085109435,0.29517605916718637,-0.24599747315468368,False,False
Apple Inc.,2022-03-18,2022-03-24,4,up,flat,0.35203564154560685,0.41834967905845494,0.22961467939593827,0.35203564154560685,-0.06631403751284809,False,False
Apple Inc.,2022-03-21,2022-03-25,4,up,flat,0.2922648087859807,0.49095903166465754,0.21677615954936177,0.2922648087859807,-0.19869422287867683,False,False
Apple Inc.,2022-03-22,2022-03-28,4,up,flat,0.2715816972022761,0.5145590914868492,0.21385921131087465,0.2715816972022761,-0.2429773942845731,False,False
Apple Inc.,2022-03-23,2022-03-29,4,up,flat,0.2825604916728442,0.48965068286973984,0.22778882545741583,0.2825604916728442,-0.20709019119689565,False,False
Apple Inc.,2022-03-24,2022-03-30,4,up,flat,0.2635121504342517,0.5265420221833955,0.2099458273823528,0.2635121504342517,-0.26302987174914383,False,False
Apple Inc.,2022-03-25,2022-03-31,4,flat,flat,0.2683332389190378,0.523496388129733,0.2081703729512292,0.2683332389190378,-0.25516314921069516,False,True
Apple Inc.,2022-03-28,2022-04-01,4,flat,flat,0.29296144158694803,0.481362605242325,0.22567595317072692,0.29296144158694803,-0.18840116365537696,False,True
Apple Inc.,2022-03-29,2022-04-04,4,flat,flat,0.27848662994505186,0.4490378194140423,0.27247555064090584,0.27848662994505186,-0.17055118946899045,False,True
Apple Inc.,2022-03-30,2022-04-05,4,flat,flat,0.2971294381967534,0.4570587978128655,0.24581176399038113,0.2971294381967534,-0.1599293596161121,False,True
Apple Inc.,2022-03-31,2022-04-06,4,down,flat,0.32998661364716786,0.38816858168947244,0.2818448046633598,0.32998661364716786,-0.05818196804230458,False,False
Apple Inc.,2022-04-01,2022-04-07,4,flat,flat,0.306963243639997,0.3980312780552876,0.2950054783047156,0.306963243639997,-0.0910680344152906,False,True
Apple Inc.,2022-04-04,2022-04-08,4,down,flat,0.29346199301020315,0.3865456037077478,0.31999240328204914,0.31999240328204914,-0.06655320042569868,False,False
Apple Inc.,2022-04-05,2022-04-11,4,down,flat,0.2985724768642714,0.39154481584420586,0.3098827072915227,0.3098827072915227,-0.08166210855268319,False,False
Apple Inc.,2022-04-06,2022-04-12,4,down,down,0.3648211449793751,0.35034929708519774,0.2848295579354273,0.3648211449793751,0.014471847894177381,True,True
Apple Inc.,2022-04-07,2022-04-13,4,down,flat,0.3406095133467403,0.3473081119220519,0.312082374731208,0.3406095133467403,-0.006698598575311632,False,False
Apple Inc.,2022-04-08,2022-04-14,4,down,down,0.3570015124656323,0.3413678119983153,0.30163067553605266,0.3570015124656323,0.01563370046731699,True,True
Apple Inc.,2022-04-11,2022-04-18,4,down,down,0.3885424920116265,0.3340270111977168,0.2774304967906569,0.3885424920116265,0.05451548081390967,True,True
Apple Inc.,2022-04-12,2022-04-19,4,flat,down,0.3598947095737563,0.3339349197760985,0.3061703706501453,0.3598947095737563,0.025959789797657784,True,False
Apple Inc.,2022-04-13,2022-04-20,4,flat,flat,0.3460152408162941,0.36563608652802637,0.28834867265567954,0.3460152408162941,-0.019620845711732282,False,True
Apple Inc.,2022-04-14,2022-04-21,4,flat,flat,0.3482459152061457,0.3921909861734336,0.2595630986204207,0.3482459152061457,-0.04394507096728795,False,True
Apple Inc.,2022-04-18,2022-04-22,4,flat,down,0.3832959543313267,0.3563698016389554,0.260334244029718,0.3832959543313267,0.026926152692371308,True,False
Apple Inc.,2022-04-19,2022-04-25,4,down,flat,0.34565097003775247,0.3713706146429493,0.2829784153192983,0.34565097003775247,-0.025719644605196823,False,False
Apple Inc.,2022-04-20,2022-04-26,4,down,flat,0.3305611890814294,0.4027335404691461,0.2667052704494246,0.3305611890814294,-0.07217235138771672,False,False
Apple Inc.,2022-04-21,2022-04-27,4,down,flat,0.35735229303046373,0.3885068386683676,0.25414086830116867,0.35735229303046373,-0.031154545637903874,False,False
Apple Inc.,2022-04-22,2022-04-28,4,down,flat,0.3348127842126405,0.45251576133727867,0.21267145445008073,0.3348127842126405,-0.11770297712463818,False,False
Apple Inc.,2022-04-25,2022-04-29,4,flat,flat,0.33836496254568293,0.4368115671656432,0.22482347028867383,0.33836496254568293,-0.09844660461996024,False,True
Apple Inc.,2022-04-26,2022-05-02,4,down,flat,0.32686051281247885,0.4732177046661814,0.19992178252133963,0.32686051281247885,-0.14635719185370255,False,False
Apple Inc.,2022-04-27,2022-05-03,4,flat,flat,0.3238361606470884,0.5014540145732375,0.17470982477967395,0.3238361606470884,-0.17761785392614904,False,True
Apple Inc.,2022-04-28,2022-05-04,4,flat,flat,0.34410349012608304,0.4345603284832198,0.22133618139069716,0.34410349012608304,-0.09045683835713675,False,True
Apple Inc.,2022-04-29,2022-05-05,4,flat,flat,0.33588761339958995,0.48792616247113396,0.17618622412927604,0.33588761339958995,-0.15203854907154402,False,True
Apple Inc.,2022-05-02,2022-05-06,4,flat,flat,0.3663519363467215,0.452590432224268,0.18105763142901055,0.3663519363467215,-0.0862384958775465,False,True
Apple Inc.,2022-05-03,2022-05-09,4,down,flat,0.32806475808239743,0.4664369049757247,0.2054983369418778,0.32806475808239743,-0.13837214689332727,False,False
Apple Inc.,2022-05-04,2022-05-10,4,down,flat,0.3523403636118644,0.4537781686767657,0.19388146771136994,0.3523403636118644,-0.1014378050649013,False,False
Apple Inc.,2022-05-05,2022-05-11,4,down,flat,0.3458146761793721,0.4872114098672539,0.1669739139533739,0.3458146761793721,-0.1413967336878818,False,False
Apple Inc.,2022-05-06,2022-05-12,4,down,flat,0.3429001387037939,0.4985398161817823,0.15856004511442373,0.3429001387037939,-0.1556396774779884,False,False
Apple Inc.,2022-05-09,2022-05-13,4,down,flat,0.3420089668091979,0.514269034854868,0.14372199833593396,0.3420089668091979,-0.17226006804567007,False,False
Apple Inc.,2022-05-10,2022-05-16,4,down,flat,0.3111869984685468,0.5427439468063712,0.14606905472508203,0.3111869984685468,-0.23155694833782436,False,False
Apple Inc.,2022-05-11,2022-05-17,4,flat,flat,0.3388964989059818,0.539686920774058,0.12141658031995994,0.3388964989059818,-0.20079042186807622,False,True
Apple Inc.,2022-05-12,2022-05-18,4,flat,flat,0.3666213231551656,0.5120455868530925,0.12133308999174162,0.3666213231551656,-0.14542426369792694,False,True
Apple Inc.,2022-05-13,2022-05-19,4,down,flat,0.2892691987142414,0.6020320179269006,0.10869878335885788,0.2892691987142414,-0.31276281921265925,False,False
Apple Inc.,2022-05-16,2022-05-20,4,down,flat,0.32809937272443956,0.5805993424161702,0.09130128485939015,0.32809937272443956,-0.2524999696917306,False,False
Apple Inc.,2022-05-17,2022-05-23,4,down,flat,0.33230712917502797,0.5678856436458066,0.09980722717916538,0.33230712917502797,-0.23557851447077865,False,False
Apple Inc.,2022-05-18,2022-05-24,4,flat,flat,0.41714311484199473,0.4862283485828751,0.09662853657513008,0.41714311484199473,-0.06908523374088038,False,True
Apple Inc.,2022-05-19,2022-05-25,4,flat,flat,0.3825645547579043,0.5057738496796976,0.11166159556239783,0.3825645547579043,-0.12320929492179333,False,True
Apple Inc.,2022-05-20,2022-05-26,4,flat,flat,0.325679589086001,0.5651374212784152,0.10918298963558362,0.325679589086001,-0.23945783219241418,False,True
Apple Inc.,2022-05-23,2022-05-27,4,up,flat,0.2861425348210297,0.6135387392067935,0.1003187259721767,0.2861425348210297,-0.3273962043857638,False,False
Apple Inc.,2022-05-24,2022-05-31,4,up,flat,0.3004086943814614,0.6283899289297976,0.07120137668874083,0.3004086943814614,-0.3279812345483362,False,False
Apple Inc.,2022-05-25,2022-06-01,4,up,flat,0.3450609382153971,0.572176372370737,0.08276268941386584,0.3450609382153971,-0.22711543415533997,False,False
Apple Inc.,2022-05-26,2022-06-02,4,up,flat,0.349794975145328,0.5530451186400427,0.09715990621462932,0.349794975145328,-0.2032501434947147,False,False
Apple Inc.,2022-05-27,2022-06-03,4,flat,flat,0.32665794160015305,0.5431070979532504,0.1302349604465965,0.32665794160015305,-0.21644915635309736,False,True
Apple Inc.,2022-05-31,2022-06-06,4,flat,flat,0.3450848336308343,0.539778815087543,0.11513635128162286,0.3450848336308343,-0.1946939814567087,False,True
Apple Inc.,2022-06-01,2022-06-07,4,flat,flat,0.31522620029048565,0.5603084221727938,0.12446537753672063,0.31522620029048565,-0.2450822218823081,False,True
Apple Inc.,2022-06-02,2022-06-08,4,flat,flat,0.31456458623808836,0.5626906219068486,0.1227447918550632,0.31456458623808836,-0.24812603566876024,False,True
Apple Inc.,2022-06-03,2022-06-09,4,flat,flat,0.3316872814001476,0.5331746728273778,0.13513804577247462,0.3316872814001476,-0.20148739142723027,False,True
Apple Inc.,2022-06-06,2022-06-10,4,down,flat,0.2708780303628436,0.5923035154807753,0.1368184541563811,0.2708780303628436,-0.32142548511793173,False,False
Apple Inc.,2022-06-07,2022-06-13,4,down,flat,0.2865354979770707,0.5989044365087468,0.11456006551418244,0.2865354979770707,-0.31236893853167613,False,False
Apple Inc.,2022-06-08,2022-06-14,4,down,flat,0.2751774198198268,0.6015512641777143,0.12327131600245872,0.2751774198198268,-0.3263738443578875,False,False
Apple Inc.,2022-06-09,2022-06-15,4,down,flat,0.36052868065781707,0.505868840564127,0.13360247877805578,0.36052868065781707,-0.14534015990630988,False,False
Apple Inc.,2022-06-10,2022-06-16,4,down,flat,0.4042887884819232,0.451830125127477,0.14388108639059966,0.4042887884819232,-0.04754133664555382,False,False
Apple Inc.,2022-06-13,2022-06-17,4,flat,flat,0.3846717329066431,0.47366108847543964,0.141667178617917,0.3846717329066431,-0.08898935556879656,False,True
Apple Inc.,2022-06-14,2022-06-21,4,flat,flat,0.3176560234998992,0.5750795640507973,0.10726441244930332,0.3176560234998992,-0.2574235405508981,False,True
Apple Inc.,2022-06-15,2022-06-22,4,flat,flat,0.32306659494237244,0.5524314006608275,0.12450200439680012,0.32306659494237244,-0.22936480571845508,False,True
Apple Inc.,2022-06-16,2022-06-23,4,up,flat,0.3958061233480755,0.4914383884894057,0.11275548816251854,0.3958061233480755,-0.09563226514133016,False,False
Apple Inc.,2022-06-17,2022-06-24,4,up,flat,0.40650705563600625,0.4387771997290931,0.1547157446349005,0.40650705563600625,-0.03227014409308687,False,False
Apple Inc.,2022-06-21,2022-06-27,4,up,flat,0.3274914619225961,0.5094106527961373,0.16309788528126662,0.3274914619225961,-0.1819191908735412,False,False
Apple Inc.,2022-06-22,2022-06-28,4,up,flat,0.3305608780253734,0.5184283135668641,0.15101080840776235,0.3305608780253734,-0.18786743554149077,False,False
Apple Inc.,2022-06-23,2022-06-29,4,flat,flat,0.3075103939092234,0.5166442257030779,0.1758453803876986,0.3075103939092234,-0.20913383179385447,False,True
Apple Inc.,2022-06-24,2022-06-30,4,down,flat,0.35209379251180073,0.4586716936578179,0.18923451383038128,0.35209379251180073,-0.10657790114601717,False,False
Apple Inc.,2022-06-27,2022-07-01,4,down,flat,0.309628844737155,0.5265480095201007,0.16382314574274437,0.309628844737155,-0.2169191647829457,False,False
Apple Inc.,2022-06-28,2022-07-05,4,flat,flat,0.3627621369448184,0.4960591676347591,0.14117869542042258,0.3627621369448184,-0.1332970306899407,False,True
Apple Inc.,2022-06-29,2022-07-06,4,up,flat,0.3771686316258501,0.49432485808653714,0.12850651028761284,0.3771686316258501,-0.11715622646068702,False,False
Apple Inc.,2022-06-30,2022-07-07,4,up,flat,0.3639144090443861,0.5114387665524206,0.12464682440319333,0.3639144090443861,-0.1475243575080345,False,False
Apple Inc.,2022-07-01,2022-07-08,4,up,flat,0.31301322934086856,0.5672278963803631,0.11975887427876851,0.31301322934086856,-0.2542146670394945,False,False
Apple Inc.,2022-07-05,2022-07-11,4,up,flat,0.32812490499135694,0.5341849060994444,0.1376901889091987,0.32812490499135694,-0.20606000110808742,False,False
Apple Inc.,2022-07-06,2022-07-12,4,up,flat,0.332453790319376,0.5020588332066878,0.1654873764739364,0.332453790319376,-0.16960504288731176,False,False
Apple Inc.,2022-07-07,2022-07-13,4,flat,flat,0.32386948856953923,0.4832897585199194,0.19284075291054148,0.32386948856953923,-0.15942026995038017,False,True
Apple Inc.,2022-07-08,2022-07-14,4,flat,down,0.40054630749115916,0.3675430878766148,0.23191060463222612,0.40054630749115916,0.03300321961454433,True,False
Apple Inc.,2022-07-11,2022-07-15,4,up,down,0.42870358080883153,0.36068318469178257,0.21061323449938596,0.42870358080883153,0.06802039611704896,True,False
Apple Inc.,2022-07-12,2022-07-18,4,flat,down,0.42658220320678797,0.316006261190549,0.25741153560266306,0.42658220320678797,0.11057594201623899,True,False
Apple Inc.,2022-07-13,2022-07-19,4,up,down,0.45800014548995155,0.3533739539094841,0.18862590060056444,0.45800014548995155,0.10462619158046743,True,False
Apple Inc.,2022-07-14,2022-07-20,4,up,flat,0.3329510702954444,0.4342139516836558,0.2328349780208998,0.3329510702954444,-0.10126288138821138,False,False
Apple Inc.,2022-07-15,2022-07-21,4,up,flat,0.32968553052528815,0.4208259411698716,0.2494885283048403,0.32968553052528815,-0.09114041064458345,False,False
Apple Inc.,2022-07-18,2022-07-22,4,up,flat,0.35705187342809636,0.42814257930469457,0.2148055472672091,0.35705187342809636,-0.07109070587659821,False,False
Apple Inc.,2022-07-19,2022-07-25,4,up,down,0.3829692613477713,0.3646186062498167,0.252412132402412,0.3829692613477713,0.018350655097954638,True,False
Apple Inc.,2022-07-20,2022-07-26,4,flat,flat,0.3151552664452745,0.3950027277568791,0.28984200579784647,0.3151552664452745,-0.07984746131160464,False,True
Apple Inc.,2022-07-21,2022-07-27,4,flat,flat,0.3181126121596185,0.3808421190363208,0.3010452688040608,0.3181126121596185,-0.06272950687670231,False,True
Apple Inc.,2022-07-22,2022-07-28,4,flat,flat,0.3436180242594181,0.38304456486165844,0.2733374108789235,0.3436180242594181,-0.03942654060224032,False,True
Apple Inc.,2022-07-25,2022-07-29,4,up,flat,0.33395563328498024,0.39376775718200363,0.27227660953301636,0.33395563328498024,-0.059812123897023395,False,False
Apple Inc.,2022-07-26,2022-08-01,4,up,flat,0.3525045530984687,0.36290839963407195,0.28458704726745954,0.3525045530984687,-0.010403846535603278,False,False
Apple Inc.,2022-07-27,2022-08-02,4,up,flat,0.30644976256496176,0.35336570233214637,0.340184535102892,0.340184535102892,-0.013181167229254387,False,False
Apple Inc.,2022-07-28,2022-08-03,4,up,flat,0.3160606403540132,0.37942495219977845,0.30451440744620845,0.3160606403540132,-0.06336431184576524,False,False
Apple Inc.,2022-07-29,2022-08-04,4,up,down,0.3507720114199371,0.32465149279660677,0.3245764957834564,0.3507720114199371,0.026120518623330313,True,False
Apple Inc.,2022-08-01,2022-08-05,4,flat,flat,0.35289259556599295,0.37257750335866546,0.2745299010753417,0.35289259556599295,-0.019684907792672512,False,True
Apple Inc.,2022-08-02,2022-08-08,4,up,down,0.35577630099733115,0.3523273726132802,0.2918963263893888,0.35577630099733115,0.0034489283840509755,True,False
Apple Inc.,2022-08-03,2022-08-09,4,flat,down,0.3545695244302051,0.29877957839495467,0.3466508971748403,0.3545695244302051,0.05578994603525045,True,False
Apple Inc.,2022-08-04,2022-08-10,4,flat,flat,0.32387692399386736,0.3810373244103674,0.2950857515957652,0.32387692399386736,-0.05716040041650006,False,True
Apple Inc.,2022-08-05,2022-08-11,4,up,flat,0.3549088801841913,0.37111728737941585,0.27397383243639284,0.3549088801841913,-0.01620840719522454,False,False
Apple Inc.,2022-08-08,2022-08-12,4,up,down,0.3428830743499669,0.33634384242804427,0.3207730832219891,0.3428830743499669,0.006539231921922628,True,False
Apple Inc.,2022-08-09,2022-08-15,4,up,flat,0.325650248142755,0.36591966631937034,0.30843008553787493,0.325650248142755,-0.040269418176615335,False,False
Apple Inc.,2022-08-10,2022-08-16,4,up,down,0.34285837872604114,0.3205295233437536,0.33661209793020547,0.34285837872604114,0.022328855382287516,True,False
Apple Inc.,2022-08-11,2022-08-17,4,up,down,0.35053802295351816,0.34188692974203166,0.30757504730445034,0.35053802295351816,0.008651093211486494,True,False
Apple Inc.,2022-08-12,2022-08-18,4,up,down,0.35699067252292704,0.32036616308974464,0.32264316438732854,0.35699067252292704,0.036624509433182406,True,False
Apple Inc.,2022-08-15,2022-08-19,4,flat,down,0.3531882750968611,0.32537201746176647,0.3214397074413725,0.3531882750968611,0.027816257635094654,True,False
Apple Inc.,2022-08-16,2022-08-22,4,down,down,0.36295443882441775,0.30343653763574185,0.33360902353984057,0.36295443882441775,0.05951790118867589,True,True
Apple Inc.,2022-08-17,2022-08-23,4,down,down,0.3658770948380438,0.27777661680375415,0.3563462883582023,0.3658770948380438,0.08810047803428966,True,True
Apple Inc.,2022-08-18,2022-08-24,4,down,up,0.31391681126594134,0.33660472591596635,0.3494784628180925,0.3494784628180925,0.01287373690212612,True,False
Apple Inc.,2022-08-19,2022-08-25,4,down,up,0.305690361119621,0.3316489892059392,0.36266064967444,0.36266064967444,0.03101166046850079,True,False
Apple Inc.,2022-08-22,2022-08-26,4,flat,up,0.2922644459278948,0.34782356047646945,0.35991199359563575,0.35991199359563575,0.012088433119166297,True,False
Apple Inc.,2022-08-23,2022-08-29,4,down,up,0.291768357172313,0.3521509065038228,0.3560807363238641,0.3560807363238641,0.003929829820041308,True,False
Apple Inc.,2022-08-24,2022-08-30,4,down,up,0.30755933070720853,0.33666815798364774,0.35577251130914367,0.35577251130914367,0.019104353325495926,True,False
Apple Inc.,2022-08-25,2022-08-31,4,down,flat,0.280509185176094,0.362140599328241,0.35735021549566487,0.35735021549566487,-0.004790383832576128,False,False
Apple Inc.,2022-08-26,2022-09-01,4,down,up,0.3472757280087249,0.30268340416368694,0.35004086782758836,0.35004086782758836,0.04735746366390142,True,False
Apple Inc.,2022-08-29,2022-09-02,4,down,down,0.38609032290069123,0.30387997027001584,0.31002970682929304,0.38609032290069123,0.08221035263067539,True,True
Apple Inc.,2022-08-30,2022-09-06,4,down,down,0.35548302994600545,0.3154354751482974,0.3290814949056974,0.35548302994600545,0.04004755479770805,True,True
Apple Inc.,2022-08-31,2022-09-07,4,down,flat,0.34327735816268606,0.35011805734813667,0.30660458448917727,0.34327735816268606,-0.006840699185450605,False,False
Apple Inc.,2022-09-01,2022-09-08,4,down,flat,0.35288886709900613,0.3639906812944962,0.2831204516064978,0.35288886709900613,-0.011101814195490056,False,False
Apple Inc.,2022-09-02,2022-09-09,4,flat,flat,0.35102534081743086,0.3600805499683609,0.28889410921420833,0.35102534081743086,-0.009055209150930055,False,True
Apple Inc.,2022-09-06,2022-09-12,4,up,down,0.39279075627384746,0.3447432060422867,0.262466037683866,0.39279075627384746,0.048047550231560765,True,False
Apple Inc.,2022-09-07,2022-09-13,4,flat,down,0.3701286412756486,0.3308388022054662,0.29903255651888533,0.3701286412756486,0.03928983907018241,True,False
Apple Inc.,2022-09-08,2022-09-14,4,flat,down,0.35820915366211736,0.34998877963140074,0.291802066706482,0.35820915366211736,0.008220374030716626,True,False
Apple Inc.,2022-09-09,2022-09-15,4,down,flat,0.33308908273737703,0.39039575101213153,0.27651516625049155,0.33308908273737703,-0.0573066682747545,False,False
Apple Inc.,2022-09-12,2022-09-16,4,down,flat,0.31621557531832734,0.3577599208397738,0.32602450384189896,0.32602450384189896,-0.031735416997874855,False,False
Apple Inc.,2022-09-13,2022-09-19,4,down,flat,0.3563239075747662,0.4367998688578626,0.20687622356737123,0.3563239075747662,-0.08047596128309642,False,False
Apple Inc.,2022-09-14,2022-09-20,4,flat,flat,0.316862588751479,0.4686648492059733,0.21447256204254772,0.316862588751479,-0.1518022604544943,False,True
Apple Inc.,2022-09-15,2022-09-21,4,flat,flat,0.3258173317976834,0.4804656944719524,0.193716973730364,0.3258173317976834,-0.154648362674269,False,True
Apple Inc.,2022-09-16,2022-09-22,4,flat,flat,0.34356543107071214,0.45332103376880517,0.20311353516048275,0.34356543107071214,-0.10975560269809304,False,True
Apple Inc.,2022-09-19,2022-09-23,4,flat,flat,0.27575973490628725,0.5525029871622413,0.17173727793147125,0.27575973490628725,-0.2767432522559541,False,True
Apple Inc.,2022-09-20,2022-09-26,4,down,flat,0.3389030894629736,0.4589360964083256,0.2021608141287008,0.3389030894629736,-0.12003300694535202,False,False
Apple Inc.,2022-09-21,2022-09-27,4,down,flat,0.3367395877542779,0.48442735536913384,0.17883305687658818,0.3367395877542779,-0.1476877676148559,False,False
Apple Inc.,2022-09-22,2022-09-28,4,down,flat,0.34977056997667827,0.45485130264005,0.19537812738327154,0.34977056997667827,-0.10508073266337176,False,False
Apple Inc.,2022-09-23,2022-09-29,4,down,flat,0.3696152447094021,0.4188874404926688,0.21149731479792921,0.3696152447094021,-0.04927219578326669,False,False
Apple Inc.,2022-09-26,2022-09-30,4,down,flat,0.32995212064318197,0.4755508903218075,0.19449698903501042,0.32995212064318197,-0.1455987696786255,False,False
Apple Inc.,2022-09-27,2022-10-03,4,down,flat,0.2903606547796808,0.5371049176351419,0.1725344275851772,0.2903606547796808,-0.24674426285546108,False,False
Apple Inc.,2022-09-28,2022-10-04,4,flat,flat,0.3916291352036826,0.44456677457955585,0.16380409021676165,0.3916291352036826,-0.05293763937587326,False,True
Apple Inc.,2022-09-29,2022-10-05,4,flat,flat,0.34710992614213965,0.510726029652433,0.14216404420542705,0.34710992614213965,-0.16361610351029332,False,True
Apple Inc.,2022-09-30,2022-10-06,4,up,flat,0.35757937121884575,0.5003150031599692,0.14210562562118478,0.35757937121884575,-0.1427356319411235,False,False
Apple Inc.,2022-10-03,2022-10-07,4,flat,flat,0.3301828768324411,0.5196283280828856,0.15018879508467325,0.3301828768324411,-0.18944545125044454,False,True
Apple Inc.,2022-10-04,2022-10-10,4,down,flat,0.29535233343327805,0.5711618618839189,0.13348580468280283,0.29535233343327805,-0.2758095284506409,False,False
Apple Inc.,2022-10-05,2022-10-11,4,down,flat,0.3427213703245793,0.5388677407619251,0.1184108889134956,0.3427213703245793,-0.19614637043734584,False,False
Apple Inc.,2022-10-06,2022-10-12,4,down,flat,0.35800965945474716,0.49866035210756104,0.14332998843769185,0.35800965945474716,-0.14065069265281388,False,False
Apple Inc.,2022-10-07,2022-10-13,4,flat,flat,0.4246352127090281,0.43903936446526326,0.13632542282570878,0.4246352127090281,-0.014404151756235162,False,True
Apple Inc.,2022-10-10,2022-10-14,4,flat,flat,0.35241863563380704,0.49990256690022083,0.147678797465972,0.35241863563380704,-0.1474839312664138,False,True
Apple Inc.,2022-10-11,2022-10-17,4,flat,flat,0.3267284550545203,0.5388897776349151,0.13438176731056434,0.3267284550545203,-0.21216132258039477,False,True
Apple Inc.,2022-10-12,2022-10-18,4,up,flat,0.32524874735450265,0.556153255675739,0.11859799696975809,0.32524874735450265,-0.23090450832123638,False,False
Apple Inc.,2022-10-13,2022-10-19,4,up,flat,0.3900898334569795,0.4824225165951119,0.12748764994790857,0.3900898334569795,-0.09233268313813242,False,False
Apple Inc.,2022-10-14,2022-10-20,4,flat,flat,0.34637533174848917,0.5289347946958165,0.12468987355569429,0.34637533174848917,-0.18255946294732733,False,True
Apple Inc.,2022-10-17,2022-10-21,4,flat,flat,0.3783481207697365,0.5068860602587295,0.11476581897153393,0.3783481207697365,-0.128537939488993,False,True
Apple Inc.,2022-10-18,2022-10-24,4,up,flat,0.3854696329720273,0.4543326142258156,0.1601977528021572,0.3854696329720273,-0.06886298125378831,False,False
Apple Inc.,2022-10-19,2022-10-25,4,up,flat,0.35647145248600864,0.5161056162593793,0.12742293125461215,0.35647145248600864,-0.1596341637733707,False,False
Apple Inc.,2022-10-20,2022-10-26,4,up,flat,0.3488643054412427,0.5062098799744417,0.1449258145843157,0.3488643054412427,-0.15734557453319897,False,False
Apple Inc.,2022-10-21,2022-10-27,4,flat,flat,0.3776468589997425,0.4626076347435401,0.15974550625671746,0.3776468589997425,-0.08496077574379762,False,True
Apple Inc.,2022-10-24,2022-10-28,4,up,flat,0.32372383800869936,0.5166132605393217,0.159662901451979,0.32372383800869936,-0.1928894225306223,False,False
Apple Inc.,2022-10-25,2022-10-31,4,flat,flat,0.3290327869523263,0.49351851928859586,0.17744869375907793,0.3290327869523263,-0.16448573233626956,False,True
Apple Inc.,2022-10-26,2022-11-01,4,flat,flat,0.3697099531117811,0.461833217152321,0.16845682973589787,0.3697099531117811,-0.09212326404053989,False,True
Apple Inc.,2022-10-27,2022-11-02,4,flat,flat,0.3708459686422585,0.43093677493685867,0.19821725642088278,0.3708459686422585,-0.060090806294600174,False,True
Apple Inc.,2022-10-28,2022-11-03,4,down,flat,0.3137225215712468,0.4387703665635738,0.24750711186517949,0.3137225215712468,-0.12504784499232702,False,False
Apple Inc.,2022-10-31,2022-11-04,4,down,flat,0.2840520031988796,0.5644930502678797,0.15145494653324082,0.2840520031988796,-0.2804410470690001,False,False
Apple Inc.,2022-11-01,2022-11-07,4,down,flat,0.29055541588449607,0.5648438157003159,0.1446007684151877,0.29055541588449607,-0.27428839981581987,False,False
Apple Inc.,2022-11-02,2022-11-08,4,down,flat,0.35916834768831996,0.47350470860859084,0.16732694370308926,0.35916834768831996,-0.11433636092027089,False,False
Apple Inc.,2022-11-03,2022-11-09,4,down,flat,0.3675650165391837,0.49831263999335806,0.13412234346745816,0.3675650165391837,-0.13074762345417434,False,False
Apple Inc.,2022-11-04,2022-11-10,4,flat,flat,0.34719963561572653,0.5090205906244302,0.14377977375984322,0.34719963561572653,-0.16182095500870364,False,True
Apple Inc.,2022-11-07,2022-11-11,4,up,flat,0.29230095116997745,0.6097335462435087,0.09796550258651357,0.29230095116997745,-0.3174325950735313,False,False
Apple Inc.,2022-11-08,2022-11-14,4,up,flat,0.3271517853685071,0.5600569588673125,0.11279125576418014,0.3271517853685071,-0.23290517349880546,False,False
Apple Inc.,2022-11-09,2022-11-15,4,up,flat,0.3971354634905202,0.5135146867137523,0.0893498497957273,0.3971354634905202,-0.11637922322323213,False,False
Apple Inc.,2022-11-10,2022-11-16,4,up,flat,0.40286577398148005,0.43358765033172664,0.16354657568679332,0.40286577398148005,-0.03072187635024659,False,False
Apple Inc.,2022-11-11,2022-11-17,4,flat,flat,0.349622113859761,0.5160181746958137,0.13435971144442532,0.349622113859761,-0.16639606083605268,False,True
Apple Inc.,2022-11-14,2022-11-18,4,flat,flat,0.3358533424108918,0.541375337831683,0.12277131975742524,0.3358533424108918,-0.2055219954207912,False,True
Apple Inc.,2022-11-15,2022-11-21,4,flat,flat,0.3562447122974226,0.4949277031487016,0.14882758455387582,0.3562447122974226,-0.138682990851279,False,True
Apple Inc.,2022-11-16,2022-11-22,4,flat,flat,0.3107726539962165,0.5896046362928582,0.09962270971092542,0.3107726539962165,-0.2788319822966417,False,True
Apple Inc.,2022-11-17,2022-11-23,4,flat,flat,0.3064806803791107,0.5654971771258062,0.12802214249508306,0.3064806803791107,-0.25901649674669547,False,True
Apple Inc.,2022-11-18,2022-11-25,4,down,flat,0.260862715647779,0.5977358048301236,0.14140147952209728,0.260862715647779,-0.33687308918234454,False,False
Apple Inc.,2022-11-21,2022-11-28,4,down,flat,0.27065132218220683,0.6189427845151791,0.11040589330261397,0.27065132218220683,-0.3482914623329723,False,False
Apple Inc.,2022-11-22,2022-11-29,4,down,flat,0.27746602602569226,0.5807004425753405,0.1418335313989672,0.27746602602569226,-0.3032344165496482,False,False
Apple Inc.,2022-11-23,2022-11-30,4,down,flat,0.2934505516466593,0.5274904649337655,0.1790589834195751,0.2934505516466593,-0.23403991328710622,False,False
Apple Inc.,2022-11-25,2022-12-01,4,flat,flat,0.2968090915185897,0.5454019306442368,0.1577889778371734,0.2968090915185897,-0.2485928391256471,False,True
Apple Inc.,2022-11-28,2022-12-02,4,flat,flat,0.3687812857780489,0.4403786334516182,0.1908400807703327,0.3687812857780489,-0.07159734767356929,False,True
Apple Inc.,2022-11-29,2022-12-05,4,up,flat,0.3481556166237995,0.4818455060684289,0.16999887730777136,0.3481556166237995,-0.1336898894446294,False,False
Apple Inc.,2022-11-30,2022-12-06,4,flat,flat,0.3293100788552078,0.4817851158002095,0.18890480534458268,0.3293100788552078,-0.1524750369450017,False,True
Apple Inc.,2022-12-01,2022-12-07,4,down,flat,0.27309420202886825,0.5381950071803079,0.18871079079082384,0.27309420202886825,-0.26510080515143963,False,False
Apple Inc.,2022-12-02,2022-12-08,4,down,flat,0.3971227153664097,0.4070681949946574,0.19580908963893293,0.3971227153664097,-0.009945479628247711,False,False
Apple Inc.,2022-12-05,2022-12-09,4,down,flat,0.36760073699095136,0.41685555436825045,0.2155437086407983,0.36760073699095136,-0.04925481737729909,False,False
Apple Inc.,2022-12-06,2022-12-12,4,flat,flat,0.3779562535472638,0.4348431384654431,0.18720060798729324,0.3779562535472638,-0.05688688491817928,False,True
Apple Inc.,2022-12-07,2022-12-13,4,up,flat,0.3359415445682514,0.47744187326251797,0.18661658216923055,0.3359415445682514,-0.14150032869426654,False,False
Apple Inc.,2022-12-08,2022-12-14,4,flat,flat,0.3340843998888202,0.46443715123993845,0.2014784488712414,0.3340843998888202,-0.13035275135111823,False,True
Apple Inc.,2022-12-09,2022-12-15,4,down,flat,0.3591471139391287,0.45908197214608093,0.1817709139147906,0.3591471139391287,-0.09993485820695225,False,False
Apple Inc.,2022-12-12,2022-12-16,4,down,flat,0.3608515057652335,0.4705277063049129,0.16862078792985358,0.3608515057652335,-0.10967620053967941,False,False
Apple Inc.,2022-12-13,2022-12-19,4,down,flat,0.3828716472699489,0.39266747768632393,0.22446087504372733,0.3828716472699489,-0.009795830416375051,False,False
Apple Inc.,2022-12-14,2022-12-20,4,down,flat,0.39776648941858994,0.44412250004819176,0.15811101053321838,0.39776648941858994,-0.04635601062960182,False,False
Apple Inc.,2022-12-15,2022-12-21,4,down,flat,0.4126575379057076,0.41907213802565596,0.16827032406863646,0.4126575379057076,-0.006414600119948377,False,False
Apple Inc.,2022-12-16,2022-12-22,4,down,flat,0.38790928443346606,0.4377265038332483,0.1743642117332856,0.38790928443346606,-0.04981721939978223,False,False
Apple Inc.,2022-12-19,2022-12-23,4,flat,flat,0.3048438832003222,0.587223650339036,0.1079324664606417,0.3048438832003222,-0.2823797671387138,False,True
Apple Inc.,2022-12-20,2022-12-27,4,flat,flat,0.3485306935897927,0.5317317819071667,0.11973752450304037,0.3485306935897927,-0.18320108831737403,False,True
Apple Inc.,2022-12-21,2022-12-28,4,down,flat,0.36307178379245575,0.4932627063676286,0.1436655098399156,0.36307178379245575,-0.13019092257517284,False,False
Apple Inc.,2022-12-22,2022-12-29,4,down,flat,0.40871872073358684,0.47429861805899387,0.1169826612074194,0.40871872073358684,-0.06557989732540703,False,False
Apple Inc.,2022-12-23,2022-12-30,4,flat,flat,0.4036064148115409,0.46198534335139363,0.13440824183706537,0.4036064148115409,-0.058378928539852715,False,True
Apple Inc.,2022-12-27,2023-01-03,4,down,flat,0.39382326768456816,0.4503108381216582,0.15586589419377372,0.39382326768456816,-0.05648757043709002,False,False
Apple Inc.,2022-12-28,2023-01-04,4,flat,flat,0.37073744688812127,0.4957781998671791,0.13348435324469948,0.37073744688812127,-0.1250407529790578,False,True
Apple Inc.,2022-12-29,2023-01-05,4,down,flat,0.28366428682839856,0.5816496770477027,0.13468603612389884,0.28366428682839856,-0.2979853902193041,False,False
Apple Inc.,2022-12-30,2023-01-06,4,flat,flat,0.2898885567395558,0.5827094426675491,0.12740200059289508,0.2898885567395558,-0.29282088592799327,False,True
Apple Inc.,2023-01-03,2023-01-09,4,flat,flat,0.30466336955172324,0.5582081675838032,0.13712846286447364,0.30466336955172324,-0.25354479803207997,False,True
Apple Inc.,2023-01-04,2023-01-10,4,flat,flat,0.2773777478154306,0.5845470373940654,0.13807521479050397,0.2773777478154306,-0.3071692895786348,False,True
Apple Inc.,2023-01-05,2023-01-11,4,up,flat,0.28162494321799325,0.5732315947427097,0.14514346203929723,0.28162494321799325,-0.29160665152471643,False,False
Apple Inc.,2023-01-06,2023-01-12,4,up,flat,0.3221400308560133,0.4992050945345927,0.17865487460939394,0.3221400308560133,-0.17706506367857944,False,False
Apple Inc.,2023-01-09,2023-01-13,4,flat,flat,0.3150143358116881,0.5101772710218178,0.17480839316649416,0.3150143358116881,-0.19516293521012967,False,True
Apple Inc.,2023-01-10,2023-01-17,4,up,flat,0.345340413752416,0.4732918107190076,0.18136777552857636,0.345340413752416,-0.12795139696659164,False,False
Apple Inc.,2023-01-11,2023-01-18,4,up,flat,0.370009655692903,0.4106114197406282,0.2193789245664688,0.370009655692903,-0.0406017640477252,False,False
Apple Inc.,2023-01-12,2023-01-19,4,flat,flat,0.36145007932960055,0.4110271772009704,0.22752274346942902,0.36145007932960055,-0.049577097871369824,False,True
Apple Inc.,2023-01-13,2023-01-20,4,flat,flat,0.2855721129697206,0.4629873420005043,0.251440545029775,0.2855721129697206,-0.17741522903078366,False,True
Apple Inc.,2023-01-17,2023-01-23,4,up,flat,0.2843563152403265,0.39516217923672914,0.3204815055229443,0.3204815055229443,-0.07468067371378484,False,False
Apple Inc.,2023-01-18,2023-01-24,4,up,flat,0.32027036180238416,0.41284334588708105,0.2668862923105348,0.32027036180238416,-0.09257298408469689,False,False
Apple Inc.,2023-01-19,2023-01-25,4,up,flat,0.3649169843072657,0.4159367896736412,0.21914622601909314,0.3649169843072657,-0.051019805366375515,False,False
Apple Inc.,2023-01-20,2023-01-26,4,up,down,0.35238747845498886,0.3373417080896907,0.31027081345532054,0.35238747845498886,0.015045770365298139,True,False
Apple Inc.,2023-01-23,2023-01-27,4,up,flat,0.34572810356790423,0.3653387207147727,0.2889331757173231,0.34572810356790423,-0.01961061714686846,False,False
Apple Inc.,2023-01-24,2023-01-30,4,flat,flat,0.3539005057326734,0.3598801343199858,0.2862193599473408,0.3539005057326734,-0.00597962858731238,False,True
Apple Inc.,2023-01-25,2023-01-31,4,flat,down,0.42407947513495675,0.32718711706635406,0.2487334077986894,0.42407947513495675,0.09689235806860269,True,False
Apple Inc.,2023-01-26,2023-02-01,4,flat,down,0.3537491680423517,0.33541334484242497,0.3108374871152234,0.3537491680423517,0.018335823199926715,True,False
Apple Inc.,2023-01-27,2023-02-02,4,up,down,0.3791362450242399,0.304096709832137,0.3167670451436232,0.3791362450242399,0.07503953519210294,True,False
Apple Inc.,2023-01-30,2023-02-03,4,up,down,0.42301939415396117,0.3240264816638444,0.2529541241821946,0.42301939415396117,0.09899291249011677,True,False
Apple Inc.,2023-01-31,2023-02-06,4,up,down,0.4234207112497803,0.3124848787111134,0.2640944100391064,0.4234207112497803,0.1109358325386669,True,False
Apple Inc.,2023-02-01,2023-02-07,4,up,down,0.39349480299452366,0.31995265780314397,0.2865525392023326,0.39349480299452366,0.0735421451913797,True,False
Apple Inc.,2023-02-02,2023-02-08,4,up,down,0.39522982053552325,0.2718183585051612,0.33295182095931575,0.39522982053552325,0.12341146203036207,True,False
Apple Inc.,2023-02-03,2023-02-09,4,flat,down,0.3811655377127521,0.31679487919850774,0.30203958308874024,0.3811655377127521,0.06437065851424434,True,False
Apple Inc.,2023-02-06,2023-02-10,4,flat,flat,0.3495226356247379,0.4194663806979861,0.23101098367727613,0.3495226356247379,-0.06994374507324819,False,True
Apple Inc.,2023-02-07,2023-02-13,4,flat,down,0.38652307531258323,0.3458317855254875,0.2676451391619293,0.38652307531258323,0.04069128978709574,True,False
Apple Inc.,2023-02-08,2023-02-14,4,flat,flat,0.32557352665585754,0.43554415506448885,0.23888231827965373,0.32557352665585754,-0.10997062840863131,False,True
Apple Inc.,2023-02-09,2023-02-15,4,flat,flat,0.29926961169539246,0.46808179400891875,0.23264859429568874,0.29926961169539246,-0.1688121823135263,False,True
Apple Inc.,2023-02-10,2023-02-16,4,up,flat,0.2905914909156531,0.45168035386971683,0.25772815521463,0.2905914909156531,-0.16108886295406372,False,False
Apple Inc.,2023-02-13,2023-02-17,4,flat,flat,0.3060196196208246,0.42634968110675603,0.26763069927241945,0.3060196196208246,-0.12033006148593145,False,True
Apple Inc.,2023-02-14,2023-02-21,4,down,flat,0.3316805108316573,0.419870472360895,0.24844901680744763,0.3316805108316573,-0.08818996152923769,False,False
Apple Inc.,2023-02-15,2023-02-22,4,down,flat,0.35108288489392836,0.3601173113196434,0.28879980378642833,0.35108288489392836,-0.009034426425715059,False,False
Apple Inc.,2023-02-16,2023-02-23,4,down,down,0.36994257034893296,0.35232375762758006,0.2777336720234871,0.36994257034893296,0.017618812721352906,True,True
Apple Inc.,2023-02-17,2023-02-24,4,down,flat,0.3471927234115827,0.39832885430431464,0.25447842228410256,0.3471927234115827,-0.051136130892731946,False,False
Apple Inc.,2023-02-21,2023-02-27,4,flat,flat,0.31664973659758244,0.42935036637485013,0.2539998970275674,0.31664973659758244,-0.11270062977726769,False,True
Apple Inc.,2023-02-22,2023-02-28,4,flat,flat,0.327395623645962,0.41824318830383267,0.25436118805020524,0.327395623645962,-0.0908475646578707,False,True
Apple Inc.,2023-02-23,2023-03-01,4,down,flat,0.3316295816392165,0.41402268147468885,0.25434773688609463,0.3316295816392165,-0.08239309983547233,False,False
Apple Inc.,2023-02-24,2023-03-02,4,flat,down,0.3920226156218546,0.3466851833267458,0.2612922010513996,0.3920226156218546,0.04533743229510878,True,False
Apple Inc.,2023-02-27,2023-03-03,4,flat,flat,0.3214934055185618,0.3672435799066852,0.31126301457475297,0.3214934055185618,-0.0457501743881234,False,True
Apple Inc.,2023-02-28,2023-03-06,4,up,down,0.39050189130663965,0.32231740048659563,0.28718070820676483,0.39050189130663965,0.06818449082004402,True,False
Apple Inc.,2023-03-01,2023-03-07,4,up,down,0.390965542951221,0.32057843107600076,0.28845602597277836,0.390965542951221,0.07038711187522023,True,False
Apple Inc.,2023-03-02,2023-03-08,4,up,down,0.378441200567729,0.322065191257768,0.2994936081745031,0.378441200567729,0.056376009309961006,True,False
Apple Inc.,2023-03-03,2023-03-09,4,up,down,0.35632355277925387,0.30874451301811695,0.33493193420262946,0.35632355277925387,0.04757903976113692,True,False
Apple Inc.,2023-03-06,2023-03-10,4,down,up,0.3345484948631363,0.314097078689174,0.35135442644769,0.35135442644769,0.03725734775851597,True,False
Apple Inc.,2023-03-07,2023-03-13,4,down,flat,0.36258574779862074,0.3700251475834695,0.2673891046179098,0.36258574779862074,-0.007439399784848755,False,False
Apple Inc.,2023-03-08,2023-03-14,4,flat,down,0.35663052573410425,0.34151599117489617,0.30185348309099974,0.35663052573410425,0.015114534559208082,True,False
Apple Inc.,2023-03-09,2023-03-15,4,flat,down,0.3506123741903614,0.33485414554103765,0.3145334802686012,0.3506123741903614,0.015758228649323747,True,False
Apple Inc.,2023-03-10,2023-03-16,4,up,down,0.35883695272844796,0.34167849022203534,0.299484557049517,0.35883695272844796,0.01715846250641262,True,False
Apple Inc.,2023-03-13,2023-03-17,4,up,flat,0.3066058418280394,0.3818144624614822,0.31157969571047844,0.31157969571047844,-0.07023476675100376,False,False
Apple Inc.,2023-03-14,2023-03-20,4,up,flat,0.2950312841923019,0.3931033340410091,0.3118653817666891,0.3118653817666891,-0.08123795227432001,False,False
Apple Inc.,2023-03-15,2023-03-21,4,up,flat,0.33882149185017063,0.3683338846294303,0.29284462352039925,0.33882149185017063,-0.029512392779259655,False,False
Apple Inc.,2023-03-16,2023-03-22,4,up,up,0.33556206730217797,0.32620079052478634,0.33823714217303585,0.33823714217303585,0.01203635164824951,True,True
Apple Inc.,2023-03-17,2023-03-23,4,up,up,0.3382642910285292,0.3081854528547612,0.35355025611670976,0.35355025611670976,0.04536480326194858,True,True
Apple Inc.,2023-03-20,2023-03-24,4,up,flat,0.34141846061431247,0.3635010989623432,0.2950804404233445,0.34141846061431247,-0.02208263834803076,False,False
Apple Inc.,2023-03-21,2023-03-27,4,flat,flat,0.3241941198345577,0.34492940075324147,0.330876479412201,0.330876479412201,-0.01405292134104047,False,True
Apple Inc.,2023-03-22,2023-03-28,4,flat,flat,0.3533454920420651,0.35999898472867614,0.28665552322925886,0.3533454920420651,-0.006653492686611029,False,True
Apple Inc.,2023-03-23,2023-03-29,4,flat,flat,0.354659448225093,0.382423181682659,0.2629173700922482,0.354659448225093,-0.027763733457565998,False,True
Apple Inc.,2023-03-24,2023-03-30,4,flat,flat,0.33283202964606656,0.386228664786749,0.2809393055671846,0.33283202964606656,-0.053396635140682436,False,True
Apple Inc.,2023-03-27,2023-03-31,4,up,flat,0.3329712601659013,0.38940781665666213,0.27762092317743675,0.3329712601659013,-0.05643655649076085,False,False
Apple Inc.,2023-03-28,2023-04-03,4,up,flat,0.32102213758083303,0.39150216186703946,0.28747570055212746,0.32102213758083303,-0.07048002428620642,False,False
Apple Inc.,2023-03-29,2023-04-04,4,up,flat,0.31544390140215745,0.36443534039520187,0.32012075820264074,0.32012075820264074,-0.044314582192561125,False,False
Apple Inc.,2023-03-30,2023-04-05,4,flat,flat,0.33821894581268364,0.3650821202555673,0.2966989339317492,0.33821894581268364,-0.026863174442883664,False,True
Apple Inc.,2023-03-31,2023-04-06,4,flat,down,0.37229432835764364,0.2844382606164867,0.34326741102586994,0.37229432835764364,0.08785606774115695,True,False
Apple Inc.,2023-04-03,2023-04-10,4,down,up,0.3382334493290834,0.29546505218163316,0.36630149848928373,0.36630149848928373,0.07083644630765057,True,False
Apple Inc.,2023-04-04,2023-04-11,4,down,up,0.344208195420668,0.2937939327749681,0.361997871804364,0.361997871804364,0.06820393902939587,True,False
Apple Inc.,2023-04-05,2023-04-12,4,down,up,0.3391861145658335,0.31897697423921256,0.3418369111949542,0.3418369111949542,0.022859936955741622,True,False
Apple Inc.,2023-04-06,2023-04-13,4,flat,flat,0.318819389093131,0.3468717580790364,0.33430885282783257,0.33430885282783257,-0.012562905251203849,False,True
Apple Inc.,2023-04-10,2023-04-14,4,up,flat,0.3173767525930373,0.3461353529566689,0.3364878944502938,0.3364878944502938,-0.009647458506375106,False,False
Apple Inc.,2023-04-11,2023-04-17,4,up,flat,0.31001430734958657,0.3719202045427322,0.31806548810768115,0.31806548810768115,-0.053854716435051075,False,False
Apple Inc.,2023-04-12,2023-04-18,4,up,down,0.3426839330859658,0.33183736597949454,0.3254787009345399,0.3426839330859658,0.01084656710647125,True,False
Apple Inc.,2023-04-13,2023-04-19,4,up,up,0.3281213255448755,0.2873718494094362,0.38450682504568845,0.38450682504568845,0.09713497563625223,True,True
Apple Inc.,2023-04-14,2023-04-20,4,flat,down,0.3563904700706654,0.3177082897576189,0.3259012401717159,0.3563904700706654,0.03868218031304649,True,False
Apple Inc.,2023-04-17,2023-04-21,4,flat,down,0.352023238286006,0.3174525521154491,0.3305242095985451,0.352023238286006,0.03457068617055692,True,False
Apple Inc.,2023-04-18,2023-04-24,4,flat,up,0.34184027492954344,0.28168692930699196,0.3764727957634648,0.3764727957634648,0.09478586645647286,True,False
Apple Inc.,2023-04-19,2023-04-25,4,down,down,0.34953032792148814,0.30666900723989055,0.3438006648386214,0.34953032792148814,0.04286132068159759,True,True
Apple Inc.,2023-04-20,2023-04-26,4,down,up,0.3413599623780952,0.31541601587701107,0.343224021744894,0.343224021744894,0.027808005867882957,True,False
Apple Inc.,2023-04-21,2023-04-27,4,flat,up,0.31687637933532103,0.31189255399532945,0.37123106666934974,0.37123106666934974,0.059338512674020294,True,False
Apple Inc.,2023-04-24,2023-04-28,4,up,flat,0.316241006780494,0.35287901330898536,0.33087997991052065,0.33087997991052065,-0.021999033398464707,False,False
Apple Inc.,2023-04-25,2023-05-01,4,up,up,0.31991597297201746,0.33742371369525753,0.34266031333272506,0.34266031333272506,0.005236599637467532,True,True
Apple Inc.,2023-04-26,2023-05-02,4,up,down,0.34498256489699486,0.32908664198834914,0.3259307931146561,0.34498256489699486,0.01589592290864572,True,False
Apple Inc.,2023-04-27,2023-05-03,4,flat,up,0.3327075164797181,0.2693908255868733,0.3979016579334089,0.3979016579334089,0.12851083234653565,True,False
Apple Inc.,2023-04-28,2023-05-04,4,down,up,0.3267462687644389,0.30244490482151093,0.3708088264140504,0.3708088264140504,0.06836392159253946,True,False
Apple Inc.,2023-05-01,2023-05-05,4,up,down,0.3587224481714256,0.2870672480837998,0.3542103037447747,0.3587224481714256,0.07165520008762583,True,False
Apple Inc.,2023-05-02,2023-05-08,4,up,up,0.33794685177849276,0.29792299132646677,0.36413015689504064,0.36413015689504064,0.06620716556857387,True,True
Apple Inc.,2023-05-03,2023-05-09,4,up,up,0.32855515712974614,0.2717528286199102,0.3996920142503438,0.3996920142503438,0.1279391856304336,True,True
Apple Inc.,2023-05-04,2023-05-10,4,up,up,0.3262899844239687,0.28740043671787474,0.38630957885815664,0.38630957885815664,0.0989091421402819,True,True
Apple Inc.,2023-05-05,2023-05-11,4,flat,up,0.2914119343180593,0.28080820526224703,0.4277798604196939,0.4277798604196939,0.14697165515744687,True,False
Apple Inc.,2023-05-08,2023-05-12,4,flat,flat,0.3140536344457461,0.3949069767606248,0.29103938879362923,0.3140536344457461,-0.08085334231487873,False,True
Apple Inc.,2023-05-09,2023-05-15,4,flat,flat,0.3300515360921764,0.34527216691729923,0.3246762969905245,0.3300515360921764,-0.015220630825122816,False,True
Apple Inc.,2023-05-10,2023-05-16,4,flat,up,0.32512146232260053,0.2996755597919964,0.37520297788540313,0.37520297788540313,0.07552741809340674,True,False
Apple Inc.,2023-05-11,2023-05-17,4,flat,up,0.32811778470594777,0.32995348718297557,0.3419287281110768,0.3419287281110768,0.011975240928101205,True,False
Apple Inc.,2023-05-12,2023-05-18,4,flat,flat,0.31575793790903595,0.35023480569422627,0.33400725639673773,0.33400725639673773,-0.01622754929748854,False,True
Apple Inc.,2023-05-15,2023-05-19,4,up,flat,0.30204273232385653,0.3523915012473786,0.34556576642876496,0.34556576642876496,-0.006825734818613649,False,False
Apple Inc.,2023-05-16,2023-05-22,4,flat,up,0.31507087833825964,0.3407958389792626,0.3441332826824779,0.3441332826824779,0.003337443703215315,True,False
Apple Inc.,2023-05-17,2023-05-23,4,flat,up,0.30685027072865567,0.317134729613741,0.3760149996576033,0.3760149996576033,0.058880270043862315,True,False
Apple Inc.,2023-05-18,2023-05-24,4,down,up,0.2933767230549429,0.2976174860348529,0.4090057909102044,0.4090057909102044,0.11138830487535151,True,False
Apple Inc.,2023-05-19,2023-05-25,4,down,up,0.3250843073655359,0.3089595417572297,0.36595615087723454,0.36595615087723454,0.056996609120004815,True,False
Apple Inc.,2023-05-22,2023-05-26,4,flat,up,0.32889342056506704,0.32173383701180996,0.3493727424231231,0.3493727424231231,0.02763890541131314,True,False
Apple Inc.,2023-05-23,2023-05-30,4,up,up,0.32562252304352046,0.2869446251278954,0.3874328518285842,0.3874328518285842,0.1004882267006888,True,True
Apple Inc.,2023-05-24,2023-05-31,4,up,up,0.34020729762243596,0.289056908580845,0.3707357937967193,0.3707357937967193,0.0816788852158743,True,True
Apple Inc.,2023-05-25,2023-06-01,4,up,up,0.2742137130309594,0.27391061894151725,0.4518756680275233,0.4518756680275233,0.17796504908600608,True,True
Apple Inc.,2023-05-26,2023-06-02,4,up,up,0.27169605682079057,0.29798610855631136,0.43031783462289813,0.43031783462289813,0.13233172606658677,True,True
Apple Inc.,2023-05-30,2023-06-05,4,up,up,0.28654272886406484,0.2874130909925269,0.42604418014340845,0.42604418014340845,0.13863108915088157,True,True
Apple Inc.,2023-05-31,2023-06-06,4,flat,up,0.30974583683064255,0.23785273531618903,0.4524014278531685,0.4524014278531685,0.21454869253697947,True,False
Apple Inc.,2023-06-01,2023-06-07,4,flat,up,0.30486512769839513,0.26997112090959813,0.42516375139200685,0.42516375139200685,0.15519263048240872,True,False
Apple Inc.,2023-06-02,2023-06-08,4,down,up,0.3042991456694077,0.2523883162965806,0.443312538034012,0.443312538034012,0.1909242217374314,True,False
Apple Inc.,2023-06-05,2023-06-09,4,flat,up,0.3402574528916682,0.21202865428699788,0.44771389282133434,0.44771389282133434,0.23568523853433646,True,False
Apple Inc.,2023-06-06,2023-06-12,4,up,up,0.2921845785297077,0.3268665389715134,0.38094888249877895,0.38094888249877895,0.05408234352726554,True,True
Apple Inc.,2023-06-07,2023-06-13,4,up,up,0.30555315545388856,0.3063319351941794,0.3881149093519322,0.3881149093519322,0.08178297415775282,True,True
Apple Inc.,2023-06-08,2023-06-14,4,up,up,0.3063761035070882,0.3329383212628435,0.3606855752300684,0.3606855752300684,0.027747253967224883,True,True
Apple Inc.,2023-06-09,2023-06-15,4,up,up,0.33507367072594285,0.3020955463118278,0.36283078296222954,0.36283078296222954,0.06073523665040176,True,True
Apple Inc.,2023-06-12,2023-06-16,4,up,up,0.35797053654274713,0.27487516307958304,0.36715430037767005,0.36715430037767005,0.09227913729808701,True,True
Apple Inc.,2023-06-13,2023-06-20,4,flat,up,0.34999822444045153,0.26224010534399195,0.38776167021555674,0.38776167021555674,0.1255215648715648,True,False
Apple Inc.,2023-06-14,2023-06-21,4,flat,up,0.3457577289274084,0.2494426428753877,0.4047996281972042,0.4047996281972042,0.15535698532181652,True,False
Apple Inc.,2023-06-15,2023-06-22,4,flat,up,0.3340202533714003,0.2417539322049289,0.42422581442367113,0.42422581442367113,0.18247188221874222,True,False
Apple Inc.,2023-06-16,2023-06-23,4,flat,up,0.33615820710275596,0.2356410689603312,0.4282007239369132,0.4282007239369132,0.192559654976582,True,False
Apple Inc.,2023-06-20,2023-06-26,4,flat,up,0.30238811622765427,0.30939357633475506,0.3882183074375908,0.3882183074375908,0.07882473110283572,True,False
Apple Inc.,2023-06-21,2023-06-27,4,up,up,0.31379455272265966,0.29363508137795946,0.39257036589938116,0.39257036589938116,0.0989352845214217,True,True
Apple Inc.,2023-06-22,2023-06-28,4,up,up,0.3242853686611084,0.26631802846298214,0.4093966028759096,0.4093966028759096,0.14307857441292748,True,True
Apple Inc.,2023-06-23,2023-06-29,4,up,up,0.3217031933379205,0.26143083441746817,0.4168659722446115,0.4168659722446115,0.15543513782714335,True,True
Apple Inc.,2023-06-26,2023-06-30,4,up,up,0.31434622548834934,0.26245098754123186,0.4232027869704189,0.4232027869704189,0.16075179942918705,True,True
Apple Inc.,2023-06-27,2023-07-03,4,up,up,0.3228712903735651,0.23643373983971944,0.44069496978671574,0.44069496978671574,0.2042612299469963,True,True
Apple Inc.,2023-06-28,2023-07-05,4,up,up,0.29928767921457894,0.21853351512028307,0.48217880566513815,0.48217880566513815,0.2636452905448551,True,True
Apple Inc.,2023-06-29,2023-07-06,4,flat,up,0.2985088895419688,0.220070174690077,0.4814209357679543,0.4814209357679543,0.2613507610778773,True,False
Apple Inc.,2023-06-30,2023-07-07,4,flat,up,0.304397186095063,0.1975654050824699,0.4980374088224674,0.4980374088224674,0.3004720037399975,True,False
Apple Inc.,2023-07-03,2023-07-10,4,down,up,0.3110643914239321,0.2694110558325423,0.4195245527435258,0.4195245527435258,0.15011349691098347,True,False
Apple Inc.,2023-07-05,2023-07-11,4,down,up,0.31310642672003974,0.23790453147401472,0.4489890418059458,0.4489890418059458,0.21108451033193107,True,False
Apple Inc.,2023-07-06,2023-07-12,4,flat,up,0.28734713557400104,0.25600149822347656,0.4566513662025225,0.4566513662025225,0.20064986797904594,True,False
Apple Inc.,2023-07-07,2023-07-13,4,flat,up,0.28292774167565293,0.2529572352264489,0.46411502309789826,0.46411502309789826,0.21115778787144934,True,False
Apple Inc.,2023-07-10,2023-07-14,4,flat,up,0.290275969100258,0.2988112055173364,0.4109128253824056,0.4109128253824056,0.11210161986506917,True,False
Apple Inc.,2023-07-11,2023-07-17,4,up,up,0.2860043447244127,0.32805836875741645,0.3859372865181707,0.3859372865181707,0.05787891776075427,True,True
Apple Inc.,2023-07-12,2023-07-18,4,up,up,0.292314976064767,0.27090562600759305,0.43677939792764,0.43677939792764,0.16587377192004693,True,True
Apple Inc.,2023-07-13,2023-07-19,4,up,up,0.31975107778014167,0.28255110431394226,0.3976978179059162,0.3976978179059162,0.11514671359197393,True,True
Apple Inc.,2023-07-14,2023-07-20,4,up,up,0.32103859300537074,0.24941875535030508,0.42954265164432426,0.42954265164432426,0.18012389629401918,True,True
Apple Inc.,2023-07-17,2023-07-21,4,flat,up,0.311914585594612,0.2318616258164422,0.4562237885889459,0.4562237885889459,0.2243621627725037,True,False
Apple Inc.,2023-07-18,2023-07-24,4,flat,up,0.3265202372524667,0.24477791363036905,0.42870184911716436,0.42870184911716436,0.1839239354867953,True,False
Apple Inc.,2023-07-19,2023-07-25,4,flat,up,0.33498472360150267,0.20043838705772143,0.46457688934077623,0.46457688934077623,0.2641385022830548,True,False
Apple Inc.,2023-07-20,2023-07-26,4,flat,up,0.30052026085641903,0.28718823282276446,0.41229150632081657,0.41229150632081657,0.12510327349805211,True,False
Apple Inc.,2023-07-21,2023-07-27,4,flat,up,0.3067596850913537,0.27132729131769207,0.42191302359095445,0.42191302359095445,0.15058573227326238,True,False
Apple Inc.,2023-07-24,2023-07-28,4,flat,up,0.2944144563544357,0.32204904801951284,0.38353649562605163,0.38353649562605163,0.06148744760653879,True,False
Apple Inc.,2023-07-25,2023-07-31,4,up,up,0.30789511280257836,0.315276720134651,0.3768281670627708,0.3768281670627708,0.06155144692811976,True,True
Apple Inc.,2023-07-26,2023-08-01,4,flat,up,0.31840229585903757,0.2849744532675892,0.39662325087337347,0.39662325087337347,0.11164879760578428,True,False
Apple Inc.,2023-07-27,2023-08-02,4,flat,up,0.3350480451253127,0.2808305469981716,0.3841214078765159,0.3841214078765159,0.10329086087834427,True,False
Apple Inc.,2023-07-28,2023-08-03,4,down,up,0.33517795874406486,0.2663903291367413,0.3984317121191941,0.3984317121191941,0.13204138298245277,True,False
Apple Inc.,2023-07-31,2023-08-04,4,down,up,0.30618143478692844,0.2506511444318621,0.4431674207812096,0.4431674207812096,0.19251627634934748,True,False
Apple Inc.,2023-08-01,2023-08-07,4,down,up,0.3088095172374281,0.248929019966044,0.442261462796528,0.442261462796528,0.193332442830484,True,False
Apple Inc.,2023-08-02,2023-08-08,4,down,up,0.31063141669185346,0.2709599492816689,0.4184086340264778,0.4184086340264778,0.14744868474480893,True,False
Apple Inc.,2023-08-03,2023-08-09,4,down,up,0.31594532000151354,0.2694928127075046,0.414561867290982,0.414561867290982,0.1450690545834774,True,False
Apple Inc.,2023-08-04,2023-08-10,4,down,down,0.3408971817992902,0.32521187111373223,0.3338909470869775,0.3408971817992902,0.01568531068555795,True,True
Apple Inc.,2023-08-07,2023-08-11,4,down,flat,0.32156765358994643,0.3957958524570162,0.2826364939530372,0.32156765358994643,-0.07422819886706977,False,False
Apple Inc.,2023-08-08,2023-08-14,4,flat,flat,0.32369590566285,0.4020823271589944,0.27422176717815544,0.32369590566285,-0.07838642149614439,False,True
Apple Inc.,2023-08-09,2023-08-15,4,flat,flat,0.361664593889649,0.3736095997365776,0.2647258063737733,0.361664593889649,-0.011945005846928591,False,True
Apple Inc.,2023-08-10,2023-08-16,4,flat,down,0.37676036768359855,0.3511453995964658,0.2720942327199356,0.37676036768359855,0.02561496808713276,True,False
Apple Inc.,2023-08-11,2023-08-17,4,down,down,0.3909339864997034,0.3081835749685897,0.30088243853170693,0.3909339864997034,0.08275041153111368,True,True
Apple Inc.,2023-08-14,2023-08-18,4,down,down,0.37276863856838727,0.3071746798480281,0.3200566815835846,0.37276863856838727,0.06559395872035917,True,True
Apple Inc.,2023-08-15,2023-08-21,4,down,down,0.37830437022722163,0.30891240792331676,0.3127832218494618,0.37830437022722163,0.06939196230390487,True,True
Apple Inc.,2023-08-16,2023-08-22,4,flat,down,0.3608813734680306,0.32994282359037463,0.30917580294159475,0.3608813734680306,0.030938549877655985,True,False
Apple Inc.,2023-08-17,2023-08-23,4,up,down,0.3451584654424582,0.3334107057030084,0.32143082885453356,0.3451584654424582,0.011747759739449803,True,False
Apple Inc.,2023-08-18,2023-08-24,4,up,flat,0.3388237025720233,0.3660110554173046,0.2951652420106721,0.3388237025720233,-0.027187352845281287,False,False
Apple Inc.,2023-08-21,2023-08-25,4,flat,flat,0.31908472419719913,0.40211861208552113,0.2787966637172798,0.31908472419719913,-0.083033887888322,False,True
Apple Inc.,2023-08-22,2023-08-28,4,up,flat,0.34678372502039756,0.3711991828587438,0.2820170921208587,0.34678372502039756,-0.024415457838346255,False,False
Apple Inc.,2023-08-23,2023-08-29,4,flat,down,0.34501859486899256,0.33216519084395324,0.3228162142870543,0.34501859486899256,0.012853404025039317,True,False
Apple Inc.,2023-08-24,2023-08-30,4,up,down,0.368393539941398,0.3213861558356797,0.31022030422292235,0.368393539941398,0.04700738410571831,True,False
Apple Inc.,2023-08-25,2023-08-31,4,up,down,0.35274706755538787,0.32047509957967846,0.3267778328649337,0.35274706755538787,0.032271967975709415,True,False
Apple Inc.,2023-08-28,2023-09-01,4,up,up,0.31642810422297346,0.3378402205443305,0.3457316752326962,0.3457316752326962,0.007891454688365718,True,True
Apple Inc.,2023-08-29,2023-09-05,4,up,up,0.31936627301975695,0.3288194922244354,0.35181423475580786,0.35181423475580786,0.02299474253137246,True,True
Apple Inc.,2023-08-30,2023-09-06,4,flat,up,0.2901226307301461,0.3243353526084173,0.38554201666143684,0.38554201666143684,0.061206664053019555,True,False
Apple Inc.,2023-08-31,2023-09-07,4,down,up,0.2976660233747579,0.32978077070258516,0.37255320592265717,0.37255320592265717,0.042772435220072014,True,False
Apple Inc.,2023-09-01,2023-09-08,4,down,up,0.3111136840218907,0.32005076515705844,0.368835550821051,0.368835550821051,0.04878478566399258,True,False
Apple Inc.,2023-09-05,2023-09-11,4,down,up,0.32177615706094576,0.30292579387894725,0.37529804906010705,0.37529804906010705,0.0723722551811598,True,False
Apple Inc.,2023-09-06,2023-09-12,4,down,up,0.3195467792891322,0.3111265934951729,0.3693266272156951,0.3693266272156951,0.05820003372052218,True,False
Apple Inc.,2023-09-07,2023-09-13,4,flat,flat,0.3386362344339965,0.37983944633951594,0.2815243192264876,0.3386362344339965,-0.041203211905519455,False,True
Apple Inc.,2023-09-08,2023-09-14,4,down,flat,0.2807238209899806,0.45486084623062895,0.26441533277939044,0.2807238209899806,-0.17413702524064834,False,False
Apple Inc.,2023-09-11,2023-09-15,4,down,flat,0.33543511329472475,0.43502547185642904,0.22953941484884632,0.33543511329472475,-0.09959035856170428,False,False
Apple Inc.,2023-09-12,2023-09-18,4,flat,flat,0.35590213995466313,0.4068977304314011,0.23720012961393588,0.35590213995466313,-0.05099559047673796,False,True
Apple Inc.,2023-09-13,2023-09-19,4,flat,flat,0.36319115070217983,0.37956713220690724,0.2572417170909129,0.36319115070217983,-0.01637598150472741,False,True
Apple Inc.,2023-09-14,2023-09-20,4,flat,down,0.37090687703186925,0.3445475869060043,0.28454553606212657,0.37090687703186925,0.026359290125864965,True,False
Apple Inc.,2023-09-15,2023-09-21,4,flat,down,0.3422124367528343,0.32161631823032066,0.3361712450168451,0.3422124367528343,0.02059611852251364,True,False
Apple Inc.,2023-09-18,2023-09-22,4,flat,flat,0.3005562213729555,0.4172608180168149,0.2821829606102295,0.3005562213729555,-0.1167045966438594,False,True
Apple Inc.,2023-09-19,2023-09-25,4,down,flat,0.3552815522220765,0.3826108419537694,0.26210760582415416,0.3552815522220765,-0.027329289731692852,False,False
Apple Inc.,2023-09-20,2023-09-26,4,down,flat,0.3684178603027758,0.36965347016932315,0.26192866952790106,0.3684178603027758,-0.0012356098665473603,False,False
Apple Inc.,2023-09-21,2023-09-27,4,down,down,0.36709999394466675,0.3564784825965494,0.27642152345878396,0.36709999394466675,0.01062151134811734,True,True
Apple Inc.,2023-09-22,2023-09-28,4,down,flat,0.33874969324147597,0.39946105438360247,0.26178925237492157,0.33874969324147597,-0.060711361142126496,False,False
Apple Inc.,2023-09-25,2023-09-29,4,down,flat,0.32102610848270785,0.4421943786200936,0.2367795128971986,0.32102610848270785,-0.12116827013738574,False,False
Apple Inc.,2023-09-26,2023-10-02,4,flat,flat,0.3687839734000714,0.3709623808466411,0.2602536457532877,0.3687839734000714,-0.002178407446569719,False,True
Apple Inc.,2023-09-27,2023-10-03,4,flat,down,0.3709631575987171,0.3488545803555294,0.2801822620457536,0.3709631575987171,0.02210857724318771,True,False
Apple Inc.,2023-09-28,2023-10-04,4,flat,down,0.37072992517315995,0.35699397334830735,0.27227610147853276,0.37072992517315995,0.0137359518248526,True,False
Apple Inc.,2023-09-29,2023-10-05,4,flat,flat,0.34063793833728906,0.36446767069349384,0.29489439096921727,0.34063793833728906,-0.02382973235620478,False,True
Apple Inc.,2023-10-02,2023-10-06,4,up,flat,0.3504090696113813,0.35511906635935653,0.29447186402926223,0.3504090696113813,-0.004709996747975231,False,False
Apple Inc.,2023-10-03,2023-10-09,4,up,down,0.37212323662252556,0.3479733767844647,0.27990338659300973,0.37212323662252556,0.02414985983806084,True,False
Apple Inc.,2023-10-04,2023-10-10,4,up,down,0.3771133230478916,0.3296103590964735,0.293276317855635,0.3771133230478916,0.047502963951418065,True,False
Apple Inc.,2023-10-05,2023-10-11,4,up,down,0.37609815025369564,0.32087055653575536,0.3030312932105491,0.37609815025369564,0.05522759371794028,True,False
Apple Inc.,2023-10-06,2023-10-12,4,up,down,0.3641723461590965,0.30834211997743266,0.327485533863471,0.3641723461590965,0.05583022618166383,True,False
Apple Inc.,2023-10-09,2023-10-13,4,flat,flat,0.33249971134762973,0.34563934239338817,0.3218609462589823,0.33249971134762973,-0.013139631045758438,False,True
Apple Inc.,2023-10-10,2023-10-16,4,flat,down,0.3572023665138041,0.31867557295950755,0.3241220605266885,0.3572023665138041,0.03852679355429656,True,False
Apple Inc.,2023-10-11,2023-10-17,4,down,down,0.3531229463974029,0.30496171112046583,0.3419153424821315,0.3531229463974029,0.04816123527693705,True,True
Apple Inc.,2023-10-12,2023-10-18,4,down,up,0.32595506665061397,0.29804850389782156,0.37599642945156464,0.37599642945156464,0.07794792555374308,True,False
Apple Inc.,2023-10-13,2023-10-19,4,down,flat,0.3249275599244382,0.34739670425351843,0.3276757358220435,0.3276757358220435,-0.019720968431474917,False,False
Apple Inc.,2023-10-16,2023-10-20,4,down,down,0.346075932104572,0.3219678963354874,0.33195617155994084,0.346075932104572,0.0241080357690846,True,True
Apple Inc.,2023-10-17,2023-10-23,4,down,down,0.3491019100981186,0.31412164689856276,0.3367764430033189,0.3491019100981186,0.03498026319955583,True,True
Apple Inc.,2023-10-18,2023-10-24,4,down,down,0.34707083247498033,0.3241479660922619,0.3287812014327579,0.34707083247498033,0.022922866382718454,True,True
Apple Inc.,2023-10-19,2023-10-25,4,down,up,0.32890754552687124,0.3166344996899579,0.35445795478317105,0.35445795478317105,0.037823455093213165,True,False
Apple Inc.,2023-10-20,2023-10-26,4,down,down,0.3589532777543172,0.29931529074800745,0.3417314314976756,0.3589532777543172,0.059637987006309734,True,True
Apple Inc.,2023-10-23,2023-10-27,4,down,down,0.3813665934336607,0.3049829918308485,0.313650414735491,0.3813665934336607,0.07638360160281221,True,True
Apple Inc.,2023-10-24,2023-10-30,4,down,down,0.3526045921621662,0.31434953680962674,0.3330458710282072,0.3526045921621662,0.03825505535253948,True,True
Apple Inc.,2023-10-25,2023-10-31,4,down,down,0.36455825273740977,0.2901083548066528,0.34533339245593764,0.36455825273740977,0.07444989793075696,True,True
Apple Inc.,2023-10-26,2023-11-01,4,up,down,0.3804744476743752,0.29907567790856787,0.32044987441705713,0.3804744476743752,0.08139876976580734,True,False
Apple Inc.,2023-10-27,2023-11-02,4,up,down,0.36496998503135647,0.31332881457187367,0.32170120039676997,0.36496998503135647,0.0516411704594828,True,False
Apple Inc.,2023-10-30,2023-11-03,4,up,down,0.354608319133197,0.32259329603321063,0.3227983848335924,0.354608319133197,0.032015023099986384,True,False
Apple Inc.,2023-10-31,2023-11-06,4,up,down,0.37839203268826366,0.34110134784436974,0.28050661946736666,0.37839203268826366,0.03729068484389392,True,False
Apple Inc.,2023-11-01,2023-11-07,4,up,down,0.36493434574266603,0.2913133031993636,0.3437523510579705,0.36493434574266603,0.07362104254330243,True,False
Apple Inc.,2023-11-02,2023-11-08,4,up,up,0.3176880095563038,0.2793118260684476,0.40300016437524877,0.40300016437524877,0.12368833830680115,True,True
Apple Inc.,2023-11-03,2023-11-09,4,up,down,0.35233973202248503,0.3056078709472747,0.3420523970302404,0.35233973202248503,0.046731861075210324,True,False
Apple Inc.,2023-11-06,2023-11-10,4,up,up,0.29387422607250036,0.3118835011145841,0.3942422728129157,0.3942422728129157,0.08235877169833156,True,True
Apple Inc.,2023-11-07,2023-11-13,4,up,up,0.31334724961535076,0.30655875981482694,0.3800939905698225,0.3800939905698225,0.07353523075499557,True,True
Apple Inc.,2023-11-08,2023-11-14,4,up,flat,0.28520678708430247,0.37315156223594614,0.3416416506797516,0.3416416506797516,-0.031509911556194536,False,False
Apple Inc.,2023-11-09,2023-11-15,4,up,flat,0.32887116679049283,0.3446114690621743,0.3265173641473329,0.32887116679049283,-0.015740302271681494,False,False
Apple Inc.,2023-11-10,2023-11-16,4,up,up,0.29768226696982225,0.3155730666299096,0.3867446664002683,0.3867446664002683,0.0711715997703587,True,True
Apple Inc.,2023-11-13,2023-11-17,4,up,flat,0.3254597626982213,0.372740119376727,0.30180011792505196,0.3254597626982213,-0.04728035667850572,False,False
Apple Inc.,2023-11-14,2023-11-20,4,up,up,0.326456068255934,0.29090756375123994,0.3826363679928263,0.3826363679928263,0.09172880424158636,True,True
Apple Inc.,2023-11-15,2023-11-21,4,up,up,0.3246061469693679,0.3158015876704601,0.35959226536017225,0.35959226536017225,0.04379067768971212,True,True
Apple Inc.,2023-11-16,2023-11-22,4,flat,up,0.33150501331238263,0.2882476976494579,0.3802472890381597,0.3802472890381597,0.09199959138870178,True,False
Apple Inc.,2023-11-17,2023-11-24,4,flat,up,0.31618358566586857,0.30462535622832554,0.3791910581058062,0.3791910581058062,0.07456570187748068,True,False
Apple Inc.,2023-11-20,2023-11-27,4,flat,up,0.33212612466311264,0.2748091524743556,0.39306472286253197,0.39306472286253197,0.11825557038817636,True,False
Apple Inc.,2023-11-21,2023-11-28,4,flat,up,0.3093746782031853,0.2956941730423195,0.39493114875449536,0.39493114875449536,0.09923697571217588,True,False
Apple Inc.,2023-11-22,2023-11-29,4,flat,up,0.32340318537885926,0.265355191834203,0.4112416227869379,0.4112416227869379,0.1458864309527349,True,False
Apple Inc.,2023-11-24,2023-11-30,4,flat,up,0.29027020395834935,0.3051777042355499,0.4045520918061008,0.4045520918061008,0.09937438757055089,True,False
Apple Inc.,2023-11-27,2023-12-01,4,flat,up,0.3171584207414049,0.24811520325977682,0.43472637599881864,0.43472637599881864,0.18661117273904182,True,False
Apple Inc.,2023-11-28,2023-12-04,4,flat,up,0.29136114159078913,0.25915284777111625,0.4494860106380948,0.4494860106380948,0.19033316286697854,True,False
Apple Inc.,2023-11-29,2023-12-05,4,flat,up,0.3100758610614886,0.2557515206298488,0.4341726183086628,0.4341726183086628,0.17842109767881403,True,False
Apple Inc.,2023-11-30,2023-12-06,4,up,up,0.28630844968322605,0.2818562847759578,0.4318352655408162,0.4318352655408162,0.14997898076485838,True,True
Apple Inc.,2023-12-01,2023-12-07,4,up,up,0.2784823770600291,0.23116593847236633,0.4903516844676047,0.4903516844676047,0.25918574599523836,True,True
Apple Inc.,2023-12-04,2023-12-08,4,up,up,0.287136718660504,0.25533050968695525,0.45753277165254086,0.45753277165254086,0.2022022619655856,True,True
Apple Inc.,2023-12-05,2023-12-11,4,flat,up,0.2974859566228193,0.20787419893336,0.4946398444438209,0.4946398444438209,0.2867656455104609,True,False
Apple Inc.,2023-12-06,2023-12-12,4,flat,up,0.29915593362863613,0.24908275676205954,0.4517613096093045,0.4517613096093045,0.20267855284724495,True,False
Apple Inc.,2023-12-07,2023-12-13,4,up,up,0.30660863767802976,0.21803696152628865,0.4753544007956818,0.4753544007956818,0.25731743926939316,True,True
Apple Inc.,2023-12-08,2023-12-14,4,up,up,0.30043344642769315,0.21241361715773013,0.48715293641457685,0.48715293641457685,0.2747393192568467,True,True
Apple Inc.,2023-12-11,2023-12-15,4,up,up,0.29517417711197746,0.25183728585737375,0.4529885370306489,0.4529885370306489,0.20115125117327515,True,True
Apple Inc.,2023-12-12,2023-12-18,4,flat,up,0.28291539161262985,0.28018963501603306,0.4368949733713371,0.4368949733713371,0.15670533835530404,True,False
Apple Inc.,2023-12-13,2023-12-19,4,flat,up,0.3073078463222842,0.23071887855339868,0.4619732751243174,0.4619732751243174,0.23125439657091873,True,False
Apple Inc.,2023-12-14,2023-12-20,4,down,up,0.3153896776131028,0.2535104097616343,0.431099912625263,0.431099912625263,0.17758950286362868,True,False
Apple Inc.,2023-12-15,2023-12-21,4,down,up,0.3247782824322733,0.20730445824896,0.46791725931876704,0.46791725931876704,0.26061280106980705,True,False
Apple Inc.,2023-12-18,2023-12-22,4,flat,up,0.29042802359908537,0.30429687262865057,0.40527510377226417,0.40527510377226417,0.1009782311436136,True,False
Apple Inc.,2023-12-19,2023-12-26,4,down,up,0.30166929468977294,0.2863004967139932,0.41203020859623396,0.41203020859623396,0.12572971188224075,True,False
Apple Inc.,2023-12-20,2023-12-27,4,down,up,0.3009821561934088,0.27805775942728916,0.4209600843793021,0.4209600843793021,0.14290232495201294,True,False
Apple Inc.,2023-12-21,2023-12-28,4,flat,up,0.28647662892047493,0.3309317556477751,0.38259161543174985,0.38259161543174985,0.05165985978397475,True,False
Apple Inc.,2023-12-22,2023-12-29,4,flat,up,0.2984813179579625,0.3178825779215373,0.3836361041205002,0.3836361041205002,0.06575352619896291,True,False
Apple Inc.,2023-12-26,2024-01-02,4,down,up,0.32281428153447206,0.2931495185379702,0.3840361999275579,0.3840361999275579,0.09088668138958766,True,False
Apple Inc.,2023-12-27,2024-01-03,4,down,up,0.33595580353709265,0.260683480634234,0.40336071582867344,0.40336071582867344,0.14267723519443942,True,False
Apple Inc.,2023-12-28,2024-01-04,4,down,up,0.31636218865841303,0.27607979381988695,0.4075580175217002,0.4075580175217002,0.13147822370181322,True,False
Apple Inc.,2023-12-29,2024-01-05,4,down,up,0.34224102822365055,0.2665372051755528,0.3912217666007969,0.3912217666007969,0.12468456142524409,True,False
Apple Inc.,2024-01-02,2024-01-08,4,down,up,0.3570292088258957,0.2807984709091718,0.3621723202649326,0.3621723202649326,0.08137384935576081,True,False
Apple Inc.,2024-01-03,2024-01-09,4,flat,up,0.3379288478449991,0.31771738154218077,0.34435377061282013,0.34435377061282013,0.026636389070639366,True,False
Apple Inc.,2024-01-04,2024-01-10,4,up,down,0.3384343474861682,0.33493507127174404,0.3266305812420877,0.3384343474861682,0.0034992762144241407,True,False
Apple Inc.,2024-01-05,2024-01-11,4,up,down,0.34620111876952697,0.33889937090934663,0.3148995103211265,0.34620111876952697,0.007301747860180341,True,False
Apple Inc.,2024-01-08,2024-01-12,4,flat,down,0.3474492063961003,0.3203986238335127,0.3321521697703872,0.3474492063961003,0.027050582562587577,True,False
Apple Inc.,2024-01-09,2024-01-16,4,flat,down,0.3709281366754785,0.3302251252751712,0.29884673804935025,0.3709281366754785,0.0407030114003073,True,False
Apple Inc.,2024-01-10,2024-01-17,4,down,down,0.3872381633962553,0.2735141405327086,0.3392476960710362,0.3872381633962553,0.11372402286354666,True,True
Apple Inc.,2024-01-11,2024-01-18,4,flat,down,0.3637820881804396,0.2876560970040557,0.3485618148155049,0.3637820881804396,0.07612599117638391,True,False
Apple Inc.,2024-01-12,2024-01-19,4,up,down,0.35222793210200987,0.3158703318516991,0.33190173604629103,0.35222793210200987,0.03635760025031076,True,False
Apple Inc.,2024-01-16,2024-01-22,4,up,down,0.35423839545699864,0.3022694930028625,0.3434921115401391,0.35423839545699864,0.05196890245413616,True,False
Apple Inc.,2024-01-17,2024-01-23,4,up,flat,0.3278134926466638,0.37542295147152427,0.2967635558818119,0.3278134926466638,-0.04760945882486045,False,False
Apple Inc.,2024-01-18,2024-01-24,4,up,up,0.31536133851680975,0.33060359126910743,0.3540350702140829,0.3540350702140829,0.023431478944975492,True,True
Apple Inc.,2024-01-19,2024-01-25,4,up,flat,0.3104610779563987,0.3668029160492784,0.3227360059943232,0.3227360059943232,-0.044066910054955166,False,False
Apple Inc.,2024-01-22,2024-01-26,4,flat,up,0.29207839257558116,0.3449016249881903,0.3630199824362288,0.3630199824362288,0.01811835744803847,True,False
Apple Inc.,2024-01-23,2024-01-29,4,down,up,0.3049026365766767,0.31876385250416694,0.37633351091915646,0.37633351091915646,0.05756965841498951,True,False
Apple Inc.,2024-01-24,2024-01-30,4,down,up,0.31307202820254854,0.29746692008372655,0.38946105171372514,0.38946105171372514,0.09199413162999859,True,False
Apple Inc.,2024-01-25,2024-01-31,4,down,up,0.2967171444785943,0.31742071181718945,0.38586214370421645,0.38586214370421645,0.068441431887027,True,False
Apple Inc.,2024-01-26,2024-02-01,4,down,flat,0.30524131883923095,0.35082714382639324,0.343931537334376,0.343931537334376,-0.006895606492017259,False,False
Apple Inc.,2024-01-29,2024-02-02,4,down,flat,0.3223528166509748,0.3447152251434701,0.3329319582055552,0.3329319582055552,-0.011783266937914871,False,False
Apple Inc.,2024-01-30,2024-02-05,4,flat,down,0.34775291049609625,0.32944369557499287,0.32280339392891105,0.34775291049609625,0.01830921492110338,True,False
Apple Inc.,2024-01-31,2024-02-06,4,flat,down,0.3544145642852085,0.3450293377099827,0.300556098004809,0.3544145642852085,0.009385226575225836,True,False
Apple Inc.,2024-02-01,2024-02-07,4,up,down,0.3451653103668264,0.3155822444827994,0.3392524451503743,0.3451653103668264,0.029583065884026982,True,False
Apple Inc.,2024-02-02,2024-02-08,4,up,down,0.35109300343622807,0.3281460754729625,0.32076092109080956,0.35109300343622807,0.022946927963265584,True,False
Apple Inc.,2024-02-05,2024-02-09,4,flat,flat,0.3091709905386567,0.3542765613745149,0.3365524480868285,0.3365524480868285,-0.017724113287686416,False,True
Apple Inc.,2024-02-06,2024-02-12,4,flat,down,0.35667271581479193,0.3510428696393332,0.292284414545875,0.35667271581479193,0.0056298461754587525,True,False
Apple Inc.,2024-02-07,2024-02-13,4,down,up,0.3268424330101367,0.2846061016840835,0.38855146530577994,0.38855146530577994,0.10394536362169643,True,False
Apple Inc.,2024-02-08,2024-02-14,4,down,down,0.3496835030784281,0.3119335074208629,0.33838298950070905,0.3496835030784281,0.037749995657565205,True,True
Apple Inc.,2024-02-09,2024-02-15,4,down,up,0.3463060975712983,0.29686013147958007,0.3568337709491218,0.3568337709491218,0.059973639469541706,True,False
Apple Inc.,2024-02-12,2024-02-16,4,down,down,0.3459692797611779,0.31912775004828176,0.3349029701905405,0.3459692797611779,0.02684152971289616,True,True
Apple Inc.,2024-02-13,2024-02-20,4,down,down,0.33870168186461785,0.33492682465493717,0.3263714934804451,0.33870168186461785,0.003774857209680682,True,True
Apple Inc.,2024-02-14,2024-02-21,4,down,flat,0.3356771431328417,0.3588933476458114,0.30542950922134704,0.3356771431328417,-0.023216204512969685,False,False
Apple Inc.,2024-02-15,2024-02-22,4,flat,down,0.34397745999240836,0.33932897328718403,0.3166935667204077,0.34397745999240836,0.004648486705224331,True,False
Apple Inc.,2024-02-16,2024-02-23,4,flat,flat,0.3393151388639419,0.3809597766195457,0.2797250845165124,0.3393151388639419,-0.04164463775560384,False,True
Apple Inc.,2024-02-20,2024-02-26,4,flat,down,0.36647599461262137,0.3269905924808267,0.30653341290655206,0.36647599461262137,0.03948540213179469,True,False
Apple Inc.,2024-02-21,2024-02-27,4,flat,down,0.3552075142459348,0.33247152559562065,0.31232096015844457,0.3552075142459348,0.02273598865031412,True,False
Apple Inc.,2024-02-22,2024-02-28,4,down,up,0.34599864494421795,0.3021503314507906,0.3518510236049914,0.3518510236049914,0.049700692154200754,True,False
Apple Inc.,2024-02-23,2024-02-29,4,down,down,0.36848759103259454,0.30183740444169027,0.32967500452571535,0.36848759103259454,0.06665018659090427,True,True
Apple Inc.,2024-02-26,2024-03-01,4,down,down,0.3611849206692611,0.30335400665887824,0.33546107267186076,0.3611849206692611,0.05783091401038287,True,True
Apple Inc.,2024-02-27,2024-03-04,4,down,up,0.35400914526711147,0.2828743436038438,0.3631165111290449,0.3631165111290449,0.08024216752520114,True,False
Apple Inc.,2024-02-28,2024-03-05,4,down,down,0.3538486008514816,0.31450104149252645,0.33165035765599205,0.3538486008514816,0.039347559358955175,True,True
Apple Inc.,2024-02-29,2024-03-06,4,down,up,0.3352230754078169,0.2666701945129986,0.39810673007918473,0.39810673007918473,0.13143653556618612,True,False
Apple Inc.,2024-03-01,2024-03-07,4,down,flat,0.33285360101102873,0.34901716497341007,0.31812923401556126,0.33285360101102873,-0.016163563962381333,False,False
Apple Inc.,2024-03-04,2024-03-08,4,down,down,0.3474038708943571,0.34201053407504567,0.31058559503059724,0.3474038708943571,0.005393336819311423,True,True
Apple Inc.,2024-03-05,2024-03-11,4,flat,flat,0.3477010898202534,0.3565648944189732,0.29573401576077324,0.3477010898202534,-0.008863804598719827,False,True
Apple Inc.,2024-03-06,2024-03-12,4,up,flat,0.3301744744267243,0.384257019332864,0.28556850624041175,0.3301744744267243,-0.05408254490613967,False,False
Apple Inc.,2024-03-07,2024-03-13,4,up,flat,0.35044196360333596,0.356127452463414,0.29343058393325,0.35044196360333596,-0.005685488860078025,False,False
Apple Inc.,2024-03-08,2024-03-14,4,flat,down,0.3654378202388424,0.34187109268265625,0.2926910870785014,0.3654378202388424,0.023566727556186162,True,False
Apple Inc.,2024-03-11,2024-03-15,4,flat,down,0.3614654783356944,0.34546693324360656,0.293067588420699,0.3614654783356944,0.015998545092087868,True,False
Apple Inc.,2024-03-12,2024-03-18,4,flat,down,0.4061687356118302,0.3106896550265217,0.2831416093616483,0.4061687356118302,0.09547908058530852,True,False
Apple Inc.,2024-03-13,2024-03-19,4,up,down,0.38577792808877653,0.3258192587418546,0.2884028131693689,0.38577792808877653,0.059958669346921956,True,False
Apple Inc.,2024-03-14,2024-03-20,4,up,down,0.3642530782421969,0.3082667321775432,0.32748018958026015,0.3642530782421969,0.05598634606465369,True,False
Apple Inc.,2024-03-15,2024-03-21,4,flat,down,0.3447166045041353,0.3364555146950012,0.31882788080086355,0.3447166045041353,0.008261089809134148,True,False
Apple Inc.,2024-03-18,2024-03-22,4,down,flat,0.3224607588380066,0.38287559444504665,0.29466364671694695,0.3224607588380066,-0.06041483560704003,False,False
Apple Inc.,2024-03-19,2024-03-25,4,down,flat,0.36455342948583763,0.39137879979036905,0.24406777072379343,0.36455342948583763,-0.026825370304531415,False,False
Apple Inc.,2024-03-20,2024-03-26,4,down,flat,0.34932990537681474,0.3650012344331759,0.28566886019000953,0.34932990537681474,-0.01567132905636115,False,False
Apple Inc.,2024-03-21,2024-03-27,4,flat,flat,0.3514328932911707,0.35553841591963364,0.2930286907891958,0.3514328932911707,-0.004105522628462921,False,True
Apple Inc.,2024-03-22,2024-03-28,4,flat,flat,0.3475314910665276,0.3809932601994076,0.2714752487340649,0.3475314910665276,-0.033461769132880015,False,True
Apple Inc.,2024-03-25,2024-04-01,4,flat,flat,0.34239624872577656,0.38689010651044425,0.2707136447637792,0.34239624872577656,-0.04449385778466769,False,True
Apple Inc.,2024-03-26,2024-04-02,4,flat,flat,0.36338855669382364,0.37328907655577087,0.26332236675040566,0.36338855669382364,-0.009900519861947232,False,True
Apple Inc.,2024-03-27,2024-04-03,4,down,flat,0.3401737883158341,0.3935288795216406,0.26629733216252527,0.3401737883158341,-0.053355091205806504,False,False
Apple Inc.,2024-03-28,2024-04-04,4,flat,down,0.37314979041776264,0.35171770194381874,0.2751325076384186,0.37314979041776264,0.0214320884739439,True,False
Apple Inc.,2024-04-01,2024-04-05,4,flat,down,0.3738561244175009,0.3492549855812448,0.2768888900012543,0.3738561244175009,0.024601138836256087,True,False
Apple Inc.,2024-04-02,2024-04-08,4,flat,down,0.3900066035193787,0.3127112132961286,0.29728218318449284,0.3900066035193787,0.0772953902232501,True,False
Apple Inc.,2024-04-03,2024-04-09,4,flat,down,0.37735274440570143,0.32414486369057827,0.2985023919037204,0.37735274440570143,0.05320788071512317,True,False
Apple Inc.,2024-04-04,2024-04-10,4,flat,down,0.3660168987687983,0.34859210624853276,0.2853909949826689,0.3660168987687983,0.01742479252026552,True,False
Apple Inc.,2024-04-05,2024-04-11,4,flat,down,0.36849762511402984,0.3654329842398115,0.2660693906461585,0.36849762511402984,0.003064640874218316,True,False
Apple Inc.,2024-04-08,2024-04-12,4,up,down,0.3907721927936504,0.32442249876217494,0.28480530844417473,0.3907721927936504,0.06634969403147545,True,False
Apple Inc.,2024-04-09,2024-04-15,4,up,down,0.3829225090640994,0.29751261449427135,0.3195648764416294,0.3829225090640994,0.08540989456982806,True,False
Apple Inc.,2024-04-10,2024-04-16,4,up,down,0.39137775919823625,0.2879677910364919,0.3206544497652721,0.39137775919823625,0.10340996816174436,True,False
Apple Inc.,2024-04-11,2024-04-17,4,down,up,0.34226212346801577,0.2593320952909836,0.3984057812410009,0.3984057812410009,0.1390736859500173,True,False
Apple Inc.,2024-04-12,2024-04-18,4,down,up,0.30758162570763203,0.2833204168358135,0.4090979574565547,0.4090979574565547,0.1257775406207412,True,False
Apple Inc.,2024-04-15,2024-04-19,4,down,down,0.34065554635835515,0.32476419653382893,0.3345802571078161,0.34065554635835515,0.015891349824526224,True,True
Apple Inc.,2024-04-16,2024-04-22,4,down,down,0.36217443587844345,0.29499377972470486,0.3428317843968519,0.36217443587844345,0.06718065615373858,True,True
Apple Inc.,2024-04-17,2024-04-23,4,down,down,0.3511207194586886,0.3426262717648375,0.30625300877647393,0.3511207194586886,0.008494447693851104,True,True
Apple Inc.,2024-04-18,2024-04-24,4,flat,flat,0.35281485412790026,0.3612203001455485,0.28596484572655145,0.35281485412790026,-0.008405446017648255,False,True
Apple Inc.,2024-04-19,2024-04-25,4,up,down,0.3688259269174584,0.33509843228407443,0.2960756407984674,0.3688259269174584,0.03372749463338398,True,False
Apple Inc.,2024-04-22,2024-04-26,4,up,flat,0.36463504222778453,0.3809116177998896,0.2544533399723259,0.36463504222778453,-0.016276575572105045,False,False
Apple Inc.,2024-04-23,2024-04-29,4,up,down,0.37847884412304833,0.34724442259943006,0.27427673327752167,0.37847884412304833,0.031234421523618272,True,False
Apple Inc.,2024-04-24,2024-04-30,4,up,down,0.3846759468368146,0.3072291814054522,0.3080948717577333,0.3846759468368146,0.07744676543136242,True,False
Apple Inc.,2024-04-25,2024-05-01,4,flat,down,0.373111531491814,0.2951909854699861,0.3316974830382002,0.373111531491814,0.07792054602182785,True,False
Apple Inc.,2024-04-26,2024-05-02,4,flat,down,0.39223354626635765,0.30890983680428574,0.29885661692935667,0.39223354626635765,0.0833237094620719,True,False
Apple Inc.,2024-04-29,2024-05-03,4,up,up,0.32313677308427347,0.2945412868565772,0.3823219400591494,0.3823219400591494,0.08778065320257217,True,True
Apple Inc.,2024-04-30,2024-05-06,4,up,down,0.36116139328203095,0.35248729123085976,0.2863513154871094,0.36116139328203095,0.008674102051171195,True,False
Apple Inc.,2024-05-01,2024-05-07,4,up,flat,0.35284907047216085,0.36962415263956977,0.2775267768882695,0.35284907047216085,-0.016775082167408917,False,False
Apple Inc.,2024-05-02,2024-05-08,4,up,up,0.30481507996565627,0.31435423929198375,0.38083068074236004,0.38083068074236004,0.06647644145037629,True,True
Apple Inc.,2024-05-03,2024-05-09,4,flat,up,0.2828866890409868,0.355459888851887,0.36165342210712637,0.36165342210712637,0.0061935332552393585,True,False
Apple Inc.,2024-05-06,2024-05-10,4,flat,flat,0.28752670831002797,0.45295671105266866,0.2595165806373034,0.28752670831002797,-0.1654300027426407,False,True
Apple Inc.,2024-05-07,2024-05-13,4,flat,flat,0.2765901111351998,0.4128317866375929,0.3105781022272072,0.3105781022272072,-0.10225368441038568,False,True
Apple Inc.,2024-05-08,2024-05-14,4,up,flat,0.28108458113974844,0.44986377822687007,0.2690516406333815,0.28108458113974844,-0.16877919708712164,False,False
Apple Inc.,2024-05-09,2024-05-15,4,up,flat,0.2784039761313578,0.44968925976151763,0.27190676410712455,0.2784039761313578,-0.17128528363015982,False,False
Apple Inc.,2024-05-10,2024-05-16,4,up,flat,0.24389378110986612,0.4952430353059534,0.2608631835841804,0.2608631835841804,-0.234379851721773,False,False
Apple Inc.,2024-05-13,2024-05-17,4,up,flat,0.2776099425290462,0.45057432265199004,0.2718157348189638,0.2776099425290462,-0.17296438012294385,False,False
Apple Inc.,2024-05-14,2024-05-20,4,flat,flat,0.28199791745581715,0.4761873979795327,0.24181468456465022,0.28199791745581715,-0.19418948052371554,False,True
Apple Inc.,2024-05-15,2024-05-21,4,flat,flat,0.33433587207796484,0.36262432004182354,0.30303980788021173,0.33433587207796484,-0.02828844796385871,False,True
Apple Inc.,2024-05-16,2024-05-22,4,flat,flat,0.30037513265630117,0.38790828789178433,0.31171657945191455,0.31171657945191455,-0.07619170843986978,False,True
Apple Inc.,2024-05-17,2024-05-23,4,flat,flat,0.33180266383837864,0.34081576780022016,0.32738156836140125,0.33180266383837864,-0.009013103961841518,False,True
Apple Inc.,2024-05-20,2024-05-24,4,flat,up,0.33509741382120284,0.31275429955798206,0.3521482866208152,0.3521482866208152,0.03939398706283315,True,False
Apple Inc.,2024-05-21,2024-05-28,4,flat,up,0.32492540355675686,0.31674562975891374,0.35832896668432956,0.35832896668432956,0.041583336925415826,True,False
Apple Inc.,2024-05-22,2024-05-29,4,flat,flat,0.3207172059311061,0.34336471287972525,0.3359180811891688,0.3359180811891688,-0.007446631690556427,False,True
Apple Inc.,2024-05-23,2024-05-30,4,up,up,0.3100924858048279,0.2900135956334812,0.39989391856169104,0.39989391856169104,0.10988032292820982,True,True
Apple Inc.,2024-05-24,2024-05-31,4,flat,up,0.2759953168156464,0.33605075823732183,0.38795392494703185,0.38795392494703185,0.051903166709710014,True,False
Apple Inc.,2024-05-28,2024-06-03,4,up,up,0.28962194879574826,0.25672387963068305,0.4536541715735688,0.4536541715735688,0.19693029194288575,True,True
Apple Inc.,2024-05-29,2024-06-04,4,up,up,0.28304144646891144,0.302452383415857,0.4145061701152316,0.4145061701152316,0.1120537866993746,True,True
Apple Inc.,2024-05-30,2024-06-05,4,up,up,0.2840632984819621,0.29591976690487304,0.420016934613165,0.420016934613165,0.12409716770829199,True,True
Apple Inc.,2024-05-31,2024-06-06,4,up,up,0.30153692467923804,0.26227797329922353,0.4361851020215386,0.4361851020215386,0.17390712872231506,True,True
Apple Inc.,2024-06-03,2024-06-07,4,flat,up,0.29006449718515553,0.24374611177206537,0.46618939104277923,0.46618939104277923,0.22244327927071386,True,False
Apple Inc.,2024-06-04,2024-06-10,4,flat,up,0.2988748517795402,0.2194413610447891,0.48168378717567084,0.48168378717567084,0.2622424261308818,True,False
Apple Inc.,2024-06-05,2024-06-11,4,up,up,0.3096951326120054,0.19914158051269998,0.491163286875295,0.491163286875295,0.292021706362595,True,True
Apple Inc.,2024-06-06,2024-06-12,4,up,up,0.2771682299587675,0.266134907266961,0.4566968627742717,0.4566968627742717,0.1905619555073107,True,True
Apple Inc.,2024-06-07,2024-06-13,4,up,up,0.3079892355776488,0.2204040639805181,0.4716067004418334,0.4716067004418334,0.2512026364613153,True,True
Apple Inc.,2024-06-10,2024-06-14,4,up,up,0.28035680422815545,0.27634994445489536,0.4432932513169493,0.4432932513169493,0.16694330686205394,True,True
Apple Inc.,2024-06-11,2024-06-15,4,flat,up,0.3437059616124256,0.2481206714496218,0.40817336693795286,0.40817336693795286,0.16005269548833106,True,False
Apple Inc.,2024-06-12,2024-06-16,4,flat,up,0.3119467754384605,0.3141697746306774,0.3738834499308622,0.3738834499308622,0.05971367530018479,True,False
Apple Inc.,2024-06-13,2024-06-17,4,flat,flat,0.2922971025860964,0.38794409411500674,0.31975880329889683,0.31975880329889683,-0.06818529081610991,False,True
Apple Inc.,2024-06-14,2024-06-18,4,flat,flat,0.30083165534449285,0.356753907135151,0.34241443752035616,0.34241443752035616,-0.01433946961479482,False,True
"Meta Platforms, Inc.",2022-01-20,2022-01-26,4,down,up,0.2935166790576372,0.27855165702939755,0.4279316639129651,0.4279316639129651,0.14938000688356756,True,False
"Meta Platforms, Inc.",2022-01-21,2022-01-27,4,down,up,0.26248152842641176,0.2856829023839512,0.45183556918963697,0.45183556918963697,0.16615266680568574,True,False
"Meta Platforms, Inc.",2022-01-24,2022-01-28,4,flat,up,0.19436794585271544,0.3433595495321158,0.4622725046151688,0.4622725046151688,0.118912955083053,True,False
"Meta Platforms, Inc.",2022-01-25,2022-01-31,4,flat,up,0.16013465756193684,0.3423130347324824,0.49755230770558057,0.49755230770558057,0.15523927297309814,True,False
"Meta Platforms, Inc.",2022-01-26,2022-02-01,4,up,up,0.17107889515327865,0.3429776663434775,0.48594343850324384,0.48594343850324384,0.14296577215976636,True,True
"Meta Platforms, Inc.",2022-01-27,2022-02-02,4,up,up,0.1810749848108234,0.38794580822903624,0.43097920696014025,0.43097920696014025,0.04303339873110401,True,True
"Meta Platforms, Inc.",2022-01-28,2022-02-03,4,down,up,0.19813422729959196,0.3803734957269903,0.42149227697341773,0.42149227697341773,0.04111878124642743,True,False
"Meta Platforms, Inc.",2022-01-31,2022-02-04,4,down,up,0.20336332388642828,0.3918751351154913,0.40476154099808037,0.40476154099808037,0.012886405882589047,True,False
"Meta Platforms, Inc.",2022-02-01,2022-02-07,4,down,flat,0.24120023653524936,0.4841250338224129,0.27467472964233774,0.27467472964233774,-0.20945030418007515,False,False
"Meta Platforms, Inc.",2022-02-02,2022-02-08,4,down,flat,0.3626548223829872,0.468529883344759,0.16881529427225406,0.3626548223829872,-0.1058750609617718,False,False
"Meta Platforms, Inc.",2022-02-03,2022-02-09,4,down,flat,0.3641504561216497,0.4863762043127273,0.14947333956562311,0.3641504561216497,-0.12222574819107762,False,False
"Meta Platforms, Inc.",2022-02-04,2022-02-10,4,flat,flat,0.1497132179056353,0.5204625774889183,0.3298242046054466,0.3298242046054466,-0.19063837288347174,False,True
"Meta Platforms, Inc.",2022-02-07,2022-02-11,4,flat,up,0.15947123786908923,0.41944399135353316,0.4210847707773777,0.4210847707773777,0.0016407794238445517,True,False
"Meta Platforms, Inc.",2022-02-08,2022-02-14,4,flat,flat,0.15739460784282125,0.4956372420232904,0.3469681501338885,0.3469681501338885,-0.14866909188940192,False,True
"Meta Platforms, Inc.",2022-02-09,2022-02-15,4,flat,flat,0.16047505108399554,0.4543095095044527,0.38521543941155173,0.38521543941155173,-0.06909407009290097,False,True
"Meta Platforms, Inc.",2022-02-10,2022-02-16,4,down,flat,0.17999925830236832,0.47035987806239754,0.34964086363523417,0.34964086363523417,-0.12071901442716337,False,False
"Meta Platforms, Inc.",2022-02-11,2022-02-17,4,down,flat,0.16385564650699816,0.5706829863541534,0.2654613671388485,0.2654613671388485,-0.3052216192153049,False,False
"Meta Platforms, Inc.",2022-02-14,2022-02-18,4,down,flat,0.1277852258773866,0.6687629713633285,0.20345180275928487,0.20345180275928487,-0.46531116860404365,False,False
"Meta Platforms, Inc.",2022-02-15,2022-02-22,4,down,flat,0.15597748045523463,0.6228154887482343,0.22120703079653115,0.22120703079653115,-0.4016084579517032,False,False
"Meta Platforms, Inc.",2022-02-16,2022-02-23,4,down,flat,0.18720445731238383,0.6281292316799143,0.1846663110077019,0.18720445731238383,-0.44092477436753047,False,False
"Meta Platforms, Inc.",2022-02-17,2022-02-24,4,down,flat,0.18458769732673094,0.6243887624815853,0.191023540191684,0.191023540191684,-0.43336522228990126,False,False
"Meta Platforms, Inc.",2022-02-18,2022-02-25,4,flat,flat,0.20189966299678624,0.6120945908466331,0.18600574615658066,0.20189966299678624,-0.41019492784984685,False,True
"Meta Platforms, Inc.",2022-02-22,2022-02-28,4,flat,flat,0.19895182374495568,0.6093631963375576,0.19168497991748668,0.19895182374495568,-0.41041137259260196,False,True
"Meta Platforms, Inc.",2022-02-23,2022-03-01,4,flat,flat,0.19594806733496767,0.5960779268943718,0.2079740057706606,0.2079740057706606,-0.38810392112371117,False,True
"Meta Platforms, Inc.",2022-02-24,2022-03-02,4,flat,flat,0.2616773572545031,0.5056773973681519,0.2326452453773451,0.2616773572545031,-0.2440000401136488,False,True
"Meta Platforms, Inc.",2022-02-25,2022-03-03,4,flat,flat,0.24921034301137365,0.5122521155206398,0.23853754146798656,0.24921034301137365,-0.2630417725092661,False,True
"Meta Platforms, Inc.",2022-02-28,2022-03-04,4,down,flat,0.2650646563150334,0.5184995062559683,0.21643583742899836,0.2650646563150334,-0.2534348499409349,False,False
"Meta Platforms, Inc.",2022-03-01,2022-03-07,4,down,flat,0.297563994794777,0.5338864474414828,0.16854955776374037,0.297563994794777,-0.23632245264670582,False,False
"Meta Platforms, Inc.",2022-03-02,2022-03-08,4,down,flat,0.30501574981634716,0.4894349304971002,0.20554931968655282,0.30501574981634716,-0.18441918068075303,False,False
"Meta Platforms, Inc.",2022-03-03,2022-03-09,4,down,flat,0.29497306843826654,0.4381458741104409,0.26688105745129265,0.29497306843826654,-0.14317280567217439,False,False
"Meta Platforms, Inc.",2022-03-04,2022-03-10,4,down,flat,0.33009316846146397,0.3956712439123309,0.27423558762620515,0.33009316846146397,-0.06557807545086691,False,False
"Meta Platforms, Inc.",2022-03-07,2022-03-11,4,flat,flat,0.34275421221247576,0.43751231342138086,0.21973347436614354,0.34275421221247576,-0.0947581012089051,False,True
"Meta Platforms, Inc.",2022-03-08,2022-03-14,4,flat,flat,0.32007988440305374,0.4232877126512644,0.256632402945682,0.32007988440305374,-0.10320782824821068,False,True
"Meta Platforms, Inc.",2022-03-09,2022-03-15,4,down,flat,0.2757832124019028,0.39534223310817984,0.3288745544899174,0.3288745544899174,-0.06646767861826242,False,False
"Meta Platforms, Inc.",2022-03-10,2022-03-16,4,flat,flat,0.29030599968670145,0.42442022483955366,0.285273775473745,0.29030599968670145,-0.1341142251528522,False,True
"Meta Platforms, Inc.",2022-03-11,2022-03-17,4,up,flat,0.34710256313064947,0.3955294260714401,0.2573680107979104,0.34710256313064947,-0.04842686294079063,False,False
"Meta Platforms, Inc.",2022-03-14,2022-03-18,4,up,flat,0.3371821200182047,0.38922515889264864,0.2735927210891467,0.3371821200182047,-0.05204303887444395,False,False
"Meta Platforms, Inc.",2022-03-15,2022-03-21,4,up,flat,0.30164703734869003,0.39913908815650917,0.29921387449480086,0.30164703734869003,-0.09749205080781914,False,False
"Meta Platforms, Inc.",2022-03-16,2022-03-22,4,up,flat,0.26854654471272693,0.37871854450579323,0.3527349107814797,0.3527349107814797,-0.025983633724313504,False,False
"Meta Platforms, Inc.",2022-03-17,2022-03-23,4,up,flat,0.2727326419678169,0.45566419261836894,0.27160316541381413,0.2727326419678169,-0.18293155065055205,False,False
"Meta Platforms, Inc.",2022-03-18,2022-03-24,4,flat,flat,0.29490214926643255,0.45519194433177684,0.24990590640179072,0.29490214926643255,-0.1602897950653443,False,True
"Meta Platforms, Inc.",2022-03-21,2022-03-25,4,up,flat,0.29447040133244906,0.482597197331006,0.22293240133654518,0.29447040133244906,-0.18812679599855692,False,False
"Meta Platforms, Inc.",2022-03-22,2022-03-28,4,up,flat,0.30436655263365986,0.5092396894105442,0.18639375795579605,0.30436655263365986,-0.20487313677688435,False,False
"Meta Platforms, Inc.",2022-03-23,2022-03-29,4,up,flat,0.2931280777102847,0.5185229686824018,0.1883489536073136,0.2931280777102847,-0.22539489097211707,False,False
"Meta Platforms, Inc.",2022-03-24,2022-03-30,4,up,flat,0.29682088571595194,0.47029777820504526,0.2328813360790029,0.29682088571595194,-0.17347689248909332,False,False
"Meta Platforms, Inc.",2022-03-25,2022-03-31,4,flat,flat,0.32240374045836595,0.43184802257664656,0.24574823696498743,0.32240374045836595,-0.10944428211828061,False,True
"Meta Platforms, Inc.",2022-03-28,2022-04-01,4,flat,flat,0.33771429840540496,0.424625966874262,0.23765973472033303,0.33771429840540496,-0.08691166846885706,False,True
"Meta Platforms, Inc.",2022-03-29,2022-04-04,4,flat,flat,0.2893165876710781,0.46978862432052493,0.240894788008397,0.2893165876710781,-0.18047203664944683,False,True
"Meta Platforms, Inc.",2022-03-30,2022-04-05,4,flat,flat,0.32763071414739253,0.43515419402577643,0.2372150918268311,0.32763071414739253,-0.1075234798783839,False,True
"Meta Platforms, Inc.",2022-03-31,2022-04-06,4,flat,flat,0.30583534687391223,0.46090016820286517,0.23326448492322266,0.30583534687391223,-0.15506482132895294,False,True
"Meta Platforms, Inc.",2022-04-01,2022-04-07,4,flat,flat,0.23539480591980622,0.4750334076239092,0.28957178645628456,0.28957178645628456,-0.18546162116762466,False,True
"Meta Platforms, Inc.",2022-04-04,2022-04-08,4,down,flat,0.28349703884981403,0.4469762786440858,0.2695266825061003,0.28349703884981403,-0.16347923979427176,False,False
"Meta Platforms, Inc.",2022-04-05,2022-04-11,4,down,flat,0.3258806368267089,0.4586466983864015,0.21547266478688964,0.3258806368267089,-0.13276606155969256,False,False
"Meta Platforms, Inc.",2022-04-06,2022-04-12,4,down,flat,0.307482693310447,0.4317380241323794,0.26077928255717353,0.307482693310447,-0.12425533082193241,False,False
"Meta Platforms, Inc.",2022-04-07,2022-04-13,4,down,flat,0.2025032184615976,0.4009165488572334,0.39658023268116904,0.39658023268116904,-0.0043363161760643365,False,False
"Meta Platforms, Inc.",2022-04-08,2022-04-14,4,down,flat,0.20013313242015043,0.41649442637526224,0.38337244120458747,0.38337244120458747,-0.03312198517067477,False,False
"Meta Platforms, Inc.",2022-04-11,2022-04-18,4,down,flat,0.21183385958999484,0.39868853082911954,0.3894776095808856,0.3894776095808856,-0.009210921248233916,False,False
"Meta Platforms, Inc.",2022-04-12,2022-04-19,4,flat,up,0.185388022803711,0.37415360761596234,0.4404583695803266,0.4404583695803266,0.06630476196436424,True,False
"Meta Platforms, Inc.",2022-04-13,2022-04-20,4,down,up,0.20659487164601345,0.33192930545732136,0.46147582289666517,0.46147582289666517,0.1295465174393438,True,False
"Meta Platforms, Inc.",2022-04-14,2022-04-21,4,down,up,0.19848959864991078,0.32087761179091767,0.4806327895591714,0.4806327895591714,0.1597551777682537,True,False
"Meta Platforms, Inc.",2022-04-18,2022-04-22,4,down,up,0.21155925396143593,0.32988838015519567,0.45855236588336834,0.45855236588336834,0.12866398572817267,True,False
"Meta Platforms, Inc.",2022-04-19,2022-04-25,4,down,up,0.2253696345390211,0.29122565749917395,0.48340470796180485,0.48340470796180485,0.1921790504626309,True,False
"Meta Platforms, Inc.",2022-04-20,2022-04-26,4,down,up,0.32110112436742877,0.32161060215735837,0.35728827347521286,0.35728827347521286,0.03567767131785449,True,False
"Meta Platforms, Inc.",2022-04-21,2022-04-27,4,down,flat,0.2926675021784654,0.3904945277217624,0.31683797009977216,0.31683797009977216,-0.07365655762199025,False,False
"Meta Platforms, Inc.",2022-04-22,2022-04-28,4,up,flat,0.25315305514841624,0.40870589047317263,0.3381410543784112,0.3381410543784112,-0.07056483609476144,False,False
"Meta Platforms, Inc.",2022-04-25,2022-04-29,4,up,flat,0.2702399035452547,0.38492702544469654,0.3448330710100488,0.3448330710100488,-0.04009395443464775,False,False
"Meta Platforms, Inc.",2022-04-26,2022-05-02,4,up,flat,0.26553146160202157,0.4110204079132157,0.32344813048476273,0.32344813048476273,-0.08757227742845297,False,False
"Meta Platforms, Inc.",2022-04-27,2022-05-03,4,up,flat,0.31329468785499964,0.42141612516286864,0.2652891869821318,0.31329468785499964,-0.108121437307869,False,False
"Meta Platforms, Inc.",2022-04-28,2022-05-04,4,up,flat,0.1998449335029023,0.4070920694224266,0.3930629970746713,0.3930629970746713,-0.0140290723477553,False,False
"Meta Platforms, Inc.",2022-04-29,2022-05-05,4,up,flat,0.2428607045768712,0.508723864152803,0.2484154312703259,0.2484154312703259,-0.2603084328824771,False,False
"Meta Platforms, Inc.",2022-05-02,2022-05-06,4,flat,flat,0.2487813538425815,0.5731777255130857,0.178040920644333,0.2487813538425815,-0.32439637167050417,False,True
"Meta Platforms, Inc.",2022-05-03,2022-05-09,4,down,flat,0.2646514794574022,0.5387370983361963,0.19661142220640157,0.2646514794574022,-0.2740856188787941,False,False
"Meta Platforms, Inc.",2022-05-04,2022-05-10,4,down,flat,0.3086054552922718,0.5064500802481833,0.18494446445954493,0.3086054552922718,-0.19784462495591149,False,False
"Meta Platforms, Inc.",2022-05-05,2022-05-11,4,down,flat,0.24163828155002984,0.6102777577161763,0.148083960733794,0.24163828155002984,-0.36863947616614645,False,False
"Meta Platforms, Inc.",2022-05-06,2022-05-12,4,down,flat,0.25960511027083766,0.5893923686128791,0.15100252111628334,0.25960511027083766,-0.3297872583420415,False,False
"Meta Platforms, Inc.",2022-05-09,2022-05-13,4,flat,flat,0.25976608444447946,0.5263295166908644,0.21390439886465626,0.25976608444447946,-0.2665634322463849,False,True
"Meta Platforms, Inc.",2022-05-10,2022-05-16,4,flat,flat,0.22854777735679213,0.5040023189018761,0.2674499037413318,0.2674499037413318,-0.23655241516054426,False,True
"Meta Platforms, Inc.",2022-05-11,2022-05-17,4,flat,flat,0.22137048416022248,0.5164352247180999,0.26219429112167775,0.26219429112167775,-0.25424093359642214,False,True
"Meta Platforms, Inc.",2022-05-12,2022-05-18,4,flat,flat,0.20534224057013722,0.5093442024535303,0.28531355697633265,0.28531355697633265,-0.22403064547719764,False,True
"Meta Platforms, Inc.",2022-05-13,2022-05-19,4,flat,flat,0.18206661691295406,0.4879168518478344,0.3300165312392116,0.3300165312392116,-0.1579003206086228,False,True
"Meta Platforms, Inc.",2022-05-16,2022-05-20,4,flat,flat,0.1606148534529032,0.507989543067921,0.33139560347917596,0.33139560347917596,-0.17659393958874503,False,True
"Meta Platforms, Inc.",2022-05-17,2022-05-23,4,flat,flat,0.181766355303018,0.557887605665536,0.2603460390314461,0.2603460390314461,-0.29754156663408987,False,True
"Meta Platforms, Inc.",2022-05-18,2022-05-24,4,down,flat,0.2590509849453176,0.5266368900850755,0.21431212496960703,0.2590509849453176,-0.26758590513975794,False,False
"Meta Platforms, Inc.",2022-05-19,2022-05-25,4,down,flat,0.23866143389373284,0.5047566978893796,0.2565818682168877,0.2565818682168877,-0.24817482967249188,False,False
"Meta Platforms, Inc.",2022-05-20,2022-05-26,4,flat,flat,0.24855184489697735,0.42213681586021345,0.3293113392428093,0.3293113392428093,-0.09282547661740415,False,True
"Meta Platforms, Inc.",2022-05-23,2022-05-27,4,flat,flat,0.2442094116567992,0.4733279587277195,0.2824626296154814,0.2824626296154814,-0.19086532911223808,False,True
"Meta Platforms, Inc.",2022-05-24,2022-05-31,4,up,flat,0.3483173391753327,0.4497535714150244,0.20192908940964305,0.3483173391753327,-0.10143623223969173,False,False
"Meta Platforms, Inc.",2022-05-25,2022-06-01,4,up,flat,0.2629978033016124,0.43205409202161427,0.3049481046767734,0.3049481046767734,-0.12710598734484085,False,False
"Meta Platforms, Inc.",2022-05-26,2022-06-02,4,flat,flat,0.23918238832863079,0.41764051758404536,0.343177094087324,0.343177094087324,-0.07446342349672136,False,True
"Meta Platforms, Inc.",2022-05-27,2022-06-03,4,flat,flat,0.2245355963891137,0.4524139366409754,0.3230504669699109,0.3230504669699109,-0.1293634696710645,False,True
"Meta Platforms, Inc.",2022-05-31,2022-06-06,4,flat,flat,0.23538709093457266,0.4709912230080702,0.29362168605735717,0.29362168605735717,-0.17736953695071306,False,True
"Meta Platforms, Inc.",2022-06-01,2022-06-07,4,flat,flat,0.25638459555551807,0.4458586616863831,0.29775674275809894,0.29775674275809894,-0.14810191892828417,False,True
"Meta Platforms, Inc.",2022-06-02,2022-06-08,4,flat,flat,0.2197722283546148,0.49422390168242947,0.286003869962956,0.286003869962956,-0.20822003171947345,False,True
"Meta Platforms, Inc.",2022-06-03,2022-06-09,4,flat,flat,0.19975194387003836,0.5403643606708741,0.2598836954590876,0.2598836954590876,-0.2804806652117865,False,True
"Meta Platforms, Inc.",2022-06-06,2022-06-10,4,down,flat,0.24771234013996588,0.42744129193966707,0.3248463679203671,0.3248463679203671,-0.10259492401929998,False,False
"Meta Platforms, Inc.",2022-06-07,2022-06-13,4,down,flat,0.23122841329892482,0.477975651810037,0.29079593489103844,0.29079593489103844,-0.18717971691899854,False,False
"Meta Platforms, Inc.",2022-06-08,2022-06-14,4,down,flat,0.20920827882903903,0.4484190632048015,0.34237265796615945,0.34237265796615945,-0.10604640523864206,False,False
"Meta Platforms, Inc.",2022-06-09,2022-06-15,4,down,flat,0.2684505594081459,0.4520140387695501,0.2795354018223042,0.2795354018223042,-0.1724786369472459,False,False
"Meta Platforms, Inc.",2022-06-10,2022-06-16,4,down,flat,0.2846500017777643,0.47368644804112947,0.2416635501811063,0.2846500017777643,-0.1890364462633652,False,False
"Meta Platforms, Inc.",2022-06-13,2022-06-17,4,flat,flat,0.2579738986874272,0.4655914887584885,0.2764346125540843,0.2764346125540843,-0.1891568762044042,False,True
"Meta Platforms, Inc.",2022-06-14,2022-06-21,4,flat,flat,0.28224198523365535,0.3671129137562471,0.3506451010100975,0.3506451010100975,-0.016467812746149613,False,True
"Meta Platforms, Inc.",2022-06-15,2022-06-22,4,down,up,0.2739738235037267,0.35329857779998153,0.3727275986962917,0.3727275986962917,0.019429020896310156,True,False
"Meta Platforms, Inc.",2022-06-16,2022-06-23,4,flat,flat,0.2849302967442383,0.40286743449017015,0.3122022687655914,0.3122022687655914,-0.09066516572457878,False,True
"Meta Platforms, Inc.",2022-06-17,2022-06-24,4,flat,flat,0.23248927693937355,0.41391649555217014,0.35359422750845637,0.35359422750845637,-0.06032226804371377,False,True
"Meta Platforms, Inc.",2022-06-21,2022-06-27,4,up,flat,0.2365328659505433,0.4246853713148392,0.3387817627346176,0.3387817627346176,-0.08590360858022161,False,False
"Meta Platforms, Inc.",2022-06-22,2022-06-28,4,up,flat,0.21123087096221776,0.49827063331811605,0.29049849571966646,0.29049849571966646,-0.2077721375984496,False,False
"Meta Platforms, Inc.",2022-06-23,2022-06-29,4,flat,flat,0.17865749423454377,0.5374913991703401,0.28385110659511625,0.28385110659511625,-0.2536402925752238,False,True
"Meta Platforms, Inc.",2022-06-24,2022-06-30,4,flat,flat,0.1884309864358383,0.5485887785046939,0.262980235059468,0.262980235059468,-0.2856085434452259,False,True
"Meta Platforms, Inc.",2022-06-27,2022-07-01,4,down,flat,0.17463824706050893,0.6300146228471399,0.1953471300923511,0.1953471300923511,-0.43466749275478883,False,False
"Meta Platforms, Inc.",2022-06-28,2022-07-05,4,flat,flat,0.20197024686857645,0.5821369512039252,0.2158928019274985,0.2158928019274985,-0.3662441492764267,False,True
"Meta Platforms, Inc.",2022-06-29,2022-07-06,4,flat,flat,0.20087698705269108,0.5250816223270027,0.27404139062030614,0.27404139062030614,-0.2510402317066966,False,True
"Meta Platforms, Inc.",2022-06-30,2022-07-07,4,up,flat,0.23960920981596992,0.4526505569869649,0.3077402331970652,0.3077402331970652,-0.14491032378989965,False,False
"Meta Platforms, Inc.",2022-07-01,2022-07-08,4,up,flat,0.22031628856543495,0.44910468744570065,0.3305790239888644,0.3305790239888644,-0.11852566345683624,False,False
"Meta Platforms, Inc.",2022-07-05,2022-07-11,4,flat,flat,0.18698096120744417,0.51122066282035,0.30179837597220605,0.30179837597220605,-0.2094222868481439,False,True
"Meta Platforms, Inc.",2022-07-06,2022-07-12,4,down,flat,0.1804536956060797,0.5440334165039492,0.2755128878899711,0.2755128878899711,-0.2685205286139781,False,False
"Meta Platforms, Inc.",2022-07-07,2022-07-13,4,down,flat,0.17249669109423288,0.5853559645535584,0.2421473443522087,0.2421473443522087,-0.34320862020134973,False,False
"Meta Platforms, Inc.",2022-07-08,2022-07-14,4,down,flat,0.1832092991159731,0.5433503217871642,0.27344037909686264,0.27344037909686264,-0.2699099426903016,False,False
"Meta Platforms, Inc.",2022-07-11,2022-07-15,4,flat,flat,0.2000020606244955,0.4727553509395271,0.3272425884359774,0.3272425884359774,-0.14551276250354966,False,True
"Meta Platforms, Inc.",2022-07-12,2022-07-18,4,flat,up,0.21776313704456662,0.37428019306579524,0.4079566698896381,0.4079566698896381,0.03367647682384284,True,False
"Meta Platforms, Inc.",2022-07-13,2022-07-19,4,up,up,0.2271691920997303,0.3811703784867271,0.3916604294135426,0.3916604294135426,0.010490050926815542,True,True
"Meta Platforms, Inc.",2022-07-14,2022-07-20,4,up,up,0.224103335006409,0.38268595286631313,0.3932107121272779,0.3932107121272779,0.010524759260964744,True,True
"Meta Platforms, Inc.",2022-07-15,2022-07-21,4,up,flat,0.2015310337915585,0.43906501368633966,0.3594039525221019,0.3594039525221019,-0.07966106116423777,False,False
"Meta Platforms, Inc.",2022-07-18,2022-07-22,4,flat,flat,0.16007047096334784,0.47968693788082384,0.36024259115582846,0.36024259115582846,-0.11944434672499538,False,True
"Meta Platforms, Inc.",2022-07-19,2022-07-25,4,down,flat,0.14548528245027828,0.5575492022674481,0.2969655152822738,0.2969655152822738,-0.2605836869851743,False,False
"Meta Platforms, Inc.",2022-07-20,2022-07-26,4,down,flat,0.16981261099974157,0.5758932129887298,0.25429417601152887,0.25429417601152887,-0.3215990369772009,False,False
"Meta Platforms, Inc.",2022-07-21,2022-07-27,4,down,flat,0.24053583075055257,0.47760085034349165,0.2818633189059559,0.2818633189059559,-0.19573753143753575,False,False
"Meta Platforms, Inc.",2022-07-22,2022-07-28,4,down,flat,0.2758975354927545,0.40241777111879456,0.32168469338845096,0.32168469338845096,-0.0807330777303436,False,False
"Meta Platforms, Inc.",2022-07-25,2022-07-29,4,down,flat,0.22823607369269555,0.4135709751210189,0.35819295118628547,0.35819295118628547,-0.055378023934733456,False,False
"Meta Platforms, Inc.",2022-07-26,2022-08-01,4,flat,up,0.2394487263430266,0.3465597122349131,0.4139915614220602,0.4139915614220602,0.06743184918714706,True,False
"Meta Platforms, Inc.",2022-07-27,2022-08-02,4,down,flat,0.2312575643126653,0.3876555748846723,0.3810868608026625,0.3810868608026625,-0.006568714082009763,False,False
"Meta Platforms, Inc.",2022-07-28,2022-08-03,4,flat,flat,0.292727806803667,0.38461515643160493,0.3226570367647281,0.3226570367647281,-0.06195811966687681,False,True
"Meta Platforms, Inc.",2022-07-29,2022-08-04,4,up,flat,0.18651095812161622,0.42822970917785264,0.38525933270053125,0.38525933270053125,-0.04297037647732138,False,False
"Meta Platforms, Inc.",2022-08-01,2022-08-05,4,up,flat,0.15857197195536826,0.4375385121614986,0.40388951588313327,0.40388951588313327,-0.03364899627836532,False,False
"Meta Platforms, Inc.",2022-08-02,2022-08-08,4,up,flat,0.13424397379089267,0.5050685761972102,0.36068745001189717,0.36068745001189717,-0.14438112618531307,False,False
"Meta Platforms, Inc.",2022-08-03,2022-08-09,4,flat,flat,0.12562646239795222,0.5320861095955676,0.3422874280064804,0.3422874280064804,-0.1897986815890872,False,True
"Meta Platforms, Inc.",2022-08-04,2022-08-10,4,up,flat,0.1449918902036901,0.6249371918158244,0.23007091798048557,0.23007091798048557,-0.39486627383533884,False,False
"Meta Platforms, Inc.",2022-08-05,2022-08-11,4,up,flat,0.17595992524331636,0.5544657295838782,0.26957434517280554,0.26957434517280554,-0.28489138441107265,False,False
"Meta Platforms, Inc.",2022-08-08,2022-08-12,4,up,flat,0.17817207950583158,0.587914222557605,0.2339136979365635,0.2339136979365635,-0.3540005246210415,False,False
"Meta Platforms, Inc.",2022-08-09,2022-08-15,4,up,flat,0.1939341003548148,0.5167579348549374,0.2893079647902479,0.2893079647902479,-0.22744997006468948,False,False
"Meta Platforms, Inc.",2022-08-10,2022-08-16,4,flat,flat,0.1727712581080768,0.5708790274058693,0.25634971448605404,0.25634971448605404,-0.31452931291981523,False,True
"Meta Platforms, Inc.",2022-08-11,2022-08-17,4,flat,flat,0.20328551138233758,0.556098835909414,0.24061565270824847,0.24061565270824847,-0.31548318320116553,False,True
"Meta Platforms, Inc.",2022-08-12,2022-08-18,4,down,flat,0.23248696796288773,0.5015823508005068,0.26593068123660557,0.26593068123660557,-0.23565166956390127,False,False
"Meta Platforms, Inc.",2022-08-15,2022-08-19,4,down,flat,0.23838674962368306,0.43460027674248647,0.3270129736338306,0.3270129736338306,-0.10758730310865589,False,False
"Meta Platforms, Inc.",2022-08-16,2022-08-22,4,down,flat,0.1980142150008382,0.40845980615230043,0.3935259788468613,0.3935259788468613,-0.014933827305439129,False,False
"Meta Platforms, Inc.",2022-08-17,2022-08-23,4,down,flat,0.20677964877590319,0.42954889012489417,0.36367146109920256,0.36367146109920256,-0.0658774290256916,False,False
"Meta Platforms, Inc.",2022-08-18,2022-08-24,4,down,flat,0.1971334554799033,0.4228444533412545,0.3800220911788422,0.3800220911788422,-0.04282236216241225,False,False
"Meta Platforms, Inc.",2022-08-19,2022-08-25,4,flat,up,0.24230409367737277,0.3634575464525702,0.394238359870057,0.394238359870057,0.030780813417486785,True,False
"Meta Platforms, Inc.",2022-08-22,2022-08-26,4,flat,flat,0.2133192853075534,0.3969372351896972,0.38974347950274946,0.38974347950274946,-0.007193755686947745,False,True
"Meta Platforms, Inc.",2022-08-23,2022-08-29,4,flat,up,0.20001136810551312,0.3956165726054865,0.40437205928900055,0.40437205928900055,0.008755486683514058,True,False
"Meta Platforms, Inc.",2022-08-24,2022-08-30,4,flat,up,0.18854894893944418,0.3832879207542824,0.4281631303062735,0.4281631303062735,0.04487520955199109,True,False
"Meta Platforms, Inc.",2022-08-25,2022-08-31,4,flat,flat,0.16090952121819901,0.43829624102226106,0.40079423775954004,0.40079423775954004,-0.03750200326272102,False,True
"Meta Platforms, Inc.",2022-08-26,2022-09-01,4,flat,flat,0.22487560762980896,0.41103911981011754,0.3640852725600735,0.3640852725600735,-0.046953847250044034,False,True
"Meta Platforms, Inc.",2022-08-29,2022-09-02,4,flat,flat,0.21645184603910333,0.44298240356586094,0.3405657503950358,0.3405657503950358,-0.10241665317082516,False,True
"Meta Platforms, Inc.",2022-08-30,2022-09-06,4,flat,up,0.2307104899971818,0.3826596814765234,0.3866298285262949,0.3866298285262949,0.0039701470497715,True,False
"Meta Platforms, Inc.",2022-08-31,2022-09-07,4,down,flat,0.2028683583497918,0.4357416009304217,0.36139004071978664,0.36139004071978664,-0.07435156021063505,False,False
"Meta Platforms, Inc.",2022-09-01,2022-09-08,4,down,flat,0.23201343042860828,0.45346587838968844,0.31452069118170334,0.31452069118170334,-0.1389451872079851,False,False
"Meta Platforms, Inc.",2022-09-02,2022-09-09,4,flat,flat,0.22091458539517111,0.45137361527498077,0.3277117993298482,0.3277117993298482,-0.12366181594513259,False,True
"Meta Platforms, Inc.",2022-09-06,2022-09-12,4,up,flat,0.22705562241236016,0.38763711362542247,0.38530726396221726,0.38530726396221726,-0.002329849663205208,False,False
"Meta Platforms, Inc.",2022-09-07,2022-09-13,4,flat,up,0.20073296557277437,0.38175743302024895,0.4175096014069767,0.4175096014069767,0.035752168386727734,True,False
"Meta Platforms, Inc.",2022-09-08,2022-09-14,4,down,up,0.2616081835696591,0.3638685550799585,0.37452326135038244,0.37452326135038244,0.01065470627042392,True,False
"Meta Platforms, Inc.",2022-09-09,2022-09-15,4,down,flat,0.19988367039221303,0.514630850952947,0.2854854786548401,0.2854854786548401,-0.22914537229810694,False,False
"Meta Platforms, Inc.",2022-09-12,2022-09-16,4,down,flat,0.21637447468915194,0.5262444614645625,0.25738106384628556,0.25738106384628556,-0.26886339761827693,False,False
"Meta Platforms, Inc.",2022-09-13,2022-09-19,4,down,flat,0.30481993711099065,0.3973463149238386,0.29783374796517076,0.30481993711099065,-0.09252637781284795,False,False
"Meta Platforms, Inc.",2022-09-14,2022-09-20,4,down,up,0.21402462925186558,0.38412149283818375,0.40185387790995064,0.40185387790995064,0.017732385071766887,True,False
"Meta Platforms, Inc.",2022-09-15,2022-09-21,4,down,flat,0.19665194884684872,0.41477445141968183,0.3885735997334694,0.3885735997334694,-0.026200851686212445,False,False
"Meta Platforms, Inc.",2022-09-16,2022-09-22,4,down,flat,0.1919792311583403,0.41919787005823206,0.38882289878342763,0.38882289878342763,-0.03037497127480443,False,False
"Meta Platforms, Inc.",2022-09-19,2022-09-23,4,down,flat,0.16210459696827353,0.4806097096661791,0.3572856933655474,0.3572856933655474,-0.12332401630063172,False,False
"Meta Platforms, Inc.",2022-09-20,2022-09-26,4,down,up,0.17833088679007658,0.41024973635439077,0.41141937685553265,0.41141937685553265,0.0011696405011418776,True,False
"Meta Platforms, Inc.",2022-09-21,2022-09-27,4,down,flat,0.26289481873994813,0.3716728555588159,0.365432325701236,0.365432325701236,-0.006240529857579891,False,False
"Meta Platforms, Inc.",2022-09-22,2022-09-28,4,down,flat,0.20767587137976534,0.45743345603918817,0.33489067258104677,0.33489067258104677,-0.1225427834581414,False,False
"Meta Platforms, Inc.",2022-09-23,2022-09-29,4,flat,flat,0.24786753263256098,0.4056932686411181,0.34643919872632095,0.34643919872632095,-0.05925406991479715,False,True
"Meta Platforms, Inc.",2022-09-26,2022-09-30,4,flat,flat,0.22361285252799126,0.4222635826291057,0.3541235648429032,0.3541235648429032,-0.06814001778620249,False,True
"Meta Platforms, Inc.",2022-09-27,2022-10-03,4,flat,flat,0.22601895289688428,0.39516139720979293,0.37881964989332273,0.37881964989332273,-0.0163417473164702,False,True
"Meta Platforms, Inc.",2022-09-28,2022-10-04,4,flat,flat,0.20673861784437228,0.446913395253332,0.34634798690229585,0.34634798690229585,-0.10056540835103617,False,True
"Meta Platforms, Inc.",2022-09-29,2022-10-05,4,flat,flat,0.2818498395243368,0.38038773682783944,0.33776242364782383,0.33776242364782383,-0.04262531318001561,False,True
"Meta Platforms, Inc.",2022-09-30,2022-10-06,4,flat,flat,0.24581025200587525,0.38836520449264644,0.3658245435014783,0.3658245435014783,-0.022540660991168138,False,True
"Meta Platforms, Inc.",2022-10-03,2022-10-07,4,flat,flat,0.28223173274592495,0.3593056391822495,0.35846262807182555,0.35846262807182555,-0.0008430111104239524,False,True
"Meta Platforms, Inc.",2022-10-04,2022-10-10,4,down,flat,0.21370744943674916,0.4896056754498971,0.2966868751133538,0.2966868751133538,-0.1929188003365433,False,False
"Meta Platforms, Inc.",2022-10-05,2022-10-11,4,down,flat,0.3052117927497051,0.36724104153871084,0.32754716571158415,0.32754716571158415,-0.03969387582712669,False,False
"Meta Platforms, Inc.",2022-10-06,2022-10-12,4,down,up,0.3083058129198002,0.3428945471586564,0.3487996399215434,0.3487996399215434,0.0059050927628869765,True,False
"Meta Platforms, Inc.",2022-10-07,2022-10-13,4,down,up,0.30329824806052597,0.3270343811070211,0.36966737083245294,0.36966737083245294,0.042632989725431836,True,False
"Meta Platforms, Inc.",2022-10-10,2022-10-14,4,down,up,0.2545642881715812,0.3395324396707208,0.40590327215769806,0.40590327215769806,0.06637083248697728,True,False
"Meta Platforms, Inc.",2022-10-11,2022-10-17,4,flat,up,0.224079343785487,0.3877184641380912,0.3882021920764219,0.3882021920764219,0.0004837279383307358,True,False
"Meta Platforms, Inc.",2022-10-12,2022-10-18,4,up,up,0.20256424463439865,0.3748756978613084,0.42256005750429293,0.42256005750429293,0.04768435964298451,True,True
"Meta Platforms, Inc.",2022-10-13,2022-10-19,4,up,up,0.1990715378883538,0.36823627490757405,0.4326921872040722,0.4326921872040722,0.06445591229649816,True,True
"Meta Platforms, Inc.",2022-10-14,2022-10-20,4,flat,up,0.21115311834203526,0.38231219060695487,0.4065346910510098,0.4065346910510098,0.02422250044405494,True,False
"Meta Platforms, Inc.",2022-10-17,2022-10-21,4,down,flat,0.2388798690817142,0.4277416719184566,0.33337845899982915,0.33337845899982915,-0.09436321291862743,False,False
"Meta Platforms, Inc.",2022-10-18,2022-10-24,4,down,flat,0.230415684770155,0.4755198930274904,0.2940644222023546,0.2940644222023546,-0.1814554708251358,False,False
"Meta Platforms, Inc.",2022-10-19,2022-10-25,4,flat,flat,0.310551283765988,0.3704432465120774,0.31900546972193466,0.31900546972193466,-0.05143777679014272,False,True
"Meta Platforms, Inc.",2022-10-20,2022-10-26,4,flat,flat,0.3223944882093479,0.34050946644203073,0.33709604534862125,0.33709604534862125,-0.0034134210934094744,False,True
"Meta Platforms, Inc.",2022-10-21,2022-10-27,4,down,flat,0.3509151108329802,0.35866370518742424,0.2904211839795956,0.3509151108329802,-0.007748594354444027,False,False
"Meta Platforms, Inc.",2022-10-24,2022-10-28,4,down,flat,0.32278345025683625,0.34473817480958757,0.3324783749335761,0.3324783749335761,-0.012259799876011446,False,False
"Meta Platforms, Inc.",2022-10-25,2022-10-31,4,down,flat,0.19032659458152973,0.469804030782842,0.33986937463562833,0.33986937463562833,-0.12993465614721367,False,False
"Meta Platforms, Inc.",2022-10-26,2022-11-01,4,down,flat,0.3277659437884972,0.34291551274230325,0.3293185434691996,0.3293185434691996,-0.013596969273103665,False,False
"Meta Platforms, Inc.",2022-10-27,2022-11-02,4,down,flat,0.37102719710587395,0.37545196060024244,0.2535208422938835,0.37102719710587395,-0.004424763494368489,False,False
"Meta Platforms, Inc.",2022-10-28,2022-11-03,4,down,up,0.12538497976644766,0.4239402644962807,0.45067475573727167,0.45067475573727167,0.026734491240990976,True,False
"Meta Platforms, Inc.",2022-10-31,2022-11-04,4,down,up,0.13732165612908448,0.3888246791228546,0.4738536647480609,0.4738536647480609,0.08502898562520628,True,False
"Meta Platforms, Inc.",2022-11-01,2022-11-07,4,flat,flat,0.12393678312366216,0.5020518799359532,0.3740113369403848,0.3740113369403848,-0.12804054299556844,False,True
"Meta Platforms, Inc.",2022-11-02,2022-11-08,4,flat,flat,0.11187003982411531,0.5276506312203555,0.36047932895552925,0.36047932895552925,-0.16717130226482624,False,True
"Meta Platforms, Inc.",2022-11-03,2022-11-09,4,up,flat,0.14293638642543752,0.45881130843583035,0.3982523051387321,0.3982523051387321,-0.060559003297098235,False,False
"Meta Platforms, Inc.",2022-11-04,2022-11-10,4,up,flat,0.1214267725182575,0.48740284299842296,0.3911703844833196,0.3911703844833196,-0.09623245851510337,False,False
"Meta Platforms, Inc.",2022-11-07,2022-11-11,4,up,flat,0.1274369368734807,0.4885803787434957,0.3839826843830236,0.3839826843830236,-0.10459769436047212,False,False
"Meta Platforms, Inc.",2022-11-08,2022-11-14,4,up,flat,0.1737694716489278,0.5525540027803875,0.2736765255706848,0.2736765255706848,-0.2788774772097027,False,False
"Meta Platforms, Inc.",2022-11-09,2022-11-15,4,up,flat,0.21888802955186998,0.46865971817207913,0.3124522522760509,0.3124522522760509,-0.15620746589602824,False,False
"Meta Platforms, Inc.",2022-11-10,2022-11-16,4,flat,flat,0.2895996831482892,0.43510027031075804,0.27530004654095286,0.2895996831482892,-0.14550058716246883,False,True
"Meta Platforms, Inc.",2022-11-11,2022-11-17,4,flat,flat,0.3462498612067294,0.4368157147353281,0.21693442405794267,0.3462498612067294,-0.0905658535285987,False,True
"Meta Platforms, Inc.",2022-11-14,2022-11-18,4,flat,flat,0.35380542146311444,0.44017844466241773,0.20601613387446788,0.35380542146311444,-0.08637302319930329,False,True
"Meta Platforms, Inc.",2022-11-15,2022-11-21,4,down,flat,0.36486747044861656,0.4114070220881083,0.22372550746327519,0.36486747044861656,-0.04653955163949175,False,False
"Meta Platforms, Inc.",2022-11-16,2022-11-22,4,down,flat,0.39684927537406545,0.43570382951843056,0.167446895107504,0.39684927537406545,-0.03885455414436512,False,False
"Meta Platforms, Inc.",2022-11-17,2022-11-23,4,flat,flat,0.3384148834884424,0.44705854459863015,0.21452657191292734,0.3384148834884424,-0.10864366111018775,False,True
"Meta Platforms, Inc.",2022-11-18,2022-11-25,4,flat,flat,0.2732969251370907,0.46806831445638675,0.2586347604065227,0.2732969251370907,-0.19477138931929605,False,True
"Meta Platforms, Inc.",2022-11-21,2022-11-28,4,flat,flat,0.27320697759896245,0.4738151294968478,0.2529778929041899,0.27320697759896245,-0.20060815189788533,False,True
"Meta Platforms, Inc.",2022-11-22,2022-11-29,4,flat,flat,0.2550294075356992,0.47680444158494556,0.2681661508793555,0.2681661508793555,-0.20863829070559003,False,True
"Meta Platforms, Inc.",2022-11-23,2022-11-30,4,flat,flat,0.1944924804534557,0.4915702627766687,0.3139372567698758,0.3139372567698758,-0.17763300600679288,False,True
"Meta Platforms, Inc.",2022-11-25,2022-12-01,4,up,flat,0.2327754827345468,0.5440507415330996,0.22317377573235378,0.2327754827345468,-0.31127525879855283,False,False
"Meta Platforms, Inc.",2022-11-28,2022-12-02,4,up,flat,0.2519673399270286,0.4615137504535458,0.2865189096194257,0.2865189096194257,-0.1749948408341201,False,False
"Meta Platforms, Inc.",2022-11-29,2022-12-05,4,up,flat,0.2332854334737115,0.5069175585431259,0.2597970079831627,0.2597970079831627,-0.24712055055996324,False,False
"Meta Platforms, Inc.",2022-11-30,2022-12-06,4,flat,flat,0.19905574584917102,0.5188493260156047,0.2820949281352243,0.2820949281352243,-0.23675439788038044,False,True
"Meta Platforms, Inc.",2022-12-01,2022-12-07,4,down,flat,0.20536485557452477,0.5756560574168368,0.21897908700863844,0.21897908700863844,-0.35667697040819835,False,False
"Meta Platforms, Inc.",2022-12-02,2022-12-08,4,down,flat,0.2663400522292445,0.5467171915749963,0.18694275619575926,0.2663400522292445,-0.2803771393457518,False,False
"Meta Platforms, Inc.",2022-12-05,2022-12-09,4,down,flat,0.26615737807208717,0.5381252190478264,0.19571740288008665,0.26615737807208717,-0.27196784097573923,False,False
"Meta Platforms, Inc.",2022-12-06,2022-12-12,4,flat,flat,0.3386549125262872,0.44979094848426515,0.21155413898944792,0.3386549125262872,-0.11113603595797794,False,True
"Meta Platforms, Inc.",2022-12-07,2022-12-13,4,up,flat,0.25158616534817885,0.4818891196515083,0.26652471500031294,0.26652471500031294,-0.21536440465119538,False,False
"Meta Platforms, Inc.",2022-12-08,2022-12-14,4,up,flat,0.1985045068935066,0.4930174457364276,0.30847804737006596,0.30847804737006596,-0.18453939836636163,False,False
"Meta Platforms, Inc.",2022-12-09,2022-12-15,4,flat,flat,0.21086564095377633,0.517173132548298,0.27196122649792587,0.27196122649792587,-0.24521190605037213,False,True
"Meta Platforms, Inc.",2022-12-12,2022-12-16,4,up,flat,0.1932397344972082,0.520117012045102,0.28664325345768993,0.28664325345768993,-0.23347375858741204,False,False
"Meta Platforms, Inc.",2022-12-13,2022-12-19,4,down,flat,0.16357162055538838,0.49316532483296,0.3432630546116516,0.3432630546116516,-0.14990227022130842,False,False
"Meta Platforms, Inc.",2022-12-14,2022-12-20,4,down,flat,0.23044262157595266,0.4884295871819575,0.28112779124209003,0.28112779124209003,-0.20730179593986747,False,False
"Meta Platforms, Inc.",2022-12-15,2022-12-21,4,flat,flat,0.2658359795352973,0.4787971733461116,0.25536684711859126,0.2658359795352973,-0.2129611938108143,False,True
"Meta Platforms, Inc.",2022-12-16,2022-12-22,4,down,flat,0.2277485720163403,0.4687887461220183,0.30346268186164144,0.30346268186164144,-0.16532606426037688,False,False
"Meta Platforms, Inc.",2022-12-19,2022-12-23,4,flat,flat,0.281230604628671,0.48978753395999697,0.22898186141133225,0.281230604628671,-0.20855692933132597,False,True
"Meta Platforms, Inc.",2022-12-20,2022-12-27,4,flat,flat,0.22118310635073093,0.5277536075253231,0.25106328612394613,0.25106328612394613,-0.27669032140137695,False,True
"Meta Platforms, Inc.",2022-12-21,2022-12-28,4,flat,flat,0.16563208211988267,0.5339144926389348,0.3004534252411826,0.3004534252411826,-0.23346106739775213,False,True
"Meta Platforms, Inc.",2022-12-22,2022-12-29,4,flat,flat,0.20601957864969442,0.45858375587469236,0.3353966654756133,0.3353966654756133,-0.12318709039907905,False,True
"Meta Platforms, Inc.",2022-12-23,2022-12-30,4,flat,flat,0.1867325704805392,0.4844209164570286,0.3288465130624324,0.3288465130624324,-0.15557440339459622,False,True
"Meta Platforms, Inc.",2022-12-27,2023-01-03,4,up,flat,0.17272645606876583,0.42968957812206154,0.39758396580917266,0.39758396580917266,-0.03210561231288889,False,False
"Meta Platforms, Inc.",2022-12-28,2023-01-04,4,up,flat,0.2110446009780388,0.3988272916007297,0.3901281074212315,0.3901281074212315,-0.00869918417949822,False,False
"Meta Platforms, Inc.",2022-12-29,2023-01-05,4,up,flat,0.16328766252668947,0.5133074972708269,0.32340484020248356,0.32340484020248356,-0.18990265706834336,False,False
"Meta Platforms, Inc.",2022-12-30,2023-01-06,4,up,flat,0.2309572443160461,0.4823988563147076,0.2866438993692464,0.2866438993692464,-0.1957549569454612,False,False
"Meta Platforms, Inc.",2023-01-03,2023-01-09,4,up,flat,0.17720440722101882,0.5181598681671651,0.30463572461181626,0.30463572461181626,-0.21352414355534882,False,False
"Meta Platforms, Inc.",2023-01-04,2023-01-10,4,flat,flat,0.21710043754382244,0.5418533817280615,0.2410461807281161,0.2410461807281161,-0.3008072009999454,False,True
"Meta Platforms, Inc.",2023-01-05,2023-01-11,4,up,flat,0.2817719271969286,0.4796660994519806,0.23856197335109092,0.2817719271969286,-0.19789417225505196,False,False
"Meta Platforms, Inc.",2023-01-06,2023-01-12,4,up,flat,0.24778572127803716,0.5219878807965453,0.23022639792541746,0.24778572127803716,-0.2742021595185082,False,False
"Meta Platforms, Inc.",2023-01-09,2023-01-13,4,up,flat,0.30065557818266464,0.48397611997516055,0.21536830184217493,0.30065557818266464,-0.1833205417924959,False,False
"Meta Platforms, Inc.",2023-01-10,2023-01-17,4,up,flat,0.30448285070585834,0.4711362329381842,0.22438091635595742,0.30448285070585834,-0.16665338223232584,False,False
"Meta Platforms, Inc.",2023-01-11,2023-01-18,4,flat,flat,0.2641143223296069,0.5284712979535873,0.207414379716806,0.2641143223296069,-0.26435697562398036,False,True
"Meta Platforms, Inc.",2023-01-12,2023-01-19,4,flat,flat,0.26530394091679155,0.48997769298945715,0.24471836609375142,0.26530394091679155,-0.2246737520726656,False,True
"Meta Platforms, Inc.",2023-01-13,2023-01-20,4,flat,flat,0.30129785178426155,0.473594166819016,0.22510798139672233,0.30129785178426155,-0.17229631503475445,False,True
"Meta Platforms, Inc.",2023-01-17,2023-01-23,4,up,flat,0.3169553593736171,0.46047724527357486,0.22256739535280817,0.3169553593736171,-0.1435218858999578,False,False
"Meta Platforms, Inc.",2023-01-18,2023-01-24,4,up,flat,0.32450024678112166,0.42945043870308064,0.24604931451579778,0.32450024678112166,-0.10495019192195898,False,False
"Meta Platforms, Inc.",2023-01-19,2023-01-25,4,up,flat,0.3239925141149038,0.4121477460746291,0.26385973981046734,0.3239925141149038,-0.0881552319597253,False,False
"Meta Platforms, Inc.",2023-01-20,2023-01-26,4,up,flat,0.24872503972829527,0.4927116860560793,0.25856327421562564,0.25856327421562564,-0.23414841184045365,False,False
"Meta Platforms, Inc.",2023-01-23,2023-01-27,4,up,flat,0.24680961586449873,0.5411510865273351,0.21203929760816628,0.24680961586449873,-0.2943414706628364,False,False
"Meta Platforms, Inc.",2023-01-24,2023-01-30,4,up,flat,0.27077396984758845,0.5342409655339171,0.19498506461849457,0.27077396984758845,-0.26346699568632864,False,False
"Meta Platforms, Inc.",2023-01-25,2023-01-31,4,up,flat,0.2849789991258068,0.46881983430608076,0.2462011665681125,0.2849789991258068,-0.18384083518027394,False,False
"Meta Platforms, Inc.",2023-01-26,2023-02-01,4,up,flat,0.28204335980811873,0.49403799091782485,0.22391864927405652,0.28204335980811873,-0.21199463110970612,False,False
"Meta Platforms, Inc.",2023-01-27,2023-02-02,4,up,flat,0.28766676961496696,0.5081837068083894,0.2041495235766438,0.28766676961496696,-0.22051693719342247,False,False
"Meta Platforms, Inc.",2023-01-30,2023-02-03,4,up,flat,0.30408953035623787,0.49925775088518687,0.19665271875857532,0.30408953035623787,-0.195168220528949,False,False
"Meta Platforms, Inc.",2023-01-31,2023-02-06,4,up,flat,0.3116335632339229,0.44829969636337247,0.24006674040270484,0.3116335632339229,-0.13666613312944959,False,False
"Meta Platforms, Inc.",2023-02-01,2023-02-07,4,up,flat,0.32664464212749145,0.417964212577098,0.2553911452954107,0.32664464212749145,-0.09131957044960654,False,False
"Meta Platforms, Inc.",2023-02-02,2023-02-08,4,flat,flat,0.2985709270699958,0.41443346857238994,0.2869956043576144,0.2985709270699958,-0.11586254150239417,False,True
"Meta Platforms, Inc.",2023-02-03,2023-02-09,4,down,flat,0.40355540520905875,0.47466939435806477,0.12177520043287662,0.40355540520905875,-0.07111398914900602,False,False
"Meta Platforms, Inc.",2023-02-06,2023-02-10,4,down,flat,0.37646487061497247,0.5063912016987371,0.11714392768629067,0.37646487061497247,-0.1299263310837646,False,False
"Meta Platforms, Inc.",2023-02-07,2023-02-13,4,down,flat,0.3988122949806906,0.4534122270942213,0.14777547792508813,0.3988122949806906,-0.0545999321135307,False,False
"Meta Platforms, Inc.",2023-02-08,2023-02-14,4,down,flat,0.39741005063385204,0.456981243674959,0.145608705691189,0.39741005063385204,-0.05957119304110697,False,False
"Meta Platforms, Inc.",2023-02-09,2023-02-15,4,flat,flat,0.306563523348379,0.5286122593402641,0.16482421731135688,0.306563523348379,-0.22204873599188513,False,True
"Meta Platforms, Inc.",2023-02-10,2023-02-16,4,flat,flat,0.2665391519615286,0.5343732793332776,0.19908756870519384,0.2665391519615286,-0.267834127371749,False,True
"Meta Platforms, Inc.",2023-02-13,2023-02-17,4,down,flat,0.2642461052545646,0.489921233417233,0.24583266132820236,0.2642461052545646,-0.22567512816266838,False,False
"Meta Platforms, Inc.",2023-02-14,2023-02-21,4,flat,flat,0.23592230512029583,0.5474781688971042,0.21659952598260002,0.23592230512029583,-0.3115558637768084,False,True
"Meta Platforms, Inc.",2023-02-15,2023-02-22,4,flat,flat,0.20198607615901948,0.5688734064518192,0.22914051738916147,0.22914051738916147,-0.3397328890626577,False,True
"Meta Platforms, Inc.",2023-02-16,2023-02-23,4,flat,flat,0.20018057677723927,0.5271773125411046,0.2726421106816562,0.2726421106816562,-0.25453520185944833,False,True
"Meta Platforms, Inc.",2023-02-17,2023-02-24,4,flat,flat,0.19654373184710192,0.49767220323767236,0.3057840649152257,0.3057840649152257,-0.19188813832244667,False,True
"Meta Platforms, Inc.",2023-02-21,2023-02-27,4,flat,flat,0.17638250196103397,0.45350614548893997,0.37011135255002603,0.37011135255002603,-0.08339479293891394,False,True
"Meta Platforms, Inc.",2023-02-22,2023-02-28,4,flat,flat,0.1924475590063764,0.5356371372419606,0.271915303751663,0.271915303751663,-0.2637218334902976,False,True
"Meta Platforms, Inc.",2023-02-23,2023-03-01,4,flat,flat,0.221122494197262,0.4221900622145291,0.356687443588209,0.356687443588209,-0.06550261862632012,False,True
"Meta Platforms, Inc.",2023-02-24,2023-03-02,4,flat,flat,0.23995982910257035,0.4010845473630349,0.35895562353439475,0.35895562353439475,-0.04212892382864014,False,True
"Meta Platforms, Inc.",2023-02-27,2023-03-03,4,up,up,0.23274261439113547,0.37028238066455255,0.39697500494431204,0.39697500494431204,0.02669262427975949,True,True
"Meta Platforms, Inc.",2023-02-28,2023-03-06,4,up,up,0.20815193349002614,0.3813916926704496,0.41045637383952427,0.41045637383952427,0.02906468116907468,True,True
"Meta Platforms, Inc.",2023-03-01,2023-03-07,4,up,flat,0.24310376809467257,0.4224277107923538,0.33446852111297365,0.33446852111297365,-0.08795918967938016,False,False
"Meta Platforms, Inc.",2023-03-02,2023-03-08,4,up,flat,0.25076637948895525,0.3827077904792052,0.3665258300318396,0.3665258300318396,-0.01618196044736564,False,False
"Meta Platforms, Inc.",2023-03-03,2023-03-09,4,flat,flat,0.2055283212663872,0.46298506776604653,0.3314866109675664,0.3314866109675664,-0.13149845679848016,False,True
"Meta Platforms, Inc.",2023-03-06,2023-03-10,4,down,flat,0.2521945570405303,0.5231361760743972,0.22466926688507272,0.2521945570405303,-0.27094161903386693,False,False
"Meta Platforms, Inc.",2023-03-07,2023-03-13,4,down,flat,0.28795962943256737,0.5100382368140084,0.20200213375342446,0.28795962943256737,-0.22207860738144103,False,False
"Meta Platforms, Inc.",2023-03-08,2023-03-14,4,up,flat,0.29226569864947405,0.5052999506673506,0.20243435068317572,0.29226569864947405,-0.2130342520178765,False,False
"Meta Platforms, Inc.",2023-03-09,2023-03-15,4,up,flat,0.2891543034921049,0.47454807982888836,0.23629761667900695,0.2891543034921049,-0.18539377633678344,False,False
"Meta Platforms, Inc.",2023-03-10,2023-03-16,4,up,flat,0.27863776569603294,0.4684903083050641,0.25287192599890307,0.27863776569603294,-0.18985254260903117,False,False
"Meta Platforms, Inc.",2023-03-13,2023-03-17,4,up,flat,0.3168677420578737,0.3930006188716819,0.2901316390704443,0.3168677420578737,-0.0761328768138082,False,False
"Meta Platforms, Inc.",2023-03-14,2023-03-20,4,up,flat,0.20305663777595717,0.42981050266974336,0.3671328595542997,0.3671328595542997,-0.06267764311544366,False,False
"Meta Platforms, Inc.",2023-03-15,2023-03-21,4,up,flat,0.24739877745409178,0.47411422990179186,0.2784869926441166,0.2784869926441166,-0.19562723725767528,False,False
"Meta Platforms, Inc.",2023-03-16,2023-03-22,4,flat,flat,0.264818887439103,0.5241929486970218,0.21098816386387542,0.264818887439103,-0.25937406125791884,False,True
"Meta Platforms, Inc.",2023-03-17,2023-03-23,4,flat,flat,0.27185605409431535,0.5042432398624647,0.22390070604322013,0.27185605409431535,-0.23238718576814932,False,True
"Meta Platforms, Inc.",2023-03-20,2023-03-24,4,up,flat,0.24186059897967754,0.5237340592759658,0.23440534174435657,0.24186059897967754,-0.2818734602962883,False,False
"Meta Platforms, Inc.",2023-03-21,2023-03-27,4,flat,flat,0.24665196100357956,0.5124936362236581,0.2408544027727625,0.24665196100357956,-0.2658416752200785,False,True
"Meta Platforms, Inc.",2023-03-22,2023-03-28,4,flat,flat,0.29669287376591247,0.5101660071341431,0.19314111909994464,0.29669287376591247,-0.2134731333682306,False,True
"Meta Platforms, Inc.",2023-03-23,2023-03-29,4,flat,flat,0.3078094591325599,0.4770914427930077,0.21509909807443256,0.3078094591325599,-0.16928198366044778,False,True
"Meta Platforms, Inc.",2023-03-24,2023-03-30,4,flat,flat,0.3300785837034341,0.47505412474879954,0.19486729154776655,0.3300785837034341,-0.14497554104536542,False,True
"Meta Platforms, Inc.",2023-03-27,2023-03-31,4,flat,flat,0.23338190256639174,0.5326067982258014,0.234011299207807,0.234011299207807,-0.29859549901799437,False,True
"Meta Platforms, Inc.",2023-03-28,2023-04-03,4,up,flat,0.2284410284396029,0.4827123438776776,0.28884662768271974,0.28884662768271974,-0.19386571619495785,False,False
"Meta Platforms, Inc.",2023-03-29,2023-04-04,4,up,flat,0.20050603867407724,0.4663519369537297,0.3331420243721931,0.3331420243721931,-0.13320991258153658,False,False
"Meta Platforms, Inc.",2023-03-30,2023-04-05,4,up,flat,0.23201554750411685,0.45852694593892784,0.30945750655695525,0.30945750655695525,-0.1490694393819726,False,False
"Meta Platforms, Inc.",2023-03-31,2023-04-06,4,flat,flat,0.23297786571602405,0.4626022431211749,0.304419891162801,0.304419891162801,-0.15818235195837393,False,True
"Meta Platforms, Inc.",2023-04-03,2023-04-10,4,flat,flat,0.3372040258961325,0.45965719161563445,0.20313878248823308,0.3372040258961325,-0.12245316571950193,False,True
"Meta Platforms, Inc.",2023-04-04,2023-04-11,4,flat,flat,0.3408715604825424,0.42048127950817055,0.2386471600092871,0.3408715604825424,-0.07960971902562813,False,True
"Meta Platforms, Inc.",2023-04-05,2023-04-12,4,flat,flat,0.32560343519277546,0.46755519715703,0.2068413676501946,0.32560343519277546,-0.14195176196425452,False,True
"Meta Platforms, Inc.",2023-04-06,2023-04-13,4,up,flat,0.34532535383899216,0.4367717012429727,0.21790294491803525,0.34532535383899216,-0.09144634740398055,False,False
"Meta Platforms, Inc.",2023-04-10,2023-04-14,4,up,flat,0.34075741424916195,0.44443532526524976,0.21480726048558835,0.34075741424916195,-0.10367791101608781,False,False
"Meta Platforms, Inc.",2023-04-11,2023-04-17,4,up,flat,0.35089805603639845,0.4104644355409441,0.23863750842265752,0.35089805603639845,-0.05956637950454563,False,False
"Meta Platforms, Inc.",2023-04-12,2023-04-18,4,flat,flat,0.3463240152981696,0.37205677006905213,0.2816192146327783,0.3463240152981696,-0.02573275477088255,False,True
"Meta Platforms, Inc.",2023-04-13,2023-04-19,4,down,down,0.3461951285565615,0.30879499470038085,0.3450098767430576,0.3461951285565615,0.03740013385618063,True,True
"Meta Platforms, Inc.",2023-04-14,2023-04-20,4,down,flat,0.3606306332561221,0.3766153616891003,0.26275400505477764,0.3606306332561221,-0.015984728432978212,False,False
"Meta Platforms, Inc.",2023-04-17,2023-04-21,4,down,flat,0.3217730560911558,0.43328873729397155,0.24493820661487276,0.3217730560911558,-0.11151568120281574,False,False
"Meta Platforms, Inc.",2023-04-18,2023-04-24,4,down,flat,0.3027265852178791,0.4291791464975496,0.26809426828457134,0.3027265852178791,-0.12645256127967053,False,False
"Meta Platforms, Inc.",2023-04-19,2023-04-25,4,down,down,0.3587055946509442,0.3431617784074784,0.29813262694157744,0.3587055946509442,0.015543816243465791,True,True
"Meta Platforms, Inc.",2023-04-20,2023-04-26,4,flat,down,0.35932243445851386,0.3150258745086621,0.32565169103282393,0.35932243445851386,0.044296559949851766,True,False
"Meta Platforms, Inc.",2023-04-21,2023-04-27,4,up,down,0.35167305538419935,0.3491205828251732,0.29920636179062743,0.35167305538419935,0.002552472559026131,True,False
"Meta Platforms, Inc.",2023-04-24,2023-04-28,4,up,up,0.31378905014403613,0.3117649242437359,0.37444602561222784,0.37444602561222784,0.06268110136849192,True,True
"Meta Platforms, Inc.",2023-04-25,2023-05-01,4,up,down,0.3950419146920858,0.30284719375458063,0.30211089155333365,0.3950419146920858,0.09219472093750519,True,False
"Meta Platforms, Inc.",2023-04-26,2023-05-02,4,up,down,0.40084952109283684,0.22189092771115707,0.37725955119600607,0.40084952109283684,0.17895859338167977,True,False
"Meta Platforms, Inc.",2023-04-27,2023-05-03,4,flat,flat,0.3372921796928693,0.3888523408042547,0.27385547950287614,0.3372921796928693,-0.051560161111385394,False,True
"Meta Platforms, Inc.",2023-04-28,2023-05-04,4,flat,down,0.44495607682916805,0.38227214863599457,0.17277177453483733,0.44495607682916805,0.06268392819317348,True,False
"Meta Platforms, Inc.",2023-05-01,2023-05-05,4,down,down,0.430399897691923,0.41439745087870017,0.1552026514293769,0.430399897691923,0.016002446813222826,True,True
"Meta Platforms, Inc.",2023-05-02,2023-05-08,4,down,down,0.4417261349750359,0.40434418329061045,0.15392968173435367,0.4417261349750359,0.03738195168442543,True,True
"Meta Platforms, Inc.",2023-05-03,2023-05-09,4,down,flat,0.4034719164583548,0.42906092316224165,0.16746716037940376,0.4034719164583548,-0.025589006703886863,False,False
"Meta Platforms, Inc.",2023-05-04,2023-05-10,4,flat,flat,0.2507502819832183,0.5199703630940989,0.22927935492268275,0.2507502819832183,-0.26922008111088064,False,True
"Meta Platforms, Inc.",2023-05-05,2023-05-11,4,flat,flat,0.2692263207705035,0.42489995038543754,0.305873728844059,0.305873728844059,-0.11902622154137854,False,True
"Meta Platforms, Inc.",2023-05-08,2023-05-12,4,flat,flat,0.21518821256386259,0.4601953210775631,0.3246164663585742,0.3246164663585742,-0.1355788547189889,False,True
"Meta Platforms, Inc.",2023-05-09,2023-05-15,4,flat,flat,0.18317862881567112,0.46640942075067815,0.35041195043365087,0.35041195043365087,-0.11599747031702728,False,True
"Meta Platforms, Inc.",2023-05-10,2023-05-16,4,flat,up,0.1758711469987542,0.40622750268298446,0.41790135031826137,0.41790135031826137,0.011673847635276902,True,False
"Meta Platforms, Inc.",2023-05-11,2023-05-17,4,flat,flat,0.1760596095101743,0.4216005532914583,0.40233983719836747,0.40233983719836747,-0.019260716093090824,False,True
"Meta Platforms, Inc.",2023-05-12,2023-05-18,4,up,flat,0.18960027334554008,0.49272843231790303,0.31767129433655694,0.31767129433655694,-0.1750571379813461,False,False
"Meta Platforms, Inc.",2023-05-15,2023-05-19,4,up,flat,0.23200326253541226,0.43272942831882827,0.33526730914575953,0.33526730914575953,-0.09746211917306874,False,False
"Meta Platforms, Inc.",2023-05-16,2023-05-22,4,up,flat,0.22654313188799347,0.483642028654254,0.2898148394577526,0.2898148394577526,-0.19382718919650138,False,False
"Meta Platforms, Inc.",2023-05-17,2023-05-23,4,up,flat,0.28866811679701554,0.41683057219709874,0.29450131100588584,0.29450131100588584,-0.1223292611912129,False,False
"Meta Platforms, Inc.",2023-05-18,2023-05-24,4,flat,flat,0.3386613917564245,0.4015136291670517,0.2598249790765239,0.3386613917564245,-0.06285223741062718,False,True
"Meta Platforms, Inc.",2023-05-19,2023-05-25,4,up,flat,0.35192941693452184,0.4044646628564026,0.24360592020907562,0.35192941693452184,-0.05253524592188075,False,False
"Meta Platforms, Inc.",2023-05-22,2023-05-26,4,up,down,0.38797462273195304,0.38017305551525354,0.23185232175279358,0.38797462273195304,0.007801567216699501,True,False
"Meta Platforms, Inc.",2023-05-23,2023-05-30,4,up,flat,0.35776150973284093,0.4174206865879296,0.22481780367922957,0.35776150973284093,-0.05965917685508865,False,False
"Meta Platforms, Inc.",2023-05-24,2023-05-31,4,up,flat,0.33615171017619705,0.38705083093932274,0.2767974588844804,0.33615171017619705,-0.050899120763125694,False,False
"Meta Platforms, Inc.",2023-05-25,2023-06-01,4,up,down,0.3968301135142186,0.32779438421122964,0.2753755022745518,0.3968301135142186,0.06903572930298896,True,False
"Meta Platforms, Inc.",2023-05-26,2023-06-02,4,up,down,0.3948834056885366,0.3452352668019209,0.2598813275095425,0.3948834056885366,0.04964813888661568,True,False
"Meta Platforms, Inc.",2023-05-30,2023-06-05,4,up,down,0.4106539002972608,0.38148450439008974,0.2078615953126496,0.4106539002972608,0.029169395907171047,True,False
"Meta Platforms, Inc.",2023-05-31,2023-06-06,4,up,down,0.4355622740020821,0.36702323416791327,0.1974144918300048,0.4355622740020821,0.06853903983416881,True,False
"Meta Platforms, Inc.",2023-06-01,2023-06-07,4,flat,down,0.450503288723346,0.3716861726537284,0.1778105386229255,0.450503288723346,0.07881711606961761,True,False
"Meta Platforms, Inc.",2023-06-02,2023-06-08,4,down,down,0.45705098008691625,0.36535143301986583,0.17759758689321786,0.45705098008691625,0.09169954706705041,True,True
"Meta Platforms, Inc.",2023-06-05,2023-06-09,4,down,down,0.4421983233719206,0.3700375532888036,0.18776412333927572,0.4421983233719206,0.072160770083117,True,True
"Meta Platforms, Inc.",2023-06-06,2023-06-12,4,flat,down,0.41402864283720137,0.39235720058155876,0.19361415658123976,0.41402864283720137,0.021671442255642603,True,False
"Meta Platforms, Inc.",2023-06-07,2023-06-13,4,flat,down,0.4294552713493248,0.33010290741302206,0.24044182123765306,0.4294552713493248,0.09935236393630276,True,False
"Meta Platforms, Inc.",2023-06-08,2023-06-14,4,up,flat,0.3101539681587678,0.3769543145491042,0.31289171729212795,0.31289171729212795,-0.06406259725697627,False,False
"Meta Platforms, Inc.",2023-06-09,2023-06-15,4,up,up,0.2661772537531879,0.36013961688119334,0.37368312936561876,0.37368312936561876,0.013543512484425424,True,True
"Meta Platforms, Inc.",2023-06-12,2023-06-16,4,up,up,0.2923664643292423,0.3358720837837791,0.3717614518869786,0.3717614518869786,0.03588936810319954,True,True
"Meta Platforms, Inc.",2023-06-13,2023-06-20,4,up,up,0.30743107078215104,0.3416376892075583,0.35093124001029063,0.35093124001029063,0.009293550802732309,True,True
"Meta Platforms, Inc.",2023-06-14,2023-06-21,4,up,flat,0.32466411260540773,0.406767691913294,0.26856819548129823,0.32466411260540773,-0.08210357930788625,False,False
"Meta Platforms, Inc.",2023-06-15,2023-06-22,4,flat,flat,0.3410181558938957,0.36864581579812583,0.2903360283079785,0.3410181558938957,-0.027627659904230106,False,True
"Meta Platforms, Inc.",2023-06-16,2023-06-23,4,flat,down,0.4399929019864402,0.3649318811311669,0.195075216882393,0.4399929019864402,0.07506102085527327,True,False
"Meta Platforms, Inc.",2023-06-20,2023-06-26,4,flat,flat,0.42400214678665976,0.44695294860554896,0.1290449046077914,0.42400214678665976,-0.0229508018188892,False,True
"Meta Platforms, Inc.",2023-06-21,2023-06-27,4,flat,down,0.43961641186964934,0.3788984693714622,0.18148511875888843,0.43961641186964934,0.06071794249818713,True,False
"Meta Platforms, Inc.",2023-06-22,2023-06-28,4,flat,down,0.4810592517522867,0.3516663356610744,0.1672744125866388,0.4810592517522867,0.12939291609121228,True,False
"Meta Platforms, Inc.",2023-06-23,2023-06-29,4,flat,down,0.4548551176045357,0.3246397917468249,0.22050509064863932,0.4548551176045357,0.13021532585771078,True,False
"Meta Platforms, Inc.",2023-06-26,2023-06-30,4,flat,down,0.39884925180011205,0.3965244574047591,0.20462629079512898,0.39884925180011205,0.002324794395352936,True,False
"Meta Platforms, Inc.",2023-06-27,2023-07-03,4,flat,down,0.4257143365148388,0.34734023091101845,0.2269454325741428,0.4257143365148388,0.07837410560382035,True,False
"Meta Platforms, Inc.",2023-06-28,2023-07-05,4,flat,down,0.40769946240184507,0.3742426950429944,0.21805784255516059,0.40769946240184507,0.03345676735885067,True,False
"Meta Platforms, Inc.",2023-06-29,2023-07-06,4,up,down,0.3985838394003668,0.36167830721404576,0.23973785338558762,0.3985838394003668,0.03690553218632103,True,False
"Meta Platforms, Inc.",2023-06-30,2023-07-07,4,flat,down,0.3624136099646846,0.3133354743295541,0.32425091570576137,0.3624136099646846,0.04907813563513047,True,False
"Meta Platforms, Inc.",2023-07-03,2023-07-10,4,up,flat,0.3173950153143543,0.4532722758838701,0.2293327088017757,0.3173950153143543,-0.13587726056951577,False,False
"Meta Platforms, Inc.",2023-07-05,2023-07-11,4,flat,down,0.36488713890668256,0.3458811751907681,0.28923168590254955,0.36488713890668256,0.019005963715914453,True,False
"Meta Platforms, Inc.",2023-07-06,2023-07-12,4,up,down,0.422544746600904,0.35281304162775873,0.2246422117713372,0.422544746600904,0.06973170497314529,True,False
"Meta Platforms, Inc.",2023-07-07,2023-07-13,4,up,flat,0.3582057123181669,0.4651538300732924,0.17664045760854066,0.3582057123181669,-0.10694811775512553,False,False
"Meta Platforms, Inc.",2023-07-10,2023-07-14,4,up,down,0.41553792683389346,0.3516172694484425,0.232844803717664,0.41553792683389346,0.06392065738545094,True,False
"Meta Platforms, Inc.",2023-07-11,2023-07-17,4,up,down,0.4065205192692165,0.37529493704836026,0.2181845436824233,0.4065205192692165,0.03122558222085625,True,False
"Meta Platforms, Inc.",2023-07-12,2023-07-18,4,flat,flat,0.38054721126382474,0.38435895487932814,0.2350938338568473,0.38054721126382474,-0.0038117436155034046,False,True
"Meta Platforms, Inc.",2023-07-13,2023-07-19,4,flat,down,0.426755656404591,0.41008895330690337,0.16315539028850556,0.426755656404591,0.01666670309768764,True,False
"Meta Platforms, Inc.",2023-07-14,2023-07-20,4,flat,flat,0.4335903910552057,0.46418396318546695,0.10222564575932744,0.4335903910552057,-0.03059357213026126,False,True
"Meta Platforms, Inc.",2023-07-17,2023-07-21,4,down,down,0.45421501615531096,0.4037538994428336,0.14203108440185547,0.45421501615531096,0.05046111671247738,True,True
"Meta Platforms, Inc.",2023-07-18,2023-07-24,4,down,down,0.5114946384128378,0.351631423581791,0.13687393800537118,0.5114946384128378,0.15986321483104682,True,True
"Meta Platforms, Inc.",2023-07-19,2023-07-25,4,down,down,0.46656072066269944,0.3438133108203326,0.18962596851696784,0.46656072066269944,0.12274740984236682,True,True
"Meta Platforms, Inc.",2023-07-20,2023-07-26,4,down,flat,0.4180244950933904,0.4201913360240293,0.16178416888258043,0.4180244950933904,-0.0021668409306389025,False,False
"Meta Platforms, Inc.",2023-07-21,2023-07-27,4,up,down,0.39565655664420496,0.35502954397209885,0.24931389938369602,0.39565655664420496,0.04062701267210611,True,False
"Meta Platforms, Inc.",2023-07-24,2023-07-28,4,up,flat,0.22733243254739677,0.3882719953513739,0.38439557210122943,0.38439557210122943,-0.0038764232501444784,False,False
"Meta Platforms, Inc.",2023-07-25,2023-07-31,4,up,up,0.23074058117648816,0.3293243646346381,0.43993505418887374,0.43993505418887374,0.11061068955423564,True,True
"Meta Platforms, Inc.",2023-07-26,2023-08-01,4,up,up,0.2693588063217406,0.3224161863676075,0.4082250073106519,0.4082250073106519,0.08580882094304443,True,True
"Meta Platforms, Inc.",2023-07-27,2023-08-02,4,flat,flat,0.2660465101910401,0.41632937798414454,0.3176241118248154,0.3176241118248154,-0.09870526615932912,False,True
"Meta Platforms, Inc.",2023-07-28,2023-08-03,4,down,flat,0.30488244272898013,0.5034963786847674,0.1916211785862525,0.30488244272898013,-0.19861393595578725,False,False
"Meta Platforms, Inc.",2023-07-31,2023-08-04,4,down,flat,0.2887288216218332,0.5398572398099875,0.17141393856817946,0.2887288216218332,-0.25112841818815423,False,False
"Meta Platforms, Inc.",2023-08-01,2023-08-07,4,flat,flat,0.3523017616905293,0.4651078114953323,0.1825904268141384,0.3523017616905293,-0.11280604980480302,False,True
"Meta Platforms, Inc.",2023-08-02,2023-08-08,4,flat,flat,0.3713448859536306,0.4389557683329238,0.18969934571344563,0.3713448859536306,-0.06761088237929325,False,True
"Meta Platforms, Inc.",2023-08-03,2023-08-09,4,flat,flat,0.3110687978656661,0.4612200900732688,0.2277111120610651,0.3110687978656661,-0.1501512922076027,False,True
"Meta Platforms, Inc.",2023-08-04,2023-08-10,4,flat,flat,0.33447211544783007,0.41939494202314664,0.24613294252902324,0.33447211544783007,-0.08492282657531658,False,True
"Meta Platforms, Inc.",2023-08-07,2023-08-11,4,down,flat,0.3025495994125309,0.4243466510967377,0.27310374949073146,0.3025495994125309,-0.12179705168420679,False,False
"Meta Platforms, Inc.",2023-08-08,2023-08-14,4,down,flat,0.23489209633146832,0.44598660807403034,0.3191212955945013,0.3191212955945013,-0.12686531247952904,False,False
"Meta Platforms, Inc.",2023-08-09,2023-08-15,4,flat,up,0.21719412875328925,0.37767487876687517,0.4051309924798355,0.4051309924798355,0.02745611371296036,True,False
"Meta Platforms, Inc.",2023-08-10,2023-08-16,4,down,flat,0.18357775885381492,0.4282863532702197,0.38813588787596537,0.38813588787596537,-0.04015046539425432,False,False
"Meta Platforms, Inc.",2023-08-11,2023-08-17,4,down,up,0.18591070149490274,0.38696670372020375,0.42712259478489356,0.42712259478489356,0.04015589106468981,True,False
"Meta Platforms, Inc.",2023-08-14,2023-08-18,4,down,flat,0.18790668706689168,0.43336434461067674,0.37872896832243164,0.37872896832243164,-0.05463537628824511,False,False
"Meta Platforms, Inc.",2023-08-15,2023-08-21,4,down,flat,0.1745867116121028,0.4805401899068054,0.34487309848109193,0.34487309848109193,-0.13566709142571348,False,False
"Meta Platforms, Inc.",2023-08-16,2023-08-22,4,down,up,0.2401024971142347,0.3599532423299937,0.3999442605557717,0.3999442605557717,0.039991018225778,True,False
"Meta Platforms, Inc.",2023-08-17,2023-08-23,4,flat,up,0.2131678526254911,0.3101912189817163,0.4766409283927926,0.4766409283927926,0.16644970941107629,True,False
"Meta Platforms, Inc.",2023-08-18,2023-08-24,4,up,up,0.22012728817950467,0.3264621174374548,0.45341059438304054,0.45341059438304054,0.12694847694558575,True,True
"Meta Platforms, Inc.",2023-08-21,2023-08-25,4,flat,up,0.15983056694929793,0.36303780018530807,0.47713163286539395,0.47713163286539395,0.11409383268008588,True,False
"Meta Platforms, Inc.",2023-08-22,2023-08-28,4,flat,up,0.19052886747216888,0.3756815992560557,0.4337895332717755,0.4337895332717755,0.05810793401571979,True,False
"Meta Platforms, Inc.",2023-08-23,2023-08-29,4,flat,up,0.24853904099843624,0.36073493028354214,0.39072602871802165,0.39072602871802165,0.029991098434479502,True,False
"Meta Platforms, Inc.",2023-08-24,2023-08-30,4,flat,flat,0.30676630433817886,0.3491361731623227,0.3440975224994983,0.3440975224994983,-0.005038650662824384,False,True
"Meta Platforms, Inc.",2023-08-25,2023-08-31,4,up,down,0.3803967719460897,0.36281127666257024,0.25679195139134026,0.3803967719460897,0.017585495283519437,True,False
"Meta Platforms, Inc.",2023-08-28,2023-09-01,4,up,flat,0.30283675760422885,0.37356676998382765,0.3235964724119434,0.3235964724119434,-0.04997029757188426,False,False
"Meta Platforms, Inc.",2023-08-29,2023-09-05,4,flat,down,0.34676610579037126,0.3314102757350678,0.32182361847456087,0.34676610579037126,0.015355830055303443,True,False
"Meta Platforms, Inc.",2023-08-30,2023-09-06,4,flat,down,0.3742807531621452,0.34367755400242933,0.28204169283542546,0.3742807531621452,0.030603199159715877,True,False
"Meta Platforms, Inc.",2023-08-31,2023-09-07,4,flat,down,0.3915656784606617,0.3266636294099644,0.281770692129374,0.3915656784606617,0.0649020490506973,True,False
"Meta Platforms, Inc.",2023-09-01,2023-09-08,4,flat,down,0.4079845090981268,0.35796668310140867,0.23404880780046458,0.4079845090981268,0.05001782599671811,True,False
"Meta Platforms, Inc.",2023-09-05,2023-09-11,4,flat,down,0.4072883829629672,0.3430181016651461,0.24969351537188678,0.4072883829629672,0.06427028129782109,True,False
"Meta Platforms, Inc.",2023-09-06,2023-09-12,4,flat,down,0.40417434175496086,0.33782627348914845,0.2579993847558907,0.40417434175496086,0.06634806826581241,True,False
"Meta Platforms, Inc.",2023-09-07,2023-09-13,4,flat,down,0.47445576929245314,0.2822047066236204,0.2433395240839265,0.47445576929245314,0.19225106266883274,True,False
"Meta Platforms, Inc.",2023-09-08,2023-09-14,4,up,down,0.3775514717579866,0.35031723182055297,0.2721312964214604,0.3775514717579866,0.027234239937433624,True,False
"Meta Platforms, Inc.",2023-09-11,2023-09-15,4,flat,down,0.36009391284805925,0.2993491217691535,0.34055696538278724,0.36009391284805925,0.060744791078905735,True,False
"Meta Platforms, Inc.",2023-09-12,2023-09-18,4,flat,flat,0.37285789379817447,0.374809208270369,0.25233289793145647,0.37285789379817447,-0.001951314472194543,False,True
"Meta Platforms, Inc.",2023-09-13,2023-09-19,4,flat,down,0.39087844503109187,0.3396087287173877,0.2695128262515205,0.39087844503109187,0.051269716313704194,True,False
"Meta Platforms, Inc.",2023-09-14,2023-09-20,4,down,down,0.38850721969449886,0.30937185353790775,0.3021209267675934,0.38850721969449886,0.07913536615659111,True,True
"Meta Platforms, Inc.",2023-09-15,2023-09-21,4,down,down,0.451708706077627,0.31438294302561887,0.23390835089675416,0.451708706077627,0.1373257630520081,True,True
"Meta Platforms, Inc.",2023-09-18,2023-09-22,4,flat,flat,0.3257185853716658,0.40100953887912033,0.27327187574921397,0.3257185853716658,-0.07529095350745452,False,True
"Meta Platforms, Inc.",2023-09-19,2023-09-25,4,down,up,0.31568566792907615,0.3065024954186367,0.377811836652287,0.377811836652287,0.07130934123365029,True,False
"Meta Platforms, Inc.",2023-09-20,2023-09-26,4,flat,down,0.3704558130993618,0.3032715761198372,0.32627261078080094,0.3704558130993618,0.06718423697952464,True,False
"Meta Platforms, Inc.",2023-09-21,2023-09-27,4,flat,flat,0.316609127915804,0.3750838637589522,0.30830700832524394,0.316609127915804,-0.05847473584314822,False,True
"Meta Platforms, Inc.",2023-09-22,2023-09-28,4,flat,up,0.2900225617836022,0.28995817270791235,0.4200192655084854,0.4200192655084854,0.13006109280057304,True,False
"Meta Platforms, Inc.",2023-09-25,2023-09-29,4,flat,up,0.295037880405159,0.35211947558657786,0.3528426440082632,0.3528426440082632,0.0007231684216853496,True,False
"Meta Platforms, Inc.",2023-09-26,2023-10-02,4,flat,up,0.3028327692831161,0.2913311820356074,0.40583604868127643,0.40583604868127643,0.11450486664566906,True,False
"Meta Platforms, Inc.",2023-09-27,2023-10-03,4,flat,up,0.30562183704383183,0.2979899252371767,0.39638823771899134,0.39638823771899134,0.09839831248181463,True,False
"Meta Platforms, Inc.",2023-09-28,2023-10-04,4,flat,up,0.3050507136687334,0.3014277556574315,0.39352153067383505,0.39352153067383505,0.09209377501640353,True,False
"Meta Platforms, Inc.",2023-09-29,2023-10-05,4,flat,up,0.29572757671565053,0.2850169619350294,0.41925546134932,0.41925546134932,0.1342384994142906,True,False
"Meta Platforms, Inc.",2023-10-02,2023-10-06,4,flat,flat,0.3348038193149713,0.34563713013874847,0.3195590505462802,0.3348038193149713,-0.010833310823777198,False,True
"Meta Platforms, Inc.",2023-10-03,2023-10-09,4,up,down,0.3600404549849443,0.3287976564814108,0.31116188853364496,0.3600404549849443,0.03124279850353351,True,False
"Meta Platforms, Inc.",2023-10-04,2023-10-10,4,up,down,0.3609563756106555,0.32218709355375014,0.3168565308355943,0.3609563756106555,0.038769282056905385,True,False
"Meta Platforms, Inc.",2023-10-05,2023-10-11,4,up,down,0.3732975750578831,0.29881994752611307,0.32788247741600385,0.3732975750578831,0.07447762753177001,True,False
"Meta Platforms, Inc.",2023-10-06,2023-10-12,4,up,up,0.31045615494783224,0.2724304676208833,0.4171133774312843,0.4171133774312843,0.144682909810401,True,True
"Meta Platforms, Inc.",2023-10-09,2023-10-13,4,flat,up,0.3263173687468284,0.3186913778716178,0.3549912533815538,0.3549912533815538,0.03629987550993602,True,False
"Meta Platforms, Inc.",2023-10-10,2023-10-16,4,flat,flat,0.36642409347753097,0.3811519789278853,0.2524239275945837,0.36642409347753097,-0.014727885450354361,False,True
"Meta Platforms, Inc.",2023-10-11,2023-10-17,4,flat,down,0.4297401265783557,0.4009403980887404,0.16931947533290398,0.4297401265783557,0.028799728489615317,True,False
"Meta Platforms, Inc.",2023-10-12,2023-10-18,4,down,down,0.4446167217846294,0.41379665623479145,0.14158662198057909,0.4446167217846294,0.03082006554983796,True,True
"Meta Platforms, Inc.",2023-10-13,2023-10-19,4,flat,down,0.44607010901937666,0.38341539995337837,0.17051449102724509,0.44607010901937666,0.06265470906599829,True,False
"Meta Platforms, Inc.",2023-10-16,2023-10-20,4,down,down,0.4181898676200262,0.3701193120637737,0.21169082031620018,0.4181898676200262,0.0480705555562525,True,True
"Meta Platforms, Inc.",2023-10-17,2023-10-23,4,down,down,0.4256740084759253,0.33253368329723415,0.24179230822684067,0.4256740084759253,0.09314032517869114,True,True
"Meta Platforms, Inc.",2023-10-18,2023-10-24,4,down,flat,0.3565164794421906,0.37951362653843423,0.2639698940193752,0.3565164794421906,-0.02299714709624362,False,False
"Meta Platforms, Inc.",2023-10-19,2023-10-25,4,down,flat,0.25541451158982836,0.3992830879523308,0.34530240045784094,0.34530240045784094,-0.053980687494489865,False,False
"Meta Platforms, Inc.",2023-10-20,2023-10-26,4,down,up,0.25708543679407775,0.3287740972699429,0.4141404659359794,0.4141404659359794,0.08536636866603653,True,False
"Meta Platforms, Inc.",2023-10-23,2023-10-27,4,down,up,0.19663923287003077,0.3483573859918408,0.4550033811381283,0.4550033811381283,0.10664599514628753,True,False
"Meta Platforms, Inc.",2023-10-24,2023-10-30,4,down,up,0.24846522100958504,0.32753276132941356,0.4240020176610013,0.4240020176610013,0.09646925633158776,True,False
"Meta Platforms, Inc.",2023-10-25,2023-10-31,4,flat,up,0.2959936548231118,0.3130678147107518,0.39093853046613636,0.39093853046613636,0.07787071575538457,True,False
"Meta Platforms, Inc.",2023-10-26,2023-11-01,4,up,up,0.24147703058690534,0.29595488256560254,0.46256808684749184,0.46256808684749184,0.1666132042818893,True,True
"Meta Platforms, Inc.",2023-10-27,2023-11-02,4,up,up,0.13871538600966765,0.3252451265571554,0.5360394874331771,0.5360394874331771,0.2107943608760217,True,True
"Meta Platforms, Inc.",2023-10-30,2023-11-03,4,up,up,0.15691345811970933,0.3691165393129924,0.47397000256729827,0.47397000256729827,0.10485346325430589,True,True
"Meta Platforms, Inc.",2023-10-31,2023-11-06,4,up,flat,0.17458345027187297,0.44558584194921924,0.37983070777890793,0.37983070777890793,-0.06575513417031131,False,False
"Meta Platforms, Inc.",2023-11-01,2023-11-07,4,up,flat,0.15672453920140958,0.4651029702412434,0.37817249055734703,0.37817249055734703,-0.08693047968389639,False,False
"Meta Platforms, Inc.",2023-11-02,2023-11-08,4,flat,flat,0.25507963545686385,0.44080262471274945,0.3041177398303868,0.3041177398303868,-0.13668488488236263,False,True
"Meta Platforms, Inc.",2023-11-03,2023-11-09,4,flat,flat,0.25611538300413716,0.4746661277414893,0.2692184892543736,0.2692184892543736,-0.20544763848711572,False,True
"Meta Platforms, Inc.",2023-11-06,2023-11-10,4,up,flat,0.26226721863876645,0.47533768840558366,0.2623950929556499,0.2623950929556499,-0.21294259544993377,False,False
"Meta Platforms, Inc.",2023-11-07,2023-11-13,4,up,flat,0.3644733071612647,0.4004150522458463,0.23511164059288905,0.3644733071612647,-0.03594174508458159,False,False
"Meta Platforms, Inc.",2023-11-08,2023-11-14,4,up,flat,0.35652769826105385,0.3985239134250076,0.24494838831393853,0.35652769826105385,-0.04199621516395374,False,False
"Meta Platforms, Inc.",2023-11-09,2023-11-15,4,up,down,0.3727178816324731,0.3549224086785034,0.2723597096890235,0.3727178816324731,0.017795472953969715,True,False
"Meta Platforms, Inc.",2023-11-10,2023-11-16,4,flat,flat,0.36995571660537097,0.3724020935903699,0.2576421898042591,0.36995571660537097,-0.0024463769849989436,False,True
"Meta Platforms, Inc.",2023-11-13,2023-11-17,4,flat,flat,0.33278385584080794,0.44602364369903946,0.22119250046015265,0.33278385584080794,-0.11323978785823152,False,True
"Meta Platforms, Inc.",2023-11-14,2023-11-20,4,flat,flat,0.3457932490270328,0.4827910350881519,0.1714157158848154,0.3457932490270328,-0.13699778606111912,False,True
"Meta Platforms, Inc.",2023-11-15,2023-11-21,4,flat,flat,0.35851842585653637,0.49449041466290444,0.14699115948055935,0.35851842585653637,-0.13597198880636807,False,True
"Meta Platforms, Inc.",2023-11-16,2023-11-22,4,up,flat,0.3303739662432771,0.4494009032372689,0.22022513051945403,0.3303739662432771,-0.1190269369939918,False,False
"Meta Platforms, Inc.",2023-11-17,2023-11-24,4,up,flat,0.30752661791942004,0.4471786179660141,0.24529476411456597,0.30752661791942004,-0.13965200004659406,False,False
"Meta Platforms, Inc.",2023-11-20,2023-11-27,4,flat,flat,0.3393588513276935,0.43705070438775223,0.22359044428455432,0.3393588513276935,-0.09769185306005873,False,True
"Meta Platforms, Inc.",2023-11-21,2023-11-28,4,flat,flat,0.3234651475645187,0.47376208750763116,0.20277276492785007,0.3234651475645187,-0.15029693994311244,False,True
"Meta Platforms, Inc.",2023-11-22,2023-11-29,4,down,flat,0.36946846684727663,0.4238368545732147,0.2066946785795088,0.36946846684727663,-0.05436838772593805,False,False
"Meta Platforms, Inc.",2023-11-24,2023-11-30,4,down,flat,0.32920861285858466,0.45675426327502217,0.21403712386639326,0.32920861285858466,-0.1275456504164375,False,False
"Meta Platforms, Inc.",2023-11-27,2023-12-01,4,down,flat,0.3584322585721572,0.39394617105690294,0.2476215703709399,0.3584322585721572,-0.035513912484745724,False,False
"Meta Platforms, Inc.",2023-11-28,2023-12-04,4,down,flat,0.3174037380195872,0.40144346696593136,0.2811527950144814,0.3174037380195872,-0.08403972894634415,False,False
"Meta Platforms, Inc.",2023-11-29,2023-12-05,4,down,down,0.36170645678865443,0.35513337508878995,0.2831601681225557,0.36170645678865443,0.00657308169986448,True,True
"Meta Platforms, Inc.",2023-11-30,2023-12-06,4,down,flat,0.3341759609078023,0.3437536333718364,0.3220704057203614,0.3341759609078023,-0.00957767246403407,False,False
"Meta Platforms, Inc.",2023-12-01,2023-12-07,4,flat,up,0.25233453357375807,0.3187530842893367,0.42891238213690513,0.42891238213690513,0.11015929784756845,True,False
"Meta Platforms, Inc.",2023-12-04,2023-12-08,4,up,up,0.22201890074866024,0.2596426232903156,0.518338475961024,0.518338475961024,0.2586958526707084,True,True
"Meta Platforms, Inc.",2023-12-05,2023-12-11,4,up,up,0.19609394855115714,0.2416233791983607,0.5622826722504821,0.5622826722504821,0.32065929305212143,True,True
"Meta Platforms, Inc.",2023-12-06,2023-12-12,4,up,up,0.19412015424302148,0.26331911749395975,0.5425607282630186,0.5425607282630186,0.27924161076905885,True,True
"Meta Platforms, Inc.",2023-12-07,2023-12-13,4,up,up,0.2503469630917031,0.22617599950239842,0.5234770374058982,0.5234770374058982,0.2973010379034998,True,True
"Meta Platforms, Inc.",2023-12-08,2023-12-14,4,flat,up,0.26329831609639726,0.24867236993460534,0.4880293139689973,0.4880293139689973,0.23935694403439195,True,False
"Meta Platforms, Inc.",2023-12-11,2023-12-15,4,up,up,0.34120382410569494,0.26444590699968845,0.39435026889461644,0.39435026889461644,0.129904361894928,True,True
"Meta Platforms, Inc.",2023-12-12,2023-12-18,4,up,up,0.3162425946833676,0.3387465043255127,0.34501090099111964,0.34501090099111964,0.006264396665606964,True,True
"Meta Platforms, Inc.",2023-12-13,2023-12-19,4,up,down,0.3745410949257881,0.35919214497396734,0.26626676010024464,0.3745410949257881,0.015348949951820734,True,False
"Meta Platforms, Inc.",2023-12-14,2023-12-20,4,up,down,0.3961665394899784,0.3589330445341444,0.2449004159758773,0.3961665394899784,0.037233494955834,True,False
"Meta Platforms, Inc.",2023-12-15,2023-12-21,4,up,down,0.3957684829758581,0.3580296517621233,0.2462018652620187,0.3957684829758581,0.03773883121373478,True,False
"Meta Platforms, Inc.",2023-12-18,2023-12-22,4,up,down,0.42571886807770143,0.35794103769893126,0.2163400942233673,0.42571886807770143,0.06777783037877017,True,False
"Meta Platforms, Inc.",2023-12-19,2023-12-26,4,flat,down,0.4995436553109138,0.3358110642475086,0.1646452804415774,0.4995436553109138,0.1637325910634052,True,False
"Meta Platforms, Inc.",2023-12-20,2023-12-27,4,flat,down,0.4905000374022229,0.3593293671199078,0.15017059547786926,0.4905000374022229,0.1311706702823151,True,False
"Meta Platforms, Inc.",2023-12-21,2023-12-28,4,flat,down,0.5318306368010192,0.3464001778890994,0.12176918530988151,0.5318306368010192,0.18543045891191978,True,False
"Meta Platforms, Inc.",2023-12-22,2023-12-29,4,flat,down,0.5520986886058249,0.3342706257871346,0.11363068560704054,0.5520986886058249,0.21782806281869027,True,False
"Meta Platforms, Inc.",2023-12-26,2024-01-02,4,down,down,0.50617262893442,0.37572160825477174,0.11810576281080823,0.50617262893442,0.1304510206796483,True,True
"Meta Platforms, Inc.",2023-12-27,2024-01-03,4,down,down,0.46822654646086204,0.3958138811339119,0.13595957240522616,0.46822654646086204,0.07241266532695012,True,True
"Meta Platforms, Inc.",2023-12-28,2024-01-04,4,down,down,0.44336084905625606,0.4101911291120284,0.1464480218317156,0.44336084905625606,0.03316971994422768,True,True
"Meta Platforms, Inc.",2023-12-29,2024-01-05,4,down,flat,0.38045407802891296,0.4644715467134448,0.15507437525764237,0.38045407802891296,-0.08401746868453186,False,False
"Meta Platforms, Inc.",2024-01-02,2024-01-08,4,up,flat,0.33884710677113494,0.4474313674799563,0.21372152574890896,0.33884710677113494,-0.10858426070882138,False,False
"Meta Platforms, Inc.",2024-01-03,2024-01-09,4,up,flat,0.2760903031733666,0.41456129263422264,0.3093484041924109,0.3093484041924109,-0.10521288844181176,False,False
"Meta Platforms, Inc.",2024-01-04,2024-01-10,4,up,up,0.32455247642014445,0.3259506306965285,0.34949689288332714,0.34949689288332714,0.023546262186798617,True,True
"Meta Platforms, Inc.",2024-01-05,2024-01-11,4,up,down,0.3844121046098414,0.2613038937234828,0.35428400166667573,0.3844121046098414,0.1231082108863586,True,False
"Meta Platforms, Inc.",2024-01-08,2024-01-12,4,up,down,0.3861763749772942,0.2795738041352889,0.3342498208874169,0.3861763749772942,0.1066025708420053,True,False
"Meta Platforms, Inc.",2024-01-09,2024-01-16,4,up,up,0.3314075893020003,0.3124866037643452,0.35610580693365457,0.35610580693365457,0.04361920316930934,True,True
"Meta Platforms, Inc.",2024-01-10,2024-01-17,4,flat,down,0.4282141804620102,0.3370172766918693,0.23476854284612048,0.4282141804620102,0.09119690377014089,True,False
"Meta Platforms, Inc.",2024-01-11,2024-01-18,4,flat,down,0.47292001411827045,0.3649277072908759,0.1621522785908536,0.47292001411827045,0.10799230682739452,True,False
"Meta Platforms, Inc.",2024-01-12,2024-01-19,4,up,down,0.48580099781373043,0.39132811020757396,0.12287089197869569,0.48580099781373043,0.09447288760615646,True,False
"Meta Platforms, Inc.",2024-01-16,2024-01-22,4,up,flat,0.4060961243292507,0.4626755308684194,0.13122834480233012,0.4060961243292507,-0.05657940653916871,False,False
"Meta Platforms, Inc.",2024-01-17,2024-01-23,4,up,flat,0.36556915853490224,0.46037479034241213,0.17405605112268577,0.36556915853490224,-0.0948056318075099,False,False
"Meta Platforms, Inc.",2024-01-18,2024-01-24,4,up,down,0.4074940210364586,0.39901666434877137,0.19348931461477015,0.4074940210364586,0.008477356687687232,True,False
"Meta Platforms, Inc.",2024-01-19,2024-01-25,4,up,flat,0.393684117116728,0.43905890272136916,0.16725698016190285,0.393684117116728,-0.045374785604641144,False,False
"Meta Platforms, Inc.",2024-01-22,2024-01-26,4,up,flat,0.35497326230945037,0.515488933895642,0.1295378037949078,0.35497326230945037,-0.16051567158619162,False,False
"Meta Platforms, Inc.",2024-01-23,2024-01-29,4,up,flat,0.4345084799093708,0.45787591105952996,0.10761560903109914,0.4345084799093708,-0.023367431150159157,False,False
"Meta Platforms, Inc.",2024-01-24,2024-01-30,4,up,down,0.4739700746939901,0.41527249416485784,0.11075743114115211,0.4739700746939901,0.058697580529132265,True,False
"Meta Platforms, Inc.",2024-01-25,2024-01-31,4,flat,down,0.49477705120951054,0.4129943653757503,0.09222858341473908,0.49477705120951054,0.08178268583376025,True,False
"Meta Platforms, Inc.",2024-01-26,2024-02-01,4,flat,down,0.48031634207721985,0.4216319264702221,0.09805173145255805,0.48031634207721985,0.058684415606997775,True,False
"Meta Platforms, Inc.",2024-01-29,2024-02-02,4,up,down,0.5342164636933795,0.3802587177457355,0.08552481856088512,0.5342164636933795,0.153957745947644,True,False
"Meta Platforms, Inc.",2024-01-30,2024-02-05,4,up,down,0.540298426293556,0.37833988137891067,0.08136169232753333,0.540298426293556,0.16195854491464529,True,False
"Meta Platforms, Inc.",2024-01-31,2024-02-06,4,up,down,0.5989544092795498,0.3205613999878513,0.08048419073259855,0.5989544092795498,0.27839300929169847,True,False
"Meta Platforms, Inc.",2024-02-01,2024-02-07,4,up,down,0.570498997732547,0.30599703056320193,0.12350397170425079,0.570498997732547,0.26450196716934504,True,False
"Meta Platforms, Inc.",2024-02-02,2024-02-08,4,flat,down,0.4699284310403561,0.4473009403550826,0.08277062860456119,0.4699284310403561,0.022627490685273477,True,False
"Meta Platforms, Inc.",2024-02-05,2024-02-09,4,flat,down,0.4961218213530304,0.4752143583716062,0.028663820275363155,0.4961218213530304,0.020907462981424207,True,False
"Meta Platforms, Inc.",2024-02-06,2024-02-12,4,flat,flat,0.41433015247405763,0.5584646702413107,0.027205177284631496,0.41433015247405763,-0.1441345177672531,False,True
"Meta Platforms, Inc.",2024-02-07,2024-02-13,4,flat,flat,0.4656440953606471,0.5050578210034897,0.02929808363586306,0.4656440953606471,-0.03941372564284262,False,True
"Meta Platforms, Inc.",2024-02-08,2024-02-14,4,flat,flat,0.47479994715178864,0.49308295760468845,0.03211709524352285,0.47479994715178864,-0.018283010452899817,False,True
"Meta Platforms, Inc.",2024-02-09,2024-02-15,4,flat,flat,0.44026128787904095,0.5262870112061928,0.0334517009147661,0.44026128787904095,-0.08602572332715186,False,True
"Meta Platforms, Inc.",2024-02-12,2024-02-16,4,flat,flat,0.46669811824243623,0.5007421369545844,0.032559744802979435,0.46669811824243623,-0.03404401871214813,False,True
"Meta Platforms, Inc.",2024-02-13,2024-02-20,4,flat,down,0.4847711185713825,0.46893159499232584,0.046297286436291586,0.4847711185713825,0.015839523579056658,True,False
"Meta Platforms, Inc.",2024-02-14,2024-02-21,4,flat,flat,0.3755874397469598,0.5529193592787186,0.07149320097432155,0.3755874397469598,-0.1773319195317588,False,True
"Meta Platforms, Inc.",2024-02-15,2024-02-22,4,flat,flat,0.3546327889799905,0.5704163757898144,0.07495083523019498,0.3546327889799905,-0.2157835868098239,False,True
"Meta Platforms, Inc.",2024-02-16,2024-02-23,4,flat,flat,0.3800510262677332,0.5653183755010466,0.0546305982312202,0.3800510262677332,-0.1852673492333134,False,True
"Meta Platforms, Inc.",2024-02-20,2024-02-26,4,flat,flat,0.3743522943529706,0.562057730796357,0.06358997485067228,0.3743522943529706,-0.1877054364433864,False,True
"Meta Platforms, Inc.",2024-02-21,2024-02-27,4,up,flat,0.3517072673037682,0.5703522514440785,0.07794048125215315,0.3517072673037682,-0.2186449841403103,False,False
"Meta Platforms, Inc.",2024-02-22,2024-02-28,4,flat,flat,0.36274199840638327,0.5462048632106618,0.09105313838295488,0.36274199840638327,-0.18346286480427848,False,True
"Meta Platforms, Inc.",2024-02-23,2024-02-29,4,flat,flat,0.432253280657882,0.4850375131167928,0.08270920622532515,0.432253280657882,-0.052784232458910785,False,True
"Meta Platforms, Inc.",2024-02-26,2024-03-01,4,up,flat,0.4424511067721275,0.47679810214378787,0.08075079108408462,0.4424511067721275,-0.03434699537166036,False,False
"Meta Platforms, Inc.",2024-02-27,2024-03-04,4,up,flat,0.4462620839835445,0.456114225237375,0.0976236907790804,0.4462620839835445,-0.009852141253830493,False,False
"Meta Platforms, Inc.",2024-02-28,2024-03-05,4,flat,down,0.46711609634211504,0.4093071867014547,0.12357671695643022,0.46711609634211504,0.05780890964066032,True,False
"Meta Platforms, Inc.",2024-02-29,2024-03-06,4,up,down,0.47283144477973393,0.3805383537352489,0.14663020148501713,0.47283144477973393,0.09229309104448502,True,False
"Meta Platforms, Inc.",2024-03-01,2024-03-07,4,up,down,0.448276949045878,0.37211058083784604,0.1796124701162759,0.448276949045878,0.07616636820803196,True,False
"Meta Platforms, Inc.",2024-03-04,2024-03-08,4,up,down,0.5625043370977553,0.3109614422909356,0.12653422061130912,0.5625043370977553,0.2515428948068197,True,False
"Meta Platforms, Inc.",2024-03-05,2024-03-11,4,flat,down,0.5701043450561678,0.3028689786393661,0.127026676304466,0.5701043450561678,0.2672353664168017,True,False
"Meta Platforms, Inc.",2024-03-06,2024-03-12,4,flat,down,0.5288879001675556,0.312582377876113,0.1585297219563314,0.5288879001675556,0.21630552229144262,True,False
"Meta Platforms, Inc.",2024-03-07,2024-03-13,4,down,down,0.5671903476512935,0.2970692364794494,0.13574041586925698,0.5671903476512935,0.2701211111718441,True,True
"Meta Platforms, Inc.",2024-03-08,2024-03-14,4,down,down,0.5748210167854362,0.32678668663742727,0.0983922965771364,0.5748210167854362,0.2480343301480089,True,True
"Meta Platforms, Inc.",2024-03-11,2024-03-15,4,flat,down,0.5097992108956333,0.3708878202338852,0.1193129688704815,0.5097992108956333,0.13891139066174807,True,False
"Meta Platforms, Inc.",2024-03-12,2024-03-18,4,flat,down,0.4394379592296416,0.365130386513169,0.19543165425718942,0.4394379592296416,0.07430757271647259,True,False
"Meta Platforms, Inc.",2024-03-13,2024-03-19,4,flat,down,0.4692524278676855,0.31033425970227047,0.22041331243004386,0.4692524278676855,0.15891816816541504,True,False
"Meta Platforms, Inc.",2024-03-14,2024-03-20,4,flat,down,0.45329458807937995,0.32500713542832926,0.22169827649229068,0.45329458807937995,0.12828745265105068,True,False
"Meta Platforms, Inc.",2024-03-15,2024-03-21,4,up,down,0.4706384002072799,0.3038174777969601,0.2255441219957599,0.4706384002072799,0.16682092241031982,True,False
"Meta Platforms, Inc.",2024-03-18,2024-03-22,4,up,down,0.41164157896937525,0.34133916224316563,0.247019258787459,0.41164157896937525,0.07030241672620963,True,False
"Meta Platforms, Inc.",2024-03-19,2024-03-25,4,up,down,0.4254564725304906,0.3186540896869891,0.25588943778252016,0.4254564725304906,0.10680238284350152,True,False
"Meta Platforms, Inc.",2024-03-20,2024-03-26,4,flat,down,0.4012986800497641,0.36400537667066385,0.234695943279572,0.4012986800497641,0.03729330337910025,True,False
"Meta Platforms, Inc.",2024-03-21,2024-03-27,4,down,down,0.4808579855583794,0.3431550968553584,0.17598691758626211,0.4808579855583794,0.137702888703021,True,True
"Meta Platforms, Inc.",2024-03-22,2024-03-28,4,down,down,0.5182674540061218,0.34758668110203,0.13414586489184802,0.5182674540061218,0.17068077290409184,True,True
"Meta Platforms, Inc.",2024-03-25,2024-04-01,4,down,down,0.506970133280515,0.3494076432934984,0.14362222342598663,0.506970133280515,0.1575624899870166,True,True
"Meta Platforms, Inc.",2024-03-26,2024-04-02,4,down,down,0.5271527649168247,0.3113213286198936,0.16152590646328166,0.5271527649168247,0.21583143629693113,True,True
"Meta Platforms, Inc.",2024-03-27,2024-04-03,4,flat,down,0.5260857518402433,0.2824800591991232,0.19143418896063336,0.5260857518402433,0.2436056926411201,True,False
"Meta Platforms, Inc.",2024-03-28,2024-04-04,4,up,down,0.5115895168308741,0.2497243133937526,0.2386861697753732,0.5115895168308741,0.2618652034371215,True,False
"Meta Platforms, Inc.",2024-04-01,2024-04-05,4,up,down,0.48733237394075846,0.2237279665956648,0.28893965946357675,0.48733237394075846,0.26360440734509366,True,False
"Meta Platforms, Inc.",2024-04-02,2024-04-08,4,up,down,0.4882470718346599,0.20397661275135692,0.30777631541398304,0.4882470718346599,0.28427045908330295,True,False
"Meta Platforms, Inc.",2024-04-03,2024-04-09,4,up,down,0.4533211116692842,0.25484461806542075,0.29183427026529496,0.4533211116692842,0.19847649360386344,True,False
"Meta Platforms, Inc.",2024-04-04,2024-04-10,4,flat,down,0.4943913518561456,0.30341014113599085,0.20219850700786351,0.4943913518561456,0.19098121072015473,True,False
"Meta Platforms, Inc.",2024-04-05,2024-04-11,4,flat,down,0.554292555055348,0.33934569029102113,0.1063617546536308,0.554292555055348,0.2149468647643269,True,False
"Meta Platforms, Inc.",2024-04-08,2024-04-12,4,down,down,0.5660974869792916,0.3495583541323373,0.08434415888837098,0.5660974869792916,0.2165391328469543,True,True
"Meta Platforms, Inc.",2024-04-09,2024-04-15,4,down,down,0.5945225569415358,0.3208251029410566,0.08465234011740763,0.5945225569415358,0.2736974540004792,True,True
"Meta Platforms, Inc.",2024-04-10,2024-04-16,4,down,down,0.6020326534947558,0.30502297737336614,0.09294436913187781,0.6020326534947558,0.2970096761213896,True,True
"Meta Platforms, Inc.",2024-04-11,2024-04-17,4,down,down,0.5960566209790492,0.28077779667719305,0.12316558234375741,0.5960566209790492,0.31527882430185616,True,True
"Meta Platforms, Inc.",2024-04-12,2024-04-18,4,down,down,0.6062241334352928,0.2686325579243841,0.12514330864032291,0.6062241334352928,0.3375915755109087,True,True
"Meta Platforms, Inc.",2024-04-15,2024-04-19,4,down,down,0.5559008549993021,0.26991416473299434,0.1741849802677034,0.5559008549993021,0.28598669026630774,True,True
"Meta Platforms, Inc.",2024-04-16,2024-04-22,4,down,down,0.47794788576083846,0.2588736721498244,0.2631784420893371,0.47794788576083846,0.2190742136110141,True,True
"Meta Platforms, Inc.",2024-04-17,2024-04-23,4,flat,down,0.4703966752686452,0.23409320293392177,0.29551012179743297,0.4703966752686452,0.23630347233472343,True,False
"Meta Platforms, Inc.",2024-04-18,2024-04-24,4,flat,down,0.45819162646319694,0.2489869141488978,0.29282145938790505,0.45819162646319694,0.20920471231429916,True,False
"Meta Platforms, Inc.",2024-04-19,2024-04-25,4,down,down,0.48133387446165776,0.27238288200995986,0.246283243528382,0.48133387446165776,0.2089509924516979,True,True
"Meta Platforms, Inc.",2024-04-22,2024-04-26,4,down,down,0.46722683203506,0.27492876157602836,0.25784440638891143,0.46722683203506,0.19229807045903163,True,True
"Meta Platforms, Inc.",2024-04-23,2024-04-29,4,down,down,0.4467636808133405,0.26959755115626083,0.2836387680303985,0.4467636808133405,0.17716612965707967,True,True
"Meta Platforms, Inc.",2024-04-24,2024-04-30,4,down,down,0.46975521824597105,0.30643951599873437,0.2238052657552946,0.46975521824597105,0.16331570224723668,True,True
"Meta Platforms, Inc.",2024-04-25,2024-05-01,4,flat,flat,0.36299219183089615,0.4800682877232066,0.15693952044589732,0.36299219183089615,-0.11707609589231044,False,True
"Meta Platforms, Inc.",2024-04-26,2024-05-02,4,flat,flat,0.27201566981303943,0.38859828102474886,0.3393860491622117,0.3393860491622117,-0.04921223186253715,False,True
"Meta Platforms, Inc.",2024-04-29,2024-05-03,4,flat,up,0.28620011680128415,0.3473881448675302,0.3664117383311857,0.3664117383311857,0.019023593463655453,True,False
"Meta Platforms, Inc.",2024-04-30,2024-05-06,4,up,flat,0.29652908978381065,0.40730479256582885,0.2961661176503605,0.29652908978381065,-0.1107757027820182,False,False
"Meta Platforms, Inc.",2024-05-01,2024-05-07,4,up,flat,0.3068108368085742,0.4323521441287372,0.26083701906268864,0.3068108368085742,-0.125541307320163,False,False
"Meta Platforms, Inc.",2024-05-02,2024-05-08,4,up,flat,0.32735991081847804,0.4697266698215373,0.2029134193599845,0.32735991081847804,-0.14236675900305928,False,False
"Meta Platforms, Inc.",2024-05-03,2024-05-09,4,up,flat,0.31959816145811976,0.5215647269032242,0.15883711163865613,0.31959816145811976,-0.20196656544510444,False,False
"Meta Platforms, Inc.",2024-05-06,2024-05-10,4,flat,flat,0.3335187714347835,0.583571873915557,0.0829093546496594,0.3335187714347835,-0.2500531024807735,False,True
"Meta Platforms, Inc.",2024-05-07,2024-05-13,4,flat,flat,0.3988743069916233,0.544726158759821,0.05639953424855568,0.3988743069916233,-0.1458518517681977,False,True
"Meta Platforms, Inc.",2024-05-08,2024-05-14,4,flat,flat,0.43480680210522893,0.512467665432881,0.05272553246189013,0.43480680210522893,-0.0776608633276521,False,True
"Meta Platforms, Inc.",2024-05-09,2024-05-15,4,flat,flat,0.4516537517211426,0.48922692686673386,0.059119321412123504,0.4516537517211426,-0.037573175145591275,False,True
"Meta Platforms, Inc.",2024-05-10,2024-05-16,4,flat,down,0.48194082560502033,0.4608253936303241,0.05723378076465562,0.48194082560502033,0.02111543197469623,True,False
"Meta Platforms, Inc.",2024-05-13,2024-05-17,4,flat,down,0.4818506674688441,0.4339085099678657,0.08424082256329035,0.4818506674688441,0.04794215750097841,True,False
"Meta Platforms, Inc.",2024-05-14,2024-05-20,4,flat,down,0.4616144147796326,0.43593424011149456,0.10245134510887269,0.4616144147796326,0.025680174668138045,True,False
"Meta Platforms, Inc.",2024-05-15,2024-05-21,4,down,down,0.49412546735243,0.3672538772948639,0.138620655352706,0.49412546735243,0.1268715900575661,True,True
"Meta Platforms, Inc.",2024-05-16,2024-05-22,4,flat,down,0.5036479583557822,0.3593106480074995,0.13704139363671808,0.5036479583557822,0.14433731034828273,True,False
"Meta Platforms, Inc.",2024-05-17,2024-05-23,4,flat,down,0.462690465059558,0.38052968595855224,0.1567798489818897,0.462690465059558,0.08216077910100578,True,False
"Meta Platforms, Inc.",2024-05-20,2024-05-24,4,flat,down,0.45355458387544456,0.3598696074913219,0.18657580863323353,0.45355458387544456,0.09368497638412265,True,False
"Meta Platforms, Inc.",2024-05-21,2024-05-28,4,up,down,0.45756678930796685,0.3257579110277029,0.21667529966433016,0.45756678930796685,0.13180887828026394,True,False
"Meta Platforms, Inc.",2024-05-22,2024-05-29,4,flat,down,0.4345088836308104,0.32627607455207697,0.23921504181711256,0.4345088836308104,0.10823280907873345,True,False
"Meta Platforms, Inc.",2024-05-23,2024-05-30,4,flat,down,0.5789907127935243,0.22737254551644415,0.1936367416900314,0.5789907127935243,0.3516181672770802,True,False
"Meta Platforms, Inc.",2024-05-24,2024-05-31,4,down,down,0.57309880127538,0.2265463700654352,0.20035482865918464,0.57309880127538,0.34655243120994483,True,True
"Meta Platforms, Inc.",2024-05-28,2024-06-03,4,flat,down,0.5769510452189266,0.24214092800249792,0.18090802677857526,0.5769510452189266,0.33481011721642867,True,False
"Meta Platforms, Inc.",2024-05-29,2024-06-04,4,flat,down,0.6077634871510861,0.24333082515437426,0.14890568769453957,0.6077634871510861,0.3644326619967118,True,False
"Meta Platforms, Inc.",2024-05-30,2024-06-05,4,up,down,0.6386351637369376,0.207553313413806,0.15381152284925612,0.6386351637369376,0.4310818503231316,True,False
"Meta Platforms, Inc.",2024-05-31,2024-06-06,4,up,down,0.6114938955634441,0.2061001616605186,0.18240594277603708,0.6114938955634441,0.40539373390292555,True,False
"Meta Platforms, Inc.",2024-06-03,2024-06-07,4,up,down,0.5757330619720409,0.19111445703119573,0.23315248099676333,0.5757330619720409,0.38461860494084515,True,False
"Meta Platforms, Inc.",2024-06-04,2024-06-10,4,up,down,0.6046550789560994,0.18887227418914893,0.20647264685475156,0.6046550789560994,0.41578280476695045,True,False
"Meta Platforms, Inc.",2024-06-05,2024-06-11,4,up,down,0.5816425025918097,0.22453652262349608,0.193820974784694,0.5816425025918097,0.3571059799683136,True,False
"Meta Platforms, Inc.",2024-06-06,2024-06-12,4,up,down,0.622617355770581,0.2528355838570384,0.12454706037238039,0.622617355770581,0.36978177191354256,True,False
"Meta Platforms, Inc.",2024-06-07,2024-06-13,4,up,down,0.6278364287300369,0.2656126073546605,0.10655096391530242,0.6278364287300369,0.36222382137537634,True,False
"Meta Platforms, Inc.",2024-06-10,2024-06-14,4,flat,down,0.5997425770547447,0.29074906484276136,0.10950835810249382,0.5997425770547447,0.3089935122119833,True,False
"Meta Platforms, Inc.",2024-06-11,2024-06-15,4,flat,down,0.6188250870687855,0.2831337231902237,0.09804118974099066,0.6188250870687855,0.3356913638785618,True,False
"Meta Platforms, Inc.",2024-06-12,2024-06-16,4,flat,down,0.6354969044932326,0.26963352614742764,0.09486956935933966,0.6354969044932326,0.36586337834580496,True,False
"Meta Platforms, Inc.",2024-06-13,2024-06-17,4,flat,down,0.6275945107350025,0.2821009997657541,0.09030448949924322,0.6275945107350025,0.3454935109692484,True,False
"Meta Platforms, Inc.",2024-06-14,2024-06-18,4,flat,down,0.6322165386736842,0.2567529491026799,0.11103051222363576,0.6322165386736842,0.37546358957100434,True,False
Microsoft Corporation,2021-07-27,2021-08-02,4,flat,up,0.32831879936360087,0.2903026456056772,0.38137855503072193,0.38137855503072193,0.09107590942504473,True,False
Microsoft Corporation,2021-07-28,2021-08-03,4,flat,up,0.2915436057434687,0.301703729947339,0.4067526643091923,0.4067526643091923,0.10504893436185331,True,False
Microsoft Corporation,2021-07-29,2021-08-04,4,flat,up,0.2692082210081139,0.33933168254984397,0.3914600964420421,0.3914600964420421,0.05212841389219813,True,False
Microsoft Corporation,2021-07-30,2021-08-05,4,flat,up,0.294199855117858,0.29679470661753227,0.40900543826460967,0.40900543826460967,0.1122107316470774,True,False
Microsoft Corporation,2021-08-02,2021-08-06,4,flat,up,0.2653999071793507,0.2749045400814303,0.4596955527392191,0.4596955527392191,0.1847910126577888,True,False
Microsoft Corporation,2021-08-03,2021-08-09,4,up,up,0.2701459604519294,0.25349818768909393,0.47635585185897655,0.47635585185897655,0.22285766416988262,True,True
Microsoft Corporation,2021-08-04,2021-08-10,4,flat,up,0.24272924912291335,0.2568476379873097,0.5004231128897768,0.5004231128897768,0.24357547490246712,True,False
Microsoft Corporation,2021-08-05,2021-08-11,4,flat,up,0.2215773462620278,0.2653261813328003,0.5130964724051719,0.5130964724051719,0.24777029107237158,True,False
Microsoft Corporation,2021-08-06,2021-08-12,4,flat,up,0.21264767309398577,0.25035974570363756,0.5369925812023766,0.5369925812023766,0.286632835498739,True,False
Microsoft Corporation,2021-08-09,2021-08-13,4,flat,up,0.20310710900846088,0.25004309912223394,0.5468497918693052,0.5468497918693052,0.2968066927470712,True,False
Microsoft Corporation,2021-08-10,2021-08-16,4,up,up,0.19090556876837855,0.229123200117216,0.5799712311144055,0.5799712311144055,0.35084803099718953,True,True
Microsoft Corporation,2021-08-11,2021-08-17,4,up,up,0.17349504707113103,0.23405446847622324,0.5924504844526457,0.5924504844526457,0.35839601597642246,True,True
Microsoft Corporation,2021-08-12,2021-08-18,4,up,up,0.16667694174030673,0.21609353906326115,0.6172295191964321,0.6172295191964321,0.401135980133171,True,True
Microsoft Corporation,2021-08-13,2021-08-19,4,flat,up,0.19206982906517556,0.25704316526441723,0.5508870056704072,0.5508870056704072,0.29384384040598993,True,False
Microsoft Corporation,2021-08-16,2021-08-20,4,up,up,0.18361922926589777,0.2636992655067992,0.552681505227303,0.552681505227303,0.2889822397205038,True,True
Microsoft Corporation,2021-08-17,2021-08-23,4,up,up,0.19036219212763367,0.23676883851118208,0.5728689693611844,0.5728689693611844,0.3361001308500023,True,True
Microsoft Corporation,2021-08-18,2021-08-24,4,up,up,0.1534361104228159,0.2131132800357457,0.6334506095414385,0.6334506095414385,0.4203373295056928,True,True
Microsoft Corporation,2021-08-19,2021-08-25,4,up,up,0.15214881119682994,0.26068942424109365,0.5871617645620766,0.5871617645620766,0.32647234032098293,True,True
Microsoft Corporation,2021-08-20,2021-08-26,4,flat,up,0.2128772718885359,0.3829874156891836,0.40413531242228035,0.40413531242228035,0.02114789673309675,True,False
Microsoft Corporation,2021-08-23,2021-08-27,4,down,flat,0.26927507342372414,0.3958011192902669,0.3349238072860088,0.3349238072860088,-0.06087731200425811,False,False
Microsoft Corporation,2021-08-24,2021-08-30,4,flat,flat,0.3371696815615485,0.34064814493908635,0.3221821734993653,0.3371696815615485,-0.003478463377537877,False,True
Microsoft Corporation,2021-08-25,2021-08-31,4,flat,down,0.3532778631195873,0.32451701975670477,0.32220511712370803,0.3532778631195873,0.028760843362882538,True,False
Microsoft Corporation,2021-08-26,2021-09-01,4,flat,up,0.32856911410917966,0.31773148344271374,0.35369940244810655,0.35369940244810655,0.03596791900539281,True,False
Microsoft Corporation,2021-08-27,2021-09-02,4,flat,up,0.30156845971599755,0.27973580763406614,0.41869573264993637,0.41869573264993637,0.13895992501587023,True,False
Microsoft Corporation,2021-08-30,2021-09-03,4,flat,up,0.2813391727825656,0.35224991867112265,0.36641090854631175,0.36641090854631175,0.0141609898751891,True,False
Microsoft Corporation,2021-08-31,2021-09-07,4,down,up,0.32577378521866385,0.286502687308102,0.38772352747323413,0.38772352747323413,0.10122084016513211,True,False
Microsoft Corporation,2021-09-01,2021-09-08,4,down,up,0.33615787141826237,0.3166467513209903,0.34719537726074745,0.34719537726074745,0.030548625939757157,True,False
Microsoft Corporation,2021-09-02,2021-09-09,4,flat,up,0.34124445308206963,0.3120831202373455,0.34667242668058484,0.34667242668058484,0.03458930644323932,True,False
Microsoft Corporation,2021-09-03,2021-09-10,4,down,up,0.31694861009743136,0.3119161331429091,0.3711352567596596,0.3711352567596596,0.05921912361675047,True,False
Microsoft Corporation,2021-09-07,2021-09-13,4,down,up,0.3259766843867052,0.2847798005392706,0.3892435150740242,0.3892435150740242,0.10446371453475362,True,False
Microsoft Corporation,2021-09-08,2021-09-14,4,flat,up,0.30145215692872857,0.2861101165543666,0.4124377265169049,0.4124377265169049,0.12632760996253833,True,False
Microsoft Corporation,2021-09-09,2021-09-15,4,up,up,0.2978651254707767,0.2505931353448058,0.4515417391844175,0.4515417391844175,0.20094860383961166,True,True
Microsoft Corporation,2021-09-10,2021-09-16,4,up,up,0.2882322758833728,0.2567024166569323,0.455065307459695,0.455065307459695,0.1983628908027627,True,True
Microsoft Corporation,2021-09-13,2021-09-17,4,up,up,0.28504093341068254,0.2284906427826484,0.48646842380666916,0.48646842380666916,0.25797778102402075,True,True
Microsoft Corporation,2021-09-14,2021-09-20,4,down,up,0.24697765708218694,0.26056937583322576,0.4924529670845873,0.4924529670845873,0.23188359125136154,True,False
Microsoft Corporation,2021-09-15,2021-09-21,4,down,up,0.22573160231024353,0.2833960971613537,0.4908723005284027,0.4908723005284027,0.20747620336704897,True,False
Microsoft Corporation,2021-09-16,2021-09-22,4,down,up,0.25538987197671703,0.29271116927811947,0.4518989587451634,0.4518989587451634,0.15918778946704393,True,False
Microsoft Corporation,2021-09-17,2021-09-23,4,down,up,0.2666740008002382,0.2392398423970655,0.49408615680269624,0.49408615680269624,0.25484631440563077,True,False
Microsoft Corporation,2021-09-20,2021-09-24,4,up,up,0.30394508979150636,0.27161990242560907,0.42443500778288457,0.42443500778288457,0.1528151053572755,True,True
Microsoft Corporation,2021-09-21,2021-09-27,4,flat,up,0.252562987735615,0.28693324890208055,0.4605037633623046,0.4605037633623046,0.17357051446022403,True,False
Microsoft Corporation,2021-09-22,2021-09-28,4,down,up,0.2630818338694635,0.28513097016937095,0.4517871959611655,0.4517871959611655,0.16665622579179457,True,False
Microsoft Corporation,2021-09-23,2021-09-29,4,down,up,0.26218800395700287,0.30851286634838776,0.4292991296946094,0.4292991296946094,0.12078626334622167,True,False
Microsoft Corporation,2021-09-24,2021-09-30,4,down,up,0.28381121001577364,0.2737506733551512,0.4424381166290752,0.4424381166290752,0.168687443273924,True,False
Microsoft Corporation,2021-09-27,2021-10-01,4,down,up,0.28892923074004334,0.30796526290670667,0.40310550635324993,0.40310550635324993,0.09514024344654326,True,False
Microsoft Corporation,2021-09-28,2021-10-04,4,flat,up,0.29935172673775307,0.3168853651691135,0.3837629080931335,0.3837629080931335,0.06687754292402004,True,False
Microsoft Corporation,2021-09-29,2021-10-05,4,flat,up,0.2612630028270868,0.3213239478751635,0.41741304929774964,0.41741304929774964,0.09608910142258614,True,False
Microsoft Corporation,2021-09-30,2021-10-06,4,up,up,0.24949821386631726,0.33743688667366023,0.41306489946002245,0.41306489946002245,0.07562801278636222,True,True
Microsoft Corporation,2021-10-01,2021-10-07,4,up,up,0.23009327702874272,0.3723628526410658,0.3975438703301915,0.3975438703301915,0.02518101768912573,True,True
Microsoft Corporation,2021-10-04,2021-10-08,4,up,up,0.2651789025774788,0.3654292242661086,0.3693918731564126,0.3693918731564126,0.00396264889030401,True,True
Microsoft Corporation,2021-10-05,2021-10-11,4,up,flat,0.2492614950615597,0.4134048875007278,0.33733361743771245,0.33733361743771245,-0.07607127006301534,False,False
Microsoft Corporation,2021-10-06,2021-10-12,4,flat,flat,0.2674565555857594,0.4142182892775026,0.31832515513673776,0.31832515513673776,-0.09589313414076484,False,True
Microsoft Corporation,2021-10-07,2021-10-13,4,flat,flat,0.22693355870015064,0.4353765641498496,0.33768987714999965,0.33768987714999965,-0.09768668699984995,False,True
Microsoft Corporation,2021-10-08,2021-10-14,4,up,flat,0.2882015588142301,0.3848159130797276,0.3269825281060422,0.3269825281060422,-0.0578333849736854,False,False
Microsoft Corporation,2021-10-11,2021-10-15,4,up,flat,0.2727418282357379,0.39225062708364966,0.3350075446806124,0.3350075446806124,-0.05724308240303727,False,False
Microsoft Corporation,2021-10-12,2021-10-18,4,up,up,0.25415051954658235,0.3713071905294315,0.3745422899239862,0.3745422899239862,0.0032350993945546858,True,True
Microsoft Corporation,2021-10-13,2021-10-19,4,up,flat,0.24137754098445463,0.3960060048574548,0.3626164541580904,0.3626164541580904,-0.03338955069936439,False,False
Microsoft Corporation,2021-10-14,2021-10-20,4,up,flat,0.21868472286703022,0.42429185019218063,0.357023426940789,0.357023426940789,-0.06726842325139165,False,False
Microsoft Corporation,2021-10-15,2021-10-21,4,up,flat,0.21488752840741504,0.4463727779342257,0.33873969365835915,0.33873969365835915,-0.10763308427586654,False,False
Microsoft Corporation,2021-10-18,2021-10-22,4,flat,flat,0.2506053945434313,0.39697326155165447,0.35242134390491414,0.35242134390491414,-0.044551917646740324,False,True
Microsoft Corporation,2021-10-19,2021-10-25,4,flat,flat,0.2673985107016539,0.4074779491215704,0.3251235401767757,0.3251235401767757,-0.08235440894479473,False,True
Microsoft Corporation,2021-10-20,2021-10-26,4,flat,flat,0.33285967596067795,0.34786849673526904,0.3192718273040529,0.33285967596067795,-0.015008820774591092,False,True
Microsoft Corporation,2021-10-21,2021-10-27,4,up,flat,0.2992212780858349,0.3708431524507856,0.32993556946337943,0.32993556946337943,-0.040907582987406155,False,False
Microsoft Corporation,2021-10-22,2021-10-28,4,up,flat,0.3009245920124769,0.3688814954627534,0.3301939125247696,0.3301939125247696,-0.0386875829379838,False,False
Microsoft Corporation,2021-10-25,2021-10-29,4,up,flat,0.3101343723821087,0.36322100327972545,0.32664462433816577,0.32664462433816577,-0.036576378941559684,False,False
Microsoft Corporation,2021-10-26,2021-11-01,4,up,up,0.23498614136963056,0.2632158313894922,0.5017980272408773,0.5017980272408773,0.23858219585138507,True,True
Microsoft Corporation,2021-10-27,2021-11-02,4,up,flat,0.2874034687391092,0.3933547511771011,0.31924178008378945,0.31924178008378945,-0.07411297109331166,False,False
Microsoft Corporation,2021-10-28,2021-11-03,4,up,flat,0.35476152419782536,0.40302404549145765,0.24221443031071677,0.35476152419782536,-0.04826252129363229,False,False
Microsoft Corporation,2021-10-29,2021-11-04,4,up,flat,0.3584488690380997,0.3761361766640253,0.26541495429787476,0.3584488690380997,-0.01768730762592563,False,False
Microsoft Corporation,2021-11-01,2021-11-05,4,up,down,0.39411986831358026,0.3851389988011902,0.2207411328852294,0.39411986831358026,0.008980869512390077,True,False
Microsoft Corporation,2021-11-02,2021-11-08,4,up,flat,0.37553200120740193,0.41088276717696104,0.21358523161563686,0.37553200120740193,-0.035350765969559106,False,False
Microsoft Corporation,2021-11-03,2021-11-09,4,flat,flat,0.3639917529471648,0.39733522994533943,0.23867301710749567,0.3639917529471648,-0.03334347699817464,False,True
Microsoft Corporation,2021-11-04,2021-11-10,4,flat,down,0.39509434451838876,0.3756292585232524,0.22927639695835883,0.39509434451838876,0.019465085995136355,True,False
Microsoft Corporation,2021-11-05,2021-11-11,4,down,flat,0.3686031311547636,0.4134431042943141,0.21795376455092225,0.3686031311547636,-0.04483997313955046,False,False
Microsoft Corporation,2021-11-08,2021-11-12,4,flat,down,0.39597923395862233,0.371343960560637,0.23267680548074066,0.39597923395862233,0.024635273397985324,True,False
Microsoft Corporation,2021-11-09,2021-11-15,4,flat,down,0.3932512919336819,0.3661991916504935,0.2405495164158244,0.3932512919336819,0.027052100283188385,True,False
Microsoft Corporation,2021-11-10,2021-11-16,4,up,down,0.4055008246492219,0.3208715754383703,0.2736275999124079,0.4055008246492219,0.08462924921085158,True,False
Microsoft Corporation,2021-11-11,2021-11-17,4,up,down,0.37815848508867156,0.33763132272996343,0.28421019218136506,0.37815848508867156,0.040527162358708124,True,False
Microsoft Corporation,2021-11-12,2021-11-18,4,flat,flat,0.3439331856972486,0.374280553221028,0.2817862610817232,0.3439331856972486,-0.030347367523779367,False,True
Microsoft Corporation,2021-11-15,2021-11-19,4,up,down,0.36614952639622833,0.3610630254150497,0.272787448188722,0.36614952639622833,0.005086500981178632,True,False
Microsoft Corporation,2021-11-16,2021-11-22,4,up,down,0.3678174829881919,0.34807512501065974,0.2841073920011484,0.3678174829881919,0.019742357977532154,True,False
Microsoft Corporation,2021-11-17,2021-11-23,4,flat,flat,0.3454232369447715,0.3777572951893182,0.27681946786591016,0.3454232369447715,-0.032334058244546715,False,True
Microsoft Corporation,2021-11-18,2021-11-24,4,down,down,0.3748813526398318,0.33405807655319736,0.2910605708069709,0.3748813526398318,0.04082327608663444,True,True
Microsoft Corporation,2021-11-19,2021-11-26,4,down,flat,0.2936799065923575,0.39889805651612503,0.30742203689151737,0.30742203689151737,-0.09147601962460766,False,False
Microsoft Corporation,2021-11-22,2021-11-29,4,down,up,0.3176100855226726,0.32503423910887475,0.35735567536845275,0.35735567536845275,0.03232143625957801,True,False
Microsoft Corporation,2021-11-23,2021-11-30,4,down,up,0.27919705740977324,0.30018557139233093,0.4206173711978958,0.4206173711978958,0.12043179980556484,True,False
Microsoft Corporation,2021-11-24,2021-12-01,4,down,up,0.2525411925002212,0.2798289774211249,0.4676298300786539,0.4676298300786539,0.187800852657529,True,False
Microsoft Corporation,2021-11-26,2021-12-02,4,flat,up,0.2837728043424641,0.27854643469720486,0.4376807609603311,0.4376807609603311,0.15913432626312624,True,False
Microsoft Corporation,2021-11-29,2021-12-03,4,down,up,0.22948440083420618,0.31656332825988265,0.45395227090591117,0.45395227090591117,0.13738894264602852,True,False
Microsoft Corporation,2021-11-30,2021-12-06,4,down,up,0.2656726286487936,0.32211557531660484,0.4122117960346015,0.4122117960346015,0.09009622071799667,True,False
Microsoft Corporation,2021-12-01,2021-12-07,4,flat,up,0.2511149485152152,0.3325614393408876,0.4163236121438971,0.4163236121438971,0.08376217280300952,True,False
Microsoft Corporation,2021-12-02,2021-12-08,4,flat,up,0.25577321915080276,0.34061276715011,0.4036140136990872,0.4036140136990872,0.06300124654897721,True,False
Microsoft Corporation,2021-12-03,2021-12-09,4,up,up,0.2588451726380258,0.36033437837394333,0.3808204489880308,0.3808204489880308,0.02048607061408747,True,True
Microsoft Corporation,2021-12-06,2021-12-10,4,up,up,0.2575404309583712,0.35085497749046657,0.39160459155116223,0.39160459155116223,0.04074961406069566,True,True
Microsoft Corporation,2021-12-07,2021-12-13,4,up,flat,0.21484731618965983,0.39645867490757325,0.3886940089027668,0.3886940089027668,-0.007764666004806464,False,False
Microsoft Corporation,2021-12-08,2021-12-14,4,flat,flat,0.2418627499399162,0.4087929731222313,0.3493442769378526,0.3493442769378526,-0.0594486961843787,False,True
Microsoft Corporation,2021-12-09,2021-12-15,4,flat,flat,0.24431384088173264,0.3872498487652978,0.36843631035296953,0.36843631035296953,-0.018813538412328246,False,True
Microsoft Corporation,2021-12-10,2021-12-16,4,down,flat,0.23005447904125603,0.41768263855496796,0.35226288240377573,0.35226288240377573,-0.06541975615119222,False,False
Microsoft Corporation,2021-12-13,2021-12-17,4,down,flat,0.2264384320096385,0.4262215884322027,0.34733997955815876,0.34733997955815876,-0.07888160887404394,False,False
Microsoft Corporation,2021-12-14,2021-12-20,4,down,flat,0.2871156578319512,0.37172226241276995,0.3411620797552789,0.3411620797552789,-0.030560182657491053,False,False
Microsoft Corporation,2021-12-15,2021-12-21,4,down,flat,0.21668836927560747,0.399446769298347,0.3838648614260455,0.3838648614260455,-0.015581907872301515,False,False
Microsoft Corporation,2021-12-16,2021-12-22,4,flat,flat,0.24217331486836247,0.40384698012001863,0.35397970501161885,0.35397970501161885,-0.04986727510839978,False,True
Microsoft Corporation,2021-12-17,2021-12-23,4,up,flat,0.25235700418803986,0.40924605461124414,0.33839694120071595,0.33839694120071595,-0.07084911341052819,False,False
Microsoft Corporation,2021-12-20,2021-12-27,4,up,flat,0.22788678874191676,0.4079758335530431,0.36413737770504,0.36413737770504,-0.04383845584800311,False,False
Microsoft Corporation,2021-12-21,2021-12-28,4,up,flat,0.21829346410457162,0.4521098717614136,0.32959666413401467,0.32959666413401467,-0.12251320762739892,False,False
Microsoft Corporation,2021-12-22,2021-12-29,4,up,flat,0.20876677094562424,0.4669414097032625,0.32429181935111323,0.32429181935111323,-0.14264959035214925,False,False
Microsoft Corporation,2021-12-23,2021-12-30,4,up,flat,0.22578875037592944,0.4291961655708607,0.34501508405320974,0.34501508405320974,-0.08418108151765097,False,False
Microsoft Corporation,2021-12-27,2021-12-31,4,flat,flat,0.2519045313369367,0.4033952821971297,0.3447001864659334,0.3447001864659334,-0.0586950957311963,False,True
Microsoft Corporation,2021-12-28,2022-01-03,4,down,flat,0.24010726404333455,0.4195851979217605,0.34030753803490477,0.34030753803490477,-0.07927765988685576,False,False
Microsoft Corporation,2021-12-29,2022-01-04,4,down,flat,0.27479522806385026,0.3848345055640554,0.34037026637209433,0.34037026637209433,-0.044464239191961075,False,False
Microsoft Corporation,2021-12-30,2022-01-05,4,down,flat,0.251433287609901,0.4083779017510047,0.3401888106390943,0.3401888106390943,-0.0681890911119104,False,False
Microsoft Corporation,2021-12-31,2022-01-06,4,down,flat,0.23771875102442488,0.3920906422457556,0.3701906067298194,0.3701906067298194,-0.021900035515936223,False,False
Microsoft Corporation,2022-01-03,2022-01-07,4,down,flat,0.2444946388928751,0.3907884381618543,0.3647169229452706,0.3647169229452706,-0.02607151521658374,False,False
Microsoft Corporation,2022-01-04,2022-01-10,4,down,flat,0.24697771867652288,0.37946588735591635,0.3735563939675608,0.3735563939675608,-0.005909493388355558,False,False
Microsoft Corporation,2022-01-05,2022-01-11,4,down,flat,0.26301591882771125,0.3911027889376453,0.3458812922346435,0.3458812922346435,-0.045221496703001796,False,False
Microsoft Corporation,2022-01-06,2022-01-12,4,flat,flat,0.24949546407586032,0.39147686048701485,0.3590276754371248,0.3590276754371248,-0.03244918504989003,False,True
Microsoft Corporation,2022-01-07,2022-01-13,4,flat,flat,0.23697176106742834,0.4086059182411386,0.35442232069143287,0.35442232069143287,-0.05418359754970575,False,True
Microsoft Corporation,2022-01-10,2022-01-14,4,flat,flat,0.2790859914135674,0.3892043484279165,0.3317096601585161,0.3317096601585161,-0.05749468826940041,False,True
Microsoft Corporation,2022-01-11,2022-01-18,4,down,flat,0.24274941681721113,0.4349720175220668,0.3222785656607219,0.3222785656607219,-0.11269345186134494,False,False
Microsoft Corporation,2022-01-12,2022-01-19,4,down,flat,0.2743613147077861,0.4106915341565225,0.3149471511356912,0.3149471511356912,-0.09574438302083127,False,False
Microsoft Corporation,2022-01-13,2022-01-20,4,down,flat,0.3652757666947818,0.37952257949855916,0.25520165380665905,0.3652757666947818,-0.014246812803777376,False,False
Microsoft Corporation,2022-01-14,2022-01-21,4,down,flat,0.3107095644339203,0.38956970540200664,0.2997207301640731,0.3107095644339203,-0.07886014096808636,False,False
Microsoft Corporation,2022-01-18,2022-01-24,4,down,flat,0.30595109696973527,0.3988732608138065,0.29517564221645826,0.30595109696973527,-0.0929221638440712,False,False
Microsoft Corporation,2022-01-19,2022-01-25,4,down,flat,0.2791125550249321,0.43183218117389865,0.2890552638011692,0.2890552638011692,-0.14277691737272946,False,False
Microsoft Corporation,2022-01-20,2022-01-26,4,flat,flat,0.28143335377680523,0.4234058273292577,0.2951608188939371,0.2951608188939371,-0.1282450084353206,False,True
Microsoft Corporation,2022-01-21,2022-01-27,4,flat,flat,0.3655686503079951,0.39169446083043086,0.24273688886157413,0.3655686503079951,-0.026125810522435733,False,True
Microsoft Corporation,2022-01-24,2022-01-28,4,up,down,0.4085923761317533,0.38539465563643044,0.20601296823181628,0.4085923761317533,0.02319772049532287,True,False
Microsoft Corporation,2022-01-25,2022-01-31,4,up,flat,0.34885201392855847,0.4248736253140535,0.22627436075738805,0.34885201392855847,-0.07602161138549501,False,False
Microsoft Corporation,2022-01-26,2022-02-01,4,flat,flat,0.3100472224972888,0.48273657695743855,0.20721620054527273,0.3100472224972888,-0.17268935446014977,False,True
Microsoft Corporation,2022-01-27,2022-02-02,4,up,flat,0.3709658495886523,0.43917810233009835,0.1898560480812494,0.3709658495886523,-0.06821225274144604,False,False
Microsoft Corporation,2022-01-28,2022-02-03,4,flat,flat,0.3793538415337824,0.42702870927760217,0.19361744918861545,0.3793538415337824,-0.04767486774381979,False,True
Microsoft Corporation,2022-01-31,2022-02-04,4,flat,flat,0.33068178655649705,0.47028855902914485,0.19902965441435794,0.33068178655649705,-0.1396067724726478,False,True
Microsoft Corporation,2022-02-01,2022-02-07,4,flat,flat,0.3902239806205096,0.41305172432883186,0.19672429505065858,0.3902239806205096,-0.022827743708322246,False,True
Microsoft Corporation,2022-02-02,2022-02-08,4,down,flat,0.25036349772821515,0.5029929325938565,0.2466435696779283,0.25036349772821515,-0.2526294348656413,False,False
Microsoft Corporation,2022-02-03,2022-02-09,4,flat,flat,0.3068565590993333,0.4354513830878266,0.25769205781284005,0.3068565590993333,-0.1285948239884933,False,True
Microsoft Corporation,2022-02-04,2022-02-10,4,flat,flat,0.2782429741832868,0.4393359152130062,0.282421110603707,0.282421110603707,-0.15691480460929919,False,True
Microsoft Corporation,2022-02-07,2022-02-11,4,flat,flat,0.26008447428093906,0.44175546309533675,0.29816006262372424,0.29816006262372424,-0.1435954004716125,False,True
Microsoft Corporation,2022-02-08,2022-02-14,4,down,flat,0.2791597819634784,0.4439031793767543,0.2769370386597673,0.2791597819634784,-0.16474339741327587,False,False
Microsoft Corporation,2022-02-09,2022-02-15,4,down,flat,0.2355541748714894,0.48891724101550826,0.2755285841130023,0.2755285841130023,-0.21338865690250597,False,False
Microsoft Corporation,2022-02-10,2022-02-16,4,flat,flat,0.3239209251974211,0.43832788606064266,0.23775118874193604,0.3239209251974211,-0.11440696086322155,False,True
Microsoft Corporation,2022-02-11,2022-02-17,4,flat,flat,0.30378676376137914,0.4133557046694098,0.28285753156921106,0.30378676376137914,-0.10956894090803065,False,True
Microsoft Corporation,2022-02-14,2022-02-18,4,flat,flat,0.2771621783264758,0.4186957198524619,0.30414210182106227,0.30414210182106227,-0.11455361803139963,False,True
Microsoft Corporation,2022-02-15,2022-02-22,4,down,flat,0.23790000527172858,0.4472741729015144,0.314825821826757,0.314825821826757,-0.1324483510747574,False,False
Microsoft Corporation,2022-02-16,2022-02-23,4,down,flat,0.2643237601907613,0.40811132655468296,0.32756491325455583,0.32756491325455583,-0.08054641330012713,False,False
Microsoft Corporation,2022-02-17,2022-02-24,4,down,flat,0.269253994885698,0.4028428919425029,0.3279031131717991,0.3279031131717991,-0.07493977877070379,False,False
Microsoft Corporation,2022-02-18,2022-02-25,4,flat,flat,0.2782551033522515,0.3982681061323177,0.32347679051543077,0.32347679051543077,-0.07479131561688696,False,True
Microsoft Corporation,2022-02-22,2022-02-28,4,up,flat,0.27776223130046473,0.40362201053631597,0.3186157581632193,0.3186157581632193,-0.08500625237309667,False,False
Microsoft Corporation,2022-02-23,2022-03-01,4,up,flat,0.2589720550669242,0.41986667006291134,0.3211612748701645,0.3211612748701645,-0.09870539519274685,False,False
Microsoft Corporation,2022-02-24,2022-03-02,4,up,flat,0.2738629817686441,0.4217850526328462,0.30435196559850974,0.30435196559850974,-0.11743308703433647,False,False
Microsoft Corporation,2022-02-25,2022-03-03,4,flat,flat,0.2406154654112327,0.4663182881443466,0.2930662464444207,0.2930662464444207,-0.17325204169992592,False,True
Microsoft Corporation,2022-02-28,2022-03-04,4,flat,flat,0.3308783146035328,0.42225553794773385,0.2468661474487333,0.3308783146035328,-0.09137722334420106,False,True
Microsoft Corporation,2022-03-01,2022-03-07,4,down,flat,0.3210307320548002,0.412466133892202,0.2665031340529978,0.3210307320548002,-0.09143540183740179,False,False
Microsoft Corporation,2022-03-02,2022-03-08,4,down,flat,0.2931427351771087,0.4427649179473139,0.26409234687557726,0.2931427351771087,-0.14962218277020517,False,False
Microsoft Corporation,2022-03-03,2022-03-09,4,down,flat,0.2738061996139196,0.4441297695202153,0.282064030865865,0.282064030865865,-0.1620657386543503,False,False
Microsoft Corporation,2022-03-04,2022-03-10,4,down,flat,0.27479553161918713,0.4222779851927385,0.30292648318807425,0.30292648318807425,-0.11935150200466427,False,False
Microsoft Corporation,2022-03-07,2022-03-11,4,flat,flat,0.27888724816450255,0.41570425322985427,0.3054084986056432,0.3054084986056432,-0.1102957546242111,False,True
Microsoft Corporation,2022-03-08,2022-03-14,4,flat,flat,0.27615247919544456,0.44713818274335526,0.2767093380612001,0.2767093380612001,-0.17042884468215513,False,True
Microsoft Corporation,2022-03-09,2022-03-15,4,flat,flat,0.2216274343930184,0.5136427965200749,0.2647297690869066,0.2647297690869066,-0.24891302743316834,False,True
Microsoft Corporation,2022-03-10,2022-03-16,4,flat,flat,0.29310327949096504,0.45332733785868895,0.253569382650346,0.29310327949096504,-0.1602240583677239,False,True
Microsoft Corporation,2022-03-11,2022-03-17,4,up,flat,0.3014580463740883,0.4450603521241029,0.2534816015018089,0.3014580463740883,-0.1436023057500146,False,False
Microsoft Corporation,2022-03-14,2022-03-18,4,up,flat,0.32983193632790236,0.423878958181896,0.2462891054902015,0.32983193632790236,-0.09404702185399366,False,False
Microsoft Corporation,2022-03-15,2022-03-21,4,up,flat,0.3001298191495144,0.46158392439602297,0.23828625645446255,0.3001298191495144,-0.16145410524650855,False,False
Microsoft Corporation,2022-03-16,2022-03-22,4,up,flat,0.24642894913203117,0.48597563027436724,0.2675954205936015,0.2675954205936015,-0.21838020968076577,False,False
Microsoft Corporation,2022-03-17,2022-03-23,4,flat,flat,0.268199183162732,0.48165965071569694,0.2501411661215709,0.268199183162732,-0.21346046755296494,False,True
Microsoft Corporation,2022-03-18,2022-03-24,4,flat,flat,0.28701846454628976,0.44820739582482527,0.26477413962888496,0.28701846454628976,-0.1611889312785355,False,True
Microsoft Corporation,2022-03-21,2022-03-25,4,flat,flat,0.3442679739234171,0.4177844590153673,0.23794756706121548,0.3442679739234171,-0.07351648509195019,False,True
Microsoft Corporation,2022-03-22,2022-03-28,4,flat,flat,0.29356277381572815,0.46550340496856824,0.24093382121570356,0.29356277381572815,-0.17194063115284008,False,True
Microsoft Corporation,2022-03-23,2022-03-29,4,up,flat,0.31720553854931016,0.43488285717383374,0.24791160427685613,0.31720553854931016,-0.11767731862452357,False,False
Microsoft Corporation,2022-03-24,2022-03-30,4,up,flat,0.27646185946959767,0.46931455922594995,0.25422358130445233,0.27646185946959767,-0.19285269975635227,False,False
Microsoft Corporation,2022-03-25,2022-03-31,4,up,flat,0.25281751451299106,0.47667750157831,0.270504983908699,0.270504983908699,-0.20617251766961103,False,False
Microsoft Corporation,2022-03-28,2022-04-01,4,flat,flat,0.26735105521888747,0.47612804679973353,0.2565208979813789,0.26735105521888747,-0.20877699158084606,False,True
Microsoft Corporation,2022-03-29,2022-04-04,4,flat,flat,0.28685677074994365,0.46001416783765625,0.2531290614124,0.28685677074994365,-0.1731573970877126,False,True
Microsoft Corporation,2022-03-30,2022-04-05,4,flat,flat,0.3819417280071292,0.3935610209957865,0.22449725099708417,0.3819417280071292,-0.01161929298865727,False,True
Microsoft Corporation,2022-03-31,2022-04-06,4,down,flat,0.3882236843431838,0.3992677346915616,0.21250858096525455,0.3882236843431838,-0.011044050348377854,False,False
Microsoft Corporation,2022-04-01,2022-04-07,4,down,flat,0.3464207929277434,0.4061935508923782,0.2473856561798783,0.3464207929277434,-0.05977275796463477,False,False
Microsoft Corporation,2022-04-04,2022-04-08,4,down,flat,0.28829392127800313,0.4614147030545469,0.25029137566744986,0.28829392127800313,-0.17312078177654378,False,False
Microsoft Corporation,2022-04-05,2022-04-11,4,down,flat,0.313843773365757,0.4117241378877085,0.27443208874653446,0.313843773365757,-0.09788036452195154,False,False
Microsoft Corporation,2022-04-06,2022-04-12,4,down,flat,0.3796441812579896,0.3800581150194466,0.24029770372256387,0.3796441812579896,-0.000413933761456986,False,False
Microsoft Corporation,2022-04-07,2022-04-13,4,down,flat,0.31365739379144025,0.39939513873656324,0.28694746747199656,0.31365739379144025,-0.08573774494512298,False,False
Microsoft Corporation,2022-04-08,2022-04-14,4,down,flat,0.2914357864597525,0.41882735811536753,0.28973685542487987,0.2914357864597525,-0.12739157165561504,False,False
Microsoft Corporation,2022-04-11,2022-04-18,4,down,flat,0.30840632767327314,0.40629782902373524,0.28529584330299157,0.30840632767327314,-0.0978915013504621,False,False
Microsoft Corporation,2022-04-12,2022-04-19,4,flat,flat,0.24766002284838823,0.4163754229530835,0.33596455419852816,0.33596455419852816,-0.08041086875455533,False,True
Microsoft Corporation,2022-04-13,2022-04-20,4,flat,flat,0.2611677557319767,0.4281806318114048,0.31065161245661843,0.31065161245661843,-0.11752901935478638,False,True
Microsoft Corporation,2022-04-14,2022-04-21,4,flat,flat,0.2889264372815361,0.42013085264571504,0.29094271007274874,0.29094271007274874,-0.1291881425729663,False,True
Microsoft Corporation,2022-04-18,2022-04-22,4,flat,flat,0.29085358731153327,0.39344555989957797,0.31570085278888876,0.31570085278888876,-0.0777447071106892,False,True
Microsoft Corporation,2022-04-19,2022-04-25,4,down,flat,0.28904717622746035,0.42750680684555575,0.2834460169269838,0.28904717622746035,-0.1384596306180954,False,False
Microsoft Corporation,2022-04-20,2022-04-26,4,down,flat,0.28646429434257803,0.43064921575577036,0.28288648990165144,0.28646429434257803,-0.14418492141319234,False,False
Microsoft Corporation,2022-04-21,2022-04-27,4,flat,flat,0.33916125588059126,0.4039109405113785,0.25692780360803014,0.33916125588059126,-0.06474968463078723,False,True
Microsoft Corporation,2022-04-22,2022-04-28,4,up,flat,0.34824520076715904,0.39592693707628485,0.2558278621565562,0.34824520076715904,-0.04768173630912581,False,False
Microsoft Corporation,2022-04-25,2022-04-29,4,flat,flat,0.31055578536983075,0.4106138568776261,0.27883035775254306,0.31055578536983075,-0.10005807150779533,False,True
Microsoft Corporation,2022-04-26,2022-05-02,4,flat,flat,0.3275872669893245,0.4108763850089398,0.26153634800173564,0.3275872669893245,-0.0832891180196153,False,True
Microsoft Corporation,2022-04-27,2022-05-03,4,flat,flat,0.2649283941281898,0.4728465035201583,0.26222510235165186,0.2649283941281898,-0.20791810939196848,False,True
Microsoft Corporation,2022-04-28,2022-05-04,4,flat,flat,0.3222197512826767,0.47436372446616937,0.2034165242511539,0.3222197512826767,-0.15214397318349265,False,True
Microsoft Corporation,2022-04-29,2022-05-05,4,flat,down,0.40495575520798077,0.3997490770471237,0.19529516774489547,0.40495575520798077,0.00520667816085707,True,False
Microsoft Corporation,2022-05-02,2022-05-06,4,flat,flat,0.3651408347124683,0.40355184258448984,0.23130732270304183,0.3651408347124683,-0.03841100787202156,False,True
Microsoft Corporation,2022-05-03,2022-05-09,4,down,flat,0.30315505487510347,0.459105559071205,0.23773938605369144,0.30315505487510347,-0.1559505041961015,False,False
Microsoft Corporation,2022-05-04,2022-05-10,4,down,flat,0.26409861415641606,0.47084136799956133,0.2650600178440224,0.2650600178440224,-0.20578135015553894,False,False
Microsoft Corporation,2022-05-05,2022-05-11,4,down,flat,0.26334657309608933,0.45200380243689664,0.2846496244670139,0.2846496244670139,-0.16735417796988272,False,False
Microsoft Corporation,2022-05-06,2022-05-12,4,down,flat,0.2869902766112823,0.4316586016319822,0.2813511217567355,0.2869902766112823,-0.14466832502069993,False,False
Microsoft Corporation,2022-05-09,2022-05-13,4,down,flat,0.30311438721297923,0.4251639095200709,0.2717217032669499,0.30311438721297923,-0.12204952230709165,False,False
Microsoft Corporation,2022-05-10,2022-05-16,4,down,flat,0.2224329178740152,0.4933895530379222,0.28417752908806254,0.28417752908806254,-0.20921202394985966,False,False
Microsoft Corporation,2022-05-11,2022-05-17,4,flat,flat,0.2886467097252836,0.4419935921571233,0.26935969811759314,0.2886467097252836,-0.1533468824318397,False,True
Microsoft Corporation,2022-05-12,2022-05-18,4,flat,flat,0.3211882200756434,0.443025520933743,0.23578625899061356,0.3211882200756434,-0.12183730085809957,False,True
Microsoft Corporation,2022-05-13,2022-05-19,4,flat,flat,0.2697983643693991,0.5110580049338475,0.21914363069675347,0.2697983643693991,-0.24125964056444837,False,True
Microsoft Corporation,2022-05-16,2022-05-20,4,down,flat,0.33250455093024084,0.4772539088509153,0.19024154021884385,0.33250455093024084,-0.14474935792067445,False,False
Microsoft Corporation,2022-05-17,2022-05-23,4,down,flat,0.27760542095587315,0.4725276866598729,0.2498668923842539,0.27760542095587315,-0.19492226570399973,False,False
Microsoft Corporation,2022-05-18,2022-05-24,4,flat,flat,0.3891261930853235,0.41445933734460894,0.19641446957006758,0.3891261930853235,-0.025333144259285456,False,True
Microsoft Corporation,2022-05-19,2022-05-25,4,flat,flat,0.3761901891910215,0.4216106945368062,0.2021991162721722,0.3761901891910215,-0.045420505345784734,False,True
Microsoft Corporation,2022-05-20,2022-05-26,4,up,flat,0.33779400994805087,0.45089259300963813,0.21131339704231103,0.33779400994805087,-0.11309858306158727,False,False
Microsoft Corporation,2022-05-23,2022-05-27,4,up,flat,0.2885906822858275,0.5063961879130282,0.20501312980114422,0.2885906822858275,-0.2178055056272007,False,False
Microsoft Corporation,2022-05-24,2022-05-31,4,up,flat,0.31974035963766345,0.4720447846465885,0.20821485571574802,0.31974035963766345,-0.15230442500892505,False,False
Microsoft Corporation,2022-05-25,2022-06-01,4,up,flat,0.32279077177015186,0.45960311034791723,0.21760611788193077,0.32279077177015186,-0.13681233857776537,False,False
Microsoft Corporation,2022-05-26,2022-06-02,4,flat,flat,0.3340515094289104,0.45667669890271234,0.20927179166837725,0.3340515094289104,-0.12262518947380197,False,True
Microsoft Corporation,2022-05-27,2022-06-03,4,flat,flat,0.3080299828000694,0.4424024363093277,0.24956758089060277,0.3080299828000694,-0.1343724535092583,False,True
Microsoft Corporation,2022-05-31,2022-06-06,4,flat,flat,0.33912717388009206,0.42429258206114884,0.236580244058759,0.33912717388009206,-0.08516540818105678,False,True
Microsoft Corporation,2022-06-01,2022-06-07,4,flat,flat,0.29778665545161187,0.43597237734533334,0.2662409672030546,0.29778665545161187,-0.13818572189372147,False,True
Microsoft Corporation,2022-06-02,2022-06-08,4,flat,flat,0.3200731128248445,0.4242397975952382,0.2556870895799172,0.3200731128248445,-0.1041666847703937,False,True
Microsoft Corporation,2022-06-03,2022-06-09,4,flat,flat,0.24433906119154658,0.45995937551559496,0.29570156329285835,0.29570156329285835,-0.1642578122227366,False,True
Microsoft Corporation,2022-06-06,2022-06-10,4,down,flat,0.2731115210866129,0.41958522181807134,0.30730325709531575,0.30730325709531575,-0.11228196472275559,False,False
Microsoft Corporation,2022-06-07,2022-06-13,4,down,flat,0.2825849419505775,0.4272269564330106,0.2901881016164118,0.2901881016164118,-0.13703885481659883,False,False
Microsoft Corporation,2022-06-08,2022-06-14,4,down,flat,0.2539106114532111,0.4371495363866207,0.3089398521601681,0.3089398521601681,-0.12820968422645257,False,False
Microsoft Corporation,2022-06-09,2022-06-15,4,down,flat,0.32228525375820954,0.4141643330812079,0.26355041316058236,0.32228525375820954,-0.09187907932299838,False,False
Microsoft Corporation,2022-06-10,2022-06-16,4,down,flat,0.34976885747819403,0.39619838321720013,0.2540327593046058,0.34976885747819403,-0.046429525739006106,False,False
Microsoft Corporation,2022-06-13,2022-06-17,4,flat,flat,0.3267504856259913,0.43385168856081857,0.23939782581319025,0.3267504856259913,-0.10710120293482728,False,True
Microsoft Corporation,2022-06-14,2022-06-21,4,up,flat,0.25598613579853813,0.4749691704394251,0.26904469376203666,0.26904469376203666,-0.20592447667738845,False,False
Microsoft Corporation,2022-06-15,2022-06-22,4,flat,flat,0.24843928030505524,0.5027582140998822,0.24880250559506253,0.24880250559506253,-0.25395570850481963,False,True
Microsoft Corporation,2022-06-16,2022-06-23,4,up,flat,0.333516188353573,0.45448021539042804,0.21200359625599893,0.333516188353573,-0.12096402703685505,False,False
Microsoft Corporation,2022-06-17,2022-06-24,4,up,flat,0.35532828629191787,0.43479105362448756,0.2098806600835946,0.35532828629191787,-0.07946276733256968,False,False
Microsoft Corporation,2022-06-21,2022-06-27,4,up,flat,0.35063805094962314,0.4599228890479089,0.18943906000246796,0.35063805094962314,-0.10928483809828576,False,False
Microsoft Corporation,2022-06-22,2022-06-28,4,up,flat,0.37070240449920755,0.4326390973555303,0.19665849814526215,0.37070240449920755,-0.06193669285632275,False,False
Microsoft Corporation,2022-06-23,2022-06-29,4,flat,flat,0.28641766186233747,0.4601265835947992,0.2534557545428633,0.28641766186233747,-0.17370892173246172,False,True
Microsoft Corporation,2022-06-24,2022-06-30,4,down,flat,0.27312576187067406,0.4745129805899371,0.25236125753938865,0.27312576187067406,-0.20138721871926302,False,False
Microsoft Corporation,2022-06-27,2022-07-01,4,down,flat,0.3135105370664242,0.45854393814875716,0.22794552478481844,0.3135105370664242,-0.14503340108233298,False,False
Microsoft Corporation,2022-06-28,2022-07-05,4,flat,flat,0.30047707634284265,0.4710775227794397,0.22844540087771759,0.30047707634284265,-0.17060044643659705,False,True
Microsoft Corporation,2022-06-29,2022-07-06,4,flat,flat,0.2539091046080469,0.4924580907457935,0.25363280464615945,0.2539091046080469,-0.2385489861377466,False,True
Microsoft Corporation,2022-06-30,2022-07-07,4,up,flat,0.2545101379185267,0.49147283568862643,0.2540170263928469,0.2545101379185267,-0.2369626977700997,False,False
Microsoft Corporation,2022-07-01,2022-07-08,4,up,flat,0.21902006349603487,0.5137421242183433,0.2672378122856218,0.2672378122856218,-0.2465043119327215,False,False
Microsoft Corporation,2022-07-05,2022-07-11,4,flat,flat,0.24531520407124102,0.48766474551689665,0.2670200504118623,0.2670200504118623,-0.22064469510503437,False,True
Microsoft Corporation,2022-07-06,2022-07-12,4,down,flat,0.28363634982582986,0.4766691036885988,0.2396945464855712,0.28363634982582986,-0.19303275386276897,False,False
Microsoft Corporation,2022-07-07,2022-07-13,4,down,flat,0.3217508380927945,0.4501744429179885,0.22807471898921694,0.3217508380927945,-0.12842360482519405,False,False
Microsoft Corporation,2022-07-08,2022-07-14,4,down,flat,0.3618305223254552,0.4011667953881153,0.2370026822864295,0.3618305223254552,-0.039336273062660077,False,False
Microsoft Corporation,2022-07-11,2022-07-15,4,down,flat,0.34566016148903145,0.38496163873863964,0.2693781997723288,0.34566016148903145,-0.0393014772496082,False,False
Microsoft Corporation,2022-07-12,2022-07-18,4,flat,flat,0.35114822944279145,0.4057362944532503,0.24311547610395823,0.35114822944279145,-0.054588065010458875,False,True
Microsoft Corporation,2022-07-13,2022-07-19,4,up,flat,0.31090583315416664,0.4343395167729256,0.25475465007290776,0.31090583315416664,-0.12343368361875895,False,False
Microsoft Corporation,2022-07-14,2022-07-20,4,up,flat,0.26154986630001775,0.45355382462577953,0.2848963090742027,0.2848963090742027,-0.16865751555157682,False,False
Microsoft Corporation,2022-07-15,2022-07-21,4,flat,flat,0.26947377699718644,0.45707985263747986,0.2734463703653336,0.2734463703653336,-0.18363348227214626,False,True
Microsoft Corporation,2022-07-18,2022-07-22,4,flat,flat,0.29962878368589485,0.43328786727445934,0.26708334903964576,0.29962878368589485,-0.1336590835885645,False,True
Microsoft Corporation,2022-07-19,2022-07-25,4,flat,flat,0.31014802778688627,0.41863487788472253,0.2712170943283912,0.31014802778688627,-0.10848685009783626,False,True
Microsoft Corporation,2022-07-20,2022-07-26,4,down,flat,0.27438475725794687,0.44767467257093374,0.2779405701711194,0.2779405701711194,-0.16973410239981435,False,False
Microsoft Corporation,2022-07-21,2022-07-27,4,flat,flat,0.303130730910561,0.4110786232156708,0.2857906458737681,0.303130730910561,-0.10794789230510982,False,True
Microsoft Corporation,2022-07-22,2022-07-28,4,up,flat,0.22976730825901354,0.4327936271496673,0.33743906459131906,0.33743906459131906,-0.09535456255834823,False,False
Microsoft Corporation,2022-07-25,2022-07-29,4,up,flat,0.22056613078680715,0.44558720553306885,0.3338466636801237,0.3338466636801237,-0.11174054185294513,False,False
Microsoft Corporation,2022-07-26,2022-08-01,4,up,flat,0.26718684690885425,0.43185582906359415,0.3009573240275514,0.3009573240275514,-0.13089850503604278,False,False
Microsoft Corporation,2022-07-27,2022-08-02,4,up,flat,0.2333790773164098,0.4231054729997975,0.3435154496837927,0.3435154496837927,-0.07959002331600479,False,False
Microsoft Corporation,2022-07-28,2022-08-03,4,up,flat,0.25189663532607137,0.4612954988139738,0.2868078658599547,0.2868078658599547,-0.1744876329540191,False,False
Microsoft Corporation,2022-07-29,2022-08-04,4,flat,flat,0.31528389495056275,0.41531897756083547,0.2693971274886018,0.31528389495056275,-0.10003508261027272,False,True
Microsoft Corporation,2022-08-01,2022-08-05,4,flat,down,0.40165204036665136,0.3518297148350972,0.2465182447982514,0.40165204036665136,0.04982232553155419,True,False
Microsoft Corporation,2022-08-02,2022-08-08,4,up,down,0.41247012466256017,0.3485081480377574,0.2390217272996823,0.41247012466256017,0.06396197662480274,True,False
Microsoft Corporation,2022-08-03,2022-08-09,4,flat,flat,0.29864375813175964,0.44561673425468423,0.25573950761355607,0.29864375813175964,-0.1469729761229246,False,True
Microsoft Corporation,2022-08-04,2022-08-10,4,up,flat,0.27537214604081706,0.48910328516539137,0.2355245687937914,0.27537214604081706,-0.2137311391245743,False,False
Microsoft Corporation,2022-08-05,2022-08-11,4,up,flat,0.32065832306045117,0.4371704793388298,0.24217119760071892,0.32065832306045117,-0.11651215627837863,False,False
Microsoft Corporation,2022-08-08,2022-08-12,4,up,flat,0.32486696867523257,0.44637432403657945,0.2287587072881878,0.32486696867523257,-0.12150735536134688,False,False
Microsoft Corporation,2022-08-09,2022-08-15,4,up,flat,0.3861696704616189,0.3913283610053371,0.2225019685330439,0.3861696704616189,-0.005158690543718203,False,False
Microsoft Corporation,2022-08-10,2022-08-16,4,flat,flat,0.2828701134292149,0.4842547946881952,0.2328750918825897,0.2828701134292149,-0.2013846812589803,False,True
Microsoft Corporation,2022-08-11,2022-08-17,4,flat,flat,0.34462483430819424,0.44259725952652484,0.2127779061652808,0.34462483430819424,-0.0979724252183306,False,True
Microsoft Corporation,2022-08-12,2022-08-18,4,flat,flat,0.3461821672046473,0.4410155503448724,0.21280228245048013,0.3461821672046473,-0.0948333831402251,False,True
Microsoft Corporation,2022-08-15,2022-08-19,4,down,flat,0.3151972361176791,0.48120642083081794,0.20359634305150287,0.3151972361176791,-0.16600918471313886,False,False
Microsoft Corporation,2022-08-16,2022-08-22,4,down,flat,0.3828774290472823,0.391105491431162,0.22601707952155564,0.3828774290472823,-0.008228062383879742,False,False
Microsoft Corporation,2022-08-17,2022-08-23,4,down,flat,0.33935922444893074,0.386183337546372,0.27445743800469713,0.33935922444893074,-0.04682411309744128,False,False
Microsoft Corporation,2022-08-18,2022-08-24,4,down,flat,0.3342293174858692,0.37508444980060873,0.29068623271352206,0.3342293174858692,-0.04085513231473953,False,False
Microsoft Corporation,2022-08-19,2022-08-25,4,down,flat,0.353889163971457,0.35423666336469,0.29187417266385296,0.353889163971457,-0.0003474993932330306,False,False
Microsoft Corporation,2022-08-22,2022-08-26,4,down,down,0.36047969458207285,0.3463620263761251,0.29315827904180214,0.36047969458207285,0.014117668205947731,True,True
Microsoft Corporation,2022-08-23,2022-08-29,4,down,up,0.2826152082652432,0.3558019656067627,0.36158282612799403,0.36158282612799403,0.005780860521231335,True,False
Microsoft Corporation,2022-08-24,2022-08-30,4,down,up,0.2787553805938715,0.3464143512545762,0.3748302681515522,0.3748302681515522,0.02841591689697598,True,False
Microsoft Corporation,2022-08-25,2022-08-31,4,down,up,0.24098649572603986,0.36708296037318766,0.3919305439007724,0.3919305439007724,0.02484758352758476,True,False
Microsoft Corporation,2022-08-26,2022-09-01,4,down,flat,0.3000852377710901,0.35690717224389307,0.3430075899850167,0.3430075899850167,-0.013899582258876386,False,False
Microsoft Corporation,2022-08-29,2022-09-02,4,down,up,0.3252420720417458,0.3278619972193625,0.3468959307388916,0.3468959307388916,0.01903393351952909,True,False
Microsoft Corporation,2022-08-30,2022-09-06,4,down,up,0.29351095910770614,0.3283291137867768,0.37815992710551694,0.37815992710551694,0.04983081331874012,True,False
Microsoft Corporation,2022-08-31,2022-09-07,4,down,up,0.29259214444553183,0.33937342572814677,0.3680344298263213,0.3680344298263213,0.028661004098174514,True,False
Microsoft Corporation,2022-09-01,2022-09-08,4,flat,up,0.3234920987443225,0.3352129183839161,0.3412949828717613,0.3412949828717613,0.006082064487845207,True,False
Microsoft Corporation,2022-09-02,2022-09-09,4,flat,flat,0.30666584189352264,0.3573667092279297,0.33596744887854774,0.33596744887854774,-0.021399260349381943,False,True
Microsoft Corporation,2022-09-06,2022-09-12,4,up,down,0.3696378186314301,0.35467837993055584,0.2756838014380141,0.3696378186314301,0.014959438700874239,True,False
Microsoft Corporation,2022-09-07,2022-09-13,4,flat,flat,0.3305860753805505,0.39382045798369814,0.27559346663575135,0.3305860753805505,-0.06323438260314762,False,True
Microsoft Corporation,2022-09-08,2022-09-14,4,down,flat,0.3380535033037126,0.40980116709168046,0.25214532960460684,0.3380535033037126,-0.07174766378796787,False,False
Microsoft Corporation,2022-09-09,2022-09-15,4,down,flat,0.3337522359714735,0.4193013758440402,0.24694638818448603,0.3337522359714735,-0.08554913987256668,False,False
Microsoft Corporation,2022-09-12,2022-09-16,4,down,flat,0.3266760683344579,0.38968199101093526,0.2836419406546067,0.3266760683344579,-0.06300592267647737,False,False
Microsoft Corporation,2022-09-13,2022-09-19,4,down,down,0.4416931961149841,0.3607957749683206,0.1975110289166952,0.4416931961149841,0.08089742114666348,True,True
Microsoft Corporation,2022-09-14,2022-09-20,4,down,flat,0.32098628302121057,0.42673763963115485,0.2522760773476345,0.32098628302121057,-0.10575135660994428,False,False
Microsoft Corporation,2022-09-15,2022-09-21,4,down,flat,0.3170075281195101,0.4288342601137922,0.2541582117666976,0.3170075281195101,-0.11182673199428211,False,False
Microsoft Corporation,2022-09-16,2022-09-22,4,down,flat,0.2716916743997657,0.4189144589950827,0.30939386660515156,0.30939386660515156,-0.10952059238993112,False,False
Microsoft Corporation,2022-09-19,2022-09-23,4,down,flat,0.24158570913506325,0.45904631889021386,0.29936797197472276,0.29936797197472276,-0.1596783469154911,False,False
Microsoft Corporation,2022-09-20,2022-09-26,4,flat,flat,0.30630142296769425,0.4168340204982983,0.2768645565340073,0.30630142296769425,-0.11053259753060407,False,True
Microsoft Corporation,2022-09-21,2022-09-27,4,down,flat,0.32188108575446817,0.4172006006229163,0.26091831362261564,0.32188108575446817,-0.09531951486844814,False,False
Microsoft Corporation,2022-09-22,2022-09-28,4,flat,flat,0.3067670694071075,0.4257199783909556,0.2675129522019368,0.3067670694071075,-0.11895290898384808,False,True
Microsoft Corporation,2022-09-23,2022-09-29,4,flat,flat,0.28037374183777836,0.4392604438318469,0.2803658143303746,0.28037374183777836,-0.15888670199406857,False,True
Microsoft Corporation,2022-09-26,2022-09-30,4,flat,flat,0.21527619242666296,0.47485811197404393,0.309865695599293,0.309865695599293,-0.16499241637475093,False,True
Microsoft Corporation,2022-09-27,2022-10-03,4,flat,flat,0.21214406981592157,0.479546442682835,0.3083094875012432,0.3083094875012432,-0.17123695518159177,False,True
Microsoft Corporation,2022-09-28,2022-10-04,4,up,flat,0.21408582581364247,0.46956064858964075,0.3163535255967166,0.3163535255967166,-0.15320712299292416,False,False
Microsoft Corporation,2022-09-29,2022-10-05,4,up,flat,0.22804813127526796,0.4650121862995925,0.30693968242513936,0.30693968242513936,-0.15807250387445315,False,False
Microsoft Corporation,2022-09-30,2022-10-06,4,up,flat,0.23491418974894557,0.45711302891783245,0.30797278133322187,0.30797278133322187,-0.14914024758461059,False,False
Microsoft Corporation,2022-10-03,2022-10-07,4,flat,flat,0.20035848615392365,0.4730897775869656,0.3265517362591107,0.3265517362591107,-0.14653804132785486,False,True
Microsoft Corporation,2022-10-04,2022-10-10,4,down,flat,0.20400852293218524,0.47558676179455406,0.32040471527326053,0.32040471527326053,-0.15518204652129353,False,False
Microsoft Corporation,2022-10-05,2022-10-11,4,down,flat,0.2731528464573385,0.4585343847364043,0.2683127688062572,0.2731528464573385,-0.18538153827906578,False,False
Microsoft Corporation,2022-10-06,2022-10-12,4,down,flat,0.26983564133459936,0.42944444103146384,0.3007199176339367,0.3007199176339367,-0.12872452339752716,False,False
Microsoft Corporation,2022-10-07,2022-10-13,4,down,flat,0.3422903761075333,0.40995693575117276,0.24775268814129386,0.3422903761075333,-0.06766655964363943,False,False
Microsoft Corporation,2022-10-10,2022-10-14,4,flat,flat,0.22597473926319017,0.4498204557922181,0.3242048049445918,0.3242048049445918,-0.12561565084762627,False,True
Microsoft Corporation,2022-10-11,2022-10-17,4,up,flat,0.1651915635443378,0.47067054291037613,0.364137893545286,0.364137893545286,-0.10653264936509016,False,False
Microsoft Corporation,2022-10-12,2022-10-18,4,up,flat,0.14714864401690037,0.49665515266074645,0.35619620332235313,0.35619620332235313,-0.1404589493383933,False,False
Microsoft Corporation,2022-10-13,2022-10-19,4,up,flat,0.20816778488780396,0.46196107918442686,0.32987113592776907,0.32987113592776907,-0.1320899432566578,False,False
Microsoft Corporation,2022-10-14,2022-10-20,4,flat,flat,0.2416704362426248,0.5079971156010876,0.2503324481562875,0.2503324481562875,-0.2576646674448001,False,True
Microsoft Corporation,2022-10-17,2022-10-21,4,flat,flat,0.30256587181595906,0.46529577457267074,0.2321383536113702,0.30256587181595906,-0.16272990275671168,False,True
Microsoft Corporation,2022-10-18,2022-10-24,4,flat,flat,0.31705963071337706,0.4543878624568194,0.22855250682980352,0.31705963071337706,-0.13732823174344233,False,True
Microsoft Corporation,2022-10-19,2022-10-25,4,up,flat,0.34200400488499283,0.44225471468518673,0.21574128042982038,0.34200400488499283,-0.1002507098001939,False,False
Microsoft Corporation,2022-10-20,2022-10-26,4,flat,flat,0.2752898167722587,0.4770018652420648,0.2477083179856766,0.2752898167722587,-0.20171204846980606,False,True
Microsoft Corporation,2022-10-21,2022-10-27,4,down,flat,0.24276241300278426,0.4986318427289328,0.25860574426828276,0.25860574426828276,-0.24002609846065004,False,False
Microsoft Corporation,2022-10-24,2022-10-28,4,down,flat,0.20643268894448638,0.5212004867495194,0.27236682430599424,0.27236682430599424,-0.24883366244352512,False,False
Microsoft Corporation,2022-10-25,2022-10-31,4,down,flat,0.24965727146867844,0.4683410057975629,0.28200172273375856,0.28200172273375856,-0.18633928306380432,False,False
Microsoft Corporation,2022-10-26,2022-11-01,4,flat,flat,0.39931562109378593,0.42276768173967816,0.1779166971665357,0.39931562109378593,-0.023452060645892225,False,True
Microsoft Corporation,2022-10-27,2022-11-02,4,flat,flat,0.23046641305581955,0.5023125596704696,0.2672210272737108,0.2672210272737108,-0.23509153239675884,False,True
Microsoft Corporation,2022-10-28,2022-11-03,4,down,flat,0.22479731601840375,0.5461085194555123,0.22909416452608378,0.22909416452608378,-0.31701435492942853,False,False
Microsoft Corporation,2022-10-31,2022-11-04,4,down,flat,0.19688835350837258,0.5753759813525765,0.22773566513905097,0.22773566513905097,-0.34764031621352554,False,False
Microsoft Corporation,2022-11-01,2022-11-07,4,down,flat,0.22899011555491436,0.5311134960740522,0.23989638837103344,0.23989638837103344,-0.2912171077030188,False,False
Microsoft Corporation,2022-11-02,2022-11-08,4,flat,flat,0.30748589004788013,0.47367849361807957,0.21883561633404022,0.30748589004788013,-0.16619260357019944,False,True
Microsoft Corporation,2022-11-03,2022-11-09,4,up,flat,0.29676090940633093,0.49198496010840087,0.2112541304852682,0.29676090940633093,-0.19522405070206994,False,False
Microsoft Corporation,2022-11-04,2022-11-10,4,up,flat,0.2206411351277983,0.5395792276123588,0.2397796372598429,0.2397796372598429,-0.2997995903525159,False,False
Microsoft Corporation,2022-11-07,2022-11-11,4,up,flat,0.21797664660263832,0.5480892548950547,0.23393409850230698,0.23393409850230698,-0.3141551563927477,False,False
Microsoft Corporation,2022-11-08,2022-11-14,4,up,flat,0.26048331117963386,0.5308592115161658,0.2086574773042003,0.26048331117963386,-0.2703759003365319,False,False
Microsoft Corporation,2022-11-09,2022-11-15,4,up,flat,0.339517069505425,0.44410500011859494,0.21637793037598008,0.339517069505425,-0.10458793061316995,False,False
Microsoft Corporation,2022-11-10,2022-11-16,4,flat,flat,0.2581795030259842,0.48158161167781927,0.2602388852961966,0.2602388852961966,-0.22134272638162267,False,True
Microsoft Corporation,2022-11-11,2022-11-17,4,flat,flat,0.32202671786047676,0.47195845526407165,0.20601482687545153,0.32202671786047676,-0.1499317374035949,False,True
Microsoft Corporation,2022-11-14,2022-11-18,4,flat,flat,0.3767318928920832,0.4207530422083756,0.2025150648995412,0.3767318928920832,-0.04402114931629242,False,True
Microsoft Corporation,2022-11-15,2022-11-21,4,flat,flat,0.2640020424157619,0.5099985743322373,0.2259993832520008,0.2640020424157619,-0.24599653191647536,False,True
Microsoft Corporation,2022-11-16,2022-11-22,4,flat,flat,0.3121822821882798,0.49791027628135787,0.18990744153036215,0.3121822821882798,-0.18572799409307805,False,True
Microsoft Corporation,2022-11-17,2022-11-23,4,up,flat,0.293338671465139,0.5062638243805828,0.20039750415427815,0.293338671465139,-0.21292515291544384,False,False
Microsoft Corporation,2022-11-18,2022-11-25,4,flat,flat,0.24220740750481803,0.5414502960330222,0.2163422964621597,0.24220740750481803,-0.29924288852820413,False,True
Microsoft Corporation,2022-11-21,2022-11-28,4,flat,flat,0.26886004774871175,0.5581980105829888,0.17294194166829957,0.26886004774871175,-0.28933796283427704,False,True
Microsoft Corporation,2022-11-22,2022-11-29,4,flat,flat,0.26046945461297244,0.5582583111512611,0.18127223423576622,0.26046945461297244,-0.2977888565382887,False,True
Microsoft Corporation,2022-11-23,2022-11-30,4,flat,flat,0.286927060003625,0.5338610158221595,0.17921192417421544,0.286927060003625,-0.2469339558185345,False,True
Microsoft Corporation,2022-11-25,2022-12-01,4,up,flat,0.31429308207528706,0.5083632451681186,0.1773436727565943,0.31429308207528706,-0.19407016309283154,False,False
Microsoft Corporation,2022-11-28,2022-12-02,4,up,flat,0.37601793126618677,0.44326318198937714,0.18071888674443595,0.37601793126618677,-0.06724525072319038,False,False
Microsoft Corporation,2022-11-29,2022-12-05,4,up,flat,0.3210755379348964,0.45711461068723735,0.22180985137786619,0.3210755379348964,-0.13603907275234095,False,False
Microsoft Corporation,2022-11-30,2022-12-06,4,flat,flat,0.28769553508456497,0.4777024022972942,0.23460206261814087,0.28769553508456497,-0.19000686721272925,False,True
Microsoft Corporation,2022-12-01,2022-12-07,4,down,flat,0.2624106166166749,0.4782136512524432,0.2593757321308816,0.2624106166166749,-0.21580303463576828,False,False
Microsoft Corporation,2022-12-02,2022-12-08,4,down,flat,0.3410962290659282,0.4244247440624923,0.23447902687157957,0.3410962290659282,-0.08332851499656413,False,False
Microsoft Corporation,2022-12-05,2022-12-09,4,down,flat,0.3354378507248018,0.4231670724732507,0.2413950768019475,0.3354378507248018,-0.08772922174844888,False,False
Microsoft Corporation,2022-12-06,2022-12-12,4,flat,flat,0.32792866523436726,0.42947185750337313,0.2425994772622596,0.32792866523436726,-0.10154319226900588,False,True
Microsoft Corporation,2022-12-07,2022-12-13,4,up,flat,0.24057223206451556,0.42774760425664116,0.33168016367884334,0.33168016367884334,-0.09606744057779781,False,False
Microsoft Corporation,2022-12-08,2022-12-14,4,up,flat,0.20488206834315847,0.4580781732839278,0.3370397583729136,0.3370397583729136,-0.12103841491101419,False,False
Microsoft Corporation,2022-12-09,2022-12-15,4,up,flat,0.2248825043874865,0.41129618891048125,0.36382130670203205,0.36382130670203205,-0.0474748822084492,False,False
Microsoft Corporation,2022-12-12,2022-12-16,4,flat,flat,0.2036095272286188,0.4191931415071175,0.3771973312642637,0.3771973312642637,-0.041995810242853815,False,True
Microsoft Corporation,2022-12-13,2022-12-19,4,down,flat,0.19966567332164264,0.41409784504740543,0.3862364816309519,0.3862364816309519,-0.02786136341645351,False,False
Microsoft Corporation,2022-12-14,2022-12-20,4,down,flat,0.3269124080229114,0.3890044199236846,0.28408317205340405,0.3269124080229114,-0.062092011900773236,False,False
Microsoft Corporation,2022-12-15,2022-12-21,4,down,flat,0.3398180372004682,0.4240242730185837,0.23615768978094798,0.3398180372004682,-0.08420623581811548,False,False
Microsoft Corporation,2022-12-16,2022-12-22,4,down,flat,0.31539455504829583,0.4412065553901622,0.24339888956154185,0.31539455504829583,-0.12581200034186635,False,False
Microsoft Corporation,2022-12-19,2022-12-23,4,down,flat,0.20525890295929142,0.5012699745910802,0.29347112244962825,0.29347112244962825,-0.207798852141452,False,False
Microsoft Corporation,2022-12-20,2022-12-27,4,flat,flat,0.18137946355261003,0.4813511193227892,0.33726941712460073,0.33726941712460073,-0.14408170219818844,False,True
Microsoft Corporation,2022-12-21,2022-12-28,4,down,flat,0.1858756897118802,0.4876435830816027,0.32648072720651705,0.32648072720651705,-0.16116285587508566,False,False
Microsoft Corporation,2022-12-22,2022-12-29,4,flat,flat,0.25712627246372843,0.44542189560355216,0.29745183193271924,0.29745183193271924,-0.14797006367083293,False,True
Microsoft Corporation,2022-12-23,2022-12-30,4,flat,flat,0.27159351437037604,0.4297835782679561,0.29862290736166774,0.29862290736166774,-0.13116067090628836,False,True
Microsoft Corporation,2022-12-27,2023-01-03,4,flat,flat,0.27513386141394847,0.4287491870385574,0.2961169515474941,0.2961169515474941,-0.1326322354910633,False,True
Microsoft Corporation,2022-12-28,2023-01-04,4,down,flat,0.2585039379798554,0.4419468042826046,0.29954925773754004,0.29954925773754004,-0.14239754654506454,False,False
Microsoft Corporation,2022-12-29,2023-01-05,4,down,flat,0.1939076646615175,0.4791210033819187,0.3269713319565637,0.3269713319565637,-0.15214967142535502,False,False
Microsoft Corporation,2022-12-30,2023-01-06,4,down,flat,0.2182480179832621,0.4689330318934378,0.3128189501233001,0.3128189501233001,-0.15611408177013775,False,False
Microsoft Corporation,2023-01-03,2023-01-09,4,down,flat,0.2165383564160332,0.4883615314803108,0.2951001121036559,0.2951001121036559,-0.19326141937665492,False,False
Microsoft Corporation,2023-01-04,2023-01-10,4,flat,flat,0.3425618730259754,0.4196427735030731,0.23779535347095146,0.3425618730259754,-0.0770809004770977,False,True
Microsoft Corporation,2023-01-05,2023-01-11,4,up,flat,0.24192993717331096,0.4591961017690027,0.2988739610576863,0.2988739610576863,-0.1603221407113164,False,False
Microsoft Corporation,2023-01-06,2023-01-12,4,up,flat,0.2290765625556927,0.4756148360849023,0.29530860135940495,0.29530860135940495,-0.18030623472549734,False,False
Microsoft Corporation,2023-01-09,2023-01-13,4,up,flat,0.20488656913300357,0.5123149093062549,0.2827985215607414,0.2827985215607414,-0.22951638774551347,False,False
Microsoft Corporation,2023-01-10,2023-01-17,4,up,flat,0.26353140375465633,0.47972738307389606,0.2567412131714475,0.26353140375465633,-0.21619597931923973,False,False
Microsoft Corporation,2023-01-11,2023-01-18,4,flat,flat,0.28612286507539286,0.4879832037782488,0.22589393114635814,0.28612286507539286,-0.2018603387028559,False,True
Microsoft Corporation,2023-01-12,2023-01-19,4,flat,flat,0.31403410848131924,0.45693078575117296,0.22903510576750774,0.31403410848131924,-0.14289667726985372,False,True
Microsoft Corporation,2023-01-13,2023-01-20,4,flat,flat,0.2988208439362104,0.4432409019900626,0.25793825407372695,0.2988208439362104,-0.14442005805385222,False,True
Microsoft Corporation,2023-01-17,2023-01-23,4,flat,flat,0.25197157459970027,0.4603353145010589,0.2876931108992408,0.2876931108992408,-0.1726422036018181,False,True
Microsoft Corporation,2023-01-18,2023-01-24,4,flat,flat,0.2461738619694627,0.4819112956187919,0.2719148424117452,0.2719148424117452,-0.20999645320704674,False,True
Microsoft Corporation,2023-01-19,2023-01-25,4,flat,flat,0.24150108032394685,0.4528532531983235,0.3056456664777295,0.3056456664777295,-0.14720758672059397,False,True
Microsoft Corporation,2023-01-20,2023-01-26,4,up,flat,0.20498533819410375,0.46657429190990635,0.3284403698959897,0.3284403698959897,-0.13813392201391667,False,False
Microsoft Corporation,2023-01-23,2023-01-27,4,up,flat,0.21400784038903867,0.5135859952960014,0.27240616431496,0.27240616431496,-0.24117983098104134,False,False
Microsoft Corporation,2023-01-24,2023-01-30,4,flat,flat,0.2917480678840845,0.4627290244908736,0.24552290762504175,0.2917480678840845,-0.17098095660678908,False,True
Microsoft Corporation,2023-01-25,2023-01-31,4,up,flat,0.31122503102645677,0.4263441018143899,0.26243086715915315,0.31122503102645677,-0.11511907078793315,False,False
Microsoft Corporation,2023-01-26,2023-02-01,4,flat,flat,0.24295141648201193,0.49594881407036306,0.26109976944762486,0.26109976944762486,-0.2348490446227382,False,True
Microsoft Corporation,2023-01-27,2023-02-02,4,up,flat,0.27691578151242857,0.47743794532541783,0.24564627316215368,0.27691578151242857,-0.20052216381298926,False,False
Microsoft Corporation,2023-01-30,2023-02-03,4,up,flat,0.3201681398199114,0.4570259818707337,0.22280587830935492,0.3201681398199114,-0.1368578420508223,False,False
Microsoft Corporation,2023-01-31,2023-02-06,4,up,flat,0.26039726154452303,0.49594783223471517,0.2436549062207618,0.26039726154452303,-0.23555057069019214,False,False
Microsoft Corporation,2023-02-01,2023-02-07,4,up,flat,0.2890848768667065,0.4884602825311285,0.22245484060216503,0.2890848768667065,-0.19937540566442202,False,False
Microsoft Corporation,2023-02-02,2023-02-08,4,up,flat,0.2591922433002676,0.45857094965839595,0.28223680704133625,0.28223680704133625,-0.1763341426170597,False,False
Microsoft Corporation,2023-02-03,2023-02-09,4,up,flat,0.38131669445544,0.41277020863400615,0.20591309691055387,0.38131669445544,-0.03145351417856618,False,False
Microsoft Corporation,2023-02-06,2023-02-10,4,flat,flat,0.38577593437249946,0.40026273092655473,0.21396133470094575,0.38577593437249946,-0.01448679655405527,False,True
Microsoft Corporation,2023-02-07,2023-02-13,4,up,flat,0.3058730582438314,0.4630768359681366,0.23105010578803203,0.3058730582438314,-0.15720377772430522,False,False
Microsoft Corporation,2023-02-08,2023-02-14,4,flat,flat,0.31989823496244124,0.46186366179667143,0.21823810324088733,0.31989823496244124,-0.1419654268342302,False,True
Microsoft Corporation,2023-02-09,2023-02-15,4,flat,flat,0.36084380611118083,0.4347508263962172,0.2044053674926018,0.36084380611118083,-0.07390702028503637,False,True
Microsoft Corporation,2023-02-10,2023-02-16,4,flat,flat,0.36362136936171596,0.44215314856567145,0.19422548207261242,0.36362136936171596,-0.07853177920395549,False,True
Microsoft Corporation,2023-02-13,2023-02-17,4,down,flat,0.319635470690393,0.47992232552939273,0.20044220378021413,0.319635470690393,-0.16028685483899974,False,False
Microsoft Corporation,2023-02-14,2023-02-21,4,down,flat,0.3471500711111629,0.48190817993480556,0.17094174895403144,0.3471500711111629,-0.13475810882364264,False,False
Microsoft Corporation,2023-02-15,2023-02-22,4,down,flat,0.3976679825201459,0.40690347566080853,0.19542854181904545,0.3976679825201459,-0.009235493140662632,False,False
Microsoft Corporation,2023-02-16,2023-02-23,4,down,down,0.4120769318187444,0.38023959840781796,0.20768346977343766,0.4120769318187444,0.03183733341092643,True,True
Microsoft Corporation,2023-02-17,2023-02-24,4,down,down,0.40524643644821806,0.4027927612693484,0.1919608022824335,0.40524643644821806,0.0024536751788696853,True,True
Microsoft Corporation,2023-02-21,2023-02-27,4,flat,flat,0.3495980840043367,0.45235408550007306,0.19804783049559027,0.3495980840043367,-0.10275600149573638,False,True
Microsoft Corporation,2023-02-22,2023-02-28,4,flat,flat,0.3136167567861165,0.46035715981696634,0.2260260833969172,0.3136167567861165,-0.14674040303084984,False,True
Microsoft Corporation,2023-02-23,2023-03-01,4,down,flat,0.30947666624987,0.47122179391329316,0.2193015398368367,0.30947666624987,-0.16174512766342314,False,False
Microsoft Corporation,2023-02-24,2023-03-02,4,flat,flat,0.3505887630901554,0.4404653348586583,0.2089459020511863,0.3505887630901554,-0.08987657176850289,False,True
Microsoft Corporation,2023-02-27,2023-03-03,4,flat,flat,0.3220431795369597,0.4439931105825804,0.23396370988045986,0.3220431795369597,-0.12194993104562069,False,True
Microsoft Corporation,2023-02-28,2023-03-06,4,up,flat,0.341271275543985,0.4277188813119782,0.23100984314403675,0.341271275543985,-0.08644760576799321,False,False
Microsoft Corporation,2023-03-01,2023-03-07,4,up,flat,0.302457148243413,0.44444619582043465,0.25309665593615216,0.302457148243413,-0.14198904757702163,False,False
Microsoft Corporation,2023-03-02,2023-03-08,4,flat,flat,0.26854573323802367,0.4252828620024726,0.30617140475950366,0.30617140475950366,-0.11911145724296895,False,True
Microsoft Corporation,2023-03-03,2023-03-09,4,flat,flat,0.23405481706377707,0.4558351675201794,0.3101100154160433,0.3101100154160433,-0.14572515210413606,False,True
Microsoft Corporation,2023-03-06,2023-03-10,4,down,flat,0.23405952487693688,0.43599487798921743,0.3299455971338455,0.3299455971338455,-0.10604928085537191,False,False
Microsoft Corporation,2023-03-07,2023-03-13,4,down,flat,0.28589947661220716,0.41298458912974845,0.3011159342580443,0.3011159342580443,-0.11186865487170417,False,False
Microsoft Corporation,2023-03-08,2023-03-14,4,up,flat,0.2512553693019371,0.41512634138728954,0.3336182893107732,0.3336182893107732,-0.08150805207651635,False,False
Microsoft Corporation,2023-03-09,2023-03-15,4,up,flat,0.20764379488925122,0.45858384815624914,0.33377235695449936,0.33377235695449936,-0.12481149120174978,False,False
Microsoft Corporation,2023-03-10,2023-03-16,4,up,flat,0.20916956227038136,0.47239705071427884,0.3184333870153395,0.3184333870153395,-0.15396366369893932,False,False
Microsoft Corporation,2023-03-13,2023-03-17,4,up,flat,0.19088311869846739,0.45636282182971133,0.3527540594718209,0.3527540594718209,-0.1036087623578904,False,False
Microsoft Corporation,2023-03-14,2023-03-20,4,up,flat,0.1923554527649215,0.42738816554209813,0.38025638169298015,0.38025638169298015,-0.04713178384911798,False,False
Microsoft Corporation,2023-03-15,2023-03-21,4,up,up,0.22661846678576364,0.3835015893174038,0.38987994389683256,0.38987994389683256,0.006378354579428758,True,True
Microsoft Corporation,2023-03-16,2023-03-22,4,flat,flat,0.26047488003809793,0.3845954854159436,0.3549296345459583,0.3549296345459583,-0.029665850869985355,False,True
Microsoft Corporation,2023-03-17,2023-03-23,4,flat,flat,0.34472802019747484,0.3967834509535467,0.25848852884897844,0.34472802019747484,-0.052055430756071885,False,True
Microsoft Corporation,2023-03-20,2023-03-24,4,flat,down,0.4388869801791552,0.34315914597926145,0.21795387384158327,0.4388869801791552,0.09572783419989372,True,False
Microsoft Corporation,2023-03-21,2023-03-27,4,flat,flat,0.30685884244759976,0.42343333349391155,0.2697078240584885,0.30685884244759976,-0.11657449104631179,False,True
Microsoft Corporation,2023-03-22,2023-03-28,4,flat,flat,0.2881445833335952,0.4589054432657156,0.25294997340068903,0.2881445833335952,-0.17076085993212037,False,True
Microsoft Corporation,2023-03-23,2023-03-29,4,flat,flat,0.26256480474006183,0.48665987756189144,0.2507753176980464,0.26256480474006183,-0.2240950728218296,False,True
Microsoft Corporation,2023-03-24,2023-03-30,4,flat,flat,0.29703397559764,0.44713103999992826,0.2558349844024316,0.29703397559764,-0.15009706440228826,False,True
Microsoft Corporation,2023-03-27,2023-03-31,4,up,flat,0.3452470474338494,0.42211602952298827,0.23263692304316225,0.3452470474338494,-0.0768689820891389,False,False
Microsoft Corporation,2023-03-28,2023-04-03,4,up,down,0.38792733317849337,0.38691718011669074,0.22515548670481597,0.38792733317849337,0.0010101530618026322,True,False
Microsoft Corporation,2023-03-29,2023-04-04,4,up,flat,0.3082148789522381,0.4513557407083404,0.24042938033942135,0.3082148789522381,-0.1431408617561023,False,False
Microsoft Corporation,2023-03-30,2023-04-05,4,flat,flat,0.32117485160103193,0.4652122182212636,0.21361293017770427,0.32117485160103193,-0.14403736662023164,False,True
Microsoft Corporation,2023-03-31,2023-04-06,4,flat,flat,0.33279228726256604,0.44238220600454226,0.22482550673289153,0.33279228726256604,-0.10958991874197621,False,True
Microsoft Corporation,2023-04-03,2023-04-10,4,flat,flat,0.35552754664893077,0.42997893766073947,0.21449351569032962,0.35552754664893077,-0.0744513910118087,False,True
Microsoft Corporation,2023-04-04,2023-04-11,4,flat,flat,0.3749411672198606,0.4115695302780857,0.2134893025020536,0.3749411672198606,-0.03662836305822509,False,True
Microsoft Corporation,2023-04-05,2023-04-12,4,flat,flat,0.34729406872970653,0.4031693858580273,0.2495365454122661,0.34729406872970653,-0.05587531712832078,False,True
Microsoft Corporation,2023-04-06,2023-04-13,4,flat,flat,0.287950489924957,0.45157223616426123,0.26047727391078157,0.287950489924957,-0.16362174623930426,False,True
Microsoft Corporation,2023-04-10,2023-04-14,4,flat,flat,0.28077423412376734,0.4523723381847336,0.266853427691499,0.28077423412376734,-0.17159810406096626,False,True
Microsoft Corporation,2023-04-11,2023-04-17,4,up,flat,0.31662352938106075,0.3936293836669537,0.2897470869519854,0.31662352938106075,-0.07700585428589296,False,False
Microsoft Corporation,2023-04-12,2023-04-18,4,up,flat,0.2770103106827483,0.39081280709052746,0.33217688222672426,0.33217688222672426,-0.0586359248638032,False,False
Microsoft Corporation,2023-04-13,2023-04-19,4,flat,flat,0.24834371675825812,0.4148781006154303,0.33677818262631154,0.33677818262631154,-0.07809991798911875,False,True
Microsoft Corporation,2023-04-14,2023-04-20,4,flat,flat,0.263751948380518,0.4001567620048384,0.3360912896146435,0.3360912896146435,-0.06406547239019489,False,True
Microsoft Corporation,2023-04-17,2023-04-21,4,down,flat,0.269120488988735,0.38920220396760224,0.34167730704366256,0.34167730704366256,-0.047524896923939686,False,False
Microsoft Corporation,2023-04-18,2023-04-24,4,down,flat,0.2783037981696844,0.3902256433427276,0.3314705584875879,0.3314705584875879,-0.058755084855139694,False,False
Microsoft Corporation,2023-04-19,2023-04-25,4,down,up,0.28899354675944977,0.35424244015635675,0.3567640130841934,0.3567640130841934,0.0025215729278366683,True,False
Microsoft Corporation,2023-04-20,2023-04-26,4,up,up,0.298197964231156,0.31636904639999475,0.3854329893688493,0.3854329893688493,0.06906394296885454,True,True
Microsoft Corporation,2023-04-21,2023-04-27,4,up,up,0.3006311362753262,0.31487149038357753,0.3844973733410961,0.3844973733410961,0.06962588295751859,True,True
Microsoft Corporation,2023-04-24,2023-04-28,4,up,up,0.28975970274093926,0.31636925868348265,0.39387103857557815,0.39387103857557815,0.0775017798920955,True,True
Microsoft Corporation,2023-04-25,2023-05-01,4,up,up,0.27131347176480186,0.35756107294209927,0.3711254552930988,0.3711254552930988,0.013564382350999549,True,True
Microsoft Corporation,2023-04-26,2023-05-02,4,up,flat,0.19443425246386384,0.4512308169761827,0.3543349305599533,0.3543349305599533,-0.09689588641622943,False,False
Microsoft Corporation,2023-04-27,2023-05-03,4,flat,flat,0.2973029162766707,0.4228027291132479,0.2798943546100813,0.2973029162766707,-0.12549981283657718,False,True
Microsoft Corporation,2023-04-28,2023-05-04,4,flat,flat,0.3179949704334685,0.4003922874357624,0.2816127421307691,0.3179949704334685,-0.08239731700229386,False,True
Microsoft Corporation,2023-05-01,2023-05-05,4,flat,flat,0.3728229502089895,0.37502727928249036,0.2521497705085202,0.3728229502089895,-0.002204329073500877,False,True
Microsoft Corporation,2023-05-02,2023-05-08,4,flat,down,0.3996327016493312,0.36734143923204854,0.2330258591186204,0.3996327016493312,0.03229126241728264,True,False
Microsoft Corporation,2023-05-03,2023-05-09,4,flat,flat,0.3042775984132931,0.4173011459355342,0.2784212556511727,0.3042775984132931,-0.11302354752224109,False,True
Microsoft Corporation,2023-05-04,2023-05-10,4,flat,flat,0.281870842675302,0.4253834347062283,0.29274572261846954,0.29274572261846954,-0.13263771208775876,False,True
Microsoft Corporation,2023-05-05,2023-05-11,4,flat,flat,0.2756874292679259,0.46994307351268827,0.2543694972193858,0.2756874292679259,-0.19425564424476238,False,True
Microsoft Corporation,2023-05-08,2023-05-12,4,flat,flat,0.29787716414144244,0.4542795563946711,0.24784327946388635,0.29787716414144244,-0.15640239225322866,False,True
Microsoft Corporation,2023-05-09,2023-05-15,4,flat,flat,0.33983887871020413,0.41730852296066345,0.24285259832913234,0.33983887871020413,-0.07746964425045932,False,True
Microsoft Corporation,2023-05-10,2023-05-16,4,flat,flat,0.3203952248303783,0.45151854949596043,0.22808622567366119,0.3203952248303783,-0.13112332466558213,False,True
Microsoft Corporation,2023-05-11,2023-05-17,4,flat,flat,0.354402264861822,0.4150961023181119,0.23050163282006592,0.354402264861822,-0.06069383745628987,False,True
Microsoft Corporation,2023-05-12,2023-05-18,4,up,flat,0.32611042081024755,0.42546888363927626,0.24842069555047613,0.32611042081024755,-0.09935846282902872,False,False
Microsoft Corporation,2023-05-15,2023-05-19,4,up,flat,0.33247174915104116,0.4115388048169479,0.25598944603201085,0.33247174915104116,-0.07906705566590672,False,False
Microsoft Corporation,2023-05-16,2023-05-22,4,up,flat,0.3183194321948311,0.40775376143156106,0.2739268063736078,0.3183194321948311,-0.08943432923672995,False,False
Microsoft Corporation,2023-05-17,2023-05-23,4,up,flat,0.3083423242645535,0.40129600755893946,0.29036166817650677,0.3083423242645535,-0.09295368329438597,False,False
Microsoft Corporation,2023-05-18,2023-05-24,4,flat,flat,0.30959658989547156,0.42195507279884154,0.26844833730568674,0.30959658989547156,-0.11235848290336997,False,True
Microsoft Corporation,2023-05-19,2023-05-25,4,up,flat,0.3402686822067046,0.39054982774445257,0.26918149004884284,0.3402686822067046,-0.050281145537747984,False,False
Microsoft Corporation,2023-05-22,2023-05-26,4,up,flat,0.2842108911995028,0.4229449889771024,0.2928441198233946,0.2928441198233946,-0.13010086915370783,False,False
Microsoft Corporation,2023-05-23,2023-05-30,4,up,up,0.27493502907835143,0.34589992216204524,0.3791650487596032,0.3791650487596032,0.03326512659755798,True,True
Microsoft Corporation,2023-05-24,2023-05-31,4,up,up,0.25962740763627695,0.28786023407362754,0.4525123582900955,0.4525123582900955,0.16465212421646797,True,True
Microsoft Corporation,2023-05-25,2023-06-01,4,up,up,0.22078301562021005,0.3385789574552876,0.4406380269245024,0.4406380269245024,0.10205906946921478,True,True
Microsoft Corporation,2023-05-26,2023-06-02,4,up,flat,0.2517089657750249,0.41788871128434824,0.33040232294062666,0.33040232294062666,-0.08748638834372158,False,False
Microsoft Corporation,2023-05-30,2023-06-05,4,flat,flat,0.2796352441479674,0.41258765629200383,0.30777709956002847,0.30777709956002847,-0.10481055673197537,False,True
Microsoft Corporation,2023-05-31,2023-06-06,4,flat,down,0.36651223040338243,0.33297432376182706,0.3005134458347903,0.36651223040338243,0.03353790664155537,True,False
Microsoft Corporation,2023-06-01,2023-06-07,4,flat,flat,0.3393867813520926,0.38139583397663457,0.2792173846712727,0.3393867813520926,-0.042009052624541965,False,True
Microsoft Corporation,2023-06-02,2023-06-08,4,down,flat,0.23503873765730957,0.4758642645936777,0.28909699774901254,0.28909699774901254,-0.18676726684466516,False,False
Microsoft Corporation,2023-06-05,2023-06-09,4,down,flat,0.2552314647808172,0.4668767530266929,0.2778917821924897,0.2778917821924897,-0.18898497083420318,False,False
Microsoft Corporation,2023-06-06,2023-06-12,4,down,flat,0.2754654948622002,0.415237685352122,0.3092968197856777,0.3092968197856777,-0.10594086556644433,False,False
Microsoft Corporation,2023-06-07,2023-06-13,4,up,down,0.35550366884405105,0.348631095269882,0.295865235886067,0.35550366884405105,0.006872573574169039,True,False
Microsoft Corporation,2023-06-08,2023-06-14,4,up,flat,0.30574220345746955,0.3783598678774549,0.3158979286650754,0.3158979286650754,-0.062461939212379525,False,False
Microsoft Corporation,2023-06-09,2023-06-15,4,up,flat,0.2565831153374218,0.41876202021612896,0.32465486444644914,0.32465486444644914,-0.09410715576967982,False,False
Microsoft Corporation,2023-06-12,2023-06-16,4,up,flat,0.264148429165484,0.43063733712545194,0.3052142337090639,0.3052142337090639,-0.12542310341638802,False,False
Microsoft Corporation,2023-06-13,2023-06-20,4,flat,flat,0.23210310752617608,0.4506206411855513,0.3172762512882725,0.3172762512882725,-0.13334438989727876,False,True
Microsoft Corporation,2023-06-14,2023-06-21,4,flat,flat,0.26135678923509503,0.42823979805493556,0.3104034127099693,0.3104034127099693,-0.11783638534496627,False,True
Microsoft Corporation,2023-06-15,2023-06-22,4,down,flat,0.25396164455996956,0.39759822287952706,0.3484401325605033,0.3484401325605033,-0.04915809031902374,False,False
Microsoft Corporation,2023-06-16,2023-06-23,4,down,flat,0.27385879075316166,0.41197704046694533,0.31416416877989295,0.31416416877989295,-0.09781287168705238,False,False
Microsoft Corporation,2023-06-20,2023-06-26,4,down,flat,0.2843884149245229,0.4042118741555741,0.31139971091990293,0.31139971091990293,-0.09281216323567115,False,False
Microsoft Corporation,2023-06-21,2023-06-27,4,flat,flat,0.25531805909999566,0.37307293688953164,0.37160900401047264,0.37160900401047264,-0.0014639328790589934,False,True
Microsoft Corporation,2023-06-22,2023-06-28,4,flat,flat,0.21057290922754124,0.4226617381172537,0.36676535265520505,0.36676535265520505,-0.05589638546204867,False,True
Microsoft Corporation,2023-06-23,2023-06-29,4,flat,flat,0.23635175446535334,0.3871641874623295,0.37648405807231705,0.37648405807231705,-0.01068012939001245,False,True
Microsoft Corporation,2023-06-26,2023-06-30,4,up,up,0.2343595093683371,0.37581435658364093,0.3898261340480221,0.3898261340480221,0.014011777464381148,True,True
Microsoft Corporation,2023-06-27,2023-07-03,4,flat,flat,0.24902286274410396,0.39243711610445736,0.35854002115143857,0.35854002115143857,-0.03389709495301879,False,True
Microsoft Corporation,2023-06-28,2023-07-05,4,flat,flat,0.2260284236788625,0.4175732289466111,0.3563983473745263,0.3563983473745263,-0.06117488157208478,False,True
Microsoft Corporation,2023-06-29,2023-07-06,4,flat,flat,0.2434543631577932,0.38765760114546277,0.3688880356967441,0.3688880356967441,-0.01876956544871866,False,True
Microsoft Corporation,2023-06-30,2023-07-07,4,flat,flat,0.22836859139200502,0.39961601616061415,0.3720153924473806,0.3720153924473806,-0.027600623713233574,False,True
Microsoft Corporation,2023-07-03,2023-07-10,4,down,flat,0.23902077981728925,0.4121208433616419,0.3488583768210688,0.3488583768210688,-0.0632624665405731,False,False
Microsoft Corporation,2023-07-05,2023-07-11,4,down,flat,0.24461647594928154,0.38052802526806995,0.3748554987826484,0.3748554987826484,-0.005672526485421547,False,False
Microsoft Corporation,2023-07-06,2023-07-12,4,flat,up,0.22886484445589403,0.3843127741186555,0.38682238142545045,0.38682238142545045,0.0025096073067949476,True,False
Microsoft Corporation,2023-07-07,2023-07-13,4,flat,flat,0.22813752474024157,0.38911581379081106,0.3827466614689473,0.3827466614689473,-0.006369152321863747,False,True
Microsoft Corporation,2023-07-10,2023-07-14,4,up,up,0.24625131750652768,0.36126424964740533,0.392484432846067,0.392484432846067,0.031220183198661655,True,True
Microsoft Corporation,2023-07-11,2023-07-17,4,up,up,0.22671450095683351,0.34677684053850766,0.4265086585046587,0.4265086585046587,0.07973181796615103,True,True
Microsoft Corporation,2023-07-12,2023-07-18,4,up,up,0.21129868057733822,0.37121579589136494,0.4174855235312967,0.4174855235312967,0.04626972763993176,True,True
Microsoft Corporation,2023-07-13,2023-07-19,4,up,flat,0.18901855790771638,0.42036208891607174,0.39061935317621194,0.39061935317621194,-0.029742735739859805,False,False
Microsoft Corporation,2023-07-14,2023-07-20,4,flat,up,0.20169245776859424,0.3858170208834483,0.4124905213479573,0.4124905213479573,0.026673500464508948,True,False
Microsoft Corporation,2023-07-17,2023-07-21,4,flat,flat,0.27120484194288513,0.3746840546329384,0.3541111034241764,0.3541111034241764,-0.020572951208762014,False,True
Microsoft Corporation,2023-07-18,2023-07-24,4,down,up,0.22639804637927433,0.38467850593372155,0.388923447687004,0.388923447687004,0.0042449417532824385,True,False
Microsoft Corporation,2023-07-19,2023-07-25,4,down,flat,0.23101977597816653,0.43823507039867354,0.3307451536231598,0.3307451536231598,-0.10748991677551373,False,False
Microsoft Corporation,2023-07-20,2023-07-26,4,down,flat,0.29131500198438653,0.3954148782230531,0.3132701197925602,0.3132701197925602,-0.0821447584304929,False,False
Microsoft Corporation,2023-07-21,2023-07-27,4,down,flat,0.3088692097278779,0.36227721077324493,0.3288535794988773,0.3288535794988773,-0.03342363127436765,False,False
Microsoft Corporation,2023-07-24,2023-07-28,4,down,flat,0.2528794837970172,0.43042032779919087,0.3167001884037919,0.3167001884037919,-0.11372013939539899,False,False
Microsoft Corporation,2023-07-25,2023-07-31,4,down,flat,0.2551051967234761,0.42456992214194544,0.3203248811345785,0.3203248811345785,-0.10424504100736692,False,False
Microsoft Corporation,2023-07-26,2023-08-01,4,flat,flat,0.32444833334257694,0.39550904562153216,0.2800426210358909,0.32444833334257694,-0.07106071227895522,False,True
Microsoft Corporation,2023-07-27,2023-08-02,4,flat,flat,0.2828500114677492,0.4227571885210968,0.294392800011154,0.294392800011154,-0.1283643885099428,False,True
Microsoft Corporation,2023-07-28,2023-08-03,4,down,flat,0.25876792018004385,0.45536582540943116,0.2858662544105249,0.2858662544105249,-0.16949957099890628,False,False
Microsoft Corporation,2023-07-31,2023-08-04,4,flat,flat,0.2683977704832149,0.4385253571297617,0.2930768723870234,0.2930768723870234,-0.1454484847427383,False,True
Microsoft Corporation,2023-08-01,2023-08-07,4,down,flat,0.24806509630413665,0.4180949562523565,0.3338399474435068,0.3338399474435068,-0.08425500880884967,False,False
Microsoft Corporation,2023-08-02,2023-08-08,4,flat,flat,0.30438677399017683,0.4078538582725473,0.2877593677372758,0.30438677399017683,-0.10346708428237045,False,True
Microsoft Corporation,2023-08-03,2023-08-09,4,flat,flat,0.28045523770547853,0.40431669064751385,0.3152280716470076,0.3152280716470076,-0.08908861900050624,False,True
Microsoft Corporation,2023-08-04,2023-08-10,4,flat,flat,0.24498476033527716,0.44052514848024316,0.31449009118447957,0.31449009118447957,-0.1260350572957636,False,True
Microsoft Corporation,2023-08-07,2023-08-11,4,down,flat,0.2636360695507008,0.40146062107627356,0.3349033093730256,0.3349033093730256,-0.06655731170324797,False,False
Microsoft Corporation,2023-08-08,2023-08-14,4,flat,flat,0.25311042881513246,0.3943882580023128,0.3525013131825547,0.3525013131825547,-0.04188694481975813,False,True
Microsoft Corporation,2023-08-09,2023-08-15,4,flat,flat,0.25673552206113315,0.3900485491423038,0.35321592879656294,0.35321592879656294,-0.03683262034574086,False,True
Microsoft Corporation,2023-08-10,2023-08-16,4,flat,flat,0.2553478218406042,0.4019599479353166,0.34269223022407913,0.34269223022407913,-0.059267717711237455,False,True
Microsoft Corporation,2023-08-11,2023-08-17,4,flat,flat,0.2648191103694918,0.3818618083308175,0.3533190812996907,0.3533190812996907,-0.028542727031126813,False,True
Microsoft Corporation,2023-08-14,2023-08-18,4,down,flat,0.22678388263655552,0.411096192396156,0.36211992496728834,0.36211992496728834,-0.04897626742886768,False,False
Microsoft Corporation,2023-08-15,2023-08-21,4,flat,flat,0.2511630920099095,0.3804098366492464,0.3684270713408441,0.3684270713408441,-0.011982765308402255,False,True
Microsoft Corporation,2023-08-16,2023-08-22,4,flat,up,0.25856820042562745,0.35323876648554775,0.3881930330888247,0.3881930330888247,0.03495426660327694,True,False
Microsoft Corporation,2023-08-17,2023-08-23,4,up,up,0.274138684009991,0.3159762398546715,0.40988507613533753,0.40988507613533753,0.09390883628066604,True,True
Microsoft Corporation,2023-08-18,2023-08-24,4,up,up,0.2900637825231224,0.3205083137678323,0.38942790370904523,0.38942790370904523,0.06891958994121294,True,True
Microsoft Corporation,2023-08-21,2023-08-25,4,flat,up,0.22082835594772796,0.37753715118936015,0.40163449286291186,0.40163449286291186,0.02409734167355171,True,False
Microsoft Corporation,2023-08-22,2023-08-28,4,flat,up,0.23175661533146608,0.3443746524070751,0.4238687322614587,0.4238687322614587,0.07949407985438361,True,False
Microsoft Corporation,2023-08-23,2023-08-29,4,flat,up,0.2636069823166812,0.33621535348018944,0.4001776642031292,0.4001776642031292,0.06396231072293979,True,False
Microsoft Corporation,2023-08-24,2023-08-30,4,flat,up,0.2763579493699479,0.35451739258869064,0.3691246580413614,0.3691246580413614,0.01460726545267077,True,False
Microsoft Corporation,2023-08-25,2023-08-31,4,up,up,0.27169322261085194,0.35533643844067486,0.37297033894847315,0.37297033894847315,0.017633900507798284,True,True
Microsoft Corporation,2023-08-28,2023-09-01,4,up,up,0.20794939168186183,0.3808084942616874,0.41124211405645067,0.41124211405645067,0.030433619794763278,True,True
Microsoft Corporation,2023-08-29,2023-09-05,4,up,up,0.2325773863773796,0.35542767540326686,0.4119949382193535,0.4119949382193535,0.05656726281608665,True,True
Microsoft Corporation,2023-08-30,2023-09-06,4,flat,up,0.21827419884236166,0.3634148041483018,0.41831099700933655,0.41831099700933655,0.054896192861034754,True,False
Microsoft Corporation,2023-08-31,2023-09-07,4,flat,up,0.261248567024326,0.31394150964615664,0.42480992332951717,0.42480992332951717,0.11086841368336053,True,False
Microsoft Corporation,2023-09-01,2023-09-08,4,flat,up,0.23714452330497993,0.3698501239848416,0.3930053527101784,0.3930053527101784,0.02315522872533682,True,False
Microsoft Corporation,2023-09-05,2023-09-11,4,up,up,0.22978114378749764,0.3742474307486196,0.3959714254638826,0.3959714254638826,0.021723994715262984,True,True
Microsoft Corporation,2023-09-06,2023-09-12,4,flat,up,0.21576171424357854,0.3845318340863248,0.3997064516700967,0.3997064516700967,0.015174617583771921,True,False
Microsoft Corporation,2023-09-07,2023-09-13,4,flat,up,0.25136037682591644,0.34146219679644474,0.4071774263776389,0.4071774263776389,0.06571522958119413,True,False
Microsoft Corporation,2023-09-08,2023-09-14,4,up,up,0.23992946454665984,0.36191953308504576,0.3981510023682943,0.3981510023682943,0.03623146928324855,True,True
Microsoft Corporation,2023-09-11,2023-09-15,4,down,up,0.2204852856819667,0.38054950625152867,0.3989652080665046,0.3989652080665046,0.018415701814975927,True,False
Microsoft Corporation,2023-09-12,2023-09-18,4,down,up,0.27257118281386206,0.35488259566001734,0.37254622152612044,0.37254622152612044,0.017663625866103094,True,False
Microsoft Corporation,2023-09-13,2023-09-19,4,down,up,0.27120646549097144,0.3309925078092873,0.3978010266997412,0.3978010266997412,0.06680851889045392,True,False
Microsoft Corporation,2023-09-14,2023-09-20,4,down,up,0.2625069206206161,0.33925348284211293,0.3982395965372708,0.3982395965372708,0.05898611369515788,True,False
Microsoft Corporation,2023-09-15,2023-09-21,4,down,up,0.32584633220606274,0.27871356314039164,0.3954401046535456,0.3954401046535456,0.11672654151315398,True,False
Microsoft Corporation,2023-09-18,2023-09-22,4,down,up,0.2867619747402529,0.317987656778496,0.39525036848125106,0.39525036848125106,0.07726271170275506,True,False
Microsoft Corporation,2023-09-19,2023-09-25,4,down,up,0.288590997798468,0.2988364376661786,0.4125725645353534,0.4125725645353534,0.11373612686917478,True,False
Microsoft Corporation,2023-09-20,2023-09-26,4,down,up,0.2808254734423764,0.3006933449158766,0.4184811816417471,0.4184811816417471,0.11778783672587045,True,False
Microsoft Corporation,2023-09-21,2023-09-27,4,down,up,0.23600920212918863,0.36997565221226214,0.3940151456585491,0.3940151456585491,0.024039493446286975,True,False
Microsoft Corporation,2023-09-22,2023-09-28,4,down,up,0.2512286020884774,0.350658933411525,0.39811246449999765,0.39811246449999765,0.04745353108847267,True,False
Microsoft Corporation,2023-09-25,2023-09-29,4,flat,up,0.27690013257842805,0.3234601306470962,0.3996397367744756,0.3996397367744756,0.0761796061273794,True,False
Microsoft Corporation,2023-09-26,2023-10-02,4,up,up,0.2560796033199524,0.35750781184823865,0.3864125848318089,0.3864125848318089,0.02890477298357025,True,True
Microsoft Corporation,2023-09-27,2023-10-03,4,flat,up,0.26760089662440445,0.35269787094583394,0.3797012324297616,0.3797012324297616,0.02700336148392768,True,False
Microsoft Corporation,2023-09-28,2023-10-04,4,flat,up,0.282667251929666,0.34492261357001075,0.3724101345003232,0.3724101345003232,0.027487520930312426,True,False
Microsoft Corporation,2023-09-29,2023-10-05,4,flat,up,0.24638491163977483,0.37540968247194834,0.3782054058882767,0.3782054058882767,0.0027957234163283884,True,False
Microsoft Corporation,2023-10-02,2023-10-06,4,flat,flat,0.2651315412427843,0.38849980412653273,0.34636865463068284,0.34636865463068284,-0.042131149495849896,False,True
Microsoft Corporation,2023-10-03,2023-10-09,4,up,flat,0.2952734315954034,0.3697126425945164,0.3350139258100801,0.3350139258100801,-0.03469871678443631,False,False
Microsoft Corporation,2023-10-04,2023-10-10,4,up,flat,0.2768830457148162,0.3730797477035337,0.3500372065816501,0.3500372065816501,-0.023042541121883586,False,False
Microsoft Corporation,2023-10-05,2023-10-11,4,up,flat,0.24129831347842223,0.3872048731947426,0.37149681332683504,0.37149681332683504,-0.015708059867907576,False,False
Microsoft Corporation,2023-10-06,2023-10-12,4,up,flat,0.24264570214650644,0.40563345764662895,0.3517208402068645,0.3517208402068645,-0.05391261743976444,False,False
Microsoft Corporation,2023-10-09,2023-10-13,4,flat,flat,0.2164497408736366,0.44047609995654663,0.34307415916981676,0.34307415916981676,-0.09740194078672987,False,True
Microsoft Corporation,2023-10-10,2023-10-16,4,flat,flat,0.23834418733399554,0.4198520838057467,0.3418037288602577,0.3418037288602577,-0.07804835494548895,False,True
Microsoft Corporation,2023-10-11,2023-10-17,4,flat,flat,0.240169806490522,0.412486400728853,0.347343792780625,0.347343792780625,-0.06514260794822802,False,True
Microsoft Corporation,2023-10-12,2023-10-18,4,flat,flat,0.28227706805149105,0.3825393047557566,0.33518362719275235,0.33518362719275235,-0.04735567756300424,False,True
Microsoft Corporation,2023-10-13,2023-10-19,4,flat,flat,0.27281372528163683,0.3731354517038493,0.35405082301451374,0.35405082301451374,-0.01908462868933558,False,True
Microsoft Corporation,2023-10-16,2023-10-20,4,flat,flat,0.24247710981489196,0.4001338334969444,0.35738905668816356,0.35738905668816356,-0.04274477680878086,False,True
Microsoft Corporation,2023-10-17,2023-10-23,4,flat,flat,0.2752143783208607,0.376898847103763,0.3478867745753762,0.3478867745753762,-0.02901207252838678,False,True
Microsoft Corporation,2023-10-18,2023-10-24,4,flat,flat,0.27471135288313825,0.3699424310196243,0.35534621609723727,0.35534621609723727,-0.014596214922387052,False,True
Microsoft Corporation,2023-10-19,2023-10-25,4,up,up,0.25706664915231686,0.3548821354863337,0.38805121536134957,0.38805121536134957,0.03316907987501588,True,True
Microsoft Corporation,2023-10-20,2023-10-26,4,flat,flat,0.3035415776941106,0.3586020410009829,0.3378563813049065,0.3378563813049065,-0.020745659696076446,False,True
Microsoft Corporation,2023-10-23,2023-10-27,4,flat,up,0.28459895171348526,0.3507130008971948,0.3646880473893198,0.3646880473893198,0.013975046492124998,True,False
Microsoft Corporation,2023-10-24,2023-10-30,4,flat,up,0.24634529724484133,0.3413120343026316,0.412342668452527,0.412342668452527,0.07103063414989541,True,False
Microsoft Corporation,2023-10-25,2023-10-31,4,down,flat,0.22506948107709385,0.4311780033115482,0.3437525156113578,0.3437525156113578,-0.08742548770019043,False,False
Microsoft Corporation,2023-10-26,2023-11-01,4,up,flat,0.32572764068636034,0.37229967512258455,0.30197268419105505,0.32572764068636034,-0.04657203443622421,False,False
Microsoft Corporation,2023-10-27,2023-11-02,4,up,flat,0.2843414341151098,0.3809999331263444,0.3346586327585457,0.3346586327585457,-0.04634130036779871,False,False
Microsoft Corporation,2023-10-30,2023-11-03,4,up,flat,0.23617013280707996,0.4428716810380117,0.3209581861549082,0.3209581861549082,-0.12191349488310355,False,False
Microsoft Corporation,2023-10-31,2023-11-06,4,up,flat,0.22942883799231195,0.4502233503104177,0.3203478116972702,0.3203478116972702,-0.1298755386131475,False,False
Microsoft Corporation,2023-11-01,2023-11-07,4,up,flat,0.2069449258272244,0.41594425745476193,0.3771108167180136,0.3771108167180136,-0.038833440736748326,False,False
Microsoft Corporation,2023-11-02,2023-11-08,4,up,flat,0.2152424024002444,0.4437668945554358,0.3409907030443197,0.3409907030443197,-0.10277619151111606,False,False
Microsoft Corporation,2023-11-03,2023-11-09,4,up,flat,0.24013455781065463,0.42489246995757024,0.33497297223177513,0.33497297223177513,-0.0899194977257951,False,False
Microsoft Corporation,2023-11-06,2023-11-10,4,up,flat,0.2372331912918377,0.4260235983364748,0.3367432103716874,0.3367432103716874,-0.08928038796478738,False,False
Microsoft Corporation,2023-11-07,2023-11-13,4,up,flat,0.2617036155811012,0.44841473386914243,0.28988165054975623,0.28988165054975623,-0.1585330833193862,False,False
Microsoft Corporation,2023-11-08,2023-11-14,4,up,flat,0.2765227976965176,0.4521246497420478,0.2713525525614344,0.2765227976965176,-0.1756018520455302,False,False
Microsoft Corporation,2023-11-09,2023-11-15,4,up,flat,0.3137105216829366,0.42235236186267855,0.26393711645438467,0.3137105216829366,-0.10864184017974193,False,False
Microsoft Corporation,2023-11-10,2023-11-16,4,up,flat,0.29708743597526577,0.46888707099157445,0.23402549303315945,0.29708743597526577,-0.17179963501630868,False,False
Microsoft Corporation,2023-11-13,2023-11-17,4,flat,flat,0.2899393665689273,0.486145156211517,0.22391547721955557,0.2899393665689273,-0.19620578964258967,False,True
Microsoft Corporation,2023-11-14,2023-11-20,4,flat,flat,0.3195150557707426,0.4615655117869605,0.21891943244229678,0.3195150557707426,-0.1420504560162179,False,True
Microsoft Corporation,2023-11-15,2023-11-21,4,flat,flat,0.3445618833116146,0.4348930786604451,0.2205450380279401,0.3445618833116146,-0.0903311953488305,False,True
Microsoft Corporation,2023-11-16,2023-11-22,4,flat,flat,0.34089841249652514,0.46383134900521006,0.1952702384982645,0.34089841249652514,-0.12293293650868492,False,True
Microsoft Corporation,2023-11-17,2023-11-24,4,up,down,0.3736164500393181,0.3732603686800896,0.2531231812805922,0.3736164500393181,0.0003560813592284884,True,False
Microsoft Corporation,2023-11-20,2023-11-27,4,flat,flat,0.3367061740316899,0.42792761634682464,0.23536620962148522,0.3367061740316899,-0.09122144231513474,False,True
Microsoft Corporation,2023-11-21,2023-11-28,4,up,flat,0.32943920878923594,0.42791718304721493,0.24264360816354888,0.32943920878923594,-0.098477974257979,False,False
Microsoft Corporation,2023-11-22,2023-11-29,4,flat,flat,0.31829342692392315,0.46322145417153954,0.2184851189045372,0.31829342692392315,-0.1449280272476164,False,True
Microsoft Corporation,2023-11-24,2023-11-30,4,flat,flat,0.3019797861393153,0.3761759902116535,0.3218442236490312,0.3218442236490312,-0.054331766562622286,False,True
Microsoft Corporation,2023-11-27,2023-12-01,4,flat,flat,0.29121703846705516,0.3661921493128917,0.34259081222005316,0.34259081222005316,-0.023601337092838515,False,True
Microsoft Corporation,2023-11-28,2023-12-04,4,down,flat,0.2814771268215711,0.3729421249926824,0.34558074818574636,0.34558074818574636,-0.027361376806936066,False,False
Microsoft Corporation,2023-11-29,2023-12-05,4,down,up,0.26010798879068997,0.35798186502707197,0.38191014618223795,0.38191014618223795,0.023928281155165987,True,False
Microsoft Corporation,2023-11-30,2023-12-06,4,down,up,0.23458743695361328,0.2966185723723588,0.4687939906740279,0.4687939906740279,0.1721754183016691,True,False
Microsoft Corporation,2023-12-01,2023-12-07,4,down,up,0.21214728157519774,0.2799459207457754,0.5079067976790268,0.5079067976790268,0.2279608769332514,True,False
Microsoft Corporation,2023-12-04,2023-12-08,4,flat,up,0.28060360985408667,0.3295957187618005,0.38980067138411295,0.38980067138411295,0.06020495262231246,True,False
Microsoft Corporation,2023-12-05,2023-12-11,4,flat,up,0.21225169521502707,0.3721082124845518,0.4156400923004212,0.4156400923004212,0.04353187981586942,True,False
Microsoft Corporation,2023-12-06,2023-12-12,4,flat,up,0.21256387692824108,0.3495997608358958,0.4378363622358632,0.4378363622358632,0.08823660139996742,True,False
Microsoft Corporation,2023-12-07,2023-12-13,4,up,up,0.23482112051314213,0.33457816264020845,0.4306007168466494,0.4306007168466494,0.09602255420644096,True,True
Microsoft Corporation,2023-12-08,2023-12-14,4,flat,up,0.2074195383042375,0.35225632454794364,0.44032413714781893,0.44032413714781893,0.08806781259987528,True,False
Microsoft Corporation,2023-12-11,2023-12-15,4,flat,up,0.2299562787849491,0.3271417111623011,0.44290201005274965,0.44290201005274965,0.11576029889044853,True,False
Microsoft Corporation,2023-12-12,2023-12-18,4,flat,up,0.1868623108777676,0.36563196180428126,0.4475057273179511,0.4475057273179511,0.08187376551366982,True,False
Microsoft Corporation,2023-12-13,2023-12-19,4,flat,up,0.19082214742273157,0.3392175780634361,0.46996027451383227,0.46996027451383227,0.13074269645039616,True,False
Microsoft Corporation,2023-12-14,2023-12-20,4,flat,up,0.24474745364427666,0.31833941679366484,0.4369131295620584,0.4369131295620584,0.11857371276839357,True,False
Microsoft Corporation,2023-12-15,2023-12-21,4,flat,up,0.23974276630735403,0.3053262582722581,0.45493097542038774,0.45493097542038774,0.14960471714812962,True,False
Microsoft Corporation,2023-12-18,2023-12-22,4,flat,up,0.20722674487289222,0.3620183641233804,0.4307548910037273,0.4307548910037273,0.06873652688034693,True,False
Microsoft Corporation,2023-12-19,2023-12-26,4,flat,up,0.20509532766810018,0.3415882302732513,0.45331644205864857,0.45331644205864857,0.11172821178539727,True,False
Microsoft Corporation,2023-12-20,2023-12-27,4,flat,up,0.2132183581823257,0.32666120197608056,0.4601204398415936,0.4601204398415936,0.13345923786551306,True,False
Microsoft Corporation,2023-12-21,2023-12-28,4,flat,up,0.20568540319886658,0.33619798476158275,0.4581166120395507,0.4581166120395507,0.12191862727796793,True,False
Microsoft Corporation,2023-12-22,2023-12-29,4,flat,up,0.20068417969689148,0.3160327003109604,0.48328311999214796,0.48328311999214796,0.16725041968118753,True,False
Microsoft Corporation,2023-12-26,2024-01-02,4,flat,up,0.20354011712204026,0.3061492747726732,0.4903106081052866,0.4903106081052866,0.18416133333261342,True,False
Microsoft Corporation,2023-12-27,2024-01-03,4,down,up,0.22862876711740576,0.2636277872037337,0.5077434456788606,0.5077434456788606,0.24411565847512695,True,False
Microsoft Corporation,2023-12-28,2024-01-04,4,down,up,0.20920359484832618,0.2728329271451939,0.5179634780064799,0.5179634780064799,0.245130550861286,True,False
Microsoft Corporation,2023-12-29,2024-01-05,4,down,up,0.2068523958474933,0.24482113442143416,0.5483264697310726,0.5483264697310726,0.3035053353096384,True,False
Microsoft Corporation,2024-01-02,2024-01-08,4,flat,up,0.23565810381276,0.25231948300812107,0.5120224131791189,0.5120224131791189,0.2597029301709978,True,False
Microsoft Corporation,2024-01-03,2024-01-09,4,flat,up,0.1686307068999921,0.21501877112695572,0.6163505219730522,0.6163505219730522,0.40133175084609646,True,False
Microsoft Corporation,2024-01-04,2024-01-10,4,up,up,0.17227356606940306,0.21241213171546536,0.6153143022151316,0.6153143022151316,0.40290217049966626,True,True
Microsoft Corporation,2024-01-05,2024-01-11,4,up,up,0.17059568308456982,0.21408421441598072,0.6153201024994495,0.6153201024994495,0.4012358880834688,True,True
Microsoft Corporation,2024-01-08,2024-01-12,4,up,up,0.16774439548178524,0.21945396805504708,0.6128016364631678,0.6128016364631678,0.3933476684081207,True,True
Microsoft Corporation,2024-01-09,2024-01-16,4,up,up,0.17531330758488575,0.21764819130474167,0.6070385011103725,0.6070385011103725,0.38939030980563083,True,True
Microsoft Corporation,2024-01-10,2024-01-17,4,up,up,0.15351378241135777,0.285056248801159,0.5614299687874833,0.5614299687874833,0.2763737199863243,True,True
Microsoft Corporation,2024-01-11,2024-01-18,4,up,up,0.17807502611491816,0.3251644987500499,0.49676047513503185,0.49676047513503185,0.17159597638498197,True,True
Microsoft Corporation,2024-01-12,2024-01-19,4,up,up,0.21266351172056813,0.29731919069824675,0.4900172975811852,0.4900172975811852,0.19269810688293842,True,True
Microsoft Corporation,2024-01-16,2024-01-22,4,up,up,0.2081762533308472,0.32561933831875955,0.46620440835039334,0.46620440835039334,0.14058507003163379,True,True
Microsoft Corporation,2024-01-17,2024-01-23,4,up,up,0.21691704698785783,0.27330927271055677,0.5097736803015855,0.5097736803015855,0.23646440759102877,True,True
Microsoft Corporation,2024-01-18,2024-01-24,4,up,up,0.17262553299361857,0.3717842720702075,0.455590194936174,0.455590194936174,0.0838059228659665,True,True
Microsoft Corporation,2024-01-19,2024-01-25,4,up,flat,0.1948115299683721,0.408828713369565,0.39635975666206275,0.39635975666206275,-0.012468956707502254,False,False
Microsoft Corporation,2024-01-22,2024-01-26,4,up,flat,0.23504299774412557,0.3893808602693756,0.3755761419864988,0.3755761419864988,-0.013804718282876771,False,False
Microsoft Corporation,2024-01-23,2024-01-29,4,up,flat,0.2381052988980885,0.3830384022262703,0.3788562988756412,0.3788562988756412,-0.004182103350629074,False,False
Microsoft Corporation,2024-01-24,2024-01-30,4,up,flat,0.2621697238201897,0.43796904544274073,0.29986123073706944,0.29986123073706944,-0.1381078147056713,False,False
Microsoft Corporation,2024-01-25,2024-01-31,4,flat,flat,0.27837020907666454,0.44107156667001446,0.28055822425332094,0.28055822425332094,-0.16051334241669352,False,True
Microsoft Corporation,2024-01-26,2024-02-01,4,flat,flat,0.28256700866178586,0.4017713875393078,0.3156616037989061,0.3156616037989061,-0.08610978374040168,False,True
Microsoft Corporation,2024-01-29,2024-02-02,4,flat,flat,0.2903973879671916,0.41545040600899286,0.2941522060238153,0.2941522060238153,-0.12129819998517755,False,True
Microsoft Corporation,2024-01-30,2024-02-05,4,flat,flat,0.31100065969495727,0.417934202412948,0.2710651378920946,0.31100065969495727,-0.10693354271799071,False,True
Microsoft Corporation,2024-01-31,2024-02-06,4,flat,down,0.35476520426175273,0.3395250261539295,0.3057097695843177,0.35476520426175273,0.015240178107823243,True,False
Microsoft Corporation,2024-02-01,2024-02-07,4,up,flat,0.29651599643647536,0.35921366782434355,0.3442703357391811,0.3442703357391811,-0.014943332085162464,False,False
Microsoft Corporation,2024-02-02,2024-02-08,4,up,flat,0.27070501752414167,0.41440171928416336,0.3148932631916949,0.3148932631916949,-0.09950845609246844,False,False
Microsoft Corporation,2024-02-05,2024-02-09,4,up,flat,0.2882134053808354,0.37927238509133077,0.3325142095278338,0.3325142095278338,-0.046758175563496984,False,False
Microsoft Corporation,2024-02-06,2024-02-12,4,up,flat,0.27668970663654974,0.3667494895212853,0.35656080384216493,0.35656080384216493,-0.010188685679120346,False,False
Microsoft Corporation,2024-02-07,2024-02-13,4,down,flat,0.23934671014504005,0.4080588966478651,0.3525943932070946,0.3525943932070946,-0.055464503440770474,False,False
Microsoft Corporation,2024-02-08,2024-02-14,4,down,flat,0.22928557861128557,0.422289464454842,0.3484249569338725,0.3484249569338725,-0.07386450752096951,False,False
Microsoft Corporation,2024-02-09,2024-02-15,4,down,flat,0.2183088936930489,0.425163973422138,0.356527132884813,0.356527132884813,-0.068636840537325,False,False
Microsoft Corporation,2024-02-12,2024-02-16,4,down,flat,0.2411140979187571,0.38465230520220384,0.37423359687903895,0.37423359687903895,-0.010418708323164882,False,False
Microsoft Corporation,2024-02-13,2024-02-20,4,flat,up,0.28326084837086224,0.33850235223056646,0.3782367993985712,0.3782367993985712,0.03973444716800473,True,False
Microsoft Corporation,2024-02-14,2024-02-21,4,down,up,0.19693967700952467,0.3752801457455731,0.4277801772449022,0.4277801772449022,0.05250003149932908,True,False
Microsoft Corporation,2024-02-15,2024-02-22,4,flat,up,0.23905854397419632,0.342758056493341,0.41818339953246264,0.41818339953246264,0.07542534303912163,True,False
Microsoft Corporation,2024-02-16,2024-02-23,4,up,up,0.23199861909848846,0.3449814529180041,0.42301992798350746,0.42301992798350746,0.07803847506550338,True,True
Microsoft Corporation,2024-02-20,2024-02-26,4,up,up,0.22535408719227853,0.35601225732041725,0.41863365548730413,0.41863365548730413,0.06262139816688689,True,True
Microsoft Corporation,2024-02-21,2024-02-27,4,up,up,0.22006561931814475,0.3405429811166891,0.43939139956516604,0.43939139956516604,0.09884841844847692,True,True
Microsoft Corporation,2024-02-22,2024-02-28,4,flat,up,0.1970091543082818,0.3637301720781494,0.4392606736135687,0.4392606736135687,0.07553050153541929,True,False
Microsoft Corporation,2024-02-23,2024-02-29,4,flat,up,0.17642598794326686,0.3901365432425746,0.43343746881415857,0.43343746881415857,0.04330092557158399,True,False
Microsoft Corporation,2024-02-26,2024-03-01,4,flat,up,0.20405872252025525,0.3471389571991925,0.4488023202805522,0.4488023202805522,0.1016633630813597,True,False
Microsoft Corporation,2024-02-27,2024-03-04,4,up,up,0.19875852746095848,0.3367445684444148,0.46449690409462674,0.46449690409462674,0.12775233565021193,True,True
Microsoft Corporation,2024-02-28,2024-03-05,4,flat,up,0.192811402112675,0.3508151671453599,0.45637343074196496,0.45637343074196496,0.10555826359660508,True,False
Microsoft Corporation,2024-02-29,2024-03-06,4,down,up,0.19585226428125155,0.3193530358035669,0.48479469991518154,0.48479469991518154,0.16544166411161465,True,False
Microsoft Corporation,2024-03-01,2024-03-07,4,down,up,0.17125821750559517,0.3733758403525721,0.4553659421418327,0.4553659421418327,0.08199010178926058,True,False
Microsoft Corporation,2024-03-04,2024-03-08,4,down,up,0.18486908666208532,0.3515973859788792,0.46353352735903547,0.46353352735903547,0.11193614138015628,True,False
Microsoft Corporation,2024-03-05,2024-03-11,4,down,up,0.22221215025457045,0.3254738642860511,0.4523139854593784,0.4523139854593784,0.12684012117332732,True,False
Microsoft Corporation,2024-03-06,2024-03-12,4,up,up,0.20921053145070262,0.3244324273684628,0.46635704118083454,0.46635704118083454,0.14192461381237176,True,True
Microsoft Corporation,2024-03-07,2024-03-13,4,up,up,0.17142053976939794,0.3707558824799963,0.4578235777506056,0.4578235777506056,0.08706769527060931,True,True
Microsoft Corporation,2024-03-08,2024-03-14,4,up,up,0.1998221882481807,0.3591950350950507,0.44098277665676855,0.44098277665676855,0.08178774156171786,True,True
Microsoft Corporation,2024-03-11,2024-03-15,4,up,up,0.19545701787476286,0.3424159372503598,0.46212704487487716,0.46212704487487716,0.11971110762451737,True,True
Microsoft Corporation,2024-03-12,2024-03-18,4,flat,up,0.19699942879746074,0.35563600745494506,0.447364563747594,0.447364563747594,0.09172855629264892,True,False
Microsoft Corporation,2024-03-13,2024-03-19,4,flat,flat,0.17143834930739238,0.41599263757853244,0.4125690131140751,0.4125690131140751,-0.00342362446445732,False,True
Microsoft Corporation,2024-03-14,2024-03-20,4,flat,up,0.18362443134284073,0.35835589430721154,0.4580196743499476,0.4580196743499476,0.09966378004273607,True,False
Microsoft Corporation,2024-03-15,2024-03-21,4,up,up,0.24548282440443026,0.330364038787196,0.42415313680837363,0.42415313680837363,0.09378909802117763,True,True
Microsoft Corporation,2024-03-18,2024-03-22,4,up,up,0.21788732812255288,0.372494707060461,0.40961796481698615,0.40961796481698615,0.03712325775652514,True,True
Microsoft Corporation,2024-03-19,2024-03-25,4,flat,up,0.18725765675195197,0.3846003401654155,0.4281420030826324,0.4281420030826324,0.043541662917216895,True,False
Microsoft Corporation,2024-03-20,2024-03-26,4,flat,up,0.16918744349946416,0.40789519613382785,0.42291736036670796,0.42291736036670796,0.015022164232880109,True,False
Microsoft Corporation,2024-03-21,2024-03-27,4,down,up,0.18791454318837114,0.4027940789326907,0.409291377878938,0.409291377878938,0.006497298946247287,True,False
Microsoft Corporation,2024-03-22,2024-03-28,4,down,up,0.22883134190012977,0.37770986812910323,0.3934587899707669,0.3934587899707669,0.015748921841663654,True,False
Microsoft Corporation,2024-03-25,2024-04-01,4,flat,up,0.2443976067504991,0.3524334834506521,0.4031689097988487,0.4031689097988487,0.050735426348196555,True,False
Microsoft Corporation,2024-03-26,2024-04-02,4,flat,up,0.22398645764995012,0.3571121466141044,0.41890139573594554,0.41890139573594554,0.06178924912184114,True,False
Microsoft Corporation,2024-03-27,2024-04-03,4,flat,up,0.23530801778979685,0.3527104743097325,0.41198150790047056,0.41198150790047056,0.05927103359073804,True,False
Microsoft Corporation,2024-03-28,2024-04-04,4,flat,up,0.2320511526997343,0.3448090714245392,0.4231397758757263,0.4231397758757263,0.07833070445118712,True,False
Microsoft Corporation,2024-04-01,2024-04-05,4,flat,up,0.20397262892775947,0.39465501584523527,0.40137235522700526,0.40137235522700526,0.006717339381769993,True,False
Microsoft Corporation,2024-04-02,2024-04-08,4,flat,up,0.2569031264523765,0.34499911562394026,0.39809775792368307,0.39809775792368307,0.053098642299742815,True,False
Microsoft Corporation,2024-04-03,2024-04-09,4,flat,up,0.23496776521931945,0.3466078982079325,0.41842433657274797,0.41842433657274797,0.0718164383648155,True,False
Microsoft Corporation,2024-04-04,2024-04-10,4,flat,up,0.23976797250838805,0.33441607919151234,0.42581594830009944,0.42581594830009944,0.0913998691085871,True,False
Microsoft Corporation,2024-04-05,2024-04-11,4,flat,up,0.23973559544586726,0.3271968548025017,0.4330675497516309,0.4330675497516309,0.10587069494912921,True,False
Microsoft Corporation,2024-04-08,2024-04-12,4,flat,up,0.2063495011073935,0.3342174396278556,0.45943305926475086,0.45943305926475086,0.12521561963689526,True,False
Microsoft Corporation,2024-04-09,2024-04-15,4,down,up,0.20705545746321125,0.3248893773828046,0.468055165153984,0.468055165153984,0.1431657877711794,True,False
Microsoft Corporation,2024-04-10,2024-04-16,4,down,up,0.20328507301784274,0.30915069692569686,0.4875642300564603,0.4875642300564603,0.17841353313076347,True,False
Microsoft Corporation,2024-04-11,2024-04-17,4,down,up,0.18395152109721052,0.3267961323917559,0.48925234651103355,0.48925234651103355,0.16245621411927763,True,False
Microsoft Corporation,2024-04-12,2024-04-18,4,down,up,0.20219834209927662,0.2893216320724886,0.5084800258282347,0.5084800258282347,0.21915839375574608,True,False
Microsoft Corporation,2024-04-15,2024-04-19,4,down,up,0.1633726524409163,0.2792394597789529,0.5573878877801308,0.5573878877801308,0.2781484280011779,True,False
Microsoft Corporation,2024-04-16,2024-04-22,4,down,up,0.19865951122461623,0.3006328446086928,0.5007076441666908,0.5007076441666908,0.200074799557998,True,False
Microsoft Corporation,2024-04-17,2024-04-23,4,down,up,0.20035194293863293,0.30149030901372587,0.4981577480476411,0.4981577480476411,0.19666743903391526,True,False
Microsoft Corporation,2024-04-18,2024-04-24,4,flat,up,0.20247537428507684,0.32904607681655373,0.4684785488983695,0.4684785488983695,0.13943247208181575,True,False
Microsoft Corporation,2024-04-19,2024-04-25,4,down,up,0.20499599680761993,0.32269640570993424,0.4723075974824458,0.4723075974824458,0.14961119177251153,True,False
Microsoft Corporation,2024-04-22,2024-04-26,4,up,up,0.2227303401863575,0.3177249476980792,0.45954471211556325,0.45954471211556325,0.14181976441748406,True,True
Microsoft Corporation,2024-04-23,2024-04-29,4,flat,up,0.20941426823281906,0.37639862466374113,0.4141871071034398,0.4141871071034398,0.03778848243969868,True,False
Microsoft Corporation,2024-04-24,2024-04-30,4,down,up,0.23377499911643074,0.3567845512990011,0.4094404495845681,0.4094404495845681,0.05265589828556699,True,False
Microsoft Corporation,2024-04-25,2024-05-01,4,flat,up,0.30376522883865315,0.3331095312689015,0.3631252398924453,0.3631252398924453,0.030015708623543746,True,False
Microsoft Corporation,2024-04-26,2024-05-02,4,down,up,0.21129463253098818,0.3903500793430844,0.39835528812592746,0.39835528812592746,0.008005208782843054,True,False
Microsoft Corporation,2024-04-29,2024-05-03,4,flat,flat,0.254582377487098,0.4012042227910815,0.3442133997218205,0.3442133997218205,-0.056990823069260954,False,True
Microsoft Corporation,2024-04-30,2024-05-06,4,up,flat,0.25282669674849156,0.3835634001378342,0.3636099031136742,0.3636099031136742,-0.019953497024159994,False,False
Microsoft Corporation,2024-05-01,2024-05-07,4,up,up,0.22389526321454278,0.3869008230457354,0.38920391373972174,0.38920391373972174,0.0023030906939863205,True,True
Microsoft Corporation,2024-05-02,2024-05-08,4,up,flat,0.231242277797175,0.43806181013312523,0.33069591206969956,0.33069591206969956,-0.10736589806342567,False,False
Microsoft Corporation,2024-05-03,2024-05-09,4,flat,flat,0.20672916811269876,0.42673034759907685,0.3665404842882244,0.3665404842882244,-0.060189863310852465,False,True
Microsoft Corporation,2024-05-06,2024-05-10,4,flat,flat,0.226337378748648,0.41918176228903103,0.35448085896232084,0.35448085896232084,-0.06470090332671019,False,True
Microsoft Corporation,2024-05-07,2024-05-13,4,flat,flat,0.29501488072239374,0.37816504986346544,0.32682006941414077,0.32682006941414077,-0.05134498044932467,False,True
Microsoft Corporation,2024-05-08,2024-05-14,4,flat,flat,0.24858777083111983,0.39505010020048337,0.3563621289683967,0.3563621289683967,-0.03868797123208667,False,True
Microsoft Corporation,2024-05-09,2024-05-15,4,up,flat,0.2181931347146513,0.3985073075078862,0.38329955777746233,0.38329955777746233,-0.01520774973042388,False,False
Microsoft Corporation,2024-05-10,2024-05-16,4,up,flat,0.20826943590118885,0.40151969598634024,0.3902108681124708,0.3902108681124708,-0.011308827873869443,False,False
Microsoft Corporation,2024-05-13,2024-05-17,4,flat,up,0.20780694963104276,0.3922775943222139,0.3999154560467433,0.3999154560467433,0.0076378617245294045,True,False
Microsoft Corporation,2024-05-14,2024-05-20,4,up,up,0.21789269175578851,0.3791202532317365,0.402987055012475,0.402987055012475,0.023866801780738522,True,True
Microsoft Corporation,2024-05-15,2024-05-21,4,up,flat,0.21861360538861102,0.39505564417622585,0.386330750435163,0.386330750435163,-0.008724893741062834,False,False
Microsoft Corporation,2024-05-16,2024-05-22,4,up,flat,0.20840925590490778,0.40251076569119104,0.3890799784039012,0.3890799784039012,-0.013430787287289858,False,False
Microsoft Corporation,2024-05-17,2024-05-23,4,up,up,0.2279128362400837,0.372569522632621,0.3995176411272952,0.3995176411272952,0.02694811849467421,True,True
Microsoft Corporation,2024-05-20,2024-05-24,4,flat,up,0.2083534528462579,0.3850375420451143,0.4066090051086276,0.4066090051086276,0.021571463063513263,True,False
Microsoft Corporation,2024-05-21,2024-05-28,4,flat,flat,0.21481829238008177,0.4107189494983296,0.37446275812158847,0.37446275812158847,-0.03625619137674113,False,True
Microsoft Corporation,2024-05-22,2024-05-29,4,flat,flat,0.21679320119172302,0.40149801825961945,0.38170878054865737,0.38170878054865737,-0.019789237710962082,False,True
Microsoft Corporation,2024-05-23,2024-05-30,4,down,up,0.2268591554171744,0.3802873571212343,0.3928534874615911,0.3928534874615911,0.012566130340356807,True,False
Microsoft Corporation,2024-05-24,2024-05-31,4,down,up,0.25279436815809275,0.3710050958229417,0.3762005360189654,0.3762005360189654,0.005195440196023693,True,False
Microsoft Corporation,2024-05-28,2024-06-03,4,down,up,0.2635201294272202,0.31486928945329573,0.421610581119484,0.421610581119484,0.10674129166618829,True,False
Microsoft Corporation,2024-05-29,2024-06-04,4,down,up,0.21672110855287507,0.27174161017731,0.5115372812698149,0.5115372812698149,0.23979567109250488,True,False
Microsoft Corporation,2024-05-30,2024-06-05,4,flat,up,0.30552587493884154,0.3229744449395651,0.3714996801215933,0.3714996801215933,0.04852523518202817,True,False
Microsoft Corporation,2024-05-31,2024-06-06,4,up,up,0.2771382568630555,0.3601859115958388,0.3626758315411056,0.3626758315411056,0.0024899199452668164,True,True
Microsoft Corporation,2024-06-03,2024-06-07,4,up,up,0.24730670387282924,0.34794211627723426,0.40475117984993636,0.40475117984993636,0.0568090635727021,True,True
Microsoft Corporation,2024-06-04,2024-06-10,4,up,up,0.2383191826160521,0.3309140085806056,0.4307668088033422,0.4307668088033422,0.09985280022273663,True,True
Microsoft Corporation,2024-06-05,2024-06-11,4,up,up,0.22522044980760186,0.3571304023797438,0.4176491478126543,0.4176491478126543,0.06051874543291047,True,True
Microsoft Corporation,2024-06-06,2024-06-12,4,up,up,0.21708076706619367,0.37534963154083,0.4075696013929762,0.4075696013929762,0.0322199698521462,True,True
Microsoft Corporation,2024-06-07,2024-06-13,4,up,up,0.23407208135773006,0.35020000019221076,0.4157279184500592,0.4157279184500592,0.06552791825784843,True,True
Microsoft Corporation,2024-06-10,2024-06-14,4,up,up,0.21003777483013653,0.3553105962942217,0.4346516288756418,0.4346516288756418,0.07934103258142011,True,True
Microsoft Corporation,2024-06-11,2024-06-15,4,flat,up,0.18665125111272507,0.37863342745910666,0.4347153214281681,0.4347153214281681,0.056081893969061436,True,False
Microsoft Corporation,2024-06-12,2024-06-16,4,flat,up,0.1711382971108094,0.38469798833316393,0.4441637145560265,0.4441637145560265,0.05946572622286256,True,False
Microsoft Corporation,2024-06-13,2024-06-17,4,flat,up,0.17564025620218054,0.39703377855477484,0.4273259652430445,0.4273259652430445,0.030292186688269662,True,False
Microsoft Corporation,2024-06-14,2024-06-18,4,up,up,0.2136836835321009,0.3699629818021537,0.4163533346657454,0.4163533346657454,0.04639035286359172,True,True
NVIDIA Corporation,2021-07-26,2021-07-30,4,flat,flat,0.25865343038763233,0.3751838815371944,0.36616268807517316,0.36616268807517316,-0.009021193462021238,False,True
NVIDIA Corporation,2021-07-27,2021-08-02,4,flat,up,0.17462400578927817,0.40913462048488203,0.41624137372583975,0.41624137372583975,0.007106753240957719,True,False
NVIDIA Corporation,2021-07-28,2021-08-03,4,flat,flat,0.1840935972983581,0.423362752950864,0.3925436497507778,0.3925436497507778,-0.030819103200086184,False,True
NVIDIA Corporation,2021-07-29,2021-08-04,4,flat,flat,0.18075235413540364,0.4590320461913423,0.36021559967325406,0.36021559967325406,-0.09881644651808824,False,True
NVIDIA Corporation,2021-07-30,2021-08-05,4,up,flat,0.2173079820739302,0.44756574114618913,0.3351262767798805,0.3351262767798805,-0.11243946436630864,False,False
NVIDIA Corporation,2021-08-02,2021-08-06,4,up,flat,0.20233569079266164,0.4497637941504985,0.34790051505683983,0.34790051505683983,-0.10186327909365867,False,False
NVIDIA Corporation,2021-08-03,2021-08-09,4,flat,flat,0.20099127660429356,0.4389725832666149,0.36003614012909146,0.36003614012909146,-0.07893644313752346,False,True
NVIDIA Corporation,2021-08-04,2021-08-10,4,flat,flat,0.20770969903502534,0.4022901761380907,0.39000012482688384,0.39000012482688384,-0.012290051311206862,False,True
NVIDIA Corporation,2021-08-05,2021-08-11,4,down,flat,0.22006000030582962,0.4185663332952892,0.36137366639888113,0.36137366639888113,-0.05719266689640806,False,False
NVIDIA Corporation,2021-08-06,2021-08-12,4,down,flat,0.2775676648789881,0.4141901374612457,0.3082421976597661,0.3082421976597661,-0.1059479398014796,False,False
NVIDIA Corporation,2021-08-09,2021-08-13,4,flat,flat,0.3076932355977938,0.3821625093952471,0.310144255006959,0.310144255006959,-0.07201825438828807,False,True
NVIDIA Corporation,2021-08-10,2021-08-16,4,flat,flat,0.313818467853276,0.357505287030212,0.328676245116512,0.328676245116512,-0.028829041913700004,False,True
NVIDIA Corporation,2021-08-11,2021-08-17,4,flat,flat,0.3088226634382191,0.36028386478173763,0.33089347178004325,0.33089347178004325,-0.02939039300169438,False,True
NVIDIA Corporation,2021-08-12,2021-08-18,4,down,up,0.34318565329324563,0.284072327493133,0.37274201921362127,0.37274201921362127,0.08866969172048828,True,False
NVIDIA Corporation,2021-08-13,2021-08-19,4,down,up,0.355277863966659,0.2755033794616262,0.3692187565717147,0.3692187565717147,0.09371537711008854,True,False
NVIDIA Corporation,2021-08-16,2021-08-20,4,up,down,0.3644347666226882,0.3096431096091201,0.32592212376819146,0.3644347666226882,0.054791657013568085,True,False
NVIDIA Corporation,2021-08-17,2021-08-23,4,up,up,0.33498372168719237,0.31428370247257237,0.3507325758402351,0.3507325758402351,0.036448873367662726,True,True
NVIDIA Corporation,2021-08-18,2021-08-24,4,up,up,0.2702320469562357,0.2945516089451593,0.4352163440986048,0.4352163440986048,0.14066473515344552,True,True
NVIDIA Corporation,2021-08-19,2021-08-25,4,up,up,0.20848665047807596,0.3030882014504199,0.48842514807150417,0.48842514807150417,0.18533694662108424,True,True
NVIDIA Corporation,2021-08-20,2021-08-26,4,up,up,0.17601651312363298,0.3512126411306821,0.47277084574568473,0.47277084574568473,0.12155820461500261,True,True
NVIDIA Corporation,2021-08-23,2021-08-27,4,up,up,0.1883970909413385,0.3739826740062707,0.4376202350523908,0.4376202350523908,0.06363756104612006,True,True
NVIDIA Corporation,2021-08-24,2021-08-30,4,up,flat,0.2738296750354965,0.4142965271479896,0.31187379781651386,0.31187379781651386,-0.10242272933147573,False,False
NVIDIA Corporation,2021-08-25,2021-08-31,4,flat,flat,0.26573374461817856,0.4267248490102159,0.3075414063716056,0.3075414063716056,-0.1191834426386103,False,True
NVIDIA Corporation,2021-08-26,2021-09-01,4,flat,flat,0.27702836024750543,0.4134288982679941,0.30954274148450056,0.30954274148450056,-0.10388615678349356,False,True
NVIDIA Corporation,2021-08-27,2021-09-02,4,flat,flat,0.22671326016968757,0.4308039754132868,0.3424827644170257,0.3424827644170257,-0.08832121099626111,False,True
NVIDIA Corporation,2021-08-30,2021-09-03,4,flat,flat,0.23936701585218345,0.44271966545914454,0.31791331868867223,0.31791331868867223,-0.12480634677047231,False,True
NVIDIA Corporation,2021-08-31,2021-09-07,4,flat,flat,0.3128904426925467,0.4400207857797901,0.24708877152766331,0.3128904426925467,-0.1271303430872434,False,True
NVIDIA Corporation,2021-09-01,2021-09-08,4,flat,flat,0.3432632970010373,0.4025591696020064,0.2541775333969565,0.3432632970010373,-0.05929587260096908,False,True
NVIDIA Corporation,2021-09-02,2021-09-09,4,flat,down,0.3754668758199601,0.3504483277499151,0.27408479643012484,0.3754668758199601,0.025018548070045,True,False
NVIDIA Corporation,2021-09-03,2021-09-10,4,flat,down,0.35405599720220915,0.3537832288210543,0.29216077397673657,0.35405599720220915,0.00027276838115486424,True,False
NVIDIA Corporation,2021-09-07,2021-09-13,4,flat,down,0.3981084568287082,0.3188024998455916,0.28308904332570034,0.3981084568287082,0.0793059569831166,True,False
NVIDIA Corporation,2021-09-08,2021-09-14,4,flat,down,0.44178878106582764,0.3057055005331749,0.2525057184009975,0.44178878106582764,0.13608328053265273,True,False
NVIDIA Corporation,2021-09-09,2021-09-15,4,flat,down,0.4664098799336067,0.25223927716995076,0.2813508428964426,0.4664098799336067,0.21417060276365596,True,False
NVIDIA Corporation,2021-09-10,2021-09-16,4,flat,down,0.4467138790481199,0.24113944062328602,0.312146680328594,0.4467138790481199,0.20557443842483386,True,False
NVIDIA Corporation,2021-09-13,2021-09-17,4,flat,down,0.43983003932640485,0.25910046451891766,0.30106949615467743,0.43983003932640485,0.1807295748074872,True,False
NVIDIA Corporation,2021-09-14,2021-09-20,4,down,down,0.47446877851362723,0.22336949760080643,0.30216172388556645,0.47446877851362723,0.2510992809128208,True,True
NVIDIA Corporation,2021-09-15,2021-09-21,4,down,down,0.49638665493978323,0.18898312816600804,0.31463021689420867,0.49638665493978323,0.3074035267737752,True,True
NVIDIA Corporation,2021-09-16,2021-09-22,4,down,down,0.5082317360325914,0.1723556207752246,0.3194126431921841,0.5082317360325914,0.3358761152573668,True,True
NVIDIA Corporation,2021-09-17,2021-09-23,4,flat,down,0.43377547423152374,0.20028807911658103,0.3659364466518953,0.43377547423152374,0.2334873951149427,True,False
NVIDIA Corporation,2021-09-20,2021-09-24,4,up,up,0.351875612338004,0.2555838556704346,0.39254053199156136,0.39254053199156136,0.13695667632112674,True,True
NVIDIA Corporation,2021-09-21,2021-09-27,4,flat,up,0.3595575628520724,0.20954393163388213,0.4308985055140455,0.4308985055140455,0.22135457388016339,True,False
NVIDIA Corporation,2021-09-22,2021-09-28,4,down,up,0.33482630173556954,0.2593304039230282,0.40584329434140215,0.40584329434140215,0.14651289041837395,True,False
NVIDIA Corporation,2021-09-23,2021-09-29,4,down,up,0.30789794307101226,0.2895990215367289,0.40250303539225873,0.40250303539225873,0.11290401385552984,True,False
NVIDIA Corporation,2021-09-24,2021-09-30,4,down,down,0.4008172569360266,0.27404926733398655,0.3251334757299868,0.4008172569360266,0.12676798960204005,True,True
NVIDIA Corporation,2021-09-27,2021-10-01,4,down,down,0.37118831504135386,0.28628567181750064,0.3425260131411456,0.37118831504135386,0.08490264322385321,True,True
NVIDIA Corporation,2021-09-28,2021-10-04,4,down,up,0.3215967775077804,0.28193577887631954,0.3964674436159,0.3964674436159,0.11453166473958043,True,False
NVIDIA Corporation,2021-09-29,2021-10-05,4,down,up,0.30478086001182103,0.281696198567048,0.41352294142113105,0.41352294142113105,0.13182674285408308,True,False
NVIDIA Corporation,2021-09-30,2021-10-06,4,down,up,0.2807809902570563,0.2850781904665609,0.43414081927638276,0.43414081927638276,0.14906262880982185,True,False
NVIDIA Corporation,2021-10-01,2021-10-07,4,flat,up,0.3284873535210895,0.29183855117021007,0.37967409530870033,0.37967409530870033,0.08783554413849026,True,False
NVIDIA Corporation,2021-10-04,2021-10-08,4,up,up,0.3548027739976155,0.2852079201302449,0.3599893058721395,0.3599893058721395,0.07478138574189463,True,True
NVIDIA Corporation,2021-10-05,2021-10-11,4,flat,up,0.3266188830570883,0.2816446203999324,0.3917364965429795,0.3917364965429795,0.11009187614304711,True,False
NVIDIA Corporation,2021-10-06,2021-10-12,4,flat,up,0.3327959394164433,0.2715212828366192,0.3956827777469375,0.3956827777469375,0.1241614949103183,True,False
NVIDIA Corporation,2021-10-07,2021-10-13,4,flat,up,0.25764651784911025,0.3515310614048619,0.39082242074602785,0.39082242074602785,0.039291359341165955,True,False
NVIDIA Corporation,2021-10-08,2021-10-14,4,flat,down,0.3489309563118131,0.3275110852733695,0.32355795841481755,0.3489309563118131,0.021419871038443616,True,False
NVIDIA Corporation,2021-10-11,2021-10-15,4,up,flat,0.31939285555807523,0.3643687146585222,0.31623842978340255,0.31939285555807523,-0.04497585910044699,False,False
NVIDIA Corporation,2021-10-12,2021-10-18,4,up,up,0.3085122565853987,0.3254201899163841,0.36606755349821724,0.36606755349821724,0.04064736358183313,True,True
NVIDIA Corporation,2021-10-13,2021-10-19,4,up,up,0.29638473118434155,0.32516547100347215,0.37844979781218635,0.37844979781218635,0.0532843268087142,True,True
NVIDIA Corporation,2021-10-14,2021-10-20,4,up,up,0.23941749549535513,0.3714851764941947,0.3890973280104501,0.3890973280104501,0.017612151516255392,True,True
NVIDIA Corporation,2021-10-15,2021-10-21,4,up,flat,0.2541060153053226,0.38945404723750726,0.3564399374571701,0.3564399374571701,-0.03301410978033714,False,False
NVIDIA Corporation,2021-10-18,2021-10-22,4,up,flat,0.3294681282520557,0.34008643062022004,0.3304454411277243,0.3304454411277243,-0.009640989492495755,False,False
NVIDIA Corporation,2021-10-19,2021-10-25,4,up,up,0.3324059038035185,0.30343191778141093,0.36416217841507065,0.36416217841507065,0.060730260633659716,True,True
NVIDIA Corporation,2021-10-20,2021-10-26,4,up,down,0.3649014575681864,0.2919160562223025,0.343182486209511,0.3649014575681864,0.07298540134588394,True,False
NVIDIA Corporation,2021-10-21,2021-10-27,4,up,up,0.3297575826206254,0.30439304564974073,0.36584937172963383,0.36584937172963383,0.0614563260798931,True,True
NVIDIA Corporation,2021-10-22,2021-10-28,4,up,up,0.293773531483464,0.2961767956955469,0.4100496728209891,0.4100496728209891,0.1138728771254422,True,True
NVIDIA Corporation,2021-10-25,2021-10-29,4,up,up,0.36152967433920136,0.26422753856910985,0.3742427870916889,0.3742427870916889,0.11001524852257905,True,True
NVIDIA Corporation,2021-10-26,2021-11-01,4,up,up,0.24593510013338693,0.31883646402428456,0.4352284358423284,0.4352284358423284,0.11639197181804384,True,True
NVIDIA Corporation,2021-10-27,2021-11-02,4,up,flat,0.3381869031437586,0.3607779380596915,0.30103515879654985,0.3381869031437586,-0.022591034915932895,False,False
NVIDIA Corporation,2021-10-28,2021-11-03,4,up,flat,0.3220286975870159,0.3840274535847731,0.2939438488282109,0.3220286975870159,-0.06199875599775717,False,False
NVIDIA Corporation,2021-10-29,2021-11-04,4,up,flat,0.28824773525614356,0.3922974934321557,0.31945477131170075,0.31945477131170075,-0.07284272212045495,False,False
NVIDIA Corporation,2021-11-01,2021-11-05,4,up,flat,0.30013621339342167,0.3903242974813459,0.30953948912523244,0.30953948912523244,-0.08078480835611346,False,False
NVIDIA Corporation,2021-11-02,2021-11-08,4,up,flat,0.28344444225561904,0.40376219950637915,0.31279335823800164,0.31279335823800164,-0.09096884126837751,False,False
NVIDIA Corporation,2021-11-03,2021-11-09,4,up,flat,0.3034191808953334,0.4086715831852572,0.2879092359194094,0.3034191808953334,-0.10525240228992383,False,False
NVIDIA Corporation,2021-11-04,2021-11-10,4,flat,flat,0.24870519022228826,0.38879331767844283,0.36250149209926874,0.36250149209926874,-0.02629182557917409,False,True
NVIDIA Corporation,2021-11-05,2021-11-11,4,flat,flat,0.28254890871860205,0.44901072146707055,0.2684403698143273,0.28254890871860205,-0.1664618127484685,False,True
NVIDIA Corporation,2021-11-08,2021-11-12,4,flat,flat,0.2849336264696211,0.5210124027965535,0.19405397073382535,0.2849336264696211,-0.23607877632693236,False,True
NVIDIA Corporation,2021-11-09,2021-11-15,4,down,flat,0.22328930693920357,0.5979963501344627,0.17871434292633365,0.22328930693920357,-0.37470704319525916,False,False
NVIDIA Corporation,2021-11-10,2021-11-16,4,flat,flat,0.2338230206236685,0.5762896887621631,0.18988729061416829,0.2338230206236685,-0.34246666813849463,False,True
NVIDIA Corporation,2021-11-11,2021-11-17,4,flat,flat,0.2116569976710657,0.601801076511639,0.18654192581729523,0.2116569976710657,-0.39014407884057334,False,True
NVIDIA Corporation,2021-11-12,2021-11-18,4,up,flat,0.2049368041242045,0.6264738916551463,0.1685893042206492,0.2049368041242045,-0.4215370875309418,False,False
NVIDIA Corporation,2021-11-15,2021-11-19,4,up,flat,0.24833927675147266,0.5957527737359346,0.15590794951259274,0.24833927675147266,-0.34741349698446194,False,False
NVIDIA Corporation,2021-11-16,2021-11-22,4,up,flat,0.31721227621224135,0.507660595683883,0.1751271281038757,0.31721227621224135,-0.19044831947164165,False,False
NVIDIA Corporation,2021-11-17,2021-11-23,4,up,flat,0.360432052197484,0.4693303982332654,0.17023754956925075,0.360432052197484,-0.10889834603578141,False,False
NVIDIA Corporation,2021-11-18,2021-11-24,4,flat,flat,0.2704068231290655,0.48251877272373406,0.2470744041472005,0.2704068231290655,-0.21211194959466856,False,True
NVIDIA Corporation,2021-11-19,2021-11-26,4,flat,flat,0.26067524822008825,0.5453577916038191,0.19396696017609255,0.26067524822008825,-0.2846825433837309,False,True
NVIDIA Corporation,2021-11-22,2021-11-29,4,flat,flat,0.22283349343052697,0.6176315944300729,0.15953491213940013,0.22283349343052697,-0.39479810099954593,False,True
NVIDIA Corporation,2021-11-23,2021-11-30,4,flat,flat,0.210949628465883,0.6410808971841255,0.14796947434999147,0.210949628465883,-0.43013126871824253,False,True
NVIDIA Corporation,2021-11-24,2021-12-01,4,flat,flat,0.21720754744736448,0.5910833228109724,0.19170912974166318,0.21720754744736448,-0.37387577536360794,False,True
NVIDIA Corporation,2021-11-26,2021-12-02,4,flat,flat,0.2565500168652467,0.5485519681425352,0.19489801499221834,0.2565500168652467,-0.29200195127728845,False,True
NVIDIA Corporation,2021-11-29,2021-12-03,4,down,flat,0.19549237475639136,0.5965435864948362,0.20796403874877245,0.20796403874877245,-0.38857954774606374,False,False
NVIDIA Corporation,2021-11-30,2021-12-06,4,down,flat,0.23026024963819217,0.5774661821043856,0.1922735682574223,0.23026024963819217,-0.34720593246619347,False,False
NVIDIA Corporation,2021-12-01,2021-12-07,4,flat,flat,0.25527217549161596,0.5520085851884973,0.19271923931988671,0.25527217549161596,-0.2967364096968813,False,True
NVIDIA Corporation,2021-12-02,2021-12-08,4,flat,flat,0.28455639593089904,0.47515527324155904,0.24028833082754197,0.28455639593089904,-0.19059887731066,False,True
NVIDIA Corporation,2021-12-03,2021-12-09,4,flat,flat,0.22675301256758948,0.5015946982754034,0.2716522891570071,0.2716522891570071,-0.22994240911839625,False,True
NVIDIA Corporation,2021-12-06,2021-12-10,4,flat,flat,0.2053488291238188,0.4994176776392312,0.2952334932369501,0.2952334932369501,-0.2041841844022811,False,True
NVIDIA Corporation,2021-12-07,2021-12-13,4,down,flat,0.1748871289199642,0.5602261291829602,0.26488674189707545,0.26488674189707545,-0.29533938728588477,False,False
NVIDIA Corporation,2021-12-08,2021-12-14,4,down,flat,0.23268025371305984,0.5610727250742802,0.2062470212126599,0.23268025371305984,-0.32839247136122035,False,False
NVIDIA Corporation,2021-12-09,2021-12-15,4,down,flat,0.27477236453888554,0.5182256613020733,0.2070019741590411,0.27477236453888554,-0.24345329676318772,False,False
NVIDIA Corporation,2021-12-10,2021-12-16,4,flat,flat,0.24367112690376733,0.5200757978825081,0.23625307521372452,0.24367112690376733,-0.2764046709787408,False,True
NVIDIA Corporation,2021-12-13,2021-12-17,4,down,flat,0.23860109771455976,0.4762493160498109,0.2851495862356293,0.2851495862356293,-0.1910997298141816,False,False
NVIDIA Corporation,2021-12-14,2021-12-20,4,flat,flat,0.2029366440987961,0.4311575264503803,0.3659058294508234,0.3659058294508234,-0.06525169699955691,False,True
NVIDIA Corporation,2021-12-15,2021-12-21,4,flat,flat,0.16732070972563878,0.48569645000313744,0.34698284027122384,0.34698284027122384,-0.1387136097319136,False,True
NVIDIA Corporation,2021-12-16,2021-12-22,4,flat,flat,0.18935548687862364,0.5762506551122705,0.23439385800910575,0.23439385800910575,-0.34185679710316474,False,True
NVIDIA Corporation,2021-12-17,2021-12-23,4,up,flat,0.2504434815133272,0.5369563187361562,0.21260019975051664,0.2504434815133272,-0.28651283722282905,False,False
NVIDIA Corporation,2021-12-20,2021-12-27,4,up,flat,0.25671753869846503,0.5093621409169633,0.2339203203845719,0.25671753869846503,-0.25264460221849827,False,False
NVIDIA Corporation,2021-12-21,2021-12-28,4,up,flat,0.2135511196080721,0.49732427857062755,0.2891246018213004,0.2891246018213004,-0.20819967674932716,False,False
NVIDIA Corporation,2021-12-22,2021-12-29,4,flat,flat,0.21020652321653044,0.5208702839726499,0.2689231928108196,0.2689231928108196,-0.2519470911618303,False,True
NVIDIA Corporation,2021-12-23,2021-12-30,4,flat,flat,0.19434257829861554,0.5861500504698699,0.21950737123151454,0.21950737123151454,-0.36664267923835536,False,True
NVIDIA Corporation,2021-12-27,2021-12-31,4,flat,flat,0.19321291986195674,0.5959411056217082,0.21084597451633497,0.21084597451633497,-0.38509513110537325,False,True
NVIDIA Corporation,2021-12-28,2022-01-03,4,flat,flat,0.2142825880570062,0.5473867520910218,0.23833065985197202,0.23833065985197202,-0.30905609223904984,False,True
NVIDIA Corporation,2021-12-29,2022-01-04,4,flat,flat,0.23277816104570717,0.5238954687372932,0.2433263702169995,0.2433263702169995,-0.2805690985202937,False,True
NVIDIA Corporation,2021-12-30,2022-01-05,4,down,flat,0.21039201073720695,0.5304794792168979,0.259128510045895,0.259128510045895,-0.2713509691710029,False,False
NVIDIA Corporation,2021-12-31,2022-01-06,4,down,flat,0.22729898390075742,0.5233617434107651,0.2493392726884775,0.2493392726884775,-0.27402247072228764,False,False
NVIDIA Corporation,2022-01-03,2022-01-07,4,down,flat,0.22301353796279652,0.4938734832540115,0.28311297878319197,0.28311297878319197,-0.2107605044708195,False,False
NVIDIA Corporation,2022-01-04,2022-01-10,4,down,flat,0.2369213254285486,0.49216502430142706,0.27091365027002434,0.27091365027002434,-0.22125137403140271,False,False
NVIDIA Corporation,2022-01-05,2022-01-11,4,down,flat,0.2686637005204707,0.449128155160895,0.28220814431863417,0.28220814431863417,-0.16692001084226082,False,False
NVIDIA Corporation,2022-01-06,2022-01-12,4,flat,up,0.2872426505623018,0.35192816802553006,0.360829181412168,0.360829181412168,0.008901013386637957,True,False
NVIDIA Corporation,2022-01-07,2022-01-13,4,flat,up,0.2987769624882513,0.3239927274827129,0.37723031002903595,0.37723031002903595,0.05323758254632305,True,False
NVIDIA Corporation,2022-01-10,2022-01-14,4,flat,up,0.30896393104021624,0.31835438253950016,0.3726816864202836,0.3726816864202836,0.05432730388078344,True,False
NVIDIA Corporation,2022-01-11,2022-01-18,4,down,up,0.27556834557360577,0.3423051825955681,0.38212647183082626,0.38212647183082626,0.039821289235258184,True,False
NVIDIA Corporation,2022-01-12,2022-01-19,4,down,flat,0.31082430810025063,0.36708540322386185,0.3220902886758876,0.3220902886758876,-0.044995114547974224,False,False
NVIDIA Corporation,2022-01-13,2022-01-20,4,down,flat,0.34174104933573546,0.3725887134423489,0.28567023722191554,0.34174104933573546,-0.030847664106613437,False,False
NVIDIA Corporation,2022-01-14,2022-01-21,4,down,flat,0.30002517943140516,0.384098166101447,0.31587665446714785,0.31587665446714785,-0.06822151163429913,False,False
NVIDIA Corporation,2022-01-18,2022-01-24,4,down,flat,0.2569500551712142,0.4017637961645891,0.3412861486641965,0.3412861486641965,-0.06047764750039264,False,False
NVIDIA Corporation,2022-01-19,2022-01-25,4,down,flat,0.23904580147849364,0.3992553767516869,0.3616988217698195,0.3616988217698195,-0.037556554981867385,False,False
NVIDIA Corporation,2022-01-20,2022-01-26,4,down,flat,0.22834245503060535,0.42413278604326643,0.3475247589261282,0.3475247589261282,-0.07660802711713821,False,False
NVIDIA Corporation,2022-01-21,2022-01-27,4,down,flat,0.2436311522353199,0.4334741315294093,0.3228947162352709,0.3228947162352709,-0.1105794152941384,False,False
NVIDIA Corporation,2022-01-24,2022-01-28,4,flat,flat,0.2683555263109695,0.4389039359630874,0.2927405377259431,0.2927405377259431,-0.1461633982371443,False,True
NVIDIA Corporation,2022-01-25,2022-01-31,4,up,flat,0.267700056906859,0.37817901876095716,0.35412092433218384,0.35412092433218384,-0.024058094428773324,False,False
NVIDIA Corporation,2022-01-26,2022-02-01,4,up,flat,0.2504317647902028,0.40260338387501693,0.34696485133478017,0.34696485133478017,-0.05563853254023676,False,False
NVIDIA Corporation,2022-01-27,2022-02-02,4,up,flat,0.296714612087717,0.45908110989512874,0.24420427801715433,0.296714612087717,-0.16236649780741175,False,False
NVIDIA Corporation,2022-01-28,2022-02-03,4,up,flat,0.27162656559296133,0.497147926608132,0.23122550779890666,0.27162656559296133,-0.22552136101517067,False,False
NVIDIA Corporation,2022-01-31,2022-02-04,4,flat,flat,0.18241177511700724,0.548867401238942,0.2687208236440508,0.2687208236440508,-0.28014657759489114,False,True
NVIDIA Corporation,2022-02-01,2022-02-07,4,flat,flat,0.1874336946492062,0.5624859772662066,0.25008032808458713,0.25008032808458713,-0.3124056491816195,False,True
NVIDIA Corporation,2022-02-02,2022-02-08,4,flat,flat,0.16308257193854317,0.6245091185172099,0.21240830954424683,0.21240830954424683,-0.4121008089729631,False,True
NVIDIA Corporation,2022-02-03,2022-02-09,4,up,flat,0.20715865121136176,0.6337388161257249,0.1591025326629134,0.20715865121136176,-0.4265801649143631,False,False
NVIDIA Corporation,2022-02-04,2022-02-10,4,up,flat,0.20503266239359558,0.6290863646114669,0.16588097299493762,0.20503266239359558,-0.42405370221787136,False,False
NVIDIA Corporation,2022-02-07,2022-02-11,4,flat,flat,0.19542250394675856,0.6043699743135442,0.20020752173969722,0.20020752173969722,-0.404162452573847,False,True
NVIDIA Corporation,2022-02-08,2022-02-14,4,flat,flat,0.19915814441585167,0.6212090648431908,0.17963279074095756,0.19915814441585167,-0.42205092042733916,False,True
NVIDIA Corporation,2022-02-09,2022-02-15,4,flat,flat,0.16277326981927975,0.650634512292039,0.1865922178886812,0.1865922178886812,-0.46404229440335776,False,True
NVIDIA Corporation,2022-02-10,2022-02-16,4,flat,flat,0.19659696707123958,0.6391103007992561,0.1642927321295042,0.19659696707123958,-0.44251333372801654,False,True
NVIDIA Corporation,2022-02-11,2022-02-17,4,flat,flat,0.2544328507003591,0.5556423351405807,0.18992481415906015,0.2544328507003591,-0.3012094844402216,False,True
NVIDIA Corporation,2022-02-14,2022-02-18,4,flat,flat,0.23897821828270965,0.5289203291443828,0.23210145257290765,0.23897821828270965,-0.28994211086167315,False,True
NVIDIA Corporation,2022-02-15,2022-02-22,4,down,flat,0.18819493691252986,0.5062665861995426,0.30553847688792746,0.30553847688792746,-0.2007281093116151,False,False
NVIDIA Corporation,2022-02-16,2022-02-23,4,down,flat,0.2002166074678159,0.5205942447614972,0.2791891477706869,0.2791891477706869,-0.2414050969908103,False,False
NVIDIA Corporation,2022-02-17,2022-02-24,4,down,flat,0.22617486780991763,0.5533635517609921,0.22046158042909025,0.22617486780991763,-0.3271886839510744,False,False
NVIDIA Corporation,2022-02-18,2022-02-25,4,flat,flat,0.23230955417725205,0.5449573846610951,0.2227330611616528,0.23230955417725205,-0.31264783048384304,False,True
NVIDIA Corporation,2022-02-22,2022-02-28,4,flat,flat,0.25322738723434396,0.48181519422977404,0.26495741853588195,0.26495741853588195,-0.21685777569389209,False,True
NVIDIA Corporation,2022-02-23,2022-03-01,4,flat,flat,0.22723183166932726,0.4421264045323777,0.330641763798295,0.330641763798295,-0.11148464073408271,False,True
NVIDIA Corporation,2022-02-24,2022-03-02,4,up,flat,0.20805557634404817,0.5072325079050137,0.2847119157509381,0.2847119157509381,-0.2225205921540756,False,False
NVIDIA Corporation,2022-02-25,2022-03-03,4,flat,flat,0.18969232357123447,0.5639550184789822,0.24635265794978323,0.24635265794978323,-0.317602360529199,False,True
NVIDIA Corporation,2022-02-28,2022-03-04,4,down,flat,0.26232438280030035,0.5346113099307965,0.20306430726890312,0.26232438280030035,-0.2722869271304962,False,False
NVIDIA Corporation,2022-03-01,2022-03-07,4,down,flat,0.27841004198989977,0.516338092076482,0.2052518659336184,0.27841004198989977,-0.2379280500865822,False,False
NVIDIA Corporation,2022-03-02,2022-03-08,4,down,flat,0.2317645685869748,0.5438737800753844,0.22436165133764077,0.2317645685869748,-0.31210921148840964,False,False
NVIDIA Corporation,2022-03-03,2022-03-09,4,down,flat,0.22256467843722247,0.5456157528052318,0.23181956875754572,0.23181956875754572,-0.31379618404768606,False,False
NVIDIA Corporation,2022-03-04,2022-03-10,4,flat,flat,0.2286229159131216,0.5380596932141185,0.23331739087276002,0.23331739087276002,-0.30474230234135846,False,True
NVIDIA Corporation,2022-03-07,2022-03-11,4,flat,flat,0.19328202464101324,0.5687183446203324,0.23799963073865427,0.23799963073865427,-0.3307187138816782,False,True
NVIDIA Corporation,2022-03-08,2022-03-14,4,flat,flat,0.18556335748501834,0.549920809638333,0.26451583287664865,0.26451583287664865,-0.28540497676168436,False,True
NVIDIA Corporation,2022-03-09,2022-03-15,4,flat,flat,0.19236796150555963,0.5448689937855439,0.2627630447088964,0.2627630447088964,-0.2821059490766475,False,True
NVIDIA Corporation,2022-03-10,2022-03-16,4,up,flat,0.27355220397299607,0.49460671048339633,0.23184108554360766,0.27355220397299607,-0.22105450651040026,False,False
NVIDIA Corporation,2022-03-11,2022-03-17,4,up,flat,0.25754969870004474,0.515113829556747,0.22733647174320828,0.25754969870004474,-0.25756413085670227,False,False
NVIDIA Corporation,2022-03-14,2022-03-18,4,up,flat,0.29743247479499685,0.48686098482228785,0.21570654038271542,0.29743247479499685,-0.189428510027291,False,False
NVIDIA Corporation,2022-03-15,2022-03-21,4,up,flat,0.22946774346382595,0.4780453767094348,0.29248687982673915,0.29248687982673915,-0.18555849688269566,False,False
NVIDIA Corporation,2022-03-16,2022-03-22,4,up,flat,0.17971639699940073,0.44462555152357053,0.37565805147702863,0.37565805147702863,-0.0689675000465419,False,False
NVIDIA Corporation,2022-03-17,2022-03-23,4,up,flat,0.1967405717153687,0.5285495633642256,0.27470986492040567,0.27470986492040567,-0.25383969844382,False,False
NVIDIA Corporation,2022-03-18,2022-03-24,4,up,flat,0.1859795781252455,0.5605279510663432,0.25349247080841125,0.25349247080841125,-0.307035480257932,False,False
NVIDIA Corporation,2022-03-21,2022-03-25,4,up,flat,0.18148191025185142,0.5820002209953836,0.23651786875276487,0.23651786875276487,-0.34548235224261875,False,False
NVIDIA Corporation,2022-03-22,2022-03-28,4,up,flat,0.199930575274187,0.5820363376964762,0.2180330870293366,0.2180330870293366,-0.3640032506671396,False,False
NVIDIA Corporation,2022-03-23,2022-03-29,4,up,flat,0.1925779295636947,0.6087849007111518,0.19863716972515352,0.19863716972515352,-0.4101477309859982,False,False
NVIDIA Corporation,2022-03-24,2022-03-30,4,flat,flat,0.18181160171509048,0.5905422461998652,0.2276461520850444,0.2276461520850444,-0.36289609411482077,False,True
NVIDIA Corporation,2022-03-25,2022-03-31,4,flat,flat,0.1804343158431686,0.6194940604271593,0.20007162372967213,0.20007162372967213,-0.41942243669748713,False,True
NVIDIA Corporation,2022-03-28,2022-04-01,4,down,flat,0.21804325079662235,0.620937447740533,0.16101930146284454,0.21804325079662235,-0.4028941969439107,False,False
NVIDIA Corporation,2022-03-29,2022-04-04,4,down,flat,0.20870450988435643,0.5937119780727846,0.19758351204285884,0.20870450988435643,-0.38500746818842824,False,False
NVIDIA Corporation,2022-03-30,2022-04-05,4,down,flat,0.29152924586086354,0.5291743183172313,0.17929643582190508,0.29152924586086354,-0.23764507245636773,False,False
NVIDIA Corporation,2022-03-31,2022-04-06,4,down,flat,0.2830266511319415,0.5021439781358297,0.21482937073222885,0.2830266511319415,-0.2191173270038882,False,False
NVIDIA Corporation,2022-04-01,2022-04-07,4,down,flat,0.2523131798065394,0.5220053547747814,0.22568146541867912,0.2523131798065394,-0.269692174968242,False,False
NVIDIA Corporation,2022-04-04,2022-04-08,4,down,flat,0.2957558480826774,0.4827945384714154,0.22144961344590727,0.2957558480826774,-0.187038690388738,False,False
NVIDIA Corporation,2022-04-05,2022-04-11,4,down,flat,0.3263162868320887,0.43908453824923227,0.23459917491867913,0.3263162868320887,-0.11276825141714358,False,False
NVIDIA Corporation,2022-04-06,2022-04-12,4,down,flat,0.3676391786104073,0.3796553702410846,0.2527054511485082,0.3676391786104073,-0.012016191630677298,False,False
NVIDIA Corporation,2022-04-07,2022-04-13,4,down,flat,0.3240757510723029,0.36022793515325313,0.31569631377444396,0.3240757510723029,-0.03615218408095022,False,False
NVIDIA Corporation,2022-04-08,2022-04-14,4,down,down,0.35649771414924813,0.3287589428335339,0.314743343017218,0.35649771414924813,0.027738771315714228,True,True
NVIDIA Corporation,2022-04-11,2022-04-18,4,flat,down,0.38340851826555716,0.32386325067846383,0.2927282310559789,0.38340851826555716,0.05954526758709333,True,False
NVIDIA Corporation,2022-04-12,2022-04-19,4,flat,flat,0.28726671356664024,0.3568272772916502,0.35590600914170967,0.35590600914170967,-0.0009212681499405351,False,True
NVIDIA Corporation,2022-04-13,2022-04-20,4,flat,down,0.35925986467649146,0.32105465887234186,0.31968547645116674,0.35925986467649146,0.0382052058041496,True,False
NVIDIA Corporation,2022-04-14,2022-04-21,4,down,down,0.3604707820843744,0.3374187916084058,0.3021104263072197,0.3604707820843744,0.023051990475968565,True,True
NVIDIA Corporation,2022-04-18,2022-04-22,4,down,flat,0.3281632370729275,0.3733191442684989,0.2985176186585736,0.3281632370729275,-0.04515590719557139,False,False
NVIDIA Corporation,2022-04-19,2022-04-25,4,down,flat,0.26515740224163276,0.4426242348718732,0.29221836288649394,0.29221836288649394,-0.15040587198537925,False,False
NVIDIA Corporation,2022-04-20,2022-04-26,4,down,flat,0.2671001086364835,0.4704090511370367,0.2624908402264797,0.2671001086364835,-0.2033089425005532,False,False
NVIDIA Corporation,2022-04-21,2022-04-27,4,down,flat,0.23151678554878552,0.5340756604333503,0.23440755401786423,0.23440755401786423,-0.2996681064154861,False,False
NVIDIA Corporation,2022-04-22,2022-04-28,4,flat,flat,0.19295174319443664,0.5471795699751565,0.25986868683040676,0.25986868683040676,-0.28731088314474973,False,True
NVIDIA Corporation,2022-04-25,2022-04-29,4,flat,flat,0.1705701759251188,0.5399803177974354,0.2894495062774459,0.2894495062774459,-0.25053081151998946,False,True
NVIDIA Corporation,2022-04-26,2022-05-02,4,flat,flat,0.17763346452777443,0.5024073875867413,0.3199591478854843,0.3199591478854843,-0.182448239701257,False,True
NVIDIA Corporation,2022-04-27,2022-05-03,4,flat,flat,0.21191045302603828,0.46734338984004853,0.3207461571339132,0.3207461571339132,-0.14659723270613534,False,True
NVIDIA Corporation,2022-04-28,2022-05-04,4,flat,flat,0.17237672802403292,0.541265431302959,0.28635784067300796,0.28635784067300796,-0.25490759062995105,False,True
NVIDIA Corporation,2022-04-29,2022-05-05,4,flat,flat,0.21565042102265725,0.5293055527150936,0.2550440262622491,0.2550440262622491,-0.2742615264528445,False,True
NVIDIA Corporation,2022-05-02,2022-05-06,4,flat,flat,0.2113426845364454,0.5160388978395681,0.2726184176239863,0.2726184176239863,-0.24342048021558182,False,True
NVIDIA Corporation,2022-05-03,2022-05-09,4,down,flat,0.15074992735758286,0.5439513866034509,0.30529868603896615,0.30529868603896615,-0.23865270056448473,False,False
NVIDIA Corporation,2022-05-04,2022-05-10,4,down,flat,0.14294683873019304,0.5480216485438905,0.30903151272591645,0.30903151272591645,-0.23899013581797401,False,False
NVIDIA Corporation,2022-05-05,2022-05-11,4,down,flat,0.15618187941282152,0.586007680215471,0.25781044037170747,0.25781044037170747,-0.32819723984376353,False,False
NVIDIA Corporation,2022-05-06,2022-05-12,4,down,flat,0.13871300132732178,0.6153063265596413,0.2459806721130367,0.2459806721130367,-0.36932565444660465,False,False
NVIDIA Corporation,2022-05-09,2022-05-13,4,flat,flat,0.13280040508589888,0.5978971035176418,0.26930249139645945,0.26930249139645945,-0.32859461212118235,False,True
NVIDIA Corporation,2022-05-10,2022-05-16,4,flat,flat,0.11250847280233223,0.5467575610981603,0.3407339660995077,0.3407339660995077,-0.20602359499865264,False,True
NVIDIA Corporation,2022-05-11,2022-05-17,4,flat,flat,0.13964721543590813,0.523244158828843,0.3371086257352491,0.3371086257352491,-0.18613553309359393,False,True
NVIDIA Corporation,2022-05-12,2022-05-18,4,up,flat,0.17223647303908157,0.5213943243025657,0.3063692026583529,0.3063692026583529,-0.21502512164421284,False,False
NVIDIA Corporation,2022-05-13,2022-05-19,4,flat,flat,0.13522669741247872,0.5438038046634573,0.32096949792406393,0.32096949792406393,-0.22283430673939342,False,True
NVIDIA Corporation,2022-05-16,2022-05-20,4,flat,flat,0.18682573027359642,0.5134621852792112,0.29971208444719255,0.29971208444719255,-0.21375010083201862,False,True
NVIDIA Corporation,2022-05-17,2022-05-23,4,down,flat,0.15060593727751564,0.5389405867536254,0.31045347596885897,0.31045347596885897,-0.22848711078476647,False,False
NVIDIA Corporation,2022-05-18,2022-05-24,4,down,flat,0.16307272830477573,0.5434232296926911,0.29350404200253327,0.29350404200253327,-0.2499191876901578,False,False
NVIDIA Corporation,2022-05-19,2022-05-25,4,flat,flat,0.13119295050217594,0.5348310428551888,0.3339760066426353,0.3339760066426353,-0.20085503621255346,False,True
NVIDIA Corporation,2022-05-20,2022-05-26,4,flat,flat,0.10746957334996025,0.569510857177852,0.32301956947218774,0.32301956947218774,-0.24649128770566425,False,True
NVIDIA Corporation,2022-05-23,2022-05-27,4,up,flat,0.09334497029715755,0.5898873888659029,0.31676764083693965,0.31676764083693965,-0.2731197480289632,False,False
NVIDIA Corporation,2022-05-24,2022-05-31,4,up,flat,0.10918332966353028,0.5637993611110921,0.3270173092253777,0.3270173092253777,-0.23678205188571438,False,False
NVIDIA Corporation,2022-05-25,2022-06-01,4,up,flat,0.12211921924706806,0.5401193349727527,0.33776144578017947,0.33776144578017947,-0.2023578891925732,False,False
NVIDIA Corporation,2022-05-26,2022-06-02,4,up,flat,0.1290822904385996,0.5054678856175597,0.36544982394384085,0.36544982394384085,-0.14001806167371889,False,False
NVIDIA Corporation,2022-05-27,2022-06-03,4,flat,flat,0.10367697400439102,0.5062705522695461,0.3900524737260631,0.3900524737260631,-0.11621807854348298,False,True
NVIDIA Corporation,2022-05-31,2022-06-06,4,flat,flat,0.1373819206003658,0.5274512441033087,0.33516683529632557,0.33516683529632557,-0.1922844088069831,False,True
NVIDIA Corporation,2022-06-01,2022-06-07,4,flat,flat,0.134268232600242,0.5428100670935685,0.3229217003061894,0.3229217003061894,-0.2198883667873791,False,True
NVIDIA Corporation,2022-06-02,2022-06-08,4,flat,flat,0.10403643106119678,0.5313836733129333,0.3645798956258699,0.3645798956258699,-0.16680377768706345,False,True
NVIDIA Corporation,2022-06-03,2022-06-09,4,flat,flat,0.10201268695555009,0.542046961398108,0.35594035164634197,0.35594035164634197,-0.18610660975176607,False,True
NVIDIA Corporation,2022-06-06,2022-06-10,4,down,flat,0.10852276083364391,0.5496643116777623,0.34181292748859393,0.34181292748859393,-0.20785138418916838,False,False
NVIDIA Corporation,2022-06-07,2022-06-13,4,down,flat,0.11460366416321754,0.5897839380263805,0.2956123978104019,0.2956123978104019,-0.29417154021597863,False,False
NVIDIA Corporation,2022-06-08,2022-06-14,4,down,flat,0.14352011966284872,0.5429961989484668,0.3134836813886846,0.3134836813886846,-0.22951251755978225,False,False
NVIDIA Corporation,2022-06-09,2022-06-15,4,down,flat,0.17778794491649036,0.5056235789119494,0.3165884761715603,0.3165884761715603,-0.18903510274038915,False,False
NVIDIA Corporation,2022-06-10,2022-06-16,4,down,flat,0.21034841036951885,0.4442192520318633,0.34543233759861813,0.34543233759861813,-0.09878691443324517,False,False
NVIDIA Corporation,2022-06-13,2022-06-17,4,flat,flat,0.22145468492178155,0.4351981312708925,0.3433471838073261,0.3433471838073261,-0.09185094746356642,False,True
NVIDIA Corporation,2022-06-14,2022-06-21,4,up,flat,0.1697759745454685,0.4256255412345834,0.4045984842199482,0.4045984842199482,-0.021027057014635198,False,False
NVIDIA Corporation,2022-06-15,2022-06-22,4,flat,flat,0.17949619836561237,0.41409821564929805,0.4064055859850898,0.4064055859850898,-0.00769262966420825,False,True
NVIDIA Corporation,2022-06-16,2022-06-23,4,flat,flat,0.28110651645994156,0.36931452048268143,0.3495789630573771,0.3495789630573771,-0.019735557425304306,False,True
NVIDIA Corporation,2022-06-17,2022-06-24,4,up,flat,0.2508586542103726,0.3838499973838571,0.3652913484057705,0.3652913484057705,-0.018558648978086623,False,False
NVIDIA Corporation,2022-06-21,2022-06-27,4,flat,up,0.19066333715016465,0.3956648352204657,0.4136718276293698,0.4136718276293698,0.018006992408904132,True,False
NVIDIA Corporation,2022-06-22,2022-06-28,4,flat,flat,0.2523792521402891,0.3769588367204693,0.3706619111392417,0.3706619111392417,-0.00629692558122763,False,True
NVIDIA Corporation,2022-06-23,2022-06-29,4,down,flat,0.17487480481429757,0.4428801251508869,0.38224507003481545,0.38224507003481545,-0.06063505511607148,False,False
NVIDIA Corporation,2022-06-24,2022-06-30,4,down,flat,0.1242806546361665,0.46176407100514727,0.4139552743586864,0.4139552743586864,-0.04780879664646087,False,False
NVIDIA Corporation,2022-06-27,2022-07-01,4,down,flat,0.13307597363855075,0.4623034035559803,0.40462062280546907,0.40462062280546907,-0.05768278075051125,False,False
NVIDIA Corporation,2022-06-28,2022-07-05,4,down,flat,0.16407912617687964,0.49920577336866423,0.3367151004544562,0.3367151004544562,-0.16249067291420805,False,False
NVIDIA Corporation,2022-06-29,2022-07-06,4,flat,flat,0.15940098300403122,0.5429769188295129,0.2976220981664558,0.2976220981664558,-0.24535482066305714,False,True
NVIDIA Corporation,2022-06-30,2022-07-07,4,flat,flat,0.16834800407379988,0.5007737874239822,0.33087820850221794,0.33087820850221794,-0.1698955789217642,False,True
NVIDIA Corporation,2022-07-01,2022-07-08,4,up,flat,0.18493012758950775,0.45760624213145684,0.3574636302790355,0.3574636302790355,-0.10014261185242135,False,False
NVIDIA Corporation,2022-07-05,2022-07-11,4,up,flat,0.18832634032673995,0.45262535251535435,0.3590483071579057,0.3590483071579057,-0.09357704535744865,False,False
NVIDIA Corporation,2022-07-06,2022-07-12,4,flat,flat,0.19246154894508288,0.4333435368322849,0.3741949142226321,0.3741949142226321,-0.05914862260965276,False,True
NVIDIA Corporation,2022-07-07,2022-07-13,4,down,flat,0.23288461708614872,0.402054992255081,0.36506039065877016,0.36506039065877016,-0.03699460159631085,False,False
NVIDIA Corporation,2022-07-08,2022-07-14,4,down,up,0.3072321972830232,0.3435637478457884,0.34920405487118844,0.34920405487118844,0.0056403070254000265,True,False
NVIDIA Corporation,2022-07-11,2022-07-15,4,flat,flat,0.3070931415171568,0.3606365864254223,0.3322702720574209,0.3322702720574209,-0.02836631436800141,False,True
NVIDIA Corporation,2022-07-12,2022-07-18,4,up,flat,0.26532502497271393,0.40381472642230665,0.3308602486049794,0.3308602486049794,-0.07295447781732722,False,False
NVIDIA Corporation,2022-07-13,2022-07-19,4,up,flat,0.21272806073170203,0.48790331236661455,0.29936862690168353,0.29936862690168353,-0.18853468546493102,False,False
NVIDIA Corporation,2022-07-14,2022-07-20,4,up,flat,0.1677698646896283,0.483059573761207,0.34917056154916454,0.34917056154916454,-0.13388901221204247,False,False
NVIDIA Corporation,2022-07-15,2022-07-21,4,up,flat,0.1815769917108873,0.4542861577957507,0.364136850493362,0.364136850493362,-0.09014930730238874,False,False
NVIDIA Corporation,2022-07-18,2022-07-22,4,up,up,0.19440273143142806,0.3915774344561697,0.4140198341124024,0.4140198341124024,0.02244239965623268,True,True
NVIDIA Corporation,2022-07-19,2022-07-25,4,flat,up,0.20707829405159683,0.38631138483078653,0.4066103211176169,0.4066103211176169,0.020298936286830382,True,False
NVIDIA Corporation,2022-07-20,2022-07-26,4,down,up,0.19023735476618317,0.3927728823697099,0.41698976286410716,0.41698976286410716,0.02421688049439724,True,False
NVIDIA Corporation,2022-07-21,2022-07-27,4,down,flat,0.16629031377779252,0.42400540945461185,0.4097042767675959,0.4097042767675959,-0.014301132687015938,False,False
NVIDIA Corporation,2022-07-22,2022-07-28,4,flat,flat,0.17907386763764516,0.46594594234057424,0.3549801900217807,0.3549801900217807,-0.11096575231879352,False,True
NVIDIA Corporation,2022-07-25,2022-07-29,4,up,flat,0.16230899991145695,0.48921726544051425,0.34847373464802894,0.34847373464802894,-0.1407435307924853,False,False
NVIDIA Corporation,2022-07-26,2022-08-01,4,up,flat,0.14335068362635078,0.514757323767074,0.34189199260657527,0.34189199260657527,-0.17286533116049868,False,False
NVIDIA Corporation,2022-07-27,2022-08-02,4,up,flat,0.15423341816273706,0.4489221737393745,0.39684440809788835,0.39684440809788835,-0.05207776564148614,False,False
NVIDIA Corporation,2022-07-28,2022-08-03,4,up,flat,0.15972485139602854,0.4638764068027186,0.3763987418012529,0.3763987418012529,-0.0874776650014657,False,False
NVIDIA Corporation,2022-07-29,2022-08-04,4,up,flat,0.204117971195955,0.426328804859049,0.3695532239449961,0.3695532239449961,-0.05677558091405288,False,False
NVIDIA Corporation,2022-08-01,2022-08-05,4,flat,up,0.20304771827420118,0.39398117069362426,0.40297111103217464,0.40297111103217464,0.008989940338550384,True,False
NVIDIA Corporation,2022-08-02,2022-08-08,4,down,up,0.21833660250173215,0.35721921070164264,0.4244441867966252,0.4244441867966252,0.06722497609498257,True,False
NVIDIA Corporation,2022-08-03,2022-08-09,4,down,up,0.17229803888744846,0.3776789806964701,0.45002298041608146,0.45002298041608146,0.07234399971961136,True,False
NVIDIA Corporation,2022-08-04,2022-08-10,4,down,up,0.13223104944617156,0.4220888723601175,0.445680078193711,0.445680078193711,0.02359120583359353,True,False
NVIDIA Corporation,2022-08-05,2022-08-11,4,down,flat,0.17066844803829762,0.41503233548285845,0.414299216478844,0.414299216478844,-0.0007331190040144597,False,False
NVIDIA Corporation,2022-08-08,2022-08-12,4,up,flat,0.25603212811879095,0.40787396992230707,0.33609390195890215,0.33609390195890215,-0.07178006796340491,False,False
NVIDIA Corporation,2022-08-09,2022-08-15,4,up,flat,0.18437209002115867,0.4104045391217407,0.4052233708571008,0.4052233708571008,-0.005181168264639879,False,False
NVIDIA Corporation,2022-08-10,2022-08-16,4,up,up,0.1495026531419355,0.42025673124074664,0.43024061561731797,0.43024061561731797,0.009983884376571328,True,True
NVIDIA Corporation,2022-08-11,2022-08-17,4,flat,up,0.16822965282878782,0.4011091208070223,0.4306612263641899,0.4306612263641899,0.029552105557167585,True,False
NVIDIA Corporation,2022-08-12,2022-08-18,4,flat,flat,0.19818265619056225,0.43731893942569394,0.36449840438374387,0.36449840438374387,-0.07282053504195007,False,True
NVIDIA Corporation,2022-08-15,2022-08-19,4,down,flat,0.19503296929129527,0.4202013608949622,0.38476566981374255,0.38476566981374255,-0.035435691081219634,False,False
NVIDIA Corporation,2022-08-16,2022-08-22,4,down,flat,0.24375019770029774,0.3781321351598963,0.3781176671398059,0.3781176671398059,-1.4468020090419031e-05,False,False
NVIDIA Corporation,2022-08-17,2022-08-23,4,down,up,0.2092587255974629,0.37959349502831224,0.4111477793742249,0.4111477793742249,0.031554284345912675,True,False
NVIDIA Corporation,2022-08-18,2022-08-24,4,down,flat,0.1477425780370153,0.4287687567073192,0.42348866525566553,0.42348866525566553,-0.005280091451653646,False,False
NVIDIA Corporation,2022-08-19,2022-08-25,4,down,flat,0.16477359591689605,0.46746368294546525,0.36776272113763864,0.36776272113763864,-0.09970096180782662,False,False
NVIDIA Corporation,2022-08-22,2022-08-26,4,flat,flat,0.1870913733965618,0.43860016556373177,0.3743084610397065,0.3743084610397065,-0.06429170452402527,False,True
NVIDIA Corporation,2022-08-23,2022-08-29,4,down,up,0.166704156987459,0.4123558820831217,0.4209399609294194,0.4209399609294194,0.008584078846297694,True,False
NVIDIA Corporation,2022-08-24,2022-08-30,4,down,up,0.1936906992167423,0.38383551879286004,0.4224737819903977,0.4224737819903977,0.03863826319753766,True,False
NVIDIA Corporation,2022-08-25,2022-08-31,4,down,up,0.2080604318431996,0.34784444199371567,0.444095126163085,0.444095126163085,0.09625068416936933,True,False
NVIDIA Corporation,2022-08-26,2022-09-01,4,down,up,0.23671721296386067,0.34422211283973714,0.4190606741964023,0.4190606741964023,0.07483856135666517,True,False
NVIDIA Corporation,2022-08-29,2022-09-02,4,down,up,0.28516293563759565,0.35349584639926607,0.36134121796313856,0.36134121796313856,0.007845371563872494,True,False
NVIDIA Corporation,2022-08-30,2022-09-06,4,down,up,0.2071007148043382,0.3667756648755328,0.4261236203201292,0.4261236203201292,0.05934795544459637,True,False
NVIDIA Corporation,2022-08-31,2022-09-07,4,down,up,0.2172947135264125,0.3607813522102016,0.42192393426338615,0.42192393426338615,0.06114258205318457,True,False
NVIDIA Corporation,2022-09-01,2022-09-08,4,flat,flat,0.30168310712092483,0.3700186829568961,0.328298209922179,0.328298209922179,-0.0417204730347171,False,True
NVIDIA Corporation,2022-09-02,2022-09-09,4,flat,flat,0.18877503335993992,0.4297887274460457,0.3814362391940145,0.3814362391940145,-0.0483524882520312,False,True
NVIDIA Corporation,2022-09-06,2022-09-12,4,up,flat,0.26414808101091714,0.4060106669617703,0.32984125202731246,0.32984125202731246,-0.07616941493445784,False,False
NVIDIA Corporation,2022-09-07,2022-09-13,4,flat,flat,0.2898536161502816,0.37866427604494857,0.3314821078047697,0.3314821078047697,-0.047182168240178846,False,True
NVIDIA Corporation,2022-09-08,2022-09-14,4,down,flat,0.2918340546382622,0.3874275979291141,0.32073834743262375,0.32073834743262375,-0.06668925049649033,False,False
NVIDIA Corporation,2022-09-09,2022-09-15,4,down,flat,0.25404801328019555,0.3969333286011604,0.3490186581186441,0.3490186581186441,-0.0479146704825163,False,False
NVIDIA Corporation,2022-09-12,2022-09-16,4,down,flat,0.2886166918095605,0.4000543458224196,0.3113289623680199,0.3113289623680199,-0.08872538345439973,False,False
NVIDIA Corporation,2022-09-13,2022-09-19,4,flat,flat,0.3161429047013874,0.43014891623742046,0.2537081790611921,0.3161429047013874,-0.11400601153603307,False,True
NVIDIA Corporation,2022-09-14,2022-09-20,4,flat,flat,0.17450793551550023,0.5183413718387022,0.3071506926457974,0.3071506926457974,-0.2111906791929048,False,True
NVIDIA Corporation,2022-09-15,2022-09-21,4,flat,flat,0.1364071678793059,0.5150448364147039,0.3485479957059902,0.3485479957059902,-0.16649684070871368,False,True
NVIDIA Corporation,2022-09-16,2022-09-22,4,flat,flat,0.13813051056924489,0.4524223981331601,0.40944709129759516,0.40944709129759516,-0.04297530683556494,False,True
NVIDIA Corporation,2022-09-19,2022-09-23,4,down,flat,0.13810654108454395,0.5012348750960388,0.3606585838194172,0.3606585838194172,-0.14057629127662163,False,False
NVIDIA Corporation,2022-09-20,2022-09-26,4,down,flat,0.1998686942898076,0.5164454295237826,0.2836858761864097,0.2836858761864097,-0.23275955333737286,False,False
NVIDIA Corporation,2022-09-21,2022-09-27,4,down,flat,0.27600665422461634,0.4279822035090918,0.29601114226629194,0.29601114226629194,-0.13197106124279984,False,False
NVIDIA Corporation,2022-09-22,2022-09-28,4,flat,flat,0.266404354594289,0.40995716689375206,0.3236384785119588,0.3236384785119588,-0.08631868838179324,False,True
NVIDIA Corporation,2022-09-23,2022-09-29,4,flat,up,0.18966140069482837,0.3954476678769898,0.41489093142818184,0.41489093142818184,0.019443263551192025,True,False
NVIDIA Corporation,2022-09-26,2022-09-30,4,flat,up,0.15226756517337733,0.41302871239363315,0.4347037224329896,0.4347037224329896,0.021675010039356457,True,False
NVIDIA Corporation,2022-09-27,2022-10-03,4,flat,up,0.16734805774277361,0.41117195814446283,0.4214799841127637,0.4214799841127637,0.010308025968300882,True,False
NVIDIA Corporation,2022-09-28,2022-10-04,4,flat,flat,0.1766294858542306,0.4211407962854488,0.4022297178603206,0.4022297178603206,-0.018911078425128236,False,True
NVIDIA Corporation,2022-09-29,2022-10-05,4,up,flat,0.20428466920551944,0.40852723715370776,0.38718809364077295,0.38718809364077295,-0.02133914351293481,False,False
NVIDIA Corporation,2022-09-30,2022-10-06,4,up,up,0.19860990679734045,0.37122474821633383,0.43016534498632597,0.43016534498632597,0.05894059676999214,True,True
NVIDIA Corporation,2022-10-03,2022-10-07,4,flat,up,0.187251814744019,0.3513631951826456,0.46138499007333567,0.46138499007333567,0.11002179489069008,True,False
NVIDIA Corporation,2022-10-04,2022-10-10,4,down,flat,0.18796324686363347,0.4192286597471572,0.39280809338920936,0.39280809338920936,-0.026420566357947817,False,False
NVIDIA Corporation,2022-10-05,2022-10-11,4,down,flat,0.17695929108896274,0.5275016712261867,0.2955390376848503,0.2955390376848503,-0.23196263354133645,False,False
NVIDIA Corporation,2022-10-06,2022-10-12,4,down,flat,0.1845275506206185,0.49457747056783974,0.3208949788115417,0.3208949788115417,-0.17368249175629802,False,False
NVIDIA Corporation,2022-10-07,2022-10-13,4,down,flat,0.23924142083070454,0.5244129312744172,0.2363456478948779,0.23924142083070454,-0.2851715104437127,False,False
NVIDIA Corporation,2022-10-10,2022-10-14,4,flat,flat,0.1531724193822165,0.4575256988905676,0.3893018817272159,0.3893018817272159,-0.06822381716335169,False,True
NVIDIA Corporation,2022-10-11,2022-10-17,4,flat,up,0.11840715787415376,0.41722347731911746,0.4643693648067289,0.4643693648067289,0.04714588748761145,True,False
NVIDIA Corporation,2022-10-12,2022-10-18,4,up,up,0.1476795648712029,0.38525635355474797,0.4670640815740493,0.4670640815740493,0.0818077280193013,True,True
NVIDIA Corporation,2022-10-13,2022-10-19,4,up,up,0.18547886153737678,0.3520212171081796,0.46249992135444395,0.46249992135444395,0.11047870424626438,True,True
NVIDIA Corporation,2022-10-14,2022-10-20,4,up,up,0.16989481453199967,0.36947388476285925,0.46063130070514124,0.46063130070514124,0.091157415942282,True,True
NVIDIA Corporation,2022-10-17,2022-10-21,4,flat,up,0.2000356485928953,0.3787232108621965,0.42124114054490835,0.42124114054490835,0.04251792968271184,True,False
NVIDIA Corporation,2022-10-18,2022-10-24,4,flat,up,0.1691185698169438,0.41289420082893735,0.417987229354119,0.417987229354119,0.005093028525181675,True,False
NVIDIA Corporation,2022-10-19,2022-10-25,4,up,flat,0.1734119913019877,0.45279589965629474,0.3737921090417176,0.3737921090417176,-0.07900379061457713,False,False
NVIDIA Corporation,2022-10-20,2022-10-26,4,up,flat,0.12284741228385983,0.5057013340206948,0.3714512536954453,0.3714512536954453,-0.13425008032524954,False,False
NVIDIA Corporation,2022-10-21,2022-10-27,4,up,flat,0.13341905856383696,0.5066127727263684,0.3599681687097946,0.3599681687097946,-0.1466446040165738,False,False
NVIDIA Corporation,2022-10-24,2022-10-28,4,up,flat,0.12098879828906253,0.5511581818163211,0.32785301989461624,0.32785301989461624,-0.2233051619217049,False,False
NVIDIA Corporation,2022-10-25,2022-10-31,4,up,flat,0.1204466970834861,0.5565701820406008,0.3229831208759131,0.3229831208759131,-0.23358706116468775,False,False
NVIDIA Corporation,2022-10-26,2022-11-01,4,up,flat,0.16281811358142964,0.5389522489789443,0.29822963743962605,0.29822963743962605,-0.2407226115393183,False,False
NVIDIA Corporation,2022-10-27,2022-11-02,4,flat,flat,0.15761405445362484,0.5250160022795163,0.31736994326685886,0.31736994326685886,-0.20764605901265742,False,True
NVIDIA Corporation,2022-10-28,2022-11-03,4,flat,flat,0.1930569479509902,0.5458054954818292,0.2611375565671804,0.2611375565671804,-0.2846679389146488,False,True
NVIDIA Corporation,2022-10-31,2022-11-04,4,flat,flat,0.17239512396522633,0.5474318120717123,0.28017306396306124,0.28017306396306124,-0.2672587481086511,False,True
NVIDIA Corporation,2022-11-01,2022-11-07,4,flat,flat,0.18112485304085058,0.5768257169091094,0.24204943005003998,0.24204943005003998,-0.33477628685906946,False,True
NVIDIA Corporation,2022-11-02,2022-11-08,4,up,flat,0.2373687592699749,0.5285709288401539,0.23406031188987117,0.2373687592699749,-0.29120216957017897,False,False
NVIDIA Corporation,2022-11-03,2022-11-09,4,up,flat,0.21598422324704736,0.5594921248862528,0.22452365186669979,0.22452365186669979,-0.334968473019553,False,False
NVIDIA Corporation,2022-11-04,2022-11-10,4,up,flat,0.18757391021497133,0.5338550058944364,0.2785710838905924,0.2785710838905924,-0.255283922003844,False,False
NVIDIA Corporation,2022-11-07,2022-11-11,4,up,flat,0.28102858254751406,0.4541939087730726,0.2647775086794134,0.28102858254751406,-0.17316532622555852,False,False
NVIDIA Corporation,2022-11-08,2022-11-14,4,up,flat,0.30029209781365157,0.4156316677801014,0.28407623440624696,0.30029209781365157,-0.11533956996644984,False,False
NVIDIA Corporation,2022-11-09,2022-11-15,4,up,flat,0.3910854468367453,0.4637302138582742,0.14518433930498043,0.3910854468367453,-0.07264476702152889,False,False
NVIDIA Corporation,2022-11-10,2022-11-16,4,up,flat,0.2723287857896892,0.4446129043619733,0.2830583098483373,0.2830583098483373,-0.16155459451363602,False,False
NVIDIA Corporation,2022-11-11,2022-11-17,4,flat,flat,0.2749995679325033,0.45291786063708006,0.27208257143041653,0.2749995679325033,-0.17791829270457676,False,True
NVIDIA Corporation,2022-11-14,2022-11-18,4,down,flat,0.2712825804622232,0.4952403235513389,0.23347709598643776,0.2712825804622232,-0.2239577430891157,False,False
NVIDIA Corporation,2022-11-15,2022-11-21,4,down,flat,0.2519307830513764,0.5182518339245762,0.2298173830240473,0.2519307830513764,-0.2663210508731998,False,False
NVIDIA Corporation,2022-11-16,2022-11-22,4,flat,flat,0.32467480805989635,0.46913221285992635,0.2061929790801773,0.32467480805989635,-0.14445740480003,False,True
NVIDIA Corporation,2022-11-17,2022-11-23,4,flat,flat,0.22946797932276106,0.5077997456398864,0.26273227503735275,0.26273227503735275,-0.24506747060253364,False,True
NVIDIA Corporation,2022-11-18,2022-11-25,4,up,flat,0.143790172818729,0.6067099042962849,0.24949992288498601,0.24949992288498601,-0.3572099814112989,False,False
NVIDIA Corporation,2022-11-21,2022-11-28,4,up,flat,0.1636292737657499,0.6191031550471451,0.217267571187105,0.217267571187105,-0.4018355838600401,False,False
NVIDIA Corporation,2022-11-22,2022-11-29,4,flat,flat,0.18812065012403129,0.5541373731802831,0.25774197669568544,0.25774197669568544,-0.2963953964845977,False,True
NVIDIA Corporation,2022-11-23,2022-11-30,4,flat,flat,0.20755373880852396,0.48320001610179675,0.30924624508967924,0.30924624508967924,-0.1739537710121175,False,True
NVIDIA Corporation,2022-11-25,2022-12-01,4,up,flat,0.3003354102264778,0.4281856092212594,0.27147898055226266,0.3003354102264778,-0.12785019899478162,False,False
NVIDIA Corporation,2022-11-28,2022-12-02,4,up,flat,0.32189173133177074,0.39725072774210757,0.2808575409261217,0.32189173133177074,-0.07535899641033683,False,False
NVIDIA Corporation,2022-11-29,2022-12-05,4,up,flat,0.2655690768395119,0.4214095984654266,0.3130213246950615,0.3130213246950615,-0.10838827377036508,False,False
NVIDIA Corporation,2022-11-30,2022-12-06,4,flat,up,0.1877176240184337,0.37410339999083836,0.4381789759907281,0.4381789759907281,0.06407557599988972,True,False
NVIDIA Corporation,2022-12-01,2022-12-07,4,down,up,0.1466346120815728,0.40203205998990366,0.4513333279285238,0.4513333279285238,0.049301267938620164,True,False
NVIDIA Corporation,2022-12-02,2022-12-08,4,flat,flat,0.2049686662421251,0.4330770074124335,0.36195432634544145,0.36195432634544145,-0.07112268106699204,False,True
NVIDIA Corporation,2022-12-05,2022-12-09,4,flat,flat,0.1881856988713129,0.41855705590070413,0.393257245227983,0.393257245227983,-0.025299810672721135,False,True
NVIDIA Corporation,2022-12-06,2022-12-12,4,up,flat,0.22990129719286104,0.4077715477830597,0.3623271550240793,0.3623271550240793,-0.04544439275898038,False,False
NVIDIA Corporation,2022-12-07,2022-12-13,4,up,flat,0.20174739530189262,0.4238085284210773,0.37444407627703,0.37444407627703,-0.04936445214404728,False,False
NVIDIA Corporation,2022-12-08,2022-12-14,4,up,up,0.1546901698337849,0.3658132750546125,0.4794965551116028,0.4794965551116028,0.1136832800569903,True,True
NVIDIA Corporation,2022-12-09,2022-12-15,4,flat,up,0.15960636039831347,0.3873590762676249,0.45303456333406167,0.45303456333406167,0.06567548706643678,True,False
NVIDIA Corporation,2022-12-12,2022-12-16,4,down,up,0.20700110131604238,0.38610012157196344,0.40689877711199424,0.40689877711199424,0.020798655540030797,True,False
NVIDIA Corporation,2022-12-13,2022-12-19,4,down,up,0.1844608058345936,0.3634853363563981,0.4520538578090084,0.4520538578090084,0.0885685214526103,True,False
NVIDIA Corporation,2022-12-14,2022-12-20,4,down,up,0.25885184300247277,0.33834878948288943,0.40279936751463796,0.40279936751463796,0.06445057803174853,True,False
NVIDIA Corporation,2022-12-15,2022-12-21,4,down,flat,0.2142159631584546,0.39372735167293194,0.3920566851686136,0.3920566851686136,-0.0016706665043183522,False,False
NVIDIA Corporation,2022-12-16,2022-12-22,4,down,flat,0.14416834252341273,0.45697222669585935,0.39885943078072794,0.39885943078072794,-0.05811279591513141,False,False
NVIDIA Corporation,2022-12-19,2022-12-23,4,down,flat,0.16325511487939393,0.46090523643272197,0.375839648687884,0.375839648687884,-0.08506558774483797,False,False
NVIDIA Corporation,2022-12-20,2022-12-27,4,down,flat,0.1800045849018923,0.4171800980580185,0.4028153170400892,0.4028153170400892,-0.014364781017929262,False,False
NVIDIA Corporation,2022-12-21,2022-12-28,4,down,up,0.19751282758913064,0.3964471631561435,0.40604000925472594,0.40604000925472594,0.009592846098582464,True,False
NVIDIA Corporation,2022-12-22,2022-12-29,4,down,flat,0.30297464092412824,0.3495200848761052,0.3475052741997666,0.3475052741997666,-0.0020148106763385742,False,False
NVIDIA Corporation,2022-12-23,2022-12-30,4,down,flat,0.28160080227441026,0.36439262901730657,0.3540065687082831,0.3540065687082831,-0.010386060309023448,False,False
NVIDIA Corporation,2022-12-27,2023-01-03,4,flat,flat,0.2754850683738506,0.38814497729915565,0.3363699543269938,0.3363699543269938,-0.051775022972161855,False,True
NVIDIA Corporation,2022-12-28,2023-01-04,4,flat,flat,0.2557944890499281,0.4042509548418009,0.33995455610827097,0.33995455610827097,-0.06429639873352994,False,True
NVIDIA Corporation,2022-12-29,2023-01-05,4,flat,flat,0.21640762692772797,0.40308512606487823,0.3805072470073937,0.3805072470073937,-0.02257787905748454,False,True
NVIDIA Corporation,2022-12-30,2023-01-06,4,up,flat,0.28470162764961027,0.4076135230988642,0.3076848492515254,0.3076848492515254,-0.09992867384733883,False,False
NVIDIA Corporation,2023-01-03,2023-01-09,4,up,flat,0.2875072991530137,0.3787455221455704,0.3337471787014158,0.3337471787014158,-0.0449983434441546,False,False
NVIDIA Corporation,2023-01-04,2023-01-10,4,up,flat,0.2955879623287072,0.35926443330597413,0.3451476043653187,0.3451476043653187,-0.014116828940655413,False,False
NVIDIA Corporation,2023-01-05,2023-01-11,4,up,flat,0.32697167988594067,0.37287190297732314,0.30015641713673613,0.32697167988594067,-0.045900223091382475,False,False
NVIDIA Corporation,2023-01-06,2023-01-12,4,up,up,0.1714572974524467,0.20461734482499183,0.6239253577225615,0.6239253577225615,0.4193080128975697,True,True
NVIDIA Corporation,2023-01-09,2023-01-13,4,up,flat,0.1629255778101699,0.7131317884482264,0.12394263374160357,0.1629255778101699,-0.5502062106380565,False,False
NVIDIA Corporation,2023-01-10,2023-01-17,4,up,flat,0.15722069961929988,0.7156700469304339,0.12710925345026608,0.15722069961929988,-0.558449347311134,False,False
NVIDIA Corporation,2023-01-11,2023-01-18,4,up,flat,0.15943088391448273,0.7246959018373331,0.11587321424818393,0.15943088391448273,-0.5652650179228504,False,False
NVIDIA Corporation,2023-01-12,2023-01-19,4,flat,flat,0.1461129788306789,0.7234446606940437,0.13044236047527724,0.1461129788306789,-0.5773316818633648,False,True
NVIDIA Corporation,2023-01-13,2023-01-20,4,flat,flat,0.15531905305820254,0.724956740789331,0.11972420615246636,0.15531905305820254,-0.5696376877311284,False,True
NVIDIA Corporation,2023-01-17,2023-01-23,4,up,flat,0.16340937907222142,0.7310064124065188,0.10558420852125973,0.16340937907222142,-0.5675970333342973,False,False
NVIDIA Corporation,2023-01-18,2023-01-24,4,up,flat,0.16528117124770042,0.7318452116069243,0.10287361714537528,0.16528117124770042,-0.5665640403592238,False,False
NVIDIA Corporation,2023-01-19,2023-01-25,4,up,flat,0.16889075005886325,0.7104756649505835,0.12063358499055334,0.16889075005886325,-0.5415849148917202,False,False
NVIDIA Corporation,2023-01-20,2023-01-26,4,up,flat,0.17586125574982714,0.7177725270240709,0.106366217226102,0.17586125574982714,-0.5419112712742438,False,False
NVIDIA Corporation,2023-01-23,2023-01-27,4,up,flat,0.17281105680040945,0.7308040583116915,0.09638488488789887,0.17281105680040945,-0.5579930015112821,False,False
NVIDIA Corporation,2023-01-24,2023-01-30,4,flat,flat,0.1680674612057806,0.7359708951551834,0.09596164363903593,0.1680674612057806,-0.5679034339494029,False,True
NVIDIA Corporation,2023-01-25,2023-01-31,4,flat,flat,0.17736562912580375,0.7213908226198174,0.10124354825437887,0.17736562912580375,-0.5440251934940136,False,True
NVIDIA Corporation,2023-01-26,2023-02-01,4,flat,flat,0.162527919703829,0.7348802998322139,0.10259178046395696,0.162527919703829,-0.572352380128385,False,True
NVIDIA Corporation,2023-01-27,2023-02-02,4,up,flat,0.16763732649221572,0.7324224864696034,0.09994018703818079,0.16763732649221572,-0.5647851599773877,False,False
NVIDIA Corporation,2023-01-30,2023-02-03,4,up,flat,0.17838699038967507,0.7171900157408049,0.10442299386952025,0.17838699038967507,-0.5388030253511298,False,False
NVIDIA Corporation,2023-01-31,2023-02-06,4,up,flat,0.19557470207377517,0.6986311370045686,0.10579416092165621,0.19557470207377517,-0.5030564349307934,False,False
NVIDIA Corporation,2023-02-01,2023-02-07,4,up,flat,0.1815228710941519,0.7297541043543447,0.08872302455150331,0.1815228710941519,-0.5482312332601929,False,False
NVIDIA Corporation,2023-02-02,2023-02-08,4,up,flat,0.16730829429194663,0.7392081935221424,0.09348351218591076,0.16730829429194663,-0.5718998992301958,False,False
NVIDIA Corporation,2023-02-03,2023-02-09,4,up,flat,0.16619409955990766,0.7320545726964025,0.10175132774368982,0.16619409955990766,-0.5658604731364949,False,False
NVIDIA Corporation,2023-02-06,2023-02-10,4,flat,flat,0.16584185307632104,0.7383300697437636,0.09582807717991541,0.16584185307632104,-0.5724882166674425,False,True
NVIDIA Corporation,2023-02-07,2023-02-13,4,flat,flat,0.17022541819241566,0.7242621698592054,0.10551241194837893,0.17022541819241566,-0.5540367516667898,False,True
NVIDIA Corporation,2023-02-08,2023-02-14,4,flat,flat,0.15902624499229015,0.7441950206287267,0.09677873437898304,0.15902624499229015,-0.5851687756364365,False,True
NVIDIA Corporation,2023-02-09,2023-02-15,4,flat,flat,0.15608844901420663,0.7581198018955482,0.0857917490902451,0.15608844901420663,-0.6020313528813416,False,True
NVIDIA Corporation,2023-02-10,2023-02-16,4,flat,flat,0.1572750778101707,0.7213000113400192,0.12142491084981011,0.1572750778101707,-0.5640249335298485,False,True
NVIDIA Corporation,2023-02-13,2023-02-17,4,flat,flat,0.1696564904348612,0.7275929233358457,0.10275058622929316,0.1696564904348612,-0.5579364329009845,False,True
NVIDIA Corporation,2023-02-14,2023-02-21,4,down,flat,0.17029037747066525,0.7116058562263959,0.11810376630293874,0.17029037747066525,-0.5413154787557307,False,False
NVIDIA Corporation,2023-02-15,2023-02-22,4,down,flat,0.1743626440333111,0.7323212135188428,0.09331614244784606,0.1743626440333111,-0.5579585694855318,False,False
NVIDIA Corporation,2023-02-16,2023-02-23,4,up,flat,0.18544690434480318,0.7144896173267762,0.10006347832842068,0.18544690434480318,-0.529042712981973,False,False
NVIDIA Corporation,2023-02-17,2023-02-24,4,up,flat,0.17790247449877483,0.7167394278958076,0.10535809760541766,0.17790247449877483,-0.5388369533970327,False,False
NVIDIA Corporation,2023-02-21,2023-02-27,4,up,flat,0.195134262148113,0.5377415155248357,0.26712422232705135,0.26712422232705135,-0.2706172931977844,False,False
NVIDIA Corporation,2023-02-22,2023-02-28,4,up,up,0.15212377311100897,0.24679085110239654,0.6010853757865944,0.6010853757865944,0.35429452468419786,True,True
NVIDIA Corporation,2023-02-23,2023-03-01,4,flat,flat,0.14903314017766944,0.622401693739229,0.2285651660831015,0.2285651660831015,-0.39383652765612753,False,True
NVIDIA Corporation,2023-02-24,2023-03-02,4,flat,flat,0.16035277685913082,0.7281835694196754,0.11146365372119382,0.16035277685913082,-0.5678307925605446,False,True
NVIDIA Corporation,2023-02-27,2023-03-03,4,flat,flat,0.1580188973264949,0.7321036242334764,0.10987747844002856,0.1580188973264949,-0.5740847269069815,False,True
NVIDIA Corporation,2023-02-28,2023-03-06,4,flat,flat,0.18071458257056103,0.6815405230062186,0.13774489442322038,0.18071458257056103,-0.5008259404356575,False,True
NVIDIA Corporation,2023-03-01,2023-03-07,4,flat,flat,0.17864350610672053,0.48707828913745815,0.3342782047558214,0.3342782047558214,-0.15280008438163678,False,True
NVIDIA Corporation,2023-03-02,2023-03-08,4,up,flat,0.1895825039287155,0.4382825605800973,0.37213493549118726,0.37213493549118726,-0.06614762508891003,False,False
NVIDIA Corporation,2023-03-03,2023-03-09,4,flat,flat,0.1820617645474445,0.6994832543130403,0.11845498113951511,0.1820617645474445,-0.5174214897655958,False,True
NVIDIA Corporation,2023-03-06,2023-03-10,4,down,flat,0.1782606140185575,0.7199027978285768,0.10183658815286553,0.1782606140185575,-0.5416421838100193,False,False
NVIDIA Corporation,2023-03-07,2023-03-13,4,down,flat,0.18274860082210595,0.5606293390943968,0.25662206008349725,0.25662206008349725,-0.3040072790108996,False,False
NVIDIA Corporation,2023-03-08,2023-03-14,4,flat,up,0.17281190999466398,0.2626821232802795,0.5645059667250564,0.5645059667250564,0.30182384344477686,True,False
NVIDIA Corporation,2023-03-09,2023-03-15,4,flat,up,0.16452505732333028,0.24704468992747278,0.5884302527491969,0.5884302527491969,0.34138556282172416,True,False
NVIDIA Corporation,2023-03-10,2023-03-16,4,up,up,0.16119673416196262,0.2400275152354056,0.5987757506026317,0.5987757506026317,0.35874823536722605,True,True
NVIDIA Corporation,2023-03-13,2023-03-17,4,up,up,0.17717716045524934,0.24228224029854395,0.5805405992462067,0.5805405992462067,0.33825835894766276,True,True
NVIDIA Corporation,2023-03-14,2023-03-20,4,up,up,0.16602540757953904,0.27487282207985475,0.5591017703406062,0.5591017703406062,0.2842289482607514,True,True
NVIDIA Corporation,2023-03-15,2023-03-21,4,up,up,0.17755287367924713,0.2456111588487221,0.5768359674720307,0.5768359674720307,0.3312248086233086,True,True
NVIDIA Corporation,2023-03-16,2023-03-22,4,up,up,0.17688841173708308,0.2522689059912554,0.5708426822716615,0.5708426822716615,0.31857377628040606,True,True
NVIDIA Corporation,2023-03-17,2023-03-23,4,up,up,0.1987137072080974,0.27061445080481494,0.5306718419870876,0.5306718419870876,0.26005739118227267,True,True
NVIDIA Corporation,2023-03-20,2023-03-24,4,up,up,0.18533041546232365,0.35879273080178864,0.45587685373588777,0.45587685373588777,0.09708412293409913,True,True
NVIDIA Corporation,2023-03-21,2023-03-27,4,flat,up,0.14453206216369377,0.3154449296882278,0.5400230081480784,0.5400230081480784,0.22457807845985056,True,False
NVIDIA Corporation,2023-03-22,2023-03-28,4,flat,flat,0.1485295239865818,0.4274579020515832,0.4240125739618349,0.4240125739618349,-0.0034453280897482896,False,True
NVIDIA Corporation,2023-03-23,2023-03-29,4,flat,flat,0.14713585157017256,0.6808225863520665,0.17204156207776092,0.17204156207776092,-0.5087810242743056,False,True
NVIDIA Corporation,2023-03-24,2023-03-30,4,flat,flat,0.18382911303633337,0.7028077703274446,0.11336311663622207,0.18382911303633337,-0.5189786572911113,False,True
NVIDIA Corporation,2023-03-27,2023-03-31,4,flat,flat,0.2049960144844116,0.6667090927588212,0.12829489275676723,0.2049960144844116,-0.46171307827440955,False,True
NVIDIA Corporation,2023-03-28,2023-04-03,4,up,flat,0.22051183733084043,0.39642467426411343,0.3830634884050461,0.3830634884050461,-0.013361185859067315,False,False
NVIDIA Corporation,2023-03-29,2023-04-04,4,up,up,0.2058775160446495,0.21391622186020195,0.5802062620951486,0.5802062620951486,0.3662900402349466,True,True
NVIDIA Corporation,2023-03-30,2023-04-05,4,flat,up,0.23133040469799235,0.2170660460385167,0.551603549263491,0.551603549263491,0.3345375032249743,True,False
NVIDIA Corporation,2023-03-31,2023-04-06,4,down,up,0.3643727990918565,0.2428779337576602,0.3927492671504833,0.3927492671504833,0.1498713333928231,True,False
NVIDIA Corporation,2023-04-03,2023-04-10,4,flat,down,0.4341141595295984,0.22736806142481383,0.33851777904558783,0.4341141595295984,0.2067460981047846,True,False
NVIDIA Corporation,2023-04-04,2023-04-11,4,flat,up,0.2555714499972229,0.21191818916842747,0.5325103608343497,0.5325103608343497,0.3205921716659222,True,False
NVIDIA Corporation,2023-04-05,2023-04-12,4,flat,up,0.1777368798634829,0.22240338165263593,0.5998597384838812,0.5998597384838812,0.37745635683124523,True,False
NVIDIA Corporation,2023-04-06,2023-04-13,4,flat,up,0.2073140625760566,0.20013918350410512,0.5925467539198382,0.5925467539198382,0.39240757041573315,True,False
NVIDIA Corporation,2023-04-10,2023-04-14,4,down,up,0.20746474390402803,0.20445591687996517,0.5880793392160067,0.5880793392160067,0.3836234223360416,True,False
NVIDIA Corporation,2023-04-11,2023-04-17,4,down,up,0.23283601701374138,0.20970826090194505,0.5574557220843136,0.5574557220843136,0.34774746118236854,True,False
NVIDIA Corporation,2023-04-12,2023-04-18,4,up,up,0.21252822560763304,0.21636517295929733,0.5711066014330697,0.5711066014330697,0.3547414284737723,True,True
NVIDIA Corporation,2023-04-13,2023-04-19,4,up,up,0.22803504963637677,0.1880797288478792,0.5838852215157441,0.5838852215157441,0.39580549266786486,True,True
NVIDIA Corporation,2023-04-14,2023-04-20,4,up,up,0.20956113400934617,0.20730248837128937,0.5831363776193644,0.5831363776193644,0.37583388924807504,True,True
NVIDIA Corporation,2023-04-17,2023-04-21,4,flat,up,0.22064791157693947,0.19889280027532663,0.5804592881477338,0.5804592881477338,0.3815664878724072,True,False
NVIDIA Corporation,2023-04-18,2023-04-24,4,down,up,0.16242734526894906,0.21171947978867098,0.62585317494238,0.62585317494238,0.414133695153709,True,False
NVIDIA Corporation,2023-04-19,2023-04-25,4,down,up,0.21182985010980454,0.20195330446857576,0.5862168454216198,0.5862168454216198,0.38426354095304405,True,False
NVIDIA Corporation,2023-04-20,2023-04-26,4,flat,up,0.1756087957020811,0.2355323883990326,0.5888588158988862,0.5888588158988862,0.35332642749985366,True,False
NVIDIA Corporation,2023-04-21,2023-04-27,4,flat,up,0.2195057540589586,0.18958982492826193,0.5909044210127795,0.5909044210127795,0.4013145960845176,True,False
NVIDIA Corporation,2023-04-24,2023-04-28,4,flat,up,0.214280146040114,0.2004204160032506,0.5852994379566352,0.5852994379566352,0.3848790219533846,True,False
NVIDIA Corporation,2023-04-25,2023-05-01,4,up,up,0.18664513132376903,0.22465880478911354,0.5886960638871173,0.5886960638871173,0.3640372590980037,True,True
NVIDIA Corporation,2023-04-26,2023-05-02,4,up,up,0.17360236179998026,0.22890948081327328,0.5974881573867463,0.5974881573867463,0.36857867657347304,True,True
NVIDIA Corporation,2023-04-27,2023-05-03,4,up,up,0.18470880401670176,0.23805673045353182,0.5772344655297663,0.5772344655297663,0.3391777350762345,True,True
NVIDIA Corporation,2023-04-28,2023-05-04,4,flat,up,0.20183076015323734,0.2255814119951754,0.5725878278515872,0.5725878278515872,0.34700641585641184,True,False
NVIDIA Corporation,2023-05-01,2023-05-05,4,flat,up,0.14351267642972726,0.2193039733203022,0.6371833502499705,0.6371833502499705,0.41787937692966837,True,False
NVIDIA Corporation,2023-05-02,2023-05-08,4,flat,up,0.182880478217029,0.22050355180772593,0.596615969975245,0.596615969975245,0.37611241816751906,True,False
NVIDIA Corporation,2023-05-03,2023-05-09,4,up,up,0.1824424086145651,0.22687734019054998,0.590680251194885,0.590680251194885,0.36380291100433504,True,True
NVIDIA Corporation,2023-05-04,2023-05-10,4,up,up,0.2167756034369593,0.19834211057470358,0.5848822859883371,0.5848822859883371,0.38654017541363356,True,True
NVIDIA Corporation,2023-05-05,2023-05-11,4,flat,up,0.1804892059524102,0.21973844286689434,0.5997723511806954,0.5997723511806954,0.380033908313801,True,False
NVIDIA Corporation,2023-05-08,2023-05-12,4,flat,up,0.1722452719461154,0.2268254956645027,0.6009292323893819,0.6009292323893819,0.3741037367248792,True,False
NVIDIA Corporation,2023-05-09,2023-05-15,4,flat,up,0.2167430771319792,0.2162945261187812,0.5669623967492395,0.5669623967492395,0.35066787063045834,True,False
NVIDIA Corporation,2023-05-10,2023-05-16,4,flat,up,0.1693326990211416,0.2412566620019276,0.5894106389769308,0.5894106389769308,0.34815397697500317,True,False
NVIDIA Corporation,2023-05-11,2023-05-17,4,up,up,0.2062641667210112,0.20170992719042966,0.5920259060885591,0.5920259060885591,0.3903159788981294,True,True
NVIDIA Corporation,2023-05-12,2023-05-18,4,up,up,0.22886508580003045,0.18975173901364925,0.5813831751863202,0.5813831751863202,0.39163143617267093,True,True
NVIDIA Corporation,2023-05-15,2023-05-19,4,up,up,0.2206912322467561,0.19768999455350844,0.5816187731997354,0.5816187731997354,0.383928778646227,True,True
NVIDIA Corporation,2023-05-16,2023-05-22,4,up,up,0.16667857724917312,0.23224755453681095,0.6010738682140159,0.6010738682140159,0.3688263136772049,True,True
NVIDIA Corporation,2023-05-17,2023-05-23,4,up,up,0.15080353663679125,0.24445675929095254,0.6047397040722562,0.6047397040722562,0.3602829447813036,True,True
NVIDIA Corporation,2023-05-18,2023-05-24,4,down,up,0.1509365581954108,0.22088254762028559,0.6281808941843035,0.6281808941843035,0.40729834656401787,True,False
NVIDIA Corporation,2023-05-19,2023-05-25,4,up,up,0.16580432657002026,0.23220106903610008,0.6019946043938796,0.6019946043938796,0.3697935353577796,True,True
NVIDIA Corporation,2023-05-22,2023-05-26,4,up,up,0.1806033749185782,0.22023015867882134,0.5991664664026006,0.5991664664026006,0.3789363077237793,True,True
NVIDIA Corporation,2023-05-23,2023-05-30,4,up,up,0.1896401862306988,0.21032377145148967,0.6000360423178116,0.6000360423178116,0.38971227086632193,True,True
NVIDIA Corporation,2023-05-24,2023-05-31,4,up,up,0.16976434472328536,0.19585863750651913,0.6343770177701955,0.6343770177701955,0.4385183802636764,True,True
NVIDIA Corporation,2023-05-25,2023-06-01,4,flat,flat,0.1427140447563039,0.7210002945352258,0.13628566070847023,0.1427140447563039,-0.578286249778922,False,True
NVIDIA Corporation,2023-05-26,2023-06-02,4,up,flat,0.14880703440578708,0.7293785672770573,0.12181439831715554,0.14880703440578708,-0.5805715328712702,False,False
NVIDIA Corporation,2023-05-30,2023-06-05,4,down,flat,0.14395211809547148,0.7366672587412015,0.119380623163327,0.14395211809547148,-0.59271514064573,False,False
NVIDIA Corporation,2023-05-31,2023-06-06,4,flat,flat,0.1551097620968426,0.7085165044715724,0.1363737334315849,0.1551097620968426,-0.5534067423747299,False,True
NVIDIA Corporation,2023-06-01,2023-06-07,4,flat,flat,0.15957073381567793,0.7236500729208988,0.11677919326342313,0.15957073381567793,-0.5640793391052208,False,True
NVIDIA Corporation,2023-06-02,2023-06-08,4,down,flat,0.1622471201550307,0.7243369773345983,0.11341590251037093,0.1622471201550307,-0.5620898571795676,False,False
NVIDIA Corporation,2023-06-05,2023-06-09,4,flat,flat,0.17349300850584332,0.722012898763779,0.10449409273037771,0.17349300850584332,-0.5485198902579358,False,True
NVIDIA Corporation,2023-06-06,2023-06-12,4,flat,flat,0.18037308927136142,0.7105175445247638,0.10910936620387482,0.18037308927136142,-0.5301444552534024,False,True
NVIDIA Corporation,2023-06-07,2023-06-13,4,up,flat,0.17888938746685673,0.7181365621054581,0.1029740504276852,0.17888938746685673,-0.5392471746386014,False,False
NVIDIA Corporation,2023-06-08,2023-06-14,4,up,down,0.6311931013376247,0.2709707933220015,0.09783610534037365,0.6311931013376247,0.3602223080156232,True,False
NVIDIA Corporation,2023-06-09,2023-06-15,4,up,down,0.530356285888031,0.37527781617015393,0.09436589794181494,0.530356285888031,0.15507846971787703,True,False
NVIDIA Corporation,2023-06-12,2023-06-16,4,up,flat,0.28622571970376487,0.6309395770180632,0.08283470327817173,0.28622571970376487,-0.3447138573142984,False,False
NVIDIA Corporation,2023-06-13,2023-06-20,4,up,flat,0.14475050641345466,0.7468785574576955,0.10837093612884964,0.14475050641345466,-0.6021280510442408,False,False
NVIDIA Corporation,2023-06-14,2023-06-21,4,flat,flat,0.14241247080539943,0.7478570816816486,0.10973044751295187,0.14241247080539943,-0.6054446108762491,False,True
NVIDIA Corporation,2023-06-15,2023-06-22,4,flat,flat,0.18495697822789509,0.703085213613526,0.11195780815857875,0.18495697822789509,-0.5181282353856309,False,True
NVIDIA Corporation,2023-06-16,2023-06-23,4,flat,flat,0.1449943786653693,0.7509533108622621,0.10405231047236856,0.1449943786653693,-0.6059589321968928,False,True
NVIDIA Corporation,2023-06-20,2023-06-26,4,down,flat,0.17027527043171276,0.7203999067444429,0.10932482282384441,0.17027527043171276,-0.5501246363127301,False,False
NVIDIA Corporation,2023-06-21,2023-06-27,4,down,flat,0.1676117173086764,0.5483306287081312,0.2840576539831921,0.2840576539831921,-0.2642729747249391,False,False
NVIDIA Corporation,2023-06-22,2023-06-28,4,down,up,0.1730069989854254,0.22323785478399155,0.603755146230583,0.603755146230583,0.38051729144659147,True,False
NVIDIA Corporation,2023-06-23,2023-06-29,4,down,up,0.18599553949537193,0.20889681563788665,0.6051076448667415,0.6051076448667415,0.39621082922885487,True,False
NVIDIA Corporation,2023-06-26,2023-06-30,4,flat,up,0.17605378797237298,0.2204719178427263,0.6034742941849007,0.6034742941849007,0.38300237634217443,True,False
NVIDIA Corporation,2023-06-27,2023-07-03,4,up,up,0.19859740382287835,0.1956938440697905,0.6057087521073312,0.6057087521073312,0.4100149080375407,True,True
NVIDIA Corporation,2023-06-28,2023-07-05,4,up,up,0.19246856242996746,0.2198002302134861,0.5877312073565464,0.5877312073565464,0.3679309771430603,True,True
NVIDIA Corporation,2023-06-29,2023-07-06,4,flat,up,0.318357814904719,0.18070407694131357,0.5009381081539674,0.5009381081539674,0.32023403121265387,True,False
NVIDIA Corporation,2023-06-30,2023-07-07,4,flat,up,0.2685712483240831,0.22414364905726522,0.5072851026186517,0.5072851026186517,0.2831414535613864,True,False
NVIDIA Corporation,2023-07-03,2023-07-10,4,flat,up,0.26180191955887433,0.199226168197628,0.5389719122434977,0.5389719122434977,0.3397457440458697,True,False
NVIDIA Corporation,2023-07-05,2023-07-11,4,flat,up,0.21342406797384347,0.214045344568515,0.5725305874576415,0.5725305874576415,0.35848524288912653,True,False
NVIDIA Corporation,2023-07-06,2023-07-12,4,up,up,0.2227982210940311,0.1929031420994853,0.5842986368064836,0.5842986368064836,0.3913954947069983,True,True
NVIDIA Corporation,2023-07-07,2023-07-13,4,up,up,0.19279965832510096,0.21213007474318954,0.5950702669317094,0.5950702669317094,0.3829401921885198,True,True
NVIDIA Corporation,2023-07-10,2023-07-14,4,up,up,0.22765243711285096,0.1964920044679812,0.5758555584191678,0.5758555584191678,0.3793635539511866,True,True
NVIDIA Corporation,2023-07-11,2023-07-17,4,up,up,0.22853312503912182,0.20993938175858604,0.5615274932022921,0.5615274932022921,0.35158811144370605,True,True
NVIDIA Corporation,2023-07-12,2023-07-18,4,up,up,0.16560048692243834,0.22365597570668458,0.6107435373708772,0.6107435373708772,0.38708756166419256,True,True
NVIDIA Corporation,2023-07-13,2023-07-19,4,up,up,0.15212100680971738,0.23618672469893345,0.6116922684913491,0.6116922684913491,0.37550554379241563,True,True
NVIDIA Corporation,2023-07-14,2023-07-20,4,flat,up,0.14370026313473983,0.22493174186297576,0.6313679950022841,0.6313679950022841,0.40643625313930837,True,False
NVIDIA Corporation,2023-07-17,2023-07-21,4,down,up,0.1697975782769015,0.22690503750525687,0.6032973842178416,0.6032973842178416,0.37639234671258476,True,False
NVIDIA Corporation,2023-07-18,2023-07-24,4,down,up,0.1407753122382561,0.23678806311614292,0.6224366246456008,0.6224366246456008,0.38564856152945787,True,False
NVIDIA Corporation,2023-07-19,2023-07-25,4,down,up,0.17327122769476602,0.223836161317383,0.602892610987851,0.602892610987851,0.379056449670468,True,False
NVIDIA Corporation,2023-07-20,2023-07-26,4,flat,up,0.18240299250494407,0.20969197614365892,0.6079050313513971,0.6079050313513971,0.39821305520773814,True,False
NVIDIA Corporation,2023-07-21,2023-07-27,4,up,up,0.1698711240602197,0.20263677581336823,0.6274921001264121,0.6274921001264121,0.42485532431304385,True,True
NVIDIA Corporation,2023-07-24,2023-07-28,4,up,up,0.21640593877275824,0.1919853196705831,0.5916087415566587,0.5916087415566587,0.3996234218860756,True,True
NVIDIA Corporation,2023-07-25,2023-07-31,4,up,up,0.22252813864654306,0.19587411823358372,0.5815977431198731,0.5815977431198731,0.3857236248862894,True,True
NVIDIA Corporation,2023-07-26,2023-08-01,4,flat,up,0.2536937035404602,0.2022870710625223,0.5440192253970175,0.5440192253970175,0.3417321543344952,True,False
NVIDIA Corporation,2023-07-27,2023-08-02,4,down,down,0.4083418438231887,0.2317731803570504,0.359884975819761,0.4083418438231887,0.1765686634661383,True,True
NVIDIA Corporation,2023-07-28,2023-08-03,4,down,up,0.3331925981483479,0.20318916974358647,0.46361823210806563,0.46361823210806563,0.26042906236447916,True,False
NVIDIA Corporation,2023-07-31,2023-08-04,4,down,up,0.21435070129171727,0.2046433762968627,0.58100592241142,0.58100592241142,0.37636254611455733,True,False
NVIDIA Corporation,2023-08-01,2023-08-07,4,down,up,0.21714051601997125,0.2022162377370121,0.5806432462430167,0.5806432462430167,0.3784270085060045,True,False
NVIDIA Corporation,2023-08-02,2023-08-08,4,flat,up,0.16259357986846942,0.22301517046248737,0.6143912496690431,0.6143912496690431,0.39137607920655576,True,False
NVIDIA Corporation,2023-08-03,2023-08-09,4,down,up,0.20351919132579957,0.1955791442456128,0.6009016644285876,0.6009016644285876,0.4053225201829748,True,False
NVIDIA Corporation,2023-08-04,2023-08-10,4,down,up,0.19610483804523862,0.2088739544299486,0.5950212075248127,0.5950212075248127,0.3861472530948641,True,False
NVIDIA Corporation,2023-08-07,2023-08-11,4,down,up,0.19984619102768694,0.22179689879208145,0.5783569101802315,0.5783569101802315,0.3565600113881501,True,False
NVIDIA Corporation,2023-08-08,2023-08-14,4,down,up,0.21838497785460284,0.2064208218564571,0.5751942002889401,0.5751942002889401,0.368773378432483,True,False
NVIDIA Corporation,2023-08-09,2023-08-15,4,flat,up,0.15956077488400602,0.21046108199179736,0.6299781431241966,0.6299781431241966,0.4195170611323993,True,False
NVIDIA Corporation,2023-08-10,2023-08-16,4,up,up,0.15639040782695005,0.2119519726876822,0.6316576194853677,0.6316576194853677,0.4197056467976855,True,True
NVIDIA Corporation,2023-08-11,2023-08-17,4,up,up,0.14870786161313382,0.18921544128593687,0.6620766971009293,0.6620766971009293,0.47286125581499244,True,True
NVIDIA Corporation,2023-08-14,2023-08-18,4,flat,up,0.15266686551952935,0.1928341934296404,0.6544989410508302,0.6544989410508302,0.4616647476211898,True,False
NVIDIA Corporation,2023-08-15,2023-08-21,4,flat,up,0.144657043901984,0.2293038302038411,0.6260391258941749,0.6260391258941749,0.3967352956903338,True,False
NVIDIA Corporation,2023-08-16,2023-08-22,4,up,up,0.17168924680917547,0.23262572454169478,0.5956850286491298,0.5956850286491298,0.363059304107435,True,True
NVIDIA Corporation,2023-08-17,2023-08-23,4,up,up,0.16405042510780796,0.24006878244782265,0.5958807924443694,0.5958807924443694,0.3558120099965468,True,True
NVIDIA Corporation,2023-08-18,2023-08-24,4,up,up,0.1448314798032638,0.20584124181921795,0.6493272783775184,0.6493272783775184,0.44348603655830043,True,True
NVIDIA Corporation,2023-08-21,2023-08-25,4,flat,up,0.14245338723577025,0.2272965507566547,0.630250062007575,0.630250062007575,0.4029535112509204,True,False
NVIDIA Corporation,2023-08-22,2023-08-28,4,flat,up,0.1359537134775974,0.24493280150499935,0.6191134850174033,0.6191134850174033,0.3741806835124039,True,False
NVIDIA Corporation,2023-08-23,2023-08-29,4,flat,flat,0.14904102266915567,0.728730992623311,0.12222798470753339,0.14904102266915567,-0.5796899699541553,False,True
NVIDIA Corporation,2023-08-24,2023-08-30,4,flat,flat,0.1434066024433734,0.7190470875224622,0.13754631003416448,0.1434066024433734,-0.5756404850790888,False,True
NVIDIA Corporation,2023-08-25,2023-08-31,4,up,flat,0.15058566616025088,0.7154706703161772,0.1339436635235718,0.15058566616025088,-0.5648850041559264,False,False
NVIDIA Corporation,2023-08-28,2023-09-01,4,up,flat,0.16325703620191334,0.7202344341804887,0.11650852961759794,0.16325703620191334,-0.5569773979785754,False,False
NVIDIA Corporation,2023-08-29,2023-09-05,4,flat,flat,0.1538721369874742,0.7240157153910194,0.12211214762150632,0.1538721369874742,-0.5701435784035451,False,True
NVIDIA Corporation,2023-08-30,2023-09-06,4,down,flat,0.13445704824427893,0.7429316161362904,0.12261133561943065,0.13445704824427893,-0.6084745678920115,False,False
NVIDIA Corporation,2023-08-31,2023-09-07,4,down,flat,0.1770639891535502,0.7313609656232749,0.0915750452231749,0.1770639891535502,-0.5542969764697248,False,False
NVIDIA Corporation,2023-09-01,2023-09-08,4,down,flat,0.1729102352265878,0.7349277978094934,0.09216196696391879,0.1729102352265878,-0.5620175625829056,False,False
NVIDIA Corporation,2023-09-05,2023-09-11,4,down,up,0.18231911875967308,0.33453385965630106,0.4831470215840258,0.4831470215840258,0.14861316192772472,True,False
NVIDIA Corporation,2023-09-06,2023-09-12,4,down,up,0.18401195987067515,0.22639203345580755,0.5895960066735173,0.5895960066735173,0.36320397321770975,True,False
NVIDIA Corporation,2023-09-07,2023-09-13,4,flat,up,0.16483694121787812,0.22713580237987213,0.6080272564022497,0.6080272564022497,0.3808914540223776,True,False
NVIDIA Corporation,2023-09-08,2023-09-14,4,flat,up,0.17301847705526724,0.2814504734857408,0.5455310494589921,0.5455310494589921,0.2640805759732513,True,False
NVIDIA Corporation,2023-09-11,2023-09-15,4,flat,up,0.1807089731308538,0.2124321247187636,0.6068589021503827,0.6068589021503827,0.39442677743161914,True,False
NVIDIA Corporation,2023-09-12,2023-09-18,4,down,up,0.3226597903933024,0.19587298756781402,0.4814672220388837,0.4814672220388837,0.2855942344710697,True,False
NVIDIA Corporation,2023-09-13,2023-09-19,4,down,up,0.31337290991709765,0.21568060064278902,0.4709464894401133,0.4709464894401133,0.25526588879732426,True,False
NVIDIA Corporation,2023-09-14,2023-09-20,4,down,up,0.2228820606650948,0.23565244820146167,0.5414654911334434,0.5414654911334434,0.30581304293198175,True,False
NVIDIA Corporation,2023-09-15,2023-09-21,4,down,up,0.18433595452459425,0.21150679428471444,0.6041572511906913,0.6041572511906913,0.3926504569059769,True,False
NVIDIA Corporation,2023-09-18,2023-09-22,4,down,up,0.16634179392888868,0.21121804399012578,0.6224401620809855,0.6224401620809855,0.41122211809085973,True,False
NVIDIA Corporation,2023-09-19,2023-09-25,4,down,up,0.18562705189780332,0.20446351677735267,0.6099094313248441,0.6099094313248441,0.40544591454749146,True,False
NVIDIA Corporation,2023-09-20,2023-09-26,4,down,up,0.17993030714587274,0.20807120401445497,0.6119984888396723,0.6119984888396723,0.40392728482521734,True,False
NVIDIA Corporation,2023-09-21,2023-09-27,4,flat,up,0.1668155203555233,0.1916925025539493,0.6414919770905274,0.6414919770905274,0.4497994745365781,True,False
NVIDIA Corporation,2023-09-22,2023-09-28,4,flat,up,0.15244787401567136,0.19455883442560407,0.6529932915587244,0.6529932915587244,0.45843445713312037,True,False
NVIDIA Corporation,2023-09-25,2023-09-29,4,up,up,0.17213974091505843,0.19675485484900015,0.6311054042359414,0.6311054042359414,0.4343505493869413,True,True
NVIDIA Corporation,2023-09-26,2023-10-02,4,up,up,0.16802533418376814,0.22130030608040235,0.6106743597358295,0.6106743597358295,0.38937405365542715,True,True
NVIDIA Corporation,2023-09-27,2023-10-03,4,up,up,0.16855556286269746,0.21962311129985776,0.6118213258374449,0.6118213258374449,0.3921982145375871,True,True
NVIDIA Corporation,2023-09-28,2023-10-04,4,flat,up,0.1514478062841587,0.2265395609990364,0.6220126327168048,0.6220126327168048,0.39547307171776847,True,False
NVIDIA Corporation,2023-09-29,2023-10-05,4,flat,up,0.14547602335883242,0.2391753737644961,0.6153486028766716,0.6153486028766716,0.3761732291121755,True,False
NVIDIA Corporation,2023-10-02,2023-10-06,4,flat,up,0.13998915526765124,0.2462602606861436,0.6137505840462052,0.6137505840462052,0.3674903233600616,True,False
NVIDIA Corporation,2023-10-03,2023-10-09,4,flat,up,0.16212274222773096,0.24310463417966455,0.5947726235926045,0.5947726235926045,0.35166798941294,True,False
NVIDIA Corporation,2023-10-04,2023-10-10,4,up,up,0.20329047941719616,0.202300445894793,0.5944090746880109,0.5944090746880109,0.39210862879321784,True,True
NVIDIA Corporation,2023-10-05,2023-10-11,4,up,up,0.15690441327992793,0.22987994207271314,0.6132156446473589,0.6132156446473589,0.3833357025746458,True,True
NVIDIA Corporation,2023-10-06,2023-10-12,4,up,up,0.15696656178784113,0.23878831915798937,0.6042451190541696,0.6042451190541696,0.3654567998961802,True,True
NVIDIA Corporation,2023-10-09,2023-10-13,4,up,up,0.17049399910920915,0.24369746887120033,0.5858085320195906,0.5858085320195906,0.34211106314839024,True,True
NVIDIA Corporation,2023-10-10,2023-10-16,4,flat,up,0.16457206610249026,0.23340754018877982,0.60202039370873,0.60202039370873,0.3686128535199501,True,False
NVIDIA Corporation,2023-10-11,2023-10-17,4,down,up,0.15686232011274856,0.23124640380905842,0.611891276078193,0.611891276078193,0.3806448722691346,True,False
NVIDIA Corporation,2023-10-12,2023-10-18,4,down,up,0.16218890161824717,0.2346421728743692,0.6031689255073837,0.6031689255073837,0.3685267526330145,True,False
NVIDIA Corporation,2023-10-13,2023-10-19,4,down,up,0.18077088249712184,0.22255565915071857,0.5966734583521596,0.5966734583521596,0.374117799201441,True,False
NVIDIA Corporation,2023-10-16,2023-10-20,4,down,up,0.20663595747961838,0.20424616018340092,0.5891178823369807,0.5891178823369807,0.3848717221535798,True,False
NVIDIA Corporation,2023-10-17,2023-10-23,4,down,up,0.15583499035567672,0.19925191424012192,0.6449130954042015,0.6449130954042015,0.4456611811640796,True,False
NVIDIA Corporation,2023-10-18,2023-10-24,4,flat,up,0.14209204897680777,0.17754717650271426,0.680360774520478,0.680360774520478,0.5028135980177638,True,False
NVIDIA Corporation,2023-10-19,2023-10-25,4,flat,up,0.16936272437189362,0.17317452100259403,0.6574627546255123,0.6574627546255123,0.4842882336229183,True,False
NVIDIA Corporation,2023-10-20,2023-10-26,4,flat,up,0.17463717006787843,0.18583785881957007,0.6395249711125515,0.6395249711125515,0.4536871122929814,True,False
NVIDIA Corporation,2023-10-23,2023-10-27,4,down,down,0.46931823571257736,0.18860273657781368,0.3420790277096091,0.46931823571257736,0.2807154991347637,True,True
NVIDIA Corporation,2023-10-24,2023-10-30,4,down,down,0.4375010086777641,0.2315921420830717,0.33090684923916414,0.4375010086777641,0.2059088665946924,True,True
NVIDIA Corporation,2023-10-25,2023-10-31,4,down,up,0.21409967021573656,0.21050438834412566,0.575395941440138,0.575395941440138,0.3648915530960123,True,False
NVIDIA Corporation,2023-10-26,2023-11-01,4,flat,up,0.16146374252710663,0.2141844760076388,0.6243517814652546,0.6243517814652546,0.4101673054576158,True,False
NVIDIA Corporation,2023-10-27,2023-11-02,4,up,up,0.17711094344753284,0.20012824012557026,0.6227608164268971,0.6227608164268971,0.4226325763013268,True,True
NVIDIA Corporation,2023-10-30,2023-11-03,4,up,up,0.18180328437503107,0.19772435712973963,0.6204723584952293,0.6204723584952293,0.4227480013654897,True,True
NVIDIA Corporation,2023-10-31,2023-11-06,4,up,up,0.1627529288535336,0.1935841340419593,0.6436629371045071,0.6436629371045071,0.45007880306254777,True,True
NVIDIA Corporation,2023-11-01,2023-11-07,4,up,up,0.14592130010296941,0.24304319110033193,0.6110355087966987,0.6110355087966987,0.36799231769636676,True,True
NVIDIA Corporation,2023-11-02,2023-11-08,4,up,up,0.14249320788865655,0.2643622742336784,0.593144517877665,0.593144517877665,0.32878224364398656,True,True
NVIDIA Corporation,2023-11-03,2023-11-09,4,up,up,0.1343333446792211,0.2673854273812488,0.5982812279395299,0.5982812279395299,0.33089580055828105,True,True
NVIDIA Corporation,2023-11-06,2023-11-10,4,up,up,0.14991539325014785,0.2419005696252651,0.608184037124587,0.608184037124587,0.36628346749932195,True,True
NVIDIA Corporation,2023-11-07,2023-11-13,4,up,up,0.16824865230503255,0.23597331294164345,0.595778034753324,0.595778034753324,0.35980472181168055,True,True
NVIDIA Corporation,2023-11-08,2023-11-14,4,up,up,0.16437042626995332,0.2300164759553948,0.6056130977746518,0.6056130977746518,0.375596621819257,True,True
NVIDIA Corporation,2023-11-09,2023-11-15,4,up,up,0.14588622873540352,0.22529170812513585,0.6288220631394605,0.6288220631394605,0.40353035501432466,True,True
NVIDIA Corporation,2023-11-10,2023-11-16,4,flat,up,0.1555375963927666,0.25638103030147175,0.5880813733057617,0.5880813733057617,0.33170034300428997,True,False
NVIDIA Corporation,2023-11-13,2023-11-17,4,flat,up,0.16953068648252886,0.31720036159361775,0.5132689519238535,0.5132689519238535,0.19606859033023571,True,False
NVIDIA Corporation,2023-11-14,2023-11-20,4,flat,up,0.14369226735578264,0.2334033688271019,0.6229043638171154,0.6229043638171154,0.38950099499001356,True,False
NVIDIA Corporation,2023-11-15,2023-11-21,4,flat,up,0.16838745400893737,0.22863083995767897,0.6029817060333836,0.6029817060333836,0.37435086607570467,True,False
NVIDIA Corporation,2023-11-16,2023-11-22,4,flat,up,0.20807431342417818,0.20085501170596992,0.5910706748698521,0.5910706748698521,0.3902156631638822,True,False
NVIDIA Corporation,2023-11-17,2023-11-24,4,down,up,0.19874874085169927,0.21259552088491093,0.5886557382633898,0.5886557382633898,0.37606021737847883,True,False
NVIDIA Corporation,2023-11-20,2023-11-27,4,down,up,0.18022941081304303,0.23591402785907248,0.5838565613278844,0.5838565613278844,0.347942533468812,True,False
NVIDIA Corporation,2023-11-21,2023-11-28,4,down,up,0.24695604367588964,0.21379141295509915,0.5392525433690112,0.5392525433690112,0.325461130413912,True,False
NVIDIA Corporation,2023-11-22,2023-11-29,4,down,up,0.29970565624062984,0.18339353625576035,0.5169008075036099,0.5169008075036099,0.3335072712478495,True,False
NVIDIA Corporation,2023-11-24,2023-11-30,4,down,up,0.3517840044712139,0.18258059428934897,0.46563540123943714,0.46563540123943714,0.28305480695008817,True,False
NVIDIA Corporation,2023-11-27,2023-12-01,4,down,up,0.22803238350626415,0.21278484143721893,0.5591827750565169,0.5591827750565169,0.346397933619298,True,False
NVIDIA Corporation,2023-11-28,2023-12-04,4,down,up,0.21098608752558273,0.20919467027540273,0.5798192421990145,0.5798192421990145,0.37062457192361176,True,False
NVIDIA Corporation,2023-11-29,2023-12-05,4,down,up,0.1995998882824717,0.21435511301226606,0.5860449987052622,0.5860449987052622,0.3716898856929961,True,False
NVIDIA Corporation,2023-11-30,2023-12-06,4,down,up,0.17813526611842984,0.2167400602349283,0.6051246736466418,0.6051246736466418,0.3883846134117135,True,False
NVIDIA Corporation,2023-12-01,2023-12-07,4,flat,up,0.21688784402847922,0.19077577095580256,0.5923363850157184,0.5923363850157184,0.40156061405991583,True,False
NVIDIA Corporation,2023-12-04,2023-12-08,4,up,up,0.15213508583625956,0.21682697298281986,0.6310379411809205,0.6310379411809205,0.41421096819810066,True,True
NVIDIA Corporation,2023-12-05,2023-12-11,4,flat,up,0.1841905893042359,0.1935135218089587,0.6222958888868053,0.6222958888868053,0.4287823670778466,True,False
NVIDIA Corporation,2023-12-06,2023-12-12,4,flat,up,0.1907497206498273,0.21186657538084785,0.5973837039693247,0.5973837039693247,0.38551712858847687,True,False
NVIDIA Corporation,2023-12-07,2023-12-13,4,up,up,0.2073833015959004,0.21155855900842654,0.581058139395673,0.581058139395673,0.3694995803872464,True,True
NVIDIA Corporation,2023-12-08,2023-12-14,4,up,up,0.18388620486288304,0.23201685243589168,0.5840969427012253,0.5840969427012253,0.3520800902653336,True,True
NVIDIA Corporation,2023-12-11,2023-12-15,4,up,up,0.17838236874565747,0.23524010040802612,0.5863775308463164,0.5863775308463164,0.35113743043829027,True,True
NVIDIA Corporation,2023-12-12,2023-12-18,4,up,up,0.19630002434497823,0.21759586243089404,0.5861041132241276,0.5861041132241276,0.36850825079323357,True,True
NVIDIA Corporation,2023-12-13,2023-12-19,4,up,up,0.16323818899459555,0.24847632187429253,0.5882854891311119,0.5882854891311119,0.33980916725681937,True,True
NVIDIA Corporation,2023-12-14,2023-12-20,4,flat,up,0.17220553745333148,0.2501637357443537,0.5776307268023148,0.5776307268023148,0.32746699105796107,True,False
NVIDIA Corporation,2023-12-15,2023-12-21,4,flat,up,0.1652143606566533,0.25359266116861773,0.5811929781747289,0.5811929781747289,0.3276003170061112,True,False
NVIDIA Corporation,2023-12-18,2023-12-22,4,flat,up,0.16052295321162183,0.24741499355494576,0.5920620532334324,0.5920620532334324,0.34464705967848663,True,False
NVIDIA Corporation,2023-12-19,2023-12-26,4,flat,up,0.1824374617500768,0.23606567901621153,0.5814968592337115,0.5814968592337115,0.34543118021749997,True,False
NVIDIA Corporation,2023-12-20,2023-12-27,4,flat,up,0.2019379292513849,0.22413409673080711,0.5739279740178079,0.5739279740178079,0.34979387728700084,True,False
NVIDIA Corporation,2023-12-21,2023-12-28,4,flat,up,0.21708633164135224,0.20099556160331064,0.5819181067553372,0.5819181067553372,0.3809225451520265,True,False
NVIDIA Corporation,2023-12-22,2023-12-29,4,flat,up,0.22736352034552534,0.19842638278636315,0.5742100968681114,0.5742100968681114,0.37578371408174827,True,False
NVIDIA Corporation,2023-12-26,2024-01-02,4,flat,up,0.21972153766597965,0.21690227341133875,0.5633761889226816,0.5633761889226816,0.3464739155113429,True,False
NVIDIA Corporation,2023-12-27,2024-01-03,4,down,up,0.22499752439535556,0.2144456877761446,0.5605567878284998,0.5605567878284998,0.34611110005235524,True,False
NVIDIA Corporation,2023-12-28,2024-01-04,4,down,up,0.22560837523402447,0.21547382649957716,0.5589177982663983,0.5589177982663983,0.3434439717668212,True,False
NVIDIA Corporation,2023-12-29,2024-01-05,4,flat,up,0.19393852651838564,0.22674061626365227,0.5793208572179621,0.5793208572179621,0.35258024095430984,True,False
NVIDIA Corporation,2024-01-02,2024-01-08,4,up,up,0.184056085765675,0.22032501850294398,0.595618895731381,0.595618895731381,0.3752938772284371,True,True
NVIDIA Corporation,2024-01-03,2024-01-09,4,up,up,0.18373635447670927,0.2069398964629846,0.6093237490603062,0.6093237490603062,0.40238385259732157,True,True
NVIDIA Corporation,2024-01-04,2024-01-10,4,up,up,0.19855631481141855,0.2083336473275422,0.5931100378610392,0.5931100378610392,0.384776390533497,True,True
NVIDIA Corporation,2024-01-05,2024-01-11,4,up,up,0.15787762315812148,0.24269262811647022,0.5994297487254082,0.5994297487254082,0.35673712060893803,True,True
NVIDIA Corporation,2024-01-08,2024-01-12,4,up,up,0.14454090813140147,0.24058986701225002,0.6148692248563485,0.6148692248563485,0.3742793578440985,True,True
NVIDIA Corporation,2024-01-09,2024-01-16,4,up,up,0.1446445929600098,0.23143722803229771,0.6239181790076924,0.6239181790076924,0.3924809509753947,True,True
NVIDIA Corporation,2024-01-10,2024-01-17,4,up,up,0.15582866021920364,0.22109782317838275,0.6230735166024135,0.6230735166024135,0.4019756934240307,True,True
NVIDIA Corporation,2024-01-11,2024-01-18,4,up,up,0.1627192193124138,0.22999657996607736,0.6072842007215089,0.6072842007215089,0.37728762075543154,True,True
NVIDIA Corporation,2024-01-12,2024-01-19,4,up,up,0.19940857206800594,0.1962335180726038,0.6043579098593902,0.6043579098593902,0.4081243917867864,True,True
NVIDIA Corporation,2024-01-16,2024-01-22,4,up,up,0.15435878112435092,0.23649069414162704,0.609150524734022,0.609150524734022,0.37265983059239494,True,True
NVIDIA Corporation,2024-01-17,2024-01-23,4,up,up,0.16656081402783537,0.23464422825977246,0.5987949577123922,0.5987949577123922,0.3641507294526197,True,True
NVIDIA Corporation,2024-01-18,2024-01-24,4,up,up,0.14874595933985696,0.25401927266335894,0.597234767996784,0.597234767996784,0.34321549533342505,True,True
NVIDIA Corporation,2024-01-19,2024-01-25,4,up,up,0.16250065334087235,0.252375169429067,0.5851241772300606,0.5851241772300606,0.3327490078009936,True,True
NVIDIA Corporation,2024-01-22,2024-01-26,4,flat,up,0.18456690315266402,0.2405459143798716,0.5748871824674644,0.5748871824674644,0.3343412680875928,True,False
NVIDIA Corporation,2024-01-23,2024-01-29,4,up,up,0.2167715789871631,0.20121292899262727,0.5820154920202097,0.5820154920202097,0.3808025630275825,True,True
NVIDIA Corporation,2024-01-24,2024-01-30,4,up,up,0.17322872897421782,0.23147717427803408,0.5952940967477481,0.5952940967477481,0.3638169224697141,True,True
NVIDIA Corporation,2024-01-25,2024-01-31,4,flat,up,0.18075807316612305,0.24171984474480454,0.5775220820890725,0.5775220820890725,0.33580223734426795,True,False
NVIDIA Corporation,2024-01-26,2024-02-01,4,flat,up,0.1976269186951364,0.2164946563587029,0.5858784249461607,0.5858784249461607,0.3693837685874578,True,False
NVIDIA Corporation,2024-01-29,2024-02-02,4,up,up,0.19529968675437867,0.23780640116955093,0.5668939120760705,0.5668939120760705,0.3290875109065196,True,True
NVIDIA Corporation,2024-01-30,2024-02-05,4,up,up,0.29549589598368287,0.2338936122371668,0.4706104917791504,0.4706104917791504,0.2367168795419836,True,True
NVIDIA Corporation,2024-01-31,2024-02-06,4,up,up,0.36134248572325023,0.20898869878919824,0.4296688154875516,0.4296688154875516,0.22068011669835336,True,True
NVIDIA Corporation,2024-02-01,2024-02-07,4,up,up,0.22506530949471598,0.20231489505478628,0.5726197954504977,0.5726197954504977,0.3703049003957114,True,True
NVIDIA Corporation,2024-02-02,2024-02-08,4,up,down,0.422230954099311,0.2515295185908732,0.32623952730981587,0.422230954099311,0.1707014355084378,True,False
NVIDIA Corporation,2024-02-05,2024-02-09,4,up,down,0.6457342483173193,0.24339140040548726,0.1108743512771936,0.6457342483173193,0.40234284791183206,True,False
NVIDIA Corporation,2024-02-06,2024-02-12,4,up,up,0.1901374597588986,0.2320593330132702,0.5778032072278313,0.5778032072278313,0.3457438742145611,True,True
NVIDIA Corporation,2024-02-07,2024-02-13,4,up,up,0.1909913243299089,0.30065127704706324,0.5083573986230279,0.5083573986230279,0.20770612157596463,True,True
NVIDIA Corporation,2024-02-08,2024-02-14,4,up,up,0.197012368236533,0.22244653296837988,0.5805410987950872,0.5805410987950872,0.3580945658267073,True,True
NVIDIA Corporation,2024-02-09,2024-02-15,4,up,up,0.17113768047656422,0.24500799960442593,0.5838543199190098,0.5838543199190098,0.3388463203145839,True,True
NVIDIA Corporation,2024-02-12,2024-02-16,4,flat,flat,0.1671430057137188,0.4938694175455671,0.3389875767407141,0.3389875767407141,-0.154881840804853,False,True
NVIDIA Corporation,2024-02-13,2024-02-20,4,flat,flat,0.15875769128404835,0.7202329658654825,0.12100934285046913,0.15875769128404835,-0.5614752745814341,False,True
NVIDIA Corporation,2024-02-14,2024-02-21,4,down,flat,0.1597574312167348,0.6466390765761656,0.1936034922070995,0.1936034922070995,-0.4530355843690661,False,False
NVIDIA Corporation,2024-02-15,2024-02-22,4,up,up,0.17446496058003766,0.23844565170735382,0.5870893877126085,0.5870893877126085,0.3486437360052547,True,True
NVIDIA Corporation,2024-02-16,2024-02-23,4,up,up,0.16213506304171274,0.26160962153262607,0.5762553154256613,0.5762553154256613,0.31464569389303526,True,True
NVIDIA Corporation,2024-02-20,2024-02-26,4,up,up,0.15355215199974467,0.253878710021521,0.5925691379787342,0.5925691379787342,0.3386904279572132,True,True
NVIDIA Corporation,2024-02-21,2024-02-27,4,up,up,0.1397439764024877,0.22069925877883512,0.6395567648186771,0.6395567648186771,0.41885750603984195,True,True
NVIDIA Corporation,2024-02-22,2024-02-28,4,flat,flat,0.37315940778217616,0.4755501672136087,0.15129042500421516,0.37315940778217616,-0.10239075943143255,False,True
NVIDIA Corporation,2024-02-23,2024-02-29,4,flat,flat,0.14800441353986882,0.7294938751583109,0.12250171130182017,0.14800441353986882,-0.5814894616184421,False,True
NVIDIA Corporation,2024-02-26,2024-03-01,4,flat,flat,0.16400593192985136,0.7252978568288196,0.11069621124132902,0.16400593192985136,-0.5612919248989683,False,True
NVIDIA Corporation,2024-02-27,2024-03-04,4,up,flat,0.180433822057314,0.7200796322776373,0.09948654566504858,0.180433822057314,-0.5396458102203232,False,False
NVIDIA Corporation,2024-02-28,2024-03-05,4,up,flat,0.1846249046665167,0.7016710719922328,0.11370402334125049,0.1846249046665167,-0.5170461673257161,False,False
NVIDIA Corporation,2024-02-29,2024-03-06,4,up,up,0.15974411938823918,0.24465298426916166,0.5956028963425991,0.5956028963425991,0.35094991207343745,True,True
NVIDIA Corporation,2024-03-01,2024-03-07,4,up,flat,0.16943363696789518,0.7228342139229207,0.10773214910918401,0.16943363696789518,-0.5534005769550255,False,False
NVIDIA Corporation,2024-03-04,2024-03-08,4,up,flat,0.151801693631104,0.7338422751446583,0.11435603122423774,0.151801693631104,-0.5820405815135543,False,False
NVIDIA Corporation,2024-03-05,2024-03-11,4,flat,flat,0.15892547439983123,0.7362356400491562,0.10483888555101255,0.15892547439983123,-0.5773101656493249,False,True
NVIDIA Corporation,2024-03-06,2024-03-12,4,flat,flat,0.1480285380044684,0.7475036350971098,0.10446782689842161,0.1480285380044684,-0.5994750970926415,False,True
NVIDIA Corporation,2024-03-07,2024-03-13,4,flat,flat,0.1443546785539048,0.7541918950955382,0.1014534263505569,0.1443546785539048,-0.6098372165416334,False,True
NVIDIA Corporation,2024-03-08,2024-03-14,4,down,flat,0.16546912312617848,0.7194528743999409,0.11507800247388066,0.16546912312617848,-0.5539837512737624,False,False
NVIDIA Corporation,2024-03-11,2024-03-15,4,flat,flat,0.16599613875502367,0.7222781750605796,0.1117256861843968,0.16599613875502367,-0.5562820363055558,False,True
NVIDIA Corporation,2024-03-12,2024-03-18,4,flat,flat,0.16049496434361113,0.7158436173833882,0.12366141827300071,0.16049496434361113,-0.5553486530397771,False,True
NVIDIA Corporation,2024-03-13,2024-03-19,4,down,flat,0.16175508190400154,0.7290593401582526,0.10918557793774593,0.16175508190400154,-0.567304258254251,False,False
NVIDIA Corporation,2024-03-14,2024-03-20,4,flat,flat,0.16269339925733212,0.7352066296589796,0.10209997108368822,0.16269339925733212,-0.5725132304016476,False,True
NVIDIA Corporation,2024-03-15,2024-03-21,4,up,flat,0.15643902961808473,0.7282070283195462,0.115353942062369,0.15643902961808473,-0.5717679987014614,False,False
NVIDIA Corporation,2024-03-18,2024-03-22,4,flat,flat,0.15383803950424974,0.7261503483064102,0.12001161218933992,0.15383803950424974,-0.5723123088021604,False,True
NVIDIA Corporation,2024-03-19,2024-03-25,4,up,flat,0.16216931672882304,0.7214777170975554,0.11635296617362148,0.16216931672882304,-0.5593084003687323,False,False
NVIDIA Corporation,2024-03-20,2024-03-26,4,up,flat,0.1831924540783341,0.7142172740563222,0.10259027186534368,0.1831924540783341,-0.5310248199779881,False,False
NVIDIA Corporation,2024-03-21,2024-03-27,4,flat,flat,0.1739401796774563,0.731425999880467,0.09463382044207677,0.1739401796774563,-0.5574858202030106,False,True
NVIDIA Corporation,2024-03-22,2024-03-28,4,flat,flat,0.14229661379626787,0.7643207301608506,0.09338265604288162,0.14229661379626787,-0.6220241163645827,False,True
NVIDIA Corporation,2024-03-25,2024-04-01,4,down,flat,0.13999762706762117,0.7534445404608016,0.10655783247157724,0.13999762706762117,-0.6134469133931804,False,False
NVIDIA Corporation,2024-03-26,2024-04-02,4,down,flat,0.1769699247761326,0.7381397521037794,0.08489032312008794,0.1769699247761326,-0.5611698273276468,False,False
NVIDIA Corporation,2024-03-27,2024-04-03,4,flat,flat,0.1596310516779878,0.7351744101110878,0.10519453821092441,0.1596310516779878,-0.5755433584331,False,True
NVIDIA Corporation,2024-03-28,2024-04-04,4,flat,up,0.1863330779546054,0.21750823922349796,0.5961586828218965,0.5961586828218965,0.3786504435983986,True,False
NVIDIA Corporation,2024-04-01,2024-04-05,4,down,up,0.18745991984862512,0.22071881038528993,0.591821269766085,0.591821269766085,0.371102459380795,True,False
NVIDIA Corporation,2024-04-02,2024-04-08,4,flat,up,0.17352458065665274,0.22234433284835534,0.604131086494992,0.604131086494992,0.3817867536466367,True,False
NVIDIA Corporation,2024-04-03,2024-04-09,4,down,up,0.18292629575743627,0.21890094152760922,0.5981727627149545,0.5981727627149545,0.37927182118734526,True,False
NVIDIA Corporation,2024-04-04,2024-04-10,4,down,up,0.19209013673361391,0.2200341559541276,0.5878757073122585,0.5878757073122585,0.3678415513581309,True,False
NVIDIA Corporation,2024-04-05,2024-04-11,4,flat,up,0.21020551212370062,0.19927130828136821,0.5905231795949312,0.5905231795949312,0.391251871313563,True,False
NVIDIA Corporation,2024-04-08,2024-04-12,4,flat,up,0.22368690967203295,0.18563700576515246,0.5906760845628145,0.5906760845628145,0.40503907879766204,True,False
NVIDIA Corporation,2024-04-09,2024-04-15,4,flat,up,0.17614761176059582,0.22074297248586852,0.6031094157535358,0.6031094157535358,0.38236644326766733,True,False
NVIDIA Corporation,2024-04-10,2024-04-16,4,flat,up,0.21225131399959266,0.19365362810446693,0.5940950578959403,0.5940950578959403,0.40044142979147335,True,False
NVIDIA Corporation,2024-04-11,2024-04-17,4,down,up,0.16991362769004273,0.2372298538438519,0.5928565184661053,0.5928565184661053,0.35562666462225345,True,False
NVIDIA Corporation,2024-04-12,2024-04-18,4,down,up,0.17755915827428317,0.2392010758580513,0.5832397658676656,0.5832397658676656,0.3440386900096143,True,False
NVIDIA Corporation,2024-04-15,2024-04-19,4,down,up,0.19640423188797743,0.2295501931338132,0.5740455749782094,0.5740455749782094,0.3444953818443962,True,False
NVIDIA Corporation,2024-04-16,2024-04-22,4,down,up,0.21820691933728179,0.19520332326760176,0.5865897573951164,0.5865897573951164,0.39138643412751467,True,False
NVIDIA Corporation,2024-04-17,2024-04-23,4,down,up,0.18654731825845855,0.22108405705447454,0.5923686246870671,0.5923686246870671,0.37128456763259254,True,False
NVIDIA Corporation,2024-04-18,2024-04-24,4,down,up,0.16624492897385493,0.20961003031206668,0.6241450407140783,0.6241450407140783,0.41453501040201157,True,False
NVIDIA Corporation,2024-04-19,2024-04-25,4,flat,up,0.13940023234211846,0.1759913774639347,0.6846083901939468,0.6846083901939468,0.5086170127300121,True,False
NVIDIA Corporation,2024-04-22,2024-04-26,4,up,up,0.1488074334140304,0.16515962222394415,0.6860329443620254,0.6860329443620254,0.5208733221380812,True,True
NVIDIA Corporation,2024-04-23,2024-04-29,4,up,up,0.16651262309587203,0.18957355935665599,0.643913817547472,0.643913817547472,0.454340258190816,True,True
NVIDIA Corporation,2024-04-24,2024-04-30,4,up,up,0.15462162329676007,0.21538984160044605,0.6299885351027938,0.6299885351027938,0.4145986935023478,True,True
NVIDIA Corporation,2024-04-25,2024-05-01,4,flat,up,0.175659153028769,0.2930008451389712,0.5313400018322599,0.5313400018322599,0.23833915669328876,True,False
NVIDIA Corporation,2024-04-26,2024-05-02,4,flat,flat,0.135889030236758,0.7396237285157825,0.12448724124745954,0.135889030236758,-0.6037346982790245,False,True
NVIDIA Corporation,2024-04-29,2024-05-03,4,flat,up,0.14995212833959057,0.4127152729074941,0.43733259875291536,0.43733259875291536,0.024617325845421256,True,False
NVIDIA Corporation,2024-04-30,2024-05-06,4,up,flat,0.1638409590526738,0.7409438669046733,0.09521517404265295,0.1638409590526738,-0.5771029078519995,False,False
NVIDIA Corporation,2024-05-01,2024-05-07,4,up,flat,0.15544479273197612,0.7266072680880148,0.11794793918000912,0.15544479273197612,-0.5711624753560387,False,False
NVIDIA Corporation,2024-05-02,2024-05-08,4,up,flat,0.1814154603873909,0.7152184114681881,0.10336612814442107,0.1814154603873909,-0.5338029510807972,False,False
NVIDIA Corporation,2024-05-03,2024-05-09,4,flat,flat,0.16406516471601854,0.7430347847833586,0.09290005050062279,0.16406516471601854,-0.5789696200673401,False,True
NVIDIA Corporation,2024-05-06,2024-05-10,4,flat,flat,0.1507628439850254,0.7509708856799089,0.09826627033506556,0.1507628439850254,-0.6002080416948835,False,True
NVIDIA Corporation,2024-05-07,2024-05-13,4,flat,flat,0.16012297274024295,0.7521495920671876,0.08772743519256944,0.16012297274024295,-0.5920266193269446,False,True
NVIDIA Corporation,2024-05-08,2024-05-14,4,flat,flat,0.18544749565503063,0.7229644685588279,0.09158803578614137,0.18544749565503063,-0.5375169729037973,False,True
NVIDIA Corporation,2024-05-09,2024-05-15,4,up,up,0.18031111216977325,0.22643080425326634,0.5932580835769603,0.5932580835769603,0.36682727932369397,True,True
NVIDIA Corporation,2024-05-10,2024-05-16,4,up,up,0.18014123808017818,0.23118337792212904,0.5886753839976928,0.5886753839976928,0.35749200607556375,True,True
NVIDIA Corporation,2024-05-13,2024-05-17,4,up,up,0.1936271883863765,0.22601607256831407,0.5803567390453094,0.5803567390453094,0.3543406664769953,True,True
NVIDIA Corporation,2024-05-14,2024-05-20,4,up,up,0.1952274286365816,0.2318249832990763,0.5729475880643421,0.5729475880643421,0.3411226047652658,True,True
NVIDIA Corporation,2024-05-15,2024-05-21,4,flat,up,0.15106915726290204,0.2421602120179904,0.6067706307191075,0.6067706307191075,0.3646104187011171,True,False
NVIDIA Corporation,2024-05-16,2024-05-22,4,flat,up,0.16778536496854476,0.2376850874266972,0.5945295476047581,0.5945295476047581,0.3568444601780609,True,False
NVIDIA Corporation,2024-05-17,2024-05-23,4,up,up,0.17160601537467865,0.23680087021230115,0.5915931144130201,0.5915931144130201,0.354792244200719,True,True
NVIDIA Corporation,2024-05-20,2024-05-24,4,up,up,0.17608333664632803,0.22791376996004692,0.5960028933936251,0.5960028933936251,0.3680891234335782,True,True
NVIDIA Corporation,2024-05-21,2024-05-28,4,down,up,0.1902205343262583,0.2057489740266722,0.6040304916470695,0.6040304916470695,0.39828151762039726,True,False
NVIDIA Corporation,2024-05-22,2024-05-29,4,down,up,0.16649243911428763,0.21240404381222622,0.6211035170734862,0.6211035170734862,0.40869947326126,True,False
NVIDIA Corporation,2024-05-23,2024-05-30,4,down,up,0.14171167686415403,0.22424516551556342,0.6340431576202824,0.6340431576202824,0.409797992104719,True,False
NVIDIA Corporation,2024-05-24,2024-05-31,4,down,up,0.15081410358840772,0.24311792077611305,0.6060679756354792,0.6060679756354792,0.36295005485936616,True,False
NVIDIA Corporation,2024-05-28,2024-06-03,4,flat,flat,0.14562593613732536,0.6814983406729808,0.1728757231896939,0.1728757231896939,-0.5086226174832869,False,True
NVIDIA Corporation,2024-05-29,2024-06-04,4,flat,flat,0.1265852626555505,0.6857455684959718,0.18766916884847767,0.18766916884847767,-0.4980763996474941,False,True
NVIDIA Corporation,2024-05-30,2024-06-05,4,flat,down,0.6267613539235842,0.17827229238732595,0.19496635368908982,0.6267613539235842,0.4484890615362583,True,False
NVIDIA Corporation,2024-05-31,2024-06-06,4,flat,down,0.6355996313039557,0.1767379228674564,0.18766244582858796,0.6355996313039557,0.4588617084364993,True,False
NVIDIA Corporation,2024-06-03,2024-06-07,4,flat,down,0.6322075142588051,0.21516569921875306,0.15262678652244174,0.6322075142588051,0.417041815040052,True,False
NVIDIA Corporation,2024-06-04,2024-06-10,4,flat,down,0.6336071155691719,0.23161361763189428,0.13477926679893368,0.6336071155691719,0.4019934979372777,True,False
NVIDIA Corporation,2024-06-05,2024-06-11,4,flat,down,0.6285582790381992,0.23983071301189024,0.13161100794991043,0.6285582790381992,0.3887275660263089,True,False
NVIDIA Corporation,2024-06-06,2024-06-12,4,flat,flat,0.1310960217049835,0.7335003740691488,0.13540360422586764,0.13540360422586764,-0.5980967698432812,False,True
NVIDIA Corporation,2024-06-07,2024-06-13,4,flat,flat,0.14964585452855458,0.7159135436659734,0.13444060180547196,0.14964585452855458,-0.5662676891374188,False,True
NVIDIA Corporation,2024-06-10,2024-06-14,4,flat,flat,0.1280820311678479,0.7543648767207121,0.11755309211143991,0.1280820311678479,-0.6262828455528642,False,True
NVIDIA Corporation,2024-06-11,2024-06-15,4,flat,flat,0.16603244755616303,0.7183110828061526,0.11565646963768428,0.16603244755616303,-0.5522786352499895,False,True
NVIDIA Corporation,2024-06-12,2024-06-17,4,flat,flat,0.1464125318213492,0.7459719478022926,0.10761552037635823,0.1464125318213492,-0.5995594159809434,False,True
NVIDIA Corporation,2024-06-13,2024-06-18,4,flat,flat,0.15709076141438805,0.7285220399532613,0.11438719863235061,0.15709076141438805,-0.5714312785388732,False,True
NVIDIA Corporation,2024-06-14,2024-06-19,4,flat,flat,0.14018038615457995,0.750021312611697,0.10979830123372304,0.14018038615457995,-0.6098409264571171,False,True
"Tesla, Inc.",2021-09-03,2021-09-10,4,up,up,0.28213235302177303,0.3474490498605296,0.3704185971176973,0.3704185971176973,0.02296954725716771,True,True
"Tesla, Inc.",2021-09-07,2021-09-13,4,down,flat,0.27076227186304813,0.37298137359714,0.35625635453981175,0.35625635453981175,-0.01672501905732826,False,False
"Tesla, Inc.",2021-09-08,2021-09-14,4,down,flat,0.3057995392568896,0.3754197684121154,0.318780692330995,0.318780692330995,-0.0566390760811204,False,False
"Tesla, Inc.",2021-09-09,2021-09-15,4,flat,flat,0.3365570683094207,0.37086271991677167,0.2925802117738075,0.3365570683094207,-0.03430565160735094,False,True
"Tesla, Inc.",2021-09-10,2021-09-16,4,flat,down,0.39907615336252694,0.3380475509562463,0.26287629568122667,0.39907615336252694,0.06102860240628066,True,False
"Tesla, Inc.",2021-09-13,2021-09-17,4,up,down,0.4413604630546196,0.30077170347360366,0.2578678334717766,0.4413604630546196,0.14058875958101597,True,False
"Tesla, Inc.",2021-09-14,2021-09-20,4,down,down,0.43817228530600527,0.29520096903965537,0.26662674565433936,0.43817228530600527,0.1429713162663499,True,True
"Tesla, Inc.",2021-09-15,2021-09-21,4,down,down,0.44060951346851024,0.2867012180459696,0.2726892684855201,0.44060951346851024,0.15390829542254064,True,True
"Tesla, Inc.",2021-09-16,2021-09-22,4,flat,down,0.4564634850756794,0.2838276121665455,0.2597089027577749,0.4564634850756794,0.1726358729091339,True,False
"Tesla, Inc.",2021-09-17,2021-09-23,4,flat,down,0.4554834005183075,0.25764741087821336,0.286869188603479,0.4554834005183075,0.19783598964009413,True,False
"Tesla, Inc.",2021-09-20,2021-09-24,4,up,down,0.5191649134147404,0.25970275136730936,0.22113233521795023,0.5191649134147404,0.259462162047431,True,False
"Tesla, Inc.",2021-09-21,2021-09-27,4,up,down,0.48189696210568256,0.25826565005525914,0.2598373878390581,0.48189696210568256,0.22363131205042341,True,False
"Tesla, Inc.",2021-09-22,2021-09-28,4,up,down,0.4790875282835406,0.2596166263782051,0.26129584533825423,0.4790875282835406,0.21947090190533552,True,False
"Tesla, Inc.",2021-09-23,2021-09-29,4,up,down,0.47086205212510557,0.2757930947117924,0.25334485316310196,0.47086205212510557,0.19506895741331315,True,False
"Tesla, Inc.",2021-09-24,2021-09-30,4,up,down,0.4822017080870262,0.26061839047903956,0.2571799014339342,0.4822017080870262,0.22158331760798666,True,False
"Tesla, Inc.",2021-09-27,2021-10-01,4,flat,down,0.4019280460582002,0.33120049309848476,0.266871460843315,0.4019280460582002,0.07072755295971545,True,False
"Tesla, Inc.",2021-09-28,2021-10-04,4,flat,down,0.43789706950450635,0.31923927081987996,0.24286365967561377,0.43789706950450635,0.11865779868462639,True,False
"Tesla, Inc.",2021-09-29,2021-10-05,4,flat,down,0.44196908283005715,0.3105301729746973,0.24750074419524543,0.44196908283005715,0.13143890985535983,True,False
"Tesla, Inc.",2021-09-30,2021-10-06,4,flat,down,0.4186528049848374,0.30104237725400085,0.28030481776116156,0.4186528049848374,0.11761042773083658,True,False
"Tesla, Inc.",2021-10-01,2021-10-07,4,up,down,0.43289798155160886,0.2830920862835916,0.28400993216479936,0.43289798155160886,0.14980589526801724,True,False
"Tesla, Inc.",2021-10-04,2021-10-08,4,flat,down,0.41387127597842904,0.2843655815613795,0.3017631424601914,0.41387127597842904,0.12950569441704957,True,False
"Tesla, Inc.",2021-10-05,2021-10-11,4,flat,down,0.44300984977489266,0.2994067781106655,0.2575833721144417,0.44300984977489266,0.14360307166422714,True,False
"Tesla, Inc.",2021-10-06,2021-10-12,4,up,down,0.49192373832127373,0.26253500732150015,0.24554125435722607,0.49192373832127373,0.22938873099977358,True,False
"Tesla, Inc.",2021-10-07,2021-10-13,4,up,down,0.4711751486906539,0.28327247396703414,0.24555237734231178,0.4711751486906539,0.18790267472361977,True,False
"Tesla, Inc.",2021-10-08,2021-10-14,4,up,down,0.4954464537622931,0.26818203186881884,0.23637151436888795,0.4954464537622931,0.2272644218934743,True,False
"Tesla, Inc.",2021-10-11,2021-10-15,4,up,down,0.47067855157177374,0.27490365506557873,0.25441779336264736,0.47067855157177374,0.195774896506195,True,False
"Tesla, Inc.",2021-10-12,2021-10-18,4,up,down,0.4638028390372757,0.2842919206386737,0.2519052403240505,0.4638028390372757,0.179510918398602,True,False
"Tesla, Inc.",2021-10-13,2021-10-19,4,up,down,0.41815045919146354,0.31791874218730176,0.2639307986212346,0.41815045919146354,0.10023171700416178,True,False
"Tesla, Inc.",2021-10-14,2021-10-20,4,up,down,0.43149852280060114,0.30570757422733774,0.26279390297206107,0.43149852280060114,0.1257909485732634,True,False
"Tesla, Inc.",2021-10-15,2021-10-21,4,up,down,0.42864762887599367,0.31030078496893687,0.26105158615506946,0.42864762887599367,0.1183468439070568,True,False
"Tesla, Inc.",2021-10-18,2021-10-22,4,up,down,0.37275911498413744,0.35215920142439316,0.2750816835914694,0.37275911498413744,0.020599913559744276,True,False
"Tesla, Inc.",2021-10-19,2021-10-25,4,up,down,0.3733681423360169,0.36807598860177126,0.25855586906221184,0.3733681423360169,0.00529215373424563,True,False
"Tesla, Inc.",2021-10-20,2021-10-26,4,up,down,0.38494336765016557,0.34845118379624945,0.266605448553585,0.38494336765016557,0.036492183853916116,True,False
"Tesla, Inc.",2021-10-21,2021-10-27,4,up,down,0.40949842031194195,0.2821753116846812,0.30832626800337687,0.40949842031194195,0.12732310862726076,True,False
"Tesla, Inc.",2021-10-22,2021-10-28,4,up,flat,0.3385266646977281,0.36295432038393755,0.29851901491833444,0.3385266646977281,-0.02442765568620947,False,False
"Tesla, Inc.",2021-10-25,2021-10-29,4,up,flat,0.2797209916354376,0.4061897937141268,0.31408921465043566,0.31408921465043566,-0.09210057906369112,False,False
"Tesla, Inc.",2021-10-26,2021-11-01,4,up,flat,0.2651712952412284,0.5239313636569889,0.2108973411017826,0.2651712952412284,-0.2587600684157605,False,False
"Tesla, Inc.",2021-10-27,2021-11-02,4,up,flat,0.2687255600951123,0.5290791501144153,0.2021952897904724,0.2687255600951123,-0.260353590019303,False,False
"Tesla, Inc.",2021-10-28,2021-11-03,4,up,flat,0.25780202046808864,0.5065824127621557,0.2356155667697557,0.25780202046808864,-0.248780392294067,False,False
"Tesla, Inc.",2021-10-29,2021-11-04,4,up,flat,0.260314049246852,0.48892591270390084,0.2507600380492471,0.260314049246852,-0.22861186345704887,False,False
"Tesla, Inc.",2021-11-01,2021-11-05,4,up,flat,0.22635928196596267,0.49567460009460595,0.2779661179394314,0.2779661179394314,-0.21770848215517458,False,False
"Tesla, Inc.",2021-11-02,2021-11-08,4,flat,flat,0.22457118240942564,0.5794296645792344,0.1959991530113399,0.22457118240942564,-0.35485848216980875,False,True
"Tesla, Inc.",2021-11-03,2021-11-09,4,down,flat,0.2411188017372879,0.5353051143073151,0.22357608395539702,0.2411188017372879,-0.2941863125700272,False,False
"Tesla, Inc.",2021-11-04,2021-11-10,4,down,flat,0.2457033932326186,0.5186111500939268,0.23568545667345464,0.2457033932326186,-0.2729077568613082,False,False
"Tesla, Inc.",2021-11-05,2021-11-11,4,down,flat,0.251463388561657,0.5432579611582389,0.20527865028010414,0.251463388561657,-0.29179457259658187,False,False
"Tesla, Inc.",2021-11-08,2021-11-12,4,down,flat,0.26254928726647253,0.4712746816838558,0.2661760310496717,0.2661760310496717,-0.2050986506341841,False,False
"Tesla, Inc.",2021-11-09,2021-11-15,4,down,up,0.27681686876790146,0.3440101346862031,0.37917299654589565,0.37917299654589565,0.03516286185969253,True,False
"Tesla, Inc.",2021-11-10,2021-11-16,4,flat,up,0.3161215862111704,0.31398743667785245,0.36989097711097707,0.36989097711097707,0.05590354043312462,True,False
"Tesla, Inc.",2021-11-11,2021-11-17,4,flat,flat,0.3101394357687414,0.37862310784585473,0.3112374563854037,0.3112374563854037,-0.06738565146045106,False,True
"Tesla, Inc.",2021-11-12,2021-11-18,4,up,down,0.45271604614460004,0.3054310990802753,0.24185285477512458,0.45271604614460004,0.1472849470643247,True,False
"Tesla, Inc.",2021-11-15,2021-11-19,4,up,down,0.5328650589886526,0.24335818819014265,0.22377675282120482,0.5328650589886526,0.2895068707985099,True,False
"Tesla, Inc.",2021-11-16,2021-11-22,4,up,down,0.5015355771842418,0.2911832194477501,0.2072812033680081,0.5015355771842418,0.2103523577364917,True,False
"Tesla, Inc.",2021-11-17,2021-11-23,4,flat,down,0.507846737965798,0.2979538328989564,0.19419942913524552,0.507846737965798,0.20989290506684166,True,False
"Tesla, Inc.",2021-11-18,2021-11-24,4,flat,flat,0.3988103038890416,0.4006777382483231,0.20051195786263515,0.3988103038890416,-0.0018674343592814946,False,True
"Tesla, Inc.",2021-11-19,2021-11-26,4,flat,flat,0.3614551381321901,0.4063631828937416,0.23218167897406813,0.3614551381321901,-0.044908044761551524,False,True
"Tesla, Inc.",2021-11-22,2021-11-29,4,down,flat,0.3175062966925536,0.38672611527806633,0.29576758802937997,0.3175062966925536,-0.06921981858551274,False,False
"Tesla, Inc.",2021-11-23,2021-11-30,4,flat,flat,0.3417025691289761,0.3542712052412664,0.30402622562975745,0.3417025691289761,-0.012568636112290255,False,True
"Tesla, Inc.",2021-11-24,2021-12-01,4,flat,up,0.29614732912603337,0.35162129642465967,0.35223137444930697,0.35223137444930697,0.0006100780246472981,True,False
"Tesla, Inc.",2021-11-26,2021-12-02,4,flat,up,0.2448299008186884,0.35536912473342164,0.39980097444789,0.39980097444789,0.04443184971446834,True,False
"Tesla, Inc.",2021-11-29,2021-12-03,4,down,up,0.2807172746772768,0.2924020912507024,0.42688063407202087,0.42688063407202087,0.1344785428213185,True,False
"Tesla, Inc.",2021-11-30,2021-12-06,4,down,flat,0.3063332693792407,0.35427406714453935,0.3393926634762199,0.3393926634762199,-0.01488140366831947,False,False
"Tesla, Inc.",2021-12-01,2021-12-07,4,down,flat,0.34976194988011045,0.3863749689822185,0.2638630811376711,0.34976194988011045,-0.03661301910210807,False,False
"Tesla, Inc.",2021-12-02,2021-12-08,4,flat,down,0.41736323722243035,0.3001571952065777,0.282479567570992,0.41736323722243035,0.11720604201585266,True,False
"Tesla, Inc.",2021-12-03,2021-12-09,4,flat,down,0.4204078429865909,0.2505977152062109,0.3289944418071982,0.4204078429865909,0.16981012778038002,True,False
"Tesla, Inc.",2021-12-06,2021-12-10,4,flat,down,0.4200844791493262,0.25206997918622476,0.327845541664449,0.4200844791493262,0.16801449996310142,True,False
"Tesla, Inc.",2021-12-07,2021-12-13,4,down,down,0.35381854155056836,0.32754924500144555,0.3186322134479862,0.35381854155056836,0.0262692965491228,True,True
"Tesla, Inc.",2021-12-08,2021-12-14,4,down,down,0.3983335626048741,0.35401139000153603,0.24765504739358987,0.3983335626048741,0.044322172603338095,True,True
"Tesla, Inc.",2021-12-09,2021-12-15,4,down,down,0.49124697660823213,0.2818626729957227,0.2268903503960451,0.49124697660823213,0.20938430361250943,True,True
"Tesla, Inc.",2021-12-10,2021-12-16,4,down,down,0.5012320133730168,0.2550954699160719,0.24367251671091122,0.5012320133730168,0.2461365434569449,True,True
"Tesla, Inc.",2021-12-13,2021-12-17,4,down,down,0.4798781345138713,0.23010912023395608,0.2900127452521726,0.4798781345138713,0.2497690142799152,True,True
"Tesla, Inc.",2021-12-14,2021-12-20,4,down,down,0.4181106899734804,0.24881249787357906,0.3330768121529406,0.4181106899734804,0.16929819209990132,True,True
"Tesla, Inc.",2021-12-15,2021-12-21,4,down,down,0.38613040659730036,0.26761988950345994,0.3462497038992396,0.38613040659730036,0.11851051709384042,True,True
"Tesla, Inc.",2021-12-16,2021-12-22,4,flat,down,0.4190523833353562,0.27091257451692785,0.31003504214771593,0.4190523833353562,0.14813980881842836,True,False
"Tesla, Inc.",2021-12-17,2021-12-23,4,up,down,0.48240010885565404,0.23053361004851297,0.287066281095833,0.48240010885565404,0.25186649880714107,True,False
"Tesla, Inc.",2021-12-20,2021-12-27,4,up,down,0.43927123740728136,0.2627010268568023,0.2980277357359163,0.43927123740728136,0.17657021055047906,True,False
"Tesla, Inc.",2021-12-21,2021-12-28,4,up,down,0.4600773821201668,0.2371542912895747,0.30276832659025854,0.4600773821201668,0.2229230908305921,True,False
"Tesla, Inc.",2021-12-22,2021-12-29,4,up,down,0.3653565638248458,0.30832771485772537,0.32631572131742875,0.3653565638248458,0.05702884896712046,True,False
"Tesla, Inc.",2021-12-23,2021-12-30,4,flat,flat,0.33666557927248253,0.39469974965268956,0.26863467107482786,0.33666557927248253,-0.05803417038020703,False,True
"Tesla, Inc.",2021-12-27,2021-12-31,4,flat,flat,0.29427378355678535,0.4575424570611766,0.248183759382038,0.29427378355678535,-0.16326867350439123,False,True
"Tesla, Inc.",2021-12-28,2022-01-03,4,up,flat,0.29431466800938977,0.45877262042391914,0.24691271156669098,0.29431466800938977,-0.16445795241452937,False,False
"Tesla, Inc.",2021-12-29,2022-01-04,4,up,flat,0.269763106900358,0.4448644426252751,0.28537245047436677,0.28537245047436677,-0.1594919921509083,False,False
"Tesla, Inc.",2021-12-30,2022-01-05,4,up,flat,0.26378729125894357,0.39163749981807505,0.3445752089229813,0.3445752089229813,-0.04706229089509373,False,False
"Tesla, Inc.",2021-12-31,2022-01-06,4,flat,up,0.2532182451339038,0.3729052699549835,0.3738764849111127,0.3738764849111127,0.0009712149561291739,True,False
"Tesla, Inc.",2022-01-03,2022-01-07,4,down,flat,0.2273141565605325,0.39619929543499754,0.37648654800446985,0.37648654800446985,-0.0197127474305277,False,False
"Tesla, Inc.",2022-01-04,2022-01-10,4,down,flat,0.2585273818771533,0.5276574713381721,0.21381514678467445,0.2585273818771533,-0.2691300894610188,False,False
"Tesla, Inc.",2022-01-05,2022-01-11,4,down,flat,0.321844045119111,0.45081066775698364,0.22734528712390528,0.321844045119111,-0.12896662263787262,False,False
"Tesla, Inc.",2022-01-06,2022-01-12,4,flat,down,0.36100391794470454,0.31919471525900656,0.3198013667962889,0.36100391794470454,0.04180920268569799,True,False
"Tesla, Inc.",2022-01-07,2022-01-13,4,flat,down,0.3379073543848766,0.3267981336220557,0.3352945119930677,0.3379073543848766,0.011109220762820948,True,False
"Tesla, Inc.",2022-01-10,2022-01-14,4,flat,down,0.3686858530743941,0.3029621641892384,0.32835198273636734,0.3686858530743941,0.06572368888515573,True,False
"Tesla, Inc.",2022-01-11,2022-01-18,4,flat,flat,0.35725669258580167,0.38297038010151463,0.2597729273126836,0.35725669258580167,-0.025713687515712957,False,True
"Tesla, Inc.",2022-01-12,2022-01-19,4,down,down,0.4029764650710502,0.3659534449471152,0.23107008998183448,0.4029764650710502,0.037023020123935046,True,True
"Tesla, Inc.",2022-01-13,2022-01-20,4,down,down,0.48449758171153956,0.3185865650649261,0.1969158532235344,0.48449758171153956,0.16591101664661345,True,True
"Tesla, Inc.",2022-01-14,2022-01-21,4,down,down,0.48128216831698756,0.3019635610440698,0.21675427063894268,0.48128216831698756,0.17931860727291776,True,True
"Tesla, Inc.",2022-01-18,2022-01-24,4,down,down,0.4125863779727099,0.31707540648223864,0.2703382155450512,0.4125863779727099,0.09551097149047127,True,True
"Tesla, Inc.",2022-01-19,2022-01-25,4,down,down,0.38724254792561874,0.30392835085250164,0.3088291012218795,0.38724254792561874,0.0833141970731171,True,True
"Tesla, Inc.",2022-01-20,2022-01-26,4,down,down,0.37441743139413486,0.3131523378978731,0.3124302307079919,0.37441743139413486,0.06126509349626175,True,True
"Tesla, Inc.",2022-01-21,2022-01-27,4,down,down,0.42667415016286264,0.24636928480633188,0.3269565650308054,0.42667415016286264,0.18030486535653076,True,True
"Tesla, Inc.",2022-01-24,2022-01-28,4,down,down,0.43893197002576956,0.1933038945830496,0.36776413539118097,0.43893197002576956,0.24562807544271995,True,True
"Tesla, Inc.",2022-01-25,2022-01-31,4,flat,down,0.3890716378010631,0.26281575089399783,0.3481126113049391,0.3890716378010631,0.12625588690706524,True,False
"Tesla, Inc.",2022-01-26,2022-02-01,4,flat,down,0.45787410712394583,0.25484017265142267,0.2872857202246315,0.45787410712394583,0.20303393447252316,True,False
"Tesla, Inc.",2022-01-27,2022-02-02,4,flat,down,0.5159978870355273,0.2092085050650267,0.27479360789944596,0.5159978870355273,0.3067893819705006,True,False
"Tesla, Inc.",2022-01-28,2022-02-03,4,up,down,0.4477742204427351,0.20340884624646347,0.34881693331080144,0.4477742204427351,0.24436537419627166,True,False
"Tesla, Inc.",2022-01-31,2022-02-04,4,flat,up,0.36115200636915384,0.27660743685043954,0.36224055678040656,0.36224055678040656,0.08563311992996703,True,False
"Tesla, Inc.",2022-02-01,2022-02-07,4,flat,down,0.41012348676721466,0.3358344543822488,0.2540420588505363,0.41012348676721466,0.07428903238496587,True,False
"Tesla, Inc.",2022-02-02,2022-02-08,4,flat,down,0.4072565333389658,0.35950858734645086,0.23323487931458325,0.4072565333389658,0.04774794599251492,True,False
"Tesla, Inc.",2022-02-03,2022-02-09,4,flat,down,0.42421403236441085,0.2659565210163752,0.3098294466192139,0.42421403236441085,0.15825751134803567,True,False
"Tesla, Inc.",2022-02-04,2022-02-10,4,flat,down,0.40759423896291314,0.25062178623469555,0.34178397480239125,0.40759423896291314,0.15697245272821758,True,False
"Tesla, Inc.",2022-02-07,2022-02-11,4,flat,up,0.3381243992627173,0.3156391833461494,0.34623641739113337,0.34623641739113337,0.03059723404498399,True,False
"Tesla, Inc.",2022-02-08,2022-02-14,4,down,flat,0.3204661964277913,0.36201281450158707,0.31752098907062165,0.3204661964277913,-0.04154661807379578,False,False
"Tesla, Inc.",2022-02-09,2022-02-15,4,flat,up,0.28714978930957386,0.3401009223183907,0.37274928837203536,0.37274928837203536,0.032648366053644684,True,False
"Tesla, Inc.",2022-02-10,2022-02-16,4,flat,down,0.3624747437166707,0.3063070301741161,0.33121822610921325,0.3624747437166707,0.05616771354255462,True,False
"Tesla, Inc.",2022-02-11,2022-02-17,4,flat,down,0.39496824809475983,0.28266579220118976,0.32236595970405035,0.39496824809475983,0.11230245589357007,True,False
"Tesla, Inc.",2022-02-14,2022-02-18,4,flat,down,0.3448437514780162,0.3228255853285682,0.33233066319341553,0.3448437514780162,0.022018166149448015,True,False
"Tesla, Inc.",2022-02-15,2022-02-22,4,down,flat,0.3391597602137313,0.344065173423618,0.31677506636265074,0.3391597602137313,-0.004905413209886689,False,False
"Tesla, Inc.",2022-02-16,2022-02-23,4,down,flat,0.35511204108453087,0.38188433000684024,0.26300362890862883,0.35511204108453087,-0.026772288922309373,False,False
"Tesla, Inc.",2022-02-17,2022-02-24,4,down,down,0.4211689629880536,0.33125021468042803,0.24758082233151824,0.4211689629880536,0.08991874830762558,True,True
"Tesla, Inc.",2022-02-18,2022-02-25,4,down,down,0.43384968406808505,0.2867116714672736,0.2794386444646413,0.43384968406808505,0.14713801260081144,True,True
"Tesla, Inc.",2022-02-22,2022-02-28,4,flat,down,0.4264718353822703,0.24833065323261688,0.3251975113851129,0.4264718353822703,0.1781411821496534,True,False
"Tesla, Inc.",2022-02-23,2022-03-01,4,up,down,0.42291823371619575,0.24222754848569483,0.3348542177981093,0.42291823371619575,0.1806906852305009,True,False
"Tesla, Inc.",2022-02-24,2022-03-02,4,up,down,0.41352357548402535,0.19684938218344977,0.3896270423325249,0.41352357548402535,0.21667419330057558,True,False
"Tesla, Inc.",2022-02-25,2022-03-03,4,up,down,0.3857786886029717,0.3008082833392276,0.3134130280578007,0.3857786886029717,0.08497040526374411,True,False
"Tesla, Inc.",2022-02-28,2022-03-04,4,flat,down,0.47785768746697965,0.29742533437354746,0.22471697815947278,0.47785768746697965,0.1804323530934322,True,False
"Tesla, Inc.",2022-03-01,2022-03-07,4,down,down,0.5347828559241823,0.3087743449330011,0.1564427991428167,0.5347828559241823,0.2260085109911812,True,True
"Tesla, Inc.",2022-03-02,2022-03-08,4,down,down,0.5241544039675473,0.30349311783898975,0.17235247819346292,0.5241544039675473,0.22066128612855757,True,True
"Tesla, Inc.",2022-03-03,2022-03-09,4,flat,down,0.495658114976888,0.2901487043793868,0.2141931806437252,0.495658114976888,0.20550941059750122,True,False
"Tesla, Inc.",2022-03-04,2022-03-10,4,flat,down,0.4172631666858885,0.23801133645796446,0.3447254968561468,0.4172631666858885,0.17925183022792401,True,False
"Tesla, Inc.",2022-03-07,2022-03-11,4,flat,up,0.3280006218089606,0.3040322114285721,0.3679671667624672,0.3679671667624672,0.0639349553338951,True,False
"Tesla, Inc.",2022-03-08,2022-03-14,4,down,up,0.3270435495333997,0.3231601860738303,0.3497962643927699,0.3497962643927699,0.026636078318939604,True,False
"Tesla, Inc.",2022-03-09,2022-03-15,4,down,flat,0.32606690789300885,0.35312541703406697,0.320807675072924,0.32606690789300885,-0.027058509141058118,False,False
"Tesla, Inc.",2022-03-10,2022-03-16,4,flat,down,0.4477072445544361,0.3057071682449388,0.24658558720062496,0.4477072445544361,0.1420000763094973,True,False
"Tesla, Inc.",2022-03-11,2022-03-17,4,flat,down,0.5453336816059733,0.2299950724591479,0.22467124593487872,0.5453336816059733,0.3153386091468254,True,False
"Tesla, Inc.",2022-03-14,2022-03-18,4,up,down,0.506650430834483,0.20909486666617116,0.28425470249934565,0.506650430834483,0.29755556416831186,True,False
"Tesla, Inc.",2022-03-15,2022-03-21,4,up,down,0.47462368165638436,0.23886580519131534,0.2865105131523003,0.47462368165638436,0.23575787646506902,True,False
"Tesla, Inc.",2022-03-16,2022-03-22,4,up,down,0.4706654903723204,0.2757810931341166,0.2535534164935629,0.4706654903723204,0.19488439723820383,True,False
"Tesla, Inc.",2022-03-17,2022-03-23,4,up,down,0.44233182922542935,0.3893636132521465,0.1683045575224241,0.44233182922542935,0.05296821597328283,True,False
"Tesla, Inc.",2022-03-18,2022-03-24,4,up,down,0.44295424930619354,0.37165892911843923,0.18538682157536712,0.44295424930619354,0.07129532018775431,True,False
"Tesla, Inc.",2022-03-21,2022-03-25,4,up,down,0.4258907030967091,0.41512092424087754,0.15898837266241334,0.4258907030967091,0.01076977885583158,True,False
"Tesla, Inc.",2022-03-22,2022-03-28,4,up,flat,0.35025213010499257,0.42081661394672587,0.22893125594828148,0.35025213010499257,-0.0705644838417333,False,False
"Tesla, Inc.",2022-03-23,2022-03-29,4,up,flat,0.29390629126011003,0.45310572945886296,0.2529879792810269,0.29390629126011003,-0.15919943819875293,False,False
"Tesla, Inc.",2022-03-24,2022-03-30,4,up,flat,0.21439624009262476,0.5330588024883502,0.2525449574190248,0.2525449574190248,-0.2805138450693255,False,False
"Tesla, Inc.",2022-03-25,2022-03-31,4,up,flat,0.18931162100301366,0.5301534524920709,0.2805349265049153,0.2805349265049153,-0.24961852598715562,False,False
"Tesla, Inc.",2022-03-28,2022-04-01,4,flat,flat,0.19895634467002637,0.47042780502288706,0.33061585030708635,0.33061585030708635,-0.1398119547158007,False,True
"Tesla, Inc.",2022-03-29,2022-04-04,4,flat,flat,0.20099057256126676,0.5666162266027626,0.23239320083597054,0.23239320083597054,-0.334223025766792,False,True
"Tesla, Inc.",2022-03-30,2022-04-05,4,flat,flat,0.20619813970865636,0.5731563479122253,0.22064551237911828,0.22064551237911828,-0.35251083553310697,False,True
"Tesla, Inc.",2022-03-31,2022-04-06,4,down,flat,0.2245901034189338,0.5264019635298295,0.24900793305123659,0.24900793305123659,-0.2773940304785929,False,False
"Tesla, Inc.",2022-04-01,2022-04-07,4,down,flat,0.25646456080267177,0.4731347023918343,0.2704007368054938,0.2704007368054938,-0.2027339655863405,False,False
"Tesla, Inc.",2022-04-04,2022-04-08,4,down,flat,0.2901906344047445,0.4330474101587576,0.27676195543649795,0.2901906344047445,-0.14285677575401307,False,False
"Tesla, Inc.",2022-04-05,2022-04-11,4,down,flat,0.2674979018338034,0.5062792311428597,0.22622286702333672,0.2674979018338034,-0.23878132930905627,False,False
"Tesla, Inc.",2022-04-06,2022-04-12,4,down,flat,0.3269346841367637,0.40484672261649945,0.2682185932467368,0.3269346841367637,-0.07791203847973577,False,False
"Tesla, Inc.",2022-04-07,2022-04-13,4,down,flat,0.313007742088938,0.38290545899810197,0.30408679891296,0.313007742088938,-0.06989771690916396,False,False
"Tesla, Inc.",2022-04-08,2022-04-14,4,down,flat,0.34492987581831513,0.3716707977441783,0.2833993264375065,0.34492987581831513,-0.026740921925863192,False,False
"Tesla, Inc.",2022-04-11,2022-04-18,4,flat,down,0.4197714118493896,0.2961373698984375,0.28409121825217293,0.4197714118493896,0.12363404195095212,True,False
"Tesla, Inc.",2022-04-12,2022-04-19,4,flat,down,0.40392748338242,0.3091415703637596,0.2869309462538202,0.40392748338242,0.0947859130186604,True,False
"Tesla, Inc.",2022-04-13,2022-04-20,4,flat,down,0.4351994877043329,0.32074074242485073,0.2440597698708164,0.4351994877043329,0.11445874527948219,True,False
"Tesla, Inc.",2022-04-14,2022-04-21,4,up,down,0.47876724131004345,0.2924539456322237,0.2287788130577328,0.47876724131004345,0.18631329567781973,True,False
"Tesla, Inc.",2022-04-18,2022-04-22,4,flat,down,0.4711906466194938,0.29840889120909686,0.23040046217140936,0.4711906466194938,0.17278175541039692,True,False
"Tesla, Inc.",2022-04-19,2022-04-25,4,flat,down,0.4578192759762467,0.293333577474133,0.24884714654962026,0.4578192759762467,0.1644856985021137,True,False
"Tesla, Inc.",2022-04-20,2022-04-26,4,down,down,0.4514249860471977,0.2871464437407312,0.261428570212071,0.4514249860471977,0.1642785423064665,True,True
"Tesla, Inc.",2022-04-21,2022-04-27,4,down,down,0.4039057001791236,0.30513811560558735,0.29095618421528907,0.4039057001791236,0.09876758457353624,True,True
"Tesla, Inc.",2022-04-22,2022-04-28,4,down,down,0.3849400909822127,0.3394990904423303,0.27556081857545695,0.3849400909822127,0.045441000539882426,True,True
"Tesla, Inc.",2022-04-25,2022-04-29,4,down,down,0.3650001141170526,0.2954349518414325,0.339564934041515,0.3650001141170526,0.0695651622756201,True,True
"Tesla, Inc.",2022-04-26,2022-05-02,4,down,down,0.4081773199187585,0.20477904605689468,0.3870436340243467,0.4081773199187585,0.20339827386186382,True,True
"Tesla, Inc.",2022-04-27,2022-05-03,4,flat,down,0.38949060708734634,0.24973947799412555,0.36076991491852817,0.38949060708734634,0.1397511290932208,True,False
"Tesla, Inc.",2022-04-28,2022-05-04,4,up,up,0.39896715956543116,0.1917192325806816,0.4093136078538872,0.4093136078538872,0.2175943752732056,True,True
"Tesla, Inc.",2022-04-29,2022-05-05,4,flat,down,0.42527742482636444,0.27855551719186145,0.29616705798177406,0.42527742482636444,0.146721907634503,True,False
"Tesla, Inc.",2022-05-02,2022-05-06,4,flat,down,0.5090341381208918,0.25050855386736226,0.24045730801174586,0.5090341381208918,0.25852558425352956,True,False
"Tesla, Inc.",2022-05-03,2022-05-09,4,down,down,0.49070885675446524,0.27513041235701774,0.23416073088851705,0.49070885675446524,0.2155784443974475,True,True
"Tesla, Inc.",2022-05-04,2022-05-10,4,down,down,0.5157828583403135,0.26285392347599934,0.22136321818368726,0.5157828583403135,0.2529289348643141,True,True
"Tesla, Inc.",2022-05-05,2022-05-11,4,down,down,0.5228872573980021,0.25549064285466205,0.2216220997473358,0.5228872573980021,0.26739661454334007,True,True
"Tesla, Inc.",2022-05-06,2022-05-12,4,down,down,0.4305107055507229,0.2843294872611506,0.2851598071881265,0.4305107055507229,0.1461812182895723,True,True
"Tesla, Inc.",2022-05-09,2022-05-13,4,down,down,0.3935441063535557,0.22199369815400008,0.3844621954924443,0.3935441063535557,0.1715504081995556,True,True
"Tesla, Inc.",2022-05-10,2022-05-16,4,down,up,0.3249617177283373,0.24694267184209784,0.4280956104295648,0.4280956104295648,0.18115293858746695,True,False
"Tesla, Inc.",2022-05-11,2022-05-17,4,flat,up,0.3797071912304162,0.19915682389122286,0.42113598487836096,0.42113598487836096,0.2219791609871381,True,False
"Tesla, Inc.",2022-05-12,2022-05-18,4,flat,down,0.4242503169891677,0.1696097394219372,0.40613994358889516,0.4242503169891677,0.2546405775672305,True,False
"Tesla, Inc.",2022-05-13,2022-05-19,4,down,down,0.4230983056549036,0.23979405930994568,0.3371076350351508,0.4230983056549036,0.1833042463449579,True,True
"Tesla, Inc.",2022-05-16,2022-05-20,4,down,down,0.6336371141579693,0.16000827864161926,0.20635460720041132,0.6336371141579693,0.47362883551635004,True,True
"Tesla, Inc.",2022-05-17,2022-05-23,4,down,down,0.5973590649888956,0.19111697390297022,0.2115239611081341,0.5973590649888956,0.40624209108592535,True,True
"Tesla, Inc.",2022-05-18,2022-05-24,4,down,down,0.5797235077285581,0.1711652064387066,0.24911128583273504,0.5797235077285581,0.4085583012898515,True,True
"Tesla, Inc.",2022-05-19,2022-05-25,4,down,down,0.5430238870281364,0.17519384823076822,0.28178226474109513,0.5430238870281364,0.3678300387973682,True,True
"Tesla, Inc.",2022-05-20,2022-05-26,4,flat,down,0.4393089187171667,0.1576607947162365,0.40303028656659673,0.4393089187171667,0.2816481240009302,True,False
"Tesla, Inc.",2022-05-23,2022-05-27,4,up,up,0.3803286577843333,0.2334843477733045,0.38618699444236204,0.38618699444236204,0.15270264666905753,True,True
"Tesla, Inc.",2022-05-24,2022-05-31,4,up,up,0.3704745777787827,0.17574988460670726,0.45377553761451017,0.45377553761451017,0.2780256530078029,True,True
"Tesla, Inc.",2022-05-25,2022-06-01,4,up,up,0.39220434512309976,0.20121186382558584,0.4065837910513143,0.4065837910513143,0.20537192722572847,True,True
"Tesla, Inc.",2022-05-26,2022-06-02,4,up,down,0.3870768142413343,0.24096126047341693,0.37196192528524863,0.3870768142413343,0.14611555376791735,True,False
"Tesla, Inc.",2022-05-27,2022-06-03,4,flat,flat,0.3509272643399949,0.38440453411162884,0.2646682015483763,0.3509272643399949,-0.033477269771633955,False,True
"Tesla, Inc.",2022-05-31,2022-06-06,4,down,flat,0.3441035272483255,0.4440080577455139,0.2118884150061605,0.3441035272483255,-0.09990453049718839,False,False
"Tesla, Inc.",2022-06-01,2022-06-07,4,down,flat,0.26918995508976196,0.5417271379423374,0.18908290696790062,0.26918995508976196,-0.27253718285257544,False,False
"Tesla, Inc.",2022-06-02,2022-06-08,4,flat,flat,0.2400696634192082,0.4648356056750152,0.2950947309057766,0.2950947309057766,-0.1697408747692386,False,True
"Tesla, Inc.",2022-06-03,2022-06-09,4,flat,flat,0.20776388209107308,0.5027746242236727,0.2894614936852542,0.2894614936852542,-0.2133131305384185,False,True
"Tesla, Inc.",2022-06-06,2022-06-10,4,flat,flat,0.18674451964627503,0.4926636518360771,0.3205918285176478,0.3205918285176478,-0.1720718233184293,False,True
"Tesla, Inc.",2022-06-07,2022-06-13,4,down,flat,0.2543992815430785,0.42931661192599846,0.31628410653092304,0.31628410653092304,-0.11303250539507542,False,False
"Tesla, Inc.",2022-06-08,2022-06-14,4,down,down,0.4357667843286108,0.3079254438608595,0.25630777181052966,0.4357667843286108,0.1278413404677513,True,True
"Tesla, Inc.",2022-06-09,2022-06-15,4,down,down,0.5261883324434701,0.2919585188042689,0.1818531487522611,0.5261883324434701,0.2342298136392012,True,True
"Tesla, Inc.",2022-06-10,2022-06-16,4,down,down,0.5888824400692416,0.25957728140763914,0.15154027852311924,0.5888824400692416,0.3293051586616025,True,True
"Tesla, Inc.",2022-06-13,2022-06-17,4,flat,down,0.5149239001187038,0.2386936518503922,0.2463824480309038,0.5149239001187038,0.2762302482683116,True,False
"Tesla, Inc.",2022-06-14,2022-06-21,4,up,down,0.4247931853898979,0.2878351732668823,0.2873716413432197,0.4247931853898979,0.13695801212301562,True,False
"Tesla, Inc.",2022-06-15,2022-06-22,4,flat,down,0.4145506098810248,0.2994899414283181,0.28595944869065687,0.4145506098810248,0.11506066845270674,True,False
"Tesla, Inc.",2022-06-16,2022-06-23,4,up,down,0.48681355888664046,0.27556216577625536,0.23762427533710398,0.48681355888664046,0.2112513931103851,True,False
"Tesla, Inc.",2022-06-17,2022-06-24,4,up,down,0.5110880388061819,0.2533605277161384,0.23555143347767968,0.5110880388061819,0.25772751109004355,True,False
"Tesla, Inc.",2022-06-21,2022-06-27,4,up,down,0.4423593962400238,0.29821214893409864,0.25942845482587745,0.4423593962400238,0.14414724730592515,True,False
"Tesla, Inc.",2022-06-22,2022-06-28,4,flat,down,0.4145210755159686,0.3987895128708724,0.18668941161315894,0.4145210755159686,0.01573156264509623,True,False
"Tesla, Inc.",2022-06-23,2022-06-29,4,flat,flat,0.3426587154640409,0.4272439878839379,0.2300972966520211,0.3426587154640409,-0.084585272419897,False,True
"Tesla, Inc.",2022-06-24,2022-06-30,4,down,flat,0.276303352250853,0.43189731144404264,0.2917993363051043,0.2917993363051043,-0.14009797513893835,False,False
"Tesla, Inc.",2022-06-27,2022-07-01,4,down,flat,0.2450807233620863,0.4444688973423514,0.3104503792955622,0.3104503792955622,-0.13401851804678921,False,False
"Tesla, Inc.",2022-06-28,2022-07-05,4,down,flat,0.24776995706763216,0.46657716273265126,0.2856528801997167,0.2856528801997167,-0.18092428253293458,False,False
"Tesla, Inc.",2022-06-29,2022-07-06,4,flat,flat,0.26707586080897316,0.4540713702596592,0.2788527689313677,0.2788527689313677,-0.17521860132829153,False,True
"Tesla, Inc.",2022-06-30,2022-07-07,4,up,flat,0.2850419249516687,0.3832093417923706,0.33174873325596066,0.33174873325596066,-0.051460608536409935,False,False
"Tesla, Inc.",2022-07-01,2022-07-08,4,up,flat,0.3350842292426356,0.35241614177817643,0.31249962897918804,0.3350842292426356,-0.01733191253554084,False,False
"Tesla, Inc.",2022-07-05,2022-07-11,4,up,down,0.4562240397514793,0.2949862384906037,0.24878972175791705,0.4562240397514793,0.1612378012608756,True,False
"Tesla, Inc.",2022-07-06,2022-07-12,4,flat,down,0.4718607861815991,0.3047253923909946,0.22341382142740626,0.4718607861815991,0.1671353937906045,True,False
"Tesla, Inc.",2022-07-07,2022-07-13,4,flat,down,0.5006181592664298,0.30341743735909843,0.19596440337447174,0.5006181592664298,0.1972007219073314,True,False
"Tesla, Inc.",2022-07-08,2022-07-14,4,down,down,0.44098709035554695,0.360114484774385,0.19889842487006804,0.44098709035554695,0.08087260558116194,True,True
"Tesla, Inc.",2022-07-11,2022-07-15,4,flat,flat,0.3551378451353516,0.440078755793204,0.20478339907144433,0.3551378451353516,-0.08494091065785236,False,True
"Tesla, Inc.",2022-07-12,2022-07-18,4,flat,flat,0.29385474889821234,0.4580441750666939,0.24810107603509374,0.29385474889821234,-0.1641894261684816,False,True
"Tesla, Inc.",2022-07-13,2022-07-19,4,up,flat,0.2400376295375023,0.4631694221408931,0.2967929483216047,0.2967929483216047,-0.16637647381928838,False,False
"Tesla, Inc.",2022-07-14,2022-07-20,4,up,flat,0.2450385030590162,0.4684078849262505,0.2865536120147332,0.2865536120147332,-0.1818542729115173,False,False
"Tesla, Inc.",2022-07-15,2022-07-21,4,up,flat,0.3376215178125027,0.4094532741927639,0.2529252079947334,0.3376215178125027,-0.07183175638026118,False,False
"Tesla, Inc.",2022-07-18,2022-07-22,4,up,down,0.42145647122325075,0.3719933275695315,0.20655020120721768,0.42145647122325075,0.04946314365371923,True,False
"Tesla, Inc.",2022-07-19,2022-07-25,4,up,down,0.4540517584342414,0.34269495466883765,0.20325328689692101,0.4540517584342414,0.11135680376540374,True,False
"Tesla, Inc.",2022-07-20,2022-07-26,4,up,down,0.47278504924645387,0.3094456420355164,0.2177693087180297,0.47278504924645387,0.16333940721093748,True,False
"Tesla, Inc.",2022-07-21,2022-07-27,4,flat,flat,0.32959309343091675,0.39702580559897704,0.2733811009701062,0.32959309343091675,-0.0674327121680603,False,True
"Tesla, Inc.",2022-07-22,2022-07-28,4,flat,flat,0.24309422692050695,0.5316423342328408,0.2252634388466521,0.24309422692050695,-0.2885481073123338,False,True
"Tesla, Inc.",2022-07-25,2022-07-29,4,up,flat,0.23512976721030804,0.5962878166236927,0.16858241616599923,0.23512976721030804,-0.36115804941338464,False,False
"Tesla, Inc.",2022-07-26,2022-08-01,4,up,flat,0.30182899488929754,0.5109532701781988,0.18721773493250354,0.30182899488929754,-0.20912427528890126,False,False
"Tesla, Inc.",2022-07-27,2022-08-02,4,up,flat,0.30818692357182803,0.42700841630684594,0.2648046601213261,0.30818692357182803,-0.11882149273501791,False,False
"Tesla, Inc.",2022-07-28,2022-08-03,4,up,flat,0.3048447123697302,0.44376820570062186,0.25138708192964787,0.3048447123697302,-0.13892349333089166,False,False
"Tesla, Inc.",2022-07-29,2022-08-04,4,up,flat,0.30446619865076874,0.48527755461455524,0.21025624673467608,0.30446619865076874,-0.1808113559637865,False,False
"Tesla, Inc.",2022-08-01,2022-08-05,4,flat,flat,0.28437953506335595,0.5117030550319808,0.20391740990466334,0.28437953506335595,-0.22732351996862482,False,True
"Tesla, Inc.",2022-08-02,2022-08-08,4,flat,flat,0.3141304711943964,0.532295734636558,0.1535737941690455,0.3141304711943964,-0.21816526344216158,False,True
"Tesla, Inc.",2022-08-03,2022-08-09,4,down,flat,0.3351373214024781,0.4393124308585584,0.2255502477389635,0.3351373214024781,-0.10417510945608033,False,False
"Tesla, Inc.",2022-08-04,2022-08-10,4,down,flat,0.3072337012306997,0.46094213094684333,0.23182416782245696,0.3072337012306997,-0.15370842971614362,False,False
"Tesla, Inc.",2022-08-05,2022-08-11,4,flat,flat,0.28588473237915113,0.42436195799854354,0.28975330962230517,0.28975330962230517,-0.13460864837623837,False,True
"Tesla, Inc.",2022-08-08,2022-08-12,4,flat,flat,0.22169514772262167,0.4394139069993663,0.33889094527801206,0.33889094527801206,-0.10052296172135422,False,True
"Tesla, Inc.",2022-08-09,2022-08-15,4,up,flat,0.24951152093598533,0.394259087231205,0.35622939183280966,0.35622939183280966,-0.03802969539839535,False,False
"Tesla, Inc.",2022-08-10,2022-08-16,4,up,flat,0.3349909089089206,0.3560945970074407,0.3089144940836387,0.3349909089089206,-0.021103688098520146,False,False
"Tesla, Inc.",2022-08-11,2022-08-17,4,up,flat,0.34684368053994885,0.409355512195629,0.24380080726442205,0.34684368053994885,-0.06251183165568014,False,False
"Tesla, Inc.",2022-08-12,2022-08-18,4,flat,down,0.40851730121707175,0.3648488336958292,0.22663386508709893,0.40851730121707175,0.04366846752124254,True,False
"Tesla, Inc.",2022-08-15,2022-08-19,4,down,down,0.39657463038044616,0.3633477923563204,0.2400775772632335,0.39657463038044616,0.03322683802412574,True,True
"Tesla, Inc.",2022-08-16,2022-08-22,4,down,flat,0.38292047400925,0.40326075258094585,0.21381877340980404,0.38292047400925,-0.020340278571695847,False,False
"Tesla, Inc.",2022-08-17,2022-08-23,4,down,flat,0.3679569112617557,0.400747180459173,0.23129590827907115,0.3679569112617557,-0.03279026919741729,False,False
"Tesla, Inc.",2022-08-18,2022-08-24,4,flat,flat,0.360968532649971,0.3869971454001976,0.25203432194983133,0.360968532649971,-0.02602861275022661,False,True
"Tesla, Inc.",2022-08-19,2022-08-25,4,flat,down,0.38116593992858994,0.3186262953920552,0.30020776467935467,0.38116593992858994,0.06253964453653471,True,False
"Tesla, Inc.",2022-08-22,2022-08-26,4,flat,down,0.3591303259294264,0.3357587927879743,0.3051108812825992,0.3591303259294264,0.023371533141452072,True,False
"Tesla, Inc.",2022-08-23,2022-08-29,4,down,down,0.37732709741616655,0.3140233868090614,0.308649515774772,0.37732709741616655,0.06330371060710516,True,True
"Tesla, Inc.",2022-08-24,2022-08-30,4,down,down,0.40171210676217795,0.3253401052238837,0.2729477880139384,0.40171210676217795,0.07637200153829427,True,True
"Tesla, Inc.",2022-08-25,2022-08-31,4,down,down,0.44499508613098915,0.31600530972277074,0.2389996041462402,0.44499508613098915,0.1289897764082184,True,True
"Tesla, Inc.",2022-08-26,2022-09-01,4,down,down,0.49184909245492003,0.28832197861664466,0.21982892892843525,0.49184909245492003,0.20352711383827538,True,True
"Tesla, Inc.",2022-08-29,2022-09-02,4,down,down,0.46996325147783524,0.28948497455723476,0.24055177396493002,0.46996325147783524,0.18047827692060048,True,True
"Tesla, Inc.",2022-08-30,2022-09-06,4,down,down,0.4441002694405194,0.27890064809217185,0.2769990824673088,0.4441002694405194,0.16519962134834754,True,True
"Tesla, Inc.",2022-08-31,2022-09-07,4,flat,down,0.46036515384302656,0.2854008432369193,0.2542340029200542,0.46036515384302656,0.1749643106061073,True,False
"Tesla, Inc.",2022-09-01,2022-09-08,4,up,down,0.4997179811755712,0.2685848815885906,0.23169713723583815,0.4997179811755712,0.23113309958698058,True,False
"Tesla, Inc.",2022-09-02,2022-09-09,4,up,down,0.525061258431486,0.23931104933413938,0.23562769223437452,0.525061258431486,0.2857502090973466,True,False
"Tesla, Inc.",2022-09-06,2022-09-12,4,up,down,0.5907468247160281,0.2072562062666079,0.20199696901736386,0.5907468247160281,0.38349061844942023,True,False
"Tesla, Inc.",2022-09-07,2022-09-13,4,up,down,0.5659108126744914,0.2128160602416727,0.2212731270838359,0.5659108126744914,0.3530947524328187,True,False
"Tesla, Inc.",2022-09-08,2022-09-14,4,up,down,0.548792497468489,0.22322772938392366,0.22797977314758727,0.548792497468489,0.32556476808456536,True,False
"Tesla, Inc.",2022-09-09,2022-09-15,4,flat,down,0.4880667380416118,0.29098423765967185,0.22094902429871627,0.4880667380416118,0.19708250038193997,True,False
"Tesla, Inc.",2022-09-12,2022-09-16,4,flat,down,0.47213463785748333,0.3142041890031982,0.21366117313931848,0.47213463785748333,0.15793044885428514,True,False
"Tesla, Inc.",2022-09-13,2022-09-19,4,up,down,0.5010327900496574,0.267209375637069,0.2317578343132733,0.5010327900496574,0.23382341441258842,True,False
"Tesla, Inc.",2022-09-14,2022-09-20,4,up,down,0.4468482875697747,0.24031641369883366,0.3128352987313916,0.4468482875697747,0.20653187387094102,True,False
"Tesla, Inc.",2022-09-15,2022-09-21,4,flat,down,0.39061440671580927,0.30435947161676824,0.3050261216674224,0.39061440671580927,0.08625493509904103,True,False
"Tesla, Inc.",2022-09-16,2022-09-22,4,down,down,0.3791695699945756,0.3315139158225008,0.2893165141829237,0.3791695699945756,0.04765565417207479,True,True
"Tesla, Inc.",2022-09-19,2022-09-23,4,down,down,0.3607311582792413,0.3456651378559712,0.2936037038647875,0.3607311582792413,0.015066020423270099,True,True
"Tesla, Inc.",2022-09-20,2022-09-26,4,down,down,0.40040791911000473,0.32744043141227386,0.2721516494777214,0.40040791911000473,0.07296748769773087,True,True
"Tesla, Inc.",2022-09-21,2022-09-27,4,down,down,0.4223404303970753,0.32422350285703383,0.25343606674589086,0.4223404303970753,0.09811692754004148,True,True
"Tesla, Inc.",2022-09-22,2022-09-28,4,down,down,0.4556492280880887,0.3047809656198043,0.23956980629210695,0.4556492280880887,0.15086826246828444,True,True
"Tesla, Inc.",2022-09-23,2022-09-29,4,flat,down,0.42825653372531225,0.29408826011739064,0.27765520615729716,0.42825653372531225,0.1341682736079216,True,False
"Tesla, Inc.",2022-09-26,2022-09-30,4,down,down,0.40078014910243553,0.29919688804909383,0.3000229628484706,0.40078014910243553,0.1015832610533417,True,True
"Tesla, Inc.",2022-09-27,2022-10-03,4,down,down,0.4440925359875234,0.30730833742870783,0.24859912658376884,0.4440925359875234,0.13678419855881557,True,True
"Tesla, Inc.",2022-09-28,2022-10-04,4,down,down,0.5041983912111765,0.3223810218201372,0.17342058696868637,0.5041983912111765,0.18181736939103926,True,True
"Tesla, Inc.",2022-09-29,2022-10-05,4,down,down,0.5978307305553552,0.24318191322381036,0.1589873562208342,0.5978307305553552,0.35464881733154485,True,True
"Tesla, Inc.",2022-09-30,2022-10-06,4,down,down,0.6122626867483314,0.1978213382647859,0.18991597498688279,0.6122626867483314,0.4144413484835455,True,True
"Tesla, Inc.",2022-10-03,2022-10-07,4,down,down,0.5606735790177142,0.15056397132203372,0.28876244966025194,0.5606735790177142,0.4101096076956805,True,True
"Tesla, Inc.",2022-10-04,2022-10-10,4,down,down,0.4534818498942941,0.19747763906132887,0.34904051104437694,0.4534818498942941,0.2560042108329652,True,True
"Tesla, Inc.",2022-10-05,2022-10-11,4,down,down,0.4556002625459947,0.20682657273249289,0.3375731647215122,0.4556002625459947,0.24877368981350184,True,True
"Tesla, Inc.",2022-10-06,2022-10-12,4,down,down,0.5336760484095353,0.1826183364466496,0.28370561514381476,0.5336760484095353,0.3510577119628857,True,True
"Tesla, Inc.",2022-10-07,2022-10-13,4,down,down,0.5279537588118883,0.14908091670887166,0.32296532447924,0.5279537588118883,0.37887284210301664,True,True
"Tesla, Inc.",2022-10-10,2022-10-14,4,flat,down,0.5595626799082057,0.17129354028024718,0.26914377981154697,0.5595626799082057,0.38826913962795856,True,False
"Tesla, Inc.",2022-10-11,2022-10-17,4,flat,down,0.5178497109684705,0.16550437138401028,0.3166459176475191,0.5178497109684705,0.35234533958446024,True,False
"Tesla, Inc.",2022-10-12,2022-10-18,4,flat,down,0.5310111983503327,0.1768786305827107,0.2921101710669565,0.5310111983503327,0.35413256776762203,True,False
"Tesla, Inc.",2022-10-13,2022-10-19,4,flat,down,0.4791464091674117,0.18039983695563155,0.34045375387695664,0.4791464091674117,0.29874657221178014,True,False
"Tesla, Inc.",2022-10-14,2022-10-20,4,flat,down,0.43769271197772774,0.22863475702905212,0.33367253099322014,0.43769271197772774,0.20905795494867563,True,False
"Tesla, Inc.",2022-10-17,2022-10-21,4,flat,down,0.4151754184775037,0.25493312519256583,0.32989145632993033,0.4151754184775037,0.1602422932849379,True,False
"Tesla, Inc.",2022-10-18,2022-10-24,4,down,up,0.29703461635614614,0.31296346134643227,0.3900019222974216,0.3900019222974216,0.07703846095098932,True,False
"Tesla, Inc.",2022-10-19,2022-10-25,4,flat,flat,0.29477589287213385,0.381993032780424,0.32323107434744214,0.32323107434744214,-0.058761958432981876,False,True
"Tesla, Inc.",2022-10-20,2022-10-26,4,up,up,0.31924675338688746,0.29722510631024684,0.38352814030286575,0.38352814030286575,0.0863030339926189,True,True
"Tesla, Inc.",2022-10-21,2022-10-27,4,up,up,0.20075847687589202,0.33931288293945483,0.45992864018465307,0.45992864018465307,0.12061575724519824,True,True
"Tesla, Inc.",2022-10-24,2022-10-28,4,up,up,0.2425560805731316,0.3229882084809048,0.4344557109459637,0.4344557109459637,0.11146750246505888,True,True
"Tesla, Inc.",2022-10-25,2022-10-31,4,flat,up,0.17994767401964526,0.3672221761898451,0.4528301497905098,0.4528301497905098,0.08560797360066469,True,False
"Tesla, Inc.",2022-10-26,2022-11-01,4,flat,flat,0.19940915740255202,0.48101825377794205,0.319572588819506,0.319572588819506,-0.16144566495843604,False,True
"Tesla, Inc.",2022-10-27,2022-11-02,4,flat,flat,0.22574764275108186,0.5428523591844255,0.23139999806449257,0.23139999806449257,-0.31145236111993296,False,True
"Tesla, Inc.",2022-10-28,2022-11-03,4,down,flat,0.26826000721008825,0.47188140544608764,0.25985858734382417,0.26826000721008825,-0.2036213982359994,False,False
"Tesla, Inc.",2022-10-31,2022-11-04,4,down,flat,0.25690015964860186,0.40313601568331425,0.33996382466808395,0.33996382466808395,-0.0631721910152303,False,False
"Tesla, Inc.",2022-11-01,2022-11-07,4,down,up,0.23137536218989865,0.34787897880176444,0.42074565900833694,0.42074565900833694,0.0728666802065725,True,False
"Tesla, Inc.",2022-11-02,2022-11-08,4,down,flat,0.21083893077948937,0.40679251248478987,0.3823685567357209,0.3823685567357209,-0.02442395574906897,False,False
"Tesla, Inc.",2022-11-03,2022-11-09,4,down,up,0.22055832569869496,0.3411031492472615,0.4383385250540438,0.4383385250540438,0.09723537580678232,True,False
"Tesla, Inc.",2022-11-04,2022-11-10,4,down,up,0.2812446350681389,0.28204535489063076,0.4367100100412304,0.4367100100412304,0.15466465515059963,True,False
"Tesla, Inc.",2022-11-07,2022-11-11,4,down,up,0.3480109647132002,0.27989234464461554,0.3720966906421844,0.3720966906421844,0.09220434599756888,True,False
"Tesla, Inc.",2022-11-08,2022-11-14,4,flat,up,0.3841369491685126,0.20651795614259277,0.4093450946888946,0.4093450946888946,0.2028271385463018,True,False
"Tesla, Inc.",2022-11-09,2022-11-15,4,up,up,0.3468354862785902,0.22092829584868137,0.4322362178727285,0.4322362178727285,0.2113079220240471,True,True
"Tesla, Inc.",2022-11-10,2022-11-16,4,flat,up,0.3062857531858795,0.26534153498630286,0.4283727118278178,0.4283727118278178,0.1630311768415149,True,False
"Tesla, Inc.",2022-11-11,2022-11-17,4,flat,up,0.29556863712672354,0.30948505479643146,0.39494630807684494,0.39494630807684494,0.08546125328041349,True,False
"Tesla, Inc.",2022-11-14,2022-11-18,4,down,up,0.2946392845533329,0.33850310619151985,0.36685760925514743,0.36685760925514743,0.02835450306362758,True,False
"Tesla, Inc.",2022-11-15,2022-11-21,4,down,up,0.2701097532929033,0.3102346011992758,0.419655645507821,0.419655645507821,0.10942104430854516,True,False
"Tesla, Inc.",2022-11-16,2022-11-22,4,down,flat,0.2882195367389708,0.3625860937777434,0.34919436948328586,0.34919436948328586,-0.013391724294457563,False,False
"Tesla, Inc.",2022-11-17,2022-11-23,4,flat,up,0.258497295976775,0.3458696782903127,0.3956330257329125,0.3956330257329125,0.049763347442599803,True,False
"Tesla, Inc.",2022-11-18,2022-11-25,4,flat,up,0.22646231376225204,0.3208487491365055,0.45268893710124253,0.45268893710124253,0.131840187964737,True,False
"Tesla, Inc.",2022-11-21,2022-11-28,4,up,up,0.2856620312114202,0.2958551201544593,0.4184828486341204,0.4184828486341204,0.12262772847966108,True,True
"Tesla, Inc.",2022-11-22,2022-11-29,4,up,up,0.2303134619637725,0.3102703527682596,0.4594161852679679,0.4594161852679679,0.1491458324997083,True,True
"Tesla, Inc.",2022-11-23,2022-11-30,4,up,up,0.19489682805583855,0.27470535571803184,0.5303978162261296,0.5303978162261296,0.25569246050809774,True,True
"Tesla, Inc.",2022-11-25,2022-12-01,4,up,flat,0.23386525465489805,0.3920928460116483,0.37404189933345355,0.37404189933345355,-0.018050946678194735,False,False
"Tesla, Inc.",2022-11-28,2022-12-02,4,up,up,0.2927281104221607,0.3361349281970534,0.3711369613807859,0.3711369613807859,0.03500203318373252,True,True
"Tesla, Inc.",2022-11-29,2022-12-05,4,flat,flat,0.28320608328371316,0.38075619466249294,0.33603772205379384,0.33603772205379384,-0.0447184726086991,False,True
"Tesla, Inc.",2022-11-30,2022-12-06,4,down,flat,0.2677831144821998,0.3696509270324553,0.3625659584853448,0.3625659584853448,-0.007084968547110493,False,False
"Tesla, Inc.",2022-12-01,2022-12-07,4,down,flat,0.22293649197695672,0.44440413140044555,0.3326593766225976,0.3326593766225976,-0.11174475477784795,False,False
"Tesla, Inc.",2022-12-02,2022-12-08,4,down,flat,0.2853039726872022,0.4609123497628168,0.25378367754998093,0.2853039726872022,-0.1756083770756146,False,False
"Tesla, Inc.",2022-12-05,2022-12-09,4,down,flat,0.22375989806645719,0.4263378518300236,0.34990225010351916,0.34990225010351916,-0.07643560172650443,False,False
"Tesla, Inc.",2022-12-06,2022-12-12,4,down,flat,0.22245529424403437,0.3982326060057944,0.37931209975017127,0.37931209975017127,-0.018920506255623137,False,False
"Tesla, Inc.",2022-12-07,2022-12-13,4,down,flat,0.23888001944704823,0.3857737718521981,0.3753462087007537,0.3753462087007537,-0.010427563151444386,False,False
"Tesla, Inc.",2022-12-08,2022-12-14,4,down,up,0.2615958906011081,0.34012733207617357,0.39827677732271827,0.39827677732271827,0.058149445246544695,True,False
"Tesla, Inc.",2022-12-09,2022-12-15,4,down,up,0.23142113388886887,0.3268427194040825,0.4417361467070487,0.4417361467070487,0.1148934273029662,True,False
"Tesla, Inc.",2022-12-12,2022-12-16,4,down,up,0.2886345193410711,0.3508220638435092,0.3605434168154196,0.3605434168154196,0.009721352971910402,True,False
"Tesla, Inc.",2022-12-13,2022-12-19,4,down,up,0.33490493210404226,0.29766279448302296,0.36743227341293483,0.36743227341293483,0.06976947892991187,True,False
"Tesla, Inc.",2022-12-14,2022-12-20,4,down,down,0.33535395286149794,0.3300274775792269,0.33461856955927527,0.33535395286149794,0.005326475282271037,True,True
"Tesla, Inc.",2022-12-15,2022-12-21,4,down,up,0.3091903330424209,0.29176197707103313,0.3990476898865459,0.3990476898865459,0.10728571281551275,True,False
"Tesla, Inc.",2022-12-16,2022-12-22,4,down,up,0.2941523349735924,0.2803081847353693,0.4255394802910385,0.4255394802910385,0.14523129555566922,True,False
"Tesla, Inc.",2022-12-19,2022-12-23,4,down,up,0.29509073469792707,0.30201378376770405,0.4028954815343688,0.4028954815343688,0.10088169776666478,True,False
"Tesla, Inc.",2022-12-20,2022-12-27,4,down,up,0.3532964047854642,0.26556855166178045,0.3811350435527553,0.3811350435527553,0.11556649189097484,True,False
"Tesla, Inc.",2022-12-21,2022-12-28,4,down,up,0.32991919684436105,0.2847038764278003,0.38537692672783863,0.38537692672783863,0.10067305030003831,True,False
"Tesla, Inc.",2022-12-22,2022-12-29,4,down,up,0.33487141456269265,0.1891741094626614,0.47595447597464596,0.47595447597464596,0.2867803665119846,True,False
"Tesla, Inc.",2022-12-23,2022-12-30,4,flat,up,0.275368413221241,0.2133625848958961,0.5112690018828628,0.5112690018828628,0.29790641698696674,True,False
"Tesla, Inc.",2022-12-27,2023-01-03,4,flat,up,0.30733591089779266,0.16884973740515902,0.5238143516970484,0.5238143516970484,0.35496461429188936,True,False
"Tesla, Inc.",2022-12-28,2023-01-04,4,flat,up,0.24207212981456394,0.15814036283171934,0.5997875073537171,0.5997875073537171,0.44164714452199777,True,False
"Tesla, Inc.",2022-12-29,2023-01-05,4,down,up,0.17138651231396146,0.18579603740297546,0.6428174502830633,0.6428174502830633,0.4570214128800878,True,False
"Tesla, Inc.",2022-12-30,2023-01-06,4,down,up,0.27276210142524,0.27402689044783735,0.4532110081269227,0.4532110081269227,0.17918411767908538,True,False
"Tesla, Inc.",2023-01-03,2023-01-09,4,flat,up,0.3631806246876416,0.21889415264906673,0.4179252226632917,0.4179252226632917,0.19903107001422496,True,False
"Tesla, Inc.",2023-01-04,2023-01-10,4,up,up,0.2701722281831916,0.26001145272565784,0.4698163190911504,0.4698163190911504,0.20980486636549256,True,True
"Tesla, Inc.",2023-01-05,2023-01-11,4,up,up,0.2747758268252798,0.2491640128212368,0.4760601603534834,0.4760601603534834,0.22689614753224663,True,True
"Tesla, Inc.",2023-01-06,2023-01-12,4,up,up,0.2686923860409027,0.21833780308173595,0.5129698108773613,0.5129698108773613,0.2946320077956253,True,True
"Tesla, Inc.",2023-01-09,2023-01-13,4,flat,up,0.17532445564986965,0.27915944183384134,0.545516102516289,0.545516102516289,0.2663566606824477,True,False
"Tesla, Inc.",2023-01-10,2023-01-17,4,up,up,0.30620472838928436,0.3227080050519213,0.37108726655879437,0.37108726655879437,0.04837926150687305,True,True
"Tesla, Inc.",2023-01-11,2023-01-18,4,up,up,0.2724187572897698,0.32393695472769324,0.40364428798253704,0.40364428798253704,0.0797073332548438,True,True
"Tesla, Inc.",2023-01-12,2023-01-19,4,flat,up,0.2977312856606436,0.34514804285369044,0.35712067148566595,0.35712067148566595,0.011972628631975513,True,False
"Tesla, Inc.",2023-01-13,2023-01-20,4,up,up,0.29770847549347734,0.3268629377774277,0.37542858672909507,0.37542858672909507,0.04856564895166737,True,True
"Tesla, Inc.",2023-01-17,2023-01-23,4,up,up,0.20391529276177814,0.3242121584999577,0.47187254873826434,0.47187254873826434,0.14766039023830663,True,True
"Tesla, Inc.",2023-01-18,2023-01-24,4,up,up,0.25531702855239263,0.36835055191768196,0.3763324195299256,0.3763324195299256,0.00798186761224362,True,True
"Tesla, Inc.",2023-01-19,2023-01-25,4,up,flat,0.2773801491074499,0.4024143263755974,0.32020552451695283,0.32020552451695283,-0.08220880185864454,False,False
"Tesla, Inc.",2023-01-20,2023-01-26,4,up,up,0.2587052589674359,0.3666697713843435,0.37462496964822084,0.37462496964822084,0.007955198263877361,True,True
"Tesla, Inc.",2023-01-23,2023-01-27,4,up,up,0.2569988537475357,0.3604022686382099,0.3825988776142544,0.3825988776142544,0.022196608976044474,True,True
"Tesla, Inc.",2023-01-24,2023-01-30,4,up,flat,0.29257049611939234,0.4619138832528119,0.24551562062779564,0.29257049611939234,-0.16934338713341957,False,False
"Tesla, Inc.",2023-01-25,2023-01-31,4,up,flat,0.37184209887816744,0.41627200260544883,0.21188589851638362,0.37184209887816744,-0.044429903727281395,False,False
"Tesla, Inc.",2023-01-26,2023-02-01,4,up,flat,0.2852881614137788,0.38074920585929206,0.33396263272692905,0.33396263272692905,-0.04678657313236301,False,False
"Tesla, Inc.",2023-01-27,2023-02-02,4,up,flat,0.2949937729971999,0.38320371856459107,0.3218025084382089,0.3218025084382089,-0.061401210126382166,False,False
"Tesla, Inc.",2023-01-30,2023-02-03,4,up,flat,0.3031353723683814,0.44510515245244797,0.25175947517917063,0.3031353723683814,-0.14196978008406658,False,False
"Tesla, Inc.",2023-01-31,2023-02-06,4,up,flat,0.3054284285932199,0.4626658859476616,0.23190568545911844,0.3054284285932199,-0.15723745735444172,False,False
"Tesla, Inc.",2023-02-01,2023-02-07,4,up,flat,0.2319990300805207,0.39775660734236673,0.3702443625771127,0.3702443625771127,-0.027512244765254046,False,False
"Tesla, Inc.",2023-02-02,2023-02-08,4,up,flat,0.15967952043262884,0.4639819894519736,0.37633849011539755,0.37633849011539755,-0.08764349933657606,False,False
"Tesla, Inc.",2023-02-03,2023-02-09,4,up,flat,0.1822617523711386,0.5532004965425279,0.26453775108633343,0.26453775108633343,-0.28866274545619447,False,False
"Tesla, Inc.",2023-02-06,2023-02-10,4,flat,flat,0.13224951611287825,0.5427849855717859,0.3249654983153357,0.3249654983153357,-0.21781948725645017,False,True
"Tesla, Inc.",2023-02-07,2023-02-13,4,flat,flat,0.15943793166454157,0.5149387603004636,0.32562330803499495,0.32562330803499495,-0.18931545226546864,False,True
"Tesla, Inc.",2023-02-08,2023-02-14,4,flat,flat,0.1533022923165943,0.5374522622941242,0.30924544538928145,0.30924544538928145,-0.2282068169048428,False,True
"Tesla, Inc.",2023-02-09,2023-02-15,4,flat,flat,0.1270624992880956,0.5658912095345401,0.30704629117736437,0.30704629117736437,-0.2588449183571757,False,True
"Tesla, Inc.",2023-02-10,2023-02-16,4,flat,flat,0.207987074863634,0.5775753092912792,0.21443761584508683,0.21443761584508683,-0.3631376934461924,False,True
"Tesla, Inc.",2023-02-13,2023-02-17,4,up,flat,0.17766533310325786,0.5822741298501728,0.24006053704656927,0.24006053704656927,-0.34221359280360353,False,False
"Tesla, Inc.",2023-02-14,2023-02-21,4,flat,flat,0.15715182852772724,0.46809525388625495,0.37475291758601775,0.37475291758601775,-0.0933423363002372,False,True
"Tesla, Inc.",2023-02-15,2023-02-22,4,down,flat,0.1535928736094986,0.5661142726972609,0.2802928536932404,0.2802928536932404,-0.28582141900402047,False,False
"Tesla, Inc.",2023-02-16,2023-02-23,4,flat,flat,0.2003602789696688,0.6088818615360867,0.1907578594942443,0.2003602789696688,-0.4085215825664179,False,True
"Tesla, Inc.",2023-02-17,2023-02-24,4,down,flat,0.1884958406499104,0.6425925933597989,0.16891156599029053,0.1884958406499104,-0.4540967527098885,False,False
"Tesla, Inc.",2023-02-21,2023-02-27,4,flat,flat,0.20375379905330493,0.552316267303801,0.24392993364289395,0.24392993364289395,-0.30838633366090706,False,True
"Tesla, Inc.",2023-02-22,2023-02-28,4,flat,flat,0.2192519992651663,0.49674384699827967,0.2840041537365538,0.2840041537365538,-0.21273969326172587,False,True
"Tesla, Inc.",2023-02-23,2023-03-01,4,flat,flat,0.1936622191320767,0.5606265549797678,0.24571122588815547,0.24571122588815547,-0.3149153290916123,False,True
"Tesla, Inc.",2023-02-24,2023-03-02,4,flat,flat,0.22148889420106832,0.5371083898766313,0.2414027159223004,0.2414027159223004,-0.29570567395433095,False,True
"Tesla, Inc.",2023-02-27,2023-03-03,4,down,flat,0.18527648291828563,0.47899833696819577,0.33572518011351843,0.33572518011351843,-0.14327315685467734,False,False
"Tesla, Inc.",2023-02-28,2023-03-06,4,down,flat,0.21885941895223548,0.5410499965905555,0.240090584457209,0.240090584457209,-0.30095941213334654,False,False
"Tesla, Inc.",2023-03-01,2023-03-07,4,down,flat,0.2528963203906697,0.5541700376792636,0.19293364193006654,0.2528963203906697,-0.3012737172885939,False,False
"Tesla, Inc.",2023-03-02,2023-03-08,4,flat,flat,0.2635914277545117,0.4758841691121442,0.260524403133344,0.2635914277545117,-0.2122927413576325,False,True
"Tesla, Inc.",2023-03-03,2023-03-09,4,down,flat,0.17448014237270115,0.4250676762752047,0.40045218135209415,0.40045218135209415,-0.024615494923110548,False,False
"Tesla, Inc.",2023-03-06,2023-03-10,4,down,flat,0.20725005786698525,0.48136185120084307,0.3113880909321718,0.3113880909321718,-0.16997376026867128,False,False
"Tesla, Inc.",2023-03-07,2023-03-13,4,down,flat,0.24625346755759425,0.4773128288013493,0.2764337036410564,0.2764337036410564,-0.20087912516029288,False,False
"Tesla, Inc.",2023-03-08,2023-03-14,4,flat,flat,0.2407634282709175,0.44637221115428005,0.31286436057480227,0.31286436057480227,-0.13350785057947778,False,True
"Tesla, Inc.",2023-03-09,2023-03-15,4,flat,flat,0.2864893019424333,0.39263297491368027,0.32087772314388635,0.32087772314388635,-0.07175525176979392,False,True
"Tesla, Inc.",2023-03-10,2023-03-16,4,up,up,0.3079813238343624,0.3216752333961943,0.3703434427694433,0.3703434427694433,0.048668209373249005,True,True
"Tesla, Inc.",2023-03-13,2023-03-17,4,up,up,0.25882506025213103,0.35086556447512746,0.39030937527274157,0.39030937527274157,0.03944381079761411,True,True
"Tesla, Inc.",2023-03-14,2023-03-20,4,flat,up,0.21554785882129351,0.3803636808153539,0.4040884603633528,0.4040884603633528,0.023724779547998898,True,False
"Tesla, Inc.",2023-03-15,2023-03-21,4,up,flat,0.2832333741235641,0.42997540698656256,0.28679121888987325,0.28679121888987325,-0.1431841880966893,False,False
"Tesla, Inc.",2023-03-16,2023-03-22,4,up,flat,0.31332170619047334,0.41141665096166385,0.2752616428478628,0.31332170619047334,-0.09809494477119052,False,False
"Tesla, Inc.",2023-03-17,2023-03-23,4,up,flat,0.3376002956509205,0.37361302638182253,0.2887866779672569,0.3376002956509205,-0.036012730730902054,False,False
"Tesla, Inc.",2023-03-20,2023-03-24,4,up,flat,0.3151583775997312,0.3867886118093008,0.2980530105909679,0.3151583775997312,-0.0716302342095696,False,False
"Tesla, Inc.",2023-03-21,2023-03-27,4,flat,up,0.20757665121425062,0.34583536821598343,0.44658798056976606,0.44658798056976606,0.10075261235378263,True,False
"Tesla, Inc.",2023-03-22,2023-03-28,4,down,flat,0.25343425471467207,0.4161575560563632,0.3304081892289647,0.3304081892289647,-0.08574936682739848,False,False
"Tesla, Inc.",2023-03-23,2023-03-29,4,flat,flat,0.2642730060916446,0.4409072831593813,0.2948197107489742,0.2948197107489742,-0.14608757241040715,False,True
"Tesla, Inc.",2023-03-24,2023-03-30,4,flat,flat,0.2612796074379045,0.4292137231054581,0.3095066694566374,0.3095066694566374,-0.11970705364882067,False,True
"Tesla, Inc.",2023-03-27,2023-03-31,4,up,flat,0.2637056687474258,0.3856492437696418,0.35064508748293244,0.35064508748293244,-0.03500415628670939,False,False
"Tesla, Inc.",2023-03-28,2023-04-03,4,up,flat,0.22892435410440098,0.46064181479624455,0.31043383109935435,0.31043383109935435,-0.1502079836968902,False,False
"Tesla, Inc.",2023-03-29,2023-04-04,4,flat,flat,0.24814649276863782,0.40421039704520967,0.34764311018615246,0.34764311018615246,-0.05656728685905721,False,True
"Tesla, Inc.",2023-03-30,2023-04-05,4,down,flat,0.26374025499259873,0.4272807103141142,0.308979034693287,0.308979034693287,-0.11830167562082716,False,False
"Tesla, Inc.",2023-03-31,2023-04-06,4,down,flat,0.24437387018143736,0.4144044474898586,0.341221682328704,0.341221682328704,-0.07318276516115463,False,False
"Tesla, Inc.",2023-04-03,2023-04-10,4,down,flat,0.28362522098104104,0.4520321766666641,0.26434260235229484,0.28362522098104104,-0.16840695568562308,False,False
"Tesla, Inc.",2023-04-04,2023-04-11,4,down,flat,0.26867628704848767,0.49592540615355657,0.2353983067979557,0.26867628704848767,-0.2272491191050689,False,False
"Tesla, Inc.",2023-04-05,2023-04-12,4,flat,flat,0.25711483413237707,0.4512403845176012,0.2916447813500217,0.2916447813500217,-0.15959560316757948,False,True
"Tesla, Inc.",2023-04-06,2023-04-13,4,flat,flat,0.238301976343765,0.47452948533000744,0.2871685383262275,0.2871685383262275,-0.18736094700377992,False,True
"Tesla, Inc.",2023-04-10,2023-04-14,4,flat,flat,0.2657471917645884,0.3758152264539558,0.3584375817814558,0.3584375817814558,-0.017377644672500026,False,True
"Tesla, Inc.",2023-04-11,2023-04-17,4,flat,flat,0.2351364514059831,0.4072718213680114,0.35759172722600535,0.35759172722600535,-0.049680094142006026,False,True
"Tesla, Inc.",2023-04-12,2023-04-18,4,flat,flat,0.30071283021411416,0.3888022376679833,0.3104849321179025,0.3104849321179025,-0.07831730555008076,False,True
"Tesla, Inc.",2023-04-13,2023-04-19,4,flat,flat,0.28392589870658036,0.45960684471262836,0.2564672565807911,0.28392589870658036,-0.175680946006048,False,True
"Tesla, Inc.",2023-04-14,2023-04-20,4,down,flat,0.2723119892115619,0.4430010403880069,0.2846869704004311,0.2846869704004311,-0.1583140699875758,False,False
"Tesla, Inc.",2023-04-17,2023-04-21,4,down,flat,0.3078796857223822,0.37809773638085775,0.31402257789676,0.31402257789676,-0.06407515848409773,False,False
"Tesla, Inc.",2023-04-18,2023-04-24,4,down,flat,0.3219897540125759,0.40127894307197276,0.27673130291545134,0.3219897540125759,-0.07928918905939686,False,False
"Tesla, Inc.",2023-04-19,2023-04-25,4,down,flat,0.2690720950796791,0.37889001513190923,0.35203788978841166,0.35203788978841166,-0.026852125343497568,False,False
"Tesla, Inc.",2023-04-20,2023-04-26,4,down,down,0.35828824267250897,0.28590984945290293,0.3558019078745881,0.35828824267250897,0.07237839321960604,True,True
"Tesla, Inc.",2023-04-21,2023-04-27,4,down,up,0.24397253297896832,0.31037104793463405,0.4456564190863975,0.4456564190863975,0.13528537115176348,True,False
"Tesla, Inc.",2023-04-24,2023-04-28,4,flat,up,0.3092049901600684,0.29794957657379617,0.3928454332661354,0.3928454332661354,0.09489585669233924,True,False
"Tesla, Inc.",2023-04-25,2023-05-01,4,flat,flat,0.2781491826512584,0.36256401936361904,0.35928679798512253,0.35928679798512253,-0.0032772213784965087,False,True
"Tesla, Inc.",2023-04-26,2023-05-02,4,flat,up,0.3316911930153573,0.3085094099189203,0.3597993970657224,0.3597993970657224,0.05128998714680211,True,False
"Tesla, Inc.",2023-04-27,2023-05-03,4,flat,flat,0.31506938625184966,0.35688042700495354,0.32805018674319675,0.32805018674319675,-0.02883024026175679,False,True
"Tesla, Inc.",2023-04-28,2023-05-04,4,flat,up,0.2922538412554314,0.2871351950394009,0.4206109637051679,0.4206109637051679,0.133475768665767,True,False
"Tesla, Inc.",2023-05-01,2023-05-05,4,flat,flat,0.31503317603610875,0.3668569263871009,0.3181098975767903,0.3181098975767903,-0.048747028810310566,False,True
"Tesla, Inc.",2023-05-02,2023-05-08,4,up,up,0.3068603254344488,0.3303449744241018,0.36279470014144943,0.36279470014144943,0.03244972571734761,True,True
"Tesla, Inc.",2023-05-03,2023-05-09,4,up,up,0.28859881500199536,0.35247477963407914,0.35892640536392545,0.35892640536392545,0.006451625729846311,True,True
"Tesla, Inc.",2023-05-04,2023-05-10,4,up,flat,0.30348997573244324,0.3709664429168019,0.32554358135075473,0.32554358135075473,-0.04542286156604719,False,False
"Tesla, Inc.",2023-05-05,2023-05-11,4,flat,up,0.2600072365952254,0.3586565141024247,0.38133624930234983,0.38133624930234983,0.02267973519992511,True,False
"Tesla, Inc.",2023-05-08,2023-05-12,4,flat,flat,0.2847899404399594,0.36460208617716006,0.35060797338288047,0.35060797338288047,-0.01399411279427959,False,True
"Tesla, Inc.",2023-05-09,2023-05-15,4,flat,flat,0.3076550599442477,0.4320566082559829,0.2602883317997694,0.3076550599442477,-0.12440154831173522,False,True
"Tesla, Inc.",2023-05-10,2023-05-16,4,down,up,0.3192150096223535,0.33774108261430114,0.34304390776334537,0.34304390776334537,0.005302825149044232,True,False
"Tesla, Inc.",2023-05-11,2023-05-17,4,flat,flat,0.3378381169988459,0.38345295679532787,0.2787089262058262,0.3378381169988459,-0.045614839796481954,False,True
"Tesla, Inc.",2023-05-12,2023-05-18,4,flat,up,0.2979052440228717,0.33484817501232694,0.36724658096480134,0.36724658096480134,0.032398405952474396,True,False
"Tesla, Inc.",2023-05-15,2023-05-19,4,up,flat,0.2413255841453066,0.47428993217037835,0.2843844836843149,0.2843844836843149,-0.18990544848606344,False,False
"Tesla, Inc.",2023-05-16,2023-05-22,4,up,flat,0.30226241617107885,0.40178495821131993,0.29595262561760116,0.30226241617107885,-0.09952254204024108,False,False
"Tesla, Inc.",2023-05-17,2023-05-23,4,up,up,0.308887772393712,0.2955938847527237,0.39551834285356435,0.39551834285356435,0.09992445810084066,True,True
"Tesla, Inc.",2023-05-18,2023-05-24,4,up,up,0.3228327887644404,0.32092889481045905,0.3562383164251006,0.3562383164251006,0.03530942161464157,True,True
"Tesla, Inc.",2023-05-19,2023-05-25,4,up,up,0.32095745141350535,0.32595774532296706,0.35308480326352765,0.35308480326352765,0.027127057940560584,True,True
"Tesla, Inc.",2023-05-22,2023-05-26,4,up,flat,0.2550386886268755,0.37296926605495373,0.3719920453181708,0.3719920453181708,-0.0009772207367829133,False,False
"Tesla, Inc.",2023-05-23,2023-05-30,4,up,flat,0.25236275767030786,0.3973511124829876,0.3502861298467046,0.3502861298467046,-0.047064982636283004,False,False
"Tesla, Inc.",2023-05-24,2023-05-31,4,up,flat,0.3007265497423896,0.3895503165034062,0.30972313375420407,0.30972313375420407,-0.07982718274920214,False,False
"Tesla, Inc.",2023-05-25,2023-06-01,4,up,flat,0.2642971459695166,0.3776288514180062,0.3580740026124773,0.3580740026124773,-0.01955484880552888,False,False
"Tesla, Inc.",2023-05-26,2023-06-02,4,up,up,0.2050380936472656,0.3355888024241577,0.459373103928577,0.459373103928577,0.12378430150441933,True,True
"Tesla, Inc.",2023-05-30,2023-06-05,4,up,flat,0.15658751210041016,0.43677890615444936,0.4066335817451404,0.4066335817451404,-0.03014532440930895,False,False
"Tesla, Inc.",2023-05-31,2023-06-06,4,up,flat,0.22588058371054598,0.4745424865855605,0.2995769297038937,0.2995769297038937,-0.17496555688166676,False,False
"Tesla, Inc.",2023-06-01,2023-06-07,4,up,flat,0.2062499742538315,0.48986442292377086,0.3038856028223977,0.3038856028223977,-0.18597882010137318,False,False
"Tesla, Inc.",2023-06-02,2023-06-08,4,up,flat,0.20161038704160517,0.45591640362297964,0.34247320933541525,0.34247320933541525,-0.11344319428756439,False,False
"Tesla, Inc.",2023-06-05,2023-06-09,4,up,flat,0.1985207074531467,0.5107051010345551,0.2907741915122981,0.2907741915122981,-0.21993090952225702,False,False
"Tesla, Inc.",2023-06-06,2023-06-12,4,up,flat,0.23063256082233763,0.5295808370743813,0.23978660210328107,0.23978660210328107,-0.28979423497110024,False,False
"Tesla, Inc.",2023-06-07,2023-06-13,4,up,flat,0.15973213568150937,0.4922739339599488,0.34799393035854187,0.34799393035854187,-0.14428000360140691,False,False
"Tesla, Inc.",2023-06-08,2023-06-14,4,up,flat,0.2220339467883024,0.49493150193191254,0.283034551279785,0.283034551279785,-0.21189695065212755,False,False
"Tesla, Inc.",2023-06-09,2023-06-15,4,flat,flat,0.16173805251619766,0.44469372606602303,0.39356822141777914,0.39356822141777914,-0.05112550464824389,False,True
"Tesla, Inc.",2023-06-12,2023-06-16,4,up,flat,0.16794456068804303,0.524515972449439,0.307539466862518,0.307539466862518,-0.21697650558692105,False,False
"Tesla, Inc.",2023-06-13,2023-06-20,4,up,flat,0.17577531358728404,0.44755120136239,0.37667348505032583,0.37667348505032583,-0.07087771631206419,False,False
"Tesla, Inc.",2023-06-14,2023-06-21,4,up,flat,0.19718660138783967,0.4958812535722209,0.30693214503993926,0.30693214503993926,-0.18894910853228164,False,False
"Tesla, Inc.",2023-06-15,2023-06-22,4,flat,flat,0.18022583280435664,0.5442583767279836,0.2755157904676597,0.2755157904676597,-0.2687425862603239,False,True
"Tesla, Inc.",2023-06-16,2023-06-23,4,flat,flat,0.18526841704497438,0.49686374748793916,0.31786783546708647,0.31786783546708647,-0.1789959120208527,False,True
"Tesla, Inc.",2023-06-20,2023-06-26,4,down,flat,0.19696878563556258,0.5226537195524275,0.2803774948120099,0.2803774948120099,-0.24227622474041755,False,False
"Tesla, Inc.",2023-06-21,2023-06-27,4,down,flat,0.26880963981182343,0.5304853337397515,0.20070502644842517,0.26880963981182343,-0.26167569392792805,False,False
"Tesla, Inc.",2023-06-22,2023-06-28,4,flat,flat,0.29291933566486583,0.5454286010246516,0.1616520633104825,0.29291933566486583,-0.2525092653597858,False,True
"Tesla, Inc.",2023-06-23,2023-06-29,4,flat,flat,0.32945689584235327,0.4541285540997394,0.2164145500579074,0.32945689584235327,-0.12467165825738613,False,True
"Tesla, Inc.",2023-06-26,2023-06-30,4,up,flat,0.3511803078055329,0.4339557467150898,0.21486394547937726,0.3511803078055329,-0.08277543890955691,False,False
"Tesla, Inc.",2023-06-27,2023-07-03,4,up,flat,0.376674050197772,0.40497506854184306,0.2183508812603849,0.376674050197772,-0.02830101834407106,False,False
"Tesla, Inc.",2023-06-28,2023-07-05,4,up,flat,0.3718329548294902,0.3892389175379797,0.23892812763253019,0.3718329548294902,-0.017405962708489486,False,False
"Tesla, Inc.",2023-06-29,2023-07-06,4,up,down,0.4375097679853861,0.3918749326050338,0.1706152994095801,0.4375097679853861,0.04563483538035229,True,False
"Tesla, Inc.",2023-06-30,2023-07-07,4,up,down,0.4453616932898071,0.39150005830285395,0.16313824840733895,0.4453616932898071,0.05386163498695318,True,False
"Tesla, Inc.",2023-07-03,2023-07-10,4,flat,flat,0.35993649841817565,0.435019734666678,0.20504376691514634,0.35993649841817565,-0.07508323624850233,False,True
"Tesla, Inc.",2023-07-05,2023-07-11,4,down,flat,0.3654256900501624,0.467852687609703,0.16672162234013455,0.3654256900501624,-0.1024269975595406,False,False
"Tesla, Inc.",2023-07-06,2023-07-12,4,flat,flat,0.31711849231907996,0.49482870612165797,0.1880528015592621,0.31711849231907996,-0.177710213802578,False,True
"Tesla, Inc.",2023-07-07,2023-07-13,4,flat,flat,0.3378486166345483,0.4345418049173566,0.22760957844809515,0.3378486166345483,-0.09669318828280832,False,True
"Tesla, Inc.",2023-07-10,2023-07-14,4,flat,flat,0.3517753923783601,0.3960949483735904,0.25212965924804953,0.3517753923783601,-0.0443195559952303,False,True
"Tesla, Inc.",2023-07-11,2023-07-17,4,up,down,0.421046986421176,0.3392157751990561,0.23973723837976774,0.421046986421176,0.08183121122211989,True,False
"Tesla, Inc.",2023-07-12,2023-07-18,4,up,down,0.4194159802103385,0.3212731360911853,0.25931088369847627,0.4194159802103385,0.0981428441191532,True,False
"Tesla, Inc.",2023-07-13,2023-07-19,4,up,down,0.4703490257714874,0.32341437069843815,0.20623660353007445,0.4703490257714874,0.14693465507304926,True,False
"Tesla, Inc.",2023-07-14,2023-07-20,4,down,down,0.46786956849048306,0.3411136937951217,0.1910167377143953,0.46786956849048306,0.12675587469536137,True,True
"Tesla, Inc.",2023-07-17,2023-07-21,4,down,down,0.46145550189744977,0.3415121549987161,0.1970323431038342,0.46145550189744977,0.11994334689873365,True,True
"Tesla, Inc.",2023-07-18,2023-07-24,4,down,down,0.45030887926321095,0.3792985410123485,0.17039257972444055,0.45030887926321095,0.07101033825086245,True,True
"Tesla, Inc.",2023-07-19,2023-07-25,4,down,down,0.42887338026835803,0.3697949917614212,0.2013316279702208,0.42887338026835803,0.05907838850693681,True,True
"Tesla, Inc.",2023-07-20,2023-07-26,4,down,down,0.45239429325736813,0.31085239025648304,0.23675331648614867,0.45239429325736813,0.1415419030008851,True,True
"Tesla, Inc.",2023-07-21,2023-07-27,4,flat,down,0.36673310681327326,0.30456752321408687,0.3286993699726398,0.36673310681327326,0.06216558359918639,True,False
"Tesla, Inc.",2023-07-24,2023-07-28,4,flat,flat,0.3371512263514783,0.3492159607051355,0.31363281294338613,0.3371512263514783,-0.01206473435365718,False,True
"Tesla, Inc.",2023-07-25,2023-07-31,4,flat,down,0.41116932044603516,0.35982798907093777,0.22900269048302702,0.41116932044603516,0.05134133137509739,True,False
"Tesla, Inc.",2023-07-26,2023-08-01,4,flat,down,0.5462243948425929,0.28787112461617514,0.16590448054123194,0.5462243948425929,0.25835327022641774,True,False
"Tesla, Inc.",2023-07-27,2023-08-02,4,down,down,0.6503227658247592,0.2143060802215539,0.13537115395368685,0.6503227658247592,0.43601668560320533,True,True
"Tesla, Inc.",2023-07-28,2023-08-03,4,down,down,0.6475208847004734,0.19717467287041182,0.15530444242911487,0.6475208847004734,0.4503462118300616,True,True
"Tesla, Inc.",2023-07-31,2023-08-04,4,down,down,0.6105984167694527,0.24114058308487168,0.14826100014567564,0.6105984167694527,0.369457833684581,True,True
"Tesla, Inc.",2023-08-01,2023-08-07,4,down,down,0.6400626851312554,0.2071738758571723,0.1527634390115723,0.6400626851312554,0.43288880927408313,True,True
"Tesla, Inc.",2023-08-02,2023-08-08,4,flat,down,0.6237780264383943,0.20193814992372308,0.17428382363788256,0.6237780264383943,0.42183987651467125,True,False
"Tesla, Inc.",2023-08-03,2023-08-09,4,down,down,0.5781440655823467,0.20735613124423982,0.21449980317341358,0.5781440655823467,0.37078793433810686,True,True
"Tesla, Inc.",2023-08-04,2023-08-10,4,down,down,0.5887209693522719,0.20835092497388022,0.2029281056738479,0.5887209693522719,0.3803700443783917,True,True
"Tesla, Inc.",2023-08-07,2023-08-11,4,down,down,0.6269513237985181,0.20261567356354943,0.17043300263793243,0.6269513237985181,0.4243356502349687,True,True
"Tesla, Inc.",2023-08-08,2023-08-14,4,down,down,0.5786144271418296,0.22335626800402206,0.1980293048541484,0.5786144271418296,0.35525815913780756,True,True
"Tesla, Inc.",2023-08-09,2023-08-15,4,down,down,0.5939519189200724,0.20674784040819608,0.19930024067173152,0.5939519189200724,0.3872040785118763,True,True
"Tesla, Inc.",2023-08-10,2023-08-16,4,down,down,0.6080647730387373,0.19845906464258617,0.1934761623186766,0.6080647730387373,0.4096057083961511,True,True
"Tesla, Inc.",2023-08-11,2023-08-17,4,down,down,0.6258965688023373,0.19930224458663326,0.1748011866110294,0.6258965688023373,0.4265943242157041,True,True
"Tesla, Inc.",2023-08-14,2023-08-18,4,down,down,0.6207344030831828,0.1983314913542104,0.18093410556260683,0.6207344030831828,0.42240291172897243,True,True
"Tesla, Inc.",2023-08-15,2023-08-21,4,down,down,0.5871531601031291,0.20257568140317517,0.2102711584936958,0.5871531601031291,0.38457747869995396,True,True
"Tesla, Inc.",2023-08-16,2023-08-22,4,up,down,0.5979213890674939,0.1914052821019822,0.2106733288305238,0.5979213890674939,0.4065161069655117,True,False
"Tesla, Inc.",2023-08-17,2023-08-23,4,up,down,0.5541136127081755,0.18432921800725832,0.26155716928456596,0.5541136127081755,0.3697843947009172,True,False
"Tesla, Inc.",2023-08-18,2023-08-24,4,up,down,0.5257650210839784,0.18075211353603995,0.2934828653799817,0.5257650210839784,0.34501290754793845,True,False
"Tesla, Inc.",2023-08-21,2023-08-25,4,up,down,0.5089906849981738,0.1899045817011734,0.30110473330065274,0.5089906849981738,0.3190861032970004,True,False
"Tesla, Inc.",2023-08-22,2023-08-28,4,flat,down,0.49872043081207396,0.26206725732763425,0.2392123118602918,0.49872043081207396,0.2366531734844397,True,False
"Tesla, Inc.",2023-08-23,2023-08-29,4,up,down,0.541772153486803,0.2886086820346031,0.16961916447859374,0.541772153486803,0.25316347145219986,True,False
"Tesla, Inc.",2023-08-24,2023-08-30,4,up,down,0.45645680560846336,0.29208615291323625,0.25145704147830034,0.45645680560846336,0.1643706526952271,True,False
"Tesla, Inc.",2023-08-25,2023-08-31,4,up,down,0.3594591597316176,0.3494165153575392,0.29112432491084317,0.3594591597316176,0.010042644374078369,True,False
"Tesla, Inc.",2023-08-28,2023-09-01,4,up,up,0.29844823936516296,0.34983175838015607,0.3517200022546809,0.3517200022546809,0.001888243874524853,True,True
"Tesla, Inc.",2023-08-29,2023-09-05,4,flat,flat,0.26410320386527825,0.37603135678240934,0.3598654393523123,0.3598654393523123,-0.016165917430097043,False,True
"Tesla, Inc.",2023-08-30,2023-09-06,4,flat,flat,0.2854677138097201,0.3907307368797235,0.3238015493105564,0.3238015493105564,-0.0669291875691671,False,True
"Tesla, Inc.",2023-08-31,2023-09-07,4,down,flat,0.3162784791680109,0.4244695717303407,0.2592519491016485,0.3162784791680109,-0.10819109256232984,False,False
"Tesla, Inc.",2023-09-01,2023-09-08,4,flat,flat,0.3386792360351103,0.4398063558646568,0.22151440810023304,0.3386792360351103,-0.10112711982954647,False,True
"Tesla, Inc.",2023-09-05,2023-09-11,4,up,flat,0.29401496022698703,0.45066515015856234,0.2553198896144505,0.29401496022698703,-0.1566501899315753,False,False
"Tesla, Inc.",2023-09-06,2023-09-12,4,up,flat,0.3165884673323632,0.45696675613469884,0.22644477653293799,0.3165884673323632,-0.14037828880233566,False,False
"Tesla, Inc.",2023-09-07,2023-09-13,4,up,flat,0.36647907582835254,0.43447785678522594,0.19904306738642152,0.36647907582835254,-0.0679987809568734,False,False
"Tesla, Inc.",2023-09-08,2023-09-14,4,up,down,0.4388234354611884,0.3627524282043608,0.19842413633445072,0.4388234354611884,0.07607100725682758,True,False
"Tesla, Inc.",2023-09-11,2023-09-15,4,flat,flat,0.3609556535387296,0.40890150841139705,0.2301428380498733,0.3609556535387296,-0.04794585487266745,False,True
"Tesla, Inc.",2023-09-12,2023-09-18,4,flat,flat,0.38702596074231166,0.4733994461867427,0.13957459307094564,0.38702596074231166,-0.08637348544443102,False,True
"Tesla, Inc.",2023-09-13,2023-09-19,4,flat,flat,0.372017303978411,0.480080296685791,0.14790239933579802,0.372017303978411,-0.10806299270738001,False,True
"Tesla, Inc.",2023-09-14,2023-09-20,4,flat,flat,0.40205714879011467,0.42473259066954955,0.17321026054033584,0.40205714879011467,-0.022675441879434877,False,True
"Tesla, Inc.",2023-09-15,2023-09-21,4,down,flat,0.38621272727323774,0.41555097595852464,0.19823629676823767,0.38621272727323774,-0.029338248685286894,False,False
"Tesla, Inc.",2023-09-18,2023-09-22,4,down,down,0.4538663650932544,0.36597711286068213,0.18015652204606356,0.4538663650932544,0.08788925223257227,True,True
"Tesla, Inc.",2023-09-19,2023-09-25,4,down,down,0.5035380398185734,0.29393661813481836,0.20252534204660827,0.5035380398185734,0.209601421683755,True,True
"Tesla, Inc.",2023-09-20,2023-09-26,4,down,down,0.4851477573409842,0.28270133436197586,0.23215090829704,0.4851477573409842,0.20244642297900833,True,True
"Tesla, Inc.",2023-09-21,2023-09-27,4,down,down,0.5627259971695071,0.2735788837424202,0.16369511908807252,0.5627259971695071,0.28914711342708693,True,True
"Tesla, Inc.",2023-09-22,2023-09-28,4,down,down,0.5921928439599374,0.23738184453201422,0.17042531150804832,0.5921928439599374,0.3548109994279232,True,True
"Tesla, Inc.",2023-09-25,2023-09-29,4,flat,down,0.5840953190930749,0.22849216889085178,0.18741251201607328,0.5840953190930749,0.3556031502022231,True,False
"Tesla, Inc.",2023-09-26,2023-10-02,4,flat,down,0.6114229078100399,0.21676013707186303,0.17181695511809703,0.6114229078100399,0.3946627707381769,True,False
"Tesla, Inc.",2023-09-27,2023-10-03,4,flat,down,0.6498005728820122,0.1935930776812767,0.156606349436711,0.6498005728820122,0.4562074952007355,True,False
"Tesla, Inc.",2023-09-28,2023-10-04,4,up,down,0.6231726370890845,0.21691130387073532,0.15991605904018014,0.6231726370890845,0.40626133321834923,True,False
"Tesla, Inc.",2023-09-29,2023-10-05,4,up,down,0.605264419289663,0.21270410294088504,0.1820314777694519,0.605264419289663,0.39256031634877797,True,False
"Tesla, Inc.",2023-10-02,2023-10-06,4,up,down,0.6532146030193416,0.20468626770318724,0.1420991292774712,0.6532146030193416,0.44852833531615444,True,False
"Tesla, Inc.",2023-10-03,2023-10-09,4,up,down,0.606633231163193,0.2283051199813334,0.16506164885547356,0.606633231163193,0.3783281111818596,True,False
"Tesla, Inc.",2023-10-04,2023-10-10,4,flat,down,0.4894515068517928,0.27665800639335153,0.23389048675485574,0.4894515068517928,0.21279350045844125,True,False
"Tesla, Inc.",2023-10-05,2023-10-11,4,flat,down,0.4534423145829926,0.33225793837910544,0.21429974703790197,0.4534423145829926,0.12118437620388717,True,False
"Tesla, Inc.",2023-10-06,2023-10-12,4,flat,down,0.4258146130862881,0.36242228750705496,0.211763099406657,0.4258146130862881,0.06339232557923313,True,False
"Tesla, Inc.",2023-10-09,2023-10-13,4,flat,down,0.45459504385777627,0.2915715285493998,0.25383342759282396,0.45459504385777627,0.16302351530837644,True,False
"Tesla, Inc.",2023-10-10,2023-10-16,4,down,down,0.44857364670677335,0.28505845405342384,0.2663678992398029,0.44857364670677335,0.16351519265334952,True,True
"Tesla, Inc.",2023-10-11,2023-10-17,4,down,down,0.4761165510715176,0.2862196474631139,0.23766380146536845,0.4761165510715176,0.18989690360840372,True,True
"Tesla, Inc.",2023-10-12,2023-10-18,4,down,down,0.4949494289029119,0.294582670764996,0.21046790033209214,0.4949494289029119,0.20036675813791588,True,True
"Tesla, Inc.",2023-10-13,2023-10-19,4,down,down,0.523567244012873,0.273944681989724,0.20248807399740287,0.523567244012873,0.24962256202314903,True,True
"Tesla, Inc.",2023-10-16,2023-10-20,4,down,down,0.526429067694044,0.25535112452019515,0.21821980778576094,0.526429067694044,0.2710779431738488,True,True
"Tesla, Inc.",2023-10-17,2023-10-23,4,down,down,0.5456622819088942,0.23988815452435464,0.21444956356675118,0.5456622819088942,0.3057741273845396,True,True
"Tesla, Inc.",2023-10-18,2023-10-24,4,down,down,0.5717258016925217,0.23918369501786282,0.18909050328961544,0.5717258016925217,0.3325421066746589,True,True
"Tesla, Inc.",2023-10-19,2023-10-25,4,down,down,0.5159501501378757,0.20950197425124795,0.27454787561087624,0.5159501501378757,0.30644817588662776,True,True
"Tesla, Inc.",2023-10-20,2023-10-26,4,flat,down,0.4729852636313336,0.21958110712473639,0.3074336292439299,0.4729852636313336,0.2534041565065972,True,False
"Tesla, Inc.",2023-10-23,2023-10-27,4,flat,down,0.489509915617122,0.18180683838580997,0.328683245997068,0.489509915617122,0.307703077231312,True,False
"Tesla, Inc.",2023-10-24,2023-10-30,4,down,down,0.5217677292176224,0.21928606401962258,0.2589462067627549,0.5217677292176224,0.3024816651979998,True,True
"Tesla, Inc.",2023-10-25,2023-10-31,4,down,down,0.5922199407937261,0.19380361034628485,0.21397644885998912,0.5922199407937261,0.39841633044744124,True,True
"Tesla, Inc.",2023-10-26,2023-11-01,4,flat,down,0.5988119539458494,0.20109880411520487,0.20008924193894556,0.5988119539458494,0.39771314983064454,True,False
"Tesla, Inc.",2023-10-27,2023-11-02,4,flat,down,0.5032928740129887,0.23714163111280415,0.25956549487420694,0.5032928740129887,0.26615124290018455,True,False
"Tesla, Inc.",2023-10-30,2023-11-03,4,up,down,0.42255761987349905,0.25100528063919847,0.32643709948730254,0.42255761987349905,0.17155233923430058,True,False
"Tesla, Inc.",2023-10-31,2023-11-06,4,up,up,0.29520544303740637,0.3230837878579322,0.3817107691046616,0.3817107691046616,0.05862698124672944,True,True
"Tesla, Inc.",2023-11-01,2023-11-07,4,up,up,0.18526856203560255,0.36802551265505434,0.44670592530934317,0.44670592530934317,0.07868041265428882,True,True
"Tesla, Inc.",2023-11-02,2023-11-08,4,flat,flat,0.1698917853250136,0.4424373424821819,0.3876708721928045,0.3876708721928045,-0.05476647028937742,False,True
"Tesla, Inc.",2023-11-03,2023-11-09,4,down,flat,0.20961335275468562,0.5136673793620871,0.27671926788322737,0.27671926788322737,-0.2369481114788597,False,False
"Tesla, Inc.",2023-11-06,2023-11-10,4,down,flat,0.22507208932979017,0.5296361439653771,0.24529176670483277,0.24529176670483277,-0.2843443772605443,False,False
"Tesla, Inc.",2023-11-07,2023-11-13,4,flat,flat,0.22253425869256993,0.4716897516859292,0.3057759896215009,0.3057759896215009,-0.16591376206442832,False,True
"Tesla, Inc.",2023-11-08,2023-11-14,4,up,flat,0.2103616938019115,0.4284456832443891,0.3611926229536995,0.3611926229536995,-0.06725306029068956,False,False
"Tesla, Inc.",2023-11-09,2023-11-15,4,up,up,0.21106678000628998,0.389026022480911,0.39990719751279896,0.39990719751279896,0.010881175031887957,True,True
"Tesla, Inc.",2023-11-10,2023-11-16,4,up,up,0.17986752453676935,0.3777171255299061,0.44241534993332465,0.44241534993332465,0.06469822440341855,True,True
"Tesla, Inc.",2023-11-13,2023-11-17,4,up,up,0.18080960030008209,0.32547211086321376,0.4937182888367043,0.4937182888367043,0.16824617797349056,True,True
"Tesla, Inc.",2023-11-14,2023-11-20,4,flat,flat,0.1948745528267437,0.4075592179540922,0.39756622921916407,0.39756622921916407,-0.009992988734928154,False,True
"Tesla, Inc.",2023-11-15,2023-11-21,4,flat,flat,0.21876429076625367,0.5136442797874098,0.26759142944633646,0.26759142944633646,-0.24605285034107333,False,True
"Tesla, Inc.",2023-11-16,2023-11-22,4,flat,flat,0.2309308377670801,0.5297294582245037,0.23933970400841637,0.23933970400841637,-0.2903897542160873,False,True
"Tesla, Inc.",2023-11-17,2023-11-24,4,flat,flat,0.2183094454039744,0.44202110078448364,0.33966945381154223,0.33966945381154223,-0.10235164697294141,False,True
"Tesla, Inc.",2023-11-20,2023-11-27,4,flat,flat,0.18360123371545567,0.4454175869623488,0.37098117932219565,0.37098117932219565,-0.07443640764015313,False,True
"Tesla, Inc.",2023-11-21,2023-11-28,4,flat,flat,0.18903494006273575,0.428019533494608,0.38294552644265634,0.38294552644265634,-0.04507400705195164,False,True
"Tesla, Inc.",2023-11-22,2023-11-29,4,up,flat,0.25017514780908057,0.4462558715411126,0.3035689806498067,0.3035689806498067,-0.14268689089130593,False,False
"Tesla, Inc.",2023-11-24,2023-11-30,4,flat,flat,0.31067006444393747,0.44533921052823006,0.24399072502783248,0.31067006444393747,-0.1346691460842926,False,True
"Tesla, Inc.",2023-11-27,2023-12-01,4,flat,down,0.38349847037366774,0.3738752627957844,0.24262626683054783,0.38349847037366774,0.00962320757788332,True,False
"Tesla, Inc.",2023-11-28,2023-12-04,4,flat,down,0.443163335472045,0.33197354847946675,0.2248631160484882,0.443163335472045,0.11118978699257825,True,False
"Tesla, Inc.",2023-11-29,2023-12-05,4,down,down,0.4217582692780626,0.3551066193831745,0.2231351113387628,0.4217582692780626,0.06665164989488809,True,True
"Tesla, Inc.",2023-11-30,2023-12-06,4,flat,down,0.4161974486754269,0.4022335803149544,0.18156897100961872,0.4161974486754269,0.013963868360472531,True,False
"Tesla, Inc.",2023-12-01,2023-12-07,4,flat,down,0.40113113978137027,0.38384995030925706,0.21501890990937267,0.40113113978137027,0.017281189472113212,True,False
"Tesla, Inc.",2023-12-04,2023-12-08,4,flat,flat,0.3517673761110473,0.376662722934266,0.2715699009546867,0.3517673761110473,-0.0248953468232187,False,True
"Tesla, Inc.",2023-12-05,2023-12-11,4,flat,flat,0.36787609128200494,0.38434673034890227,0.24777717836909274,0.36787609128200494,-0.01647063906689733,False,True
"Tesla, Inc.",2023-12-06,2023-12-12,4,flat,down,0.4296737661750742,0.352767951539422,0.21755828228550395,0.4296737661750742,0.07690581463565221,True,False
"Tesla, Inc.",2023-12-07,2023-12-13,4,down,down,0.48829465142445505,0.3147438061721006,0.19696154240344427,0.48829465142445505,0.17355084525235442,True,True
"Tesla, Inc.",2023-12-08,2023-12-14,4,flat,down,0.5332501947077026,0.25210819469114365,0.2146416106011536,0.5332501947077026,0.281142000016559,True,False
"Tesla, Inc.",2023-12-11,2023-12-15,4,up,down,0.4881912892256447,0.27282241073522895,0.23898630003912624,0.4881912892256447,0.21536887849041575,True,False
"Tesla, Inc.",2023-12-12,2023-12-18,4,up,down,0.45250027914814284,0.28690657377005874,0.2605931470817983,0.45250027914814284,0.1655937053780841,True,False
"Tesla, Inc.",2023-12-13,2023-12-19,4,up,down,0.41159485080520575,0.28696158329285376,0.30144356590194044,0.41159485080520575,0.12463326751235199,True,False
"Tesla, Inc.",2023-12-14,2023-12-20,4,flat,down,0.36117574657402507,0.3280432812414819,0.310780972184493,0.36117574657402507,0.03313246533254316,True,False
"Tesla, Inc.",2023-12-15,2023-12-21,4,flat,down,0.4051838261599492,0.3531804418116543,0.2416357320283965,0.4051838261599492,0.05200338434829488,True,False
"Tesla, Inc.",2023-12-18,2023-12-22,4,flat,down,0.40121948766863214,0.35410440894008244,0.2446761033912855,0.40121948766863214,0.0471150787285497,True,False
"Tesla, Inc.",2023-12-19,2023-12-26,4,flat,down,0.3847097055941562,0.35350381688236515,0.2617864775234786,0.3847097055941562,0.03120588871179103,True,False
"Tesla, Inc.",2023-12-20,2023-12-27,4,up,down,0.37558713085567036,0.3566307427778995,0.26778212636643006,0.37558713085567036,0.018956388077770836,True,False
"Tesla, Inc.",2023-12-21,2023-12-28,4,flat,flat,0.34298436475857014,0.3579296642629731,0.2990859709784566,0.34298436475857014,-0.014945299504402987,False,True
"Tesla, Inc.",2023-12-22,2023-12-29,4,flat,flat,0.3495257500102216,0.3700192001249073,0.280455049864871,0.3495257500102216,-0.020493450114685674,False,True
"Tesla, Inc.",2023-12-26,2024-01-02,4,down,down,0.4006348212634007,0.33062690625044044,0.2687382724861589,0.4006348212634007,0.07000791501296028,True,True
"Tesla, Inc.",2023-12-27,2024-01-03,4,down,down,0.4225061666283204,0.32159683693858,0.25589699643309965,0.4225061666283204,0.10090932968974042,True,True
"Tesla, Inc.",2023-12-28,2024-01-04,4,down,down,0.48415508241849914,0.2993127553496127,0.2165321622318881,0.48415508241849914,0.18484232706888643,True,True
"Tesla, Inc.",2023-12-29,2024-01-05,4,down,down,0.5437701796388578,0.2671110968887942,0.18911872347234804,0.5437701796388578,0.27665908275006357,True,True
"Tesla, Inc.",2024-01-02,2024-01-08,4,down,down,0.51917285877796,0.25606771728697875,0.22475942393506113,0.51917285877796,0.2631051414909813,True,True
"Tesla, Inc.",2024-01-03,2024-01-09,4,flat,down,0.510855305255616,0.26764155370527276,0.22150314103911126,0.510855305255616,0.2432137515503432,True,False
"Tesla, Inc.",2024-01-04,2024-01-10,4,down,down,0.5184415683658085,0.2561237324856126,0.2254346991485789,0.5184415683658085,0.26231783588019586,True,True
"Tesla, Inc.",2024-01-05,2024-01-11,4,down,down,0.54972915127654,0.22828072254832263,0.2219901261751372,0.54972915127654,0.32144842872821733,True,True
"Tesla, Inc.",2024-01-08,2024-01-12,4,down,down,0.5899926275599533,0.19414562444349281,0.21586174799655378,0.5899926275599533,0.3958470031164605,True,True
"Tesla, Inc.",2024-01-09,2024-01-16,4,down,down,0.6200688461640371,0.1851140082522515,0.19481714558371122,0.6200688461640371,0.43495483791178563,True,True
"Tesla, Inc.",2024-01-10,2024-01-17,4,down,down,0.6172545108736103,0.18679101369002493,0.19595447543636482,0.6172545108736103,0.43046349718358534,True,True
"Tesla, Inc.",2024-01-11,2024-01-18,4,down,down,0.5850489432135357,0.1890734715526765,0.22587758523378781,0.5850489432135357,0.3959754716608592,True,True
"Tesla, Inc.",2024-01-12,2024-01-19,4,down,down,0.4832787177698893,0.20862792335731373,0.3080933588727971,0.4832787177698893,0.27465079441257556,True,True
"Tesla, Inc.",2024-01-16,2024-01-22,4,down,down,0.45470282664077244,0.20874045637675775,0.33655671698246986,0.45470282664077244,0.24596237026401468,True,True
"Tesla, Inc.",2024-01-17,2024-01-23,4,flat,down,0.45335584991643435,0.1998257883496466,0.34681836173391917,0.45335584991643435,0.25353006156678776,True,False
"Tesla, Inc.",2024-01-18,2024-01-24,4,flat,down,0.4507495319042147,0.20349860352339416,0.34575186457239127,0.4507495319042147,0.24725092838082052,True,False
"Tesla, Inc.",2024-01-19,2024-01-25,4,down,down,0.4571807291933119,0.20245926133986256,0.34036000946682554,0.4571807291933119,0.2547214678534493,True,True
"Tesla, Inc.",2024-01-22,2024-01-26,4,down,down,0.4251482888832371,0.22783500667592782,0.34701670444083504,0.4251482888832371,0.19731328220730926,True,True
"Tesla, Inc.",2024-01-23,2024-01-29,4,down,down,0.37719868306237136,0.27576948627391923,0.34703183066370946,0.37719868306237136,0.10142919678845214,True,True
"Tesla, Inc.",2024-01-24,2024-01-30,4,down,up,0.340381533175805,0.26889780935870183,0.3907206574654932,0.3907206574654932,0.12182284810679139,True,False
"Tesla, Inc.",2024-01-25,2024-01-31,4,flat,down,0.4131352959788126,0.2553733386456569,0.33149136537553053,0.4131352959788126,0.15776195733315568,True,False
"Tesla, Inc.",2024-01-26,2024-02-01,4,flat,up,0.242654604203676,0.34050319421201086,0.4168422015843133,0.4168422015843133,0.07633900737230243,True,False
"Tesla, Inc.",2024-01-29,2024-02-02,4,flat,up,0.23686330097307987,0.33072703004017956,0.4324096689867406,0.4324096689867406,0.10168263894656104,True,False
"Tesla, Inc.",2024-01-30,2024-02-05,4,down,up,0.2144737897659939,0.3213284112248248,0.46419779900918134,0.46419779900918134,0.14286938778435654,True,False
"Tesla, Inc.",2024-01-31,2024-02-06,4,down,up,0.25600650924850565,0.33938474394133844,0.4046087468101559,0.4046087468101559,0.06522400286881747,True,False
"Tesla, Inc.",2024-02-01,2024-02-07,4,flat,up,0.27014204700622596,0.2997750914305888,0.43008286156318526,0.43008286156318526,0.13030777013259648,True,False
"Tesla, Inc.",2024-02-02,2024-02-08,4,flat,up,0.2624417793047044,0.2866905197290503,0.4508677009662454,0.4508677009662454,0.1641771812371951,True,False
"Tesla, Inc.",2024-02-05,2024-02-09,4,up,up,0.2720462875355768,0.29793414979953275,0.4300195626648905,0.4300195626648905,0.13208541286535774,True,True
"Tesla, Inc.",2024-02-06,2024-02-12,4,up,up,0.21314658768981012,0.33253739649849096,0.45431601581169906,0.45431601581169906,0.1217786193132081,True,True
"Tesla, Inc.",2024-02-07,2024-02-13,4,flat,up,0.20867255698444456,0.290365990467103,0.5009614525484525,0.5009614525484525,0.2105954620813495,True,False
"Tesla, Inc.",2024-02-08,2024-02-14,4,flat,flat,0.2453894086417971,0.3933594019022687,0.36125118945593415,0.36125118945593415,-0.03210821244633455,False,True
"Tesla, Inc.",2024-02-09,2024-02-15,4,flat,flat,0.2619332196097637,0.4016953364008746,0.3363714439893616,0.3363714439893616,-0.06532389241151304,False,True
"Tesla, Inc.",2024-02-12,2024-02-16,4,up,flat,0.2905440671649548,0.39021878143170863,0.3192371514033365,0.3192371514033365,-0.0709816300283721,False,False
"Tesla, Inc.",2024-02-13,2024-02-20,4,up,flat,0.24237956377624148,0.4279109518661577,0.3297094843576009,0.3297094843576009,-0.0982014675085568,False,False
"Tesla, Inc.",2024-02-14,2024-02-21,4,up,flat,0.2131348392389421,0.3971024136346843,0.3897627471263736,0.3897627471263736,-0.007339666508310694,False,False
"Tesla, Inc.",2024-02-15,2024-02-22,4,flat,up,0.20346087336769142,0.3819678346203135,0.41457129201199516,0.41457129201199516,0.03260345739168169,True,False
"Tesla, Inc.",2024-02-16,2024-02-23,4,down,flat,0.2315267002363963,0.4498737879942959,0.3185995117693077,0.3185995117693077,-0.13127427622498822,False,False
"Tesla, Inc.",2024-02-20,2024-02-26,4,flat,flat,0.2576933820474825,0.49368950182496996,0.24861711612754755,0.2576933820474825,-0.23599611977748747,False,True
"Tesla, Inc.",2024-02-21,2024-02-27,4,up,flat,0.2754026291117011,0.44020607895620417,0.2843912919320948,0.2843912919320948,-0.1558147870241094,False,False
"Tesla, Inc.",2024-02-22,2024-02-28,4,up,flat,0.269155733814171,0.45648623775012387,0.27435802843570506,0.27435802843570506,-0.1821282093144188,False,False
"Tesla, Inc.",2024-02-23,2024-02-29,4,up,flat,0.25573350391316857,0.4694533608300486,0.2748131352567827,0.2748131352567827,-0.19464022557326593,False,False
"Tesla, Inc.",2024-02-26,2024-03-01,4,flat,flat,0.25648028304629933,0.3823144598680246,0.36120525708567613,0.36120525708567613,-0.021109202782348457,False,True
"Tesla, Inc.",2024-02-27,2024-03-04,4,down,flat,0.25582365043567523,0.3989519035455019,0.34522444601882274,0.34522444601882274,-0.05372745752667918,False,False
"Tesla, Inc.",2024-02-28,2024-03-05,4,down,flat,0.2789770720375367,0.4554682023917903,0.2655547255706728,0.2789770720375367,-0.17649113035425362,False,False
"Tesla, Inc.",2024-02-29,2024-03-06,4,down,flat,0.27630547080308526,0.4877237613557901,0.23597076784112453,0.27630547080308526,-0.21141829055270484,False,False
"Tesla, Inc.",2024-03-01,2024-03-07,4,down,flat,0.2577435748539876,0.48560926871629084,0.2566471564297216,0.2577435748539876,-0.22786569386230326,False,False
"Tesla, Inc.",2024-03-04,2024-03-08,4,down,flat,0.2720037506565144,0.43317811407155055,0.294818135271935,0.294818135271935,-0.13835997879961554,False,False
"Tesla, Inc.",2024-03-05,2024-03-11,4,flat,flat,0.2797660516120289,0.398479530631939,0.3217544177560321,0.3217544177560321,-0.07672511287590694,False,True
"Tesla, Inc.",2024-03-06,2024-03-12,4,flat,up,0.2684470479073119,0.3633397150843328,0.36821323700835523,0.36821323700835523,0.004873521924022406,True,False
"Tesla, Inc.",2024-03-07,2024-03-13,4,flat,up,0.2575925010949295,0.3561375265753661,0.3862699723297043,0.3862699723297043,0.030132445754338155,True,False
"Tesla, Inc.",2024-03-08,2024-03-14,4,down,flat,0.24371845169305528,0.3984599045527164,0.3578216437542283,0.3578216437542283,-0.04063826079848809,False,False
"Tesla, Inc.",2024-03-11,2024-03-15,4,down,flat,0.2799174920849969,0.3803086396613964,0.3397738682536068,0.3397738682536068,-0.040534771407789605,False,False
"Tesla, Inc.",2024-03-12,2024-03-18,4,down,flat,0.2950809028913395,0.36993954852889904,0.33497954857976153,0.33497954857976153,-0.03495999994913751,False,False
"Tesla, Inc.",2024-03-13,2024-03-19,4,flat,flat,0.3142567666899772,0.36014222571029664,0.3256010075997261,0.3256010075997261,-0.03454121811057054,False,True
"Tesla, Inc.",2024-03-14,2024-03-20,4,up,up,0.3139830467554511,0.33154373084692823,0.3544732223976206,0.3544732223976206,0.02292949155069235,True,True
"Tesla, Inc.",2024-03-15,2024-03-21,4,up,up,0.2772447568770141,0.3583491759052023,0.3644060672177836,0.3644060672177836,0.006056891312581303,True,True
"Tesla, Inc.",2024-03-18,2024-03-22,4,flat,up,0.23138354659850263,0.2920797458874407,0.47653670751405686,0.47653670751405686,0.18445696162661618,True,False
"Tesla, Inc.",2024-03-19,2024-03-25,4,flat,flat,0.2672939484732017,0.40336107472033145,0.32934497680646685,0.32934497680646685,-0.0740160979138646,False,True
"Tesla, Inc.",2024-03-20,2024-03-26,4,flat,flat,0.29933930395510333,0.376733720471951,0.3239269755729456,0.3239269755729456,-0.05280674489900539,False,True
"Tesla, Inc.",2024-03-21,2024-03-27,4,flat,flat,0.3376074137387295,0.38267555900812067,0.27971702725314973,0.3376074137387295,-0.04506814526939118,False,True
"Tesla, Inc.",2024-03-22,2024-03-28,4,up,flat,0.2864150748595921,0.40817272955034223,0.3054121955900656,0.3054121955900656,-0.10276053396027662,False,False
"Tesla, Inc.",2024-03-25,2024-04-01,4,flat,flat,0.23673106804763805,0.38581933423683346,0.37744959771552844,0.37744959771552844,-0.008369736521305016,False,True
"Tesla, Inc.",2024-03-26,2024-04-02,4,down,up,0.2221150157455968,0.33677818498808043,0.4411067992663229,0.4411067992663229,0.10432861427824247,True,False
"Tesla, Inc.",2024-03-27,2024-04-03,4,down,flat,0.2747052406892084,0.44262300748475736,0.28267175182603427,0.28267175182603427,-0.1599512556587231,False,False
"Tesla, Inc.",2024-03-28,2024-04-04,4,down,flat,0.270981942670309,0.45138050167776234,0.27763755565192855,0.27763755565192855,-0.1737429460258338,False,False
"Tesla, Inc.",2024-04-01,2024-04-05,4,down,flat,0.28191459489203563,0.42878919351379724,0.2892962115941671,0.2892962115941671,-0.13949298191963017,False,False
"Tesla, Inc.",2024-04-02,2024-04-08,4,flat,up,0.2923863935803579,0.35278923213725255,0.35482437428238955,0.35482437428238955,0.0020351421451370033,True,False
"Tesla, Inc.",2024-04-03,2024-04-09,4,up,flat,0.22471038170648172,0.3970008243130405,0.3782887939804779,0.3782887939804779,-0.018712030332562635,False,False
"Tesla, Inc.",2024-04-04,2024-04-10,4,flat,up,0.25626415750561665,0.3203707233067558,0.42336511918762754,0.42336511918762754,0.10299439588087173,True,False
"Tesla, Inc.",2024-04-05,2024-04-11,4,up,flat,0.29617392708383544,0.3765870062763661,0.3272390666397984,0.3272390666397984,-0.049347939636567695,False,False
"Tesla, Inc.",2024-04-08,2024-04-12,4,flat,flat,0.27669285721913195,0.3738031022015327,0.3495040405793353,0.3495040405793353,-0.02429906162219736,False,True
"Tesla, Inc.",2024-04-09,2024-04-15,4,down,flat,0.3296079571655715,0.34859449500066775,0.3217975478337608,0.3296079571655715,-0.01898653783509624,False,False
"Tesla, Inc.",2024-04-10,2024-04-16,4,down,flat,0.3387414222805779,0.4313494767560928,0.22990910096332917,0.3387414222805779,-0.0926080544755149,False,False
"Tesla, Inc.",2024-04-11,2024-04-17,4,down,flat,0.2896081104595963,0.37480948608385867,0.3355824034565451,0.3355824034565451,-0.03922708262731356,False,False
"Tesla, Inc.",2024-04-12,2024-04-18,4,down,flat,0.27618465732371267,0.4407160782160223,0.283099264460265,0.283099264460265,-0.1576168137557573,False,False
"Tesla, Inc.",2024-04-15,2024-04-19,4,down,flat,0.26737337530064065,0.38723715832013583,0.3453894663792234,0.3453894663792234,-0.041847691940912424,False,False
"Tesla, Inc.",2024-04-16,2024-04-22,4,down,flat,0.2893197415276717,0.3697236541054779,0.3409566043668504,0.3409566043668504,-0.028767049738627537,False,False
"Tesla, Inc.",2024-04-17,2024-04-23,4,down,up,0.2553140861282378,0.363805351581945,0.38088056228981726,0.38088056228981726,0.017075210707872268,True,False
"Tesla, Inc.",2024-04-18,2024-04-24,4,up,up,0.32029289640973974,0.3271591022044623,0.3525480013857979,0.3525480013857979,0.025388899181335578,True,True
"Tesla, Inc.",2024-04-19,2024-04-25,4,up,up,0.28833286423351795,0.3481052813487409,0.36356185441774114,0.36356185441774114,0.015456573069000223,True,True
"Tesla, Inc.",2024-04-22,2024-04-26,4,up,down,0.3692762806050069,0.30603988253133996,0.3246838368636531,0.3692762806050069,0.06323639807366693,True,False
"Tesla, Inc.",2024-04-23,2024-04-29,4,up,up,0.3109265468670805,0.29548058623899864,0.39359286689392087,0.39359286689392087,0.09811228065492222,True,True
"Tesla, Inc.",2024-04-24,2024-04-30,4,up,up,0.24114465192685036,0.3151952555631634,0.4436600925099863,0.4436600925099863,0.12846483694682287,True,True
"Tesla, Inc.",2024-04-25,2024-05-01,4,up,flat,0.31858483640108215,0.43968323088430916,0.2417319327146088,0.31858483640108215,-0.12109839448322701,False,False
"Tesla, Inc.",2024-04-26,2024-05-02,4,up,flat,0.2912126112361134,0.4215601736375453,0.2872272151263413,0.2912126112361134,-0.13034756240143186,False,False
"Tesla, Inc.",2024-04-29,2024-05-03,4,down,up,0.18656930552262094,0.3845558850924016,0.42887480938497746,0.42887480938497746,0.04431892429257589,True,False
"Tesla, Inc.",2024-04-30,2024-05-06,4,flat,flat,0.20080648360507058,0.5278994293085217,0.2712940870864077,0.2712940870864077,-0.25660534222211406,False,True
"Tesla, Inc.",2024-05-01,2024-05-07,4,flat,flat,0.21240624950781894,0.5328971292941959,0.25469662119798525,0.25469662119798525,-0.2782005080962106,False,True
"Tesla, Inc.",2024-05-02,2024-05-08,4,down,flat,0.22444072113047875,0.4453890505286068,0.33017022834091436,0.33017022834091436,-0.11521882218769242,False,False
"Tesla, Inc.",2024-05-03,2024-05-09,4,down,flat,0.20823079974289127,0.46453702856870066,0.3272321716884081,0.3272321716884081,-0.13730485688029254,False,False
"Tesla, Inc.",2024-05-06,2024-05-10,4,down,flat,0.21641201540703486,0.4234155623705945,0.3601724222223706,0.3601724222223706,-0.06324314014822391,False,False
"Tesla, Inc.",2024-05-07,2024-05-13,4,down,flat,0.2162881545440083,0.5254101580251302,0.25830168743086157,0.25830168743086157,-0.2671084705942687,False,False
"Tesla, Inc.",2024-05-08,2024-05-14,4,flat,flat,0.25057450088013333,0.45302086808624886,0.2964046310336178,0.2964046310336178,-0.15661623705263106,False,True
"Tesla, Inc.",2024-05-09,2024-05-15,4,flat,flat,0.24466137639255497,0.4458202255980872,0.3095183980093578,0.3095183980093578,-0.13630182758872939,False,True
"Tesla, Inc.",2024-05-10,2024-05-16,4,flat,flat,0.2855087312728787,0.4164280246660135,0.29806324406110785,0.29806324406110785,-0.11836478060490563,False,True
"Tesla, Inc.",2024-05-13,2024-05-17,4,flat,flat,0.26091625945673164,0.44959286271295823,0.28949087783031013,0.28949087783031013,-0.1601019848826481,False,True
"Tesla, Inc.",2024-05-14,2024-05-20,4,flat,flat,0.27599108658499105,0.37544017004438446,0.3485687433706245,0.3485687433706245,-0.02687142667375997,False,True
"Tesla, Inc.",2024-05-15,2024-05-21,4,flat,flat,0.30897356698401,0.462184769028289,0.22884166398770095,0.30897356698401,-0.15321120204427896,False,True
"Tesla, Inc.",2024-05-16,2024-05-22,4,up,flat,0.2899203203958142,0.4745101591833311,0.23556952042085463,0.2899203203958142,-0.1845898387875169,False,False
"Tesla, Inc.",2024-05-17,2024-05-23,4,flat,flat,0.2835179115556572,0.41782069256436116,0.29866139587998175,0.29866139587998175,-0.11915929668437941,False,True
"Tesla, Inc.",2024-05-20,2024-05-24,4,flat,flat,0.3059103732040802,0.4249964642465537,0.269093162549366,0.3059103732040802,-0.11908609104247347,False,True
"Tesla, Inc.",2024-05-21,2024-05-28,4,down,up,0.26080374151998326,0.3439542870476652,0.3952419714323516,0.3952419714323516,0.05128768438468645,True,False
"Tesla, Inc.",2024-05-22,2024-05-29,4,down,flat,0.27719895221960694,0.40586774890169797,0.31693329887869504,0.31693329887869504,-0.08893445002300293,False,False
"Tesla, Inc.",2024-05-23,2024-05-30,4,flat,flat,0.2917019516908701,0.42272734577582655,0.2855707025333033,0.2917019516908701,-0.13102539408495645,False,True
"Tesla, Inc.",2024-05-24,2024-05-31,4,flat,flat,0.26739763115296783,0.41279389692205715,0.319808471924975,0.319808471924975,-0.09298542499708212,False,True
"Tesla, Inc.",2024-05-28,2024-06-03,4,flat,up,0.28420700219465816,0.26355388084921827,0.4522391169561236,0.4522391169561236,0.18868523610690535,True,False
"Tesla, Inc.",2024-05-29,2024-06-04,4,flat,up,0.27136305006337325,0.2900479403313714,0.4385890096052554,0.4385890096052554,0.148541069273884,True,False
"Tesla, Inc.",2024-05-30,2024-06-05,4,down,up,0.2818512852966295,0.2708119163125582,0.4473367983908124,0.4473367983908124,0.17652488207825423,True,False
"Tesla, Inc.",2024-05-31,2024-06-06,4,flat,up,0.2882392767410392,0.30272505373041714,0.40903566952854364,0.40903566952854364,0.1063106157981265,True,False
"Tesla, Inc.",2024-06-03,2024-06-07,4,flat,up,0.2954281180078126,0.2862453347066204,0.41832654728556706,0.41832654728556706,0.13208121257894667,True,False
"Tesla, Inc.",2024-06-04,2024-06-10,4,flat,up,0.3027980305915474,0.3028872457420307,0.39431472366642184,0.39431472366642184,0.09142747792439115,True,False
"Tesla, Inc.",2024-06-05,2024-06-11,4,flat,up,0.30910082042143683,0.2643335275897391,0.4265656519888241,0.4265656519888241,0.16223212439908502,True,False
"Tesla, Inc.",2024-06-06,2024-06-12,4,flat,up,0.2998175325602092,0.24798081313399828,0.4522016543057925,0.4522016543057925,0.20422084117179423,True,False
"Tesla, Inc.",2024-06-07,2024-06-13,4,up,up,0.32198289153854304,0.26637009174835424,0.4116470167131029,0.4116470167131029,0.14527692496474864,True,True
"Tesla, Inc.",2024-06-10,2024-06-14,4,up,up,0.2996882536548261,0.33087930772253593,0.3694324386226382,0.3694324386226382,0.03855313090010226,True,True
"Tesla, Inc.",2024-06-11,2024-06-15,4,flat,up,0.3300893586194876,0.32307416517098153,0.34683647620953095,0.34683647620953095,0.023762311038549422,True,False
"Tesla, Inc.",2024-06-12,2024-06-16,4,flat,up,0.3185037180355692,0.24144128975056606,0.4400549922138649,0.4400549922138649,0.19861370246329885,True,False
"Tesla, Inc.",2024-06-13,2024-06-17,4,flat,up,0.23305606811430402,0.30938164427689907,0.457562287608797,0.457562287608797,0.14818064333189795,True,False
"Tesla, Inc.",2024-06-14,2024-06-18,4,flat,flat,0.3031989109948045,0.4203472197609227,0.27645386924427273,0.3031989109948045,-0.1171483087661182,False,True
