company,base_date,target_date,horizon,true_label,pred_label,proba_down,proba_flat,proba_up
Alphabet Inc.,2021-07-28,2021-07-30,2,flat,flat,0.15780326723209584,0.7575957481109651,0.08460098465693884
Alphabet Inc.,2021-07-29,2021-08-02,2,flat,flat,0.17410103660617135,0.6645487099906505,0.16135025340317824
Alphabet Inc.,2021-07-30,2021-08-03,2,flat,flat,0.11595082686752475,0.5861166287451902,0.2979325443872849
Alphabet Inc.,2021-08-02,2021-08-04,2,flat,flat,0.10160765511817939,0.5591668873165023,0.33922545756531813
Alphabet Inc.,2021-08-03,2021-08-05,2,flat,flat,0.13245368123325924,0.5457793938669642,0.3217669248997765
Alphabet Inc.,2021-08-04,2021-08-06,2,flat,flat,0.12305647838618392,0.5518407418692451,0.3251027797445708
Alphabet Inc.,2021-08-05,2021-08-09,2,flat,flat,0.10912359251195496,0.5941444562747464,0.29673195121329865
Alphabet Inc.,2021-08-06,2021-08-10,2,flat,flat,0.09312482477586789,0.6158628399098005,0.29101233531433174
Alphabet Inc.,2021-08-09,2021-08-11,2,flat,flat,0.07836702043863314,0.5947719892857873,0.3268609902755796
Alphabet Inc.,2021-08-10,2021-08-12,2,flat,flat,0.08430701453238992,0.6382517653918393,0.27744122007577077
Alphabet Inc.,2021-08-11,2021-08-13,2,flat,flat,0.10554197764921129,0.7018403938723456,0.19261762847844313
Alphabet Inc.,2021-08-12,2021-08-16,2,flat,flat,0.13928079782138453,0.6206898019634255,0.24002940021519037
Alphabet Inc.,2021-08-13,2021-08-17,2,flat,flat,0.0793145239919993,0.5900329605496285,0.33065251545837215
Alphabet Inc.,2021-08-16,2021-08-18,2,flat,flat,0.15270069655620397,0.6029268844692454,0.24437241897455067
Alphabet Inc.,2021-08-17,2021-08-19,2,flat,flat,0.10764816871232316,0.507441286570713,0.3849105447169637
Alphabet Inc.,2021-08-18,2021-08-20,2,flat,up,0.09118439082353035,0.4181481050741166,0.4906675041023532
Alphabet Inc.,2021-08-19,2021-08-23,2,up,up,0.07684391571996642,0.43222614824812844,0.49092993603190505
Alphabet Inc.,2021-08-20,2021-08-24,2,up,up,0.03483233955882247,0.18897520595521133,0.7761924544859657
Alphabet Inc.,2021-08-23,2021-08-25,2,up,up,0.07565371921524551,0.3643186881287948,0.5600275926559597
Alphabet Inc.,2021-08-24,2021-08-26,2,flat,flat,0.10435673369820403,0.5570390322424843,0.33860423405931145
Alphabet Inc.,2021-08-25,2021-08-27,2,flat,flat,0.0781876620329087,0.7744339548602825,0.14737838310680892
Alphabet Inc.,2021-08-26,2021-08-30,2,up,flat,0.24662268371966703,0.6491488454995298,0.10422847078080276
Alphabet Inc.,2021-08-27,2021-08-31,2,up,flat,0.09270458186483008,0.7623927905940797,0.14490262754109026
Alphabet Inc.,2021-08-30,2021-09-01,2,flat,flat,0.10798576581402103,0.7578069010028119,0.13420733318316735
Alphabet Inc.,2021-08-31,2021-09-02,2,flat,flat,0.12561693548017783,0.6630113958636907,0.21137166865613147
Alphabet Inc.,2021-09-01,2021-09-03,2,flat,flat,0.13578212252288807,0.6407098732074306,0.22350800426968143
Alphabet Inc.,2021-09-02,2021-09-07,2,flat,flat,0.24277632797435011,0.633186695575364,0.12403697645028601
Alphabet Inc.,2021-09-03,2021-09-08,2,flat,flat,0.17462557555817904,0.6053204500951668,0.22005397434665425
Alphabet Inc.,2021-09-07,2021-09-09,2,flat,flat,0.09967710936462713,0.5789341515393275,0.3213887390960453
Alphabet Inc.,2021-09-08,2021-09-10,2,flat,flat,0.12092450315452086,0.5245235522123395,0.3545519446331396
Alphabet Inc.,2021-09-09,2021-09-13,2,flat,flat,0.10685010048364925,0.5425084072744596,0.35064149224189123
Alphabet Inc.,2021-09-10,2021-09-14,2,flat,flat,0.11281764402598746,0.5111127736147637,0.3760695823592486
Alphabet Inc.,2021-09-13,2021-09-15,2,flat,flat,0.10458286742687027,0.4733763686267454,0.4220407639463842
Alphabet Inc.,2021-09-14,2021-09-16,2,flat,up,0.051184714550142105,0.3022481057075347,0.646567179742323
Alphabet Inc.,2021-09-15,2021-09-17,2,flat,up,0.05361251191858503,0.35472098178669603,0.5916665062947186
Alphabet Inc.,2021-09-16,2021-09-20,2,down,up,0.057145065839174905,0.36853515424624256,0.5743197799145824
Alphabet Inc.,2021-09-17,2021-09-21,2,down,flat,0.08967525287248784,0.4658964166910581,0.444428330436454
Alphabet Inc.,2021-09-20,2021-09-22,2,flat,flat,0.1302163871649401,0.49965174206126456,0.3701318707737953
Alphabet Inc.,2021-09-21,2021-09-23,2,flat,flat,0.05943848148223497,0.5026155871030137,0.4379459314147512
Alphabet Inc.,2021-09-22,2021-09-24,2,flat,flat,0.056458349104874433,0.5021587333763591,0.4413829175187663
Alphabet Inc.,2021-09-23,2021-09-27,2,flat,up,0.06775397007375072,0.4442549479969729,0.48799108192927626
Alphabet Inc.,2021-09-24,2021-09-28,2,down,flat,0.07586677929134131,0.5218581370888353,0.4022750836198234
Alphabet Inc.,2021-09-27,2021-09-29,2,down,flat,0.09926462254264191,0.5782912931597025,0.3224440842976555
Alphabet Inc.,2021-09-28,2021-09-30,2,down,flat,0.13584191130409823,0.49419580264951685,0.36996228604638487
Alphabet Inc.,2021-09-29,2021-10-01,2,flat,flat,0.1453985899405094,0.5005049276680247,0.35409648239146596
Alphabet Inc.,2021-09-30,2021-10-04,2,flat,flat,0.12807703253369754,0.5240368425109009,0.34788612495540144
Alphabet Inc.,2021-10-01,2021-10-05,2,flat,flat,0.09577377677378529,0.5424340654094456,0.36179215781676916
Alphabet Inc.,2021-10-04,2021-10-06,2,flat,flat,0.11264784988805669,0.5575223419923216,0.3298298081196216
Alphabet Inc.,2021-10-05,2021-10-07,2,up,flat,0.09375134274215043,0.5218073230720006,0.384441334185849
Alphabet Inc.,2021-10-06,2021-10-08,2,up,flat,0.08504131473326738,0.5502749012752453,0.36468378399148754
Alphabet Inc.,2021-10-07,2021-10-11,2,flat,flat,0.06013666975364606,0.6626625030206975,0.27720082722565653
Alphabet Inc.,2021-10-08,2021-10-12,2,flat,flat,0.04539039297741994,0.6911816477229022,0.2634279592996778
Alphabet Inc.,2021-10-11,2021-10-13,2,flat,flat,0.08903346313032634,0.6726382750595173,0.2383282618101564
Alphabet Inc.,2021-10-12,2021-10-14,2,flat,flat,0.1142067828099021,0.532992709604191,0.3528005075859068
Alphabet Inc.,2021-10-13,2021-10-15,2,up,flat,0.1067711981292805,0.5119223589230297,0.3813064429476898
Alphabet Inc.,2021-10-14,2021-10-18,2,flat,up,0.06374465179863772,0.46293805453048764,0.47331729367087483
Alphabet Inc.,2021-10-15,2021-10-19,2,flat,flat,0.06559501470254775,0.5251911569858423,0.40921382831161013
Alphabet Inc.,2021-10-18,2021-10-20,2,flat,flat,0.10189268961460442,0.5756677597717687,0.322439550613627
Alphabet Inc.,2021-10-19,2021-10-21,2,flat,flat,0.09218245700375012,0.685135126526477,0.22268241646977288
Alphabet Inc.,2021-10-20,2021-10-22,2,down,flat,0.1218664516604689,0.6648775330209056,0.21325601531862565
Alphabet Inc.,2021-10-21,2021-10-25,2,down,flat,0.12162263220052427,0.5699929096379186,0.30838445816155696
Alphabet Inc.,2021-10-22,2021-10-26,2,flat,up,0.11743794505097506,0.4293030456570344,0.45325900929199037
Alphabet Inc.,2021-10-25,2021-10-27,2,up,up,0.0958883203752322,0.38899214527086906,0.5151195343538987
Alphabet Inc.,2021-10-26,2021-10-28,2,up,up,0.06566915698302696,0.4210008608561393,0.5133299821608338
Alphabet Inc.,2021-10-27,2021-10-29,2,up,up,0.08563049142604959,0.4450940305188525,0.46927547805509795
Alphabet Inc.,2021-10-28,2021-11-01,2,flat,flat,0.11051376322641066,0.5353508559151012,0.3541353808584882
Alphabet Inc.,2021-10-29,2021-11-02,2,flat,flat,0.07207107761074744,0.7244538578310025,0.20347506455825015
Alphabet Inc.,2021-11-01,2021-11-03,2,flat,flat,0.1489692724832067,0.6734235866223821,0.1776071408944112
Alphabet Inc.,2021-11-02,2021-11-04,2,flat,flat,0.1546560762841522,0.6358668784695262,0.20947704524632155
Alphabet Inc.,2021-11-03,2021-11-05,2,up,flat,0.07823042280023618,0.5928254891814285,0.3289440880183354
Alphabet Inc.,2021-11-04,2021-11-08,2,flat,flat,0.07853817336865082,0.5347942486365099,0.38666757799483925
Alphabet Inc.,2021-11-05,2021-11-09,2,flat,flat,0.083746406563888,0.6687269571439524,0.24752663629215982
Alphabet Inc.,2021-11-08,2021-11-10,2,flat,flat,0.09444700359117526,0.6987942894763843,0.20675870693244033
Alphabet Inc.,2021-11-09,2021-11-11,2,flat,flat,0.20741139656234503,0.6657998540251521,0.12678874941250273
Alphabet Inc.,2021-11-10,2021-11-12,2,flat,flat,0.16793560819613954,0.5706188592118875,0.2614455325919729
Alphabet Inc.,2021-11-11,2021-11-15,2,flat,flat,0.10600237430874147,0.5696345276897524,0.3243630980015061
Alphabet Inc.,2021-11-12,2021-11-16,2,flat,flat,0.10508993273699105,0.5096112540231379,0.3852988132398709
Alphabet Inc.,2021-11-15,2021-11-17,2,flat,flat,0.10920926592461205,0.5535269792919564,0.33726375478343135
Alphabet Inc.,2021-11-16,2021-11-18,2,flat,flat,0.2061594446673661,0.5421567616163758,0.2516837937162582
Alphabet Inc.,2021-11-17,2021-11-19,2,flat,flat,0.11778151839742985,0.6334302734771882,0.24878820812538216
Alphabet Inc.,2021-11-18,2021-11-22,2,flat,flat,0.08520339932335175,0.5632921379584693,0.3515044627181787
Alphabet Inc.,2021-11-19,2021-11-23,2,down,flat,0.07413142917330733,0.5751503176899733,0.3507182531367192
Alphabet Inc.,2021-11-22,2021-11-24,2,down,flat,0.13842573662356408,0.4928555043696802,0.3687187590067555
Alphabet Inc.,2021-11-23,2021-11-26,2,down,flat,0.114973805105578,0.48414421247303774,0.40088198242138406
Alphabet Inc.,2021-11-24,2021-11-29,2,flat,flat,0.08307035697830056,0.5417869063272448,0.3751427366944546
Alphabet Inc.,2021-11-26,2021-11-30,2,flat,flat,0.10811254851861368,0.5330712275440522,0.3588162239373338
Alphabet Inc.,2021-11-29,2021-12-01,2,flat,flat,0.07491822352819968,0.4800476468052641,0.44503412966653605
Alphabet Inc.,2021-11-30,2021-12-02,2,flat,flat,0.08289337805797165,0.5378071416130884,0.37929948032893995
Alphabet Inc.,2021-12-01,2021-12-03,2,flat,flat,0.10721517181239826,0.5483820871324087,0.34440274105519286
Alphabet Inc.,2021-12-02,2021-12-06,2,flat,flat,0.09464995198093447,0.535043968223231,0.3703060797958344
Alphabet Inc.,2021-12-03,2021-12-07,2,up,up,0.07090431276483267,0.4510237164433983,0.478071970791769
Alphabet Inc.,2021-12-06,2021-12-08,2,up,flat,0.09786394232537714,0.5144421016950338,0.3876939559795893
Alphabet Inc.,2021-12-07,2021-12-09,2,flat,flat,0.12618275746729724,0.494995649937316,0.3788215925953866
Alphabet Inc.,2021-12-08,2021-12-10,2,flat,flat,0.08504118305406681,0.5842528461829823,0.33070597076295066
Alphabet Inc.,2021-12-09,2021-12-13,2,flat,flat,0.0801804493293238,0.6206075329409892,0.2992120177296869
Alphabet Inc.,2021-12-10,2021-12-14,2,down,flat,0.06671350304469371,0.6402488127130033,0.293037684242303
Alphabet Inc.,2021-12-13,2021-12-15,2,flat,flat,0.13247386972867475,0.5869350917221826,0.2805910385491423
Alphabet Inc.,2021-12-14,2021-12-16,2,flat,flat,0.133657175324905,0.45387298380045826,0.41246984087463645
Alphabet Inc.,2021-12-15,2021-12-17,2,flat,up,0.08320780170285895,0.4325787773468263,0.4842134209503147
Alphabet Inc.,2021-12-16,2021-12-20,2,down,up,0.07764130645877682,0.3928405351643906,0.5295181583768326
Alphabet Inc.,2021-12-17,2021-12-21,2,flat,flat,0.1490074566887497,0.4326039407988715,0.4183886025123785
Alphabet Inc.,2021-12-20,2021-12-22,2,up,flat,0.1325406860161182,0.48383402663394653,0.38362528734993523
Alphabet Inc.,2021-12-21,2021-12-23,2,up,flat,0.07921917072494865,0.5063159182839923,0.41446491099105914
Alphabet Inc.,2021-12-22,2021-12-27,2,flat,up,0.08621763325056436,0.4509233255663693,0.4628590411830662
Alphabet Inc.,2021-12-23,2021-12-28,2,flat,up,0.06971457916598207,0.4501268426201825,0.4801585782138355
Alphabet Inc.,2021-12-27,2021-12-29,2,flat,flat,0.05900856307684271,0.6949781260157972,0.24601331090736012
Alphabet Inc.,2021-12-28,2021-12-30,2,flat,flat,0.11708442974537928,0.6606622824217044,0.22225328783291648
Alphabet Inc.,2021-12-29,2021-12-31,2,flat,flat,0.1378774949605383,0.5182512726646048,0.34387123237485684
Alphabet Inc.,2021-12-30,2022-01-03,2,flat,flat,0.09592681171335388,0.5237391595840627,0.38033402870258365
Alphabet Inc.,2021-12-31,2022-01-04,2,flat,up,0.09273649012755157,0.3967712351980859,0.5104922746743624
Alphabet Inc.,2022-01-03,2022-01-05,2,down,up,0.12123614057918042,0.4032220023375415,0.47554185708327784
Alphabet Inc.,2022-01-04,2022-01-06,2,down,up,0.08171982265574859,0.4496115341876621,0.46866864315658935
Alphabet Inc.,2022-01-05,2022-01-07,2,down,flat,0.15056383497912995,0.49526611379994234,0.35417005122092754
Alphabet Inc.,2022-01-06,2022-01-10,2,flat,flat,0.11789218987963483,0.55783866008979,0.32426915003057516
Alphabet Inc.,2022-01-07,2022-01-11,2,flat,flat,0.13686820434073105,0.5593935476077774,0.3037382480514916
Alphabet Inc.,2022-01-10,2022-01-12,2,up,flat,0.11547304381065579,0.590763550320084,0.2937634058692602
Alphabet Inc.,2022-01-11,2022-01-13,2,flat,flat,0.11215268633095736,0.5456310708158738,0.34221624285316893
Alphabet Inc.,2022-01-12,2022-01-14,2,down,flat,0.0738298794642035,0.5315530677953473,0.3946170527404495
Alphabet Inc.,2022-01-13,2022-01-18,2,down,flat,0.1197847677468748,0.5711509363351331,0.3090642959179921
Alphabet Inc.,2022-01-14,2022-01-19,2,flat,flat,0.12105814065394661,0.5260457911008531,0.3528960682452002
Alphabet Inc.,2022-01-18,2022-01-20,2,flat,flat,0.14134636789585467,0.5243658638425195,0.334287768261626
Alphabet Inc.,2022-01-19,2022-01-21,2,down,flat,0.11740389907170462,0.5359127420443016,0.34668335888399393
Alphabet Inc.,2022-01-20,2022-01-24,2,down,flat,0.1309917390400275,0.5516664465695191,0.3173418143904533
Alphabet Inc.,2022-01-21,2022-01-25,2,down,flat,0.12646267476307804,0.571874467463032,0.30166285777389
Alphabet Inc.,2022-01-24,2022-01-26,2,flat,flat,0.10628199427349587,0.5830239190840859,0.3106940866424182
Alphabet Inc.,2022-01-25,2022-01-27,2,flat,flat,0.12577648986532167,0.5614750069724441,0.31274850316223424
Alphabet Inc.,2022-01-26,2022-01-28,2,flat,flat,0.12426043264207266,0.5181377764067199,0.3576017909512074
Alphabet Inc.,2022-01-27,2022-01-31,2,flat,flat,0.11044990393257362,0.5379848652263493,0.3515652308410771
Alphabet Inc.,2022-01-28,2022-02-01,2,up,flat,0.07843346386822722,0.5572180258913771,0.3643485102403956
Alphabet Inc.,2022-01-31,2022-02-02,2,up,flat,0.03509547686209613,0.7137790259254387,0.2511254972124651
Alphabet Inc.,2022-02-01,2022-02-03,2,up,flat,0.0398998739551314,0.728604843820357,0.23149528222451182
Alphabet Inc.,2022-02-02,2022-02-04,2,down,flat,0.0954616528136735,0.7188984803607695,0.1856398668255574
Alphabet Inc.,2022-02-03,2022-02-07,2,flat,flat,0.09924610560031706,0.7209306426102331,0.17982325178944986
Alphabet Inc.,2022-02-04,2022-02-08,2,flat,flat,0.10421671609610515,0.6993574908134255,0.19642579309046948
Alphabet Inc.,2022-02-07,2022-02-09,2,flat,flat,0.1400542118321486,0.5884420248891973,0.27150376327865416
Alphabet Inc.,2022-02-08,2022-02-10,2,flat,flat,0.11690573978639457,0.5209946579564848,0.36209960225712057
Alphabet Inc.,2022-02-09,2022-02-11,2,flat,flat,0.08698069275952035,0.5412453872638368,0.37177391997664294
Alphabet Inc.,2022-02-10,2022-02-14,2,flat,flat,0.1108482091979703,0.4716537304126492,0.4174980603893803
Alphabet Inc.,2022-02-11,2022-02-15,2,flat,flat,0.10156379163342585,0.46763171740637155,0.4308044909602025
Alphabet Inc.,2022-02-14,2022-02-16,2,flat,flat,0.10483245001103997,0.48464255777957177,0.41052499220938815
Alphabet Inc.,2022-02-15,2022-02-17,2,flat,flat,0.09038543907635811,0.4875318048754649,0.422082756048177
Alphabet Inc.,2022-02-16,2022-02-18,2,flat,flat,0.11682182984677708,0.5198732719649214,0.36330489818830153
Alphabet Inc.,2022-02-17,2022-02-22,2,flat,flat,0.12380096603663196,0.5474048859502549,0.3287941480131131
Alphabet Inc.,2022-02-18,2022-02-23,2,flat,flat,0.11878604089298252,0.5882070885757498,0.2930068705312679
Alphabet Inc.,2022-02-22,2022-02-24,2,flat,flat,0.12780961956703593,0.593000909995872,0.2791894704370922
Alphabet Inc.,2022-02-23,2022-02-25,2,up,flat,0.1087647714222563,0.6232645823116427,0.2679706462661011
Alphabet Inc.,2022-02-24,2022-02-28,2,up,flat,0.10794962395733236,0.6171026620805726,0.27494771396209516
Alphabet Inc.,2022-02-25,2022-03-01,2,flat,flat,0.11374922204779045,0.5615594445363401,0.3246913334158695
Alphabet Inc.,2022-02-28,2022-03-02,2,flat,flat,0.08071294431119332,0.6008434750180045,0.31844358067080214
Alphabet Inc.,2022-03-01,2022-03-03,2,flat,flat,0.05932882734778965,0.714992347679723,0.2256788249724875
Alphabet Inc.,2022-03-02,2022-03-04,2,flat,flat,0.07277748762814883,0.7198930349453027,0.2073294774265487
Alphabet Inc.,2022-03-03,2022-03-07,2,down,flat,0.04973069860869079,0.7024675138081031,0.2478017875832065
Alphabet Inc.,2022-03-04,2022-03-08,2,down,flat,0.11698665452790605,0.4770445042461674,0.4059688412259266
Alphabet Inc.,2022-03-07,2022-03-09,2,flat,flat,0.12045999921307474,0.5193722045228114,0.3601677962641138
Alphabet Inc.,2022-03-08,2022-03-10,2,up,flat,0.10827102930442471,0.5256881686994231,0.366040801996152
Alphabet Inc.,2022-03-09,2022-03-11,2,flat,flat,0.09564535217387662,0.5246492829558039,0.3797053648703194
Alphabet Inc.,2022-03-10,2022-03-14,2,flat,flat,0.10380367658188877,0.5102179474160266,0.38597837600208473
Alphabet Inc.,2022-03-11,2022-03-15,2,flat,flat,0.07760761739682429,0.5618516413691897,0.360540741233986
Alphabet Inc.,2022-03-14,2022-03-16,2,flat,flat,0.11472381437520662,0.5526347072943903,0.3326414783304029
Alphabet Inc.,2022-03-15,2022-03-17,2,up,flat,0.1055162568536332,0.5589020093166114,0.33558173382975554
Alphabet Inc.,2022-03-16,2022-03-18,2,flat,flat,0.050463679764358525,0.5055743693297433,0.4439619509058981
Alphabet Inc.,2022-03-17,2022-03-21,2,flat,flat,0.05088482558598474,0.5661918399329494,0.3829233344810659
Alphabet Inc.,2022-03-18,2022-03-22,2,flat,flat,0.056443414615139284,0.611333233602764,0.3322233517820969
Alphabet Inc.,2022-03-21,2022-03-23,2,flat,flat,0.05631178120074295,0.7456840565486661,0.19800416225059123
Alphabet Inc.,2022-03-22,2022-03-24,2,flat,flat,0.07644079904401807,0.7018316338013372,0.22172756715464514
Alphabet Inc.,2022-03-23,2022-03-25,2,flat,flat,0.07223066141787245,0.73405359291671,0.19371574566541766
Alphabet Inc.,2022-03-24,2022-03-28,2,flat,flat,0.07815547407377374,0.7111245137957865,0.2107200121304401
Alphabet Inc.,2022-03-25,2022-03-29,2,flat,flat,0.09818439140033375,0.7056827923320772,0.19613281626758938
Alphabet Inc.,2022-03-28,2022-03-30,2,flat,flat,0.11541606745717353,0.6953433743351618,0.18924055820766494
Alphabet Inc.,2022-03-29,2022-03-31,2,flat,flat,0.09726476444915404,0.6910014451215676,0.2117337904292787
Alphabet Inc.,2022-03-30,2022-04-01,2,flat,flat,0.1510672806736017,0.630970709225339,0.21796201010105912
Alphabet Inc.,2022-03-31,2022-04-04,2,flat,flat,0.15212961856804086,0.5859402390362439,0.261930142395715
Alphabet Inc.,2022-04-01,2022-04-05,2,flat,flat,0.10655126353611045,0.4973248474363073,0.3961238890275822
Alphabet Inc.,2022-04-04,2022-04-06,2,down,flat,0.08723702735740609,0.5469600017269279,0.36580297091566594
Alphabet Inc.,2022-04-05,2022-04-07,2,down,flat,0.12892163467150064,0.5466147400634207,0.32446362526507877
Alphabet Inc.,2022-04-06,2022-04-08,2,down,up,0.12828899484545744,0.41295266543338016,0.4587583397211623
Alphabet Inc.,2022-04-07,2022-04-11,2,down,flat,0.10847774033582808,0.4518773708475779,0.4396448888165939
Alphabet Inc.,2022-04-08,2022-04-12,2,down,flat,0.1033940623828553,0.5132280797460779,0.3833778578710669
Alphabet Inc.,2022-04-11,2022-04-13,2,flat,flat,0.17540356231974566,0.47790726404706113,0.34668917363319307
Alphabet Inc.,2022-04-12,2022-04-14,2,flat,flat,0.19094418804513869,0.45614463620100393,0.3529111757538574
Alphabet Inc.,2022-04-13,2022-04-18,2,flat,flat,0.1388509115802497,0.5151883209514156,0.3459607674683347
Alphabet Inc.,2022-04-14,2022-04-19,2,flat,flat,0.11479795865593691,0.523087424478603,0.3621146168654603
Alphabet Inc.,2022-04-18,2022-04-20,2,flat,flat,0.11422687426345514,0.5398022681838631,0.3459708575526818
Alphabet Inc.,2022-04-19,2022-04-21,2,flat,flat,0.09559358508536216,0.5439902076115873,0.3604162073030504
Alphabet Inc.,2022-04-20,2022-04-22,2,down,flat,0.08299549229560248,0.5575498200937085,0.359454687610689
Alphabet Inc.,2022-04-21,2022-04-25,2,down,flat,0.15878273570526116,0.5082631286517971,0.33295413564294174
Alphabet Inc.,2022-04-22,2022-04-26,2,flat,flat,0.11473455531740415,0.5773385517175053,0.3079268929650905
Alphabet Inc.,2022-04-25,2022-04-27,2,down,flat,0.11976529556193122,0.5724540992961684,0.3077806051419005
Alphabet Inc.,2022-04-26,2022-04-28,2,flat,flat,0.1318867250179752,0.5717003784426945,0.29641289653933034
Alphabet Inc.,2022-04-27,2022-04-29,2,flat,flat,0.08894453338183907,0.5686987724524619,0.342356694165699
Alphabet Inc.,2022-04-28,2022-05-02,2,flat,flat,0.15002108246659554,0.6281046850337525,0.22187423249965194
Alphabet Inc.,2022-04-29,2022-05-03,2,flat,flat,0.10206006522652698,0.6715633634240321,0.22637657134944125
Alphabet Inc.,2022-05-02,2022-05-04,2,up,flat,0.10188461746773342,0.672556774363343,0.2255586081689238
Alphabet Inc.,2022-05-03,2022-05-05,2,flat,flat,0.11006406389451355,0.6675237928351224,0.22241214327036424
Alphabet Inc.,2022-05-04,2022-05-06,2,flat,flat,0.060829289905796745,0.7527711791405451,0.18639953095365847
Alphabet Inc.,2022-05-05,2022-05-09,2,flat,flat,0.13093204627858482,0.6271018459227641,0.24196610779865144
Alphabet Inc.,2022-05-06,2022-05-10,2,flat,flat,0.15442907713080126,0.6149933755262933,0.23057754734290561
Alphabet Inc.,2022-05-09,2022-05-11,2,flat,flat,0.12500365257818577,0.6575738711247312,0.21742247629708292
Alphabet Inc.,2022-05-10,2022-05-12,2,flat,flat,0.0784996787289853,0.7114380323602034,0.21006228891081133
Alphabet Inc.,2022-05-11,2022-05-13,2,flat,flat,0.10460716840697205,0.6519689392476207,0.2434238923454075
Alphabet Inc.,2022-05-12,2022-05-16,2,flat,flat,0.10163242189113177,0.6797915841797582,0.2185759939291103
Alphabet Inc.,2022-05-13,2022-05-17,2,flat,flat,0.07982361065326754,0.629079018217325,0.2910973711294075
Alphabet Inc.,2022-05-16,2022-05-18,2,flat,flat,0.09875799645248412,0.643614563751644,0.25762743979587194
Alphabet Inc.,2022-05-17,2022-05-19,2,down,flat,0.04963433023949584,0.6628624323523296,0.28750323740817463
Alphabet Inc.,2022-05-18,2022-05-20,2,flat,flat,0.12087633995670691,0.603416827355111,0.27570683268818214
Alphabet Inc.,2022-05-19,2022-05-23,2,flat,flat,0.13254785831022273,0.6243609546182463,0.243091187071531
Alphabet Inc.,2022-05-20,2022-05-24,2,down,flat,0.09361501100662867,0.6218432956885994,0.28454169330477197
Alphabet Inc.,2022-05-23,2022-05-25,2,down,flat,0.08326185974019355,0.6689724964808343,0.2477656437789725
Alphabet Inc.,2022-05-24,2022-05-26,2,flat,flat,0.08541762469683571,0.7191920339625869,0.19539034134057737
Alphabet Inc.,2022-05-25,2022-05-27,2,up,flat,0.11301511887884398,0.7307676002608617,0.1562172808602944
Alphabet Inc.,2022-05-26,2022-05-31,2,up,flat,0.08850968045677438,0.7102081173336018,0.20128220220962423
Alphabet Inc.,2022-05-27,2022-06-01,2,flat,flat,0.08555839617283015,0.6444983411293755,0.26994326269779445
Alphabet Inc.,2022-05-31,2022-06-02,2,flat,flat,0.06190123809219045,0.6553863778150175,0.28271238409279215
Alphabet Inc.,2022-06-01,2022-06-03,2,flat,flat,0.04980398688753406,0.7461877318271241,0.20400828128534218
Alphabet Inc.,2022-06-02,2022-06-06,2,flat,flat,0.06667175167650079,0.7440053619580514,0.18932288636544814
Alphabet Inc.,2022-06-03,2022-06-07,2,flat,flat,0.08018832101878173,0.7512638054756949,0.16854787350552353
Alphabet Inc.,2022-06-06,2022-06-08,2,flat,flat,0.06274640444559232,0.7296788784990867,0.2075747170553212
Alphabet Inc.,2022-06-07,2022-06-09,2,flat,flat,0.07594568310003053,0.6777658511350495,0.24628846576492008
Alphabet Inc.,2022-06-08,2022-06-10,2,down,flat,0.06579912502964849,0.662674652378894,0.27152622259145764
Alphabet Inc.,2022-06-09,2022-06-13,2,down,flat,0.0836168476807551,0.6337855727611611,0.28259757955808407
Alphabet Inc.,2022-06-10,2022-06-14,2,down,flat,0.09650726440948297,0.5536068341822353,0.34988590140828163
Alphabet Inc.,2022-06-13,2022-06-15,2,flat,flat,0.09730491419742485,0.6337550866334175,0.2689399991691576
Alphabet Inc.,2022-06-14,2022-06-16,2,flat,flat,0.10252369259427799,0.6609949490716808,0.23648135833404132
Alphabet Inc.,2022-06-15,2022-06-17,2,flat,flat,0.10805280614450695,0.6762506558505018,0.2156965380049916
Alphabet Inc.,2022-06-16,2022-06-21,2,flat,flat,0.09037320711151663,0.7081477778287621,0.20147901505972118
Alphabet Inc.,2022-06-17,2022-06-22,2,up,flat,0.10937744956365907,0.6789396872102489,0.21168286322609225
Alphabet Inc.,2022-06-21,2022-06-23,2,flat,flat,0.09723938824536407,0.681956939023727,0.2208036727309092
Alphabet Inc.,2022-06-22,2022-06-24,2,up,flat,0.04065792059974756,0.7240508087313441,0.23529127066890865
Alphabet Inc.,2022-06-23,2022-06-27,2,up,flat,0.053223237127355195,0.6552138482647303,0.2915629146079148
Alphabet Inc.,2022-06-24,2022-06-28,2,flat,flat,0.049590990139389106,0.7457626563964106,0.20464635346420038
Alphabet Inc.,2022-06-27,2022-06-29,2,down,flat,0.0731658932628639,0.7294262542298214,0.197407852507315
Alphabet Inc.,2022-06-28,2022-06-30,2,down,flat,0.10268187756507048,0.7028472946778241,0.19447082775710556
Alphabet Inc.,2022-06-29,2022-07-01,2,flat,flat,0.09296735912393815,0.6529460837413203,0.25408655713474143
Alphabet Inc.,2022-06-30,2022-07-05,2,flat,flat,0.08709095795968302,0.5686094854381101,0.344299556602207
Alphabet Inc.,2022-07-01,2022-07-06,2,up,flat,0.07912420691145408,0.6233792074670015,0.29749658562154435
Alphabet Inc.,2022-07-05,2022-07-07,2,up,flat,0.07938843055421754,0.6735886782005113,0.24702289124527152
Alphabet Inc.,2022-07-06,2022-07-08,2,up,flat,0.08853964721854535,0.5949990143349507,0.3164613384465038
Alphabet Inc.,2022-07-07,2022-07-11,2,flat,flat,0.06218024247250413,0.7169101402529451,0.22090961727455125
Alphabet Inc.,2022-07-08,2022-07-12,2,flat,flat,0.06570015830201062,0.7462293123555662,0.18807052934242363
Alphabet Inc.,2022-07-11,2022-07-13,2,down,flat,0.09922097181907676,0.717172680327095,0.18360634785382857
Alphabet Inc.,2022-07-12,2022-07-14,2,down,flat,0.1137756145979396,0.6705615905014739,0.2156627949005865
Alphabet Inc.,2022-07-13,2022-07-15,2,flat,flat,0.08122140975074235,0.5690546551779359,0.3497239350713219
Alphabet Inc.,2022-07-14,2022-07-18,2,flat,flat,0.08305092835233277,0.6150273000874725,0.30192177156019473
Alphabet Inc.,2022-07-15,2022-07-19,2,flat,flat,0.057623166739212535,0.6927769193341091,0.24959991392667866
Alphabet Inc.,2022-07-18,2022-07-20,2,flat,flat,0.07946184216543234,0.6308589903047621,0.28967916752980566
Alphabet Inc.,2022-07-19,2022-07-21,2,flat,flat,0.059492998789509,0.6631004228703403,0.2774065783401507
Alphabet Inc.,2022-07-20,2022-07-22,2,down,flat,0.05704332035635147,0.5761373831074539,0.3668192965361947
Alphabet Inc.,2022-07-21,2022-07-25,2,down,flat,0.11752726666820232,0.6074093199000189,0.275063413431779
Alphabet Inc.,2022-07-22,2022-07-26,2,flat,flat,0.12793488950804857,0.6372672438526636,0.2347978666392877
Alphabet Inc.,2022-07-25,2022-07-27,2,flat,flat,0.09201686429855363,0.6846883455870777,0.2232947901143688
Alphabet Inc.,2022-07-26,2022-07-28,2,up,flat,0.08035345508088312,0.7641106238933939,0.15553592102572314
Alphabet Inc.,2022-07-27,2022-07-29,2,flat,flat,0.10325457170903096,0.6798745454192511,0.21687088287171796
Alphabet Inc.,2022-07-28,2022-08-01,2,flat,flat,0.08785879669401336,0.6112429376097234,0.3008982656962634
Alphabet Inc.,2022-07-29,2022-08-02,2,flat,flat,0.04930184894028136,0.7162921859181068,0.23440596514161197
Alphabet Inc.,2022-08-01,2022-08-03,2,flat,flat,0.05034877170779084,0.7488274489831013,0.20082377930910858
Alphabet Inc.,2022-08-02,2022-08-04,2,flat,flat,0.10844192066602436,0.713563819150244,0.17799426018373185
Alphabet Inc.,2022-08-03,2022-08-05,2,flat,flat,0.08566639194315515,0.6930175719926155,0.22131603606422992
Alphabet Inc.,2022-08-04,2022-08-08,2,flat,flat,0.06129292649853468,0.717984135848711,0.22072293765275494
Alphabet Inc.,2022-08-05,2022-08-09,2,flat,flat,0.09227641558024108,0.6188140030551772,0.2889095813645819
Alphabet Inc.,2022-08-08,2022-08-10,2,flat,flat,0.0778961168837498,0.6460279405750097,0.2760759425412405
Alphabet Inc.,2022-08-09,2022-08-11,2,flat,flat,0.12854614753587326,0.6059639360641442,0.26548991639998265
Alphabet Inc.,2022-08-10,2022-08-12,2,flat,flat,0.06640980444534758,0.6239595160013971,0.3096306795532555
Alphabet Inc.,2022-08-11,2022-08-15,2,flat,flat,0.05884247985279834,0.6811058444254405,0.2600516757217612
Alphabet Inc.,2022-08-12,2022-08-16,2,flat,flat,0.05038827068198493,0.8165270481743913,0.13308468114362423
Alphabet Inc.,2022-08-15,2022-08-17,2,flat,flat,0.050959475520681634,0.7761885613700364,0.17285196310928208
Alphabet Inc.,2022-08-16,2022-08-18,2,flat,flat,0.09775979737209685,0.8278396741518458,0.07440052847605737
Alphabet Inc.,2022-08-17,2022-08-19,2,flat,flat,0.12151217729367474,0.6689596835487405,0.2095281391575849
Alphabet Inc.,2022-08-18,2022-08-22,2,down,flat,0.11492874178105485,0.651879043301257,0.23319221491768816
Alphabet Inc.,2022-08-19,2022-08-23,2,down,flat,0.12114662357249903,0.5173757230702568,0.361477653357244
Alphabet Inc.,2022-08-22,2022-08-24,2,flat,flat,0.13035923246858558,0.5915094672971253,0.27813130023428917
Alphabet Inc.,2022-08-23,2022-08-25,2,flat,flat,0.09960313233774387,0.6476162067792768,0.2527806608829794
Alphabet Inc.,2022-08-24,2022-08-26,2,flat,flat,0.08207082992938763,0.670123693758444,0.24780547631216845
Alphabet Inc.,2022-08-25,2022-08-29,2,down,flat,0.06299066322476085,0.6537682714772788,0.28324106529796067
Alphabet Inc.,2022-08-26,2022-08-30,2,down,flat,0.11491275666603298,0.6109044055637658,0.27418283777020114
Alphabet Inc.,2022-08-29,2022-08-31,2,flat,flat,0.11827122642252512,0.6242102754009529,0.25751849817652195
Alphabet Inc.,2022-08-30,2022-09-01,2,flat,flat,0.11274857751754633,0.6261759544653016,0.26107546801715226
Alphabet Inc.,2022-08-31,2022-09-02,2,flat,flat,0.09356880312447594,0.7159161258464971,0.1905150710290274
Alphabet Inc.,2022-09-01,2022-09-06,2,flat,flat,0.08443084907924062,0.6844573848978378,0.23111176602292174
Alphabet Inc.,2022-09-02,2022-09-07,2,flat,flat,0.0832826428574454,0.7186519214352792,0.19806543570727544
Alphabet Inc.,2022-09-06,2022-09-08,2,flat,flat,0.13336095310341534,0.689347403485903,0.17729164341068213
Alphabet Inc.,2022-09-07,2022-09-09,2,flat,flat,0.06355914057987126,0.6992270791582689,0.23721378026186005
Alphabet Inc.,2022-09-08,2022-09-12,2,flat,flat,0.07363429569678409,0.7135654715780869,0.2128002327251294
Alphabet Inc.,2022-09-09,2022-09-13,2,down,flat,0.03805212394076944,0.6746444429509272,0.2873034331083037
Alphabet Inc.,2022-09-12,2022-09-14,2,down,flat,0.028255319666978293,0.6394960498037837,0.33224863052923786
Alphabet Inc.,2022-09-13,2022-09-15,2,flat,flat,0.10078291347381291,0.7055660904376104,0.19365099608857717
Alphabet Inc.,2022-09-14,2022-09-16,2,flat,flat,0.11521743775664418,0.6591832415100412,0.22559932073331462
Alphabet Inc.,2022-09-15,2022-09-19,2,flat,flat,0.09624457022196571,0.7015399386452223,0.20221549113281223
Alphabet Inc.,2022-09-16,2022-09-20,2,flat,flat,0.07066306776261999,0.7481459774589055,0.18119095477847488
Alphabet Inc.,2022-09-19,2022-09-21,2,flat,flat,0.09205550956268761,0.7368070050979384,0.17113748533937437
Alphabet Inc.,2022-09-20,2022-09-22,2,flat,flat,0.07386565953986077,0.7520002554253385,0.17413408503480102
Alphabet Inc.,2022-09-21,2022-09-23,2,flat,flat,0.07688332441728175,0.7520828824261545,0.17103379315656408
Alphabet Inc.,2022-09-22,2022-09-26,2,flat,flat,0.0789200530643335,0.7449593614777312,0.17612058545793563
Alphabet Inc.,2022-09-23,2022-09-27,2,flat,flat,0.08437812353386218,0.7257957317514275,0.18982614471471063
Alphabet Inc.,2022-09-26,2022-09-28,2,flat,flat,0.08119593300880108,0.6918149191028188,0.22698914788838057
Alphabet Inc.,2022-09-27,2022-09-29,2,flat,flat,0.09842155388875394,0.6452492856823717,0.25632916042887466
Alphabet Inc.,2022-09-28,2022-09-30,2,flat,flat,0.06993937149293852,0.6743088552432472,0.2557517732638144
Alphabet Inc.,2022-09-29,2022-10-03,2,flat,flat,0.07174965636308761,0.6666285223363729,0.2616218213005398
Alphabet Inc.,2022-09-30,2022-10-04,2,up,flat,0.07347293639691048,0.6592719947967951,0.26725506880629474
Alphabet Inc.,2022-10-03,2022-10-05,2,up,flat,0.0677474457615669,0.6081361318957184,0.32411642234271487
Alphabet Inc.,2022-10-04,2022-10-06,2,flat,flat,0.09836051320971011,0.515683601724125,0.38595588506616496
Alphabet Inc.,2022-10-05,2022-10-07,2,flat,flat,0.07202466535376889,0.6308952487248873,0.2970800859213437
Alphabet Inc.,2022-10-06,2022-10-10,2,down,flat,0.04526074348676921,0.6589974762339572,0.2957417802792739
Alphabet Inc.,2022-10-07,2022-10-11,2,flat,flat,0.08710829269254244,0.6609982507672549,0.2518934565402028
Alphabet Inc.,2022-10-10,2022-10-12,2,flat,flat,0.07703085633672728,0.6274326327956933,0.29553651086757937
Alphabet Inc.,2022-10-11,2022-10-13,2,flat,flat,0.10431473249356554,0.5186904169479783,0.37699485055845616
Alphabet Inc.,2022-10-12,2022-10-14,2,flat,flat,0.08065578147671407,0.5759965635161586,0.3433476550071275
Alphabet Inc.,2022-10-13,2022-10-17,2,flat,flat,0.0914881409460817,0.5327787302242244,0.37573312882969406
Alphabet Inc.,2022-10-14,2022-10-18,2,up,flat,0.05806862508830484,0.4923331473357136,0.44959822757598156
Alphabet Inc.,2022-10-17,2022-10-19,2,flat,flat,0.040780066882925146,0.5552951775772038,0.40392475553987106
Alphabet Inc.,2022-10-18,2022-10-20,2,flat,flat,0.04778936833750283,0.639467611913016,0.31274301974948154
Alphabet Inc.,2022-10-19,2022-10-21,2,flat,flat,0.0750642134341072,0.6523862559914355,0.27254953057445747
Alphabet Inc.,2022-10-20,2022-10-24,2,flat,flat,0.05851182417485897,0.6510386427410494,0.29044953308409194
Alphabet Inc.,2022-10-21,2022-10-25,2,up,flat,0.07601338700481394,0.6479104338328608,0.2760761791623252
Alphabet Inc.,2022-10-24,2022-10-26,2,down,flat,0.037886397592870755,0.5251617342928924,0.43695186811423686
Alphabet Inc.,2022-10-25,2022-10-27,2,down,flat,0.04051106727675184,0.5010705816494518,0.45841835107379647
Alphabet Inc.,2022-10-26,2022-10-28,2,flat,flat,0.08475394412365439,0.5777908778514721,0.33745517802487357
Alphabet Inc.,2022-10-27,2022-10-31,2,flat,flat,0.09288815898029183,0.6671647381009435,0.2399471029187648
Alphabet Inc.,2022-10-28,2022-11-01,2,flat,flat,0.11736083526531678,0.6548419293499953,0.2277972353846879
Alphabet Inc.,2022-10-31,2022-11-02,2,down,flat,0.08339508970971127,0.6663414134609864,0.2502634968293026
Alphabet Inc.,2022-11-01,2022-11-03,2,down,flat,0.10046684741822495,0.7351324042740022,0.1644007483077732
Alphabet Inc.,2022-11-02,2022-11-04,2,flat,flat,0.09194248688662306,0.748493584088719,0.15956392902465835
Alphabet Inc.,2022-11-03,2022-11-07,2,flat,flat,0.08700027122742843,0.7658988502114151,0.1471008785611567
Alphabet Inc.,2022-11-04,2022-11-08,2,flat,flat,0.19808732048553718,0.6373134260974471,0.16459925341701567
Alphabet Inc.,2022-11-07,2022-11-09,2,flat,flat,0.19766184470871495,0.6108316692240792,0.19150648606720594
Alphabet Inc.,2022-11-08,2022-11-10,2,up,flat,0.10617985229575425,0.6789940072471836,0.21482614045706255
Alphabet Inc.,2022-11-09,2022-11-11,2,up,flat,0.12721320122105864,0.6748285410589885,0.1979582577199533
Alphabet Inc.,2022-11-10,2022-11-14,2,flat,flat,0.0730361011662734,0.7706476878074346,0.1563162110262919
Alphabet Inc.,2022-11-11,2022-11-15,2,flat,flat,0.06993141787306692,0.7662702946370229,0.1637982874899102
Alphabet Inc.,2022-11-14,2022-11-16,2,flat,flat,0.06919702682647812,0.8014648667817872,0.12933810639173499
Alphabet Inc.,2022-11-15,2022-11-17,2,flat,flat,0.0958996846169269,0.7371311832429278,0.16696913214014553
Alphabet Inc.,2022-11-16,2022-11-18,2,flat,flat,0.08867647028976235,0.7749374375192832,0.13638609219095482
Alphabet Inc.,2022-11-17,2022-11-21,2,flat,flat,0.09584010275106447,0.7515325048642315,0.15262739238470438
Alphabet Inc.,2022-11-18,2022-11-22,2,flat,flat,0.08207664203480441,0.6789057571375184,0.23901760082767723
Alphabet Inc.,2022-11-21,2022-11-23,2,flat,flat,0.08255525440773964,0.6368935061000269,0.2805512394922334
Alphabet Inc.,2022-11-22,2022-11-25,2,flat,flat,0.057860771538971824,0.5807560620820604,0.36138316637896756
Alphabet Inc.,2022-11-23,2022-11-28,2,flat,flat,0.046806861376041314,0.6019359607916156,0.35125717783234306
Alphabet Inc.,2022-11-25,2022-11-29,2,flat,flat,0.062067882155976986,0.6760912150837727,0.2618409027602505
Alphabet Inc.,2022-11-28,2022-11-30,2,flat,flat,0.05444429968329765,0.6116152564962324,0.33394044382046983
Alphabet Inc.,2022-11-29,2022-12-01,2,up,flat,0.06081180343328921,0.5870504457546266,0.352137750812084
Alphabet Inc.,2022-11-30,2022-12-02,2,flat,flat,0.06742004635764712,0.6023721787915303,0.33020777485082264
Alphabet Inc.,2022-12-01,2022-12-05,2,flat,flat,0.06850343514689919,0.6280213558232994,0.3034752090298014
Alphabet Inc.,2022-12-02,2022-12-06,2,flat,flat,0.07431375679056716,0.6254165910173372,0.30026965219209584
Alphabet Inc.,2022-12-05,2022-12-07,2,down,flat,0.08101555573247182,0.678464443184032,0.24052000108349644
Alphabet Inc.,2022-12-06,2022-12-08,2,down,flat,0.11255198209133888,0.6187336772422788,0.26871434066638233
Alphabet Inc.,2022-12-07,2022-12-09,2,flat,flat,0.06663324730038664,0.5560740179737064,0.3772927347259071
Alphabet Inc.,2022-12-08,2022-12-12,2,flat,flat,0.07135702428474708,0.6532729443030689,0.2753700314121838
Alphabet Inc.,2022-12-09,2022-12-13,2,up,flat,0.05284072942283813,0.642935330202958,0.30422394037420386
Alphabet Inc.,2022-12-12,2022-12-14,2,flat,flat,0.06214612949691075,0.698875874989299,0.23897799551379048
Alphabet Inc.,2022-12-13,2022-12-15,2,down,flat,0.0825747929549523,0.47725220315527106,0.44017300388977665
Alphabet Inc.,2022-12-14,2022-12-16,2,down,flat,0.1041943670740493,0.6438474752629517,0.251958157662999
Alphabet Inc.,2022-12-15,2022-12-19,2,flat,flat,0.07438407433120024,0.7384613806941434,0.18715454497465675
Alphabet Inc.,2022-12-16,2022-12-20,2,flat,flat,0.07331473245042591,0.7290269404066649,0.19765832714290923
Alphabet Inc.,2022-12-19,2022-12-21,2,flat,flat,0.1001114977776279,0.7106705897449259,0.18921791247744613
Alphabet Inc.,2022-12-20,2022-12-22,2,flat,flat,0.0792711427897071,0.7572071462063008,0.16352171100399246
Alphabet Inc.,2022-12-21,2022-12-23,2,flat,flat,0.08509458983827034,0.7305077882600469,0.1843976219016829
Alphabet Inc.,2022-12-22,2022-12-27,2,flat,flat,0.08934416775954603,0.7574947945044553,0.15316103773599898
Alphabet Inc.,2022-12-23,2022-12-28,2,flat,flat,0.07379728471003263,0.7189975536883796,0.20720516160158778
Alphabet Inc.,2022-12-27,2022-12-29,2,flat,flat,0.12443550988747326,0.7090552461325682,0.16650924397995873
Alphabet Inc.,2022-12-28,2022-12-30,2,flat,flat,0.11716533204095858,0.705620303824858,0.17721436413418346
Alphabet Inc.,2022-12-29,2023-01-03,2,flat,flat,0.061828803439184475,0.7086130107844762,0.22955818577633946
Alphabet Inc.,2022-12-30,2023-01-04,2,flat,flat,0.09584746683278107,0.6672609951336009,0.2368915380336185
Alphabet Inc.,2023-01-03,2023-01-05,2,flat,flat,0.042641210222421934,0.5787338449443096,0.3786249448332685
Alphabet Inc.,2023-01-04,2023-01-06,2,flat,flat,0.08998276285889029,0.6410157060470807,0.26900153109402913
Alphabet Inc.,2023-01-05,2023-01-09,2,flat,flat,0.12701907489957937,0.6680894118239226,0.20489151327649816
Alphabet Inc.,2023-01-06,2023-01-10,2,flat,flat,0.10054120645135214,0.689211363480186,0.21024743006846208
Alphabet Inc.,2023-01-09,2023-01-11,2,flat,flat,0.04241738391997525,0.602283439007636,0.3552991770723887
Alphabet Inc.,2023-01-10,2023-01-12,2,up,flat,0.06997120951426901,0.5600126651785708,0.3700161253071602
Alphabet Inc.,2023-01-11,2023-01-13,2,flat,flat,0.07859642979846314,0.5784066556609081,0.34299691454062875
Alphabet Inc.,2023-01-12,2023-01-17,2,flat,flat,0.07586267613885762,0.7078122562612813,0.21632506759986111
Alphabet Inc.,2023-01-13,2023-01-18,2,flat,flat,0.10924231720540456,0.7234076507184598,0.16735003207613605
Alphabet Inc.,2023-01-17,2023-01-19,2,flat,flat,0.12373376583579379,0.6264158534305695,0.2498503807336372
Alphabet Inc.,2023-01-18,2023-01-20,2,up,flat,0.12432357412260817,0.6605802043968504,0.2150962214805418
Alphabet Inc.,2023-01-19,2023-01-23,2,up,flat,0.09702673993921772,0.5236794969629465,0.37929376309783597
Alphabet Inc.,2023-01-20,2023-01-24,2,flat,flat,0.10655804259762332,0.6990313370887584,0.19441062031361844
Alphabet Inc.,2023-01-23,2023-01-25,2,down,flat,0.10581357303580947,0.6827702190159556,0.21141620794823507
Alphabet Inc.,2023-01-24,2023-01-26,2,flat,flat,0.1038378746203828,0.7505890715876318,0.14557305379198546
Alphabet Inc.,2023-01-25,2023-01-27,2,up,flat,0.13086228270997338,0.707458244846257,0.16167947244376946
Alphabet Inc.,2023-01-26,2023-01-30,2,flat,flat,0.10114398909618787,0.6969820303405264,0.2018739805632859
Alphabet Inc.,2023-01-27,2023-01-31,2,flat,flat,0.027651719746432216,0.6092633703391823,0.3630849099143856
Alphabet Inc.,2023-01-30,2023-02-01,2,flat,flat,0.06285793608668824,0.5992163604880106,0.33792570342530104
Alphabet Inc.,2023-01-31,2023-02-02,2,up,flat,0.02237368098830352,0.6213827966776206,0.35624352233407597
Alphabet Inc.,2023-02-01,2023-02-03,2,up,flat,0.04645020068114169,0.769310800505036,0.18423899881382277
Alphabet Inc.,2023-02-02,2023-02-06,2,down,flat,0.04091459076491622,0.8760864565050737,0.0829989527300102
Alphabet Inc.,2023-02-03,2023-02-07,2,flat,flat,0.06777674846885658,0.8722056640329378,0.060017587498205814
Alphabet Inc.,2023-02-06,2023-02-08,2,flat,flat,0.0667209663105946,0.8748044740318602,0.05847455965754531
Alphabet Inc.,2023-02-07,2023-02-09,2,down,flat,0.0642290622651447,0.8442516626244987,0.09151927511035682
Alphabet Inc.,2023-02-08,2023-02-10,2,down,flat,0.09865472534062372,0.7436419246903756,0.15770334996900076
Alphabet Inc.,2023-02-09,2023-02-13,2,flat,flat,0.0700183589441208,0.73372079335563,0.19626084770024957
Alphabet Inc.,2023-02-10,2023-02-14,2,flat,flat,0.05076961882285002,0.814313829352615,0.13491655182453552
Alphabet Inc.,2023-02-13,2023-02-15,2,flat,flat,0.0548524071942491,0.8433091034369186,0.10183848936883225
Alphabet Inc.,2023-02-14,2023-02-16,2,flat,flat,0.047683823994856364,0.834492889597214,0.11782328640792991
Alphabet Inc.,2023-02-15,2023-02-17,2,flat,flat,0.038820159679535414,0.7990460435548595,0.16213379676560485
Alphabet Inc.,2023-02-16,2023-02-21,2,flat,flat,0.03175980693239309,0.7955834074515694,0.17265678561603778
Alphabet Inc.,2023-02-17,2023-02-22,2,flat,flat,0.07130721174714769,0.7921032882790915,0.13658949997376107
Alphabet Inc.,2023-02-21,2023-02-23,2,flat,flat,0.10773729215675487,0.737325523354815,0.15493718448843047
Alphabet Inc.,2023-02-22,2023-02-24,2,flat,flat,0.08223890822616645,0.7230035817442616,0.19475751002957206
Alphabet Inc.,2023-02-23,2023-02-27,2,flat,flat,0.0765651223973033,0.7488662752380719,0.17456860236462476
Alphabet Inc.,2023-02-24,2023-02-28,2,flat,flat,0.09777391063872776,0.7413179451728054,0.16090814418846702
Alphabet Inc.,2023-02-27,2023-03-01,2,flat,flat,0.10523277657480902,0.733427957799393,0.16133926562579806
Alphabet Inc.,2023-02-28,2023-03-02,2,flat,flat,0.10035328563266707,0.7390549721212334,0.16059174224609965
Alphabet Inc.,2023-03-01,2023-03-03,2,up,flat,0.0729627295456271,0.6820375035119861,0.24499976694238712
Alphabet Inc.,2023-03-02,2023-03-06,2,up,flat,0.05036049526590935,0.6929089540337672,0.25673055070032375
Alphabet Inc.,2023-03-03,2023-03-07,2,flat,flat,0.05260022434552064,0.7254909945211376,0.22190878113334214
Alphabet Inc.,2023-03-06,2023-03-08,2,flat,flat,0.0343451562103298,0.7290270565995383,0.23662778719013225
Alphabet Inc.,2023-03-07,2023-03-09,2,flat,flat,0.06920979121148861,0.7286002996704706,0.20218990911804102
Alphabet Inc.,2023-03-08,2023-03-10,2,down,flat,0.07264157204530285,0.7100963294519783,0.21726209850271896
Alphabet Inc.,2023-03-09,2023-03-13,2,down,flat,0.11261148622324697,0.6065754393944739,0.28081307438227926
Alphabet Inc.,2023-03-10,2023-03-14,2,flat,flat,0.09454773338970009,0.48718214139902194,0.418270125211278
Alphabet Inc.,2023-03-13,2023-03-15,2,up,flat,0.0805133755901914,0.4866457219286772,0.43284090248113144
Alphabet Inc.,2023-03-14,2023-03-16,2,up,up,0.037077234811557946,0.3698084451802183,0.5931143200082238
Alphabet Inc.,2023-03-15,2023-03-17,2,up,up,0.045223587675740834,0.42012396131675694,0.5346524510075021
Alphabet Inc.,2023-03-16,2023-03-20,2,up,flat,0.10135768380638992,0.6488099250108526,0.24983239118275763
Alphabet Inc.,2023-03-17,2023-03-21,2,flat,flat,0.12319905049787257,0.6723923795642557,0.20440856993787165
Alphabet Inc.,2023-03-20,2023-03-22,2,up,flat,0.07631019003689361,0.7705651577020363,0.15312465226107
Alphabet Inc.,2023-03-21,2023-03-23,2,flat,flat,0.11467199770815908,0.657717116337425,0.22761088595441606
Alphabet Inc.,2023-03-22,2023-03-24,2,flat,flat,0.13473044506931914,0.6655894758447027,0.19968007908597837
Alphabet Inc.,2023-03-23,2023-03-27,2,flat,flat,0.08025357187297445,0.8233000270108729,0.09644640111615262
Alphabet Inc.,2023-03-24,2023-03-28,2,down,flat,0.12496402107213982,0.7956440133949372,0.07939196553292285
Alphabet Inc.,2023-03-27,2023-03-29,2,flat,flat,0.12233304617740628,0.742256789254971,0.13541016456762334
Alphabet Inc.,2023-03-28,2023-03-30,2,flat,flat,0.10830874934663966,0.6343600439602812,0.25733120669307913
Alphabet Inc.,2023-03-29,2023-03-31,2,flat,flat,0.03497992361417242,0.7607046155443687,0.2043154608414592
Alphabet Inc.,2023-03-30,2023-04-03,2,flat,flat,0.0786153688077014,0.6580897952475426,0.2632948359447564
Alphabet Inc.,2023-03-31,2023-04-04,2,flat,flat,0.049253180048106485,0.64736491067451,0.30338190927738345
Alphabet Inc.,2023-04-03,2023-04-05,2,flat,flat,0.04533687578205549,0.6270661303025996,0.32759699391534497
Alphabet Inc.,2023-04-04,2023-04-06,2,flat,flat,0.07198461923890491,0.729362705674913,0.19865267508618245
Alphabet Inc.,2023-04-05,2023-04-10,2,flat,flat,0.046397252668654056,0.820637343579227,0.13296540375211927
Alphabet Inc.,2023-04-06,2023-04-11,2,flat,flat,0.043540543440550715,0.8007886755454564,0.15567078101399343
Alphabet Inc.,2023-04-10,2023-04-12,2,flat,flat,0.10619862649710184,0.8010260438878329,0.09277532961506539
Alphabet Inc.,2023-04-11,2023-04-13,2,flat,flat,0.1336143420781764,0.7947679488112144,0.07161770911060916
Alphabet Inc.,2023-04-12,2023-04-14,2,flat,flat,0.1612450332730128,0.7022724074205992,0.13648255930638814
Alphabet Inc.,2023-04-13,2023-04-17,2,flat,flat,0.0523498497414331,0.7863746456576652,0.1612755046009019
Alphabet Inc.,2023-04-14,2023-04-18,2,flat,flat,0.05140517648620472,0.7050227939733459,0.2435720295404497
Alphabet Inc.,2023-04-17,2023-04-19,2,flat,flat,0.16522819966562374,0.6616019304201353,0.17316986991424124
Alphabet Inc.,2023-04-18,2023-04-20,2,flat,flat,0.11577725596863503,0.7632516453583582,0.12097109867300655
Alphabet Inc.,2023-04-19,2023-04-21,2,flat,flat,0.11994284431609324,0.7354160786526175,0.14464107703128953
Alphabet Inc.,2023-04-20,2023-04-24,2,flat,flat,0.03285158666156447,0.8259988998822142,0.14114951345622145
Alphabet Inc.,2023-04-21,2023-04-25,2,flat,flat,0.028799285519818935,0.85457851063472,0.11662220384546103
Alphabet Inc.,2023-04-24,2023-04-26,2,flat,flat,0.02992007473403411,0.7685056911638365,0.20157423410212957
Alphabet Inc.,2023-04-25,2023-04-27,2,flat,flat,0.04432475461443806,0.8802795244863639,0.07539572089919801
Alphabet Inc.,2023-04-26,2023-04-28,2,flat,flat,0.03420350164215194,0.9003393580331214,0.06545714032472684
Alphabet Inc.,2023-04-27,2023-05-01,2,flat,flat,0.04366574788569306,0.7560346329376482,0.20029961917665895
Alphabet Inc.,2023-04-28,2023-05-02,2,flat,flat,0.04570463602238441,0.7248993157376009,0.22939604824001486
Alphabet Inc.,2023-05-01,2023-05-03,2,flat,flat,0.06823222084898198,0.7150758234557535,0.21669195569526484
Alphabet Inc.,2023-05-02,2023-05-04,2,flat,flat,0.07373245179268051,0.7977722903006055,0.12849525790671437
Alphabet Inc.,2023-05-03,2023-05-05,2,flat,flat,0.04653305232158744,0.8046538365308327,0.14881311114758028
Alphabet Inc.,2023-05-04,2023-05-08,2,flat,flat,0.040280401711281985,0.8427089260145912,0.11701067227412702
Alphabet Inc.,2023-05-05,2023-05-09,2,up,flat,0.007039351397017455,0.8625978996788853,0.13036274892409738
Alphabet Inc.,2023-05-08,2023-05-10,2,up,flat,0.03761388006559421,0.6618715806549872,0.3005145392794188
Alphabet Inc.,2023-05-09,2023-05-11,2,up,flat,0.09008149600277457,0.620087896226497,0.2898306077707284
Alphabet Inc.,2023-05-10,2023-05-12,2,up,flat,0.032110260311552404,0.6606082404333188,0.3072814992551288
Alphabet Inc.,2023-05-11,2023-05-15,2,flat,flat,0.04487496609078053,0.7291674374607875,0.2259575964484322
Alphabet Inc.,2023-05-12,2023-05-16,2,flat,flat,0.04494651013804792,0.7988365843916811,0.15621690547027145
Alphabet Inc.,2023-05-15,2023-05-17,2,up,flat,0.10150220216347469,0.8174565438933749,0.08104125394315019
Alphabet Inc.,2023-05-16,2023-05-18,2,up,flat,0.07383663120603362,0.8198548274957699,0.10630854129819661
Alphabet Inc.,2023-05-17,2023-05-19,2,up,flat,0.1082124931154487,0.7808099877892566,0.11097751909529477
Alphabet Inc.,2023-05-18,2023-05-22,2,flat,flat,0.12146820875296667,0.8023150996802734,0.07621669156675989
Alphabet Inc.,2023-05-19,2023-05-23,2,flat,flat,0.1609087259255284,0.7729908378747534,0.06610043619971816
Alphabet Inc.,2023-05-22,2023-05-24,2,down,flat,0.13763528790839158,0.8094449572493859,0.052919754842222645
Alphabet Inc.,2023-05-23,2023-05-25,2,flat,flat,0.25893658295577415,0.6978955695056471,0.043167847538578316
Alphabet Inc.,2023-05-24,2023-05-26,2,flat,flat,0.23730923912067436,0.6524114371080961,0.11027932377122983
Alphabet Inc.,2023-05-25,2023-05-30,2,flat,flat,0.1738325695491819,0.7022183406725506,0.12394908977826753
Alphabet Inc.,2023-05-26,2023-05-31,2,flat,flat,0.23185543398262454,0.674512057569295,0.09363250844807991
Alphabet Inc.,2023-05-30,2023-06-01,2,flat,flat,0.2209418813427763,0.6854234164733568,0.09363470218386663
Alphabet Inc.,2023-05-31,2023-06-02,2,flat,flat,0.2679821971965637,0.5780402242421897,0.1539775785612466
Alphabet Inc.,2023-06-01,2023-06-05,2,flat,flat,0.22453140452245804,0.65720645490775,0.11826214056979176
Alphabet Inc.,2023-06-02,2023-06-06,2,flat,flat,0.24164003900016773,0.6332581114308367,0.12510184956899545
Alphabet Inc.,2023-06-05,2023-06-07,2,flat,flat,0.2206489245906401,0.6447828937159469,0.13456818169341295
Alphabet Inc.,2023-06-06,2023-06-08,2,down,flat,0.191966183868251,0.6790871804714024,0.1289466356603463
Alphabet Inc.,2023-06-07,2023-06-09,2,flat,flat,0.23434196778134087,0.6153962788434066,0.1502617533752526
Alphabet Inc.,2023-06-08,2023-06-12,2,flat,flat,0.2741537400918314,0.5309684658028186,0.19487779410534994
Alphabet Inc.,2023-06-09,2023-06-13,2,flat,flat,0.22076770190564615,0.6459358514512232,0.1332964466431306
Alphabet Inc.,2023-06-12,2023-06-14,2,flat,flat,0.20456013786134666,0.6315886757805228,0.16385118635813076
Alphabet Inc.,2023-06-13,2023-06-15,2,flat,flat,0.2315475721975633,0.6094967736960087,0.15895565410642812
Alphabet Inc.,2023-06-14,2023-06-16,2,flat,flat,0.2623634032694552,0.5410657341674378,0.1965708625631071
Alphabet Inc.,2023-06-15,2023-06-20,2,flat,flat,0.16325290370156678,0.6706624864279566,0.16608460987047657
Alphabet Inc.,2023-06-16,2023-06-21,2,down,flat,0.1584551528659931,0.6784756187630926,0.1630692283709142
Alphabet Inc.,2023-06-20,2023-06-22,2,flat,flat,0.21393338650643273,0.6101950769612169,0.17587153653235038
Alphabet Inc.,2023-06-21,2023-06-23,2,flat,flat,0.12855447652337323,0.6223468228193745,0.24909870065725243
Alphabet Inc.,2023-06-22,2023-06-26,2,flat,flat,0.11022106858022307,0.6602572178727307,0.22952171354704629
Alphabet Inc.,2023-06-23,2023-06-27,2,down,flat,0.09392830549022448,0.6772133324882128,0.22885836202156273
Alphabet Inc.,2023-06-26,2023-06-28,2,flat,flat,0.08391934957750807,0.6650276369525793,0.25105301346991266
Alphabet Inc.,2023-06-27,2023-06-29,2,flat,flat,0.09583762810500795,0.641738783703978,0.262423588191014
Alphabet Inc.,2023-06-28,2023-06-30,2,flat,flat,0.09421996444763321,0.6629317118918227,0.24284832366054443
Alphabet Inc.,2023-06-29,2023-07-03,2,flat,flat,0.08599572295985788,0.6441078374786642,0.2698964395614781
Alphabet Inc.,2023-06-30,2023-07-05,2,flat,flat,0.08873916234259104,0.5669586576389026,0.34430218001850627
Alphabet Inc.,2023-07-03,2023-07-06,2,flat,flat,0.09203364661453312,0.628913491873094,0.2790528615123732
Alphabet Inc.,2023-07-05,2023-07-07,2,flat,flat,0.05502404281738791,0.6185787230891379,0.3263972340934744
Alphabet Inc.,2023-07-06,2023-07-10,2,flat,flat,0.06507792178571047,0.6359971748934514,0.29892490332083804
Alphabet Inc.,2023-07-07,2023-07-11,2,down,flat,0.059124882626752,0.6787783434201892,0.262096773953059
Alphabet Inc.,2023-07-10,2023-07-12,2,flat,flat,0.09432382138472332,0.6237704370506192,0.28190574156465753
Alphabet Inc.,2023-07-11,2023-07-13,2,up,flat,0.10595097463496903,0.6053433376028139,0.2887056877622172
Alphabet Inc.,2023-07-12,2023-07-14,2,up,flat,0.09092979069508633,0.5876257414952143,0.32144446780969943
Alphabet Inc.,2023-07-13,2023-07-17,2,flat,flat,0.1059908857263488,0.5245947453315951,0.36941436894205615
Alphabet Inc.,2023-07-14,2023-07-18,2,flat,flat,0.05326914449995578,0.7248935971726768,0.22183725832736767
Alphabet Inc.,2023-07-17,2023-07-19,2,flat,flat,0.059308721129724164,0.7692524178891752,0.17143886098110112
Alphabet Inc.,2023-07-18,2023-07-20,2,down,flat,0.09416402140410592,0.7056400785165501,0.2001959000793442
Alphabet Inc.,2023-07-19,2023-07-21,2,down,flat,0.1266275617236845,0.6453839650399041,0.22798847323641153
Alphabet Inc.,2023-07-20,2023-07-24,2,flat,flat,0.07572372738524587,0.4932811440116553,0.4309951286030988
Alphabet Inc.,2023-07-21,2023-07-25,2,flat,flat,0.07705098455240479,0.49628393680259686,0.42666507864499864
Alphabet Inc.,2023-07-24,2023-07-26,2,up,flat,0.06907162461260194,0.5181561762694558,0.4127721991179425
Alphabet Inc.,2023-07-25,2023-07-27,2,up,flat,0.06230731268955807,0.547822524461657,0.38987016284878495
Alphabet Inc.,2023-07-26,2023-07-28,2,flat,flat,0.07040909493938162,0.7221940428669146,0.20739686219370435
Alphabet Inc.,2023-07-27,2023-07-31,2,flat,flat,0.06964615433212618,0.7516934876442637,0.17866035802361072
Alphabet Inc.,2023-07-28,2023-08-01,2,flat,flat,0.07382276139566703,0.7841788758899634,0.1419983627143699
Alphabet Inc.,2023-07-31,2023-08-02,2,down,flat,0.08983771216730302,0.830232851918945,0.07992943591375193
Alphabet Inc.,2023-08-01,2023-08-03,2,flat,flat,0.14429740389655765,0.7681626433091893,0.08753995279425282
Alphabet Inc.,2023-08-02,2023-08-04,2,flat,flat,0.13326866715366892,0.6355271115278412,0.23120422131849
Alphabet Inc.,2023-08-03,2023-08-07,2,flat,flat,0.11434439938613129,0.5968736210915773,0.2887819795222914
Alphabet Inc.,2023-08-04,2023-08-08,2,flat,flat,0.09152007418734653,0.6464425424940976,0.26203738331855614
Alphabet Inc.,2023-08-07,2023-08-09,2,flat,flat,0.10320119560825164,0.5930865997914304,0.3037122046003181
Alphabet Inc.,2023-08-08,2023-08-10,2,flat,flat,0.0882637418773498,0.6886351013597563,0.22310115676289388
Alphabet Inc.,2023-08-09,2023-08-11,2,flat,flat,0.13839248496331064,0.6709376636730535,0.1906698513636361
Alphabet Inc.,2023-08-10,2023-08-14,2,flat,flat,0.08752634783877618,0.720577162033832,0.19189649012739182
Alphabet Inc.,2023-08-11,2023-08-15,2,flat,flat,0.13541542836315135,0.5697378223791677,0.2948467492576808
Alphabet Inc.,2023-08-14,2023-08-16,2,flat,flat,0.07481238535726425,0.5970210452218521,0.32816656942088374
Alphabet Inc.,2023-08-15,2023-08-17,2,flat,flat,0.0916121271363916,0.5418602762844154,0.366527596579193
Alphabet Inc.,2023-08-16,2023-08-18,2,flat,flat,0.15495545511274791,0.42836611539285097,0.416678429494401
Alphabet Inc.,2023-08-17,2023-08-21,2,flat,up,0.07912959206512699,0.40644541852301846,0.5144249894118543
Alphabet Inc.,2023-08-18,2023-08-22,2,flat,flat,0.1286033214267418,0.47506696807309695,0.3963297105001613
Alphabet Inc.,2023-08-21,2023-08-23,2,up,flat,0.09714794577879209,0.5200656537522499,0.3827864004689578
Alphabet Inc.,2023-08-22,2023-08-24,2,up,up,0.08251827832467734,0.45063963059044376,0.4668420910848789
Alphabet Inc.,2023-08-23,2023-08-25,2,flat,flat,0.08984218576792533,0.5047626883261183,0.4053951259059563
Alphabet Inc.,2023-08-24,2023-08-28,2,flat,flat,0.08697534715599751,0.5125904691502925,0.4004341836937098
Alphabet Inc.,2023-08-25,2023-08-29,2,up,flat,0.1464439288550818,0.5467779258831462,0.3067781452617716
Alphabet Inc.,2023-08-28,2023-08-30,2,up,flat,0.0535298324441478,0.5075400648210491,0.4389301027348031
Alphabet Inc.,2023-08-29,2023-08-31,2,flat,flat,0.04855989737542218,0.6906514655347089,0.26078863708986894
Alphabet Inc.,2023-08-30,2023-09-01,2,flat,flat,0.06785172062240717,0.6200873138482167,0.31206096552937596
Alphabet Inc.,2023-08-31,2023-09-05,2,flat,flat,0.08367373363122597,0.781660760428527,0.13466550594024698
Alphabet Inc.,2023-09-01,2023-09-06,2,flat,flat,0.12409954813335969,0.7468835009874318,0.12901695087920842
Alphabet Inc.,2023-09-05,2023-09-07,2,flat,flat,0.21208266605990325,0.69248113186533,0.09543620207476639
Alphabet Inc.,2023-09-06,2023-09-08,2,flat,flat,0.16938665886086945,0.5851649551045697,0.24544838603456076
Alphabet Inc.,2023-09-07,2023-09-11,2,flat,flat,0.1632193520026747,0.5284374741976408,0.3083431737996843
Alphabet Inc.,2023-09-08,2023-09-12,2,flat,flat,0.12009359139612881,0.5338422893138531,0.34606411929001785
Alphabet Inc.,2023-09-11,2023-09-13,2,flat,flat,0.12464864120760014,0.5513897193621539,0.3239616394302458
Alphabet Inc.,2023-09-12,2023-09-14,2,flat,flat,0.1989707325970766,0.5540738602985068,0.24695540710441657
Alphabet Inc.,2023-09-13,2023-09-15,2,flat,flat,0.1439990438842695,0.5783137898500307,0.2776871662656998
Alphabet Inc.,2023-09-14,2023-09-18,2,flat,flat,0.0986406536466894,0.5850637617224074,0.3162955846309032
Alphabet Inc.,2023-09-15,2023-09-19,2,flat,flat,0.15121203108031497,0.5995684682511915,0.24921950066849352
Alphabet Inc.,2023-09-18,2023-09-20,2,flat,flat,0.114048838006963,0.5688246811063035,0.3171264808867337
Alphabet Inc.,2023-09-19,2023-09-21,2,down,flat,0.11176828784501508,0.6102751279541472,0.2779565842008378
Alphabet Inc.,2023-09-20,2023-09-22,2,down,flat,0.11551061322154668,0.543546528143993,0.34094285863446017
Alphabet Inc.,2023-09-21,2023-09-25,2,flat,flat,0.11209645296959389,0.5294731033916272,0.35843044363877874
Alphabet Inc.,2023-09-22,2023-09-26,2,flat,flat,0.10712811266429605,0.545274797427309,0.3475970899083948
Alphabet Inc.,2023-09-25,2023-09-27,2,flat,flat,0.09865364744312094,0.5475375880124118,0.3538087645444671
Alphabet Inc.,2023-09-26,2023-09-28,2,flat,flat,0.1354980815129728,0.4903258713099252,0.37417604717710184
Alphabet Inc.,2023-09-27,2023-09-29,2,up,flat,0.0797754169901486,0.4712935212011319,0.44893106180871944
Alphabet Inc.,2023-09-28,2023-10-02,2,flat,up,0.07909189818019889,0.43195688490804307,0.4889512169117581
Alphabet Inc.,2023-09-29,2023-10-03,2,flat,flat,0.0745674821526754,0.4808866831401938,0.44454583470713066
Alphabet Inc.,2023-10-02,2023-10-04,2,flat,flat,0.0769025812711888,0.5356892597042853,0.3874081590245258
Alphabet Inc.,2023-10-03,2023-10-05,2,flat,flat,0.08410149706614463,0.5943668844079495,0.3215316185259058
Alphabet Inc.,2023-10-04,2023-10-06,2,flat,flat,0.06674527236721894,0.604185968454104,0.3290687591786772
Alphabet Inc.,2023-10-05,2023-10-09,2,flat,flat,0.09682389772439891,0.4540330963434647,0.4491430059321364
Alphabet Inc.,2023-10-06,2023-10-10,2,flat,flat,0.08722094045911427,0.49636992942886965,0.41640913011201597
Alphabet Inc.,2023-10-09,2023-10-11,2,flat,flat,0.05690632837027188,0.6604793733044936,0.28261429832523466
Alphabet Inc.,2023-10-10,2023-10-12,2,flat,flat,0.06255232492842148,0.6510044250080417,0.2864432500635369
Alphabet Inc.,2023-10-11,2023-10-13,2,flat,flat,0.06248152019237738,0.6878112632696819,0.24970721653794065
Alphabet Inc.,2023-10-12,2023-10-16,2,flat,flat,0.10149728822510623,0.7089472470495731,0.1895554647253209
Alphabet Inc.,2023-10-13,2023-10-17,2,flat,flat,0.1848017251267159,0.5894862868703646,0.22571198800291917
Alphabet Inc.,2023-10-16,2023-10-18,2,flat,flat,0.07842254680319276,0.5454079436745705,0.37616950952223677
Alphabet Inc.,2023-10-17,2023-10-19,2,flat,flat,0.08209209284243353,0.5759049281401518,0.3420029790174147
Alphabet Inc.,2023-10-18,2023-10-20,2,flat,flat,0.08809608936568575,0.5707003244628003,0.3412035861715141
Alphabet Inc.,2023-10-19,2023-10-23,2,flat,up,0.12882698323482986,0.42777502221836045,0.44339799454680956
Alphabet Inc.,2023-10-20,2023-10-24,2,flat,up,0.09755596136162897,0.4475939916325416,0.4548500470058294
Alphabet Inc.,2023-10-23,2023-10-25,2,down,up,0.10453915440028196,0.44650089486052535,0.4489599507391924
Alphabet Inc.,2023-10-24,2023-10-26,2,down,up,0.08439375101343487,0.26626147356455243,0.649344775422013
Alphabet Inc.,2023-10-25,2023-10-27,2,down,flat,0.16006504619840506,0.5461373448975402,0.29379760890405476
Alphabet Inc.,2023-10-26,2023-10-30,2,flat,flat,0.11546991368234381,0.5911179908759698,0.2934120954416862
Alphabet Inc.,2023-10-27,2023-10-31,2,flat,flat,0.11860688500204372,0.599104875321281,0.2822882396766754
Alphabet Inc.,2023-10-30,2023-11-01,2,flat,flat,0.175141320328663,0.5642486406747481,0.26061003899658897
Alphabet Inc.,2023-10-31,2023-11-02,2,flat,flat,0.187417249211404,0.5609751868835051,0.25160756390509087
Alphabet Inc.,2023-11-01,2023-11-03,2,flat,flat,0.12615162130952978,0.6268420900875448,0.2470062886029254
Alphabet Inc.,2023-11-02,2023-11-06,2,flat,flat,0.06939066175508155,0.7532028956824702,0.17740644256244853
Alphabet Inc.,2023-11-03,2023-11-07,2,flat,flat,0.05638482941060344,0.7623418949661552,0.18127327562324158
Alphabet Inc.,2023-11-06,2023-11-08,2,flat,flat,0.05138482941060343,0.747270445512843,0.20134472507655363
Alphabet Inc.,2023-11-07,2023-11-09,2,flat,flat,0.042623994531418,0.7573369912243538,0.20003901424422835
Alphabet Inc.,2023-11-08,2023-11-10,2,flat,flat,0.04537882484945432,0.7482059863079865,0.20641518884255924
Alphabet Inc.,2023-11-09,2023-11-13,2,flat,flat,0.08197076718519095,0.6861865819520935,0.2318426508627158
Alphabet Inc.,2023-11-10,2023-11-14,2,flat,flat,0.08995530086167927,0.6655041949048308,0.24454050423349025
Alphabet Inc.,2023-11-13,2023-11-15,2,flat,flat,0.08300322641166229,0.6127482334060078,0.3042485401823303
Alphabet Inc.,2023-11-14,2023-11-16,2,flat,flat,0.08968170432782746,0.5901744389583994,0.3201438567137731
Alphabet Inc.,2023-11-15,2023-11-17,2,flat,flat,0.09447152417442156,0.6097639701404819,0.29576450568509655
Alphabet Inc.,2023-11-16,2023-11-20,2,flat,flat,0.07727820948497569,0.7171577161262307,0.20556407438879398
Alphabet Inc.,2023-11-17,2023-11-21,2,flat,flat,0.12795929974405781,0.6669396803517071,0.20510101990423496
Alphabet Inc.,2023-11-20,2023-11-22,2,up,flat,0.11636636067623556,0.5927777021611732,0.29085593716259145
Alphabet Inc.,2023-11-21,2023-11-24,2,flat,flat,0.08602997413838213,0.5646024951610493,0.3493675307005688
Alphabet Inc.,2023-11-22,2023-11-27,2,flat,flat,0.08103398329300264,0.5588632952632071,0.3601027214437903
Alphabet Inc.,2023-11-24,2023-11-28,2,flat,flat,0.1651171480204196,0.504865817393441,0.33001703458613924
Alphabet Inc.,2023-11-27,2023-11-29,2,flat,flat,0.14628691149781842,0.5109250789963063,0.34278800950587496
Alphabet Inc.,2023-11-28,2023-11-30,2,down,flat,0.10168560930529212,0.5012922609662498,0.3970221297284581
Alphabet Inc.,2023-11-29,2023-12-01,2,down,flat,0.08758902328019069,0.46312379795146563,0.4492871787683436
Alphabet Inc.,2023-11-30,2023-12-04,2,down,flat,0.12491838188989744,0.4411716867684413,0.433909931341661
Alphabet Inc.,2023-12-01,2023-12-05,2,flat,flat,0.11605276535334262,0.4692130075071712,0.41473422713948593
Alphabet Inc.,2023-12-04,2023-12-06,2,flat,flat,0.1319061320059771,0.503230146783688,0.3648637212103348
Alphabet Inc.,2023-12-05,2023-12-07,2,up,flat,0.06559718345213583,0.4993765565814781,0.43502625996638605
Alphabet Inc.,2023-12-06,2023-12-08,2,up,flat,0.06935329114986324,0.4835259508018612,0.4471207580482756
Alphabet Inc.,2023-12-07,2023-12-11,2,down,flat,0.116038883418538,0.49341132579472813,0.3905497907867339
Alphabet Inc.,2023-12-08,2023-12-12,2,flat,flat,0.13178617467368048,0.5221571551808019,0.3460566701455176
Alphabet Inc.,2023-12-11,2023-12-13,2,flat,flat,0.13599977578794767,0.49743703639757664,0.3665631878144756
Alphabet Inc.,2023-12-12,2023-12-14,2,flat,flat,0.13135850295267062,0.47763410058135153,0.39100739646597793
Alphabet Inc.,2023-12-13,2023-12-15,2,flat,flat,0.0686149243912176,0.5172825181663869,0.4141025574423955
Alphabet Inc.,2023-12-14,2023-12-18,2,flat,flat,0.12654167443047107,0.446024737045111,0.4274335885244179
Alphabet Inc.,2023-12-15,2023-12-19,2,up,flat,0.11391833011128663,0.48953504144004784,0.39654662844866556
Alphabet Inc.,2023-12-18,2023-12-20,2,up,up,0.0808339009610873,0.44584616430184076,0.47331993473707207
Alphabet Inc.,2023-12-19,2023-12-21,2,flat,flat,0.05987044608201247,0.6501160197169651,0.2900135342010225
Alphabet Inc.,2023-12-20,2023-12-22,2,flat,flat,0.06990215864394252,0.6924107676283237,0.23768707372773393
Alphabet Inc.,2023-12-21,2023-12-26,2,flat,flat,0.07570076070231548,0.7365271807095242,0.18777205858816054
Alphabet Inc.,2023-12-22,2023-12-27,2,flat,flat,0.07872660198301054,0.7287423922591523,0.1925310057578374
Alphabet Inc.,2023-12-26,2023-12-28,2,flat,flat,0.10209325842262486,0.743412533135036,0.1544942084423391
Alphabet Inc.,2023-12-27,2023-12-29,2,flat,flat,0.18050051252072274,0.6022407681990902,0.2172587192801868
Alphabet Inc.,2023-12-28,2024-01-02,2,flat,flat,0.15537521042742747,0.5374005365074249,0.3072242530651474
Alphabet Inc.,2023-12-29,2024-01-03,2,flat,flat,0.12108368720609906,0.4797128054559892,0.39920350733791166
Alphabet Inc.,2024-01-02,2024-01-04,2,flat,up,0.13085178009471166,0.3975376338239871,0.47161058608130124
Alphabet Inc.,2024-01-03,2024-01-05,2,flat,flat,0.08441612136839602,0.4726828502791271,0.44290102835247686
Alphabet Inc.,2024-01-04,2024-01-08,2,flat,up,0.10887121985962299,0.41566213878770775,0.47546664135266914
Alphabet Inc.,2024-01-05,2024-01-09,2,up,flat,0.11702721139613194,0.44584329614316237,0.4371294924607054
Alphabet Inc.,2024-01-08,2024-01-10,2,up,up,0.08375348841613407,0.36414473721684865,0.5521017743670172
Alphabet Inc.,2024-01-09,2024-01-11,2,up,up,0.07383776858180148,0.4106188965732789,0.5155433348449197
Alphabet Inc.,2024-01-10,2024-01-12,2,flat,flat,0.10205951967115735,0.5040795931773606,0.3938608871514818
Alphabet Inc.,2024-01-11,2024-01-16,2,flat,flat,0.05628488166871043,0.7327807631440993,0.21093435518719034
Alphabet Inc.,2024-01-12,2024-01-17,2,flat,flat,0.12258033888477099,0.723309958971288,0.15410970214394076
Alphabet Inc.,2024-01-16,2024-01-18,2,flat,flat,0.11970945088859106,0.7093262425274866,0.1709643065839225
Alphabet Inc.,2024-01-17,2024-01-19,2,up,flat,0.1117046482745132,0.5038371200642668,0.3844582316612196
Alphabet Inc.,2024-01-18,2024-01-22,2,up,up,0.07973765534186343,0.4058795894223814,0.5143827552357552
Alphabet Inc.,2024-01-19,2024-01-23,2,flat,flat,0.1000675155659895,0.5680947985021048,0.3318376859319059
Alphabet Inc.,2024-01-22,2024-01-24,2,flat,flat,0.12399214522188959,0.6974968120794136,0.17851104269869678
Alphabet Inc.,2024-01-23,2024-01-25,2,up,flat,0.20968866117734639,0.6389520210824096,0.15135931774024397
Alphabet Inc.,2024-01-24,2024-01-26,2,up,flat,0.0943270737742864,0.7742692999994009,0.13140362622631294
Alphabet Inc.,2024-01-25,2024-01-29,2,flat,flat,0.09634752929782678,0.7851094186372568,0.11854305206491661
Alphabet Inc.,2024-01-26,2024-01-30,2,flat,flat,0.10002553630866312,0.8044764610766202,0.09549800261471666
Alphabet Inc.,2024-01-29,2024-01-31,2,down,flat,0.09849583758302477,0.7880641133155314,0.11344004910144406
Alphabet Inc.,2024-01-30,2024-02-01,2,down,flat,0.21667147465597547,0.7107048356394214,0.07262368970460253
Alphabet Inc.,2024-01-31,2024-02-02,2,flat,flat,0.185825844508351,0.5387137572569928,0.2754603982346563
Alphabet Inc.,2024-02-01,2024-02-05,2,flat,flat,0.1576076881650361,0.618711392980129,0.2236809188548351
Alphabet Inc.,2024-02-02,2024-02-06,2,up,flat,0.11539716511538678,0.6112346292750953,0.2733682056095179
Alphabet Inc.,2024-02-05,2024-02-07,2,flat,flat,0.10414666557602308,0.597950903523981,0.29790243089999596
Alphabet Inc.,2024-02-06,2024-02-08,2,flat,flat,0.08903867797444366,0.6284760359213308,0.2824852861042256
Alphabet Inc.,2024-02-07,2024-02-09,2,flat,flat,0.06850182038693445,0.6068158513303259,0.32468232828273985
Alphabet Inc.,2024-02-08,2024-02-12,2,flat,flat,0.06216304195610844,0.5889779593743704,0.3488589986695213
Alphabet Inc.,2024-02-09,2024-02-13,2,flat,flat,0.04695115990744284,0.7425727347327309,0.2104761053598262
Alphabet Inc.,2024-02-12,2024-02-14,2,flat,flat,0.0746031560141574,0.6166345156934802,0.30876232829236244
Alphabet Inc.,2024-02-13,2024-02-15,2,flat,flat,0.15717780922494284,0.47531551832241953,0.36750667245263746
Alphabet Inc.,2024-02-14,2024-02-16,2,down,flat,0.08321050579516236,0.5389235677480325,0.37786592645680517
Alphabet Inc.,2024-02-15,2024-02-20,2,flat,flat,0.14132930719840783,0.521777791403524,0.3368929013980682
Alphabet Inc.,2024-02-16,2024-02-21,2,flat,flat,0.11632902956041882,0.5664174506350267,0.3172535198045546
Alphabet Inc.,2024-02-20,2024-02-22,2,flat,flat,0.12219366736144853,0.5637555443624018,0.31405078827614963
Alphabet Inc.,2024-02-21,2024-02-23,2,flat,flat,0.08972950857504543,0.568734861418224,0.34153563000673065
Alphabet Inc.,2024-02-22,2024-02-26,2,down,flat,0.09920090086985343,0.49781071498006063,0.4029883841500861
Alphabet Inc.,2024-02-23,2024-02-27,2,down,flat,0.1555095401759276,0.5037906565270033,0.3406998032970693
Alphabet Inc.,2024-02-26,2024-02-28,2,down,flat,0.1770084234199926,0.5022036877062698,0.32078788887373755
Alphabet Inc.,2024-02-27,2024-02-29,2,flat,flat,0.1630739798821723,0.5184461504190664,0.3184798696987613
Alphabet Inc.,2024-02-28,2024-03-01,2,flat,flat,0.12798239805630993,0.58367637378789,0.2883412281558002
Alphabet Inc.,2024-02-29,2024-03-04,2,down,flat,0.09520163662416409,0.5748481360266027,0.3299502273492334
Alphabet Inc.,2024-03-01,2024-03-05,2,down,flat,0.12261349592145539,0.5551925613935677,0.32219394268497703
Alphabet Inc.,2024-03-04,2024-03-06,2,flat,flat,0.16751493189784777,0.5428028672531533,0.2896822008489989
Alphabet Inc.,2024-03-05,2024-03-07,2,flat,flat,0.1330102065486921,0.5656173006693015,0.3013724927820064
Alphabet Inc.,2024-03-06,2024-03-08,2,flat,flat,0.12776664564282247,0.5468394331363795,0.32539392122079813
Alphabet Inc.,2024-03-07,2024-03-11,2,up,flat,0.118876178248809,0.5278006319993015,0.35332318975188953
Alphabet Inc.,2024-03-08,2024-03-12,2,flat,flat,0.07711011658215644,0.5546371770858501,0.36825270633199336
Alphabet Inc.,2024-03-11,2024-03-13,2,flat,flat,0.06782927570518318,0.589679444738107,0.34249127955670994
Alphabet Inc.,2024-03-12,2024-03-14,2,up,flat,0.03672963864580046,0.7020321024114202,0.2612382589427796
Alphabet Inc.,2024-03-13,2024-03-15,2,flat,flat,0.031303647801851076,0.7154995586202538,0.2531967935778954
Alphabet Inc.,2024-03-14,2024-03-18,2,up,flat,0.051555011396725824,0.7007225848649631,0.24772240373831125
Alphabet Inc.,2024-03-15,2024-03-19,2,up,flat,0.104504789907568,0.6887443076692137,0.20675090242321853
Alphabet Inc.,2024-03-18,2024-03-20,2,flat,flat,0.12217552671844466,0.689815499598992,0.18800897368256364
Alphabet Inc.,2024-03-19,2024-03-21,2,flat,flat,0.12477208126465086,0.6978691852411204,0.17735873349422857
Alphabet Inc.,2024-03-20,2024-03-22,2,flat,flat,0.09760606147666623,0.7122068554526507,0.19018708307068352
Alphabet Inc.,2024-03-21,2024-03-25,2,flat,flat,0.10779238781397316,0.6845908738138448,0.2076167383721824
Alphabet Inc.,2024-03-22,2024-03-26,2,flat,flat,0.10985149994207044,0.7233445134902144,0.16680398656771536
Alphabet Inc.,2024-03-25,2024-03-27,2,flat,flat,0.19039844005580536,0.5816379773928442,0.22796358255135044
Alphabet Inc.,2024-03-26,2024-03-28,2,flat,flat,0.09161722907217794,0.6693657382156502,0.23901703271217226
Alphabet Inc.,2024-03-27,2024-04-01,2,flat,flat,0.13296685979997253,0.6736648224955704,0.19336831770445737
Alphabet Inc.,2024-03-28,2024-04-02,2,flat,flat,0.08855111380241495,0.6857340601289295,0.22571482606865556
Alphabet Inc.,2024-04-01,2024-04-03,2,flat,flat,0.09088348899043694,0.7236109258521009,0.18550558515746232
Alphabet Inc.,2024-04-02,2024-04-04,2,flat,flat,0.10535220595947153,0.7553016444032152,0.13934614963731343
Alphabet Inc.,2024-04-03,2024-04-05,2,flat,flat,0.10294286202479713,0.7664401982070719,0.130616939768131
Alphabet Inc.,2024-04-04,2024-04-08,2,flat,flat,0.18662883710592204,0.6740273049471729,0.13934385794690513
Alphabet Inc.,2024-04-05,2024-04-09,2,up,flat,0.1805989990462004,0.6218037944944418,0.19759720645935805
Alphabet Inc.,2024-04-08,2024-04-10,2,flat,flat,0.09706059793180297,0.6590981181139374,0.24384128395425989
Alphabet Inc.,2024-04-09,2024-04-11,2,flat,flat,0.11099914501068966,0.7168143908680942,0.17218646412121644
Alphabet Inc.,2024-04-10,2024-04-12,2,flat,flat,0.24621403532438257,0.5649831179491296,0.18880284672648828
Alphabet Inc.,2024-04-11,2024-04-15,2,flat,flat,0.13668100047595277,0.7837515115287955,0.07956748799525175
Alphabet Inc.,2024-04-12,2024-04-16,2,down,flat,0.1579662598594617,0.758164381976038,0.08386935816450032
Alphabet Inc.,2024-04-15,2024-04-17,2,flat,flat,0.2669572878799044,0.5947754557120459,0.13826725640804957
Alphabet Inc.,2024-04-16,2024-04-18,2,flat,flat,0.21820630690432222,0.5328386546120422,0.24895503848363534
Alphabet Inc.,2024-04-17,2024-04-19,2,flat,flat,0.19305278589834762,0.5052717510934479,0.30167546300820436
Alphabet Inc.,2024-04-18,2024-04-22,2,flat,flat,0.21575153152364204,0.5310243122098364,0.2532241562665212
Alphabet Inc.,2024-04-19,2024-04-23,2,flat,flat,0.23977178351285616,0.514775364172119,0.24545285231502476
Alphabet Inc.,2024-04-22,2024-04-24,2,flat,flat,0.18892932661588854,0.4954482523487032,0.3156224210354079
Alphabet Inc.,2024-04-23,2024-04-25,2,down,flat,0.17633363157612109,0.5361004223330063,0.2875659460908727
Alphabet Inc.,2024-04-24,2024-04-26,2,up,flat,0.1796528736994298,0.556024325663915,0.264322800636655
Alphabet Inc.,2024-04-25,2024-04-29,2,up,flat,0.22923530055723984,0.504241940810014,0.2665227586327458
Alphabet Inc.,2024-04-26,2024-04-30,2,down,flat,0.10146738983481404,0.7939353603751091,0.10459724979007717
Alphabet Inc.,2024-04-29,2024-05-01,2,flat,flat,0.16876778900856493,0.7424102433662457,0.08882196762518917
Alphabet Inc.,2024-04-30,2024-05-02,2,flat,flat,0.1695750213767928,0.7183944980694023,0.11203048055380486
Alphabet Inc.,2024-05-01,2024-05-03,2,flat,flat,0.16499785497947478,0.7005271913636141,0.13447495365691156
Alphabet Inc.,2024-05-02,2024-05-06,2,flat,flat,0.14413883274296715,0.7196321430619332,0.13622902419510002
Alphabet Inc.,2024-05-03,2024-05-07,2,flat,flat,0.17161687935696435,0.6254609920703804,0.2029221285726552
Alphabet Inc.,2024-05-06,2024-05-08,2,flat,flat,0.16068444541221183,0.6806666655782546,0.1586488890095337
Alphabet Inc.,2024-05-07,2024-05-09,2,flat,flat,0.14526821979059862,0.6941999290214753,0.16053185118792634
Alphabet Inc.,2024-05-08,2024-05-10,2,flat,flat,0.20885596471230783,0.6654957229645052,0.12564831232318713
Alphabet Inc.,2024-05-09,2024-05-13,2,flat,flat,0.1565802729335796,0.6892664324416864,0.154153294624734
Alphabet Inc.,2024-05-10,2024-05-14,2,flat,flat,0.25857458363859853,0.5652643091428703,0.17616110721853143
Alphabet Inc.,2024-05-13,2024-05-15,2,flat,flat,0.21212969517264427,0.5685909595214814,0.21927934530587467
Alphabet Inc.,2024-05-14,2024-05-16,2,flat,flat,0.21015235952568914,0.5614345463427118,0.22841309413159927
Alphabet Inc.,2024-05-15,2024-05-17,2,flat,flat,0.17348630119479874,0.5987058214337506,0.2278078773714507
Alphabet Inc.,2024-05-16,2024-05-20,2,flat,flat,0.1594674188215624,0.646543116304464,0.19398946487397395
Alphabet Inc.,2024-05-17,2024-05-21,2,flat,flat,0.13274219419379021,0.7843769663517847,0.08288083945442513
Alphabet Inc.,2024-05-20,2024-05-22,2,flat,flat,0.13072697580061446,0.7975859267528065,0.07168709744657922
Alphabet Inc.,2024-05-21,2024-05-23,2,flat,flat,0.1418127921808344,0.7899403622158475,0.06824684560331817
Alphabet Inc.,2024-05-22,2024-05-24,2,flat,flat,0.24537070609963454,0.6624615168940637,0.09216777700630174
Alphabet Inc.,2024-05-23,2024-05-28,2,flat,flat,0.2641419853747683,0.5797485479527054,0.15610946667252665
Alphabet Inc.,2024-05-24,2024-05-29,2,flat,flat,0.252450062187003,0.5390515592318171,0.20849837858117978
Alphabet Inc.,2024-05-28,2024-05-30,2,flat,flat,0.22559394756197274,0.4625314904965976,0.31187456194142915
Alphabet Inc.,2024-05-29,2024-05-31,2,down,flat,0.205065878020005,0.44819850136678213,0.3467356206132125
Alphabet Inc.,2024-05-30,2024-06-03,2,flat,flat,0.22744322363110467,0.5193769977135969,0.253179778655298
Alphabet Inc.,2024-05-31,2024-06-04,2,flat,flat,0.18628954724938282,0.5711656753099856,0.24254477744063124
Alphabet Inc.,2024-06-03,2024-06-05,2,flat,flat,0.17290805941181056,0.5289634534050042,0.2981284871831851
Alphabet Inc.,2024-06-04,2024-06-06,2,up,flat,0.18751417096000542,0.5262299169523145,0.2862559120876799
Alphabet Inc.,2024-06-05,2024-06-07,2,flat,flat,0.20358057591453563,0.48846221432127984,0.30795720976418445
Alphabet Inc.,2024-06-06,2024-06-10,2,flat,flat,0.1726925626332883,0.5512693079021534,0.2760381294645582
Alphabet Inc.,2024-06-07,2024-06-11,2,flat,flat,0.22075045569986657,0.5869377402043612,0.1923118040957724
Alphabet Inc.,2024-06-10,2024-06-12,2,up,flat,0.21770901541314788,0.5701685004696131,0.21212248411723877
Alphabet Inc.,2024-06-11,2024-06-13,2,flat,flat,0.1522677368123809,0.5332035809756775,0.31452868221194125
Alphabet Inc.,2024-06-12,2024-06-14,2,flat,flat,0.14745807063488103,0.5110834938719293,0.3414584354931896
"Amazon.com, Inc.",2021-07-26,2021-07-28,2,flat,flat,0.08502395884033292,0.8065458870485179,0.10843015411114912
"Amazon.com, Inc.",2021-07-27,2021-07-29,2,flat,flat,0.22679321028971056,0.6904528002773931,0.08275398943289608
"Amazon.com, Inc.",2021-07-28,2021-07-30,2,down,flat,0.18513082628200056,0.7387145850580287,0.07615458865997068
"Amazon.com, Inc.",2021-07-29,2021-08-02,2,down,flat,0.18763464948120062,0.7391369080581776,0.07322844246062184
"Amazon.com, Inc.",2021-07-30,2021-08-03,2,flat,flat,0.06379187805361289,0.81626476775176,0.11994335419462715
"Amazon.com, Inc.",2021-08-02,2021-08-04,2,flat,flat,0.16881692449295296,0.6860683959309403,0.14511467957610658
"Amazon.com, Inc.",2021-08-03,2021-08-05,2,flat,flat,0.1348823826501153,0.677639266099346,0.18747835125053855
"Amazon.com, Inc.",2021-08-04,2021-08-06,2,flat,flat,0.15392584038364407,0.6397496988771665,0.2063244607391892
"Amazon.com, Inc.",2021-08-05,2021-08-09,2,flat,flat,0.17753870840597671,0.6012636175186201,0.2211976740754031
"Amazon.com, Inc.",2021-08-06,2021-08-10,2,flat,flat,0.2459201625905351,0.5670920734448797,0.1869877639645849
"Amazon.com, Inc.",2021-08-09,2021-08-11,2,flat,flat,0.21784102897394345,0.5918101631093011,0.19034880791675543
"Amazon.com, Inc.",2021-08-10,2021-08-12,2,flat,flat,0.1996840685512181,0.6011021662072826,0.19921376524149934
"Amazon.com, Inc.",2021-08-11,2021-08-13,2,flat,flat,0.13819336448078795,0.6841611846452458,0.17764545087396627
"Amazon.com, Inc.",2021-08-12,2021-08-16,2,flat,flat,0.13139509581361827,0.7099326194702126,0.15867228471616893
"Amazon.com, Inc.",2021-08-13,2021-08-17,2,flat,flat,0.18750468912495072,0.6542056904117918,0.15828962046325754
"Amazon.com, Inc.",2021-08-16,2021-08-18,2,flat,flat,0.09632896678026766,0.7831659638712921,0.12050506934844009
"Amazon.com, Inc.",2021-08-17,2021-08-19,2,flat,flat,0.10626076720922206,0.765714063976091,0.12802516881468695
"Amazon.com, Inc.",2021-08-18,2021-08-20,2,flat,flat,0.0837937410651059,0.7687345505224055,0.14747170841248833
"Amazon.com, Inc.",2021-08-19,2021-08-23,2,flat,flat,0.10514340967844527,0.7388823591084913,0.15597423121306334
"Amazon.com, Inc.",2021-08-20,2021-08-24,2,up,flat,0.1891131845468946,0.656515274923624,0.15437154052948146
"Amazon.com, Inc.",2021-08-23,2021-08-25,2,up,flat,0.19302647670130393,0.6441245706844535,0.1628489526142426
"Amazon.com, Inc.",2021-08-24,2021-08-26,2,flat,flat,0.21225580261633134,0.6459426122398294,0.1418015851438392
"Amazon.com, Inc.",2021-08-25,2021-08-27,2,flat,flat,0.21705999555459343,0.6230587322011342,0.1598812722442724
"Amazon.com, Inc.",2021-08-26,2021-08-30,2,up,flat,0.2053424581233028,0.6334778442605488,0.16117969761614856
"Amazon.com, Inc.",2021-08-27,2021-08-31,2,up,flat,0.12432838276628112,0.6023022853240216,0.27336933190969714
"Amazon.com, Inc.",2021-08-30,2021-09-01,2,up,flat,0.08114324897988183,0.5685113430001462,0.3503454080199718
"Amazon.com, Inc.",2021-08-31,2021-09-02,2,flat,flat,0.06808558578534336,0.59677573861444,0.33513867560021654
"Amazon.com, Inc.",2021-09-01,2021-09-03,2,flat,flat,0.15885471574233043,0.5708591669173336,0.2702861173403358
"Amazon.com, Inc.",2021-09-02,2021-09-07,2,flat,flat,0.2258352855516616,0.5968600026403148,0.17730471180802332
"Amazon.com, Inc.",2021-09-03,2021-09-08,2,up,flat,0.2531496054300632,0.6169055758415143,0.1299448187284222
"Amazon.com, Inc.",2021-09-07,2021-09-09,2,flat,flat,0.27165224575556407,0.5442138048038286,0.1841339494406071
"Amazon.com, Inc.",2021-09-08,2021-09-10,2,flat,flat,0.3051820629117715,0.5605097224433628,0.1343082146448655
"Amazon.com, Inc.",2021-09-09,2021-09-13,2,flat,flat,0.2567857927241384,0.60659170068007,0.13662250659579148
"Amazon.com, Inc.",2021-09-10,2021-09-14,2,flat,flat,0.22174881110808226,0.7077219886160385,0.07052920027587933
"Amazon.com, Inc.",2021-09-13,2021-09-15,2,flat,flat,0.1914357328990787,0.7003723605806809,0.10819190652024067
"Amazon.com, Inc.",2021-09-14,2021-09-16,2,flat,flat,0.1256947895009127,0.7194874768879076,0.15481773361117956
"Amazon.com, Inc.",2021-09-15,2021-09-17,2,flat,flat,0.11106741438622658,0.6887619856243173,0.2001705999894559
"Amazon.com, Inc.",2021-09-16,2021-09-20,2,down,flat,0.09735667631218847,0.641758239495841,0.2608850841919705
"Amazon.com, Inc.",2021-09-17,2021-09-21,2,down,flat,0.13032748521101709,0.5862691745366228,0.28340334025236036
"Amazon.com, Inc.",2021-09-20,2021-09-22,2,flat,flat,0.10186808591537953,0.7300444191948793,0.16808749488974098
"Amazon.com, Inc.",2021-09-21,2021-09-23,2,flat,flat,0.12482816129685893,0.6761163300346871,0.19905550866845417
"Amazon.com, Inc.",2021-09-22,2021-09-24,2,flat,flat,0.11886029610550329,0.6676101510256274,0.21352955286886924
"Amazon.com, Inc.",2021-09-23,2021-09-27,2,flat,flat,0.15239497462274632,0.5822430912640736,0.26536193411318026
"Amazon.com, Inc.",2021-09-24,2021-09-28,2,down,flat,0.15317809574954508,0.581748848683169,0.26507305556728583
"Amazon.com, Inc.",2021-09-27,2021-09-29,2,down,flat,0.2898169536422115,0.5821623467338106,0.128020699623978
"Amazon.com, Inc.",2021-09-28,2021-09-30,2,flat,flat,0.20975318362877243,0.671895721763393,0.11835109460783462
"Amazon.com, Inc.",2021-09-29,2021-10-01,2,flat,flat,0.15426843408931804,0.5859241088375797,0.2598074570731022
"Amazon.com, Inc.",2021-09-30,2021-10-04,2,down,flat,0.12377204523986572,0.6604351079704048,0.21579284678972954
"Amazon.com, Inc.",2021-10-01,2021-10-05,2,flat,flat,0.1211250945684283,0.712841231057939,0.16603367437363267
"Amazon.com, Inc.",2021-10-04,2021-10-06,2,flat,flat,0.1102892152831497,0.766534747865803,0.12317603685104742
"Amazon.com, Inc.",2021-10-05,2021-10-07,2,up,flat,0.1480929269804048,0.6463711269910359,0.20553594602855924
"Amazon.com, Inc.",2021-10-06,2021-10-08,2,flat,flat,0.16365357658378865,0.6125150813492933,0.22383134206691807
"Amazon.com, Inc.",2021-10-07,2021-10-11,2,flat,flat,0.210729911089714,0.6001646490543705,0.18910543985591552
"Amazon.com, Inc.",2021-10-08,2021-10-12,2,flat,flat,0.2604771819226464,0.5710186396863882,0.16850417839096532
"Amazon.com, Inc.",2021-10-11,2021-10-13,2,flat,flat,0.22856095062103557,0.6726538330464739,0.09878521633249072
"Amazon.com, Inc.",2021-10-12,2021-10-14,2,flat,flat,0.25440390675373614,0.608137359445806,0.13745873380045767
"Amazon.com, Inc.",2021-10-13,2021-10-15,2,up,flat,0.1916067151682958,0.6580132610182082,0.15038002381349616
"Amazon.com, Inc.",2021-10-14,2021-10-18,2,up,flat,0.134276249603442,0.6339966925899827,0.23172705780657527
"Amazon.com, Inc.",2021-10-15,2021-10-19,2,up,flat,0.10271454341301725,0.635692219689257,0.26159323689772584
"Amazon.com, Inc.",2021-10-18,2021-10-20,2,flat,flat,0.12138671348101569,0.600934172706767,0.2776791138122172
"Amazon.com, Inc.",2021-10-19,2021-10-21,2,flat,flat,0.16631543005560678,0.5463983049846572,0.28728626495973614
"Amazon.com, Inc.",2021-10-20,2021-10-22,2,flat,flat,0.1948700747179446,0.5792481149633792,0.22588181031867627
"Amazon.com, Inc.",2021-10-21,2021-10-25,2,down,flat,0.18042445634681437,0.6272059712572219,0.19236957239596372
"Amazon.com, Inc.",2021-10-22,2021-10-26,2,flat,flat,0.19039061582232727,0.7183226044446286,0.09128677973304411
"Amazon.com, Inc.",2021-10-25,2021-10-27,2,up,flat,0.08975460101874354,0.825010870150401,0.08523452883085549
"Amazon.com, Inc.",2021-10-26,2021-10-28,2,flat,flat,0.15029506613949745,0.6555446723875474,0.1941602614729549
"Amazon.com, Inc.",2021-10-27,2021-10-29,2,down,flat,0.17996588030804578,0.6419139220774421,0.17812019761451178
"Amazon.com, Inc.",2021-10-28,2021-11-01,2,down,flat,0.14561205917546488,0.614195915701427,0.24019202512310844
"Amazon.com, Inc.",2021-10-29,2021-11-02,2,flat,flat,0.1729782238749369,0.7646140179286016,0.0624077581964616
"Amazon.com, Inc.",2021-11-01,2021-11-03,2,flat,flat,0.24097813115091016,0.6036844920860677,0.1553373767630221
"Amazon.com, Inc.",2021-11-02,2021-11-04,2,up,flat,0.1629819444533406,0.7461010989146751,0.09091695663198447
"Amazon.com, Inc.",2021-11-03,2021-11-05,2,up,flat,0.20271034243443478,0.6422898660261235,0.15499979153944182
"Amazon.com, Inc.",2021-11-04,2021-11-08,2,up,flat,0.18252846356214383,0.5994064780584908,0.21806505837936543
"Amazon.com, Inc.",2021-11-05,2021-11-09,2,flat,flat,0.25196976280663835,0.5799124836155769,0.16811775357778472
"Amazon.com, Inc.",2021-11-08,2021-11-10,2,flat,flat,0.3588777401847716,0.5387252813632429,0.10239697845198532
"Amazon.com, Inc.",2021-11-09,2021-11-11,2,flat,flat,0.35715018016837263,0.5499531554761998,0.09289666435542725
"Amazon.com, Inc.",2021-11-10,2021-11-12,2,flat,flat,0.44933170991535554,0.497272789297326,0.05339550078731848
"Amazon.com, Inc.",2021-11-11,2021-11-15,2,flat,flat,0.4731984759004276,0.5027610459176115,0.024040478181960926
"Amazon.com, Inc.",2021-11-12,2021-11-16,2,flat,flat,0.3649030739776823,0.6008119161860702,0.034285009836247264
"Amazon.com, Inc.",2021-11-15,2021-11-17,2,flat,flat,0.33453877933551995,0.5807487576746211,0.08471246298985878
"Amazon.com, Inc.",2021-11-16,2021-11-18,2,flat,flat,0.32346596017051454,0.6008927046033762,0.07564133522610911
"Amazon.com, Inc.",2021-11-17,2021-11-19,2,up,flat,0.26728885516758655,0.6271681161986365,0.10554302863377654
"Amazon.com, Inc.",2021-11-18,2021-11-22,2,flat,flat,0.1908301735177293,0.6259497994052009,0.18322002707706958
"Amazon.com, Inc.",2021-11-19,2021-11-23,2,down,flat,0.20724736299302784,0.629394686009192,0.1633579509977799
"Amazon.com, Inc.",2021-11-22,2021-11-24,2,flat,flat,0.3308187736459287,0.601529011044805,0.06765221530926603
"Amazon.com, Inc.",2021-11-23,2021-11-26,2,flat,flat,0.39711379341615766,0.5633168931253695,0.03956931345847274
"Amazon.com, Inc.",2021-11-24,2021-11-29,2,flat,flat,0.25507810175516793,0.6609006683793264,0.08402122986550539
"Amazon.com, Inc.",2021-11-26,2021-11-30,2,flat,flat,0.18325137616147913,0.718163140190062,0.09858548364845861
"Amazon.com, Inc.",2021-11-29,2021-12-01,2,flat,flat,0.18991532761046476,0.7301446090592343,0.07994006333030076
"Amazon.com, Inc.",2021-11-30,2021-12-02,2,flat,flat,0.15172662229350425,0.7850964342253658,0.06317694348112994
"Amazon.com, Inc.",2021-12-01,2021-12-03,2,flat,flat,0.13699908692950838,0.8032586074011446,0.05974230566934707
"Amazon.com, Inc.",2021-12-02,2021-12-06,2,flat,flat,0.10335004506471232,0.8459176343193491,0.05073232061593884
"Amazon.com, Inc.",2021-12-03,2021-12-07,2,flat,flat,0.10158364221434973,0.8268454420142028,0.07157091577144757
"Amazon.com, Inc.",2021-12-06,2021-12-08,2,up,flat,0.16164398765369892,0.6795671820436437,0.1587888303026575
"Amazon.com, Inc.",2021-12-07,2021-12-09,2,flat,flat,0.1959751248321612,0.6506311038065558,0.15339377136128282
"Amazon.com, Inc.",2021-12-08,2021-12-10,2,flat,flat,0.2153190043837136,0.6768745881813462,0.10780640743494015
"Amazon.com, Inc.",2021-12-09,2021-12-13,2,flat,flat,0.23769480563768092,0.6667113796306446,0.0955938147316742
"Amazon.com, Inc.",2021-12-10,2021-12-14,2,down,flat,0.26128660293693295,0.6738671838728952,0.06484621319017168
"Amazon.com, Inc.",2021-12-13,2021-12-15,2,flat,flat,0.1860165829742696,0.7445319258535388,0.06945149117219179
"Amazon.com, Inc.",2021-12-14,2021-12-16,2,flat,flat,0.10854979781700358,0.7989619541356092,0.09248824804738782
"Amazon.com, Inc.",2021-12-15,2021-12-17,2,flat,flat,0.1566132552822499,0.6939811035972204,0.14940564112052981
"Amazon.com, Inc.",2021-12-16,2021-12-20,2,flat,flat,0.15713475439888624,0.7290899920223515,0.11377525357876228
"Amazon.com, Inc.",2021-12-17,2021-12-21,2,flat,flat,0.14019741688194162,0.7628192397670146,0.09698334335104378
"Amazon.com, Inc.",2021-12-20,2021-12-22,2,flat,flat,0.12965535433494454,0.7179786287219065,0.15236601694314925
"Amazon.com, Inc.",2021-12-21,2021-12-23,2,flat,flat,0.18455148851852832,0.59287273524589,0.22257577623558195
"Amazon.com, Inc.",2021-12-22,2021-12-27,2,flat,flat,0.16871269978139744,0.6102532787151189,0.22103402150348408
"Amazon.com, Inc.",2021-12-23,2021-12-28,2,flat,flat,0.1995890796431268,0.6164095903005352,0.1840013300563381
"Amazon.com, Inc.",2021-12-27,2021-12-29,2,flat,flat,0.17060718235414105,0.6454199164322761,0.18397290121358276
"Amazon.com, Inc.",2021-12-28,2021-12-30,2,flat,flat,0.1742733154974767,0.6589513161406307,0.16677536836189272
"Amazon.com, Inc.",2021-12-29,2021-12-31,2,flat,flat,0.1926004945798968,0.6415015753953764,0.16589793002472686
"Amazon.com, Inc.",2021-12-30,2022-01-03,2,flat,flat,0.19616516290449348,0.632337242503211,0.17149759459229535
"Amazon.com, Inc.",2021-12-31,2022-01-04,2,flat,flat,0.10935932708706446,0.787040856857604,0.10359981605533136
"Amazon.com, Inc.",2022-01-03,2022-01-05,2,flat,flat,0.17212456977560367,0.6453707526742106,0.18250467755018565
"Amazon.com, Inc.",2022-01-04,2022-01-06,2,down,flat,0.1736568816028683,0.6196719619461165,0.2066711564510151
"Amazon.com, Inc.",2022-01-05,2022-01-07,2,flat,flat,0.09863122210866651,0.7799774057499718,0.12139137214136156
"Amazon.com, Inc.",2022-01-06,2022-01-10,2,flat,flat,0.09064563943809453,0.7972714121776389,0.11208294838426662
"Amazon.com, Inc.",2022-01-07,2022-01-11,2,flat,flat,0.15750642895010722,0.6513065003135015,0.19118707073639127
"Amazon.com, Inc.",2022-01-10,2022-01-12,2,up,flat,0.09496429640952461,0.7933175517274402,0.11171815186303526
"Amazon.com, Inc.",2022-01-11,2022-01-13,2,flat,flat,0.2130368159128858,0.6193500985064794,0.16761308558063462
"Amazon.com, Inc.",2022-01-12,2022-01-14,2,down,flat,0.24012894367679738,0.6228601928042924,0.13701086351890995
"Amazon.com, Inc.",2022-01-13,2022-01-18,2,down,flat,0.24293089482458138,0.6413342506043564,0.11573485457106206
"Amazon.com, Inc.",2022-01-14,2022-01-19,2,flat,flat,0.14768045606725708,0.7191500622817685,0.13316948165097456
"Amazon.com, Inc.",2022-01-18,2022-01-20,2,down,flat,0.17665728239649106,0.6859852971572872,0.13735742044622193
"Amazon.com, Inc.",2022-01-19,2022-01-21,2,down,flat,0.1081977048139883,0.766443176434191,0.12535911875182074
"Amazon.com, Inc.",2022-01-20,2022-01-24,2,down,flat,0.09302989955793084,0.745950843598707,0.16101925684336263
"Amazon.com, Inc.",2022-01-21,2022-01-25,2,down,flat,0.042097815292526305,0.6325753655304571,0.32532681917701695
"Amazon.com, Inc.",2022-01-24,2022-01-26,2,flat,flat,0.06300279600279955,0.47010804725693917,0.4668891567402615
"Amazon.com, Inc.",2022-01-25,2022-01-27,2,flat,flat,0.15264859204733253,0.5142781784649486,0.33307322948771906
"Amazon.com, Inc.",2022-01-26,2022-01-28,2,flat,flat,0.1409160325192083,0.6063185200167549,0.252765447464037
"Amazon.com, Inc.",2022-01-27,2022-01-31,2,up,flat,0.08352560950382641,0.6103347994447667,0.3061395910514072
"Amazon.com, Inc.",2022-01-28,2022-02-01,2,up,flat,0.06462211570791697,0.688808827453293,0.24656905683878988
"Amazon.com, Inc.",2022-01-31,2022-02-02,2,flat,flat,0.08073735713937263,0.7563073238457112,0.16295531901491656
"Amazon.com, Inc.",2022-02-01,2022-02-03,2,down,flat,0.12332430548281013,0.7274471588874288,0.14922853562976102
"Amazon.com, Inc.",2022-02-02,2022-02-04,2,flat,flat,0.1490487036716911,0.6857019480086562,0.165249348319653
"Amazon.com, Inc.",2022-02-03,2022-02-07,2,up,flat,0.07583210581453799,0.6587761721804796,0.2653917220049829
"Amazon.com, Inc.",2022-02-04,2022-02-08,2,flat,flat,0.1179649661677793,0.7168051111819621,0.16522992265025876
"Amazon.com, Inc.",2022-02-07,2022-02-09,2,flat,flat,0.10293456305267429,0.7125748081226301,0.18449062882469577
"Amazon.com, Inc.",2022-02-08,2022-02-10,2,flat,flat,0.15643505474575597,0.6994344710955754,0.1441304741586686
"Amazon.com, Inc.",2022-02-09,2022-02-11,2,flat,flat,0.08431065431567887,0.7274084000375961,0.1882809456467248
"Amazon.com, Inc.",2022-02-10,2022-02-14,2,flat,flat,0.0694834823533723,0.8422672579082541,0.08824925973837365
"Amazon.com, Inc.",2022-02-11,2022-02-15,2,flat,flat,0.055488904028983634,0.8663089670564839,0.07820212891453232
"Amazon.com, Inc.",2022-02-14,2022-02-16,2,flat,flat,0.041699928296901445,0.8270630122847953,0.1312370594183031
"Amazon.com, Inc.",2022-02-15,2022-02-17,2,flat,flat,0.044948984623387214,0.78668239470418,0.16836862067243252
"Amazon.com, Inc.",2022-02-16,2022-02-18,2,flat,flat,0.05879527254889135,0.7012873542809206,0.23991737317018783
"Amazon.com, Inc.",2022-02-17,2022-02-22,2,flat,flat,0.07701653027129454,0.6924337297247415,0.230549740003964
"Amazon.com, Inc.",2022-02-18,2022-02-23,2,flat,flat,0.08075577534385625,0.7861381289278981,0.13310609572824575
"Amazon.com, Inc.",2022-02-22,2022-02-24,2,flat,flat,0.0445988761091322,0.7774827425309144,0.17791838135995344
"Amazon.com, Inc.",2022-02-23,2022-02-25,2,flat,flat,0.05920337086706453,0.7470153201216188,0.1937813090113166
"Amazon.com, Inc.",2022-02-24,2022-02-28,2,up,flat,0.08472214745297936,0.6321455468510255,0.2831323056959951
"Amazon.com, Inc.",2022-02-25,2022-03-01,2,flat,flat,0.05281062215219839,0.7462549288512815,0.20093444899652038
"Amazon.com, Inc.",2022-02-28,2022-03-02,2,flat,flat,0.03949526191955069,0.7599097974780372,0.20059494060241229
"Amazon.com, Inc.",2022-03-01,2022-03-03,2,flat,flat,0.06192126142335169,0.765729162656398,0.17234957592025008
"Amazon.com, Inc.",2022-03-02,2022-03-04,2,flat,flat,0.03079720785192624,0.8129941459389413,0.15620864620913236
"Amazon.com, Inc.",2022-03-03,2022-03-07,2,down,flat,0.03503105276868266,0.815498411150531,0.14947053608078614
"Amazon.com, Inc.",2022-03-04,2022-03-08,2,down,flat,0.05647776744069706,0.7725346663156397,0.17098756624366326
"Amazon.com, Inc.",2022-03-07,2022-03-09,2,flat,flat,0.060037740839483475,0.6235662344566948,0.31639602470382194
"Amazon.com, Inc.",2022-03-08,2022-03-10,2,up,flat,0.039081210629377104,0.5439200359007417,0.41699875346988136
"Amazon.com, Inc.",2022-03-09,2022-03-11,2,up,flat,0.05504411427835449,0.6499285750788364,0.29502731064280924
"Amazon.com, Inc.",2022-03-10,2022-03-14,2,flat,flat,0.04908996303453463,0.7688153997441018,0.1820946372213636
"Amazon.com, Inc.",2022-03-11,2022-03-15,2,flat,flat,0.10214102501554324,0.7400881784608596,0.1577707965235972
"Amazon.com, Inc.",2022-03-14,2022-03-16,2,up,flat,0.06545822466867836,0.7470514311948132,0.1874903441365084
"Amazon.com, Inc.",2022-03-15,2022-03-17,2,up,flat,0.0610283720662358,0.7645294488156631,0.1744421791181009
"Amazon.com, Inc.",2022-03-16,2022-03-18,2,up,flat,0.07743486042649213,0.710658349201808,0.2119067903717
"Amazon.com, Inc.",2022-03-17,2022-03-21,2,up,flat,0.12342087274967678,0.6609576042717107,0.2156215229786125
"Amazon.com, Inc.",2022-03-18,2022-03-22,2,flat,flat,0.2037135491169685,0.5740640300485801,0.22222242083445132
"Amazon.com, Inc.",2022-03-21,2022-03-23,2,flat,flat,0.2447208106688819,0.464183141735787,0.291096047595331
"Amazon.com, Inc.",2022-03-22,2022-03-24,2,flat,flat,0.22774875799836672,0.46154899383436315,0.3107022481672701
"Amazon.com, Inc.",2022-03-23,2022-03-25,2,flat,flat,0.1596071184012689,0.5882860692293632,0.25210681236936816
"Amazon.com, Inc.",2022-03-24,2022-03-28,2,flat,flat,0.1754341375187326,0.6953268934844152,0.12923896899685203
"Amazon.com, Inc.",2022-03-25,2022-03-29,2,up,flat,0.12306461933317499,0.7122762255039125,0.1646591551629128
"Amazon.com, Inc.",2022-03-28,2022-03-30,2,flat,flat,0.1442474253305407,0.6334216971221728,0.22233087754728684
"Amazon.com, Inc.",2022-03-29,2022-03-31,2,flat,flat,0.22430859974112083,0.5788362248820923,0.19685517537678696
"Amazon.com, Inc.",2022-03-30,2022-04-01,2,flat,flat,0.22436647521069478,0.6671926614127335,0.10844086337657177
"Amazon.com, Inc.",2022-03-31,2022-04-04,2,flat,flat,0.1939365002104809,0.744361937419418,0.06170156237010115
"Amazon.com, Inc.",2022-04-01,2022-04-05,2,flat,flat,0.10679416964679643,0.7694981756639824,0.12370765468922132
"Amazon.com, Inc.",2022-04-04,2022-04-06,2,down,flat,0.13395765311173238,0.704482679694007,0.16155966719426046
"Amazon.com, Inc.",2022-04-05,2022-04-07,2,down,flat,0.13333865159131647,0.6692561983320047,0.19740515007667855
"Amazon.com, Inc.",2022-04-06,2022-04-08,2,flat,flat,0.054004259291855476,0.8494504539313668,0.09654528677677758
"Amazon.com, Inc.",2022-04-07,2022-04-11,2,down,flat,0.05382011683730185,0.8746991757395546,0.07148070742314348
"Amazon.com, Inc.",2022-04-08,2022-04-12,2,flat,flat,0.09502272322706577,0.8004093109688728,0.1045679658040616
"Amazon.com, Inc.",2022-04-11,2022-04-13,2,flat,flat,0.07927513590320644,0.7833667497700652,0.13735811432672856
"Amazon.com, Inc.",2022-04-12,2022-04-14,2,flat,flat,0.15545716597612722,0.6381798913482076,0.206362942675665
"Amazon.com, Inc.",2022-04-13,2022-04-18,2,flat,flat,0.2309282414740024,0.603548854574118,0.16552290395187952
"Amazon.com, Inc.",2022-04-14,2022-04-19,2,flat,flat,0.2805338750084345,0.591408154982495,0.12805797000907002
"Amazon.com, Inc.",2022-04-18,2022-04-20,2,flat,flat,0.20602192388848692,0.6263077318181373,0.16767034429337538
"Amazon.com, Inc.",2022-04-19,2022-04-21,2,flat,flat,0.12084666635878433,0.7288255885528043,0.15032774508841118
"Amazon.com, Inc.",2022-04-20,2022-04-22,2,down,flat,0.08052247309883116,0.7539358457262034,0.16554168117496526
"Amazon.com, Inc.",2022-04-21,2022-04-25,2,down,flat,0.0842501239542064,0.7484377616130594,0.1673121144327342
"Amazon.com, Inc.",2022-04-22,2022-04-26,2,flat,flat,0.03489523840285785,0.6040594318486524,0.36104532974848974
"Amazon.com, Inc.",2022-04-25,2022-04-27,2,down,flat,0.041424104100902345,0.575996540781247,0.3825793551178506
"Amazon.com, Inc.",2022-04-26,2022-04-28,2,flat,flat,0.03060498762042116,0.4973665087512141,0.47202850362836474
"Amazon.com, Inc.",2022-04-27,2022-04-29,2,down,flat,0.03709267618560391,0.5478171185209607,0.41509020529343565
"Amazon.com, Inc.",2022-04-28,2022-05-02,2,down,flat,0.05971198517297486,0.6979121425555803,0.24237587227144503
"Amazon.com, Inc.",2022-04-29,2022-05-03,2,flat,up,0.04039685290762449,0.4181706738510538,0.5414324732413216
"Amazon.com, Inc.",2022-05-02,2022-05-04,2,flat,up,0.031792204632216395,0.42840357621002423,0.5398042191577592
"Amazon.com, Inc.",2022-05-03,2022-05-05,2,flat,flat,0.04205760113733063,0.5841899299561542,0.3737524689065155
"Amazon.com, Inc.",2022-05-04,2022-05-06,2,down,flat,0.05923563234318037,0.5744796690654421,0.3662846985913777
"Amazon.com, Inc.",2022-05-05,2022-05-09,2,down,flat,0.05160483563840377,0.4831917418786383,0.465203422482958
"Amazon.com, Inc.",2022-05-06,2022-05-10,2,flat,flat,0.04976955873466147,0.5047940037747888,0.44543643749054995
"Amazon.com, Inc.",2022-05-09,2022-05-11,2,flat,flat,0.046747526761747024,0.4969571421238519,0.4562953311144011
"Amazon.com, Inc.",2022-05-10,2022-05-12,2,flat,flat,0.05649795048795757,0.5787355100405646,0.36476653947147797
"Amazon.com, Inc.",2022-05-11,2022-05-13,2,flat,flat,0.06338988726432984,0.4778788642190518,0.45873124851661834
"Amazon.com, Inc.",2022-05-12,2022-05-16,2,flat,flat,0.07137858773537992,0.5560453644176849,0.37257604784693543
"Amazon.com, Inc.",2022-05-13,2022-05-17,2,flat,flat,0.11227489124828677,0.6964634426580777,0.19126166609363568
"Amazon.com, Inc.",2022-05-16,2022-05-18,2,flat,flat,0.11812671580423328,0.7480439916391315,0.13382929255663562
"Amazon.com, Inc.",2022-05-17,2022-05-19,2,flat,flat,0.15663399653204538,0.7072249193636375,0.13614108410431747
"Amazon.com, Inc.",2022-05-18,2022-05-20,2,flat,flat,0.1429158869148978,0.6761309621792229,0.18095315090587982
"Amazon.com, Inc.",2022-05-19,2022-05-23,2,flat,flat,0.16326871646142027,0.6507493522987082,0.1859819312398718
"Amazon.com, Inc.",2022-05-20,2022-05-24,2,flat,flat,0.16570472166817982,0.6607291263967512,0.17356615193506925
"Amazon.com, Inc.",2022-05-23,2022-05-25,2,flat,flat,0.1696547048924311,0.6471624889113401,0.1831828061962289
"Amazon.com, Inc.",2022-05-24,2022-05-26,2,flat,flat,0.15271738928689238,0.6335572067651081,0.21372540394799974
"Amazon.com, Inc.",2022-05-25,2022-05-27,2,up,flat,0.13668262529393765,0.7041518010414465,0.1591655736646162
"Amazon.com, Inc.",2022-05-26,2022-05-31,2,up,flat,0.1754609407411427,0.6933788251317985,0.1311602341270591
"Amazon.com, Inc.",2022-05-27,2022-06-01,2,up,flat,0.20341319072063496,0.6152499927416958,0.1813368165376695
"Amazon.com, Inc.",2022-05-31,2022-06-02,2,flat,flat,0.1868697039344471,0.6389464933634269,0.17418380270212594
"Amazon.com, Inc.",2022-06-01,2022-06-03,2,flat,flat,0.19145043885911986,0.6273802515454535,0.18116930959542657
"Amazon.com, Inc.",2022-06-02,2022-06-06,2,flat,flat,0.16072331179481897,0.6428262082649817,0.19645047994019932
"Amazon.com, Inc.",2022-06-03,2022-06-07,2,flat,flat,0.11266437524636227,0.6988735331307336,0.18846209162290437
"Amazon.com, Inc.",2022-06-06,2022-06-08,2,flat,flat,0.1201233999909989,0.6820718186167225,0.19780478139227875
"Amazon.com, Inc.",2022-06-07,2022-06-09,2,flat,flat,0.11585044163528363,0.7856630943425096,0.09848646402220687
"Amazon.com, Inc.",2022-06-08,2022-06-10,2,down,flat,0.09708183654014961,0.752340779139615,0.1505773843202354
"Amazon.com, Inc.",2022-06-09,2022-06-13,2,down,flat,0.06543495659237741,0.7669035906248806,0.16766145278274183
"Amazon.com, Inc.",2022-06-10,2022-06-14,2,down,flat,0.09064904870582563,0.6829584528974633,0.22639249839671113
"Amazon.com, Inc.",2022-06-13,2022-06-15,2,flat,flat,0.07930451695638985,0.5717344869473723,0.3489609960962376
"Amazon.com, Inc.",2022-06-14,2022-06-16,2,flat,flat,0.0810203234988921,0.5786855044846025,0.34029417201650525
"Amazon.com, Inc.",2022-06-15,2022-06-17,2,flat,flat,0.12190783022757957,0.6717076342976938,0.2063845354747267
"Amazon.com, Inc.",2022-06-16,2022-06-21,2,flat,flat,0.12129903288547977,0.5980020570144693,0.2806989101000509
"Amazon.com, Inc.",2022-06-17,2022-06-22,2,flat,flat,0.13365655417858247,0.7228294381140346,0.14351400770738335
"Amazon.com, Inc.",2022-06-21,2022-06-23,2,flat,flat,0.09442094648808454,0.8034350218945105,0.1021440316174051
"Amazon.com, Inc.",2022-06-22,2022-06-24,2,flat,flat,0.12272620267798949,0.7498615602103231,0.12741223711168762
"Amazon.com, Inc.",2022-06-23,2022-06-27,2,flat,flat,0.1320468468072412,0.7182820117134883,0.14967114147927088
"Amazon.com, Inc.",2022-06-24,2022-06-28,2,flat,flat,0.14001912778237782,0.6744046375326468,0.1855762346849755
"Amazon.com, Inc.",2022-06-27,2022-06-29,2,down,flat,0.13014085496567926,0.6776452361038138,0.1922139089305071
"Amazon.com, Inc.",2022-06-28,2022-06-30,2,flat,flat,0.1306908112794256,0.7629364214214742,0.10637276729910057
"Amazon.com, Inc.",2022-06-29,2022-07-01,2,flat,flat,0.1484392604320451,0.7030590391416649,0.14850170042629032
"Amazon.com, Inc.",2022-06-30,2022-07-05,2,flat,flat,0.14234611483475118,0.6820986225719651,0.17555526259328386
"Amazon.com, Inc.",2022-07-01,2022-07-06,2,up,flat,0.14942339455819972,0.7169835226142779,0.13359308282752236
"Amazon.com, Inc.",2022-07-05,2022-07-07,2,flat,flat,0.13063866662765514,0.7416607081219437,0.12770062525040113
"Amazon.com, Inc.",2022-07-06,2022-07-08,2,flat,flat,0.15980572353028705,0.6832731000041842,0.15692117646552872
"Amazon.com, Inc.",2022-07-07,2022-07-11,2,flat,flat,0.1146400435291948,0.6977427961560098,0.18761716031479536
"Amazon.com, Inc.",2022-07-08,2022-07-12,2,flat,flat,0.10681110248976312,0.7118543328311095,0.18133456467912745
"Amazon.com, Inc.",2022-07-11,2022-07-13,2,flat,flat,0.13110355211746497,0.7712742526117029,0.09762219527083271
"Amazon.com, Inc.",2022-07-12,2022-07-14,2,flat,flat,0.13907978152603503,0.7385043914636872,0.12241582701027799
"Amazon.com, Inc.",2022-07-13,2022-07-15,2,flat,flat,0.19721439977589317,0.6518237960808914,0.1509618041432155
"Amazon.com, Inc.",2022-07-14,2022-07-18,2,flat,flat,0.14457832855794014,0.6949371849793695,0.16048448646269034
"Amazon.com, Inc.",2022-07-15,2022-07-19,2,flat,flat,0.1835349729014084,0.6525999204846876,0.1638651066139042
"Amazon.com, Inc.",2022-07-18,2022-07-20,2,up,flat,0.1667205677974218,0.6298266765362819,0.20345275566629645
"Amazon.com, Inc.",2022-07-19,2022-07-21,2,up,flat,0.18010287784176715,0.5841854627745363,0.2357116593836966
"Amazon.com, Inc.",2022-07-20,2022-07-22,2,flat,flat,0.23331618261650353,0.47874849601746333,0.28793532136603306
"Amazon.com, Inc.",2022-07-21,2022-07-25,2,flat,flat,0.20950465515230224,0.483236784037696,0.3072585608100017
"Amazon.com, Inc.",2022-07-22,2022-07-26,2,down,flat,0.17742384624343846,0.5756315704670103,0.2469445832895511
"Amazon.com, Inc.",2022-07-25,2022-07-27,2,flat,flat,0.2557295158914082,0.5944811061288648,0.14978937797972697
"Amazon.com, Inc.",2022-07-26,2022-07-28,2,up,flat,0.17285822684858768,0.600261192848295,0.22688058030311717
"Amazon.com, Inc.",2022-07-27,2022-07-29,2,up,flat,0.12418571266743433,0.6639782242433272,0.21183606308923889
"Amazon.com, Inc.",2022-07-28,2022-08-01,2,up,flat,0.0983557876743134,0.7062501521966348,0.1953940601290515
"Amazon.com, Inc.",2022-07-29,2022-08-02,2,flat,flat,0.23495481290567344,0.5051447601684537,0.2599004269258728
"Amazon.com, Inc.",2022-08-01,2022-08-03,2,flat,flat,0.18846818605677423,0.5828872288487464,0.22864458509447924
"Amazon.com, Inc.",2022-08-02,2022-08-04,2,up,flat,0.16821502644237937,0.6400283964957176,0.1917565770619027
"Amazon.com, Inc.",2022-08-03,2022-08-05,2,flat,flat,0.1693830636280912,0.63012025185113,0.20049668452077893
"Amazon.com, Inc.",2022-08-04,2022-08-08,2,flat,flat,0.18183868674282394,0.6126426995578914,0.20551861369928473
"Amazon.com, Inc.",2022-08-05,2022-08-09,2,flat,flat,0.1613770253065007,0.6919684916061486,0.14665448308735085
"Amazon.com, Inc.",2022-08-08,2022-08-10,2,flat,flat,0.16806330048387072,0.6469675337414901,0.18496916577463934
"Amazon.com, Inc.",2022-08-09,2022-08-11,2,flat,flat,0.11047907117984902,0.6699513355325857,0.21956959328756537
"Amazon.com, Inc.",2022-08-10,2022-08-12,2,flat,flat,0.2939306153469022,0.48872058372140254,0.21734880093169515
"Amazon.com, Inc.",2022-08-11,2022-08-15,2,flat,flat,0.17401390574616155,0.6201873536139193,0.2057987406399192
"Amazon.com, Inc.",2022-08-12,2022-08-16,2,flat,flat,0.19438159767853083,0.6018804193082726,0.20373798301319646
"Amazon.com, Inc.",2022-08-15,2022-08-17,2,flat,flat,0.18921823475584096,0.6182587398458204,0.19252302539833888
"Amazon.com, Inc.",2022-08-16,2022-08-18,2,flat,flat,0.24523919918703474,0.5256985544697358,0.22906224634322936
"Amazon.com, Inc.",2022-08-17,2022-08-19,2,flat,flat,0.16599615597326078,0.6471847903239539,0.1868190537027855
"Amazon.com, Inc.",2022-08-18,2022-08-22,2,down,flat,0.1293176303415912,0.5908448449654539,0.27983752469295486
"Amazon.com, Inc.",2022-08-19,2022-08-23,2,down,flat,0.0620335163060994,0.5928081472102293,0.3451583364836715
"Amazon.com, Inc.",2022-08-22,2022-08-24,2,flat,flat,0.045703686473507685,0.6499418534481138,0.30435446007837846
"Amazon.com, Inc.",2022-08-23,2022-08-25,2,flat,flat,0.07466089492885172,0.55238375892413,0.37295534614701836
"Amazon.com, Inc.",2022-08-24,2022-08-26,2,flat,flat,0.0515004124880891,0.48920146386352775,0.4592981236483832
"Amazon.com, Inc.",2022-08-25,2022-08-29,2,down,flat,0.03559828663689334,0.5553112612355695,0.4090904521275373
"Amazon.com, Inc.",2022-08-26,2022-08-30,2,down,flat,0.05651670800765884,0.5252836630838971,0.4181996289084439
"Amazon.com, Inc.",2022-08-29,2022-08-31,2,flat,flat,0.05582142573510903,0.4888046052475282,0.4553739690173627
"Amazon.com, Inc.",2022-08-30,2022-09-01,2,flat,up,0.09335020882829893,0.4152547560889961,0.4913950350827049
"Amazon.com, Inc.",2022-08-31,2022-09-02,2,flat,flat,0.09157490538455385,0.46028184570622793,0.4481432489092183
"Amazon.com, Inc.",2022-09-01,2022-09-06,2,flat,flat,0.0992407639406782,0.4543375008998644,0.44642173515945743
"Amazon.com, Inc.",2022-09-02,2022-09-07,2,flat,flat,0.0936841287128215,0.5248468801884679,0.38146899109871085
"Amazon.com, Inc.",2022-09-06,2022-09-08,2,flat,up,0.1144630337857568,0.43357747895286564,0.45195948726137763
"Amazon.com, Inc.",2022-09-07,2022-09-09,2,up,flat,0.11533945478113662,0.5007157292275619,0.3839448159913018
"Amazon.com, Inc.",2022-09-08,2022-09-12,2,up,flat,0.10646695829386782,0.6054736603681647,0.2880593813379676
"Amazon.com, Inc.",2022-09-09,2022-09-13,2,flat,flat,0.11286614632861852,0.6412265688703207,0.24590728480106083
"Amazon.com, Inc.",2022-09-12,2022-09-14,2,down,flat,0.11328581742854613,0.6115725612049939,0.27514162136646
"Amazon.com, Inc.",2022-09-13,2022-09-15,2,flat,flat,0.1301989391506015,0.6484583171440832,0.22134274370531543
"Amazon.com, Inc.",2022-09-14,2022-09-16,2,down,flat,0.11024015549821425,0.5926989302847074,0.2970609142170782
"Amazon.com, Inc.",2022-09-15,2022-09-19,2,flat,flat,0.10089193856116169,0.552135356311657,0.34697270512718154
"Amazon.com, Inc.",2022-09-16,2022-09-20,2,flat,flat,0.0800409114101425,0.5561130248328379,0.36384606375701956
"Amazon.com, Inc.",2022-09-19,2022-09-21,2,flat,flat,0.1443724911801065,0.5293695978159646,0.326257911003929
"Amazon.com, Inc.",2022-09-20,2022-09-22,2,down,flat,0.1129174229262328,0.5577193022007404,0.3293632748730269
"Amazon.com, Inc.",2022-09-21,2022-09-23,2,down,flat,0.08388410631659467,0.6021062099430969,0.3140096837403086
"Amazon.com, Inc.",2022-09-22,2022-09-26,2,flat,flat,0.050501097827842185,0.5690633806484162,0.3804355215237418
"Amazon.com, Inc.",2022-09-23,2022-09-27,2,flat,flat,0.05140893115562187,0.5303688888085785,0.4182221800357999
"Amazon.com, Inc.",2022-09-26,2022-09-28,2,flat,flat,0.06198189293078987,0.6260439831564455,0.3119741239127644
"Amazon.com, Inc.",2022-09-27,2022-09-29,2,flat,flat,0.06685274652420997,0.7093765218961425,0.2237707315796474
"Amazon.com, Inc.",2022-09-28,2022-09-30,2,flat,flat,0.0701105388078038,0.7553035570546798,0.17458590413751654
"Amazon.com, Inc.",2022-09-29,2022-10-03,2,flat,flat,0.12846583831660896,0.674756903116355,0.19677725856703637
"Amazon.com, Inc.",2022-09-30,2022-10-04,2,up,flat,0.13662633922965006,0.6815283179778153,0.18184534279253475
"Amazon.com, Inc.",2022-10-03,2022-10-05,2,up,flat,0.134408681397989,0.7193505544852263,0.1462407641167849
"Amazon.com, Inc.",2022-10-04,2022-10-06,2,flat,flat,0.1674148282410131,0.7137192931730314,0.11886587858595574
"Amazon.com, Inc.",2022-10-05,2022-10-07,2,flat,flat,0.15616723319276318,0.7104107703338675,0.13342199647336944
"Amazon.com, Inc.",2022-10-06,2022-10-10,2,down,flat,0.1279925133863225,0.6992477112509954,0.17275977536268222
"Amazon.com, Inc.",2022-10-07,2022-10-11,2,flat,flat,0.10992786278390504,0.7241074982245721,0.16596463899152297
"Amazon.com, Inc.",2022-10-10,2022-10-12,2,flat,flat,0.11900933791916155,0.7126921373885928,0.16829852469224593
"Amazon.com, Inc.",2022-10-11,2022-10-13,2,flat,flat,0.1499955335629634,0.6412281826522195,0.20877628378481727
"Amazon.com, Inc.",2022-10-12,2022-10-14,2,flat,flat,0.14772981032238164,0.6426324320109178,0.2096377576667005
"Amazon.com, Inc.",2022-10-13,2022-10-17,2,flat,flat,0.11186231410682486,0.6304501555683557,0.2576875303248198
"Amazon.com, Inc.",2022-10-14,2022-10-18,2,up,flat,0.11456849217676288,0.7053062901487631,0.18012521767447406
"Amazon.com, Inc.",2022-10-17,2022-10-19,2,flat,flat,0.16330328509689884,0.6882214222243855,0.14847529267871587
"Amazon.com, Inc.",2022-10-18,2022-10-20,2,flat,flat,0.21438296772612037,0.658955326226885,0.12666170604699492
"Amazon.com, Inc.",2022-10-19,2022-10-21,2,flat,flat,0.1524252407599808,0.7371230278825321,0.1104517313574872
"Amazon.com, Inc.",2022-10-20,2022-10-24,2,flat,flat,0.11607318023860191,0.7703498931741863,0.11357692658721197
"Amazon.com, Inc.",2022-10-21,2022-10-25,2,flat,flat,0.12969161661471135,0.7372218363862209,0.13308654699906777
"Amazon.com, Inc.",2022-10-24,2022-10-26,2,flat,flat,0.11721653426648833,0.6976562949898458,0.18512717074366605
"Amazon.com, Inc.",2022-10-25,2022-10-27,2,down,flat,0.11673418543741879,0.7255418366742278,0.1577239778883535
"Amazon.com, Inc.",2022-10-26,2022-10-28,2,down,flat,0.1085312256864702,0.7992862286044368,0.09218254570909322
"Amazon.com, Inc.",2022-10-27,2022-10-31,2,down,flat,0.09163185932966987,0.7347177324386632,0.17365040823166702
"Amazon.com, Inc.",2022-10-28,2022-11-01,2,flat,flat,0.08601265018411279,0.5753794810988712,0.338607868717016
"Amazon.com, Inc.",2022-10-31,2022-11-02,2,down,flat,0.10384767005241988,0.6510334724757074,0.2451188574718729
"Amazon.com, Inc.",2022-11-01,2022-11-03,2,down,flat,0.07731432082904596,0.5258467472366757,0.39683893193427855
"Amazon.com, Inc.",2022-11-02,2022-11-04,2,flat,flat,0.07102586972374039,0.48118210858416377,0.44779202169209575
"Amazon.com, Inc.",2022-11-03,2022-11-07,2,flat,up,0.08942363284742023,0.3999028929548316,0.5106734741977482
"Amazon.com, Inc.",2022-11-04,2022-11-08,2,flat,flat,0.13242378719540585,0.5440014643591493,0.323574748445445
"Amazon.com, Inc.",2022-11-07,2022-11-09,2,flat,flat,0.17299467608380809,0.5786819810508064,0.24832334286538532
"Amazon.com, Inc.",2022-11-08,2022-11-10,2,flat,flat,0.14383212615857546,0.5436828917825376,0.3124849820588868
"Amazon.com, Inc.",2022-11-09,2022-11-11,2,up,flat,0.1133500414555919,0.5178798525892077,0.36877010595520054
"Amazon.com, Inc.",2022-11-10,2022-11-14,2,flat,flat,0.13789882419830465,0.7345664003166683,0.12753477548502723
"Amazon.com, Inc.",2022-11-11,2022-11-15,2,flat,flat,0.12036647363693083,0.7714710964046237,0.10816242995844545
"Amazon.com, Inc.",2022-11-14,2022-11-16,2,flat,flat,0.10745054298690178,0.7425875449426057,0.14996191207049225
"Amazon.com, Inc.",2022-11-15,2022-11-17,2,flat,flat,0.10936758192192855,0.7243841702908068,0.1662482477872645
"Amazon.com, Inc.",2022-11-16,2022-11-18,2,flat,flat,0.08389826392658702,0.7476722488342805,0.16842948723913223
"Amazon.com, Inc.",2022-11-17,2022-11-21,2,flat,flat,0.09829925057871168,0.738115934204378,0.16358481521691018
"Amazon.com, Inc.",2022-11-18,2022-11-22,2,flat,flat,0.19025515292361497,0.6637110691794815,0.14603377789690344
"Amazon.com, Inc.",2022-11-21,2022-11-23,2,flat,flat,0.23803817633604818,0.5970560140130131,0.16490580965093862
"Amazon.com, Inc.",2022-11-22,2022-11-25,2,flat,flat,0.23897326712470413,0.596610972034165,0.16441576084113063
"Amazon.com, Inc.",2022-11-23,2022-11-28,2,flat,flat,0.17358626039392924,0.6548130099273684,0.17160072967870246
"Amazon.com, Inc.",2022-11-25,2022-11-29,2,flat,flat,0.17822620443362047,0.6092175736523298,0.21255622191404974
"Amazon.com, Inc.",2022-11-28,2022-11-30,2,flat,flat,0.18474642147609718,0.6351156539256393,0.18013792459826355
"Amazon.com, Inc.",2022-11-29,2022-12-01,2,flat,flat,0.12115420990515649,0.6830724628562429,0.19577332723860072
"Amazon.com, Inc.",2022-11-30,2022-12-02,2,flat,flat,0.12616737070062686,0.7217328098247475,0.15209981947462542
"Amazon.com, Inc.",2022-12-01,2022-12-05,2,down,flat,0.13745396303682247,0.6942104323431105,0.1683356046200673
"Amazon.com, Inc.",2022-12-02,2022-12-06,2,down,flat,0.12682865274850422,0.7477127607101061,0.12545858654138964
"Amazon.com, Inc.",2022-12-05,2022-12-07,2,down,flat,0.1777099512605135,0.6626265855332665,0.15966346320621982
"Amazon.com, Inc.",2022-12-06,2022-12-08,2,flat,flat,0.17541430733270016,0.6530678668310764,0.17151782583622346
"Amazon.com, Inc.",2022-12-07,2022-12-09,2,flat,flat,0.1873113908056338,0.6430957030586616,0.16959290613570463
"Amazon.com, Inc.",2022-12-08,2022-12-12,2,flat,flat,0.24012594243889931,0.6120342613597526,0.1478397962013476
"Amazon.com, Inc.",2022-12-09,2022-12-13,2,up,flat,0.20283615564110544,0.6434669816203004,0.15369686273859412
"Amazon.com, Inc.",2022-12-12,2022-12-14,2,flat,flat,0.2384510618260944,0.6044570588791628,0.15709187929474236
"Amazon.com, Inc.",2022-12-13,2022-12-15,2,down,flat,0.20346743875547826,0.6357487163441025,0.1607838449004192
"Amazon.com, Inc.",2022-12-14,2022-12-16,2,down,flat,0.14134376171058866,0.774344084318718,0.08431215397069323
"Amazon.com, Inc.",2022-12-15,2022-12-19,2,flat,flat,0.13620155508728185,0.781190153437588,0.0826082914751301
"Amazon.com, Inc.",2022-12-16,2022-12-20,2,flat,flat,0.1324878983796583,0.7527288188353092,0.11478328278503248
"Amazon.com, Inc.",2022-12-19,2022-12-21,2,flat,flat,0.1415676758735858,0.7125087936796628,0.1459235304467512
"Amazon.com, Inc.",2022-12-20,2022-12-22,2,flat,flat,0.1895562667987306,0.7013078319550914,0.10913590124617797
"Amazon.com, Inc.",2022-12-21,2022-12-23,2,flat,flat,0.21072753019503454,0.5685450981427129,0.2207273716622523
"Amazon.com, Inc.",2022-12-22,2022-12-27,2,flat,flat,0.15385674730456655,0.6545394003807451,0.19160385231468857
"Amazon.com, Inc.",2022-12-23,2022-12-28,2,flat,flat,0.12766177104336382,0.5702381429158128,0.30210008604082345
"Amazon.com, Inc.",2022-12-27,2022-12-29,2,flat,flat,0.17151875250224535,0.5879222501848773,0.24055899731287728
"Amazon.com, Inc.",2022-12-28,2022-12-30,2,flat,flat,0.0948559038139427,0.7442245444340859,0.16091955175197142
"Amazon.com, Inc.",2022-12-29,2023-01-03,2,flat,flat,0.1352112023019431,0.6170877230033032,0.24770107469475383
"Amazon.com, Inc.",2022-12-30,2023-01-04,2,flat,flat,0.17001746969443254,0.5772246149635104,0.25275791534205716
"Amazon.com, Inc.",2023-01-03,2023-01-05,2,flat,flat,0.1709659147472939,0.4680205505514317,0.3610135347012744
"Amazon.com, Inc.",2023-01-04,2023-01-06,2,flat,flat,0.15236360898946122,0.5449293375642269,0.30270705344631205
"Amazon.com, Inc.",2023-01-05,2023-01-09,2,up,flat,0.10452210995115785,0.7668598474018572,0.12861804264698487
"Amazon.com, Inc.",2023-01-06,2023-01-10,2,up,flat,0.20777197661175273,0.5793465229647643,0.212881500423483
"Amazon.com, Inc.",2023-01-09,2023-01-11,2,up,flat,0.19755188942143748,0.5377703214689247,0.2646777891096379
"Amazon.com, Inc.",2023-01-10,2023-01-12,2,up,flat,0.18464488747113658,0.5513112649556835,0.2640438475731799
"Amazon.com, Inc.",2023-01-11,2023-01-13,2,up,flat,0.28244092629308937,0.5693335149270318,0.14822555877987886
"Amazon.com, Inc.",2023-01-12,2023-01-17,2,flat,flat,0.2663651053128398,0.5809941009950726,0.15264079369208736
"Amazon.com, Inc.",2023-01-13,2023-01-18,2,flat,flat,0.22303673601227608,0.6028068960761083,0.1741563679116157
"Amazon.com, Inc.",2023-01-17,2023-01-19,2,flat,flat,0.20091795457350453,0.6142841721617376,0.1847978732647582
"Amazon.com, Inc.",2023-01-18,2023-01-20,2,flat,flat,0.13154459115359082,0.6984835342082332,0.16997187463817617
"Amazon.com, Inc.",2023-01-19,2023-01-23,2,flat,flat,0.07035012544859691,0.7477244172161025,0.1819254573353001
"Amazon.com, Inc.",2023-01-20,2023-01-24,2,flat,flat,0.11270496131371889,0.735835390411156,0.15145964827512493
"Amazon.com, Inc.",2023-01-23,2023-01-25,2,flat,flat,0.1134351468828947,0.7247015436449783,0.16186330947212707
"Amazon.com, Inc.",2023-01-24,2023-01-26,2,flat,flat,0.12713897842538996,0.678322705510097,0.1945383160645131
"Amazon.com, Inc.",2023-01-25,2023-01-27,2,up,flat,0.10898678652011999,0.6860118409427968,0.20500137253708328
"Amazon.com, Inc.",2023-01-26,2023-01-30,2,flat,flat,0.18225134084746697,0.5807626373332344,0.23698602181929862
"Amazon.com, Inc.",2023-01-27,2023-01-31,2,flat,flat,0.1173718716940057,0.5217661569873108,0.36086197131868347
"Amazon.com, Inc.",2023-01-30,2023-02-01,2,flat,flat,0.1424360201624634,0.5770562971144099,0.2805076827231267
"Amazon.com, Inc.",2023-01-31,2023-02-02,2,up,up,0.08142951693260324,0.40104208858537377,0.5175283944820233
"Amazon.com, Inc.",2023-02-01,2023-02-03,2,flat,up,0.0749187179615312,0.43247757162513706,0.4926037104133318
"Amazon.com, Inc.",2023-02-02,2023-02-06,2,down,up,0.09966516851994375,0.43780474569778954,0.46253008578226684
"Amazon.com, Inc.",2023-02-03,2023-02-07,2,flat,flat,0.14308500555431583,0.6520845548849469,0.2048304395607371
"Amazon.com, Inc.",2023-02-06,2023-02-08,2,flat,flat,0.1745047321262523,0.6619818490279991,0.16351341884574844
"Amazon.com, Inc.",2023-02-07,2023-02-09,2,flat,flat,0.2558386967627582,0.5226508137644779,0.2215104894727637
"Amazon.com, Inc.",2023-02-08,2023-02-10,2,flat,flat,0.23593114549666058,0.6132357457030595,0.15083310880027995
"Amazon.com, Inc.",2023-02-09,2023-02-13,2,flat,flat,0.40267150286544934,0.5069036758620806,0.09042482127247004
"Amazon.com, Inc.",2023-02-10,2023-02-14,2,flat,flat,0.407178039662486,0.4837894329967372,0.1090325273407768
"Amazon.com, Inc.",2023-02-13,2023-02-15,2,flat,flat,0.26516600957966635,0.5925007745986851,0.14233321582164848
"Amazon.com, Inc.",2023-02-14,2023-02-16,2,flat,flat,0.253297283580593,0.6089229448423951,0.13777977157701182
"Amazon.com, Inc.",2023-02-15,2023-02-17,2,flat,flat,0.31896482893527933,0.555410517381466,0.1256246536832546
"Amazon.com, Inc.",2023-02-16,2023-02-21,2,flat,down,0.5027365214758909,0.3555300092006421,0.14173346932346712
"Amazon.com, Inc.",2023-02-17,2023-02-22,2,flat,down,0.4741783508899548,0.40246817808192104,0.12335347102812425
"Amazon.com, Inc.",2023-02-21,2023-02-23,2,flat,down,0.4629971432177136,0.3945981947185034,0.14240466206378316
"Amazon.com, Inc.",2023-02-22,2023-02-24,2,flat,flat,0.3422760459919273,0.5153396535908685,0.1423843004172042
"Amazon.com, Inc.",2023-02-23,2023-02-27,2,flat,flat,0.35292335985918555,0.4750094768911088,0.17206716324970553
"Amazon.com, Inc.",2023-02-24,2023-02-28,2,flat,down,0.52105096602012,0.3625111384858031,0.11643789549407707
"Amazon.com, Inc.",2023-02-27,2023-03-01,2,flat,flat,0.4409207825683301,0.458475529806218,0.1006036876254519
"Amazon.com, Inc.",2023-02-28,2023-03-02,2,flat,flat,0.38429049186070174,0.4856031963074181,0.1301063118318801
"Amazon.com, Inc.",2023-03-01,2023-03-03,2,flat,flat,0.34260804769299136,0.5106907766887231,0.14670117561828536
"Amazon.com, Inc.",2023-03-02,2023-03-06,2,up,flat,0.43524608402211984,0.4379062909667011,0.12684762501117922
"Amazon.com, Inc.",2023-03-03,2023-03-07,2,flat,flat,0.2298777986293388,0.6449014523327793,0.1252207490378821
"Amazon.com, Inc.",2023-03-06,2023-03-08,2,flat,flat,0.17796204320948036,0.7032341207122809,0.11880383607823897
"Amazon.com, Inc.",2023-03-07,2023-03-09,2,flat,flat,0.19854871971414836,0.7156844712685377,0.08576680901731404
"Amazon.com, Inc.",2023-03-08,2023-03-10,2,flat,flat,0.20954508590355642,0.6867178322396122,0.10373708185683121
"Amazon.com, Inc.",2023-03-09,2023-03-13,2,flat,flat,0.14672172121992652,0.7410097871775531,0.1122684916025202
"Amazon.com, Inc.",2023-03-10,2023-03-14,2,flat,flat,0.2670123551764215,0.6203353886343179,0.11265225618926047
"Amazon.com, Inc.",2023-03-13,2023-03-15,2,up,flat,0.2298150722558901,0.657538325824714,0.11264660191939577
"Amazon.com, Inc.",2023-03-14,2023-03-16,2,up,flat,0.19059584554305625,0.616595187494555,0.19280896696238883
"Amazon.com, Inc.",2023-03-15,2023-03-17,2,up,flat,0.11443281037852675,0.7047157316189915,0.18085145800248195
"Amazon.com, Inc.",2023-03-16,2023-03-20,2,flat,flat,0.14818952527721113,0.707375698395416,0.14443477632737292
"Amazon.com, Inc.",2023-03-17,2023-03-21,2,flat,flat,0.09121576078343796,0.7517204806532867,0.15706375856327545
"Amazon.com, Inc.",2023-03-20,2023-03-22,2,flat,flat,0.14472750666088371,0.7778632060114744,0.07740928732764224
"Amazon.com, Inc.",2023-03-21,2023-03-23,2,flat,flat,0.07368969409216361,0.719924959317461,0.20638534659037547
"Amazon.com, Inc.",2023-03-22,2023-03-24,2,flat,flat,0.09701219317385547,0.6643402701685309,0.23864753665761373
"Amazon.com, Inc.",2023-03-23,2023-03-27,2,flat,flat,0.1580637508738078,0.6496012709776005,0.1923349781485918
"Amazon.com, Inc.",2023-03-24,2023-03-28,2,flat,flat,0.24305603235443268,0.5795274626167152,0.17741650502885215
"Amazon.com, Inc.",2023-03-27,2023-03-29,2,flat,flat,0.17163883942011293,0.6650744025168487,0.16328675806303855
"Amazon.com, Inc.",2023-03-28,2023-03-30,2,up,flat,0.2748383262734004,0.566847092678084,0.1583145810485155
"Amazon.com, Inc.",2023-03-29,2023-03-31,2,flat,flat,0.1983725821513354,0.5985438531048802,0.20308356474378467
"Amazon.com, Inc.",2023-03-30,2023-04-03,2,flat,flat,0.22755014156883388,0.519147274648319,0.25330258378284726
"Amazon.com, Inc.",2023-03-31,2023-04-04,2,flat,flat,0.20248695230258773,0.42763487332203576,0.3698781743753766
"Amazon.com, Inc.",2023-04-03,2023-04-05,2,flat,flat,0.2365976680011305,0.5161136224355491,0.2472887095633203
"Amazon.com, Inc.",2023-04-04,2023-04-06,2,flat,flat,0.20060891360127933,0.4372895833719677,0.36210150302675304
"Amazon.com, Inc.",2023-04-05,2023-04-10,2,flat,flat,0.3689968675573281,0.5039296625202423,0.12707346992242952
"Amazon.com, Inc.",2023-04-06,2023-04-11,2,flat,flat,0.4378557458770608,0.45786373002483133,0.10428052409810787
"Amazon.com, Inc.",2023-04-10,2023-04-12,2,flat,flat,0.31068811253341966,0.5249735854914627,0.16433830197511756
"Amazon.com, Inc.",2023-04-11,2023-04-13,2,flat,down,0.5027588902477153,0.3953331404177869,0.10190796933449812
"Amazon.com, Inc.",2023-04-12,2023-04-14,2,up,down,0.5403970242884248,0.3984366114661345,0.061166364245440884
"Amazon.com, Inc.",2023-04-13,2023-04-17,2,flat,flat,0.26819915756496804,0.5965225451995348,0.1352782972354969
"Amazon.com, Inc.",2023-04-14,2023-04-18,2,flat,flat,0.3051750634057856,0.5401754835857484,0.15464945300846572
"Amazon.com, Inc.",2023-04-17,2023-04-19,2,flat,flat,0.32030482255038495,0.5021668027799491,0.17752837466966587
"Amazon.com, Inc.",2023-04-18,2023-04-20,2,flat,flat,0.27841814972830314,0.5594874215076165,0.16209442876408023
"Amazon.com, Inc.",2023-04-19,2023-04-21,2,up,flat,0.31171559285551814,0.5160221990995147,0.17226220804496695
"Amazon.com, Inc.",2023-04-20,2023-04-24,2,up,flat,0.24908775150629997,0.5053599497646706,0.24555229872902942
"Amazon.com, Inc.",2023-04-21,2023-04-25,2,flat,flat,0.28264070059156937,0.4632275915040116,0.25413170790441875
"Amazon.com, Inc.",2023-04-24,2023-04-26,2,flat,flat,0.22604999924926233,0.5663236661686623,0.20762633458207533
"Amazon.com, Inc.",2023-04-25,2023-04-27,2,up,flat,0.42863077012269796,0.4681890525861116,0.10318017729119029
"Amazon.com, Inc.",2023-04-26,2023-04-28,2,flat,flat,0.24460995270385383,0.5758818848190892,0.1795081624770567
"Amazon.com, Inc.",2023-04-27,2023-05-01,2,down,flat,0.24019355723545807,0.4970982096695712,0.26270823309497027
"Amazon.com, Inc.",2023-04-28,2023-05-02,2,down,flat,0.41275555825521804,0.4724178956119671,0.11482654613281466
"Amazon.com, Inc.",2023-05-01,2023-05-03,2,flat,flat,0.3251785509278266,0.5248686168618439,0.14995283221032923
"Amazon.com, Inc.",2023-05-02,2023-05-04,2,flat,down,0.42642220606424064,0.42153394714489073,0.1520438467908685
"Amazon.com, Inc.",2023-05-03,2023-05-05,2,flat,flat,0.2559765623552501,0.6329434124867142,0.11108002515803544
"Amazon.com, Inc.",2023-05-04,2023-05-08,2,flat,flat,0.31177692966969567,0.5043860123440171,0.18383705798628683
"Amazon.com, Inc.",2023-05-05,2023-05-09,2,flat,flat,0.2732388003554293,0.549791320546856,0.1769698790977145
"Amazon.com, Inc.",2023-05-08,2023-05-10,2,up,flat,0.2713366051212188,0.5616216556529746,0.16704173922580615
"Amazon.com, Inc.",2023-05-09,2023-05-11,2,up,flat,0.2586688237552105,0.5787888197965092,0.1625423564482802
"Amazon.com, Inc.",2023-05-10,2023-05-12,2,flat,flat,0.2300707434610959,0.5158828499343616,0.2540464066045423
"Amazon.com, Inc.",2023-05-11,2023-05-15,2,flat,flat,0.258095424616792,0.4371585466484867,0.30474602873472123
"Amazon.com, Inc.",2023-05-12,2023-05-16,2,flat,flat,0.3040721778477545,0.5420474646040759,0.1538803575481695
"Amazon.com, Inc.",2023-05-15,2023-05-17,2,up,flat,0.22925125393384782,0.5628147528071156,0.20793399325903664
"Amazon.com, Inc.",2023-05-16,2023-05-18,2,up,flat,0.24301621936214027,0.5092034769455543,0.24778030369230536
"Amazon.com, Inc.",2023-05-17,2023-05-19,2,flat,flat,0.2339550069166847,0.5028512020272307,0.2631937910560846
"Amazon.com, Inc.",2023-05-18,2023-05-22,2,flat,flat,0.24016960695329329,0.5481846407272291,0.21164575231947744
"Amazon.com, Inc.",2023-05-19,2023-05-23,2,flat,flat,0.2105400264004805,0.6546547826495355,0.13480519094998406
"Amazon.com, Inc.",2023-05-22,2023-05-24,2,flat,flat,0.2677105437427098,0.6468059022807477,0.08548355397654239
"Amazon.com, Inc.",2023-05-23,2023-05-25,2,flat,flat,0.28926066881900164,0.579907041915893,0.13083228926510512
"Amazon.com, Inc.",2023-05-24,2023-05-26,2,flat,flat,0.23620404652324928,0.633719630238372,0.13007632323837837
"Amazon.com, Inc.",2023-05-25,2023-05-30,2,up,flat,0.30004311690975266,0.5552187061351802,0.14473817695506677
"Amazon.com, Inc.",2023-05-26,2023-05-31,2,flat,flat,0.2534658055932619,0.5850445189595432,0.16148967544719448
"Amazon.com, Inc.",2023-05-30,2023-06-01,2,flat,flat,0.3414806864615079,0.505789770944263,0.15272954259422872
"Amazon.com, Inc.",2023-05-31,2023-06-02,2,up,flat,0.19146643384518328,0.7291529804129694,0.07938058574184746
"Amazon.com, Inc.",2023-06-01,2023-06-05,2,flat,flat,0.18279952915102973,0.6624734970288304,0.15472697382013964
"Amazon.com, Inc.",2023-06-02,2023-06-06,2,flat,flat,0.29737337513727863,0.5461220052664274,0.15650461959629353
"Amazon.com, Inc.",2023-06-05,2023-06-07,2,flat,flat,0.16101574927965498,0.721824180956813,0.11716006976353233
"Amazon.com, Inc.",2023-06-06,2023-06-08,2,flat,flat,0.223198157025128,0.5926157201034848,0.18418612287138697
"Amazon.com, Inc.",2023-06-07,2023-06-09,2,flat,flat,0.1616868328454194,0.6894269961471605,0.14888617100742033
"Amazon.com, Inc.",2023-06-08,2023-06-12,2,flat,flat,0.11213614491959327,0.6750091360621769,0.21285471901822994
"Amazon.com, Inc.",2023-06-09,2023-06-13,2,flat,flat,0.08936910430972969,0.6138155423052694,0.296815353385001
"Amazon.com, Inc.",2023-06-12,2023-06-14,2,flat,flat,0.1234844718052345,0.5901450870071331,0.2863704411876321
"Amazon.com, Inc.",2023-06-13,2023-06-15,2,flat,flat,0.1291222041203552,0.5958321738989906,0.2750456219806539
"Amazon.com, Inc.",2023-06-14,2023-06-16,2,flat,flat,0.19752878038881722,0.5938507044354783,0.20862051517570443
"Amazon.com, Inc.",2023-06-15,2023-06-20,2,flat,flat,0.07595795665082926,0.6617482914491866,0.2622937518999839
"Amazon.com, Inc.",2023-06-16,2023-06-21,2,flat,flat,0.08399463630291677,0.6511650753592548,0.26484028833782813
"Amazon.com, Inc.",2023-06-20,2023-06-22,2,flat,flat,0.12935977477484564,0.5815768515417246,0.2890633736834297
"Amazon.com, Inc.",2023-06-21,2023-06-23,2,up,flat,0.06572820093970182,0.5439184777644196,0.3903533212958785
"Amazon.com, Inc.",2023-06-22,2023-06-26,2,flat,flat,0.055216693948527046,0.6223799614663225,0.32240334458515035
"Amazon.com, Inc.",2023-06-23,2023-06-27,2,flat,flat,0.06615573172026917,0.6352291281532209,0.2986151401265098
"Amazon.com, Inc.",2023-06-26,2023-06-28,2,flat,flat,0.0999260881585151,0.5682478463409596,0.33182606550052535
"Amazon.com, Inc.",2023-06-27,2023-06-29,2,flat,flat,0.054503659041188396,0.6283130203093066,0.31718332064950483
"Amazon.com, Inc.",2023-06-28,2023-06-30,2,flat,flat,0.05667355022211443,0.6825720708092899,0.2607543789685956
"Amazon.com, Inc.",2023-06-29,2023-07-03,2,flat,flat,0.126046103926404,0.5373000272641972,0.33665386880939857
"Amazon.com, Inc.",2023-06-30,2023-07-05,2,flat,flat,0.04487687463659122,0.569889150725933,0.38523397463747555
"Amazon.com, Inc.",2023-07-03,2023-07-06,2,flat,flat,0.05706714218573539,0.564820494384415,0.3781123634298498
"Amazon.com, Inc.",2023-07-05,2023-07-07,2,flat,flat,0.072381758179257,0.5237201756127294,0.4038980662080136
"Amazon.com, Inc.",2023-07-06,2023-07-10,2,flat,up,0.09130562323082189,0.4510090642223282,0.45768531254684974
"Amazon.com, Inc.",2023-07-07,2023-07-11,2,flat,flat,0.02319605270504286,0.5202374544468819,0.45656649284807543
"Amazon.com, Inc.",2023-07-10,2023-07-12,2,flat,up,0.07754668057518621,0.45919620319586474,0.46325711622894905
"Amazon.com, Inc.",2023-07-11,2023-07-13,2,up,flat,0.015802268539348994,0.5131474627004028,0.47105026876024825
"Amazon.com, Inc.",2023-07-12,2023-07-14,2,up,flat,0.01895536333380573,0.6008379434339612,0.38020669323223283
"Amazon.com, Inc.",2023-07-13,2023-07-17,2,flat,flat,0.11678053711891097,0.6108013773125218,0.27241808556856717
"Amazon.com, Inc.",2023-07-14,2023-07-18,2,flat,flat,0.08894404629142279,0.5868504998974955,0.32420545381108157
"Amazon.com, Inc.",2023-07-17,2023-07-19,2,flat,flat,0.08085446689365522,0.6047670308063605,0.3143785022999846
"Amazon.com, Inc.",2023-07-18,2023-07-20,2,flat,flat,0.15241859414507225,0.5555807956098134,0.29200061024511426
"Amazon.com, Inc.",2023-07-19,2023-07-21,2,down,flat,0.053578169783326926,0.5573026288043197,0.38911920141235323
"Amazon.com, Inc.",2023-07-20,2023-07-24,2,flat,up,0.11045879348307841,0.4257608826727711,0.46378032384415036
"Amazon.com, Inc.",2023-07-21,2023-07-25,2,flat,flat,0.07788724127519611,0.4840658464026101,0.43804691232219384
"Amazon.com, Inc.",2023-07-24,2023-07-26,2,flat,up,0.07731581411356013,0.43184966270748537,0.4908345231789545
"Amazon.com, Inc.",2023-07-25,2023-07-27,2,flat,up,0.0886544588107515,0.4280414325774327,0.4833041086118156
"Amazon.com, Inc.",2023-07-26,2023-07-28,2,up,flat,0.11681948307582571,0.5144880188204067,0.3686924981037679
"Amazon.com, Inc.",2023-07-27,2023-07-31,2,up,flat,0.08317672486238259,0.4977161104939981,0.41910716464361947
"Amazon.com, Inc.",2023-07-28,2023-08-01,2,flat,flat,0.10665967335302211,0.4591287628700269,0.4342115637769509
"Amazon.com, Inc.",2023-07-31,2023-08-02,2,down,flat,0.12421362590497875,0.5441740568209879,0.33161231727403373
"Amazon.com, Inc.",2023-08-01,2023-08-03,2,down,flat,0.14350087931270294,0.5130729167291823,0.3434262039581153
"Amazon.com, Inc.",2023-08-02,2023-08-04,2,up,flat,0.13720561158015682,0.543981376974197,0.31881301144564655
"Amazon.com, Inc.",2023-08-03,2023-08-07,2,up,up,0.11190333858635518,0.42538416035600873,0.462712501057636
"Amazon.com, Inc.",2023-08-04,2023-08-08,2,flat,flat,0.18361444970865914,0.5054230608774257,0.3109624894139154
"Amazon.com, Inc.",2023-08-07,2023-08-09,2,flat,flat,0.11885216286774249,0.5774553672551679,0.30369246987708975
"Amazon.com, Inc.",2023-08-08,2023-08-10,2,flat,flat,0.17239940279383528,0.6071848598055055,0.22041573740065906
"Amazon.com, Inc.",2023-08-09,2023-08-11,2,flat,flat,0.1058157844439689,0.6218566150168773,0.27232760053915384
"Amazon.com, Inc.",2023-08-10,2023-08-14,2,flat,flat,0.05761430151658059,0.6364317349382821,0.30595396354513743
"Amazon.com, Inc.",2023-08-11,2023-08-15,2,flat,flat,0.06255174947011334,0.5470102257730226,0.3904380247568642
"Amazon.com, Inc.",2023-08-14,2023-08-16,2,flat,flat,0.049475899095759626,0.5557518750949146,0.39477222580932597
"Amazon.com, Inc.",2023-08-15,2023-08-17,2,down,flat,0.03783138413269107,0.5867838866529602,0.3753847292143489
"Amazon.com, Inc.",2023-08-16,2023-08-18,2,flat,flat,0.07238270830146203,0.5006758018437458,0.42694148985479224
"Amazon.com, Inc.",2023-08-17,2023-08-21,2,flat,flat,0.06686030232518185,0.5325110532850164,0.40062864438980206
"Amazon.com, Inc.",2023-08-18,2023-08-22,2,flat,flat,0.09622083430976419,0.5505581082342699,0.353221057455966
"Amazon.com, Inc.",2023-08-21,2023-08-23,2,flat,flat,0.07863040318269174,0.5358597777406188,0.38550981907668963
"Amazon.com, Inc.",2023-08-22,2023-08-24,2,flat,flat,0.06983010032815289,0.5185628166752211,0.411607082996626
"Amazon.com, Inc.",2023-08-23,2023-08-25,2,flat,flat,0.09050194725981844,0.521718477917811,0.3877795748223708
"Amazon.com, Inc.",2023-08-24,2023-08-28,2,flat,flat,0.13248895503851504,0.5259803766620268,0.34153066829945844
"Amazon.com, Inc.",2023-08-25,2023-08-29,2,flat,flat,0.16002815221752079,0.5382724753889124,0.30169937239356687
"Amazon.com, Inc.",2023-08-28,2023-08-30,2,flat,flat,0.09783703453038152,0.5848442581314806,0.31731870733813816
"Amazon.com, Inc.",2023-08-29,2023-08-31,2,flat,flat,0.1047141465417237,0.5785964650290295,0.31668938842924704
"Amazon.com, Inc.",2023-08-30,2023-09-01,2,up,flat,0.1087814506907149,0.5098077484242852,0.3814108008850001
"Amazon.com, Inc.",2023-08-31,2023-09-05,2,flat,flat,0.09355764155574146,0.5426088419428892,0.36383351650136947
"Amazon.com, Inc.",2023-09-01,2023-09-06,2,flat,up,0.05205657820229596,0.44437013396977065,0.5035732878279333
"Amazon.com, Inc.",2023-09-05,2023-09-07,2,flat,flat,0.2543060294159222,0.455090394418194,0.29060357616588395
"Amazon.com, Inc.",2023-09-06,2023-09-08,2,flat,flat,0.23131578430887592,0.43941301555345214,0.3292712001376715
"Amazon.com, Inc.",2023-09-07,2023-09-11,2,up,up,0.09689918711829215,0.43650102847759603,0.4665997844041117
"Amazon.com, Inc.",2023-09-08,2023-09-12,2,up,up,0.0677432432196572,0.3815597915423484,0.5506969652379948
"Amazon.com, Inc.",2023-09-11,2023-09-13,2,flat,up,0.0640563432349667,0.3892250702572937,0.5467185865077395
"Amazon.com, Inc.",2023-09-12,2023-09-14,2,flat,flat,0.10545972248725127,0.4709130882475604,0.4236271892651885
"Amazon.com, Inc.",2023-09-13,2023-09-15,2,flat,up,0.030996637061840065,0.4418943691623521,0.5271089937758079
"Amazon.com, Inc.",2023-09-14,2023-09-18,2,down,up,0.06751366507566287,0.361050727037487,0.5714356078868499
"Amazon.com, Inc.",2023-09-15,2023-09-19,2,down,flat,0.14254789176549432,0.6068244471773673,0.25062766105713846
"Amazon.com, Inc.",2023-09-18,2023-09-20,2,down,flat,0.1053561059304842,0.5606366250988989,0.3340072689706167
"Amazon.com, Inc.",2023-09-19,2023-09-21,2,down,flat,0.0604483507871983,0.48374704854512474,0.4558046006676771
"Amazon.com, Inc.",2023-09-20,2023-09-22,2,down,flat,0.07764074530058758,0.48539816980087125,0.43696108489854124
"Amazon.com, Inc.",2023-09-21,2023-09-25,2,flat,flat,0.07343267789836942,0.5098545350278555,0.4167127870737752
"Amazon.com, Inc.",2023-09-22,2023-09-26,2,flat,up,0.1411364419446274,0.4014572650378516,0.45740629301752106
"Amazon.com, Inc.",2023-09-25,2023-09-27,2,down,up,0.14402117965749983,0.35470085593782685,0.5012779644046734
"Amazon.com, Inc.",2023-09-26,2023-09-28,2,flat,flat,0.07744525935749831,0.4628730615907959,0.45968167905170576
"Amazon.com, Inc.",2023-09-27,2023-09-29,2,flat,flat,0.0636825958256054,0.4943257056253006,0.441991698549094
"Amazon.com, Inc.",2023-09-28,2023-10-02,2,flat,flat,0.05752815669863136,0.542704119425671,0.39976772387569776
"Amazon.com, Inc.",2023-09-29,2023-10-03,2,flat,flat,0.12212350761754662,0.5686609371369524,0.30921555524550126
"Amazon.com, Inc.",2023-10-02,2023-10-04,2,flat,flat,0.12874477687870478,0.5450950069984233,0.3261602161228722
"Amazon.com, Inc.",2023-10-03,2023-10-05,2,flat,flat,0.08728338691462405,0.5795831157750886,0.33313349731028735
"Amazon.com, Inc.",2023-10-04,2023-10-06,2,flat,flat,0.10829521554826575,0.6602635064300881,0.23144127802164666
"Amazon.com, Inc.",2023-10-05,2023-10-09,2,flat,flat,0.07400231436597526,0.658823174400178,0.26717451123384717
"Amazon.com, Inc.",2023-10-06,2023-10-10,2,flat,flat,0.09813664031616048,0.643580752193958,0.2582826074898815
"Amazon.com, Inc.",2023-10-09,2023-10-11,2,flat,flat,0.11706188249168017,0.6698637177496607,0.21307439975865908
"Amazon.com, Inc.",2023-10-10,2023-10-12,2,flat,flat,0.0656821034206555,0.7037849005796893,0.2305329959996554
"Amazon.com, Inc.",2023-10-11,2023-10-13,2,flat,flat,0.06509959759343639,0.6693818267501795,0.265518575656384
"Amazon.com, Inc.",2023-10-12,2023-10-16,2,flat,flat,0.07711100170109247,0.7002661804107926,0.22262281788811492
"Amazon.com, Inc.",2023-10-13,2023-10-17,2,flat,flat,0.06664722345527051,0.7961669310568391,0.13718584548789017
"Amazon.com, Inc.",2023-10-16,2023-10-18,2,flat,flat,0.03745834600925569,0.7238253786882197,0.23871627530252465
"Amazon.com, Inc.",2023-10-17,2023-10-19,2,flat,flat,0.041708546400090786,0.7461041505096108,0.21218730309029826
"Amazon.com, Inc.",2023-10-18,2023-10-20,2,flat,flat,0.047431676287289025,0.6739176594883298,0.27865066422438106
"Amazon.com, Inc.",2023-10-19,2023-10-23,2,down,flat,0.04690430325832121,0.5696221513317203,0.38347354540995837
"Amazon.com, Inc.",2023-10-20,2023-10-24,2,flat,flat,0.08910398114853786,0.5959380946040551,0.31495792424740715
"Amazon.com, Inc.",2023-10-23,2023-10-25,2,flat,flat,0.09773896241310459,0.6048510515104956,0.29740998607639946
"Amazon.com, Inc.",2023-10-24,2023-10-26,2,down,flat,0.0632874224751656,0.5687780311925812,0.367934546332253
"Amazon.com, Inc.",2023-10-25,2023-10-27,2,flat,flat,0.07940479133957652,0.6380821831273767,0.2825130255330468
"Amazon.com, Inc.",2023-10-26,2023-10-30,2,up,flat,0.09406391059430876,0.6168926443726714,0.2890434450330199
"Amazon.com, Inc.",2023-10-27,2023-10-31,2,up,flat,0.07391372719973745,0.7155438112958188,0.2105424615044441
"Amazon.com, Inc.",2023-10-30,2023-11-01,2,up,flat,0.09624783616997432,0.7308065150219414,0.17294564880808427
"Amazon.com, Inc.",2023-10-31,2023-11-02,2,up,flat,0.13463910956515138,0.6557243721650134,0.20963651826983531
"Amazon.com, Inc.",2023-11-01,2023-11-03,2,flat,flat,0.14185020837525075,0.5872772891189585,0.27087250250579087
"Amazon.com, Inc.",2023-11-02,2023-11-06,2,flat,flat,0.14967323053582768,0.505693073285716,0.3446336961784568
"Amazon.com, Inc.",2023-11-03,2023-11-07,2,flat,flat,0.1046145935590982,0.5232994569384766,0.3720859495024254
"Amazon.com, Inc.",2023-11-06,2023-11-08,2,flat,flat,0.07441339409347159,0.5280714382484072,0.3975151676581215
"Amazon.com, Inc.",2023-11-07,2023-11-09,2,flat,flat,0.10414460423532976,0.4609192229925053,0.43493617277216484
"Amazon.com, Inc.",2023-11-08,2023-11-10,2,flat,flat,0.08854626411900478,0.5521435734246425,0.3593101624563529
"Amazon.com, Inc.",2023-11-09,2023-11-13,2,flat,flat,0.10751558127454112,0.5751894562916349,0.31729496243382427
"Amazon.com, Inc.",2023-11-10,2023-11-14,2,flat,flat,0.03232877488625218,0.5891022389484419,0.3785689861653061
"Amazon.com, Inc.",2023-11-13,2023-11-15,2,flat,flat,0.044281771998248703,0.6177390090926402,0.3379792189091114
"Amazon.com, Inc.",2023-11-14,2023-11-16,2,down,flat,0.06783576712599394,0.48951539117226595,0.44264884170174024
"Amazon.com, Inc.",2023-11-15,2023-11-17,2,flat,flat,0.06431124260582546,0.6222828278548181,0.3134059295393564
"Amazon.com, Inc.",2023-11-16,2023-11-20,2,up,flat,0.11194483594380354,0.6057262790967545,0.28232888495944214
"Amazon.com, Inc.",2023-11-17,2023-11-21,2,flat,flat,0.044535574428768196,0.5569049795429986,0.39855944602823323
"Amazon.com, Inc.",2023-11-20,2023-11-22,2,flat,flat,0.04056456225554918,0.5227583346592127,0.43667710308523816
"Amazon.com, Inc.",2023-11-21,2023-11-24,2,flat,flat,0.1440072260171169,0.49962085628182423,0.35637191770105914
"Amazon.com, Inc.",2023-11-22,2023-11-27,2,flat,up,0.049523415394936175,0.37203251724382985,0.578444067361234
"Amazon.com, Inc.",2023-11-24,2023-11-28,2,flat,flat,0.025982209646894606,0.5244416139452663,0.44957617640783903
"Amazon.com, Inc.",2023-11-27,2023-11-29,2,flat,up,0.02957386960552052,0.41292872408952846,0.5574974063049509
"Amazon.com, Inc.",2023-11-28,2023-11-30,2,flat,flat,0.15248570226574096,0.4926735544443467,0.35484074328991255
"Amazon.com, Inc.",2023-11-29,2023-12-01,2,flat,flat,0.06095641387649806,0.5275719043207414,0.4114716818027606
"Amazon.com, Inc.",2023-11-30,2023-12-04,2,flat,flat,0.12374683280785971,0.515795587012612,0.360457580179528
"Amazon.com, Inc.",2023-12-01,2023-12-05,2,flat,up,0.04475441397516789,0.4486145595501979,0.5066310264746342
"Amazon.com, Inc.",2023-12-04,2023-12-06,2,flat,flat,0.0874272313959816,0.48866983663463787,0.4239029319693806
"Amazon.com, Inc.",2023-12-05,2023-12-07,2,flat,up,0.04355132049702374,0.41599935313773956,0.5404493263652366
"Amazon.com, Inc.",2023-12-06,2023-12-08,2,flat,up,0.03112261983612079,0.47943143854593295,0.4894459416179462
"Amazon.com, Inc.",2023-12-07,2023-12-11,2,flat,up,0.04081722497142946,0.44151619296896394,0.5176665820596064
"Amazon.com, Inc.",2023-12-08,2023-12-12,2,flat,up,0.04323489228868522,0.46609341054717823,0.4906716971641366
"Amazon.com, Inc.",2023-12-11,2023-12-13,2,flat,flat,0.11699051424961114,0.4760124997933059,0.40699698595708306
"Amazon.com, Inc.",2023-12-12,2023-12-14,2,flat,up,0.041458105120127126,0.4751203669432206,0.48342152793665233
"Amazon.com, Inc.",2023-12-13,2023-12-15,2,flat,up,0.020408025358240506,0.42998148831141464,0.5496104863303447
"Amazon.com, Inc.",2023-12-14,2023-12-18,2,up,up,0.04342927902712683,0.40824270500919796,0.5483280159636751
"Amazon.com, Inc.",2023-12-15,2023-12-19,2,up,up,0.05871347821012092,0.3756630834977418,0.5656234382921375
"Amazon.com, Inc.",2023-12-18,2023-12-20,2,flat,up,0.03797359575858846,0.42084241497215125,0.5411839892692603
"Amazon.com, Inc.",2023-12-19,2023-12-21,2,flat,up,0.052433151164981394,0.4368911525665669,0.5106756962684517
"Amazon.com, Inc.",2023-12-20,2023-12-22,2,flat,flat,0.08502410206755837,0.6390506540866115,0.2759252438458301
"Amazon.com, Inc.",2023-12-21,2023-12-26,2,flat,flat,0.05540263815489541,0.5723144273265592,0.3722829345185454
"Amazon.com, Inc.",2023-12-22,2023-12-27,2,flat,flat,0.050879320276041674,0.5876742516671832,0.3614464280567752
"Amazon.com, Inc.",2023-12-26,2023-12-28,2,flat,flat,0.06737776435004304,0.5365088509336795,0.39611338471627744
"Amazon.com, Inc.",2023-12-27,2023-12-29,2,flat,flat,0.06464152347816127,0.5044969205766644,0.43086155594517433
"Amazon.com, Inc.",2023-12-28,2024-01-02,2,down,up,0.052180409764793254,0.464788896473935,0.48303069376127167
"Amazon.com, Inc.",2023-12-29,2024-01-03,2,down,flat,0.08059219464334365,0.5385914688649263,0.38081633649173036
"Amazon.com, Inc.",2024-01-02,2024-01-04,2,down,flat,0.0517242912998722,0.5013175445466387,0.44695816415348943
"Amazon.com, Inc.",2024-01-03,2024-01-05,2,down,flat,0.06282471700312771,0.5218652624271176,0.4153100205697552
"Amazon.com, Inc.",2024-01-04,2024-01-08,2,flat,flat,0.09757662012460218,0.5584868673161085,0.3439365125592894
"Amazon.com, Inc.",2024-01-05,2024-01-09,2,up,flat,0.1455056122581257,0.4278694863914461,0.42662490135042824
"Amazon.com, Inc.",2024-01-08,2024-01-10,2,up,flat,0.0793646830200111,0.4804463678574411,0.44018894912254786
"Amazon.com, Inc.",2024-01-09,2024-01-11,2,up,flat,0.08702573017942178,0.4914435882838235,0.42153068153675477
"Amazon.com, Inc.",2024-01-10,2024-01-12,2,flat,flat,0.1368065839650918,0.5190108686467072,0.3441825473882013
"Amazon.com, Inc.",2024-01-11,2024-01-16,2,flat,flat,0.141910933125868,0.46393227539154736,0.3941567914825847
"Amazon.com, Inc.",2024-01-12,2024-01-17,2,down,flat,0.10730862066634483,0.4709377520499051,0.42175362728375027
"Amazon.com, Inc.",2024-01-16,2024-01-18,2,flat,flat,0.14115803320863032,0.6103303413590117,0.24851162543235805
"Amazon.com, Inc.",2024-01-17,2024-01-19,2,up,flat,0.1096785479656826,0.5940938343225427,0.2962276177117747
"Amazon.com, Inc.",2024-01-18,2024-01-22,2,flat,flat,0.05147661524184046,0.5384500255521568,0.4100733592060027
"Amazon.com, Inc.",2024-01-19,2024-01-23,2,flat,flat,0.05224348739187376,0.4901323539388502,0.45762415866927614
"Amazon.com, Inc.",2024-01-22,2024-01-24,2,flat,up,0.04524115859728758,0.461589604441318,0.4931692369613945
"Amazon.com, Inc.",2024-01-23,2024-01-25,2,flat,flat,0.06975712009105467,0.5184072149845608,0.41183566492438467
"Amazon.com, Inc.",2024-01-24,2024-01-26,2,flat,flat,0.04342860825249895,0.4869907310796466,0.4695806606678545
"Amazon.com, Inc.",2024-01-25,2024-01-29,2,up,flat,0.06591063225729789,0.6378773929962513,0.29621197474645106
"Amazon.com, Inc.",2024-01-26,2024-01-30,2,flat,flat,0.04749690880187624,0.5125641362627714,0.43993895493535234
"Amazon.com, Inc.",2024-01-29,2024-01-31,2,down,flat,0.04504718301742295,0.5208654140312055,0.43408740295137166
"Amazon.com, Inc.",2024-01-30,2024-02-01,2,flat,flat,0.06501617245795326,0.6469724314601786,0.28801139608186843
"Amazon.com, Inc.",2024-01-31,2024-02-02,2,up,flat,0.09616359259417027,0.7121079505608127,0.19172845684501694
"Amazon.com, Inc.",2024-02-01,2024-02-05,2,up,flat,0.05215346625609776,0.6654595944374114,0.28238693930649045
"Amazon.com, Inc.",2024-02-02,2024-02-06,2,flat,flat,0.16896410978293408,0.5302358899551497,0.3008000002619161
"Amazon.com, Inc.",2024-02-05,2024-02-07,2,flat,flat,0.15455712463420002,0.5805568708545998,0.2648860045112002
"Amazon.com, Inc.",2024-02-06,2024-02-08,2,flat,flat,0.18790652213288803,0.6064767150641921,0.20561676280291988
"Amazon.com, Inc.",2024-02-07,2024-02-09,2,flat,flat,0.15136839210796074,0.6348842258558753,0.2137473820361638
"Amazon.com, Inc.",2024-02-08,2024-02-12,2,flat,flat,0.18564347069424753,0.5835143395216285,0.23084218978412405
"Amazon.com, Inc.",2024-02-09,2024-02-13,2,down,flat,0.20014849177289265,0.5408079409908342,0.25904356723627325
"Amazon.com, Inc.",2024-02-12,2024-02-14,2,flat,flat,0.25039414432509316,0.5322916043257746,0.21731425134913213
"Amazon.com, Inc.",2024-02-13,2024-02-15,2,flat,flat,0.322967239205541,0.5698472925801018,0.10718546821435689
"Amazon.com, Inc.",2024-02-14,2024-02-16,2,flat,flat,0.24905208522122674,0.5798310313713432,0.17111688340742975
"Amazon.com, Inc.",2024-02-15,2024-02-20,2,flat,flat,0.25346948110459716,0.5767619251951088,0.16976859370029407
"Amazon.com, Inc.",2024-02-16,2024-02-21,2,flat,flat,0.18859723261752248,0.6451153422683771,0.16628742511410033
"Amazon.com, Inc.",2024-02-20,2024-02-22,2,up,flat,0.12015558081803317,0.8168831745426693,0.06296124463929796
"Amazon.com, Inc.",2024-02-21,2024-02-23,2,up,flat,0.21216588997737718,0.6558026713899082,0.1320314386327147
"Amazon.com, Inc.",2024-02-22,2024-02-26,2,flat,flat,0.181050549645182,0.6329413652915172,0.1860080850633007
"Amazon.com, Inc.",2024-02-23,2024-02-27,2,flat,flat,0.2536687498100873,0.5120730173310271,0.23425823285888547
"Amazon.com, Inc.",2024-02-26,2024-02-28,2,flat,flat,0.30228456379960617,0.5187391673663894,0.17897626883400425
"Amazon.com, Inc.",2024-02-27,2024-02-29,2,flat,flat,0.4118098658374732,0.49702448876718314,0.09116564539534361
"Amazon.com, Inc.",2024-02-28,2024-03-01,2,up,flat,0.29700818583489,0.5958435561676088,0.10714825799750098
"Amazon.com, Inc.",2024-02-29,2024-03-04,2,flat,flat,0.3170826779851901,0.5352658036388501,0.14765151837595925
"Amazon.com, Inc.",2024-03-01,2024-03-05,2,flat,flat,0.3364971315106904,0.4670566888652259,0.19644617962408348
"Amazon.com, Inc.",2024-03-04,2024-03-06,2,down,flat,0.3480458685151894,0.5216268118264171,0.13032731965839328
"Amazon.com, Inc.",2024-03-05,2024-03-07,2,flat,flat,0.4569306657224037,0.4701473238782776,0.0729220103993187
"Amazon.com, Inc.",2024-03-06,2024-03-08,2,flat,flat,0.2467738308887921,0.6438202020984246,0.10940596701278299
"Amazon.com, Inc.",2024-03-07,2024-03-11,2,flat,flat,0.23457743452579916,0.6709028887289652,0.09451967674523519
"Amazon.com, Inc.",2024-03-08,2024-03-12,2,flat,flat,0.2243824222637113,0.6843821696319334,0.09123540810435513
"Amazon.com, Inc.",2024-03-11,2024-03-13,2,flat,flat,0.13208537098672532,0.8172168969181925,0.05069773209508217
"Amazon.com, Inc.",2024-03-12,2024-03-14,2,up,flat,0.18155076869140546,0.7295866429813711,0.08886258832722328
"Amazon.com, Inc.",2024-03-13,2024-03-15,2,flat,flat,0.15006251127897358,0.6798854878441374,0.17005200087688885
"Amazon.com, Inc.",2024-03-14,2024-03-18,2,flat,flat,0.1446155794939932,0.6899727774745535,0.16541164303145314
"Amazon.com, Inc.",2024-03-15,2024-03-19,2,flat,flat,0.25422273728053607,0.6425335899948957,0.1032436727245682
"Amazon.com, Inc.",2024-03-18,2024-03-20,2,flat,flat,0.19656213341937562,0.6782862738856905,0.1251515926949337
"Amazon.com, Inc.",2024-03-19,2024-03-21,2,up,flat,0.1990791326043232,0.6923290846537349,0.10859178274194185
"Amazon.com, Inc.",2024-03-20,2024-03-22,2,flat,flat,0.2001263173372918,0.65729391200032,0.14257977066238792
"Amazon.com, Inc.",2024-03-21,2024-03-25,2,flat,flat,0.15122346755026425,0.6431072523277893,0.20566928012194605
"Amazon.com, Inc.",2024-03-22,2024-03-26,2,flat,flat,0.24815876920353008,0.6293188140792566,0.12252241671721327
"Amazon.com, Inc.",2024-03-25,2024-03-27,2,flat,flat,0.15999948214075638,0.6591520888667243,0.1808484289925192
"Amazon.com, Inc.",2024-03-26,2024-03-28,2,flat,flat,0.1829329866150987,0.6445979799082214,0.1724690334766796
"Amazon.com, Inc.",2024-03-27,2024-04-01,2,flat,flat,0.18777292588331587,0.6318197357551246,0.18040733836155923
"Amazon.com, Inc.",2024-03-28,2024-04-02,2,flat,flat,0.17898693447083633,0.6090206381923777,0.21199242733678575
"Amazon.com, Inc.",2024-04-01,2024-04-03,2,flat,flat,0.16916556426647045,0.5924226539170316,0.23841178181649758
"Amazon.com, Inc.",2024-04-02,2024-04-04,2,flat,flat,0.25280820832027884,0.6189832094745866,0.1282085822051343
"Amazon.com, Inc.",2024-04-03,2024-04-05,2,flat,flat,0.15721365456459177,0.6099854222955842,0.23280092313982384
"Amazon.com, Inc.",2024-04-04,2024-04-08,2,up,flat,0.17097814214014737,0.6225604319849061,0.20646142587494626
"Amazon.com, Inc.",2024-04-05,2024-04-09,2,flat,flat,0.1740580897792443,0.6367052900806254,0.18923662014012993
"Amazon.com, Inc.",2024-04-08,2024-04-10,2,flat,flat,0.19912816130245495,0.6090948852272718,0.1917769534702728
"Amazon.com, Inc.",2024-04-09,2024-04-11,2,flat,flat,0.2507673260655626,0.6127451756712707,0.1364874982631663
"Amazon.com, Inc.",2024-04-10,2024-04-12,2,flat,flat,0.29439694409077566,0.5965008968987453,0.10910215901047902
"Amazon.com, Inc.",2024-04-11,2024-04-15,2,flat,flat,0.21855651539366774,0.6066699288895862,0.17477355571674583
"Amazon.com, Inc.",2024-04-12,2024-04-16,2,flat,flat,0.26255660443734496,0.6395914190780283,0.09785197648462647
"Amazon.com, Inc.",2024-04-15,2024-04-17,2,flat,flat,0.29509882094443257,0.5642916096469588,0.14060956940860858
"Amazon.com, Inc.",2024-04-16,2024-04-18,2,flat,flat,0.18410364836583626,0.6973915693136422,0.1185047823205216
"Amazon.com, Inc.",2024-04-17,2024-04-19,2,down,flat,0.18052071644895712,0.6925709587842374,0.12690832476680536
"Amazon.com, Inc.",2024-04-18,2024-04-22,2,flat,flat,0.1063405617425543,0.8122812536697589,0.08137818458768697
"Amazon.com, Inc.",2024-04-19,2024-04-23,2,flat,flat,0.11538571493831247,0.8033923511909041,0.0812219338707834
"Amazon.com, Inc.",2024-04-22,2024-04-24,2,flat,flat,0.14522682215032526,0.7339287061530662,0.12084447169660875
"Amazon.com, Inc.",2024-04-23,2024-04-25,2,down,flat,0.1539037574059882,0.7372728961392743,0.10882334645473737
"Amazon.com, Inc.",2024-04-24,2024-04-26,2,flat,flat,0.14843989331369925,0.6971537782304118,0.154406328455889
"Amazon.com, Inc.",2024-04-25,2024-04-29,2,up,flat,0.07533553952346195,0.8462859671595372,0.07837849331700134
"Amazon.com, Inc.",2024-04-26,2024-04-30,2,flat,flat,0.20928450588314096,0.6903040857347905,0.10041140838206833
"Amazon.com, Inc.",2024-04-29,2024-05-01,2,flat,flat,0.13768786214657922,0.7369514152994612,0.12536072255395955
"Amazon.com, Inc.",2024-04-30,2024-05-02,2,flat,flat,0.22543150521233382,0.6917954985132271,0.08277299627443907
"Amazon.com, Inc.",2024-05-01,2024-05-03,2,up,flat,0.1937067401835913,0.6872961424937998,0.11899711732260869
"Amazon.com, Inc.",2024-05-02,2024-05-06,2,flat,flat,0.18400983951025152,0.7013560295919052,0.11463413089784319
"Amazon.com, Inc.",2024-05-03,2024-05-07,2,flat,flat,0.18843691456016717,0.6386066932441644,0.17295639219566794
"Amazon.com, Inc.",2024-05-06,2024-05-08,2,flat,flat,0.2045225861050851,0.7068359504461607,0.08864146344875395
"Amazon.com, Inc.",2024-05-07,2024-05-09,2,flat,flat,0.22877819935427163,0.6557961181643492,0.11542568248137884
"Amazon.com, Inc.",2024-05-08,2024-05-10,2,flat,flat,0.29021991982924183,0.6615534904912057,0.04822658967955278
"Amazon.com, Inc.",2024-05-09,2024-05-13,2,flat,flat,0.2047058454692812,0.6668286518984086,0.1284655026323103
"Amazon.com, Inc.",2024-05-10,2024-05-14,2,flat,flat,0.29568984238674345,0.6474461012200737,0.05686405639318271
"Amazon.com, Inc.",2024-05-13,2024-05-15,2,flat,flat,0.29960153152176144,0.6399718326318923,0.060426635846346145
"Amazon.com, Inc.",2024-05-14,2024-05-16,2,flat,flat,0.1966511112144988,0.754389335921031,0.048959552864469985
"Amazon.com, Inc.",2024-05-15,2024-05-17,2,flat,flat,0.19119096788222567,0.7112098101511802,0.09759922196659407
"Amazon.com, Inc.",2024-05-16,2024-05-20,2,flat,flat,0.16229892721560965,0.7392290110080388,0.09847206177635127
"Amazon.com, Inc.",2024-05-17,2024-05-21,2,flat,flat,0.162627469087422,0.7715660431251475,0.06580648778743031
"Amazon.com, Inc.",2024-05-20,2024-05-22,2,flat,flat,0.15787461746664408,0.7692678157953893,0.07285756673796664
"Amazon.com, Inc.",2024-05-21,2024-05-23,2,flat,flat,0.1306873135181495,0.8089422547382462,0.06037043174360471
"Amazon.com, Inc.",2024-05-22,2024-05-24,2,flat,flat,0.15881546234302338,0.7539066862208671,0.0872778514361094
"Amazon.com, Inc.",2024-05-23,2024-05-28,2,flat,flat,0.13480936978246183,0.8057943165782535,0.0593963136392848
"Amazon.com, Inc.",2024-05-24,2024-05-29,2,flat,flat,0.13685897244134942,0.7519140024643781,0.11122702509427228
"Amazon.com, Inc.",2024-05-28,2024-05-30,2,flat,flat,0.1257900944432034,0.7330312817162445,0.14117862384055185
"Amazon.com, Inc.",2024-05-29,2024-05-31,2,down,flat,0.16583830404524874,0.6987941480489159,0.13536754790583555
"Amazon.com, Inc.",2024-05-30,2024-06-03,2,flat,flat,0.13026750992138997,0.7437759888305496,0.12595650124806002
"Amazon.com, Inc.",2024-05-31,2024-06-04,2,flat,flat,0.09700535611237822,0.8012156433539479,0.1017790005336738
"Amazon.com, Inc.",2024-06-03,2024-06-05,2,flat,flat,0.1487289972732703,0.6811554008736341,0.17011560185309552
"Amazon.com, Inc.",2024-06-04,2024-06-06,2,up,flat,0.13652373142589386,0.6945792210538749,0.16889704752023083
"Amazon.com, Inc.",2024-06-05,2024-06-07,2,up,flat,0.11747046319210774,0.6569804967928392,0.22554904001505302
"Amazon.com, Inc.",2024-06-06,2024-06-10,2,flat,flat,0.10179873401936179,0.6800900346552655,0.21811123132537255
"Amazon.com, Inc.",2024-06-07,2024-06-11,2,flat,flat,0.14185854513585366,0.6312903719970552,0.22685108286709138
"Amazon.com, Inc.",2024-06-10,2024-06-12,2,flat,flat,0.1689746049728994,0.6205846909514715,0.21044070407562912
"Amazon.com, Inc.",2024-06-11,2024-06-13,2,flat,flat,0.167791379418209,0.6048583912321879,0.22735022934960292
"Amazon.com, Inc.",2024-06-12,2024-06-14,2,down,flat,0.1628362011497197,0.623980553363166,0.21318324548711406
"Amazon.com, Inc.",2024-06-14,2024-06-18,2,flat,flat,0.24429519623424473,0.6644104860270434,0.09129431773871188
Apple Inc.,2021-07-23,2021-07-27,2,flat,flat,0.156556470761649,0.7538176368978273,0.08962589234052439
Apple Inc.,2021-07-26,2021-07-28,2,down,flat,0.25296283874995024,0.569139951178776,0.17789721007127365
Apple Inc.,2021-07-27,2021-07-29,2,flat,flat,0.25997891031008136,0.6403564476047664,0.09966464208515212
Apple Inc.,2021-07-28,2021-07-30,2,flat,flat,0.2147477560501253,0.7340544409258689,0.051197803024005645
Apple Inc.,2021-07-29,2021-08-02,2,flat,flat,0.1614243826546801,0.7812019292148673,0.05737368813045267
Apple Inc.,2021-07-30,2021-08-03,2,flat,flat,0.2615108484810076,0.6992916458194967,0.03919750569949544
Apple Inc.,2021-08-02,2021-08-04,2,flat,flat,0.16654861754972322,0.7606471035969764,0.07280427885330008
Apple Inc.,2021-08-03,2021-08-05,2,flat,flat,0.17245620396658246,0.7642538794096703,0.0632899166237476
Apple Inc.,2021-08-04,2021-08-06,2,flat,flat,0.21224685053006848,0.6766112036900597,0.11114194577987185
Apple Inc.,2021-08-05,2021-08-09,2,flat,flat,0.2461768105983698,0.6771717261863093,0.07665146321532074
Apple Inc.,2021-08-06,2021-08-10,2,flat,flat,0.238271315419583,0.6812552667569787,0.08047341782343802
Apple Inc.,2021-08-09,2021-08-11,2,flat,flat,0.2627187170474323,0.6601241460655232,0.0771571368870442
Apple Inc.,2021-08-10,2021-08-12,2,flat,flat,0.22135552441926593,0.6880412275739951,0.09060324800673875
Apple Inc.,2021-08-11,2021-08-13,2,up,flat,0.27322387286920935,0.6281435029951902,0.09863262413560041
Apple Inc.,2021-08-12,2021-08-16,2,flat,flat,0.21961322970263736,0.6452291209864653,0.13515764931089713
Apple Inc.,2021-08-13,2021-08-17,2,flat,flat,0.23689933971385327,0.5790301155595813,0.18407054472656528
Apple Inc.,2021-08-16,2021-08-18,2,flat,flat,0.2387400248336743,0.4706533325217964,0.29060664264452923
Apple Inc.,2021-08-17,2021-08-19,2,down,flat,0.18102332921057435,0.4588117958853764,0.36016487490404925
Apple Inc.,2021-08-18,2021-08-20,2,flat,flat,0.2528571352582744,0.530965014728771,0.2161778500129543
Apple Inc.,2021-08-19,2021-08-23,2,up,flat,0.33907622693880435,0.5548914601769523,0.10603231288424325
Apple Inc.,2021-08-20,2021-08-24,2,flat,flat,0.3023951268925963,0.5854237050589188,0.11218116804848476
Apple Inc.,2021-08-23,2021-08-25,2,flat,flat,0.24851758880508115,0.6236900877685755,0.12779232342634322
Apple Inc.,2021-08-24,2021-08-26,2,flat,flat,0.2572545197284945,0.6113492267676032,0.13139625350390227
Apple Inc.,2021-08-25,2021-08-27,2,flat,flat,0.23685706057619801,0.5531658622086568,0.20997707721514497
Apple Inc.,2021-08-26,2021-08-30,2,up,flat,0.23908515288756477,0.5744778096818216,0.18643703743061335
Apple Inc.,2021-08-27,2021-08-31,2,up,flat,0.2917393376073607,0.5539003772117715,0.1543602851808675
Apple Inc.,2021-08-30,2021-09-01,2,flat,flat,0.16752175570120592,0.5872468704160032,0.24523137388279068
Apple Inc.,2021-08-31,2021-09-02,2,flat,flat,0.16968826505519893,0.6058620045635429,0.22444973038125776
Apple Inc.,2021-09-01,2021-09-03,2,flat,flat,0.19298892428316805,0.5682274853895499,0.23878359032728189
Apple Inc.,2021-09-02,2021-09-07,2,flat,flat,0.18394599559376978,0.5685338594810124,0.2475201449252175
Apple Inc.,2021-09-03,2021-09-08,2,flat,flat,0.18778850691471352,0.5567328686316463,0.25547862445363995
Apple Inc.,2021-09-07,2021-09-09,2,flat,flat,0.1754841145898866,0.5568794894461099,0.2676363959640033
Apple Inc.,2021-09-08,2021-09-10,2,down,flat,0.21091386842057275,0.5243386801112356,0.2647474514681915
Apple Inc.,2021-09-09,2021-09-13,2,down,flat,0.2009581957259422,0.6178140850805125,0.18122771919354494
Apple Inc.,2021-09-10,2021-09-14,2,down,flat,0.22983550596061075,0.709340781272005,0.06082371276738411
Apple Inc.,2021-09-13,2021-09-15,2,flat,flat,0.27104834297718794,0.6907071468434296,0.038244510179382095
Apple Inc.,2021-09-14,2021-09-16,2,flat,flat,0.21318410033553548,0.7367499008272533,0.05006599883721075
Apple Inc.,2021-09-15,2021-09-17,2,flat,flat,0.25099464852027786,0.712797325841676,0.036208025638045725
Apple Inc.,2021-09-16,2021-09-20,2,down,flat,0.3138552974164909,0.6591129438677479,0.027031758715761297
Apple Inc.,2021-09-17,2021-09-21,2,down,flat,0.3594374637227642,0.610213994894079,0.030348541383156857
Apple Inc.,2021-09-20,2021-09-22,2,flat,flat,0.2299777343945827,0.7255623308760266,0.04445993472939008
Apple Inc.,2021-09-21,2021-09-23,2,flat,flat,0.28015987170684636,0.6470808833652657,0.07275924492788753
Apple Inc.,2021-09-22,2021-09-24,2,flat,flat,0.3385173179844629,0.6137412661560815,0.047741415859455516
Apple Inc.,2021-09-23,2021-09-27,2,flat,flat,0.3259422885560061,0.6224514126407048,0.05160629880328881
Apple Inc.,2021-09-24,2021-09-28,2,down,flat,0.24359698917543984,0.6893828501945194,0.06702016063004038
Apple Inc.,2021-09-27,2021-09-29,2,flat,flat,0.22599424140158159,0.6769311056242554,0.09707465297416254
Apple Inc.,2021-09-28,2021-09-30,2,flat,flat,0.23102060220248774,0.7068745609418754,0.06210483685563614
Apple Inc.,2021-09-29,2021-10-01,2,flat,flat,0.2627457695014799,0.7104451665195795,0.02680906397894041
Apple Inc.,2021-09-30,2021-10-04,2,flat,flat,0.268211902147433,0.6771343668955018,0.05465373095706481
Apple Inc.,2021-10-01,2021-10-05,2,flat,flat,0.2745581762812898,0.6475573573413032,0.077884466377407
Apple Inc.,2021-10-04,2021-10-06,2,flat,flat,0.25508123641912717,0.6546060468321478,0.0903127167487248
Apple Inc.,2021-10-05,2021-10-07,2,flat,flat,0.29234709622104904,0.6581827791395709,0.049470124639379866
Apple Inc.,2021-10-06,2021-10-08,2,flat,flat,0.2651621288594875,0.6756486190773328,0.05918925206317947
Apple Inc.,2021-10-07,2021-10-11,2,flat,flat,0.2372072356798616,0.6793079290974702,0.08348483522266793
Apple Inc.,2021-10-08,2021-10-12,2,flat,flat,0.2420214901975907,0.6535135290703127,0.10446498073209655
Apple Inc.,2021-10-11,2021-10-13,2,flat,flat,0.24294536842666417,0.6394783738055893,0.11757625776774637
Apple Inc.,2021-10-12,2021-10-14,2,flat,flat,0.20190016828613136,0.7121334873464111,0.08596634436745756
Apple Inc.,2021-10-13,2021-10-15,2,up,flat,0.22931850225770667,0.6937609200565434,0.07692057768574957
Apple Inc.,2021-10-14,2021-10-18,2,flat,flat,0.1978517279621636,0.722131491303758,0.080016780734078
Apple Inc.,2021-10-15,2021-10-19,2,up,flat,0.17557570411349732,0.6978263447729425,0.1265979511135603
Apple Inc.,2021-10-18,2021-10-20,2,up,flat,0.18589817470676984,0.6269449888765353,0.18715683641669467
Apple Inc.,2021-10-19,2021-10-21,2,flat,flat,0.15829347103931318,0.6113777044255048,0.2303288245351818
Apple Inc.,2021-10-20,2021-10-22,2,flat,flat,0.22425490770839027,0.5772483079332986,0.19849678435831117
Apple Inc.,2021-10-21,2021-10-25,2,flat,flat,0.2667493002669408,0.5213131940970301,0.21193750563602887
Apple Inc.,2021-10-22,2021-10-26,2,flat,flat,0.1993859225588646,0.5784901229929353,0.2221239544481998
Apple Inc.,2021-10-25,2021-10-27,2,flat,flat,0.23466375262871658,0.5650807152167634,0.20025553215451983
Apple Inc.,2021-10-26,2021-10-28,2,flat,flat,0.18701812286784997,0.6127137081509386,0.20026816898121103
Apple Inc.,2021-10-27,2021-10-29,2,flat,flat,0.20152960027092962,0.6432371107627907,0.15523328896627964
Apple Inc.,2021-10-28,2021-11-01,2,down,flat,0.17156460291527545,0.6373100981776664,0.1911252989070578
Apple Inc.,2021-10-29,2021-11-02,2,flat,flat,0.2535017571381745,0.6735100715148614,0.07298817134696377
Apple Inc.,2021-11-01,2021-11-03,2,flat,flat,0.1833680514815398,0.6607278421909858,0.155904106327474
Apple Inc.,2021-11-02,2021-11-04,2,flat,flat,0.1900683496406295,0.6831570819510451,0.1267745684083251
Apple Inc.,2021-11-03,2021-11-05,2,flat,flat,0.17715846795138152,0.6294251897218484,0.19341634232676974
Apple Inc.,2021-11-04,2021-11-08,2,flat,flat,0.18331884808209886,0.675558459704837,0.1411226922130639
Apple Inc.,2021-11-05,2021-11-09,2,flat,flat,0.21046712374735355,0.5782214260166564,0.21131145023598974
Apple Inc.,2021-11-08,2021-11-10,2,flat,flat,0.2014057441432585,0.6056160072106445,0.19297824864609672
Apple Inc.,2021-11-09,2021-11-11,2,flat,flat,0.21202350551864663,0.6455044833641633,0.14247201111718982
Apple Inc.,2021-11-10,2021-11-12,2,flat,flat,0.3000928112840213,0.6125008750562971,0.08740631365968161
Apple Inc.,2021-11-11,2021-11-15,2,flat,flat,0.3322231533030419,0.5841652287608353,0.08361161793612287
Apple Inc.,2021-11-12,2021-11-16,2,flat,flat,0.37000307398884374,0.5425758661840842,0.08742105982707234
Apple Inc.,2021-11-15,2021-11-17,2,flat,flat,0.21926832756676745,0.6393724174221284,0.1413592550111039
Apple Inc.,2021-11-16,2021-11-18,2,up,flat,0.19893051467862588,0.5959049039674226,0.20516458135395121
Apple Inc.,2021-11-17,2021-11-19,2,up,flat,0.1633511427215108,0.5665522459626893,0.27009661131579965
Apple Inc.,2021-11-18,2021-11-22,2,up,flat,0.18991477151297836,0.6324320822312385,0.17765314625578296
Apple Inc.,2021-11-19,2021-11-23,2,flat,flat,0.21019131297877272,0.6052609095984642,0.18454777742276285
Apple Inc.,2021-11-22,2021-11-24,2,flat,flat,0.23846085706413997,0.6113229587105978,0.15021618422526198
Apple Inc.,2021-11-23,2021-11-26,2,flat,flat,0.29058921660008274,0.5182228271481379,0.19118795625177915
Apple Inc.,2021-11-24,2021-11-29,2,flat,flat,0.2470110329963635,0.5455721539438515,0.20741681305978493
Apple Inc.,2021-11-26,2021-11-30,2,up,flat,0.262721913848396,0.6355656071438289,0.10171247900777489
Apple Inc.,2021-11-29,2021-12-01,2,up,flat,0.1319381577564589,0.752335163351575,0.11572667889196583
Apple Inc.,2021-11-30,2021-12-02,2,flat,flat,0.14144232558349273,0.7575304723365082,0.10102720207999914
Apple Inc.,2021-12-01,2021-12-03,2,down,flat,0.19809232497378162,0.602009860834574,0.1998978141916442
Apple Inc.,2021-12-02,2021-12-06,2,up,flat,0.21257543950924881,0.703128092639712,0.084296467851039
Apple Inc.,2021-12-03,2021-12-07,2,up,flat,0.18544668790698995,0.6689347225262778,0.14561858956673202
Apple Inc.,2021-12-06,2021-12-08,2,up,flat,0.16896283878755855,0.6976951243006494,0.13334203691179172
Apple Inc.,2021-12-07,2021-12-09,2,flat,flat,0.26010021363595615,0.5828151565374965,0.15708462982654742
Apple Inc.,2021-12-08,2021-12-10,2,flat,flat,0.2590317306713235,0.5632268912779377,0.17774137805073864
Apple Inc.,2021-12-09,2021-12-13,2,flat,flat,0.30780944723453324,0.565526512111852,0.1266640406536146
Apple Inc.,2021-12-10,2021-12-14,2,flat,flat,0.28276523740185644,0.6188326567099742,0.09840210588816918
Apple Inc.,2021-12-13,2021-12-15,2,flat,flat,0.303676854561661,0.5837166836407492,0.11260646179758979
Apple Inc.,2021-12-14,2021-12-16,2,flat,flat,0.3326411086993206,0.5253197607990086,0.1420391305016706
Apple Inc.,2021-12-15,2021-12-17,2,flat,flat,0.17693236036834295,0.67667843542944,0.14638920420221646
Apple Inc.,2021-12-16,2021-12-20,2,down,flat,0.2370145597383303,0.6844234914644409,0.07856194879722846
Apple Inc.,2021-12-17,2021-12-21,2,flat,flat,0.1769593414708409,0.7802302625251791,0.04281039600397993
Apple Inc.,2021-12-20,2021-12-22,2,flat,flat,0.14783798305044107,0.7940559502276264,0.05810606672193253
Apple Inc.,2021-12-21,2021-12-23,2,flat,flat,0.14966939123369546,0.8098340142274886,0.04049659453881578
Apple Inc.,2021-12-22,2021-12-27,2,flat,flat,0.1359087970104529,0.7987410257918985,0.06535017719764842
Apple Inc.,2021-12-23,2021-12-28,2,flat,flat,0.15893392672320747,0.7281927783574116,0.1128732949193809
Apple Inc.,2021-12-27,2021-12-29,2,flat,flat,0.2011355529143826,0.6208616533397517,0.17800279374586553
Apple Inc.,2021-12-28,2021-12-30,2,flat,flat,0.2447057223082699,0.6220918715654578,0.13320240612627232
Apple Inc.,2021-12-29,2021-12-31,2,flat,flat,0.29706275725111386,0.5832271152247946,0.11971012752409128
Apple Inc.,2021-12-30,2022-01-03,2,flat,flat,0.2580408468749495,0.6223646692730894,0.11959448385196113
Apple Inc.,2021-12-31,2022-01-04,2,flat,flat,0.21487795306962962,0.7236968500217534,0.061425196908616905
Apple Inc.,2022-01-03,2022-01-05,2,flat,flat,0.13720746651596247,0.7589930416933717,0.10379949179066615
Apple Inc.,2022-01-04,2022-01-06,2,down,flat,0.16525358085514197,0.7604594121219429,0.07428700702291542
Apple Inc.,2022-01-05,2022-01-07,2,down,flat,0.21476857535140653,0.7446012905739079,0.0406301340746858
Apple Inc.,2022-01-06,2022-01-10,2,flat,flat,0.15936947058938677,0.7763197611941467,0.06431076821646615
Apple Inc.,2022-01-07,2022-01-11,2,flat,flat,0.17459221146975457,0.7600732973909236,0.06533449113932172
Apple Inc.,2022-01-10,2022-01-12,2,up,flat,0.1665803281224657,0.7558202232051184,0.07759944867241561
Apple Inc.,2022-01-11,2022-01-13,2,flat,flat,0.1716841085530187,0.78294918132419,0.045366710122791136
Apple Inc.,2022-01-12,2022-01-14,2,down,flat,0.16864777487790863,0.7517994439365175,0.0795527811855734
Apple Inc.,2022-01-13,2022-01-18,2,flat,flat,0.18121845662746125,0.743985988350811,0.0747955550217274
Apple Inc.,2022-01-14,2022-01-19,2,down,flat,0.19725410391083198,0.7412636053286166,0.061482290760550985
Apple Inc.,2022-01-18,2022-01-20,2,down,flat,0.20871115090361253,0.7277692554825715,0.0635195936138154
Apple Inc.,2022-01-19,2022-01-21,2,down,flat,0.23376294287555294,0.7063956498608234,0.05984140726362342
Apple Inc.,2022-01-20,2022-01-24,2,down,flat,0.21493189976654858,0.7020857099697185,0.08298239026373266
Apple Inc.,2022-01-21,2022-01-25,2,down,flat,0.20302786667983103,0.6808478718745715,0.1161242614455972
Apple Inc.,2022-01-24,2022-01-26,2,flat,flat,0.17996389261115145,0.6990046390008224,0.12103146838802584
Apple Inc.,2022-01-25,2022-01-27,2,flat,flat,0.16596764930608088,0.6755651729445222,0.15846717774939645
Apple Inc.,2022-01-26,2022-01-28,2,up,flat,0.21216126498048593,0.7235992048101612,0.06423953020935247
Apple Inc.,2022-01-27,2022-01-31,2,up,flat,0.19011994865538856,0.7075325559521023,0.10234749539250868
Apple Inc.,2022-01-28,2022-02-01,2,up,flat,0.21904272011263884,0.6491321858301637,0.13182509405719744
Apple Inc.,2022-01-31,2022-02-02,2,flat,flat,0.17287253942384465,0.6804027737226234,0.1467246868535317
Apple Inc.,2022-02-01,2022-02-03,2,flat,flat,0.21466220232575137,0.6022674175541919,0.18307038012005672
Apple Inc.,2022-02-02,2022-02-04,2,flat,flat,0.22826710827326177,0.6170358371032232,0.1546970546235151
Apple Inc.,2022-02-03,2022-02-07,2,flat,flat,0.2901689325804576,0.5852905704758754,0.12454049694366684
Apple Inc.,2022-02-04,2022-02-08,2,flat,flat,0.23808921570771266,0.633524897832226,0.12838588646006113
Apple Inc.,2022-02-07,2022-02-09,2,flat,flat,0.1732954837776345,0.7105954357486746,0.11610908047369048
Apple Inc.,2022-02-08,2022-02-10,2,flat,flat,0.14551708303575966,0.754316219336193,0.10016669762804697
Apple Inc.,2022-02-09,2022-02-11,2,down,flat,0.1790453407766677,0.7137605167759489,0.10719414244738312
Apple Inc.,2022-02-10,2022-02-14,2,down,flat,0.185194292369281,0.7158096102712718,0.09899609735944694
Apple Inc.,2022-02-11,2022-02-15,2,flat,flat,0.22212787176921317,0.7025794168465699,0.07529271138421662
Apple Inc.,2022-02-14,2022-02-16,2,flat,flat,0.1754023941602937,0.7542916218515008,0.0703059839882049
Apple Inc.,2022-02-15,2022-02-17,2,flat,flat,0.2028297886046302,0.7058021468507478,0.09136806454462182
Apple Inc.,2022-02-16,2022-02-18,2,flat,flat,0.18444314855790903,0.736672247459083,0.0788846039830075
Apple Inc.,2022-02-17,2022-02-22,2,down,flat,0.22660623517879266,0.693915127047218,0.07947863777398899
Apple Inc.,2022-02-18,2022-02-23,2,down,flat,0.26488440600772456,0.6648843917544184,0.07023120223785707
Apple Inc.,2022-02-22,2022-02-24,2,down,flat,0.202906608645311,0.7312484996229521,0.0658448917317361
Apple Inc.,2022-02-23,2022-02-25,2,flat,flat,0.17199703171406697,0.7218094055353177,0.1061935627506148
Apple Inc.,2022-02-24,2022-02-28,2,up,flat,0.15235099942117347,0.7182303711495632,0.12941862942926266
Apple Inc.,2022-02-25,2022-03-01,2,flat,flat,0.25562621819441245,0.7071436516900553,0.03723013011553213
Apple Inc.,2022-02-28,2022-03-02,2,flat,flat,0.24213821722481313,0.7041461259791189,0.05371565679606765
Apple Inc.,2022-03-01,2022-03-03,2,flat,flat,0.197665263200329,0.717399126627007,0.08493561017266373
Apple Inc.,2022-03-02,2022-03-04,2,flat,flat,0.2248177881983644,0.6879502676597621,0.0872319441418734
Apple Inc.,2022-03-03,2022-03-07,2,down,flat,0.20507410792487202,0.656197879001726,0.13872801307340177
Apple Inc.,2022-03-04,2022-03-08,2,down,flat,0.2095846258282289,0.6903714281194787,0.10004394605229194
Apple Inc.,2022-03-07,2022-03-09,2,flat,flat,0.22342850969087957,0.7201725051140312,0.05639898519508897
Apple Inc.,2022-03-08,2022-03-10,2,flat,flat,0.1634903146382552,0.781241371154035,0.0552683142077094
Apple Inc.,2022-03-09,2022-03-11,2,flat,flat,0.2416935936051437,0.7100536824462658,0.04825272394859028
Apple Inc.,2022-03-10,2022-03-14,2,down,flat,0.212873071097758,0.6928662209355768,0.09426070796666487
Apple Inc.,2022-03-11,2022-03-15,2,flat,flat,0.20980322861455425,0.6940397659817017,0.09615700540374364
Apple Inc.,2022-03-14,2022-03-16,2,up,flat,0.1293386182236755,0.7741399480497121,0.09652143372661216
Apple Inc.,2022-03-15,2022-03-17,2,up,flat,0.20242076712383253,0.7224776613388564,0.07510157153731103
Apple Inc.,2022-03-16,2022-03-18,2,flat,flat,0.2392752109808226,0.7002099668178989,0.06051482220127822
Apple Inc.,2022-03-17,2022-03-21,2,up,flat,0.19970799580819043,0.7089950258129966,0.0912969783788129
Apple Inc.,2022-03-18,2022-03-22,2,flat,flat,0.1774113489930878,0.6975863953164798,0.125002255690432
Apple Inc.,2022-03-21,2022-03-23,2,up,flat,0.1986618309057394,0.7083875061922992,0.09295066290196129
Apple Inc.,2022-03-22,2022-03-24,2,up,flat,0.2005886949084328,0.6673580068772387,0.1320532982143284
Apple Inc.,2022-03-23,2022-03-25,2,flat,flat,0.19598118108840873,0.6742115193260553,0.12980729958553583
Apple Inc.,2022-03-24,2022-03-28,2,flat,flat,0.23073417430027987,0.635750164928514,0.13351566077120594
Apple Inc.,2022-03-25,2022-03-29,2,flat,flat,0.24510581263861106,0.6270425544913064,0.12785163287008242
Apple Inc.,2022-03-28,2022-03-30,2,flat,flat,0.3242503049313251,0.5617955283531818,0.11395416671549302
Apple Inc.,2022-03-29,2022-03-31,2,flat,flat,0.23825320021935104,0.6442297753549718,0.11751702442567685
Apple Inc.,2022-03-30,2022-04-01,2,down,flat,0.2926865753151565,0.5845650482542184,0.12274837643062497
Apple Inc.,2022-03-31,2022-04-04,2,flat,flat,0.2985874958598965,0.5760091284270266,0.12540337571307675
Apple Inc.,2022-04-01,2022-04-05,2,flat,flat,0.20842398391308867,0.7209978691824734,0.07057814690443756
Apple Inc.,2022-04-04,2022-04-06,2,down,flat,0.16991358087384115,0.7102194720191076,0.11986694710705095
Apple Inc.,2022-04-05,2022-04-07,2,down,flat,0.17794636783955892,0.739604526325936,0.0824491058345048
Apple Inc.,2022-04-06,2022-04-08,2,flat,flat,0.18111763063608255,0.764653129244929,0.05422924011898817
Apple Inc.,2022-04-07,2022-04-11,2,down,flat,0.16320691334029536,0.8012421006017371,0.03555098605796705
Apple Inc.,2022-04-08,2022-04-12,2,flat,flat,0.16812882736458842,0.7811410153942,0.050730157241211285
Apple Inc.,2022-04-11,2022-04-13,2,flat,flat,0.1968978093189684,0.7344402786821349,0.06866191199889626
Apple Inc.,2022-04-12,2022-04-14,2,flat,flat,0.21623967664035476,0.7247136898135635,0.05904663354608149
Apple Inc.,2022-04-13,2022-04-18,2,down,flat,0.279237343303277,0.6649898249695854,0.05577283172713756
Apple Inc.,2022-04-14,2022-04-19,2,flat,flat,0.2662737085896573,0.6715457991194378,0.062180492290904554
Apple Inc.,2022-04-18,2022-04-20,2,flat,flat,0.2799460675380797,0.6862502538202765,0.033803678641643554
Apple Inc.,2022-04-19,2022-04-21,2,flat,flat,0.26498096263048226,0.6673105070734726,0.06770853029604496
Apple Inc.,2022-04-20,2022-04-22,2,flat,flat,0.2395544578865225,0.6906124175674357,0.06983312454604128
Apple Inc.,2022-04-21,2022-04-25,2,down,flat,0.22570952639246553,0.7055507307701936,0.06873974283734025
Apple Inc.,2022-04-22,2022-04-26,2,down,flat,0.2852485361563788,0.6695473271816741,0.04520413666194684
Apple Inc.,2022-04-25,2022-04-27,2,down,flat,0.22261616420558478,0.7212835612325041,0.05610027456191056
Apple Inc.,2022-04-26,2022-04-28,2,flat,flat,0.1591888015748944,0.7490976577699986,0.09171354065510633
Apple Inc.,2022-04-27,2022-04-29,2,flat,flat,0.16235660069343127,0.6980770848666912,0.13956631443987694
Apple Inc.,2022-04-28,2022-05-02,2,down,flat,0.23465621923160324,0.7123379326258165,0.053005848142579914
Apple Inc.,2022-04-29,2022-05-03,2,flat,flat,0.22016391967807647,0.6944773369543537,0.08535874336756936
Apple Inc.,2022-05-02,2022-05-04,2,up,flat,0.22093094019657525,0.6782001397048221,0.10086892009860211
Apple Inc.,2022-05-03,2022-05-05,2,flat,flat,0.21974971159689527,0.7031946960353381,0.07705559236776618
Apple Inc.,2022-05-04,2022-05-06,2,down,flat,0.24058072134817554,0.6578682251515658,0.10155105350025861
Apple Inc.,2022-05-05,2022-05-09,2,down,flat,0.21373099550735436,0.7016198651003509,0.08464913939229424
Apple Inc.,2022-05-06,2022-05-10,2,flat,flat,0.22759800457124815,0.6959690341574074,0.07643296127134416
Apple Inc.,2022-05-09,2022-05-11,2,flat,flat,0.15586769647011406,0.776985825825876,0.0671464777040095
Apple Inc.,2022-05-10,2022-05-12,2,down,flat,0.2272492191323508,0.7274369036972952,0.04531387717035376
Apple Inc.,2022-05-11,2022-05-13,2,flat,flat,0.14090659687100301,0.7593650486074783,0.09972835452151825
Apple Inc.,2022-05-12,2022-05-16,2,flat,flat,0.11156957221733503,0.6985733406280817,0.18985708715458283
Apple Inc.,2022-05-13,2022-05-17,2,flat,flat,0.1617120251252527,0.7421281723208226,0.09615980255392452
Apple Inc.,2022-05-16,2022-05-18,2,flat,flat,0.170049288361991,0.715496152598094,0.11445455903991444
Apple Inc.,2022-05-17,2022-05-19,2,down,flat,0.20677511618953676,0.7293188279739978,0.06390605583646522
Apple Inc.,2022-05-18,2022-05-20,2,flat,flat,0.1962191333658416,0.7042790110059042,0.09950185562825366
Apple Inc.,2022-05-19,2022-05-23,2,flat,flat,0.14697856664336584,0.7643941079393176,0.08862732541731573
Apple Inc.,2022-05-20,2022-05-24,2,flat,flat,0.1498132550953266,0.708858699511079,0.14132804539359356
Apple Inc.,2022-05-23,2022-05-25,2,flat,flat,0.19552368022724248,0.7466531052243859,0.05782321454837143
Apple Inc.,2022-05-24,2022-05-26,2,flat,flat,0.2080707328868964,0.691088976768554,0.10084029034454928
Apple Inc.,2022-05-25,2022-05-27,2,up,flat,0.21220604491696865,0.6913217676911347,0.0964721873918962
Apple Inc.,2022-05-26,2022-05-31,2,up,flat,0.17827628322001904,0.7253078265250362,0.0964158902549448
Apple Inc.,2022-05-27,2022-06-01,2,flat,flat,0.18661220715861965,0.7178265875112655,0.09556120533011461
Apple Inc.,2022-05-31,2022-06-02,2,flat,flat,0.2112697627447747,0.6580001319105411,0.13073010534468438
Apple Inc.,2022-06-01,2022-06-03,2,flat,flat,0.23573970241602285,0.6484649172556778,0.1157953803282996
Apple Inc.,2022-06-02,2022-06-06,2,flat,flat,0.28711191759855414,0.5954222915672598,0.11746579083418589
Apple Inc.,2022-06-03,2022-06-07,2,flat,flat,0.29411890252819073,0.6108936569998649,0.09498744047194428
Apple Inc.,2022-06-06,2022-06-08,2,flat,flat,0.14051491968744886,0.7568141941839699,0.10267088612858086
Apple Inc.,2022-06-07,2022-06-09,2,flat,flat,0.1859870491980591,0.7355200387756508,0.07849291202628977
Apple Inc.,2022-06-08,2022-06-10,2,down,flat,0.14380765022224026,0.7753660106292358,0.08082633914852387
Apple Inc.,2022-06-09,2022-06-13,2,down,flat,0.1872854794677964,0.721090337277655,0.09162418325454841
Apple Inc.,2022-06-10,2022-06-14,2,down,flat,0.12423601262811741,0.790536683484682,0.08522730388720025
Apple Inc.,2022-06-13,2022-06-15,2,flat,flat,0.12101894890765882,0.7393011304621147,0.13967992063022636
Apple Inc.,2022-06-14,2022-06-16,2,flat,flat,0.14553196733953258,0.7264331441693173,0.12803488849114997
Apple Inc.,2022-06-15,2022-06-17,2,flat,flat,0.20189755804283982,0.7211628967612562,0.07693954519590383
Apple Inc.,2022-06-16,2022-06-21,2,flat,flat,0.1942872168255094,0.6833245030585279,0.12238828011596248
Apple Inc.,2022-06-17,2022-06-22,2,flat,flat,0.2981641599813022,0.6127541481457531,0.0890816918729444
Apple Inc.,2022-06-21,2022-06-23,2,flat,flat,0.23486146760380758,0.6563999048257838,0.10873862757040842
Apple Inc.,2022-06-22,2022-06-24,2,up,flat,0.22079021639187743,0.6659745046784745,0.11323527892964806
Apple Inc.,2022-06-23,2022-06-27,2,up,flat,0.207549292504094,0.6731962759489372,0.11925443154696888
Apple Inc.,2022-06-24,2022-06-28,2,flat,flat,0.203995717984198,0.6815397649116917,0.11446451710411001
Apple Inc.,2022-06-27,2022-06-29,2,flat,flat,0.2265055686332316,0.6268400556547892,0.14665437571197903
Apple Inc.,2022-06-28,2022-06-30,2,flat,flat,0.33919898862290504,0.527883425827574,0.13291758554952102
Apple Inc.,2022-06-29,2022-07-01,2,flat,flat,0.32351994324437006,0.5518587416018541,0.1246213151537757
Apple Inc.,2022-06-30,2022-07-05,2,flat,flat,0.2144306455304998,0.7034329482710422,0.08213640619845798
Apple Inc.,2022-07-01,2022-07-06,2,up,flat,0.2328760743852621,0.6952482958021048,0.07187562981263296
Apple Inc.,2022-07-05,2022-07-07,2,up,flat,0.22124734766680895,0.6998472191030695,0.07890543323012157
Apple Inc.,2022-07-06,2022-07-08,2,flat,flat,0.20695093224766023,0.6499943019041666,0.14305476584817287
Apple Inc.,2022-07-07,2022-07-11,2,flat,flat,0.2189240535142528,0.6268789085026083,0.15419703798313866
Apple Inc.,2022-07-08,2022-07-12,2,flat,flat,0.21739413668827914,0.6137877435809047,0.16881811973081592
Apple Inc.,2022-07-11,2022-07-13,2,flat,flat,0.3164006207630925,0.5544060809663818,0.12919329827052567
Apple Inc.,2022-07-12,2022-07-14,2,flat,flat,0.24737849513849028,0.5795729659852025,0.17304853887630714
Apple Inc.,2022-07-13,2022-07-15,2,up,flat,0.2833148018915424,0.5864010445599368,0.13028415354852055
Apple Inc.,2022-07-14,2022-07-18,2,flat,flat,0.20050744653515004,0.6802588428375548,0.11923371062729499
Apple Inc.,2022-07-15,2022-07-19,2,flat,flat,0.22871527912916986,0.6269629851543693,0.1443217357164605
Apple Inc.,2022-07-18,2022-07-20,2,flat,flat,0.27809800260501877,0.5907846768292144,0.1311173205657667
Apple Inc.,2022-07-19,2022-07-21,2,up,flat,0.21945292135736158,0.6275238748917313,0.15302320375090694
Apple Inc.,2022-07-20,2022-07-22,2,flat,flat,0.19590965052000356,0.6513059268255109,0.15278442265448536
Apple Inc.,2022-07-21,2022-07-25,2,flat,flat,0.20971545499585675,0.6443588917747075,0.14592565322943535
Apple Inc.,2022-07-22,2022-07-26,2,flat,flat,0.21806410813457164,0.6164651346192173,0.1654707572462108
Apple Inc.,2022-07-25,2022-07-27,2,flat,flat,0.2579831670657051,0.5639494766420579,0.1780673562922367
Apple Inc.,2022-07-26,2022-07-28,2,up,flat,0.24316573536818933,0.6356540645606089,0.12118020007120146
Apple Inc.,2022-07-27,2022-07-29,2,up,flat,0.158109723968716,0.7170104883463609,0.12487978768492264
Apple Inc.,2022-07-28,2022-08-01,2,up,flat,0.17727018605438435,0.6722233973210556,0.1505064166245597
Apple Inc.,2022-07-29,2022-08-02,2,flat,flat,0.26421515329032713,0.564785605856998,0.1709992408526748
Apple Inc.,2022-08-01,2022-08-03,2,flat,flat,0.3837923044312075,0.4968999205985346,0.11930777497025784
Apple Inc.,2022-08-02,2022-08-04,2,up,flat,0.3591006567279238,0.5197249990701455,0.12117434420193077
Apple Inc.,2022-08-03,2022-08-05,2,flat,flat,0.23233989892394025,0.6349419806298885,0.13271812044617107
Apple Inc.,2022-08-04,2022-08-08,2,flat,flat,0.25069547098261746,0.6214950072639236,0.1278095217534586
Apple Inc.,2022-08-05,2022-08-09,2,flat,flat,0.3211068893048672,0.5595667083247343,0.11932640237039827
Apple Inc.,2022-08-08,2022-08-10,2,flat,flat,0.21242472056449524,0.6037214508225153,0.18385382861298907
Apple Inc.,2022-08-09,2022-08-11,2,up,flat,0.24056746087822592,0.6053861213002658,0.15404641782150796
Apple Inc.,2022-08-10,2022-08-12,2,flat,flat,0.20842723748653974,0.6118597943220538,0.17971296819140614
Apple Inc.,2022-08-11,2022-08-15,2,flat,flat,0.23911895471563743,0.5604771647255121,0.20040388055885025
Apple Inc.,2022-08-12,2022-08-16,2,flat,flat,0.2287824502734534,0.5397739541203673,0.23144359560617914
Apple Inc.,2022-08-15,2022-08-17,2,flat,flat,0.21983414223823303,0.518311632639474,0.2618542251222928
Apple Inc.,2022-08-16,2022-08-18,2,flat,flat,0.24711077434723638,0.5752941181102803,0.17759510754248317
Apple Inc.,2022-08-17,2022-08-19,2,flat,flat,0.19342489563487444,0.5328664924983719,0.27370861186675344
Apple Inc.,2022-08-18,2022-08-22,2,down,flat,0.206829687479874,0.5166772661176029,0.2764930464025229
Apple Inc.,2022-08-19,2022-08-23,2,down,flat,0.20906776698545432,0.6837683816354427,0.10716385137910259
Apple Inc.,2022-08-22,2022-08-24,2,flat,flat,0.1733804913452914,0.769051671541923,0.057567837112785424
Apple Inc.,2022-08-23,2022-08-25,2,flat,flat,0.19984385569079122,0.7561088925283773,0.04404725178083117
Apple Inc.,2022-08-24,2022-08-26,2,flat,flat,0.20127223341722641,0.7519021446776393,0.046825621905134056
Apple Inc.,2022-08-25,2022-08-29,2,down,flat,0.17125348137936908,0.7669517637188329,0.061794754901798025
Apple Inc.,2022-08-26,2022-08-30,2,down,flat,0.26885817042541776,0.6805540042257409,0.05058782534884129
Apple Inc.,2022-08-29,2022-08-31,2,flat,flat,0.1549671517747331,0.7877005616491884,0.05733228657607815
Apple Inc.,2022-08-30,2022-09-01,2,down,flat,0.16674403766445203,0.7590115455848475,0.07424441675070029
Apple Inc.,2022-08-31,2022-09-02,2,flat,flat,0.16069065815244943,0.7481803658638269,0.09112897598372316
Apple Inc.,2022-09-01,2022-09-06,2,flat,flat,0.21253852793233155,0.6700871477510979,0.11737432431657047
Apple Inc.,2022-09-02,2022-09-07,2,flat,flat,0.22864545988029314,0.6787639305413186,0.09259060957838809
Apple Inc.,2022-09-06,2022-09-08,2,flat,flat,0.25119469086284496,0.6773033228098975,0.07150198632725747
Apple Inc.,2022-09-07,2022-09-09,2,flat,flat,0.26064631040704594,0.6610881303596647,0.07826555923328922
Apple Inc.,2022-09-08,2022-09-12,2,up,flat,0.23464375355406009,0.6788607355353826,0.08649551091055702
Apple Inc.,2022-09-09,2022-09-13,2,flat,flat,0.22475425563828363,0.6899023045639778,0.08534343979773845
Apple Inc.,2022-09-12,2022-09-14,2,down,flat,0.18913408615655888,0.6389989653974575,0.1718669484459835
Apple Inc.,2022-09-13,2022-09-15,2,flat,flat,0.21248803654690687,0.6919399274140351,0.09557203603905791
Apple Inc.,2022-09-14,2022-09-16,2,down,flat,0.1925252372036593,0.7225615972123964,0.08491316558394392
Apple Inc.,2022-09-15,2022-09-19,2,flat,flat,0.1486750119076884,0.7714079112814091,0.07991707681090172
Apple Inc.,2022-09-16,2022-09-20,2,up,flat,0.15674899145838636,0.7551943289311146,0.08805667961049832
Apple Inc.,2022-09-19,2022-09-21,2,flat,flat,0.2382390065383116,0.6613277800036255,0.10043321345806261
Apple Inc.,2022-09-20,2022-09-22,2,flat,flat,0.2335233977518319,0.7017446555887146,0.06473194665945303
Apple Inc.,2022-09-21,2022-09-23,2,down,flat,0.22340951804828252,0.6891817167210431,0.08740876523067413
Apple Inc.,2022-09-22,2022-09-26,2,flat,flat,0.2244310154011256,0.6816932199811089,0.09387576461776508
Apple Inc.,2022-09-23,2022-09-27,2,flat,flat,0.18413993450672073,0.728351023935515,0.08750904155776379
Apple Inc.,2022-09-26,2022-09-28,2,flat,flat,0.1978640249599137,0.7241583021434692,0.07797767289661645
Apple Inc.,2022-09-27,2022-09-29,2,down,flat,0.26327737198566625,0.686875909904776,0.04984671810955737
Apple Inc.,2022-09-28,2022-09-30,2,down,flat,0.1932092440494339,0.729737251792141,0.07705350415842456
Apple Inc.,2022-09-29,2022-10-03,2,flat,flat,0.1455807409463623,0.776976794004003,0.07744246504963442
Apple Inc.,2022-09-30,2022-10-04,2,flat,flat,0.14091528237825235,0.7356245334623577,0.12346018415938953
Apple Inc.,2022-10-03,2022-10-05,2,flat,flat,0.16522533585038876,0.7025050633992187,0.13226960075039235
Apple Inc.,2022-10-04,2022-10-06,2,flat,flat,0.22893174035328326,0.703606323012133,0.06746193663458379
Apple Inc.,2022-10-05,2022-10-07,2,flat,flat,0.22796625310283222,0.6895890275558262,0.08244471934134134
Apple Inc.,2022-10-06,2022-10-10,2,down,flat,0.1894278981385971,0.6968219545511829,0.11375014731021983
Apple Inc.,2022-10-07,2022-10-11,2,flat,flat,0.2110583889043722,0.7085913433331683,0.08035026776245903
Apple Inc.,2022-10-10,2022-10-12,2,flat,flat,0.16896333875511296,0.738468704803519,0.09256795644136748
Apple Inc.,2022-10-11,2022-10-13,2,flat,flat,0.1572917867762385,0.752979050062585,0.08972916316117602
Apple Inc.,2022-10-12,2022-10-14,2,flat,flat,0.19593174637099917,0.7082378962585956,0.09583035737040504
Apple Inc.,2022-10-13,2022-10-17,2,flat,flat,0.18908545909486166,0.7145202148327676,0.09639432607237054
Apple Inc.,2022-10-14,2022-10-18,2,flat,flat,0.17156847772026956,0.7236976642447663,0.10473385803496373
Apple Inc.,2022-10-17,2022-10-19,2,flat,flat,0.17591912675061888,0.7130831766693896,0.11099769657999156
Apple Inc.,2022-10-18,2022-10-20,2,flat,flat,0.21719367257081715,0.6648821514141072,0.11792417601507549
Apple Inc.,2022-10-19,2022-10-21,2,flat,flat,0.26403266445499457,0.620358635444352,0.1156087001006533
Apple Inc.,2022-10-20,2022-10-24,2,flat,flat,0.24004216814330775,0.6329025299013012,0.12705530195539105
Apple Inc.,2022-10-21,2022-10-25,2,up,flat,0.20677551608710046,0.6531819045358973,0.14004257937700207
Apple Inc.,2022-10-24,2022-10-26,2,flat,flat,0.21655584939803404,0.6518059122509828,0.13163823835098323
Apple Inc.,2022-10-25,2022-10-27,2,down,flat,0.21432920014321571,0.6368356836877344,0.14883511616904982
Apple Inc.,2022-10-26,2022-10-28,2,flat,flat,0.3130784248660157,0.5698511018405238,0.11707047329346038
Apple Inc.,2022-10-27,2022-10-31,2,up,flat,0.2648581827586785,0.6199944794673588,0.11514733777396242
Apple Inc.,2022-10-28,2022-11-01,2,flat,flat,0.18113380499277654,0.6656070837916586,0.15325911121556463
Apple Inc.,2022-10-31,2022-11-02,2,down,flat,0.22539088664849413,0.6300346854676774,0.1445744278838284
Apple Inc.,2022-11-01,2022-11-03,2,down,flat,0.23386644041497667,0.6407119631128111,0.12542159647221196
Apple Inc.,2022-11-02,2022-11-04,2,down,flat,0.20840754585367247,0.7371970786071429,0.05439537553918437
Apple Inc.,2022-11-03,2022-11-07,2,flat,flat,0.14203814524074118,0.788206342631688,0.06975551212757042
Apple Inc.,2022-11-04,2022-11-08,2,flat,flat,0.15397990694559532,0.7592263333330656,0.08679375972133921
Apple Inc.,2022-11-07,2022-11-09,2,flat,flat,0.1459382519476102,0.7342552904432885,0.11980645760910068
Apple Inc.,2022-11-08,2022-11-10,2,flat,flat,0.19511347034601045,0.7441563570616272,0.06073017259236217
Apple Inc.,2022-11-09,2022-11-11,2,up,flat,0.19960525002780125,0.7215151533005582,0.07887959667164024
Apple Inc.,2022-11-10,2022-11-14,2,flat,flat,0.17076685275410114,0.7040222258806044,0.1252109213652938
Apple Inc.,2022-11-11,2022-11-15,2,flat,flat,0.16064489817899863,0.7137699067666659,0.12558519505433557
Apple Inc.,2022-11-14,2022-11-16,2,flat,flat,0.22031898161897956,0.6351282526898225,0.14455276569119774
Apple Inc.,2022-11-15,2022-11-17,2,flat,flat,0.20744210433828006,0.664086730658565,0.1284711650031549
Apple Inc.,2022-11-16,2022-11-18,2,flat,flat,0.29958474838471383,0.5789517066136629,0.12146354500162315
Apple Inc.,2022-11-17,2022-11-21,2,flat,flat,0.22905988156709772,0.6433970371138151,0.1275430813190871
Apple Inc.,2022-11-18,2022-11-22,2,flat,flat,0.17969963590987084,0.6734699406648452,0.14683042342528374
Apple Inc.,2022-11-21,2022-11-23,2,flat,flat,0.2148031052026231,0.6804236082112323,0.10477328658614429
Apple Inc.,2022-11-22,2022-11-25,2,flat,flat,0.22091262774438022,0.6918532874353883,0.08723408482023118
Apple Inc.,2022-11-23,2022-11-28,2,down,flat,0.14892129899093953,0.7323855875459055,0.11869311346315453
Apple Inc.,2022-11-25,2022-11-29,2,down,flat,0.19600429304769648,0.7289787045028436,0.07501700244945957
Apple Inc.,2022-11-28,2022-11-30,2,flat,flat,0.17686224699686678,0.7766564822477711,0.046481270755361674
Apple Inc.,2022-11-29,2022-12-01,2,up,flat,0.15972913666560143,0.7869728985913427,0.0532979647430555
Apple Inc.,2022-11-30,2022-12-02,2,flat,flat,0.247266175449673,0.719870331928985,0.032863492621342
Apple Inc.,2022-12-01,2022-12-05,2,flat,flat,0.2054589628215991,0.7178897776223065,0.07665125955609399
Apple Inc.,2022-12-02,2022-12-06,2,flat,flat,0.21425550479692665,0.6933438245007667,0.09240067070230626
Apple Inc.,2022-12-05,2022-12-07,2,down,flat,0.17557281838144267,0.7132686589330387,0.11115852268551815
Apple Inc.,2022-12-06,2022-12-08,2,flat,flat,0.23385603676461197,0.7032833576990121,0.0628606055363757
Apple Inc.,2022-12-07,2022-12-09,2,flat,flat,0.1944497773321,0.7620602403713727,0.04348998229652709
Apple Inc.,2022-12-08,2022-12-12,2,flat,flat,0.23904342390779196,0.7152224050925181,0.04573417099968969
Apple Inc.,2022-12-09,2022-12-13,2,up,flat,0.25194883520642003,0.7070932525129027,0.04095791228067693
Apple Inc.,2022-12-12,2022-12-14,2,flat,flat,0.2510250028675497,0.7145125044145191,0.03446249271793096
Apple Inc.,2022-12-13,2022-12-15,2,down,flat,0.1385814046938873,0.7237193707636869,0.13769922454242528
Apple Inc.,2022-12-14,2022-12-16,2,down,flat,0.22142434646865639,0.6822912818161454,0.09628437171519794
Apple Inc.,2022-12-15,2022-12-19,2,down,flat,0.20801945039747263,0.7437744947803067,0.048206054822220235
Apple Inc.,2022-12-16,2022-12-20,2,flat,flat,0.14443921552172104,0.7914245752381298,0.0641362092401488
Apple Inc.,2022-12-19,2022-12-21,2,flat,flat,0.18228711709915524,0.6986766815479093,0.11903620135293519
Apple Inc.,2022-12-20,2022-12-22,2,flat,flat,0.18277926837905947,0.6526666531209976,0.16455407849994258
Apple Inc.,2022-12-21,2022-12-23,2,flat,flat,0.22166437362492386,0.6799919537051379,0.09834367266993815
Apple Inc.,2022-12-22,2022-12-27,2,flat,flat,0.24382176001159897,0.6464820162156297,0.10969622377277095
Apple Inc.,2022-12-23,2022-12-28,2,flat,flat,0.2754549685113252,0.6152695761695017,0.10927545531917289
Apple Inc.,2022-12-27,2022-12-29,2,flat,flat,0.2821267536118638,0.613838954559036,0.10403429182909989
Apple Inc.,2022-12-28,2022-12-30,2,flat,flat,0.24725496746361533,0.6435886448347168,0.10915638770166773
Apple Inc.,2022-12-29,2023-01-03,2,flat,flat,0.22422516954555147,0.6710987367618612,0.10467609369258725
Apple Inc.,2022-12-30,2023-01-04,2,flat,flat,0.17177544437404507,0.649578266506319,0.1786462891196358
Apple Inc.,2023-01-03,2023-01-05,2,flat,flat,0.1547360023667833,0.6333939602890903,0.21187003734412607
Apple Inc.,2023-01-04,2023-01-06,2,flat,flat,0.12640789736890032,0.664922675334115,0.2086694272969845
Apple Inc.,2023-01-05,2023-01-09,2,up,flat,0.10617641915238638,0.7189710572556663,0.1748525235919468
Apple Inc.,2023-01-06,2023-01-10,2,flat,flat,0.18795221498664413,0.6975930915409162,0.11445469347243942
Apple Inc.,2023-01-09,2023-01-11,2,flat,flat,0.16859891976926916,0.6588507045182243,0.17255037571250667
Apple Inc.,2023-01-10,2023-01-12,2,flat,flat,0.21439285227500487,0.5996379657682247,0.18596918195677023
Apple Inc.,2023-01-11,2023-01-13,2,flat,flat,0.2039964655000345,0.6112603479010927,0.1847431865988728
Apple Inc.,2023-01-12,2023-01-17,2,flat,flat,0.15362384587944733,0.6383967578347586,0.20797939628579395
Apple Inc.,2023-01-13,2023-01-18,2,flat,flat,0.11769352143784412,0.6728262544082786,0.20948022415387713
Apple Inc.,2023-01-17,2023-01-19,2,flat,flat,0.10392639803388809,0.6905526557107611,0.20552094625535083
Apple Inc.,2023-01-18,2023-01-20,2,flat,flat,0.11465877733053967,0.6483662848462877,0.23697493782317242
Apple Inc.,2023-01-19,2023-01-23,2,up,flat,0.2352228864540617,0.5711734632368385,0.1936036503090997
Apple Inc.,2023-01-20,2023-01-24,2,up,flat,0.11407407214117438,0.6402320982032237,0.2456938296556018
Apple Inc.,2023-01-23,2023-01-25,2,flat,flat,0.13560478671739168,0.6049465419493862,0.2594486713332218
Apple Inc.,2023-01-24,2023-01-26,2,flat,flat,0.19959721535558742,0.5431105464096223,0.2572922382347901
Apple Inc.,2023-01-25,2023-01-27,2,up,flat,0.33040492594586207,0.48009966948154653,0.18949540457259115
Apple Inc.,2023-01-26,2023-01-30,2,flat,flat,0.22350825165715602,0.6465884542348368,0.1299032941080069
Apple Inc.,2023-01-27,2023-01-31,2,flat,flat,0.2334836050190542,0.6056614564565769,0.16085493852436866
Apple Inc.,2023-01-30,2023-02-01,2,flat,flat,0.3113173806135249,0.4414971998708148,0.24718541951566025
Apple Inc.,2023-01-31,2023-02-02,2,up,flat,0.2592295105004483,0.5711878613600834,0.16958262813946828
Apple Inc.,2023-02-01,2023-02-03,2,up,flat,0.18952563171688433,0.6028630973107735,0.20761127097234192
Apple Inc.,2023-02-02,2023-02-06,2,flat,flat,0.24199777483867918,0.5730829656579923,0.18491925950332835
Apple Inc.,2023-02-03,2023-02-07,2,flat,flat,0.2708913280972801,0.52564098559431,0.20346768630840967
Apple Inc.,2023-02-06,2023-02-08,2,flat,flat,0.34655701983848386,0.5159970554031876,0.1374459247583285
Apple Inc.,2023-02-07,2023-02-09,2,flat,flat,0.2934274176218939,0.5563747968986487,0.1501977854794573
Apple Inc.,2023-02-08,2023-02-10,2,flat,flat,0.2994777106213888,0.5514765040650458,0.14904578531356547
Apple Inc.,2023-02-09,2023-02-13,2,flat,flat,0.2572636325909594,0.6018610610852528,0.14087530632378759
Apple Inc.,2023-02-10,2023-02-14,2,flat,flat,0.22467138587422839,0.7070752020546723,0.06825341207109908
Apple Inc.,2023-02-13,2023-02-15,2,flat,flat,0.13137291114425426,0.7802117226171467,0.0884153662385991
Apple Inc.,2023-02-14,2023-02-16,2,flat,flat,0.182399007321258,0.7158872502496445,0.10171374242909711
Apple Inc.,2023-02-15,2023-02-17,2,flat,flat,0.16967331755154916,0.6825691933906523,0.14775748905779815
Apple Inc.,2023-02-16,2023-02-21,2,down,flat,0.23743700567187495,0.6103299961404323,0.1522329981876926
Apple Inc.,2023-02-17,2023-02-22,2,flat,flat,0.2469434110256752,0.6614770189910211,0.09157956998330365
Apple Inc.,2023-02-21,2023-02-23,2,flat,flat,0.1677845291417581,0.7703076188193444,0.06190785203889737
Apple Inc.,2023-02-22,2023-02-24,2,flat,flat,0.17102828118584004,0.7869976095651093,0.0419741092490503
Apple Inc.,2023-02-23,2023-02-27,2,flat,flat,0.15770889762787205,0.8028294947962461,0.03946160757588184
Apple Inc.,2023-02-24,2023-02-28,2,flat,flat,0.22044446046313051,0.7137898958897354,0.06576564364713378
Apple Inc.,2023-02-27,2023-03-01,2,flat,flat,0.20231103886366486,0.7558455625790726,0.04184339855726232
Apple Inc.,2023-02-28,2023-03-02,2,flat,flat,0.3340701313161686,0.6228404785654078,0.04308939011842375
Apple Inc.,2023-03-01,2023-03-03,2,up,flat,0.29622436133473434,0.6651759453315732,0.03859969333369238
Apple Inc.,2023-03-02,2023-03-06,2,up,flat,0.3444740008650241,0.6094363276029788,0.04608967153199698
Apple Inc.,2023-03-03,2023-03-07,2,up,flat,0.20235262584787506,0.6083791855057544,0.1892681886463701
Apple Inc.,2023-03-06,2023-03-08,2,flat,flat,0.1587866579676275,0.5555899494467598,0.2856233925856126
Apple Inc.,2023-03-07,2023-03-09,2,flat,flat,0.21184107780052422,0.6319149516318133,0.15624397056766215
Apple Inc.,2023-03-08,2023-03-10,2,down,flat,0.20233168465936985,0.6205402466281287,0.17712806871250106
Apple Inc.,2023-03-09,2023-03-13,2,flat,flat,0.2402222868209207,0.6566038067615929,0.1031739064174859
Apple Inc.,2023-03-10,2023-03-14,2,flat,flat,0.217652726462706,0.7119391114362608,0.07040816210103275
Apple Inc.,2023-03-13,2023-03-15,2,flat,flat,0.23248823100442617,0.7059038726839093,0.06160789631166413
Apple Inc.,2023-03-14,2023-03-16,2,flat,flat,0.17921360856777074,0.7169014253477305,0.10388496608449861
Apple Inc.,2023-03-15,2023-03-17,2,up,flat,0.1815707969661364,0.7458806943312158,0.07254850870264723
Apple Inc.,2023-03-16,2023-03-20,2,flat,flat,0.16362328601256101,0.6673982107663055,0.1689785032211333
Apple Inc.,2023-03-17,2023-03-21,2,flat,flat,0.1982306319333116,0.5649500480866596,0.2368193199800286
Apple Inc.,2023-03-20,2023-03-22,2,flat,flat,0.1983696583976725,0.5823203175327119,0.2193100240696155
Apple Inc.,2023-03-21,2023-03-23,2,flat,flat,0.18212413976416295,0.589530460339508,0.22834539989632885
Apple Inc.,2023-03-22,2023-03-24,2,flat,flat,0.22992829344015955,0.5935828100829947,0.17648889647684565
Apple Inc.,2023-03-23,2023-03-27,2,flat,flat,0.23686267929007745,0.548577616229559,0.2145597044803635
Apple Inc.,2023-03-24,2023-03-28,2,flat,flat,0.2165719594888006,0.5905511285289776,0.19287691198222168
Apple Inc.,2023-03-27,2023-03-29,2,flat,flat,0.20261940900850584,0.6278061206945117,0.16957447029698225
Apple Inc.,2023-03-28,2023-03-30,2,up,flat,0.1693327544287545,0.7670995692026276,0.06356767636861754
Apple Inc.,2023-03-29,2023-03-31,2,flat,flat,0.12171135393160909,0.7767933123485571,0.10149533371983363
Apple Inc.,2023-03-30,2023-04-03,2,flat,flat,0.15304892556084193,0.6708086925793727,0.17614238185978506
Apple Inc.,2023-03-31,2023-04-04,2,flat,flat,0.17732821597633427,0.6064458565912915,0.21622592743237384
Apple Inc.,2023-04-03,2023-04-05,2,flat,flat,0.16417285220596878,0.5868239189058222,0.24900322888820867
Apple Inc.,2023-04-04,2023-04-06,2,flat,flat,0.22277350132379062,0.5672965417725601,0.20992995690364932
Apple Inc.,2023-04-05,2023-04-10,2,flat,flat,0.2587136697494332,0.558144716958618,0.1831416132919487
Apple Inc.,2023-04-06,2023-04-11,2,flat,flat,0.21146932612969427,0.6759807935551744,0.11254988031513104
Apple Inc.,2023-04-10,2023-04-12,2,flat,flat,0.19114749465738975,0.7490688563646597,0.0597836489779508
Apple Inc.,2023-04-11,2023-04-13,2,flat,flat,0.18542501337008513,0.7478475865939872,0.06672740003592756
Apple Inc.,2023-04-12,2023-04-14,2,up,flat,0.2744043786206978,0.659324882065209,0.0662707393140928
Apple Inc.,2023-04-13,2023-04-17,2,flat,flat,0.17483018341759007,0.7303503193928775,0.09481949718953238
Apple Inc.,2023-04-14,2023-04-18,2,flat,flat,0.2118044238826935,0.6857882351096741,0.10240734100763206
Apple Inc.,2023-04-17,2023-04-19,2,flat,flat,0.27284764357413094,0.5918727838286246,0.1352795725972444
Apple Inc.,2023-04-18,2023-04-20,2,flat,flat,0.1968216415383643,0.5913122054149169,0.21186615304671869
Apple Inc.,2023-04-19,2023-04-21,2,flat,flat,0.20091858036751784,0.6118390468504977,0.18724237278198427
Apple Inc.,2023-04-20,2023-04-24,2,flat,flat,0.21259783131601798,0.6389405808200157,0.14846158786396615
Apple Inc.,2023-04-21,2023-04-25,2,flat,flat,0.20976867972659347,0.7250022520384387,0.06522906823496753
Apple Inc.,2023-04-24,2023-04-26,2,flat,flat,0.2564675324779588,0.6770695980033778,0.06646286951866315
Apple Inc.,2023-04-25,2023-04-27,2,flat,flat,0.3087623044011339,0.6322491347349919,0.05898856086387405
Apple Inc.,2023-04-26,2023-04-28,2,up,flat,0.3247380359136826,0.6258284375884176,0.04943352649789984
Apple Inc.,2023-04-27,2023-05-01,2,flat,flat,0.2018011584097611,0.6941501521074244,0.10404868948281389
Apple Inc.,2023-04-28,2023-05-02,2,flat,flat,0.2078902028615621,0.6032794563665396,0.18883034077189811
Apple Inc.,2023-05-01,2023-05-03,2,flat,flat,0.20320788499986922,0.5952632427379612,0.20152887226216937
Apple Inc.,2023-05-02,2023-05-04,2,down,flat,0.21630341764740849,0.5861873156104912,0.19750926674210015
Apple Inc.,2023-05-03,2023-05-05,2,up,flat,0.20335206386442578,0.5832133061404053,0.2134346299951687
Apple Inc.,2023-05-04,2023-05-08,2,up,flat,0.26093876346645983,0.6703070632273264,0.06875417330621353
Apple Inc.,2023-05-05,2023-05-09,2,flat,flat,0.1319426284879359,0.6711914736136743,0.1968658978983895
Apple Inc.,2023-05-08,2023-05-10,2,flat,flat,0.15790837250429413,0.6201511461200127,0.22194048137569286
Apple Inc.,2023-05-09,2023-05-11,2,flat,flat,0.21257041132063953,0.5739361700552446,0.21349341862411575
Apple Inc.,2023-05-10,2023-05-12,2,flat,flat,0.16724973552299158,0.63354155054297,0.1992087139340382
Apple Inc.,2023-05-11,2023-05-15,2,flat,flat,0.19153785434866197,0.6253379333803153,0.18312421227102263
Apple Inc.,2023-05-12,2023-05-16,2,flat,flat,0.1724599345327529,0.7224126861059885,0.10512737936125818
Apple Inc.,2023-05-15,2023-05-17,2,flat,flat,0.1750752997693261,0.7593324274563371,0.06559227277433632
Apple Inc.,2023-05-16,2023-05-18,2,flat,flat,0.17904924892301,0.7495153700261078,0.07143538105088201
Apple Inc.,2023-05-17,2023-05-19,2,up,flat,0.20081332571516,0.7376327922309396,0.06155388205389999
Apple Inc.,2023-05-18,2023-05-22,2,flat,flat,0.13939154325681366,0.7722869824596102,0.08832147428357612
Apple Inc.,2023-05-19,2023-05-23,2,down,flat,0.13331870006639637,0.6598615497191631,0.20681975021444024
Apple Inc.,2023-05-22,2023-05-24,2,flat,flat,0.21147482564445078,0.7037229320731307,0.08480224228241834
Apple Inc.,2023-05-23,2023-05-25,2,flat,flat,0.2268700892258728,0.7236086112553912,0.049521299518735615
Apple Inc.,2023-05-24,2023-05-26,2,up,flat,0.2360964767082616,0.7049112604596404,0.05899226283209727
Apple Inc.,2023-05-25,2023-05-30,2,up,flat,0.1988670883567113,0.7113127105563977,0.08982020108689047
Apple Inc.,2023-05-26,2023-05-31,2,up,flat,0.19828485177422678,0.7128819144607901,0.08883323376498269
Apple Inc.,2023-05-30,2023-06-01,2,flat,flat,0.17216630083736756,0.6411455367313502,0.18668816243128195
Apple Inc.,2023-05-31,2023-06-02,2,up,flat,0.18439756050247308,0.6009576383169866,0.21464480118054
Apple Inc.,2023-06-01,2023-06-05,2,up,flat,0.19346999427609365,0.5774339035064721,0.22909610221743415
Apple Inc.,2023-06-02,2023-06-06,2,flat,flat,0.17291200109669738,0.613507239222076,0.21358075968122653
Apple Inc.,2023-06-05,2023-06-07,2,flat,flat,0.16700826736750402,0.435335115201489,0.397656617431007
Apple Inc.,2023-06-06,2023-06-08,2,flat,flat,0.18465595355866588,0.57651918760624,0.23882485883509377
Apple Inc.,2023-06-07,2023-06-09,2,flat,flat,0.17439730240442752,0.6414116870706849,0.1841910105248873
Apple Inc.,2023-06-08,2023-06-12,2,up,flat,0.13495416687627282,0.7062819056571888,0.15876392746653778
Apple Inc.,2023-06-09,2023-06-13,2,flat,flat,0.1219481800471073,0.7504219313765723,0.12762988857632032
Apple Inc.,2023-06-12,2023-06-14,2,flat,flat,0.14387994976654694,0.7093124522943732,0.14680759793907958
Apple Inc.,2023-06-13,2023-06-15,2,flat,flat,0.15879833348236466,0.5659891528458145,0.2752125136718204
Apple Inc.,2023-06-14,2023-06-16,2,flat,flat,0.15117230365806442,0.5434885925720169,0.3053391037699184
Apple Inc.,2023-06-15,2023-06-20,2,flat,flat,0.1333989049979266,0.5076839286350663,0.35891716636700693
Apple Inc.,2023-06-16,2023-06-21,2,flat,flat,0.1400369824517641,0.4936759575748493,0.3662870599733865
Apple Inc.,2023-06-20,2023-06-22,2,flat,flat,0.18178791401526198,0.5260363742755682,0.29217571170916967
Apple Inc.,2023-06-21,2023-06-23,2,flat,flat,0.17135572564243137,0.5988519975232932,0.22979227683427514
Apple Inc.,2023-06-22,2023-06-26,2,flat,flat,0.12686889093191264,0.6263762917372925,0.24675481733079463
Apple Inc.,2023-06-23,2023-06-27,2,flat,flat,0.13182328287177922,0.6201499957710653,0.24802672135715537
Apple Inc.,2023-06-26,2023-06-28,2,flat,flat,0.1628479672869881,0.6100166627955403,0.22713536991747127
Apple Inc.,2023-06-27,2023-06-29,2,flat,flat,0.15082870344208105,0.5438221545264826,0.30534914203143615
Apple Inc.,2023-06-28,2023-06-30,2,up,flat,0.14500276671015042,0.4718333337874446,0.3831638995024049
Apple Inc.,2023-06-29,2023-07-03,2,up,flat,0.15279356279478182,0.4348816578222508,0.41232477938296724
Apple Inc.,2023-06-30,2023-07-05,2,flat,flat,0.14534852633755085,0.541112832542488,0.31353864111996094
Apple Inc.,2023-07-03,2023-07-06,2,flat,flat,0.22956265028213077,0.3993554336665352,0.37108191605133384
Apple Inc.,2023-07-05,2023-07-07,2,flat,flat,0.1682917360517064,0.4207929487332225,0.410915315215071
Apple Inc.,2023-07-06,2023-07-10,2,flat,flat,0.2076401864251246,0.5433035612707103,0.24905625230416475
Apple Inc.,2023-07-07,2023-07-11,2,down,flat,0.15977477336716425,0.5745221835707466,0.265703043062089
Apple Inc.,2023-07-10,2023-07-12,2,flat,flat,0.2618616318906852,0.5942221009935725,0.14391626711574207
Apple Inc.,2023-07-11,2023-07-13,2,flat,flat,0.2811518644651637,0.578377466267682,0.14047066926715399
Apple Inc.,2023-07-12,2023-07-14,2,flat,flat,0.21066688006043346,0.6585600219989308,0.1307730979406352
Apple Inc.,2023-07-13,2023-07-17,2,flat,flat,0.22026923194123932,0.6046181232923415,0.1751126447664188
Apple Inc.,2023-07-14,2023-07-18,2,up,flat,0.2455581049213467,0.5954999891420614,0.15894190593659155
Apple Inc.,2023-07-17,2023-07-19,2,flat,flat,0.21943373265528687,0.5386513954288189,0.24191487191589414
Apple Inc.,2023-07-18,2023-07-20,2,flat,flat,0.24359053805708475,0.48718457686245253,0.26922488508046266
Apple Inc.,2023-07-19,2023-07-21,2,flat,flat,0.18098864506762444,0.47792154798257785,0.3410898069497975
Apple Inc.,2023-07-20,2023-07-24,2,flat,flat,0.1721228328451258,0.5281904891859656,0.2996866779689086
Apple Inc.,2023-07-21,2023-07-25,2,flat,flat,0.2039568319600097,0.5884946863510777,0.2075484816889122
Apple Inc.,2023-07-24,2023-07-26,2,flat,flat,0.19489613530077698,0.6536428400862269,0.15146102461299574
Apple Inc.,2023-07-25,2023-07-27,2,flat,flat,0.1988376392129911,0.6360684768452216,0.16509388394178676
Apple Inc.,2023-07-26,2023-07-28,2,flat,flat,0.2063172706408695,0.6162266687093357,0.17745606064979438
Apple Inc.,2023-07-27,2023-07-31,2,flat,flat,0.19265302281503,0.6264201982038583,0.1809267789811112
Apple Inc.,2023-07-28,2023-08-01,2,flat,flat,0.204705463153989,0.5852643874302399,0.2100301494157708
Apple Inc.,2023-07-31,2023-08-02,2,flat,flat,0.18649618227771358,0.5566277575192491,0.25687606020303694
Apple Inc.,2023-08-01,2023-08-03,2,down,flat,0.20075094359546483,0.5232050462606207,0.2760440101439143
Apple Inc.,2023-08-02,2023-08-04,2,down,flat,0.24210071355020396,0.6073391103468676,0.1505601761029281
Apple Inc.,2023-08-03,2023-08-07,2,down,flat,0.2637769296582254,0.599206996880212,0.13701607346156236
Apple Inc.,2023-08-04,2023-08-08,2,down,flat,0.16486388550152486,0.7348873873293665,0.10024872716910846
Apple Inc.,2023-08-07,2023-08-09,2,flat,flat,0.18777266857341054,0.6579075853669906,0.1543197460595988
Apple Inc.,2023-08-08,2023-08-10,2,flat,flat,0.21261938328625427,0.6215750612191647,0.16580555549458084
Apple Inc.,2023-08-09,2023-08-11,2,flat,flat,0.20734671293360882,0.6489727187918294,0.1436805682745615
Apple Inc.,2023-08-10,2023-08-14,2,flat,flat,0.20487579081264212,0.6384287121254202,0.15669549706193753
Apple Inc.,2023-08-11,2023-08-15,2,flat,flat,0.21839251579997426,0.6601572311583729,0.12145025304165247
Apple Inc.,2023-08-14,2023-08-16,2,flat,flat,0.2516716707054238,0.6466575149233199,0.10167081437125601
Apple Inc.,2023-08-15,2023-08-17,2,flat,flat,0.19641854591922658,0.684427181627882,0.1191542724528909
Apple Inc.,2023-08-16,2023-08-18,2,down,flat,0.23868322399891576,0.6408138515372371,0.12050292446384696
Apple Inc.,2023-08-17,2023-08-21,2,flat,flat,0.21799925612902085,0.6715830005330506,0.11041774333792821
Apple Inc.,2023-08-18,2023-08-22,2,up,flat,0.19464880094984416,0.6777901734280156,0.1275610256221397
Apple Inc.,2023-08-21,2023-08-23,2,up,flat,0.2620711266704101,0.6677830091600631,0.07014586416952669
Apple Inc.,2023-08-22,2023-08-24,2,flat,flat,0.23001581825960668,0.6883976322995945,0.08158654944079859
Apple Inc.,2023-08-23,2023-08-25,2,flat,flat,0.2145337774003308,0.6805773528834526,0.10488886971621639
Apple Inc.,2023-08-24,2023-08-28,2,flat,flat,0.2174788138354786,0.6818368905795072,0.10068429558501377
Apple Inc.,2023-08-25,2023-08-29,2,up,flat,0.22121108731546765,0.6535238346797686,0.12526507800476366
Apple Inc.,2023-08-28,2023-08-30,2,up,flat,0.19359173138950594,0.6914087236575931,0.11499954495290061
Apple Inc.,2023-08-29,2023-08-31,2,up,flat,0.1941028905666692,0.6452788090207154,0.16061830041261516
Apple Inc.,2023-08-30,2023-09-01,2,flat,flat,0.1678019077926945,0.6557368099483009,0.17646128225900454
Apple Inc.,2023-08-31,2023-09-05,2,flat,flat,0.18417943182934793,0.6215374577003984,0.19428311047025346
Apple Inc.,2023-09-01,2023-09-06,2,down,flat,0.2021723187829057,0.6197232656416846,0.17810441557540962
Apple Inc.,2023-09-05,2023-09-07,2,down,flat,0.23532786270642525,0.5942610807946234,0.1704110564989512
Apple Inc.,2023-09-06,2023-09-08,2,down,flat,0.268496259915792,0.600710798274265,0.13079294180994275
Apple Inc.,2023-09-07,2023-09-11,2,flat,flat,0.13632373950213197,0.786541902525249,0.07713435797261849
Apple Inc.,2023-09-08,2023-09-12,2,flat,flat,0.14723802993482787,0.7414029588259268,0.1113590112392455
Apple Inc.,2023-09-11,2023-09-13,2,flat,flat,0.18655227528397966,0.7212363023636044,0.09221142235241558
Apple Inc.,2023-09-12,2023-09-14,2,flat,flat,0.19883471685668028,0.7366102936671562,0.06455498947616317
Apple Inc.,2023-09-13,2023-09-15,2,flat,flat,0.20340594520614858,0.7135727193536074,0.08302133544024347
Apple Inc.,2023-09-14,2023-09-18,2,flat,flat,0.1923129171527572,0.7493203674827322,0.05836671536451
Apple Inc.,2023-09-15,2023-09-19,2,flat,flat,0.24684055954415943,0.7074357459827385,0.04572369447310181
Apple Inc.,2023-09-18,2023-09-20,2,flat,flat,0.23426636001965614,0.6921505642112793,0.07358307576906407
Apple Inc.,2023-09-19,2023-09-21,2,flat,flat,0.19862884128752578,0.7166638841285906,0.08470727458388301
Apple Inc.,2023-09-20,2023-09-22,2,flat,flat,0.21247741882803153,0.697334036573322,0.0901885445986463
Apple Inc.,2023-09-21,2023-09-25,2,flat,flat,0.1954838948722812,0.715021722608662,0.08949438251905648
Apple Inc.,2023-09-22,2023-09-26,2,flat,flat,0.19992861867018497,0.7178301200972947,0.0822412612325198
Apple Inc.,2023-09-25,2023-09-27,2,down,flat,0.21777814360218897,0.7211084761621269,0.061113380235684
Apple Inc.,2023-09-26,2023-09-28,2,flat,flat,0.19723132922227982,0.7079048007196582,0.0948638700580617
Apple Inc.,2023-09-27,2023-09-29,2,flat,flat,0.19548255408441334,0.7284205431801125,0.07609690273547372
Apple Inc.,2023-09-28,2023-10-02,2,flat,flat,0.17715665996181784,0.7443949478563503,0.07844839218183142
Apple Inc.,2023-09-29,2023-10-03,2,flat,flat,0.2626455656353864,0.6863173907651778,0.051037043599435436
Apple Inc.,2023-10-02,2023-10-04,2,flat,flat,0.2318463985664302,0.7008090278166875,0.0673445736168817
Apple Inc.,2023-10-03,2023-10-05,2,flat,flat,0.18783312158397872,0.7222003780392734,0.08996650037674737
Apple Inc.,2023-10-04,2023-10-06,2,flat,flat,0.18893767975204162,0.7242214632282369,0.08684085701972111
Apple Inc.,2023-10-05,2023-10-09,2,up,flat,0.2255033456829372,0.6274569741326046,0.1470396801844581
Apple Inc.,2023-10-06,2023-10-10,2,flat,flat,0.19072336491340494,0.6145582575667083,0.19471837751988652
Apple Inc.,2023-10-09,2023-10-11,2,flat,flat,0.17910130713808442,0.6081689185707085,0.21272977429120674
Apple Inc.,2023-10-10,2023-10-12,2,flat,flat,0.1757858147217856,0.5763886423089023,0.24782554296931192
Apple Inc.,2023-10-11,2023-10-13,2,flat,flat,0.17412833198188266,0.5686722254379823,0.2571994425801347
Apple Inc.,2023-10-12,2023-10-16,2,flat,flat,0.15284592241459125,0.6075370049911796,0.23961707259422887
Apple Inc.,2023-10-13,2023-10-17,2,flat,flat,0.19605803879472783,0.5949621336794214,0.20897982752585037
Apple Inc.,2023-10-16,2023-10-18,2,flat,flat,0.20122293898521143,0.6728735503655746,0.12590351064921346
Apple Inc.,2023-10-17,2023-10-19,2,flat,flat,0.204981200190566,0.6948601775883673,0.10015862222106663
Apple Inc.,2023-10-18,2023-10-20,2,flat,flat,0.197955453628624,0.7232864211370942,0.07875812523428154
Apple Inc.,2023-10-19,2023-10-23,2,down,flat,0.1923414990849717,0.6412509259254849,0.16640757498954303
Apple Inc.,2023-10-20,2023-10-24,2,flat,flat,0.21455700143883724,0.6563907030462515,0.1290522955149111
Apple Inc.,2023-10-23,2023-10-25,2,flat,flat,0.24633460554983386,0.674699583726619,0.07896581072354703
Apple Inc.,2023-10-24,2023-10-26,2,down,flat,0.2741945905381795,0.653142748370612,0.07266266109120821
Apple Inc.,2023-10-25,2023-10-27,2,down,flat,0.23810044371449135,0.6398404965284739,0.12205905975703445
Apple Inc.,2023-10-26,2023-10-30,2,flat,flat,0.2404668822210924,0.6798797927563212,0.0796533250225861
Apple Inc.,2023-10-27,2023-10-31,2,flat,flat,0.20790324707623975,0.6929404837413774,0.09915626918238216
Apple Inc.,2023-10-30,2023-11-01,2,flat,flat,0.313092563284224,0.6337409409225008,0.05316649579327487
Apple Inc.,2023-10-31,2023-11-02,2,up,flat,0.23728437864629093,0.6932222657060494,0.0694933556476594
Apple Inc.,2023-11-01,2023-11-03,2,flat,flat,0.2163363176669241,0.6873360842311732,0.09632759810190249
Apple Inc.,2023-11-02,2023-11-06,2,flat,flat,0.17266309858908285,0.637389857704984,0.18994704370593293
Apple Inc.,2023-11-03,2023-11-07,2,up,flat,0.2333179344500346,0.6058447404887967,0.1608373250611686
Apple Inc.,2023-11-06,2023-11-08,2,up,flat,0.15663510178967932,0.6374598762492919,0.20590502196102853
Apple Inc.,2023-11-07,2023-11-09,2,flat,flat,0.1853732083512443,0.6681478853121889,0.14647890633656646
Apple Inc.,2023-11-08,2023-11-10,2,flat,flat,0.19065095583331584,0.6551311958666837,0.1542178483000003
Apple Inc.,2023-11-09,2023-11-13,2,flat,flat,0.2005286396329879,0.642750679412279,0.1567206809547328
Apple Inc.,2023-11-10,2023-11-14,2,flat,flat,0.20118412533916522,0.659376799467897,0.1394390751929376
Apple Inc.,2023-11-13,2023-11-15,2,flat,flat,0.2246986479613764,0.6017622668681604,0.17353908517046313
Apple Inc.,2023-11-14,2023-11-16,2,flat,flat,0.18726431170480243,0.6096459426496382,0.20308974564555907
Apple Inc.,2023-11-15,2023-11-17,2,flat,flat,0.1871056061511422,0.6093875231418394,0.20350687070701806
Apple Inc.,2023-11-16,2023-11-20,2,flat,flat,0.22524309239279808,0.5312794656362777,0.24347744197092383
Apple Inc.,2023-11-17,2023-11-21,2,flat,flat,0.22303897124533406,0.5372417941830822,0.23971923457158364
Apple Inc.,2023-11-20,2023-11-22,2,flat,flat,0.17089950404043158,0.5579451063753325,0.27115538958423574
Apple Inc.,2023-11-21,2023-11-24,2,flat,flat,0.21278600120820898,0.5660137412729851,0.22120025751880568
Apple Inc.,2023-11-22,2023-11-27,2,flat,flat,0.16656253303916357,0.5972711090438143,0.23616635791702184
Apple Inc.,2023-11-24,2023-11-28,2,flat,flat,0.22299034597842834,0.6634070530633636,0.1136026009582076
Apple Inc.,2023-11-27,2023-11-29,2,flat,flat,0.1957015086546626,0.677745827940949,0.12655266340438806
Apple Inc.,2023-11-28,2023-11-30,2,flat,flat,0.15347568748546497,0.7105950100982019,0.13592930241633247
Apple Inc.,2023-11-29,2023-12-01,2,flat,flat,0.15819128128308182,0.68169970534112,0.16010901337579786
Apple Inc.,2023-11-30,2023-12-04,2,flat,flat,0.23635084047076926,0.6419781812661117,0.12167097826311891
Apple Inc.,2023-12-01,2023-12-05,2,flat,flat,0.17910555622271385,0.5882712612770632,0.2326231825002227
Apple Inc.,2023-12-04,2023-12-06,2,up,flat,0.24108133386673927,0.5818924851107529,0.1770261810225075
Apple Inc.,2023-12-05,2023-12-07,2,flat,flat,0.21979293963960733,0.5737395041585972,0.20646755620179527
Apple Inc.,2023-12-06,2023-12-08,2,flat,flat,0.20592756693594158,0.5188133081977142,0.27525912486634424
Apple Inc.,2023-12-07,2023-12-11,2,flat,flat,0.1863168896257457,0.47467659161036463,0.33900651876388954
Apple Inc.,2023-12-08,2023-12-12,2,flat,flat,0.16678921931828103,0.45348037836333177,0.3797304023183871
Apple Inc.,2023-12-11,2023-12-13,2,up,flat,0.2195912020240839,0.547577282947058,0.23283151502885796
Apple Inc.,2023-12-12,2023-12-14,2,up,flat,0.17218226628721997,0.6288462355878205,0.1989714981249593
Apple Inc.,2023-12-13,2023-12-15,2,flat,flat,0.12930979959374286,0.6108268794980386,0.25986332090821834
Apple Inc.,2023-12-14,2023-12-18,2,flat,flat,0.12821696007189526,0.5316033850253474,0.3401796549027571
Apple Inc.,2023-12-15,2023-12-19,2,flat,flat,0.18486059422565604,0.503618733411582,0.31152067236276176
Apple Inc.,2023-12-18,2023-12-20,2,flat,flat,0.18770101716977133,0.5918404617607793,0.2204585210694491
Apple Inc.,2023-12-19,2023-12-21,2,flat,flat,0.1580394224643405,0.6203789794613088,0.22158159807435035
Apple Inc.,2023-12-20,2023-12-22,2,flat,flat,0.22589429065836078,0.621334561218259,0.1527711481233799
Apple Inc.,2023-12-21,2023-12-26,2,flat,flat,0.28430162947406223,0.57526227500507,0.14043609552086755
Apple Inc.,2023-12-22,2023-12-27,2,flat,flat,0.2863191368505275,0.5859257478317355,0.1277551153177368
Apple Inc.,2023-12-26,2023-12-28,2,flat,flat,0.34019274341860445,0.530494669027973,0.1293125875534223
Apple Inc.,2023-12-27,2023-12-29,2,flat,flat,0.3246441410145387,0.5453470422057981,0.13000881677966297
Apple Inc.,2023-12-28,2024-01-02,2,down,flat,0.28301186980693255,0.5831481217936367,0.13384000839943055
Apple Inc.,2023-12-29,2024-01-03,2,down,flat,0.33734144163581964,0.5298068959491411,0.1328516624150391
Apple Inc.,2024-01-02,2024-01-04,2,down,flat,0.21477363965501706,0.7373721019067614,0.047854258438221206
Apple Inc.,2024-01-03,2024-01-05,2,down,flat,0.23236774673119384,0.6727764088007605,0.0948558444680453
Apple Inc.,2024-01-04,2024-01-08,2,flat,flat,0.25141231013659593,0.63849763898782,0.11009005087558396
Apple Inc.,2024-01-05,2024-01-09,2,flat,flat,0.26187870906914495,0.6122105719311296,0.1259107189997254
Apple Inc.,2024-01-08,2024-01-10,2,flat,flat,0.26260457311820296,0.6734896535986266,0.06390577328317044
Apple Inc.,2024-01-09,2024-01-11,2,flat,flat,0.26788655168847536,0.646894272951251,0.0852191753602736
Apple Inc.,2024-01-10,2024-01-12,2,flat,flat,0.24083166147354274,0.6782752689625774,0.08089306956387969
Apple Inc.,2024-01-11,2024-01-16,2,flat,flat,0.252688827160555,0.6501500342303617,0.09716113860908346
Apple Inc.,2024-01-12,2024-01-17,2,down,flat,0.26122564820771277,0.6298509771487502,0.10892337464353707
Apple Inc.,2024-01-16,2024-01-18,2,up,flat,0.2318747615889297,0.6950580549601544,0.0730671834509152
Apple Inc.,2024-01-17,2024-01-19,2,up,flat,0.23210948037757412,0.7027263845531777,0.06516413506924798
Apple Inc.,2024-01-18,2024-01-22,2,up,flat,0.18837202819226828,0.6987061817520224,0.11292179005570918
Apple Inc.,2024-01-19,2024-01-23,2,up,flat,0.1631073547940075,0.6608955620727279,0.1759970831332643
Apple Inc.,2024-01-22,2024-01-24,2,flat,flat,0.16250281633925043,0.6125182102789423,0.224978973381807
Apple Inc.,2024-01-23,2024-01-25,2,flat,flat,0.21151309572409352,0.6249278876428781,0.1635590166330281
Apple Inc.,2024-01-24,2024-01-26,2,flat,flat,0.23271529532765764,0.6387081217228927,0.1285765829494495
Apple Inc.,2024-01-25,2024-01-29,2,down,flat,0.2377747231387028,0.6076023642776613,0.1546229125836356
Apple Inc.,2024-01-26,2024-01-30,2,down,flat,0.22783370144556944,0.6684134546632255,0.1037528438912047
Apple Inc.,2024-01-29,2024-01-31,2,down,flat,0.2214589972106321,0.7032204751442059,0.0753205276451618
Apple Inc.,2024-01-30,2024-02-01,2,down,flat,0.18260254689584585,0.7598950254926872,0.057502427611467
Apple Inc.,2024-01-31,2024-02-02,2,flat,flat,0.1382388041210766,0.7940745739804892,0.06768662189843364
Apple Inc.,2024-02-01,2024-02-05,2,flat,flat,0.2180346972006316,0.713278847176509,0.06868645562285887
Apple Inc.,2024-02-02,2024-02-06,2,up,flat,0.217288349941728,0.6877918867374813,0.09491976332079018
Apple Inc.,2024-02-05,2024-02-07,2,flat,flat,0.2522589590523252,0.6836011613674132,0.0641398795802613
Apple Inc.,2024-02-06,2024-02-08,2,flat,flat,0.1961967209499031,0.7139218330017446,0.08988144604835181
Apple Inc.,2024-02-07,2024-02-09,2,flat,flat,0.17956594572281084,0.6547902073910703,0.16564384688611875
Apple Inc.,2024-02-08,2024-02-12,2,flat,flat,0.1926075823972641,0.700939207851589,0.10645320975114675
Apple Inc.,2024-02-09,2024-02-13,2,down,flat,0.1893919058262686,0.6519480880006809,0.15866000617305023
Apple Inc.,2024-02-12,2024-02-14,2,down,flat,0.21426702915363374,0.7225602739394479,0.06317269690691799
Apple Inc.,2024-02-13,2024-02-15,2,flat,flat,0.2526889869741801,0.6887313291769108,0.05857968384890873
Apple Inc.,2024-02-14,2024-02-16,2,flat,flat,0.23781352892103055,0.6987351141591662,0.06345135691980282
Apple Inc.,2024-02-15,2024-02-20,2,flat,flat,0.23024026595887614,0.7041857718280702,0.0655739622130531
Apple Inc.,2024-02-16,2024-02-21,2,flat,flat,0.2405330820031149,0.6883856076435575,0.07108131035332736
Apple Inc.,2024-02-20,2024-02-22,2,flat,flat,0.233479008798888,0.6763480688827103,0.0901729223184013
Apple Inc.,2024-02-21,2024-02-23,2,flat,flat,0.27954058507143387,0.6691307683977513,0.051328646530814634
Apple Inc.,2024-02-22,2024-02-26,2,flat,flat,0.24007023502309777,0.6965844816101595,0.06334528336674232
Apple Inc.,2024-02-23,2024-02-27,2,flat,flat,0.2412721803487065,0.6797080550052473,0.0790197646460459
Apple Inc.,2024-02-26,2024-02-28,2,flat,flat,0.264757978827707,0.6499116284870995,0.08533039268519323
Apple Inc.,2024-02-27,2024-02-29,2,flat,flat,0.234077692755334,0.6950125454397305,0.07090976180493555
Apple Inc.,2024-02-28,2024-03-01,2,flat,flat,0.23565570045070305,0.6907020366555529,0.07364226289374401
Apple Inc.,2024-02-29,2024-03-04,2,down,flat,0.2508646844098332,0.691212564160561,0.05792275142960561
Apple Inc.,2024-03-01,2024-03-05,2,down,flat,0.2516200494536295,0.6672164199815087,0.08116353056486146
Apple Inc.,2024-03-04,2024-03-06,2,down,flat,0.2009277931008761,0.7211035138159496,0.0779686930831737
Apple Inc.,2024-03-05,2024-03-07,2,flat,flat,0.1685059041273361,0.6969671165558402,0.13452697931682342
Apple Inc.,2024-03-06,2024-03-08,2,flat,flat,0.15409894255142312,0.6480370836230617,0.1978639738255149
Apple Inc.,2024-03-07,2024-03-11,2,up,flat,0.15830116704413144,0.6284892412264218,0.21320959172944662
Apple Inc.,2024-03-08,2024-03-12,2,flat,flat,0.24641736060636635,0.6568080862909612,0.09677455310267226
Apple Inc.,2024-03-11,2024-03-13,2,flat,flat,0.28362549154410294,0.6562659354858448,0.060108572970051864
Apple Inc.,2024-03-12,2024-03-14,2,flat,flat,0.2115103816173627,0.67877747666592,0.10971214171671682
Apple Inc.,2024-03-13,2024-03-15,2,flat,flat,0.19700055711276346,0.6884185941459238,0.11458084874131236
Apple Inc.,2024-03-14,2024-03-18,2,flat,flat,0.22251581324156644,0.6532038806819795,0.12428030607645395
Apple Inc.,2024-03-15,2024-03-19,2,flat,flat,0.17367361729390662,0.722680444459321,0.10364593824677192
Apple Inc.,2024-03-18,2024-03-20,2,flat,flat,0.15124711272243652,0.7229255600073142,0.12582732727024903
Apple Inc.,2024-03-19,2024-03-21,2,flat,flat,0.1731485791438954,0.6965530056864082,0.13029841516969617
Apple Inc.,2024-03-20,2024-03-22,2,down,flat,0.19111375622597784,0.6469621648367172,0.16192407893730504
Apple Inc.,2024-03-21,2024-03-25,2,flat,flat,0.1812065540475135,0.7184063208833511,0.10038712506913494
Apple Inc.,2024-03-22,2024-03-26,2,flat,flat,0.16569290078468146,0.7447173741078729,0.0895897251074452
Apple Inc.,2024-03-25,2024-03-27,2,flat,flat,0.11913958662473619,0.7867404304107086,0.0941199829645549
Apple Inc.,2024-03-26,2024-03-28,2,flat,flat,0.15389526306714102,0.7512682523504605,0.09483648458239836
Apple Inc.,2024-03-27,2024-04-01,2,flat,flat,0.1582694918481082,0.7574055676123079,0.08432494053958367
Apple Inc.,2024-03-28,2024-04-02,2,flat,flat,0.1594143902899077,0.7478283954539823,0.0927572142561095
Apple Inc.,2024-04-01,2024-04-03,2,flat,flat,0.1758596771605019,0.7126846636264602,0.11145565921303743
Apple Inc.,2024-04-02,2024-04-04,2,flat,flat,0.16799408176392114,0.7240930495815958,0.10791286865448298
Apple Inc.,2024-04-03,2024-04-05,2,flat,flat,0.15543563879912747,0.7399944113613363,0.10456994983953599
Apple Inc.,2024-04-04,2024-04-08,2,flat,flat,0.18566939848035116,0.7036484324698701,0.1106821690497786
Apple Inc.,2024-04-05,2024-04-09,2,flat,flat,0.18560780524568585,0.706772117090948,0.10762007766336579
Apple Inc.,2024-04-08,2024-04-10,2,flat,flat,0.2010151193031002,0.7050069637641022,0.09397791693279758
Apple Inc.,2024-04-09,2024-04-11,2,flat,flat,0.19696967248171518,0.6750096438148075,0.1280206837034771
Apple Inc.,2024-04-10,2024-04-12,2,up,flat,0.2055254973698249,0.6978602684788839,0.09661423415129083
Apple Inc.,2024-04-11,2024-04-15,2,flat,flat,0.17980862928811303,0.6965620860662263,0.12362928464566048
Apple Inc.,2024-04-12,2024-04-16,2,down,flat,0.1643808755208839,0.6565534541836148,0.1790656702955012
Apple Inc.,2024-04-15,2024-04-17,2,down,flat,0.21963826448877313,0.6018287321839935,0.1785330033272333
Apple Inc.,2024-04-16,2024-04-18,2,down,flat,0.20595280677280237,0.6933567473870965,0.10069044584010088
Apple Inc.,2024-04-17,2024-04-19,2,down,flat,0.1523768139780812,0.761954704503263,0.08566848151865525
Apple Inc.,2024-04-18,2024-04-22,2,flat,flat,0.14866834373278762,0.7701237823161832,0.08120787395102927
Apple Inc.,2024-04-19,2024-04-23,2,flat,flat,0.17500882496930636,0.7285122048402206,0.09647897019047251
Apple Inc.,2024-04-22,2024-04-24,2,flat,flat,0.23024892149477869,0.6916140214378167,0.07813705706740405
Apple Inc.,2024-04-23,2024-04-25,2,up,flat,0.2568695625330999,0.6818565656221278,0.061273871844772045
Apple Inc.,2024-04-24,2024-04-26,2,flat,flat,0.24254094166683351,0.6950110761697468,0.0624479821634194
Apple Inc.,2024-04-25,2024-04-29,2,up,flat,0.19463677783213723,0.6636659487500078,0.1416972734178548
Apple Inc.,2024-04-26,2024-04-30,2,flat,flat,0.19647284938288492,0.615387660169869,0.18813949044724584
Apple Inc.,2024-04-29,2024-05-01,2,down,flat,0.1537171318406399,0.6698755882302297,0.17640727992913025
Apple Inc.,2024-04-30,2024-05-02,2,flat,flat,0.2148589532655261,0.6206334076527054,0.1645076390817681
Apple Inc.,2024-05-01,2024-05-03,2,up,flat,0.21556057359275207,0.65478081685827,0.12965860954897745
Apple Inc.,2024-05-02,2024-05-06,2,up,flat,0.1498638921254463,0.6969980392106855,0.15313806866386767
Apple Inc.,2024-05-03,2024-05-07,2,flat,flat,0.2357900051573283,0.6255641027911409,0.13864589205153063
Apple Inc.,2024-05-06,2024-05-08,2,flat,flat,0.2860036674297099,0.5674977651079692,0.14649856746232073
Apple Inc.,2024-05-07,2024-05-09,2,flat,flat,0.2533135564818159,0.6238515259250513,0.12283491759313261
Apple Inc.,2024-05-08,2024-05-10,2,flat,flat,0.29692060508989243,0.5953094499391289,0.10776994497097833
Apple Inc.,2024-05-09,2024-05-13,2,flat,flat,0.2426459555003566,0.62134402126755,0.13601002323209327
Apple Inc.,2024-05-10,2024-05-14,2,flat,flat,0.1473781727672739,0.7510748486410972,0.10154697859162873
Apple Inc.,2024-05-13,2024-05-15,2,flat,flat,0.20964669034011343,0.6382177504509496,0.1521355592089367
Apple Inc.,2024-05-14,2024-05-16,2,flat,flat,0.25683569003732004,0.5857160474288597,0.15744826253381994
Apple Inc.,2024-05-15,2024-05-17,2,flat,flat,0.26442407380523614,0.5723671250449641,0.16320880114979952
Apple Inc.,2024-05-16,2024-05-20,2,flat,flat,0.2971285110366275,0.5454338747843555,0.157437614179017
Apple Inc.,2024-05-17,2024-05-21,2,flat,flat,0.3098699322558492,0.528473482732196,0.1616565850119547
Apple Inc.,2024-05-20,2024-05-22,2,flat,flat,0.24007790879483099,0.5898761000263698,0.17004599117879907
Apple Inc.,2024-05-21,2024-05-23,2,flat,flat,0.2165705119910133,0.5823105737596311,0.20111891424935538
Apple Inc.,2024-05-22,2024-05-24,2,flat,flat,0.26974033818594806,0.5855996821590359,0.14465997965501567
Apple Inc.,2024-05-23,2024-05-28,2,flat,flat,0.22004351589302143,0.7299296316003898,0.05002685250658853
Apple Inc.,2024-05-24,2024-05-29,2,flat,flat,0.17042306888779432,0.7531977924283335,0.07637913868387246
Apple Inc.,2024-05-28,2024-05-30,2,flat,flat,0.16420581765834963,0.7479117690919711,0.08788241324967949
Apple Inc.,2024-05-29,2024-05-31,2,flat,flat,0.2031004107667974,0.7161517466165611,0.08074784261664135
Apple Inc.,2024-05-30,2024-06-03,2,flat,flat,0.16740390859464185,0.7651341591936486,0.06746193221171018
Apple Inc.,2024-05-31,2024-06-04,2,up,flat,0.22744780687641883,0.6612687704119977,0.1112834227115833
Apple Inc.,2024-06-03,2024-06-05,2,flat,flat,0.17703326043180923,0.543785935707633,0.2791808038605576
Apple Inc.,2024-06-04,2024-06-06,2,flat,flat,0.19694761821130086,0.5027693756444565,0.30028300614424264
Apple Inc.,2024-06-05,2024-06-07,2,flat,flat,0.16946949830588212,0.45751832012551213,0.3730121815686057
Apple Inc.,2024-06-06,2024-06-10,2,flat,flat,0.20097576474487813,0.4769369625111776,0.3220872727439441
Apple Inc.,2024-06-07,2024-06-11,2,up,flat,0.19144391143274736,0.4713582787883812,0.33719780977887126
Apple Inc.,2024-06-10,2024-06-12,2,up,flat,0.21137966886061213,0.5802201675431811,0.20840016359620656
Apple Inc.,2024-06-11,2024-06-13,2,up,flat,0.16703663038156244,0.5930598260081622,0.23990354361027497
Apple Inc.,2024-06-12,2024-06-14,2,flat,flat,0.3759847718497155,0.5282420253310963,0.09577320281918801
"Meta Platforms, Inc.",2022-01-19,2022-01-21,2,down,flat,0.09170799029283096,0.6163848511858525,0.29190715852131627
"Meta Platforms, Inc.",2022-01-20,2022-01-24,2,down,flat,0.07249579120541086,0.5732275420273364,0.3542766667672527
"Meta Platforms, Inc.",2022-01-21,2022-01-25,2,flat,flat,0.07055095593985108,0.5990057868673953,0.3304432571927537
"Meta Platforms, Inc.",2022-01-24,2022-01-26,2,flat,flat,0.04138932449498025,0.5930898758194882,0.3655207996855316
"Meta Platforms, Inc.",2022-01-25,2022-01-27,2,flat,up,0.041812762190117196,0.41852706294886516,0.539660174861018
"Meta Platforms, Inc.",2022-01-26,2022-01-28,2,flat,up,0.05088991676900812,0.41122376163748187,0.5378863215935101
"Meta Platforms, Inc.",2022-01-27,2022-01-31,2,flat,flat,0.051814214086798295,0.4946094954451635,0.4535762904680382
"Meta Platforms, Inc.",2022-01-28,2022-02-01,2,up,flat,0.06442990765859616,0.547044160168776,0.3885259321726279
"Meta Platforms, Inc.",2022-01-31,2022-02-02,2,up,flat,0.06519261842926306,0.6669153826718512,0.26789199889888565
"Meta Platforms, Inc.",2022-02-01,2022-02-03,2,down,flat,0.061314244714802506,0.8549011328101723,0.08378462247502547
"Meta Platforms, Inc.",2022-02-02,2022-02-04,2,down,flat,0.07461244894970419,0.8534940653605829,0.0718934856897129
"Meta Platforms, Inc.",2022-02-03,2022-02-07,2,flat,flat,0.09401194505216566,0.6950777794577644,0.21091027549007044
"Meta Platforms, Inc.",2022-02-04,2022-02-08,2,flat,flat,0.08268701291403373,0.7118561088391935,0.20545687824677292
"Meta Platforms, Inc.",2022-02-07,2022-02-09,2,flat,flat,0.08256160719317338,0.7131922028862064,0.2042461899206203
"Meta Platforms, Inc.",2022-02-08,2022-02-10,2,flat,flat,0.07988686672524441,0.7138096690895682,0.20630346418518763
"Meta Platforms, Inc.",2022-02-09,2022-02-11,2,flat,flat,0.15989017625023147,0.5985203519071012,0.24158947184266746
"Meta Platforms, Inc.",2022-02-10,2022-02-14,2,flat,flat,0.1289788993318032,0.657865900138278,0.21315520052991893
"Meta Platforms, Inc.",2022-02-11,2022-02-15,2,flat,flat,0.09906171148084565,0.7112755932937113,0.18966269522544363
"Meta Platforms, Inc.",2022-02-14,2022-02-16,2,flat,flat,0.06298464752197805,0.7465201673533616,0.19049518512466065
"Meta Platforms, Inc.",2022-02-15,2022-02-17,2,flat,flat,0.09215504043585572,0.6632927088912838,0.2445522506728607
"Meta Platforms, Inc.",2022-02-16,2022-02-18,2,flat,flat,0.0837505610497795,0.7506768678340898,0.1655725711161309
"Meta Platforms, Inc.",2022-02-17,2022-02-22,2,flat,flat,0.10100857492975777,0.7203640686874228,0.17862735638282
"Meta Platforms, Inc.",2022-02-18,2022-02-23,2,flat,flat,0.09060684357739192,0.7454119630390862,0.16398119338352238
"Meta Platforms, Inc.",2022-02-22,2022-02-24,2,flat,flat,0.07894624968106673,0.7597208547489934,0.16133289556994015
"Meta Platforms, Inc.",2022-02-23,2022-02-25,2,flat,flat,0.14365333003853176,0.6530526719297538,0.20329399803171472
"Meta Platforms, Inc.",2022-02-24,2022-02-28,2,up,flat,0.11745418565337591,0.7016299738521888,0.18091584049443543
"Meta Platforms, Inc.",2022-02-25,2022-03-01,2,flat,flat,0.13786836238886818,0.6451484099829298,0.2169832276282021
"Meta Platforms, Inc.",2022-02-28,2022-03-02,2,flat,flat,0.12367432555682355,0.6739647670311157,0.20236090741206095
"Meta Platforms, Inc.",2022-03-01,2022-03-03,2,flat,flat,0.13266499557107983,0.7017352727999976,0.1655997316289228
"Meta Platforms, Inc.",2022-03-02,2022-03-04,2,flat,flat,0.16221065404157745,0.6770992096370072,0.16069013632141566
"Meta Platforms, Inc.",2022-03-03,2022-03-07,2,down,flat,0.17451699776896476,0.6671542676160362,0.15832873461499922
"Meta Platforms, Inc.",2022-03-04,2022-03-08,2,down,flat,0.24836664063358035,0.599841580811756,0.15179177855466383
"Meta Platforms, Inc.",2022-03-07,2022-03-09,2,flat,flat,0.20674129786150938,0.6378260014596862,0.1554327006788048
"Meta Platforms, Inc.",2022-03-08,2022-03-10,2,flat,flat,0.21122254982979885,0.6447572498147122,0.14402020035548901
"Meta Platforms, Inc.",2022-03-09,2022-03-11,2,flat,flat,0.26331110098632216,0.5824166589142894,0.15427224009938892
"Meta Platforms, Inc.",2022-03-10,2022-03-14,2,flat,flat,0.24100618969669996,0.5939424050327554,0.16505140527054482
"Meta Platforms, Inc.",2022-03-11,2022-03-15,2,flat,flat,0.2531704247967241,0.5991679000156575,0.1476616751876188
"Meta Platforms, Inc.",2022-03-14,2022-03-16,2,up,flat,0.27826123303361583,0.5497430816853481,0.17199568528103593
"Meta Platforms, Inc.",2022-03-15,2022-03-17,2,up,flat,0.25451641782974954,0.6372137598912534,0.10826982227899766
"Meta Platforms, Inc.",2022-03-16,2022-03-18,2,up,flat,0.1759657422285489,0.6731449399388753,0.15088931783257625
"Meta Platforms, Inc.",2022-03-17,2022-03-21,2,flat,flat,0.18294366333958537,0.7330623725461217,0.08399396411429323
"Meta Platforms, Inc.",2022-03-18,2022-03-22,2,flat,flat,0.1536424066257448,0.7412124346973777,0.10514515867687768
"Meta Platforms, Inc.",2022-03-21,2022-03-23,2,flat,flat,0.143677136421769,0.769405132141951,0.08691773143628036
"Meta Platforms, Inc.",2022-03-22,2022-03-24,2,flat,flat,0.1684576528543331,0.7514543618138388,0.08008798533182833
"Meta Platforms, Inc.",2022-03-23,2022-03-25,2,flat,flat,0.21321727126224146,0.6915178526849094,0.09526487605284947
"Meta Platforms, Inc.",2022-03-24,2022-03-28,2,flat,flat,0.1708037209662997,0.7703489970431634,0.058847281990537376
"Meta Platforms, Inc.",2022-03-25,2022-03-29,2,flat,flat,0.19005770494033838,0.740122832931772,0.06981946212789002
"Meta Platforms, Inc.",2022-03-28,2022-03-30,2,flat,flat,0.25322547221916175,0.6728919691865483,0.07388255859429015
"Meta Platforms, Inc.",2022-03-29,2022-03-31,2,flat,flat,0.22278315805267115,0.7131795187188108,0.06403732322851834
"Meta Platforms, Inc.",2022-03-30,2022-04-01,2,flat,flat,0.22191740273745922,0.7079860968283508,0.07009650043419036
"Meta Platforms, Inc.",2022-03-31,2022-04-04,2,flat,flat,0.2898545773405803,0.6252146103179096,0.08493081234151038
"Meta Platforms, Inc.",2022-04-01,2022-04-05,2,up,flat,0.2876656564031258,0.6259665612521154,0.08636778234475924
"Meta Platforms, Inc.",2022-04-04,2022-04-06,2,flat,flat,0.25095705353759795,0.6641247874028683,0.08491815905953415
"Meta Platforms, Inc.",2022-04-05,2022-04-07,2,down,flat,0.320110368414868,0.5879136807342383,0.09197595085089395
"Meta Platforms, Inc.",2022-04-06,2022-04-08,2,flat,flat,0.25808842220095884,0.6285762513671846,0.11333532643185686
"Meta Platforms, Inc.",2022-04-07,2022-04-11,2,flat,flat,0.27685358965800033,0.5825503003757846,0.14059610996621544
"Meta Platforms, Inc.",2022-04-08,2022-04-12,2,flat,flat,0.23637646604441268,0.6056183028998151,0.15800523105577244
"Meta Platforms, Inc.",2022-04-11,2022-04-13,2,flat,flat,0.2135111262003664,0.5360249928514969,0.2504638809481369
"Meta Platforms, Inc.",2022-04-12,2022-04-14,2,flat,flat,0.1817227227746987,0.5540459869813485,0.2642312902439531
"Meta Platforms, Inc.",2022-04-13,2022-04-18,2,flat,flat,0.22071698275103938,0.5487749329887917,0.2305080842601695
"Meta Platforms, Inc.",2022-04-14,2022-04-19,2,flat,flat,0.2022723590782425,0.5758119800474744,0.22191566087428355
"Meta Platforms, Inc.",2022-04-18,2022-04-20,2,flat,flat,0.2024247561333693,0.5639110436375704,0.23366420022906076
"Meta Platforms, Inc.",2022-04-19,2022-04-21,2,down,flat,0.164095985089432,0.6456462030566587,0.1902578118539097
"Meta Platforms, Inc.",2022-04-20,2022-04-22,2,down,flat,0.17909608507510405,0.6806722010413628,0.14023171388353345
"Meta Platforms, Inc.",2022-04-21,2022-04-25,2,down,flat,0.151973081709175,0.713128183882262,0.1348987344085636
"Meta Platforms, Inc.",2022-04-22,2022-04-26,2,flat,flat,0.06979996921952704,0.7999286619128947,0.13027136886757867
"Meta Platforms, Inc.",2022-04-25,2022-04-27,2,down,flat,0.10716106084846955,0.7616548404161625,0.13118409873536824
"Meta Platforms, Inc.",2022-04-26,2022-04-28,2,up,flat,0.1524520110834957,0.6931742301304373,0.1543737587860675
"Meta Platforms, Inc.",2022-04-27,2022-04-29,2,up,flat,0.1132253784509773,0.7886896656891872,0.09808495585983627
"Meta Platforms, Inc.",2022-04-28,2022-05-02,2,flat,flat,0.1164109706115034,0.7349332400511654,0.14865578933733134
"Meta Platforms, Inc.",2022-04-29,2022-05-03,2,flat,flat,0.1032901654440829,0.777690636279972,0.11901919827594565
"Meta Platforms, Inc.",2022-05-02,2022-05-04,2,flat,flat,0.08534854825859402,0.7903638720933551,0.12428757964805108
"Meta Platforms, Inc.",2022-05-03,2022-05-05,2,flat,flat,0.090185779862429,0.7910462467705119,0.1187679733670591
"Meta Platforms, Inc.",2022-05-04,2022-05-06,2,flat,flat,0.09662051857576452,0.8085434259575465,0.09483605546668918
"Meta Platforms, Inc.",2022-05-05,2022-05-09,2,down,flat,0.13198702304456275,0.7429381734763182,0.12507480347911915
"Meta Platforms, Inc.",2022-05-06,2022-05-10,2,flat,flat,0.11132161535014042,0.7427162820977687,0.14596210255209055
"Meta Platforms, Inc.",2022-05-09,2022-05-11,2,flat,flat,0.10218240147305947,0.709232930629568,0.18858466789737263
"Meta Platforms, Inc.",2022-05-10,2022-05-12,2,flat,flat,0.18547234534231535,0.6438529559037791,0.17067469875390587
"Meta Platforms, Inc.",2022-05-11,2022-05-13,2,flat,flat,0.1612542142956845,0.7499936679355956,0.08875211776872073
"Meta Platforms, Inc.",2022-05-12,2022-05-16,2,flat,flat,0.20721710783055655,0.7034075506806993,0.08937534148874512
"Meta Platforms, Inc.",2022-05-13,2022-05-17,2,flat,flat,0.16368780533558627,0.6480768445596603,0.18823535010475392
"Meta Platforms, Inc.",2022-05-16,2022-05-18,2,flat,flat,0.07728708708578409,0.7304835666033129,0.19222934631090333
"Meta Platforms, Inc.",2022-05-17,2022-05-19,2,flat,flat,0.07180275275330146,0.7921924172753988,0.13600482997130003
"Meta Platforms, Inc.",2022-05-18,2022-05-20,2,flat,flat,0.15078949645098402,0.7464839246912723,0.10272657885774412
"Meta Platforms, Inc.",2022-05-19,2022-05-23,2,flat,flat,0.15400205500879216,0.7345027187273743,0.11149522626383403
"Meta Platforms, Inc.",2022-05-20,2022-05-24,2,down,flat,0.16491812843774822,0.7180650771133847,0.11701679444886755
"Meta Platforms, Inc.",2022-05-23,2022-05-25,2,down,flat,0.17825868371577247,0.7132076198014188,0.1085336964828094
"Meta Platforms, Inc.",2022-05-24,2022-05-26,2,flat,flat,0.14336826013617796,0.793718258637176,0.06291348122664701
"Meta Platforms, Inc.",2022-05-25,2022-05-27,2,up,flat,0.23647215083417109,0.6428996298642339,0.12062821930159576
"Meta Platforms, Inc.",2022-05-26,2022-05-31,2,flat,flat,0.21748715434771373,0.6577464159094477,0.12476642974283926
"Meta Platforms, Inc.",2022-05-27,2022-06-01,2,flat,flat,0.11727165521490311,0.7414201034695962,0.14130824131550115
"Meta Platforms, Inc.",2022-05-31,2022-06-02,2,flat,flat,0.10677161965755244,0.7886001531738686,0.10462822716857938
"Meta Platforms, Inc.",2022-06-01,2022-06-03,2,flat,flat,0.11813333675927812,0.7805877998823603,0.10127886335836216
"Meta Platforms, Inc.",2022-06-02,2022-06-06,2,flat,flat,0.13930300171884383,0.7832718399283115,0.07742515835284475
"Meta Platforms, Inc.",2022-06-03,2022-06-07,2,flat,flat,0.10289406863909203,0.7814967015723993,0.11560922978850913
"Meta Platforms, Inc.",2022-06-06,2022-06-08,2,flat,flat,0.1114581288373789,0.7771914151169967,0.11135045604562448
"Meta Platforms, Inc.",2022-06-07,2022-06-09,2,flat,flat,0.11676276812237056,0.778135453763755,0.10510177811387443
"Meta Platforms, Inc.",2022-06-08,2022-06-10,2,down,flat,0.08799163431671078,0.8175175663993289,0.09449079928396081
"Meta Platforms, Inc.",2022-06-09,2022-06-13,2,down,flat,0.11432356598184505,0.7545002692819739,0.13117616473618127
"Meta Platforms, Inc.",2022-06-10,2022-06-14,2,down,flat,0.14625499462434627,0.7702481626165155,0.08349684275913878
"Meta Platforms, Inc.",2022-06-13,2022-06-15,2,flat,flat,0.14480693176782303,0.7857982020071153,0.06939486622506241
"Meta Platforms, Inc.",2022-06-14,2022-06-16,2,flat,flat,0.16783852685001485,0.7852161266817006,0.046945346468285055
"Meta Platforms, Inc.",2022-06-15,2022-06-17,2,flat,flat,0.38770794419419874,0.5353058925656269,0.07698616324017485
"Meta Platforms, Inc.",2022-06-16,2022-06-21,2,flat,flat,0.18565037237400223,0.745404776693309,0.06894485093268916
"Meta Platforms, Inc.",2022-06-17,2022-06-22,2,flat,flat,0.2785597110034234,0.6052355328307705,0.11620475616580661
"Meta Platforms, Inc.",2022-06-21,2022-06-23,2,flat,flat,0.1333423843937428,0.7328195281409264,0.13383808746533146
"Meta Platforms, Inc.",2022-06-22,2022-06-24,2,flat,flat,0.0736731697298699,0.8114392714425387,0.1148875588275916
"Meta Platforms, Inc.",2022-06-23,2022-06-27,2,up,flat,0.08086508854198204,0.8050846546764149,0.11405025678160366
"Meta Platforms, Inc.",2022-06-24,2022-06-28,2,flat,flat,0.06308196660996074,0.8440972220224731,0.09282081136756633
"Meta Platforms, Inc.",2022-06-27,2022-06-29,2,flat,flat,0.04828572208870077,0.8959440754685474,0.05577020244275212
"Meta Platforms, Inc.",2022-06-28,2022-06-30,2,flat,flat,0.041410166717301744,0.836127089455819,0.12246274382687931
"Meta Platforms, Inc.",2022-06-29,2022-07-01,2,flat,flat,0.013564360645560283,0.8043611609511255,0.18207447840331428
"Meta Platforms, Inc.",2022-06-30,2022-07-05,2,flat,flat,0.032261425234711115,0.756280875821016,0.21145769894427285
"Meta Platforms, Inc.",2022-07-01,2022-07-06,2,up,flat,0.04680245736462288,0.76307221244847,0.19012533018690733
"Meta Platforms, Inc.",2022-07-05,2022-07-07,2,flat,flat,0.11682474100796661,0.760374554409402,0.1228007045826318
"Meta Platforms, Inc.",2022-07-06,2022-07-08,2,flat,flat,0.08953903457091687,0.8624185470272892,0.04804241840179433
"Meta Platforms, Inc.",2022-07-07,2022-07-11,2,flat,flat,0.046652050186202526,0.8999061603193766,0.05344178949442095
"Meta Platforms, Inc.",2022-07-08,2022-07-12,2,flat,flat,0.05688995837935705,0.8542488060913916,0.0888612355292514
"Meta Platforms, Inc.",2022-07-11,2022-07-13,2,flat,flat,0.07721240553239275,0.7505609965142469,0.17222659795336065
"Meta Platforms, Inc.",2022-07-12,2022-07-14,2,flat,flat,0.11593119006948442,0.6747161687790311,0.20935264115148491
"Meta Platforms, Inc.",2022-07-13,2022-07-15,2,flat,flat,0.08603844311129645,0.6057708770822132,0.3081906798064903
"Meta Platforms, Inc.",2022-07-14,2022-07-18,2,up,flat,0.08515347301446655,0.6739964529757471,0.24085007400978672
"Meta Platforms, Inc.",2022-07-15,2022-07-19,2,up,flat,0.1839670960518179,0.7058460378453009,0.11018686610288167
"Meta Platforms, Inc.",2022-07-18,2022-07-20,2,up,flat,0.12702030965827973,0.8301215513911836,0.042858138950537146
"Meta Platforms, Inc.",2022-07-19,2022-07-21,2,up,flat,0.05152881810708296,0.9062134496038197,0.04225773228909775
"Meta Platforms, Inc.",2022-07-20,2022-07-22,2,down,flat,0.031465425648276354,0.8715665085930389,0.09696806575868494
"Meta Platforms, Inc.",2022-07-21,2022-07-25,2,down,flat,0.037862285064821026,0.8790202845026804,0.0831174304324988
"Meta Platforms, Inc.",2022-07-22,2022-07-26,2,down,flat,0.10952245153808526,0.7055516268740415,0.18492592158787344
"Meta Platforms, Inc.",2022-07-25,2022-07-27,2,flat,flat,0.15779842607846933,0.6217644436655594,0.22043713025597123
"Meta Platforms, Inc.",2022-07-26,2022-07-28,2,flat,flat,0.11535996263506049,0.5626239315016993,0.32201610586324025
"Meta Platforms, Inc.",2022-07-27,2022-07-29,2,down,flat,0.14784050636885707,0.6068568833730076,0.24530261025813566
"Meta Platforms, Inc.",2022-07-28,2022-08-01,2,flat,flat,0.19072762619422828,0.6196655303774476,0.18960684342832404
"Meta Platforms, Inc.",2022-07-29,2022-08-02,2,flat,flat,0.11203981921049863,0.6920443129109722,0.19591586787852885
"Meta Platforms, Inc.",2022-08-01,2022-08-03,2,flat,flat,0.08439766254571969,0.7538304971923054,0.16177184026197522
"Meta Platforms, Inc.",2022-08-02,2022-08-04,2,up,flat,0.06238859683622314,0.758020757339404,0.17959064582437326
"Meta Platforms, Inc.",2022-08-03,2022-08-05,2,flat,flat,0.05304115314221251,0.855540526167179,0.09141832069060882
"Meta Platforms, Inc.",2022-08-04,2022-08-08,2,flat,flat,0.03669683735086018,0.8558374769109129,0.1074656857382269
"Meta Platforms, Inc.",2022-08-05,2022-08-09,2,flat,flat,0.08140454262812369,0.8318564164129373,0.08673904095893924
"Meta Platforms, Inc.",2022-08-08,2022-08-10,2,flat,flat,0.03508650238863794,0.8586127730590819,0.10630072455228005
"Meta Platforms, Inc.",2022-08-09,2022-08-11,2,up,flat,0.07175895370739789,0.7669147802984486,0.16132626599415376
"Meta Platforms, Inc.",2022-08-10,2022-08-12,2,flat,flat,0.0251237227890488,0.908537668232046,0.06633860897890519
"Meta Platforms, Inc.",2022-08-11,2022-08-15,2,flat,flat,0.03377160593677945,0.905588178459335,0.060640215603885946
"Meta Platforms, Inc.",2022-08-12,2022-08-16,2,flat,flat,0.0384507031014108,0.8755367644819522,0.08601253241663719
"Meta Platforms, Inc.",2022-08-15,2022-08-17,2,flat,flat,0.037486692147169196,0.834561363121064,0.12795194473176705
"Meta Platforms, Inc.",2022-08-16,2022-08-18,2,flat,flat,0.04842532776985075,0.7667281931619297,0.18484647906821994
"Meta Platforms, Inc.",2022-08-17,2022-08-19,2,down,flat,0.10068360343153335,0.699370566287818,0.19994583028064888
"Meta Platforms, Inc.",2022-08-18,2022-08-22,2,down,flat,0.09100099406097212,0.6599752747862138,0.24902373115281445
"Meta Platforms, Inc.",2022-08-19,2022-08-23,2,down,flat,0.11643503544325523,0.6645198794286395,0.21904508512810583
"Meta Platforms, Inc.",2022-08-22,2022-08-24,2,flat,flat,0.10650292167559346,0.6845624613327975,0.2089346169916093
"Meta Platforms, Inc.",2022-08-23,2022-08-25,2,flat,flat,0.14484361439168567,0.6387031795856938,0.21645320602262041
"Meta Platforms, Inc.",2022-08-24,2022-08-26,2,flat,flat,0.09088263311499306,0.6389376946303278,0.270179672254679
"Meta Platforms, Inc.",2022-08-25,2022-08-29,2,down,flat,0.04228231392204198,0.7546661146489178,0.2030515714290404
"Meta Platforms, Inc.",2022-08-26,2022-08-30,2,down,flat,0.09356120867937019,0.7309292839196533,0.1755095074009765
"Meta Platforms, Inc.",2022-08-29,2022-08-31,2,flat,flat,0.10780251147944739,0.7169061967190729,0.17529129180147998
"Meta Platforms, Inc.",2022-08-30,2022-09-01,2,up,flat,0.09955391831099397,0.6830381800851484,0.21740790160385776
"Meta Platforms, Inc.",2022-08-31,2022-09-02,2,flat,flat,0.08608843505502733,0.7418884416250434,0.17202312331992972
"Meta Platforms, Inc.",2022-09-01,2022-09-06,2,flat,flat,0.07219732269657005,0.7071758629655995,0.22062681433783055
"Meta Platforms, Inc.",2022-09-02,2022-09-07,2,flat,flat,0.056581812083728394,0.6670892668139744,0.2763289211022972
"Meta Platforms, Inc.",2022-09-06,2022-09-08,2,flat,flat,0.104833971808347,0.6889934766121867,0.2061725515794665
"Meta Platforms, Inc.",2022-09-07,2022-09-09,2,up,flat,0.07341252571715756,0.7145136817234166,0.21207379255942627
"Meta Platforms, Inc.",2022-09-08,2022-09-12,2,up,flat,0.14253341846585005,0.6613671335239593,0.19609944801019089
"Meta Platforms, Inc.",2022-09-09,2022-09-13,2,down,flat,0.0636679857262851,0.8049134000821501,0.13141861419156478
"Meta Platforms, Inc.",2022-09-12,2022-09-14,2,down,flat,0.06444709984943581,0.8095991977575498,0.12595370239301415
"Meta Platforms, Inc.",2022-09-13,2022-09-15,2,flat,flat,0.12456026160282072,0.6579682300558334,0.21747150834134604
"Meta Platforms, Inc.",2022-09-14,2022-09-16,2,flat,flat,0.09707903985646307,0.6428020502721506,0.26011890987138647
"Meta Platforms, Inc.",2022-09-15,2022-09-19,2,flat,flat,0.07760222398035051,0.647257290197419,0.27514048582223066
"Meta Platforms, Inc.",2022-09-16,2022-09-20,2,flat,flat,0.09511421405323044,0.7345744349063252,0.17031135104044423
"Meta Platforms, Inc.",2022-09-19,2022-09-21,2,flat,flat,0.10397458188417753,0.6801247591967509,0.21590065891907173
"Meta Platforms, Inc.",2022-09-20,2022-09-22,2,flat,flat,0.07474660595254055,0.6885156886756936,0.2367377053717661
"Meta Platforms, Inc.",2022-09-21,2022-09-23,2,flat,flat,0.07573815582536962,0.7096318808970926,0.21462996327753778
"Meta Platforms, Inc.",2022-09-22,2022-09-26,2,flat,flat,0.052178527817619724,0.7765174346743666,0.17130403750801357
"Meta Platforms, Inc.",2022-09-23,2022-09-27,2,flat,flat,0.0811343386599929,0.7288341596899212,0.1900315016500861
"Meta Platforms, Inc.",2022-09-26,2022-09-28,2,flat,flat,0.05369129158994596,0.7888612172749153,0.157447491135139
"Meta Platforms, Inc.",2022-09-27,2022-09-29,2,flat,flat,0.04723570410431441,0.7699588649887269,0.18280543090695883
"Meta Platforms, Inc.",2022-09-28,2022-09-30,2,flat,flat,0.0775492751082258,0.8408245388727076,0.08162618601906683
"Meta Platforms, Inc.",2022-09-29,2022-10-03,2,flat,flat,0.1276017750288614,0.7107614308504082,0.16163679412073026
"Meta Platforms, Inc.",2022-09-30,2022-10-04,2,flat,flat,0.11527693073298356,0.7089094423213084,0.17581362694570804
"Meta Platforms, Inc.",2022-10-03,2022-10-05,2,flat,flat,0.11533872161989824,0.7301274106133516,0.15453386776675
"Meta Platforms, Inc.",2022-10-04,2022-10-06,2,flat,flat,0.06821187799165968,0.8819099845556334,0.049878137452707076
"Meta Platforms, Inc.",2022-10-05,2022-10-07,2,flat,flat,0.11786699073274341,0.7590769828635929,0.12305602640366374
"Meta Platforms, Inc.",2022-10-06,2022-10-10,2,flat,flat,0.08792702589449117,0.7776701131871667,0.1344028609183422
"Meta Platforms, Inc.",2022-10-07,2022-10-11,2,flat,flat,0.22523107077423604,0.6636269656966995,0.11114196352906497
"Meta Platforms, Inc.",2022-10-10,2022-10-12,2,down,flat,0.2402273001286866,0.6279685873544275,0.13180411251688612
"Meta Platforms, Inc.",2022-10-11,2022-10-13,2,flat,flat,0.1322520923224775,0.5700206228920848,0.29772728478543775
"Meta Platforms, Inc.",2022-10-12,2022-10-14,2,flat,flat,0.11634211863602019,0.5602145914036497,0.3234432899603301
"Meta Platforms, Inc.",2022-10-13,2022-10-17,2,flat,flat,0.0937504346824018,0.4797453520016969,0.4265042133159013
"Meta Platforms, Inc.",2022-10-14,2022-10-18,2,up,flat,0.1552339701182272,0.7060056987627678,0.13876033111900554
"Meta Platforms, Inc.",2022-10-17,2022-10-19,2,flat,flat,0.1409574457794076,0.758363659546463,0.1006788946741298
"Meta Platforms, Inc.",2022-10-18,2022-10-20,2,flat,flat,0.12965407183240457,0.8136474577659867,0.05669847040160916
"Meta Platforms, Inc.",2022-10-19,2022-10-21,2,down,flat,0.1519540221899742,0.7075896501224672,0.14045632768755856
"Meta Platforms, Inc.",2022-10-20,2022-10-24,2,flat,flat,0.15767097208641723,0.6875572331112262,0.1547717948023565
"Meta Platforms, Inc.",2022-10-21,2022-10-25,2,up,flat,0.24657805314956072,0.6167623612791019,0.1366595855713375
"Meta Platforms, Inc.",2022-10-24,2022-10-26,2,flat,flat,0.22883111524674785,0.6305178626528892,0.14065102210036293
"Meta Platforms, Inc.",2022-10-25,2022-10-27,2,down,flat,0.13961157539222707,0.8282181105150453,0.03217031409272794
"Meta Platforms, Inc.",2022-10-26,2022-10-28,2,down,flat,0.22785047747195242,0.686180282149193,0.08596924037885481
"Meta Platforms, Inc.",2022-10-27,2022-10-31,2,flat,flat,0.10865553724271113,0.6419888739930107,0.24935558876427838
"Meta Platforms, Inc.",2022-10-28,2022-11-01,2,flat,flat,0.09985595990068301,0.6481931923935158,0.25195084770580123
"Meta Platforms, Inc.",2022-10-31,2022-11-02,2,flat,flat,0.09590762285026365,0.6477148358415431,0.2563775413081933
"Meta Platforms, Inc.",2022-11-01,2022-11-03,2,flat,flat,0.06789077019140315,0.7179418555264916,0.2141673742821056
"Meta Platforms, Inc.",2022-11-02,2022-11-04,2,flat,flat,0.07094330127939784,0.6690787995783865,0.25997789914221575
"Meta Platforms, Inc.",2022-11-03,2022-11-07,2,flat,flat,0.06877758110807812,0.6765119262079128,0.25471049268400914
"Meta Platforms, Inc.",2022-11-04,2022-11-08,2,flat,flat,0.08362531193899152,0.6350165152137275,0.281358172847281
"Meta Platforms, Inc.",2022-11-07,2022-11-09,2,flat,flat,0.06178866134776498,0.787899502005363,0.15031183664687223
"Meta Platforms, Inc.",2022-11-08,2022-11-10,2,up,flat,0.05549876173227171,0.7965901415518963,0.147911096715832
"Meta Platforms, Inc.",2022-11-09,2022-11-11,2,up,flat,0.053744779191319966,0.8204728638110389,0.12578235699764112
"Meta Platforms, Inc.",2022-11-10,2022-11-14,2,flat,flat,0.090020702164644,0.7495044822031027,0.16047481563225316
"Meta Platforms, Inc.",2022-11-11,2022-11-15,2,flat,flat,0.1090262469757584,0.7562094913728024,0.13476426165143915
"Meta Platforms, Inc.",2022-11-14,2022-11-16,2,flat,flat,0.11689678849988563,0.7569285853088025,0.12617462619131206
"Meta Platforms, Inc.",2022-11-15,2022-11-17,2,flat,flat,0.12336692572212511,0.780679665359894,0.0959534089179808
"Meta Platforms, Inc.",2022-11-16,2022-11-18,2,flat,flat,0.2975874886074394,0.6128349804380548,0.08957753095450632
"Meta Platforms, Inc.",2022-11-17,2022-11-21,2,flat,flat,0.26723255825595915,0.6356889739970724,0.09707846774696899
"Meta Platforms, Inc.",2022-11-18,2022-11-22,2,flat,flat,0.15422699604326187,0.777308000022744,0.06846500393399464
"Meta Platforms, Inc.",2022-11-21,2022-11-23,2,flat,flat,0.2606093554978205,0.6003512686858075,0.1390393758163722
"Meta Platforms, Inc.",2022-11-22,2022-11-25,2,flat,flat,0.23326042645160572,0.627651887341705,0.1390876862066897
"Meta Platforms, Inc.",2022-11-23,2022-11-28,2,flat,flat,0.17789087690576633,0.7393111820001467,0.0827979410940874
"Meta Platforms, Inc.",2022-11-25,2022-11-29,2,flat,flat,0.21816667186265984,0.7226513277452343,0.05918200039210601
"Meta Platforms, Inc.",2022-11-28,2022-11-30,2,flat,flat,0.2650401131140293,0.6311891168600937,0.10377077002587738
"Meta Platforms, Inc.",2022-11-29,2022-12-01,2,up,flat,0.20725242418427176,0.7052146103767762,0.08753296543895214
"Meta Platforms, Inc.",2022-11-30,2022-12-02,2,up,flat,0.094346369653567,0.8628446903785235,0.04280893996790971
"Meta Platforms, Inc.",2022-12-01,2022-12-05,2,flat,flat,0.06294057314248985,0.8770031096478429,0.060056317209667365
"Meta Platforms, Inc.",2022-12-02,2022-12-06,2,flat,flat,0.07985197034133196,0.8727953452488179,0.04735268440985069
"Meta Platforms, Inc.",2022-12-05,2022-12-07,2,down,flat,0.06010995997401833,0.8836634568171049,0.056226583208877086
"Meta Platforms, Inc.",2022-12-06,2022-12-08,2,flat,flat,0.2398752780507623,0.6849855663235287,0.07513915562570929
"Meta Platforms, Inc.",2022-12-07,2022-12-09,2,flat,flat,0.23264837056683763,0.6849589804469386,0.08239264898622434
"Meta Platforms, Inc.",2022-12-08,2022-12-12,2,flat,flat,0.15289640204863858,0.7530581791621838,0.09404541878917798
"Meta Platforms, Inc.",2022-12-09,2022-12-13,2,up,flat,0.1684950728693299,0.7191097028515611,0.11239522427910931
"Meta Platforms, Inc.",2022-12-12,2022-12-14,2,up,flat,0.09567547108957164,0.7823702792551682,0.12195424965526018
"Meta Platforms, Inc.",2022-12-13,2022-12-15,2,flat,flat,0.041440026902437595,0.9097304513319695,0.048829521765593034
"Meta Platforms, Inc.",2022-12-14,2022-12-16,2,flat,flat,0.08867009711434556,0.8677165962398877,0.043613306645766785
"Meta Platforms, Inc.",2022-12-15,2022-12-19,2,flat,flat,0.1691276661611804,0.7786223342740716,0.05224999956474832
"Meta Platforms, Inc.",2022-12-16,2022-12-20,2,down,flat,0.03661736110425916,0.9138543400500369,0.049528298845703984
"Meta Platforms, Inc.",2022-12-19,2022-12-21,2,flat,flat,0.19339259739944065,0.7404821486040223,0.06612525399653747
"Meta Platforms, Inc.",2022-12-20,2022-12-22,2,flat,flat,0.14511342510458683,0.7552325364917997,0.09965403840361357
"Meta Platforms, Inc.",2022-12-21,2022-12-23,2,flat,flat,0.05933636808625369,0.869191487949961,0.07147214396378543
"Meta Platforms, Inc.",2022-12-22,2022-12-27,2,flat,flat,0.12542600917087313,0.8192961328498569,0.055277857979270185
"Meta Platforms, Inc.",2022-12-23,2022-12-28,2,flat,flat,0.09382689263160593,0.8198970449752876,0.08627606239310673
"Meta Platforms, Inc.",2022-12-27,2022-12-29,2,flat,flat,0.09023790379582845,0.8295675095676417,0.08019458663653
"Meta Platforms, Inc.",2022-12-28,2022-12-30,2,flat,flat,0.09705083005901599,0.8316991913860808,0.0712499785549032
"Meta Platforms, Inc.",2022-12-29,2023-01-03,2,up,flat,0.03951345364756131,0.8573319327368059,0.10315461361563302
"Meta Platforms, Inc.",2022-12-30,2023-01-04,2,up,flat,0.06763045446688977,0.8655253290143723,0.06684421651873812
"Meta Platforms, Inc.",2023-01-03,2023-01-05,2,flat,flat,0.045962666938347906,0.8924041569783894,0.06163317608326279
"Meta Platforms, Inc.",2023-01-04,2023-01-06,2,flat,flat,0.04189082186046872,0.9018959390827742,0.056213239056757625
"Meta Platforms, Inc.",2023-01-05,2023-01-09,2,flat,flat,0.09357902862400927,0.8543402224519849,0.05208074892400611
"Meta Platforms, Inc.",2023-01-06,2023-01-10,2,flat,flat,0.06662144455785218,0.864400649620949,0.06897790582119917
"Meta Platforms, Inc.",2023-01-09,2023-01-11,2,flat,flat,0.07384816434727914,0.8228952412854561,0.10325659436726509
"Meta Platforms, Inc.",2023-01-10,2023-01-12,2,up,flat,0.07900036072295828,0.8688482292573929,0.0521514100196491
"Meta Platforms, Inc.",2023-01-11,2023-01-13,2,flat,flat,0.058106807816025965,0.8692648488644149,0.07262834331955952
"Meta Platforms, Inc.",2023-01-12,2023-01-17,2,flat,flat,0.11654283953578869,0.8306716877800229,0.05278547268418879
"Meta Platforms, Inc.",2023-01-13,2023-01-18,2,flat,flat,0.14544943353199544,0.8155712402378547,0.038979326230150144
"Meta Platforms, Inc.",2023-01-17,2023-01-19,2,flat,flat,0.14724953500328525,0.7789684194389248,0.07378204555779028
"Meta Platforms, Inc.",2023-01-18,2023-01-20,2,flat,flat,0.11974277636273509,0.7732637538471796,0.10699346979008569
"Meta Platforms, Inc.",2023-01-19,2023-01-23,2,up,flat,0.10649878418820087,0.7907046905264644,0.10279652528533517
"Meta Platforms, Inc.",2023-01-20,2023-01-24,2,up,flat,0.17559942622959068,0.7083074271107912,0.11609314665961852
"Meta Platforms, Inc.",2023-01-23,2023-01-25,2,flat,flat,0.15389807263146194,0.7933724651129849,0.052729462255553805
"Meta Platforms, Inc.",2023-01-24,2023-01-26,2,flat,flat,0.18803484859947037,0.763986311295713,0.04797884010481722
"Meta Platforms, Inc.",2023-01-25,2023-01-27,2,up,flat,0.11103470525527953,0.8189601193868806,0.07000517535784033
"Meta Platforms, Inc.",2023-01-26,2023-01-30,2,flat,flat,0.17681331078882281,0.7671717288882897,0.05601496032288804
"Meta Platforms, Inc.",2023-01-27,2023-01-31,2,flat,flat,0.15784822026797785,0.7924931075092254,0.04965867222279709
"Meta Platforms, Inc.",2023-01-30,2023-02-01,2,flat,flat,0.11054415163299453,0.8381767459049115,0.051279102462094196
"Meta Platforms, Inc.",2023-01-31,2023-02-02,2,up,flat,0.13191258982595933,0.8121292908026431,0.05595811937139817
"Meta Platforms, Inc.",2023-02-01,2023-02-03,2,up,flat,0.20359158740001881,0.7058325223246853,0.09057589027529664
"Meta Platforms, Inc.",2023-02-02,2023-02-06,2,flat,flat,0.0964018085475065,0.8054039947212628,0.09819419673123113
"Meta Platforms, Inc.",2023-02-03,2023-02-07,2,flat,flat,0.12044003572590696,0.815299566984743,0.06426039728935047
"Meta Platforms, Inc.",2023-02-06,2023-02-08,2,flat,flat,0.11775319181143143,0.7988419354743855,0.0834048727141834
"Meta Platforms, Inc.",2023-02-07,2023-02-09,2,flat,flat,0.13509158240358443,0.7628186783329302,0.10208973926348573
"Meta Platforms, Inc.",2023-02-08,2023-02-10,2,down,flat,0.13739670414978636,0.734432300173747,0.1281709956764666
"Meta Platforms, Inc.",2023-02-09,2023-02-13,2,flat,flat,0.12937485737839555,0.6704669119185209,0.20015823070308383
"Meta Platforms, Inc.",2023-02-10,2023-02-14,2,flat,flat,0.118595285679277,0.6776556125516567,0.2037491017690664
"Meta Platforms, Inc.",2023-02-13,2023-02-15,2,flat,flat,0.13478555071165446,0.6688895364408775,0.19632491284746809
"Meta Platforms, Inc.",2023-02-14,2023-02-16,2,flat,flat,0.11522876628148034,0.7513606440914231,0.13341058962709684
"Meta Platforms, Inc.",2023-02-15,2023-02-17,2,flat,flat,0.10999014690225468,0.7373405774697805,0.15266927562796503
"Meta Platforms, Inc.",2023-02-16,2023-02-21,2,flat,flat,0.12158536906891157,0.6885105275385714,0.18990410339251734
"Meta Platforms, Inc.",2023-02-17,2023-02-22,2,flat,flat,0.10030742740480962,0.7270486503499,0.1726439222452908
"Meta Platforms, Inc.",2023-02-21,2023-02-23,2,flat,flat,0.08125938796487048,0.6716567029619622,0.2470839090731674
"Meta Platforms, Inc.",2023-02-22,2023-02-24,2,flat,flat,0.10571411409235619,0.7164818773041886,0.17780400860345547
"Meta Platforms, Inc.",2023-02-23,2023-02-27,2,flat,flat,0.06542457292826427,0.7283398803358938,0.2062355467358421
"Meta Platforms, Inc.",2023-02-24,2023-02-28,2,flat,flat,0.10998307015969835,0.7206988505325341,0.16931807930776774
"Meta Platforms, Inc.",2023-02-27,2023-03-01,2,flat,flat,0.05104803306625832,0.7120773421465796,0.23687462478716192
"Meta Platforms, Inc.",2023-02-28,2023-03-02,2,flat,flat,0.05233599884882692,0.700904351990808,0.24675964916036505
"Meta Platforms, Inc.",2023-03-01,2023-03-03,2,up,flat,0.09509803290152963,0.6891928422363833,0.21570912486208718
"Meta Platforms, Inc.",2023-03-02,2023-03-06,2,up,flat,0.0937838958135784,0.7121983206647944,0.19401778352162713
"Meta Platforms, Inc.",2023-03-03,2023-03-07,2,flat,flat,0.13429642817223317,0.6580265283387915,0.20767704348897556
"Meta Platforms, Inc.",2023-03-06,2023-03-08,2,flat,flat,0.1578026850585965,0.6753312453714646,0.1668660695699393
"Meta Platforms, Inc.",2023-03-07,2023-03-09,2,flat,flat,0.13370519275636392,0.7501911736886826,0.11610363355495368
"Meta Platforms, Inc.",2023-03-08,2023-03-10,2,flat,flat,0.1735962060331194,0.7009991753541732,0.1254046186127076
"Meta Platforms, Inc.",2023-03-09,2023-03-13,2,flat,flat,0.12023168632461184,0.7258436585147348,0.15392465516065365
"Meta Platforms, Inc.",2023-03-10,2023-03-14,2,up,flat,0.23234451158368244,0.6506992863238203,0.11695620209249757
"Meta Platforms, Inc.",2023-03-13,2023-03-15,2,up,flat,0.2641611705902536,0.5743027067495526,0.161536122660194
"Meta Platforms, Inc.",2023-03-14,2023-03-16,2,up,flat,0.11722244163413534,0.6097263713284597,0.273051187037405
"Meta Platforms, Inc.",2023-03-15,2023-03-17,2,flat,flat,0.12067898573225748,0.7268135615064023,0.1525074527613405
"Meta Platforms, Inc.",2023-03-16,2023-03-20,2,flat,flat,0.07844824630398024,0.7915840096689977,0.12996774402702255
"Meta Platforms, Inc.",2023-03-17,2023-03-21,2,flat,flat,0.11127966151336198,0.7983692876648476,0.09035105082179083
"Meta Platforms, Inc.",2023-03-20,2023-03-22,2,flat,flat,0.1024253246564155,0.7802385272716247,0.11733614807196009
"Meta Platforms, Inc.",2023-03-21,2023-03-23,2,flat,flat,0.06375081725197132,0.7481909468298628,0.18805823591816653
"Meta Platforms, Inc.",2023-03-22,2023-03-24,2,flat,flat,0.0944696656973372,0.815558593053845,0.08997174124881818
"Meta Platforms, Inc.",2023-03-23,2023-03-27,2,flat,flat,0.11861494732869357,0.7020464852268105,0.17933856744449594
"Meta Platforms, Inc.",2023-03-24,2023-03-28,2,flat,flat,0.14268017469894492,0.7560001831551547,0.1013196421459008
"Meta Platforms, Inc.",2023-03-27,2023-03-29,2,flat,flat,0.164751960918857,0.723706062164034,0.11154197691710944
"Meta Platforms, Inc.",2023-03-28,2023-03-30,2,flat,flat,0.13673530843297693,0.6988126914788961,0.16445200008812721
"Meta Platforms, Inc.",2023-03-29,2023-03-31,2,flat,flat,0.09979324853607534,0.4905270112915923,0.40967974017233244
"Meta Platforms, Inc.",2023-03-30,2023-04-03,2,flat,flat,0.12797824093004243,0.5813759062818488,0.2906458527881089
"Meta Platforms, Inc.",2023-03-31,2023-04-04,2,flat,flat,0.1838498276267339,0.4830306163309606,0.3331195560423057
"Meta Platforms, Inc.",2023-04-03,2023-04-05,2,flat,flat,0.2531147812750177,0.5177352587355707,0.22914995998941168
"Meta Platforms, Inc.",2023-04-04,2023-04-06,2,flat,flat,0.20905982764423275,0.5659356214917035,0.22500455086406387
"Meta Platforms, Inc.",2023-04-05,2023-04-10,2,flat,flat,0.24105142454610423,0.5973952177775991,0.1615533576762968
"Meta Platforms, Inc.",2023-04-06,2023-04-11,2,flat,flat,0.2462490500906312,0.5627231662963191,0.19102778361304973
"Meta Platforms, Inc.",2023-04-10,2023-04-12,2,flat,flat,0.2644976410620983,0.5046059538880092,0.23089640504989262
"Meta Platforms, Inc.",2023-04-11,2023-04-13,2,flat,flat,0.25630836277260144,0.542761070769488,0.20093056645791063
"Meta Platforms, Inc.",2023-04-12,2023-04-14,2,up,flat,0.23481993866571535,0.549625969869532,0.21555409146475302
"Meta Platforms, Inc.",2023-04-13,2023-04-17,2,flat,flat,0.39672480465094123,0.4087716744138572,0.19450352093520157
"Meta Platforms, Inc.",2023-04-14,2023-04-18,2,flat,flat,0.3881945337789831,0.472917203596499,0.13888826262451792
"Meta Platforms, Inc.",2023-04-17,2023-04-19,2,flat,flat,0.2386856361799881,0.5983096482938479,0.16300471552616413
"Meta Platforms, Inc.",2023-04-18,2023-04-20,2,flat,flat,0.22806478398215657,0.6078263324699167,0.1641088835479267
"Meta Platforms, Inc.",2023-04-19,2023-04-21,2,flat,flat,0.2924918748576602,0.6060067995938534,0.10150132554848708
"Meta Platforms, Inc.",2023-04-20,2023-04-24,2,flat,flat,0.26327337480296864,0.5707949219523225,0.16593170324470927
"Meta Platforms, Inc.",2023-04-21,2023-04-25,2,flat,flat,0.25118353554211437,0.4937173792468815,0.2550990852110045
"Meta Platforms, Inc.",2023-04-24,2023-04-26,2,flat,flat,0.2239249618357988,0.5030870240511529,0.27298801411304846
"Meta Platforms, Inc.",2023-04-25,2023-04-27,2,up,flat,0.3266719128338438,0.46123103270230836,0.2120970544638484
"Meta Platforms, Inc.",2023-04-26,2023-04-28,2,up,flat,0.3333150950154324,0.41452667611854205,0.2521582288660258
"Meta Platforms, Inc.",2023-04-27,2023-05-01,2,flat,flat,0.24778457499907414,0.5998875082348587,0.15232791676606758
"Meta Platforms, Inc.",2023-04-28,2023-05-02,2,flat,flat,0.16855642223092154,0.7165113821860898,0.11493219558298923
"Meta Platforms, Inc.",2023-05-01,2023-05-03,2,flat,flat,0.2519769629885226,0.6343382381854814,0.11368479882599652
"Meta Platforms, Inc.",2023-05-02,2023-05-04,2,flat,flat,0.24604068407360058,0.6519758247045897,0.10198349122181026
"Meta Platforms, Inc.",2023-05-03,2023-05-05,2,flat,flat,0.2502759447750069,0.649648628827949,0.10007542639704432
"Meta Platforms, Inc.",2023-05-04,2023-05-08,2,flat,flat,0.12778006045829254,0.7452751886663702,0.12694475087533727
"Meta Platforms, Inc.",2023-05-05,2023-05-09,2,flat,flat,0.0712600395050355,0.7164660729783869,0.21227388751657766
"Meta Platforms, Inc.",2023-05-08,2023-05-10,2,flat,flat,0.03579849869613685,0.7604769292098515,0.20372457209401168
"Meta Platforms, Inc.",2023-05-09,2023-05-11,2,flat,flat,0.03547610343098145,0.7925627114046786,0.1719611851643401
"Meta Platforms, Inc.",2023-05-10,2023-05-12,2,flat,flat,0.05423043684371036,0.7638338026624816,0.18193576049380808
"Meta Platforms, Inc.",2023-05-11,2023-05-15,2,flat,flat,0.059538256830142314,0.789707387745078,0.15075435542477988
"Meta Platforms, Inc.",2023-05-12,2023-05-16,2,flat,flat,0.04851921264755262,0.8180349419342551,0.13344584541819254
"Meta Platforms, Inc.",2023-05-15,2023-05-17,2,flat,flat,0.17538023995836038,0.5973374249807182,0.2272823350609216
"Meta Platforms, Inc.",2023-05-16,2023-05-18,2,flat,flat,0.11781637125041186,0.7338578315304255,0.1483257972191629
"Meta Platforms, Inc.",2023-05-17,2023-05-19,2,flat,flat,0.271698408243191,0.5009564504821702,0.22734514127463892
"Meta Platforms, Inc.",2023-05-18,2023-05-22,2,flat,flat,0.2764512839915844,0.5089225629319877,0.21462615307642824
"Meta Platforms, Inc.",2023-05-19,2023-05-23,2,flat,flat,0.2497729077081749,0.5470977711708394,0.20312932112098595
"Meta Platforms, Inc.",2023-05-22,2023-05-24,2,flat,flat,0.22739293576994246,0.5666936726854596,0.20591339154459817
"Meta Platforms, Inc.",2023-05-23,2023-05-25,2,flat,flat,0.15449769033473548,0.6776739728189556,0.16782833684630924
"Meta Platforms, Inc.",2023-05-24,2023-05-26,2,up,flat,0.16716960549827145,0.6322068157278543,0.20062357877387435
"Meta Platforms, Inc.",2023-05-25,2023-05-30,2,up,flat,0.3028787721185263,0.536454184635573,0.16066704324590084
"Meta Platforms, Inc.",2023-05-26,2023-05-31,2,flat,flat,0.35084888597557023,0.48342766932944675,0.16572344469498312
"Meta Platforms, Inc.",2023-05-30,2023-06-01,2,flat,flat,0.27962778696766216,0.597197213561996,0.12317499947034212
"Meta Platforms, Inc.",2023-05-31,2023-06-02,2,up,flat,0.2665660651000403,0.6647809427331292,0.0686529921668308
"Meta Platforms, Inc.",2023-06-01,2023-06-05,2,flat,flat,0.2716352043189952,0.6048019292063749,0.12356286647463025
"Meta Platforms, Inc.",2023-06-02,2023-06-06,2,flat,flat,0.37508897094628324,0.5265304733199858,0.09838055573373122
"Meta Platforms, Inc.",2023-06-05,2023-06-07,2,flat,flat,0.26912087105543325,0.6683377384253837,0.06254139051918334
"Meta Platforms, Inc.",2023-06-06,2023-06-08,2,down,flat,0.23273324748762067,0.6887811445997203,0.07848560791265961
"Meta Platforms, Inc.",2023-06-07,2023-06-09,2,flat,flat,0.23682191184304635,0.6644345351382516,0.09874355301870269
"Meta Platforms, Inc.",2023-06-08,2023-06-12,2,flat,flat,0.15368942614900172,0.7122811182894435,0.13402945556155502
"Meta Platforms, Inc.",2023-06-09,2023-06-13,2,up,flat,0.11581467796324363,0.6753265694941806,0.20885875254257594
"Meta Platforms, Inc.",2023-06-12,2023-06-14,2,flat,flat,0.2515288769677582,0.4904469786937391,0.2580241443385029
"Meta Platforms, Inc.",2023-06-13,2023-06-15,2,flat,flat,0.2831805905550952,0.43965012462988995,0.27716928481501524
"Meta Platforms, Inc.",2023-06-14,2023-06-16,2,up,flat,0.2408129446507607,0.595596356961475,0.16359069838776455
"Meta Platforms, Inc.",2023-06-15,2023-06-20,2,flat,flat,0.24269790770151067,0.5834679348798627,0.17383415741862698
"Meta Platforms, Inc.",2023-06-16,2023-06-21,2,flat,flat,0.2263495519233105,0.6299900523333152,0.14366039574337472
"Meta Platforms, Inc.",2023-06-20,2023-06-22,2,flat,flat,0.22917422241160892,0.6328654890682056,0.13796028852018574
"Meta Platforms, Inc.",2023-06-21,2023-06-23,2,flat,flat,0.21510893232927641,0.6172426174740384,0.16764845019668545
"Meta Platforms, Inc.",2023-06-22,2023-06-26,2,flat,flat,0.1918098781956363,0.6871921982694528,0.1209979235349111
"Meta Platforms, Inc.",2023-06-23,2023-06-27,2,flat,flat,0.29293686059353713,0.4964782556608373,0.21058488374562578
"Meta Platforms, Inc.",2023-06-26,2023-06-28,2,flat,flat,0.25621528568536517,0.6424583491515534,0.10132636516308167
"Meta Platforms, Inc.",2023-06-27,2023-06-29,2,flat,flat,0.2388677568620754,0.6011537763447179,0.15997846679320682
"Meta Platforms, Inc.",2023-06-28,2023-06-30,2,flat,flat,0.20736570389399173,0.6564375085187271,0.1361967875872815
"Meta Platforms, Inc.",2023-06-29,2023-07-03,2,flat,flat,0.19656677297390956,0.7107222100385678,0.09271101698752295
"Meta Platforms, Inc.",2023-06-30,2023-07-05,2,flat,flat,0.2083806480833939,0.6012622388708372,0.1903571130457691
"Meta Platforms, Inc.",2023-07-03,2023-07-06,2,flat,flat,0.17483812313887598,0.683968618537613,0.141193258323511
"Meta Platforms, Inc.",2023-07-05,2023-07-07,2,flat,flat,0.2705816512494338,0.5014881192818291,0.2279302294687372
"Meta Platforms, Inc.",2023-07-06,2023-07-10,2,flat,flat,0.24237386876256062,0.5703165943185067,0.18730953691893293
"Meta Platforms, Inc.",2023-07-07,2023-07-11,2,flat,flat,0.20341380606107445,0.6427064777696535,0.15387971616927237
"Meta Platforms, Inc.",2023-07-10,2023-07-12,2,up,flat,0.18997071548727912,0.6461345426745706,0.16389474183815061
"Meta Platforms, Inc.",2023-07-11,2023-07-13,2,up,flat,0.20825859347465173,0.6556499918077141,0.13609141471763445
"Meta Platforms, Inc.",2023-07-12,2023-07-14,2,flat,flat,0.19069816505179868,0.6610073963317576,0.1482944386164439
"Meta Platforms, Inc.",2023-07-13,2023-07-17,2,flat,flat,0.16530204763146447,0.7547039117519883,0.07999404061654779
"Meta Platforms, Inc.",2023-07-14,2023-07-18,2,flat,flat,0.3015515180889911,0.6611868235299783,0.03726165838103113
"Meta Platforms, Inc.",2023-07-17,2023-07-19,2,flat,flat,0.17000691808534604,0.7752475133718129,0.05474556854284145
"Meta Platforms, Inc.",2023-07-18,2023-07-20,2,flat,flat,0.1618001345591226,0.7755577276718374,0.06264213776904065
"Meta Platforms, Inc.",2023-07-19,2023-07-21,2,down,flat,0.230002522700341,0.6524097537072514,0.11758772359240809
"Meta Platforms, Inc.",2023-07-20,2023-07-24,2,down,flat,0.19877533575188988,0.7378549122525807,0.06336975199552991
"Meta Platforms, Inc.",2023-07-21,2023-07-25,2,flat,flat,0.1671440107229859,0.7822676571563772,0.05058833212063739
"Meta Platforms, Inc.",2023-07-24,2023-07-26,2,flat,flat,0.10163565935168255,0.7768068763534948,0.12155746429482313
"Meta Platforms, Inc.",2023-07-25,2023-07-27,2,up,flat,0.05259711647503076,0.7387899107342616,0.208612972790708
"Meta Platforms, Inc.",2023-07-26,2023-07-28,2,up,flat,0.12823590245411742,0.6630778611227426,0.20868623642314024
"Meta Platforms, Inc.",2023-07-27,2023-07-31,2,flat,flat,0.16382704211353286,0.6796555786428633,0.15651737924360387
"Meta Platforms, Inc.",2023-07-28,2023-08-01,2,flat,flat,0.2144010848719308,0.6628733416735392,0.12272557345453039
"Meta Platforms, Inc.",2023-07-31,2023-08-02,2,flat,flat,0.2613854710697739,0.6407964857171083,0.09781804321311792
"Meta Platforms, Inc.",2023-08-01,2023-08-03,2,flat,flat,0.20883299457135707,0.6745645556599097,0.11660244976873385
"Meta Platforms, Inc.",2023-08-02,2023-08-04,2,flat,flat,0.15357433947626037,0.748955279132539,0.09747038139120105
"Meta Platforms, Inc.",2023-08-03,2023-08-07,2,flat,flat,0.17108017210995538,0.7444970619562729,0.0844227659337722
"Meta Platforms, Inc.",2023-08-04,2023-08-08,2,flat,flat,0.1649259105264914,0.7197752563284268,0.11529883314508207
"Meta Platforms, Inc.",2023-08-07,2023-08-09,2,flat,flat,0.19980231380986016,0.684167196277727,0.11603048991241298
"Meta Platforms, Inc.",2023-08-08,2023-08-10,2,flat,flat,0.20278460441821924,0.6593451224299056,0.1378702731518751
"Meta Platforms, Inc.",2023-08-09,2023-08-11,2,flat,flat,0.236787181389988,0.5824434936852088,0.18076932492480338
"Meta Platforms, Inc.",2023-08-10,2023-08-14,2,flat,flat,0.15335861519358254,0.5917051311405308,0.2549362536658868
"Meta Platforms, Inc.",2023-08-11,2023-08-15,2,flat,flat,0.178753730683609,0.5742930682532286,0.24695320106316226
"Meta Platforms, Inc.",2023-08-14,2023-08-16,2,flat,flat,0.1271256853238771,0.5084734681172587,0.3644008465588642
"Meta Platforms, Inc.",2023-08-15,2023-08-17,2,down,flat,0.11476709834021387,0.49551609759126436,0.38971680406852177
"Meta Platforms, Inc.",2023-08-16,2023-08-18,2,down,flat,0.24016715537803346,0.49976540258663427,0.26006744203533233
"Meta Platforms, Inc.",2023-08-17,2023-08-21,2,flat,flat,0.11025835383593431,0.5660010260168586,0.32374062014720695
"Meta Platforms, Inc.",2023-08-18,2023-08-22,2,up,flat,0.06611686703711012,0.6013296290009141,0.3325535039619757
"Meta Platforms, Inc.",2023-08-21,2023-08-23,2,flat,flat,0.0866601616145139,0.5659697767000756,0.34737006168541046
"Meta Platforms, Inc.",2023-08-22,2023-08-24,2,flat,flat,0.09501963375988944,0.5862692125614735,0.31871115367863717
"Meta Platforms, Inc.",2023-08-23,2023-08-25,2,flat,flat,0.11216549451504837,0.6522497104694713,0.23558479501548035
"Meta Platforms, Inc.",2023-08-24,2023-08-28,2,flat,flat,0.11140851931631784,0.6233211872371727,0.2652702934465093
"Meta Platforms, Inc.",2023-08-25,2023-08-29,2,up,flat,0.17354143743685907,0.7014143804169075,0.12504418214623417
"Meta Platforms, Inc.",2023-08-28,2023-08-30,2,flat,flat,0.11424939211559443,0.6779530258259076,0.20779758205849835
"Meta Platforms, Inc.",2023-08-29,2023-08-31,2,flat,flat,0.09263035103122542,0.7246001243646468,0.18276952460412801
"Meta Platforms, Inc.",2023-08-30,2023-09-01,2,flat,flat,0.09532624207307405,0.7445012210573263,0.16017253686959987
"Meta Platforms, Inc.",2023-08-31,2023-09-05,2,flat,flat,0.11409080300402458,0.6492986862974445,0.23661051069853112
"Meta Platforms, Inc.",2023-09-01,2023-09-06,2,flat,flat,0.12773658915284197,0.6814005094896095,0.1908629013575484
"Meta Platforms, Inc.",2023-09-05,2023-09-07,2,flat,flat,0.14589816477271567,0.7008125845433395,0.15328925068394522
"Meta Platforms, Inc.",2023-09-06,2023-09-08,2,flat,flat,0.14921672899883234,0.6796633328075049,0.1711199381936631
"Meta Platforms, Inc.",2023-09-07,2023-09-11,2,flat,flat,0.1766985397885045,0.649080780791497,0.17422067941999864
"Meta Platforms, Inc.",2023-09-08,2023-09-12,2,flat,flat,0.15599338290803094,0.64418132325549,0.19982529383647926
"Meta Platforms, Inc.",2023-09-11,2023-09-13,2,flat,flat,0.08565053722777688,0.7911249088474719,0.1232245539247517
"Meta Platforms, Inc.",2023-09-12,2023-09-14,2,flat,flat,0.17921834012850066,0.5984998540410509,0.2222818058304487
"Meta Platforms, Inc.",2023-09-13,2023-09-15,2,flat,flat,0.1751822452833526,0.6052171486248796,0.2196006060917678
"Meta Platforms, Inc.",2023-09-14,2023-09-18,2,down,flat,0.10658068363351618,0.7981733179203105,0.09524599844617368
"Meta Platforms, Inc.",2023-09-15,2023-09-19,2,flat,flat,0.14009454786812228,0.713082117966558,0.14682333416532053
"Meta Platforms, Inc.",2023-09-18,2023-09-20,2,flat,flat,0.15347975729237315,0.6870399210271281,0.15948032168049933
"Meta Platforms, Inc.",2023-09-19,2023-09-21,2,flat,flat,0.16873219296851688,0.626673584566263,0.20459422246522008
"Meta Platforms, Inc.",2023-09-20,2023-09-22,2,flat,flat,0.16011568701947781,0.67835524355976,0.16152906942076245
"Meta Platforms, Inc.",2023-09-21,2023-09-25,2,flat,flat,0.1728593455978597,0.7035438035121664,0.12359685088997426
"Meta Platforms, Inc.",2023-09-22,2023-09-26,2,flat,flat,0.10448698139299256,0.6560156816126687,0.23949733699433862
"Meta Platforms, Inc.",2023-09-25,2023-09-27,2,flat,flat,0.14459602291164586,0.7138577986338407,0.14154617845451392
"Meta Platforms, Inc.",2023-09-26,2023-09-28,2,flat,flat,0.08592796047762842,0.6834170380439969,0.23065500147837462
"Meta Platforms, Inc.",2023-09-27,2023-09-29,2,flat,flat,0.12733306578915893,0.6757496654497166,0.1969172687611246
"Meta Platforms, Inc.",2023-09-28,2023-10-02,2,flat,flat,0.05997784493999428,0.700851302519245,0.2391708525407608
"Meta Platforms, Inc.",2023-09-29,2023-10-03,2,flat,flat,0.08321203883216302,0.656092691364756,0.2606952698030809
"Meta Platforms, Inc.",2023-10-02,2023-10-04,2,flat,flat,0.09698913399344425,0.6155109724498565,0.2874998935566991
"Meta Platforms, Inc.",2023-10-03,2023-10-05,2,flat,flat,0.13908103535764801,0.6501339798973715,0.21078498474498047
"Meta Platforms, Inc.",2023-10-04,2023-10-06,2,flat,flat,0.11947542206696866,0.6667318948178531,0.2137926831151783
"Meta Platforms, Inc.",2023-10-05,2023-10-09,2,up,flat,0.14509508782187125,0.6313684368604774,0.22353647531765147
"Meta Platforms, Inc.",2023-10-06,2023-10-10,2,up,flat,0.12094860183106962,0.6084989074067552,0.270552490762175
"Meta Platforms, Inc.",2023-10-09,2023-10-11,2,up,flat,0.06807388499154855,0.8249719958937236,0.10695411911472823
"Meta Platforms, Inc.",2023-10-10,2023-10-12,2,flat,flat,0.17328732613929138,0.7635758042165649,0.06313686964414406
"Meta Platforms, Inc.",2023-10-11,2023-10-13,2,flat,flat,0.21484109514535915,0.7334428387413682,0.05171606611327289
"Meta Platforms, Inc.",2023-10-12,2023-10-16,2,flat,flat,0.2895018693306923,0.6288403846592675,0.08165774601004064
"Meta Platforms, Inc.",2023-10-13,2023-10-17,2,flat,flat,0.12021733544812124,0.7611091316931368,0.11867353285874231
"Meta Platforms, Inc.",2023-10-16,2023-10-18,2,flat,flat,0.10199762691307257,0.7673542380092484,0.13064813507767925
"Meta Platforms, Inc.",2023-10-17,2023-10-19,2,flat,flat,0.13208060377131634,0.6912276468266413,0.17669174940204296
"Meta Platforms, Inc.",2023-10-18,2023-10-20,2,down,flat,0.13252892412285416,0.6602277132913247,0.2072433625858214
"Meta Platforms, Inc.",2023-10-19,2023-10-23,2,flat,flat,0.0927852142416906,0.5974739621306489,0.30974082362766053
"Meta Platforms, Inc.",2023-10-20,2023-10-24,2,flat,flat,0.10722979837594653,0.6284069519645801,0.26436324965947333
"Meta Platforms, Inc.",2023-10-23,2023-10-25,2,flat,flat,0.07016949344741258,0.5429529977702122,0.38687750878237515
"Meta Platforms, Inc.",2023-10-24,2023-10-26,2,down,flat,0.07553204644560348,0.5073231599914229,0.41714479356297374
"Meta Platforms, Inc.",2023-10-25,2023-10-27,2,flat,flat,0.17320036903500172,0.5499858503060924,0.2768137806589061
"Meta Platforms, Inc.",2023-10-26,2023-10-30,2,up,flat,0.0780092599692523,0.5805163714320366,0.34147436859871105
"Meta Platforms, Inc.",2023-10-27,2023-10-31,2,flat,flat,0.07506017279146625,0.5551464981265289,0.36979332908200485
"Meta Platforms, Inc.",2023-10-30,2023-11-01,2,flat,flat,0.07301218490191913,0.6852320390302205,0.24175577606786053
"Meta Platforms, Inc.",2023-10-31,2023-11-02,2,up,flat,0.09995351899115681,0.6446050715058429,0.2554414095030004
"Meta Platforms, Inc.",2023-11-01,2023-11-03,2,flat,flat,0.03919364001333767,0.8108975738357246,0.1499087861509383
"Meta Platforms, Inc.",2023-11-02,2023-11-06,2,flat,flat,0.03727904775627582,0.8921403546027205,0.07058059764100409
"Meta Platforms, Inc.",2023-11-03,2023-11-07,2,flat,flat,0.12986758557437164,0.7338674347009903,0.13626497972463844
"Meta Platforms, Inc.",2023-11-06,2023-11-08,2,flat,flat,0.08072734205332219,0.7781026448802588,0.14117001306641916
"Meta Platforms, Inc.",2023-11-07,2023-11-09,2,flat,flat,0.13363374594414143,0.7190147377298977,0.14735151632596116
"Meta Platforms, Inc.",2023-11-08,2023-11-10,2,flat,flat,0.11375114908576883,0.6891765424752289,0.19707230843900256
"Meta Platforms, Inc.",2023-11-09,2023-11-13,2,flat,flat,0.11270310041918315,0.6950307496808912,0.1922661498999258
"Meta Platforms, Inc.",2023-11-10,2023-11-14,2,up,flat,0.1129977615299751,0.7848336039044049,0.10216863456561999
"Meta Platforms, Inc.",2023-11-13,2023-11-15,2,flat,flat,0.11223815575793075,0.8107566894363386,0.07700515480573072
"Meta Platforms, Inc.",2023-11-14,2023-11-16,2,flat,flat,0.16118363113192133,0.7996144202563008,0.03920194861177792
"Meta Platforms, Inc.",2023-11-15,2023-11-17,2,flat,flat,0.27368253566864675,0.656578176154264,0.0697392881770897
"Meta Platforms, Inc.",2023-11-16,2023-11-20,2,flat,flat,0.17051640541333574,0.7438116790019472,0.08567191558471751
"Meta Platforms, Inc.",2023-11-17,2023-11-21,2,flat,flat,0.12224445416385582,0.8103961737494242,0.06735937208672042
"Meta Platforms, Inc.",2023-11-20,2023-11-22,2,flat,flat,0.16369879855445968,0.7513793817354244,0.08492181971011634
"Meta Platforms, Inc.",2023-11-21,2023-11-24,2,flat,flat,0.1909931188700285,0.6964508532309188,0.11255602789905295
"Meta Platforms, Inc.",2023-11-22,2023-11-27,2,flat,flat,0.1931120209374585,0.7004167531785046,0.10647122588403693
"Meta Platforms, Inc.",2023-11-24,2023-11-28,2,flat,flat,0.12739340725282175,0.7931809617770433,0.07942563097013516
"Meta Platforms, Inc.",2023-11-27,2023-11-29,2,flat,flat,0.1357780405377047,0.8080905682471942,0.05613139121510162
"Meta Platforms, Inc.",2023-11-28,2023-11-30,2,down,flat,0.1014160220507635,0.7763412183783026,0.12224275957093406
"Meta Platforms, Inc.",2023-11-29,2023-12-01,2,down,flat,0.11490364222776214,0.7333311063855951,0.15176525138664287
"Meta Platforms, Inc.",2023-11-30,2023-12-04,2,down,flat,0.2939232840517715,0.5845236050619187,0.12155311088630999
"Meta Platforms, Inc.",2023-12-01,2023-12-05,2,flat,flat,0.14807289323815978,0.5445076992291845,0.30741940753265584
"Meta Platforms, Inc.",2023-12-04,2023-12-06,2,flat,flat,0.160102566277744,0.5393787811766653,0.30051865254559096
"Meta Platforms, Inc.",2023-12-05,2023-12-07,2,flat,up,0.11327975630971647,0.38422079233247386,0.5024994513578098
"Meta Platforms, Inc.",2023-12-06,2023-12-08,2,up,up,0.1067134912241925,0.3983427625003826,0.49494374627542503
"Meta Platforms, Inc.",2023-12-07,2023-12-11,2,flat,up,0.09642558466483785,0.3914435640585577,0.5121308512766045
"Meta Platforms, Inc.",2023-12-08,2023-12-12,2,flat,flat,0.032086147210476826,0.5310222276652845,0.4368916251242385
"Meta Platforms, Inc.",2023-12-11,2023-12-13,2,up,flat,0.07368717965618385,0.5209078772786306,0.4054049430651856
"Meta Platforms, Inc.",2023-12-12,2023-12-14,2,flat,flat,0.04515593598461638,0.6325214292021633,0.32232263481322027
"Meta Platforms, Inc.",2023-12-13,2023-12-15,2,flat,flat,0.040986776253420086,0.7354448535958281,0.22356837015075176
"Meta Platforms, Inc.",2023-12-14,2023-12-18,2,up,flat,0.07515375979488179,0.6037719193422002,0.32107432086291815
"Meta Platforms, Inc.",2023-12-15,2023-12-19,2,up,flat,0.06649069475448574,0.6380494486817526,0.29545985656376156
"Meta Platforms, Inc.",2023-12-18,2023-12-20,2,flat,flat,0.05457626702244728,0.8041059093092496,0.14131782366830314
"Meta Platforms, Inc.",2023-12-19,2023-12-21,2,flat,flat,0.11570852735204012,0.8310960973253433,0.05319537532261693
"Meta Platforms, Inc.",2023-12-20,2023-12-22,2,flat,flat,0.2934138308333178,0.6473923651090879,0.059193804057594585
"Meta Platforms, Inc.",2023-12-21,2023-12-26,2,flat,flat,0.24222860711010338,0.7301285778065625,0.027642815083334427
"Meta Platforms, Inc.",2023-12-22,2023-12-27,2,flat,flat,0.30492520893039987,0.6687917519869392,0.02628303908266139
"Meta Platforms, Inc.",2023-12-26,2023-12-28,2,flat,flat,0.3149541432700589,0.6380805654406001,0.046965291289341356
"Meta Platforms, Inc.",2023-12-27,2023-12-29,2,flat,flat,0.2990820263903957,0.6453068079327829,0.055611165676821755
"Meta Platforms, Inc.",2023-12-28,2024-01-02,2,down,flat,0.29526900934173866,0.6511915059128665,0.05353948474539551
"Meta Platforms, Inc.",2023-12-29,2024-01-03,2,down,flat,0.3252923574708846,0.6441379061294608,0.030569736399655413
"Meta Platforms, Inc.",2024-01-02,2024-01-04,2,flat,flat,0.22266820642685825,0.706031032926062,0.07130076064708042
"Meta Platforms, Inc.",2024-01-03,2024-01-05,2,flat,flat,0.15563974402042313,0.7171652848590402,0.1271949711205373
"Meta Platforms, Inc.",2024-01-04,2024-01-08,2,up,flat,0.20103573197691701,0.6827750065028009,0.11618926152028253
"Meta Platforms, Inc.",2024-01-05,2024-01-09,2,up,flat,0.20384139955910188,0.5890505836415477,0.20710801679935062
"Meta Platforms, Inc.",2024-01-08,2024-01-10,2,up,flat,0.15649712612802552,0.6319960136598506,0.21150686021212445
"Meta Platforms, Inc.",2024-01-09,2024-01-11,2,up,flat,0.18070475250821272,0.6541037940689506,0.16519145342283675
"Meta Platforms, Inc.",2024-01-10,2024-01-12,2,up,flat,0.1680907624874289,0.7068320933341218,0.12507714417844984
"Meta Platforms, Inc.",2024-01-11,2024-01-16,2,flat,flat,0.30519314631149125,0.6444601257393034,0.050346727949206
"Meta Platforms, Inc.",2024-01-12,2024-01-17,2,down,flat,0.3251791340158873,0.6433789262513673,0.031441939732746144
"Meta Platforms, Inc.",2024-01-16,2024-01-18,2,flat,flat,0.3587505947553862,0.5944470855295254,0.046802319715088914
"Meta Platforms, Inc.",2024-01-17,2024-01-19,2,up,flat,0.2177773966575801,0.7139788907239566,0.06824371261846388
"Meta Platforms, Inc.",2024-01-18,2024-01-22,2,up,flat,0.20299957263288032,0.6886618564898552,0.10833857087726466
"Meta Platforms, Inc.",2024-01-19,2024-01-23,2,flat,flat,0.2445477886647109,0.7078414543738235,0.047610756961466494
"Meta Platforms, Inc.",2024-01-22,2024-01-24,2,flat,flat,0.28591866189467696,0.6743587401109835,0.03972259799434012
"Meta Platforms, Inc.",2024-01-23,2024-01-25,2,flat,flat,0.2496484543189275,0.7370778962064749,0.013273649474598274
"Meta Platforms, Inc.",2024-01-24,2024-01-26,2,flat,flat,0.2897361269928731,0.6860469628474979,0.024216910159629866
"Meta Platforms, Inc.",2024-01-25,2024-01-29,2,flat,flat,0.24182357196527765,0.7449357079772578,0.013240720057465067
"Meta Platforms, Inc.",2024-01-26,2024-01-30,2,flat,flat,0.29899215849500754,0.6910837063868404,0.009924135118152672
"Meta Platforms, Inc.",2024-01-29,2024-01-31,2,flat,flat,0.32286412036900086,0.6585188324332999,0.018617047197699556
"Meta Platforms, Inc.",2024-01-30,2024-02-01,2,flat,flat,0.33377519271852485,0.6477455870059521,0.018479220275523477
"Meta Platforms, Inc.",2024-01-31,2024-02-02,2,up,flat,0.27236337275433536,0.7124225820355038,0.015214045210161398
"Meta Platforms, Inc.",2024-02-01,2024-02-05,2,up,flat,0.2900188830235356,0.6463259365639015,0.06365518041256349
"Meta Platforms, Inc.",2024-02-02,2024-02-06,2,flat,flat,0.3009713630401353,0.6586621812293008,0.040366455730565104
"Meta Platforms, Inc.",2024-02-05,2024-02-07,2,flat,flat,0.33269917523075576,0.6298339815657177,0.037466843203527514
"Meta Platforms, Inc.",2024-02-06,2024-02-08,2,flat,flat,0.30396330393216514,0.6482749368292695,0.04776175923856624
"Meta Platforms, Inc.",2024-02-07,2024-02-09,2,flat,flat,0.3085880408134305,0.6449583913495285,0.046453567837042
"Meta Platforms, Inc.",2024-02-08,2024-02-12,2,flat,flat,0.33090012764609783,0.6252203866290095,0.0438794857248938
"Meta Platforms, Inc.",2024-02-09,2024-02-13,2,flat,flat,0.3154695093109323,0.6423339288389417,0.04219656185012685
"Meta Platforms, Inc.",2024-02-12,2024-02-14,2,flat,flat,0.31496322189183756,0.6581349966959668,0.026901781412196436
"Meta Platforms, Inc.",2024-02-13,2024-02-15,2,up,flat,0.28824022497078,0.6694878198866739,0.04227195514254698
"Meta Platforms, Inc.",2024-02-14,2024-02-16,2,flat,flat,0.2922956529732459,0.6605870088174792,0.047117338209275876
"Meta Platforms, Inc.",2024-02-15,2024-02-20,2,flat,flat,0.3214462530965653,0.6243106529084307,0.05424309399500469
"Meta Platforms, Inc.",2024-02-16,2024-02-21,2,flat,flat,0.35622978261511595,0.596004254269289,0.047765963115595576
"Meta Platforms, Inc.",2024-02-20,2024-02-22,2,flat,flat,0.32702887313795687,0.6092426229299075,0.06372850393213636
"Meta Platforms, Inc.",2024-02-21,2024-02-23,2,up,flat,0.33245920938388296,0.608906465984062,0.058634324632055555
"Meta Platforms, Inc.",2024-02-22,2024-02-26,2,flat,flat,0.31732187455257055,0.6050315291694311,0.07764659627799891
"Meta Platforms, Inc.",2024-02-23,2024-02-27,2,flat,flat,0.3389347065434588,0.6017772727545531,0.05928802070198864
"Meta Platforms, Inc.",2024-02-26,2024-02-28,2,flat,flat,0.35081729862128647,0.5944114216727638,0.05477127970595021
"Meta Platforms, Inc.",2024-02-27,2024-02-29,2,flat,flat,0.32631205759905785,0.5988818923740251,0.07480605002691748
"Meta Platforms, Inc.",2024-02-28,2024-03-01,2,up,flat,0.32809409191365324,0.5971039940970223,0.07480191398932474
"Meta Platforms, Inc.",2024-02-29,2024-03-04,2,up,flat,0.33362924742786965,0.5906486736713212,0.07572207890080948
"Meta Platforms, Inc.",2024-03-01,2024-03-05,2,flat,flat,0.2913694944844367,0.617998248092992,0.09063225742257185
"Meta Platforms, Inc.",2024-03-04,2024-03-06,2,flat,flat,0.36657243574158854,0.581876590707668,0.05155097355074391
"Meta Platforms, Inc.",2024-03-05,2024-03-07,2,up,flat,0.3833580510422104,0.5752067681292125,0.041435180828577514
"Meta Platforms, Inc.",2024-03-06,2024-03-08,2,up,flat,0.35382721335218564,0.5724851360633919,0.07368765058442292
"Meta Platforms, Inc.",2024-03-07,2024-03-11,2,down,flat,0.3344940768249874,0.5990735819927668,0.0664323411822463
"Meta Platforms, Inc.",2024-03-08,2024-03-12,2,down,flat,0.3873488167739152,0.5724792603875893,0.04017192283849573
"Meta Platforms, Inc.",2024-03-11,2024-03-13,2,flat,flat,0.43262012611160267,0.5107706532986567,0.056609220589740696
"Meta Platforms, Inc.",2024-03-12,2024-03-14,2,flat,flat,0.3064563806423088,0.6116855119394823,0.08185810741820937
"Meta Platforms, Inc.",2024-03-13,2024-03-15,2,flat,flat,0.3748217750385176,0.5787449147640311,0.04643331019745149
"Meta Platforms, Inc.",2024-03-14,2024-03-18,2,flat,flat,0.4129389860740841,0.5217004653087425,0.06536054861717348
"Meta Platforms, Inc.",2024-03-15,2024-03-19,2,flat,down,0.4872249489660211,0.45936525921039867,0.053409791823580216
"Meta Platforms, Inc.",2024-03-18,2024-03-20,2,flat,flat,0.33597909447047164,0.5904829858764576,0.07353791965307103
"Meta Platforms, Inc.",2024-03-19,2024-03-21,2,up,flat,0.428179060808421,0.5265883293597118,0.045232609831867235
"Meta Platforms, Inc.",2024-03-20,2024-03-22,2,flat,flat,0.31203541591991135,0.6214491509919603,0.06651543308812885
"Meta Platforms, Inc.",2024-03-21,2024-03-25,2,flat,flat,0.3038848131370806,0.6243445558696145,0.07177063099330525
"Meta Platforms, Inc.",2024-03-22,2024-03-26,2,flat,flat,0.3649647519483165,0.5743350640719072,0.060700183979776716
"Meta Platforms, Inc.",2024-03-25,2024-03-27,2,flat,flat,0.36275774067783706,0.5862711046295559,0.05097115469260746
"Meta Platforms, Inc.",2024-03-26,2024-03-28,2,flat,flat,0.3689762662988337,0.575107622070156,0.0559161116310106
"Meta Platforms, Inc.",2024-03-27,2024-04-01,2,flat,flat,0.4661338947032207,0.47850463534679294,0.055361469949986405
"Meta Platforms, Inc.",2024-03-28,2024-04-02,2,flat,down,0.47256611335911236,0.4482958820512083,0.07913800458967929
"Meta Platforms, Inc.",2024-04-01,2024-04-03,2,up,flat,0.4574798818825487,0.46747642765008635,0.07504369046736512
"Meta Platforms, Inc.",2024-04-02,2024-04-04,2,up,flat,0.4524611321718411,0.4867612282066049,0.06077763962155399
"Meta Platforms, Inc.",2024-04-03,2024-04-05,2,up,flat,0.2941837468889744,0.6456201942499407,0.06019605886108537
"Meta Platforms, Inc.",2024-04-04,2024-04-08,2,flat,flat,0.2866626192304895,0.6448279031963088,0.06850947757320204
"Meta Platforms, Inc.",2024-04-05,2024-04-09,2,flat,flat,0.2898990789202541,0.6536871568569841,0.0564137642227624
"Meta Platforms, Inc.",2024-04-08,2024-04-10,2,flat,flat,0.3170816442971362,0.6473754343616127,0.03554292134125139
"Meta Platforms, Inc.",2024-04-09,2024-04-11,2,flat,flat,0.32379311770950364,0.6474190781425085,0.02878780414798827
"Meta Platforms, Inc.",2024-04-10,2024-04-12,2,flat,flat,0.321154957596037,0.6407704237202959,0.03807461868366744
"Meta Platforms, Inc.",2024-04-11,2024-04-15,2,flat,flat,0.3067144978107811,0.6203967709994334,0.07288873118978603
"Meta Platforms, Inc.",2024-04-12,2024-04-16,2,down,flat,0.42550611919872666,0.5427426781493401,0.03175120265193357
"Meta Platforms, Inc.",2024-04-15,2024-04-17,2,flat,down,0.4870542922360412,0.45759335877544827,0.055352348988510595
"Meta Platforms, Inc.",2024-04-16,2024-04-18,2,flat,down,0.4811247913708161,0.45537333733586927,0.06350187129331468
"Meta Platforms, Inc.",2024-04-17,2024-04-19,2,flat,down,0.5074673951958864,0.41627751863885143,0.0762550861652623
"Meta Platforms, Inc.",2024-04-18,2024-04-22,2,down,flat,0.42793099790578465,0.48444626923670375,0.08762273285751146
"Meta Platforms, Inc.",2024-04-19,2024-04-23,2,flat,down,0.5384481079096869,0.4098786658097797,0.05167322628053336
"Meta Platforms, Inc.",2024-04-22,2024-04-24,2,flat,down,0.5383091896874815,0.39778680296798,0.06390400734453822
"Meta Platforms, Inc.",2024-04-23,2024-04-25,2,down,flat,0.4392035187139657,0.4701954681035581,0.09060101318247614
"Meta Platforms, Inc.",2024-04-24,2024-04-26,2,down,flat,0.37659086555457527,0.5404688968314174,0.08294023761400741
"Meta Platforms, Inc.",2024-04-25,2024-04-29,2,flat,flat,0.3281809476600852,0.5866358365980661,0.0851832157418492
"Meta Platforms, Inc.",2024-04-26,2024-04-30,2,flat,flat,0.3216174646430234,0.5538682823508242,0.12451425300615286
"Meta Platforms, Inc.",2024-04-29,2024-05-01,2,flat,flat,0.3495808280046962,0.5591708823863604,0.0912482896089437
"Meta Platforms, Inc.",2024-04-30,2024-05-02,2,flat,flat,0.37352788047098057,0.5327911210963897,0.09368099843262997
"Meta Platforms, Inc.",2024-05-01,2024-05-03,2,flat,flat,0.3775460797686462,0.5205520146449713,0.10190190558638294
"Meta Platforms, Inc.",2024-05-02,2024-05-06,2,flat,flat,0.3625892944669007,0.5565871673925744,0.08082353814052536
"Meta Platforms, Inc.",2024-05-03,2024-05-07,2,flat,flat,0.30750566366786636,0.5862865064267396,0.10620782990539425
"Meta Platforms, Inc.",2024-05-06,2024-05-08,2,flat,flat,0.2949298287067498,0.6163280497639004,0.0887421215293502
"Meta Platforms, Inc.",2024-05-07,2024-05-09,2,flat,flat,0.2981186023268363,0.6233351728985705,0.07854622477459351
"Meta Platforms, Inc.",2024-05-08,2024-05-10,2,flat,flat,0.3438099233454738,0.5913782424110079,0.06481183424351866
"Meta Platforms, Inc.",2024-05-09,2024-05-13,2,flat,flat,0.3481171605145431,0.5903754648704114,0.061507374615046045
"Meta Platforms, Inc.",2024-05-10,2024-05-14,2,flat,flat,0.38795886278067404,0.5462906002603674,0.06575053695895916
"Meta Platforms, Inc.",2024-05-13,2024-05-15,2,flat,flat,0.34453359723054516,0.5710956166880733,0.08437078608138197
"Meta Platforms, Inc.",2024-05-14,2024-05-16,2,flat,flat,0.3552642669794593,0.560711024880261,0.08402470814028021
"Meta Platforms, Inc.",2024-05-15,2024-05-17,2,flat,flat,0.3140684128464748,0.6340999421895137,0.051831644964012255
"Meta Platforms, Inc.",2024-05-16,2024-05-20,2,flat,flat,0.3523155770510893,0.5784715628725993,0.06921286007631194
"Meta Platforms, Inc.",2024-05-17,2024-05-21,2,flat,flat,0.34958583676387667,0.5639371780950573,0.08647698514106644
"Meta Platforms, Inc.",2024-05-20,2024-05-22,2,flat,flat,0.3391780468385683,0.5757659970222173,0.0850559561392149
"Meta Platforms, Inc.",2024-05-21,2024-05-23,2,flat,flat,0.33268477932129464,0.5764112400921912,0.09090398058651455
"Meta Platforms, Inc.",2024-05-22,2024-05-24,2,flat,flat,0.3867391660035288,0.49553960524393575,0.11772122875253563
"Meta Platforms, Inc.",2024-05-23,2024-05-28,2,flat,flat,0.45695452445855783,0.4754224860890567,0.06762298945238551
"Meta Platforms, Inc.",2024-05-24,2024-05-29,2,flat,flat,0.37334008692679,0.585727304325182,0.04093260874802815
"Meta Platforms, Inc.",2024-05-28,2024-05-30,2,flat,flat,0.3596106232573037,0.6065506512490246,0.03383872549367196
"Meta Platforms, Inc.",2024-05-29,2024-05-31,2,down,flat,0.38982914426271037,0.5625634912505315,0.04760736448675823
"Meta Platforms, Inc.",2024-05-30,2024-06-03,2,flat,flat,0.38304685723739806,0.56197799754093,0.05497514522167208
"Meta Platforms, Inc.",2024-05-31,2024-06-04,2,up,flat,0.4333002541603741,0.5143957235627452,0.05230402227688073
"Meta Platforms, Inc.",2024-06-03,2024-06-05,2,up,flat,0.34959613218494484,0.5926198110964743,0.05778405671858116
"Meta Platforms, Inc.",2024-06-04,2024-06-06,2,up,flat,0.39195092596468006,0.5670630180205886,0.04098605601473154
"Meta Platforms, Inc.",2024-06-05,2024-06-07,2,flat,flat,0.31293591550593275,0.6529414049836322,0.03412267951043536
"Meta Platforms, Inc.",2024-06-06,2024-06-10,2,flat,flat,0.33613115124619436,0.6337696209493683,0.03009922780443765
"Meta Platforms, Inc.",2024-06-07,2024-06-11,2,flat,flat,0.3657601062515222,0.5902722616617941,0.043967632086684
"Meta Platforms, Inc.",2024-06-10,2024-06-12,2,up,flat,0.3337765122637781,0.631822048128549,0.03440143960767321
"Meta Platforms, Inc.",2024-06-11,2024-06-13,2,flat,flat,0.3327527681117364,0.6335592089064227,0.033688022981841266
"Meta Platforms, Inc.",2024-06-12,2024-06-14,2,flat,flat,0.32612453056122737,0.6367502393728707,0.03712523006590219
Microsoft Corporation,2021-07-23,2021-07-27,2,flat,flat,0.13827016872513959,0.6638867116488636,0.19784311962599738
Microsoft Corporation,2021-07-26,2021-07-28,2,flat,flat,0.10412678538207999,0.7492668805561732,0.14660633406174706
Microsoft Corporation,2021-07-27,2021-07-29,2,flat,flat,0.15218758790201134,0.677259333236266,0.1705530788617231
Microsoft Corporation,2021-07-28,2021-07-30,2,flat,flat,0.14328489033880681,0.6365664426741886,0.22014866698700483
Microsoft Corporation,2021-07-29,2021-08-02,2,flat,flat,0.1749437235208246,0.5603938151709649,0.2646624613082112
Microsoft Corporation,2021-07-30,2021-08-03,2,flat,flat,0.19868849608700997,0.46752400055942017,0.33378750335357
Microsoft Corporation,2021-08-02,2021-08-04,2,flat,flat,0.18742160272829522,0.4109049618405327,0.4016734354311722
Microsoft Corporation,2021-08-03,2021-08-05,2,flat,up,0.14360716079542013,0.41040645569643736,0.4459863835081427
Microsoft Corporation,2021-08-04,2021-08-06,2,flat,flat,0.15375040469834803,0.4378070333974573,0.408442561904195
Microsoft Corporation,2021-08-05,2021-08-09,2,flat,flat,0.07925358759428297,0.46246609547331324,0.4582803169324037
Microsoft Corporation,2021-08-06,2021-08-10,2,flat,flat,0.09873634657952308,0.4874979917512961,0.41376566166918105
Microsoft Corporation,2021-08-09,2021-08-11,2,flat,flat,0.09215779239660143,0.5038649022374632,0.4039773053659355
Microsoft Corporation,2021-08-10,2021-08-12,2,flat,flat,0.13097609632897203,0.4828965179679095,0.38612738570311855
Microsoft Corporation,2021-08-11,2021-08-13,2,up,flat,0.13012821240816788,0.43797823949891984,0.43189354809291247
Microsoft Corporation,2021-08-12,2021-08-16,2,up,up,0.08187738508496364,0.33739529506443083,0.5807273198506051
Microsoft Corporation,2021-08-13,2021-08-17,2,flat,flat,0.1080306815067923,0.5174998674577523,0.37446945103545565
Microsoft Corporation,2021-08-16,2021-08-18,2,flat,flat,0.06844243447002119,0.5537846809721748,0.377772884557804
Microsoft Corporation,2021-08-17,2021-08-19,2,flat,flat,0.09678469719193018,0.48054552526608724,0.4226697775419826
Microsoft Corporation,2021-08-18,2021-08-20,2,up,flat,0.10493447726683326,0.4496687703648207,0.44539675236834614
Microsoft Corporation,2021-08-19,2021-08-23,2,up,up,0.07779330542516488,0.4251651534763563,0.49704154109847876
Microsoft Corporation,2021-08-20,2021-08-24,2,flat,flat,0.12961124853462405,0.5953837306779997,0.2750050207873764
Microsoft Corporation,2021-08-23,2021-08-25,2,flat,flat,0.09762797338221123,0.639152319733638,0.26321970688415086
Microsoft Corporation,2021-08-24,2021-08-26,2,flat,flat,0.07234167293813916,0.7192422504589605,0.20841607660290024
Microsoft Corporation,2021-08-25,2021-08-27,2,flat,flat,0.11308822542133719,0.6827202477712297,0.2041915268074333
Microsoft Corporation,2021-08-26,2021-08-30,2,flat,flat,0.12220014381309457,0.6667859666580577,0.21101388952884798
Microsoft Corporation,2021-08-27,2021-08-31,2,flat,flat,0.19952558450658117,0.5445004523124033,0.2559739631810159
Microsoft Corporation,2021-08-30,2021-09-01,2,flat,flat,0.156308148964626,0.5218367919200766,0.3218550591152978
Microsoft Corporation,2021-08-31,2021-09-02,2,flat,flat,0.17548520502770099,0.5482732091207165,0.2762415858515829
Microsoft Corporation,2021-09-01,2021-09-03,2,flat,flat,0.19088923357877785,0.5501980086973961,0.2589127577238265
Microsoft Corporation,2021-09-02,2021-09-07,2,flat,flat,0.1713426939153974,0.5558237880074837,0.27283351807711953
Microsoft Corporation,2021-09-03,2021-09-08,2,flat,flat,0.20104185333344218,0.4838492281914006,0.31510891847515765
Microsoft Corporation,2021-09-07,2021-09-09,2,flat,flat,0.19248635911533854,0.474705480059892,0.3328081608247698
Microsoft Corporation,2021-09-08,2021-09-10,2,flat,flat,0.20867965888899861,0.4494178914744362,0.3419024496365653
Microsoft Corporation,2021-09-09,2021-09-13,2,flat,flat,0.1972312981526645,0.4632668789857523,0.3395018228615834
Microsoft Corporation,2021-09-10,2021-09-14,2,flat,flat,0.19575638962739939,0.4841756174036491,0.32006799296895183
Microsoft Corporation,2021-09-13,2021-09-15,2,up,flat,0.19329190462606616,0.4698866121500373,0.3368214832238969
Microsoft Corporation,2021-09-14,2021-09-16,2,up,flat,0.18059263230362346,0.44588910002749976,0.373518267668877
Microsoft Corporation,2021-09-15,2021-09-17,2,flat,flat,0.1543653711016687,0.507502265915222,0.33813236298310967
Microsoft Corporation,2021-09-16,2021-09-20,2,down,flat,0.18779581139621235,0.4993006077246966,0.31290358087909115
Microsoft Corporation,2021-09-17,2021-09-21,2,down,flat,0.17613223385943552,0.5123669728397688,0.3115007933007959
Microsoft Corporation,2021-09-20,2021-09-22,2,flat,flat,0.21547443683191653,0.5135946480738174,0.2709309150942662
Microsoft Corporation,2021-09-21,2021-09-23,2,flat,flat,0.21953463848939703,0.4710118646909626,0.3094534968196405
Microsoft Corporation,2021-09-22,2021-09-24,2,flat,flat,0.24852457446344853,0.4560750048464818,0.29540042069006983
Microsoft Corporation,2021-09-23,2021-09-27,2,flat,flat,0.23021428078354528,0.4674434337544215,0.3023422854620332
Microsoft Corporation,2021-09-24,2021-09-28,2,down,flat,0.2867032669286381,0.4615718267889548,0.25172490628240707
Microsoft Corporation,2021-09-27,2021-09-29,2,down,flat,0.22891878783747457,0.5123487504364519,0.25873246172607356
Microsoft Corporation,2021-09-28,2021-09-30,2,flat,flat,0.1000762182759901,0.5818408754769875,0.31808290624702273
Microsoft Corporation,2021-09-29,2021-10-01,2,flat,flat,0.0774010044649728,0.5565784857079792,0.3660205098270481
Microsoft Corporation,2021-09-30,2021-10-04,2,flat,flat,0.079907782347722,0.5989351913802786,0.3211570262719995
Microsoft Corporation,2021-10-01,2021-10-05,2,flat,flat,0.11889912217184868,0.5763886038505227,0.3047122739776287
Microsoft Corporation,2021-10-04,2021-10-06,2,flat,flat,0.07861674046819679,0.6329887383740386,0.28839452115776487
Microsoft Corporation,2021-10-05,2021-10-07,2,up,flat,0.11130015226188018,0.6150128667594085,0.2736869809787113
Microsoft Corporation,2021-10-06,2021-10-08,2,flat,flat,0.07781534111495547,0.7215346237828885,0.20065003510215618
Microsoft Corporation,2021-10-07,2021-10-11,2,flat,flat,0.07064014979263905,0.7309775900605554,0.1983822601468058
Microsoft Corporation,2021-10-08,2021-10-12,2,flat,flat,0.06649867853029667,0.7551711897297833,0.17833013173992057
Microsoft Corporation,2021-10-11,2021-10-13,2,flat,flat,0.04705371721374386,0.7818730968260472,0.1710731859602092
Microsoft Corporation,2021-10-12,2021-10-14,2,up,flat,0.04083255985105163,0.7734782180350044,0.18568922211394415
Microsoft Corporation,2021-10-13,2021-10-15,2,up,flat,0.06280577520343343,0.7173335485005979,0.21986067629596867
Microsoft Corporation,2021-10-14,2021-10-18,2,flat,flat,0.0674989001379291,0.7364672694939499,0.19603383036812094
Microsoft Corporation,2021-10-15,2021-10-19,2,flat,flat,0.08206805209128382,0.7455435250414233,0.17238842286729297
Microsoft Corporation,2021-10-18,2021-10-20,2,flat,flat,0.07915380517432402,0.7227404266827641,0.19810576814291184
Microsoft Corporation,2021-10-19,2021-10-21,2,flat,flat,0.07072007636438739,0.7036820460087805,0.22559787762683237
Microsoft Corporation,2021-10-20,2021-10-22,2,flat,flat,0.07243083732690986,0.6913751116306679,0.23619405104242244
Microsoft Corporation,2021-10-21,2021-10-25,2,flat,flat,0.06945139816798697,0.6637461742399137,0.2668024275920996
Microsoft Corporation,2021-10-22,2021-10-26,2,flat,flat,0.08580358918455332,0.6198870536455141,0.29430935716993295
Microsoft Corporation,2021-10-25,2021-10-27,2,up,flat,0.1087952244028722,0.5918867884935755,0.2993179871035528
Microsoft Corporation,2021-10-26,2021-10-28,2,up,flat,0.08629453660775972,0.5174729956402851,0.3962324677519553
Microsoft Corporation,2021-10-27,2021-10-29,2,up,flat,0.08533808165350151,0.6724273987808617,0.24223451956563696
Microsoft Corporation,2021-10-28,2021-11-01,2,up,flat,0.07965988614739763,0.7151935592272451,0.20514655462535736
Microsoft Corporation,2021-10-29,2021-11-02,2,flat,flat,0.08047416532709104,0.7165819874124376,0.20294384726047135
Microsoft Corporation,2021-11-01,2021-11-03,2,flat,flat,0.05371677591276798,0.7895220708675375,0.15676115321969478
Microsoft Corporation,2021-11-02,2021-11-04,2,flat,flat,0.05977659124797473,0.7834256523485776,0.15679775640344798
Microsoft Corporation,2021-11-03,2021-11-05,2,flat,flat,0.08896709739350003,0.74564040938426,0.1653924932222402
Microsoft Corporation,2021-11-04,2021-11-08,2,flat,flat,0.07977191853993343,0.7531761584501183,0.16705192300994834
Microsoft Corporation,2021-11-05,2021-11-09,2,flat,flat,0.08342180845933252,0.7501651413137025,0.16641305022696518
Microsoft Corporation,2021-11-08,2021-11-10,2,flat,flat,0.08509462287320459,0.756629108943289,0.1582762681835066
Microsoft Corporation,2021-11-09,2021-11-11,2,flat,flat,0.10401628217462813,0.7476680430899313,0.14831567473544063
Microsoft Corporation,2021-11-10,2021-11-12,2,flat,flat,0.12592895829860803,0.7097058732477831,0.16436516845360924
Microsoft Corporation,2021-11-11,2021-11-15,2,flat,flat,0.13862057356473056,0.6584535823951577,0.20292584404011227
Microsoft Corporation,2021-11-12,2021-11-16,2,flat,flat,0.14208560773814516,0.6185202916572997,0.2393941006045556
Microsoft Corporation,2021-11-15,2021-11-17,2,flat,flat,0.1501946773111908,0.6143263494474821,0.23547897324132752
Microsoft Corporation,2021-11-16,2021-11-18,2,flat,flat,0.17017412446940752,0.5858957377476208,0.24393013778297193
Microsoft Corporation,2021-11-17,2021-11-19,2,flat,flat,0.15049865769569368,0.6221574767575128,0.2273438655467938
Microsoft Corporation,2021-11-18,2021-11-22,2,flat,flat,0.13642015201720395,0.6572676309752707,0.20631221700752567
Microsoft Corporation,2021-11-19,2021-11-23,2,down,flat,0.12159044263329834,0.6544145525812063,0.22399500478549586
Microsoft Corporation,2021-11-22,2021-11-24,2,down,flat,0.14118093665567583,0.6588212694095522,0.19999779393477218
Microsoft Corporation,2021-11-23,2021-11-26,2,flat,flat,0.16877929062057873,0.5946131404620413,0.23660756891738052
Microsoft Corporation,2021-11-24,2021-11-29,2,flat,flat,0.18385296188131992,0.5429178635230296,0.2732291745956509
Microsoft Corporation,2021-11-26,2021-11-30,2,flat,flat,0.1531864558803362,0.6050823514377904,0.24173119268187385
Microsoft Corporation,2021-11-29,2021-12-01,2,flat,flat,0.1615125251215453,0.5487294572825612,0.28975801759589415
Microsoft Corporation,2021-11-30,2021-12-02,2,flat,flat,0.18039449736956314,0.5240972874560452,0.2955082151743921
Microsoft Corporation,2021-12-01,2021-12-03,2,down,flat,0.23312881531980725,0.48919429006258924,0.2776768946176035
Microsoft Corporation,2021-12-02,2021-12-06,2,flat,flat,0.18736908995038284,0.5670780115224997,0.24555289852711776
Microsoft Corporation,2021-12-03,2021-12-07,2,flat,flat,0.13745047551609077,0.6023046793680085,0.2602448451159011
Microsoft Corporation,2021-12-06,2021-12-08,2,up,flat,0.14287061561408604,0.5440117300439212,0.31311765434199307
Microsoft Corporation,2021-12-07,2021-12-09,2,flat,flat,0.2649224375508208,0.4787453683839299,0.2563321940652493
Microsoft Corporation,2021-12-08,2021-12-10,2,flat,flat,0.25555014787502983,0.5233260358330838,0.2211238162918864
Microsoft Corporation,2021-12-09,2021-12-13,2,flat,flat,0.1822988016474577,0.6140544606218529,0.2036467377306895
Microsoft Corporation,2021-12-10,2021-12-14,2,down,flat,0.1397489028343607,0.6267673284848967,0.23348376868074272
Microsoft Corporation,2021-12-13,2021-12-15,2,down,flat,0.1257931964528406,0.6142916546225338,0.2599151489246257
Microsoft Corporation,2021-12-14,2021-12-16,2,flat,flat,0.17059820425472658,0.5954122416062957,0.23398955413897796
Microsoft Corporation,2021-12-15,2021-12-17,2,down,flat,0.18823553497954376,0.5566813355273817,0.2550831294930748
Microsoft Corporation,2021-12-16,2021-12-20,2,down,flat,0.16877021652629345,0.5871914567577458,0.24403832671596107
Microsoft Corporation,2021-12-17,2021-12-21,2,flat,flat,0.1108680330202022,0.6300399657743687,0.25909200120542897
Microsoft Corporation,2021-12-20,2021-12-22,2,up,flat,0.09875705781557231,0.6113377307274527,0.28990521145697506
Microsoft Corporation,2021-12-21,2021-12-23,2,up,flat,0.12305573482559388,0.6794349689088655,0.1975092962655409
Microsoft Corporation,2021-12-22,2021-12-27,2,flat,flat,0.11451054492767244,0.7081131083680602,0.17737634670426736
Microsoft Corporation,2021-12-23,2021-12-28,2,flat,flat,0.1173948377108908,0.7009020016643723,0.18170316062473715
Microsoft Corporation,2021-12-27,2021-12-29,2,flat,flat,0.11021004404845641,0.6877848082747354,0.2020051476768083
Microsoft Corporation,2021-12-28,2021-12-30,2,flat,flat,0.10980325480685675,0.6624249498133891,0.22777179537975434
Microsoft Corporation,2021-12-29,2021-12-31,2,flat,flat,0.10816596629104104,0.6878130573252977,0.2040209763836613
Microsoft Corporation,2021-12-30,2022-01-03,2,flat,flat,0.09983452868968797,0.6991019013463634,0.20106356996394875
Microsoft Corporation,2021-12-31,2022-01-04,2,flat,flat,0.13849500614511423,0.6400139641410547,0.22149102971383122
Microsoft Corporation,2022-01-03,2022-01-05,2,down,flat,0.1609298547146241,0.6130654093796463,0.22600473590572992
Microsoft Corporation,2022-01-04,2022-01-06,2,down,flat,0.13327293539374807,0.6277758181822523,0.23895124642399995
Microsoft Corporation,2022-01-05,2022-01-07,2,down,flat,0.1137981397571119,0.6448951877569725,0.24130667248591586
Microsoft Corporation,2022-01-06,2022-01-10,2,flat,flat,0.09562385397519103,0.6242938781761231,0.280082267848686
Microsoft Corporation,2022-01-07,2022-01-11,2,flat,flat,0.11326685472653499,0.6338367498372857,0.2528963954361795
Microsoft Corporation,2022-01-10,2022-01-12,2,up,flat,0.1094482501504504,0.6476479970493462,0.24290375280020363
Microsoft Corporation,2022-01-11,2022-01-13,2,flat,flat,0.12219676243279626,0.6134258829263333,0.26437735464087075
Microsoft Corporation,2022-01-12,2022-01-14,2,down,flat,0.12658724591817788,0.6727544325290455,0.20065832155277658
Microsoft Corporation,2022-01-13,2022-01-18,2,down,flat,0.0982712139858005,0.6127666065175762,0.2889621794966235
Microsoft Corporation,2022-01-14,2022-01-19,2,flat,flat,0.0776612141783545,0.6339342544866068,0.2884045313350389
Microsoft Corporation,2022-01-18,2022-01-20,2,flat,flat,0.0655117036068934,0.637488525717235,0.2969997706758719
Microsoft Corporation,2022-01-19,2022-01-21,2,flat,flat,0.09972375212699389,0.6490534632247217,0.25122278464828457
Microsoft Corporation,2022-01-20,2022-01-24,2,down,flat,0.07589021115530942,0.6279572577399267,0.29615253110476414
Microsoft Corporation,2022-01-21,2022-01-25,2,down,flat,0.07537800152378683,0.6218164039022284,0.302805594573985
Microsoft Corporation,2022-01-24,2022-01-26,2,up,flat,0.08355368489452006,0.6534587657147262,0.2629875493907538
Microsoft Corporation,2022-01-25,2022-01-27,2,up,flat,0.08160310359632426,0.6358017765065056,0.28259511989717045
Microsoft Corporation,2022-01-26,2022-01-28,2,flat,flat,0.12859211008445892,0.6425899794806008,0.2288179104349404
Microsoft Corporation,2022-01-27,2022-01-31,2,flat,flat,0.09587632478460272,0.6914039923146723,0.21271968290072504
Microsoft Corporation,2022-01-28,2022-02-01,2,flat,flat,0.08216238942090012,0.7107650825379109,0.20707252804118903
Microsoft Corporation,2022-01-31,2022-02-02,2,flat,flat,0.0669310127843567,0.7470284255624666,0.18604056165317673
Microsoft Corporation,2022-02-01,2022-02-03,2,flat,flat,0.07594675319581679,0.7654799602190485,0.15857328658513528
Microsoft Corporation,2022-02-02,2022-02-04,2,flat,flat,0.06661057249068154,0.7778412419325151,0.1555481855768036
Microsoft Corporation,2022-02-03,2022-02-07,2,flat,flat,0.07638910252428888,0.7108372651295564,0.21277363234615498
Microsoft Corporation,2022-02-04,2022-02-08,2,flat,flat,0.06990772429583753,0.6857867432046756,0.24430553249948728
Microsoft Corporation,2022-02-07,2022-02-09,2,flat,flat,0.057028360621345246,0.6703097643270749,0.2726618750515802
Microsoft Corporation,2022-02-08,2022-02-10,2,flat,flat,0.05733601326901809,0.6730437436404137,0.2696202430905684
Microsoft Corporation,2022-02-09,2022-02-11,2,down,flat,0.07421507813002702,0.7157496185421129,0.2100353033278599
Microsoft Corporation,2022-02-10,2022-02-14,2,flat,flat,0.08993073812911095,0.6734719142907499,0.23659734758013942
Microsoft Corporation,2022-02-11,2022-02-15,2,flat,flat,0.07497675994160163,0.6618632933888782,0.2631599466695204
Microsoft Corporation,2022-02-14,2022-02-16,2,flat,flat,0.0739580582703861,0.6622540826370301,0.263787859092584
Microsoft Corporation,2022-02-15,2022-02-17,2,flat,flat,0.07758992211943569,0.6953580359814634,0.227052041899101
Microsoft Corporation,2022-02-16,2022-02-18,2,flat,flat,0.0728913995483942,0.6669168743102314,0.2601917261413745
Microsoft Corporation,2022-02-17,2022-02-22,2,flat,flat,0.08956350793778299,0.6462331810808637,0.2642033109813534
Microsoft Corporation,2022-02-18,2022-02-23,2,flat,flat,0.06763308487808901,0.6324561440555804,0.2999107710663307
Microsoft Corporation,2022-02-22,2022-02-24,2,flat,flat,0.06725174098451699,0.6450199581313774,0.2877283008841059
Microsoft Corporation,2022-02-23,2022-02-25,2,up,flat,0.07194371037332399,0.662281991331502,0.2657742982951742
Microsoft Corporation,2022-02-24,2022-02-28,2,up,flat,0.06567155769628122,0.6169900558384778,0.31733838646524126
Microsoft Corporation,2022-02-25,2022-03-01,2,flat,flat,0.0939916468448755,0.7201362889188071,0.1858720642363173
Microsoft Corporation,2022-02-28,2022-03-02,2,flat,flat,0.08230720159225062,0.7250332243343219,0.19265957407342765
Microsoft Corporation,2022-03-01,2022-03-03,2,flat,flat,0.07018277384148008,0.7364324590149524,0.19338476714356784
Microsoft Corporation,2022-03-02,2022-03-04,2,flat,flat,0.07047916339378638,0.7181695693424861,0.21135126726372763
Microsoft Corporation,2022-03-03,2022-03-07,2,down,flat,0.06746260471848038,0.7425002020705956,0.1900371932109242
Microsoft Corporation,2022-03-04,2022-03-08,2,down,flat,0.0871460921653183,0.6848117051899832,0.22804220264469857
Microsoft Corporation,2022-03-07,2022-03-09,2,flat,flat,0.07908118945343803,0.6941020546355111,0.22681675591105105
Microsoft Corporation,2022-03-08,2022-03-10,2,flat,flat,0.1037135727602502,0.663645300571178,0.23264112666857184
Microsoft Corporation,2022-03-09,2022-03-11,2,flat,flat,0.1175371934733095,0.6367345482280914,0.24572825829859934
Microsoft Corporation,2022-03-10,2022-03-14,2,flat,flat,0.0843451993783721,0.6506473244410708,0.2650074761805573
Microsoft Corporation,2022-03-11,2022-03-15,2,flat,flat,0.08267162754250412,0.6821888502139261,0.23513952224356988
Microsoft Corporation,2022-03-14,2022-03-16,2,up,flat,0.06891163274760835,0.6335835902474016,0.2975047770049902
Microsoft Corporation,2022-03-15,2022-03-17,2,flat,flat,0.06329284070278207,0.7277152831120445,0.20899187618517354
Microsoft Corporation,2022-03-16,2022-03-18,2,flat,flat,0.06078338126986707,0.7494959340921364,0.18972068463799657
Microsoft Corporation,2022-03-17,2022-03-21,2,flat,flat,0.06691621679313096,0.7603543605091535,0.1727294226977158
Microsoft Corporation,2022-03-18,2022-03-22,2,flat,flat,0.058465361270920384,0.7844238721381701,0.15711076659090964
Microsoft Corporation,2022-03-21,2022-03-23,2,flat,flat,0.06882842669612627,0.762833503947775,0.1683380693560991
Microsoft Corporation,2022-03-22,2022-03-24,2,flat,flat,0.08077750618770653,0.7674886229616347,0.15173387085065904
Microsoft Corporation,2022-03-23,2022-03-25,2,flat,flat,0.07759429291433348,0.7666287792913764,0.1557769277942905
Microsoft Corporation,2022-03-24,2022-03-28,2,flat,flat,0.08995996381293354,0.7132518652395184,0.19678817094754808
Microsoft Corporation,2022-03-25,2022-03-29,2,up,flat,0.1053233252739081,0.6980806792534286,0.1965959954726635
Microsoft Corporation,2022-03-28,2022-03-30,2,flat,flat,0.10793969504249626,0.7120526496584444,0.18000765529905974
Microsoft Corporation,2022-03-29,2022-03-31,2,flat,flat,0.118564885287963,0.6965900184514969,0.18484509626054038
Microsoft Corporation,2022-03-30,2022-04-01,2,flat,flat,0.11472811588037093,0.6959715131682984,0.18930037095133087
Microsoft Corporation,2022-03-31,2022-04-04,2,flat,flat,0.1102002527171104,0.6726518687660762,0.2171478785168137
Microsoft Corporation,2022-04-01,2022-04-05,2,flat,flat,0.11994509274838934,0.6423799213393261,0.23767498591228495
Microsoft Corporation,2022-04-04,2022-04-06,2,down,flat,0.10162626001081074,0.6353844148064745,0.26298932518271506
Microsoft Corporation,2022-04-05,2022-04-07,2,down,flat,0.11638519081053639,0.6422723016444255,0.24134250754503855
Microsoft Corporation,2022-04-06,2022-04-08,2,flat,flat,0.13032697809073507,0.6489450813159098,0.22072794059335532
Microsoft Corporation,2022-04-07,2022-04-11,2,down,flat,0.11724039551506003,0.631267875223833,0.25149172926110736
Microsoft Corporation,2022-04-08,2022-04-12,2,down,flat,0.11407655105251836,0.6121020063841387,0.2738214425633433
Microsoft Corporation,2022-04-11,2022-04-13,2,flat,flat,0.11305881022856107,0.6432130954756758,0.2437280942957633
Microsoft Corporation,2022-04-12,2022-04-14,2,flat,flat,0.11698906749408247,0.5904339754116836,0.29257695709423426
Microsoft Corporation,2022-04-13,2022-04-18,2,flat,flat,0.08574211386646458,0.6174109197075844,0.29684696642595115
Microsoft Corporation,2022-04-14,2022-04-19,2,flat,flat,0.07315291729781753,0.6176981866969131,0.30914889600526957
Microsoft Corporation,2022-04-18,2022-04-20,2,up,flat,0.11155162951844105,0.5748724392999347,0.31357593118162436
Microsoft Corporation,2022-04-19,2022-04-21,2,flat,flat,0.10455028995672386,0.5996060418779529,0.2958436681653235
Microsoft Corporation,2022-04-20,2022-04-22,2,down,flat,0.1391155708220365,0.6645251209293179,0.19635930824864556
Microsoft Corporation,2022-04-21,2022-04-25,2,down,flat,0.0917550471945537,0.6630487976835957,0.24519615512185067
Microsoft Corporation,2022-04-22,2022-04-26,2,flat,flat,0.07125384671957778,0.6443186535070433,0.28442749977337906
Microsoft Corporation,2022-04-25,2022-04-27,2,flat,flat,0.07152317703359216,0.6267737348908379,0.30170308807557017
Microsoft Corporation,2022-04-26,2022-04-28,2,up,flat,0.060844373525740264,0.6108235769511245,0.32833204952313544
Microsoft Corporation,2022-04-27,2022-04-29,2,flat,flat,0.09034510579221448,0.7233796014767168,0.18627529273106877
Microsoft Corporation,2022-04-28,2022-05-02,2,flat,flat,0.0834779385498566,0.7192380099898296,0.1972840514603139
Microsoft Corporation,2022-04-29,2022-05-03,2,flat,flat,0.09394960155688507,0.7022469119597001,0.20380348648341498
Microsoft Corporation,2022-05-02,2022-05-04,2,flat,flat,0.06264225190056075,0.6924540059877874,0.24490374211165203
Microsoft Corporation,2022-05-03,2022-05-05,2,flat,flat,0.08034738967640012,0.7058159856183289,0.21383662470527118
Microsoft Corporation,2022-05-04,2022-05-06,2,down,flat,0.0693862243441377,0.6876488951450008,0.24296488051086157
Microsoft Corporation,2022-05-05,2022-05-09,2,down,flat,0.07980061849493927,0.6601878054797922,0.26001157602526875
Microsoft Corporation,2022-05-06,2022-05-10,2,flat,flat,0.06542112181104767,0.6368152594274485,0.29776361876150387
Microsoft Corporation,2022-05-09,2022-05-11,2,flat,flat,0.08955492426432896,0.6494151192218596,0.26102995651381156
Microsoft Corporation,2022-05-10,2022-05-12,2,down,flat,0.10240637070461787,0.6264702728322784,0.2711233564631039
Microsoft Corporation,2022-05-11,2022-05-13,2,flat,flat,0.09374141418663084,0.645112073194463,0.2611465126189064
Microsoft Corporation,2022-05-12,2022-05-16,2,flat,flat,0.08660223749744388,0.6451081594689846,0.2682896030335717
Microsoft Corporation,2022-05-13,2022-05-17,2,flat,flat,0.1366332975327005,0.649002381368458,0.21436432109884185
Microsoft Corporation,2022-05-16,2022-05-18,2,flat,flat,0.10541587550909372,0.6362267519951645,0.258357372495742
Microsoft Corporation,2022-05-17,2022-05-19,2,down,flat,0.10076895586652648,0.6990012646673707,0.20022977946610282
Microsoft Corporation,2022-05-18,2022-05-20,2,flat,flat,0.08696480330101186,0.6345894111556484,0.2784457855433402
Microsoft Corporation,2022-05-19,2022-05-23,2,flat,flat,0.0812514666736368,0.5991670189239946,0.3195815144023689
Microsoft Corporation,2022-05-20,2022-05-24,2,flat,flat,0.06611753268839034,0.6484891119707916,0.2853933553408185
Microsoft Corporation,2022-05-23,2022-05-25,2,flat,flat,0.11015573557210123,0.6780468450627903,0.21179741936510832
Microsoft Corporation,2022-05-24,2022-05-26,2,flat,flat,0.08296839349475241,0.6736804534208563,0.24335115308439143
Microsoft Corporation,2022-05-25,2022-05-27,2,up,flat,0.062409109512398885,0.7203001128833865,0.21729077760421459
Microsoft Corporation,2022-05-26,2022-05-31,2,flat,flat,0.06539577105092223,0.7316289994759926,0.20297522947308522
Microsoft Corporation,2022-05-27,2022-06-01,2,flat,flat,0.08866251781789,0.7415237942614344,0.16981368792067553
Microsoft Corporation,2022-05-31,2022-06-02,2,flat,flat,0.07891497308581702,0.7378831154591287,0.18320191145505443
Microsoft Corporation,2022-06-01,2022-06-03,2,flat,flat,0.06978589740169162,0.7415176663115471,0.18869643628676133
Microsoft Corporation,2022-06-02,2022-06-06,2,flat,flat,0.07064670174490102,0.7279666138245262,0.20138668443057295
Microsoft Corporation,2022-06-03,2022-06-07,2,flat,flat,0.06438977597112232,0.72983666664522,0.20577355738365802
Microsoft Corporation,2022-06-06,2022-06-08,2,flat,flat,0.06307752929070032,0.6734533937498717,0.2634690769594281
Microsoft Corporation,2022-06-07,2022-06-09,2,flat,flat,0.05311752609949534,0.6707939626989845,0.27608851120152034
Microsoft Corporation,2022-06-08,2022-06-10,2,down,flat,0.06935221198833441,0.6491736925192161,0.28147409549244956
Microsoft Corporation,2022-06-09,2022-06-13,2,down,flat,0.08601855248320897,0.6645981003106091,0.24938334720618222
Microsoft Corporation,2022-06-10,2022-06-14,2,down,flat,0.08564137906343948,0.6709073739620187,0.24345124697454218
Microsoft Corporation,2022-06-13,2022-06-15,2,flat,flat,0.09670343030692174,0.6428933372461069,0.26040323244697167
Microsoft Corporation,2022-06-14,2022-06-16,2,flat,flat,0.10000601179694125,0.6372156835015587,0.2627783047015005
Microsoft Corporation,2022-06-15,2022-06-17,2,flat,flat,0.14646743072701612,0.635957982901833,0.217574586371151
Microsoft Corporation,2022-06-16,2022-06-21,2,flat,flat,0.11038430406798941,0.6456376793193774,0.24397801661263332
Microsoft Corporation,2022-06-17,2022-06-22,2,flat,flat,0.11267518108876605,0.6498888817029251,0.2374359372083092
Microsoft Corporation,2022-06-21,2022-06-23,2,flat,flat,0.07530346093288193,0.7240819259982425,0.20061461306887587
Microsoft Corporation,2022-06-22,2022-06-24,2,up,flat,0.08551664794281581,0.7410626571319213,0.173420694925263
Microsoft Corporation,2022-06-23,2022-06-27,2,up,flat,0.07373593672601185,0.7695377563344583,0.15672630693953
Microsoft Corporation,2022-06-24,2022-06-28,2,flat,flat,0.08863725485956482,0.7608618622693355,0.15050088287109967
Microsoft Corporation,2022-06-27,2022-06-29,2,flat,flat,0.07885132612113385,0.7714349780056072,0.1497136958732591
Microsoft Corporation,2022-06-28,2022-06-30,2,flat,flat,0.058461648831768666,0.772535318465,0.1690030327032316
Microsoft Corporation,2022-06-29,2022-07-01,2,flat,flat,0.040669823806324196,0.7565007632516055,0.20282941294207038
Microsoft Corporation,2022-06-30,2022-07-05,2,flat,flat,0.05152375312106612,0.6809312425905684,0.2675450042883658
Microsoft Corporation,2022-07-01,2022-07-06,2,flat,flat,0.07051280013917643,0.684188957108408,0.24529824275241588
Microsoft Corporation,2022-07-05,2022-07-07,2,up,flat,0.07425508228070153,0.6770083985111434,0.24873651920815518
Microsoft Corporation,2022-07-06,2022-07-08,2,flat,flat,0.05907883359052209,0.769393586979798,0.1715275794296801
Microsoft Corporation,2022-07-07,2022-07-11,2,flat,flat,0.07202551002833806,0.7642231871351638,0.16375130283649814
Microsoft Corporation,2022-07-08,2022-07-12,2,flat,flat,0.07720711010381183,0.7646510439910472,0.1581418459051414
Microsoft Corporation,2022-07-11,2022-07-13,2,down,flat,0.09050541342842486,0.7246196785083867,0.1848749080631887
Microsoft Corporation,2022-07-12,2022-07-14,2,down,flat,0.09227108944553755,0.6784930395236454,0.22923587103081736
Microsoft Corporation,2022-07-13,2022-07-15,2,flat,flat,0.08528291394217151,0.6809272941153875,0.23378979194244112
Microsoft Corporation,2022-07-14,2022-07-18,2,flat,flat,0.10653040136455431,0.6565257832326097,0.23694381540283607
Microsoft Corporation,2022-07-15,2022-07-19,2,flat,flat,0.11912918578555313,0.6464532637620583,0.23441755045238882
Microsoft Corporation,2022-07-18,2022-07-20,2,flat,flat,0.07990328289689379,0.6832680048046745,0.2368287122984315
Microsoft Corporation,2022-07-19,2022-07-21,2,flat,flat,0.10209607633742132,0.6514067446369667,0.24649717902561197
Microsoft Corporation,2022-07-20,2022-07-22,2,flat,flat,0.09562775883821077,0.6984270500511335,0.2059451911106559
Microsoft Corporation,2022-07-21,2022-07-25,2,flat,flat,0.08355361610829654,0.7299478352681426,0.1864985486235611
Microsoft Corporation,2022-07-22,2022-07-26,2,down,flat,0.10416252589313615,0.6808381884285094,0.2149992856783546
Microsoft Corporation,2022-07-25,2022-07-27,2,flat,flat,0.07716326586001321,0.7234986940497151,0.19933804009027178
Microsoft Corporation,2022-07-26,2022-07-28,2,up,flat,0.07126784284922869,0.6789961737326611,0.24973598341811035
Microsoft Corporation,2022-07-27,2022-07-29,2,up,flat,0.10377320870010598,0.6787187581215071,0.21750803317838707
Microsoft Corporation,2022-07-28,2022-08-01,2,flat,flat,0.11705853196681394,0.7087429791753023,0.17419848885788383
Microsoft Corporation,2022-07-29,2022-08-02,2,flat,flat,0.10825069654985069,0.6992170060188218,0.19253229743132746
Microsoft Corporation,2022-08-01,2022-08-03,2,flat,flat,0.13017347213548242,0.6641245182383301,0.20570200962618748
Microsoft Corporation,2022-08-02,2022-08-04,2,flat,flat,0.15857241614233536,0.6221516482604144,0.21927593559725037
Microsoft Corporation,2022-08-03,2022-08-05,2,flat,flat,0.14220245044755972,0.6488945959471089,0.2089029536053316
Microsoft Corporation,2022-08-04,2022-08-08,2,flat,flat,0.10114634240384943,0.6832465592986925,0.21560709829745814
Microsoft Corporation,2022-08-05,2022-08-09,2,flat,flat,0.10376011184843095,0.6863938509397748,0.2098460372117944
Microsoft Corporation,2022-08-08,2022-08-10,2,flat,flat,0.07660424465622578,0.6719427692454001,0.2514529860983744
Microsoft Corporation,2022-08-09,2022-08-11,2,up,flat,0.1081417244716274,0.6872534163998106,0.20460485912856224
Microsoft Corporation,2022-08-10,2022-08-12,2,flat,flat,0.09341610440804507,0.7425316964369288,0.16405219915502614
Microsoft Corporation,2022-08-11,2022-08-15,2,flat,flat,0.0965400743194065,0.7628609969004403,0.14059892878015348
Microsoft Corporation,2022-08-12,2022-08-16,2,flat,flat,0.08714213598338288,0.7534052615838818,0.15945260243273565
Microsoft Corporation,2022-08-15,2022-08-17,2,flat,flat,0.1054153404926655,0.7486856316956034,0.14589902781173117
Microsoft Corporation,2022-08-16,2022-08-18,2,flat,flat,0.1137341620740156,0.7577145974327099,0.12855124049327454
Microsoft Corporation,2022-08-17,2022-08-19,2,flat,flat,0.14273508571560406,0.6998002426044074,0.157464671679989
Microsoft Corporation,2022-08-18,2022-08-22,2,down,flat,0.14944109989347243,0.673152578698766,0.17740632140776197
Microsoft Corporation,2022-08-19,2022-08-23,2,down,flat,0.18320908233505828,0.6516958884294715,0.16509502923547076
Microsoft Corporation,2022-08-22,2022-08-24,2,flat,flat,0.1337294850575546,0.6173457553516886,0.24892475959075727
Microsoft Corporation,2022-08-23,2022-08-25,2,flat,flat,0.13179483085886157,0.5966346079410263,0.27157056120011236
Microsoft Corporation,2022-08-24,2022-08-26,2,flat,flat,0.14957307848522344,0.5245529800801078,0.32587394143466886
Microsoft Corporation,2022-08-25,2022-08-29,2,down,flat,0.26218243674918607,0.3988263274169482,0.3389912358338657
Microsoft Corporation,2022-08-26,2022-08-30,2,down,flat,0.14260216706514695,0.5168347723783205,0.34056306055653257
Microsoft Corporation,2022-08-29,2022-08-31,2,flat,flat,0.1221907455585026,0.48852891125916414,0.3892803431823333
Microsoft Corporation,2022-08-30,2022-09-01,2,down,flat,0.10090445338556739,0.47977293873912497,0.41932260787530784
Microsoft Corporation,2022-08-31,2022-09-02,2,flat,flat,0.10385242401574796,0.5164178497316589,0.37972972625259316
Microsoft Corporation,2022-09-01,2022-09-06,2,flat,flat,0.09829039150700958,0.5222351185458096,0.379474489947181
Microsoft Corporation,2022-09-02,2022-09-07,2,flat,flat,0.08972159712123502,0.5637951856922513,0.346483217186514
Microsoft Corporation,2022-09-06,2022-09-08,2,flat,flat,0.07759899348026168,0.5967945242335532,0.3256064822861854
Microsoft Corporation,2022-09-07,2022-09-09,2,up,flat,0.11438750938918771,0.5724895556319344,0.31312293497887816
Microsoft Corporation,2022-09-08,2022-09-12,2,up,flat,0.12618967308278534,0.5993921492955948,0.2744181776216201
Microsoft Corporation,2022-09-09,2022-09-13,2,down,flat,0.13445809558708308,0.6713505069966333,0.19419139741628366
Microsoft Corporation,2022-09-12,2022-09-14,2,down,flat,0.09635368950873195,0.7145407281815579,0.18910558230971017
Microsoft Corporation,2022-09-13,2022-09-15,2,down,flat,0.10564068829410507,0.6076200447558285,0.2867392669500669
Microsoft Corporation,2022-09-14,2022-09-16,2,down,flat,0.07340836839222124,0.6349593626116425,0.29163226899613653
Microsoft Corporation,2022-09-15,2022-09-19,2,flat,flat,0.07242549736031947,0.6409453807630979,0.28662912187658296
Microsoft Corporation,2022-09-16,2022-09-20,2,flat,flat,0.07842499908659989,0.6521242772714476,0.26945072364195266
Microsoft Corporation,2022-09-19,2022-09-21,2,flat,flat,0.07043727181588745,0.6397785370459681,0.2897841911381448
Microsoft Corporation,2022-09-20,2022-09-22,2,flat,flat,0.05787304764878905,0.6123430946889712,0.32978385766224005
Microsoft Corporation,2022-09-21,2022-09-23,2,flat,flat,0.07899615135358741,0.6031203449790596,0.31788350366735313
Microsoft Corporation,2022-09-22,2022-09-26,2,flat,flat,0.07469560189210486,0.5382011387811338,0.3871032593267615
Microsoft Corporation,2022-09-23,2022-09-27,2,flat,flat,0.047724901523433526,0.5716671503964731,0.3806079480800939
Microsoft Corporation,2022-09-26,2022-09-28,2,flat,flat,0.028776127384221056,0.6072637840347495,0.3639600885810299
Microsoft Corporation,2022-09-27,2022-09-29,2,flat,flat,0.034322565220985146,0.6129539000072548,0.3527235347717604
Microsoft Corporation,2022-09-28,2022-09-30,2,flat,flat,0.02469932320127146,0.6150499302601041,0.3602507465386248
Microsoft Corporation,2022-09-29,2022-10-03,2,flat,flat,0.029062475495731727,0.5861408945610226,0.38479662994324604
Microsoft Corporation,2022-09-30,2022-10-04,2,up,flat,0.027521582076669042,0.5883657503694071,0.3841126675539242
Microsoft Corporation,2022-10-03,2022-10-05,2,up,flat,0.02374769738333666,0.6560681588437645,0.320184143772899
Microsoft Corporation,2022-10-04,2022-10-06,2,flat,flat,0.041045878602740844,0.7725575538866231,0.18639656751063619
Microsoft Corporation,2022-10-05,2022-10-07,2,down,flat,0.05647484430942254,0.7707575721358845,0.1727675835546934
Microsoft Corporation,2022-10-06,2022-10-10,2,down,flat,0.05483895510829849,0.7751384414042264,0.17002260348747553
Microsoft Corporation,2022-10-07,2022-10-11,2,down,flat,0.05653897765560061,0.7078170589502093,0.23564396339419022
Microsoft Corporation,2022-10-10,2022-10-12,2,flat,flat,0.045665995911798214,0.6728284717219882,0.2815055323662138
Microsoft Corporation,2022-10-11,2022-10-13,2,flat,flat,0.05551274146104502,0.7023186106689847,0.24216864786997022
Microsoft Corporation,2022-10-12,2022-10-14,2,flat,flat,0.06603277679943637,0.6870342094094594,0.24693301379110433
Microsoft Corporation,2022-10-13,2022-10-17,2,up,flat,0.09192232009330047,0.6622436800274472,0.24583399987925236
Microsoft Corporation,2022-10-14,2022-10-18,2,flat,flat,0.029778300730658534,0.7357717187265355,0.23444998054280586
Microsoft Corporation,2022-10-17,2022-10-19,2,flat,flat,0.03603114552872421,0.763101754632912,0.20086709983836354
Microsoft Corporation,2022-10-18,2022-10-20,2,flat,flat,0.03868103087094834,0.7725400518603998,0.18877891726865192
Microsoft Corporation,2022-10-19,2022-10-21,2,flat,flat,0.06966490855180679,0.7368921968037258,0.19344289464446796
Microsoft Corporation,2022-10-20,2022-10-24,2,flat,flat,0.06812315284364603,0.7534849477245866,0.17839189943176786
Microsoft Corporation,2022-10-21,2022-10-25,2,up,flat,0.0393111776856667,0.7428550703371632,0.2178337519771704
Microsoft Corporation,2022-10-24,2022-10-26,2,down,flat,0.0459834014158257,0.7719287029648771,0.18208789561929734
Microsoft Corporation,2022-10-25,2022-10-27,2,down,flat,0.04487631839382414,0.7515401438473279,0.20358353775884805
Microsoft Corporation,2022-10-26,2022-10-28,2,flat,flat,0.05618426968522058,0.7175938767859777,0.22622185352880148
Microsoft Corporation,2022-10-27,2022-10-31,2,flat,flat,0.0477935182347626,0.6790053006165526,0.27320118114868475
Microsoft Corporation,2022-10-28,2022-11-01,2,flat,flat,0.07514244995383441,0.6588923262173815,0.2659652238287843
Microsoft Corporation,2022-10-31,2022-11-02,2,flat,flat,0.06638402501960362,0.6872701015809045,0.24634587339949207
Microsoft Corporation,2022-11-01,2022-11-03,2,down,flat,0.08546179696029178,0.6990083358733189,0.21552986716638928
Microsoft Corporation,2022-11-02,2022-11-04,2,flat,flat,0.04718792777597844,0.6916155318254801,0.26119654039854157
Microsoft Corporation,2022-11-03,2022-11-07,2,flat,flat,0.05189532369096305,0.70665868244727,0.24144599386176666
Microsoft Corporation,2022-11-04,2022-11-08,2,up,flat,0.11140259514759884,0.679828256568934,0.20876914828346724
Microsoft Corporation,2022-11-07,2022-11-09,2,flat,flat,0.08358064766106392,0.6947272579471915,0.2216920943917447
Microsoft Corporation,2022-11-08,2022-11-10,2,up,flat,0.04929341698713787,0.75446913353659,0.1962374494762718
Microsoft Corporation,2022-11-09,2022-11-11,2,up,flat,0.0736793607778255,0.6863763524939229,0.23994428672825155
Microsoft Corporation,2022-11-10,2022-11-14,2,flat,flat,0.12034688096276062,0.6683361486505243,0.2113169703867153
Microsoft Corporation,2022-11-11,2022-11-15,2,flat,flat,0.12388907869390083,0.6808546246922599,0.1952562966138394
Microsoft Corporation,2022-11-14,2022-11-16,2,flat,flat,0.09808248894778941,0.709109661132679,0.19280784991953184
Microsoft Corporation,2022-11-15,2022-11-17,2,flat,flat,0.07811604825886148,0.7329695566217085,0.18891439511943017
Microsoft Corporation,2022-11-16,2022-11-18,2,flat,flat,0.09812442700732399,0.7727930425952555,0.1290825303974209
Microsoft Corporation,2022-11-17,2022-11-21,2,flat,flat,0.07660396308303413,0.7819840208047592,0.14141201611220694
Microsoft Corporation,2022-11-18,2022-11-22,2,flat,flat,0.09522547344552885,0.7241793304846158,0.1805951960698556
Microsoft Corporation,2022-11-21,2022-11-23,2,flat,flat,0.08627408256222219,0.776244579944967,0.13748133749281105
Microsoft Corporation,2022-11-22,2022-11-25,2,flat,flat,0.11942254082601858,0.7604870170410227,0.12009044213295915
Microsoft Corporation,2022-11-23,2022-11-28,2,flat,flat,0.07091985744605847,0.8167722952702827,0.11230784728365911
Microsoft Corporation,2022-11-25,2022-11-29,2,down,flat,0.06216805932996973,0.7901350667778968,0.14769687389213382
Microsoft Corporation,2022-11-28,2022-11-30,2,flat,flat,0.10279317053035283,0.7607653264912044,0.1364415029784424
Microsoft Corporation,2022-11-29,2022-12-01,2,up,flat,0.15606745845640047,0.7216079305708639,0.12232461097273566
Microsoft Corporation,2022-11-30,2022-12-02,2,flat,flat,0.09664191259134883,0.8287685143271672,0.07458957308148399
Microsoft Corporation,2022-12-01,2022-12-05,2,flat,flat,0.09109106058086291,0.7935594620825372,0.11534947733659985
Microsoft Corporation,2022-12-02,2022-12-06,2,flat,flat,0.1579465296449065,0.745024182178415,0.09702928817667854
Microsoft Corporation,2022-12-05,2022-12-07,2,down,flat,0.12983576678942013,0.7601494006094957,0.11001483260108424
Microsoft Corporation,2022-12-06,2022-12-08,2,flat,flat,0.16887701801208788,0.7170744268983067,0.11404855508960546
Microsoft Corporation,2022-12-07,2022-12-09,2,flat,flat,0.17625981983407232,0.6829614531897064,0.14077872697622162
Microsoft Corporation,2022-12-08,2022-12-12,2,flat,flat,0.12570339270075814,0.7397169604879403,0.13457964681130222
Microsoft Corporation,2022-12-09,2022-12-13,2,up,flat,0.15678677857001205,0.641347962836854,0.20186525859313403
Microsoft Corporation,2022-12-12,2022-12-14,2,up,flat,0.19889271989165422,0.6161943367465432,0.18491294336180267
Microsoft Corporation,2022-12-13,2022-12-15,2,down,flat,0.12593641972359815,0.7497788747173746,0.12428470555902735
Microsoft Corporation,2022-12-14,2022-12-16,2,down,flat,0.14856769841354822,0.7422186473237831,0.10921365426266867
Microsoft Corporation,2022-12-15,2022-12-19,2,down,flat,0.13253703517049542,0.7501976039867805,0.11726536084272439
Microsoft Corporation,2022-12-16,2022-12-20,2,flat,flat,0.16816047177699364,0.7072694268654252,0.12457010135758152
Microsoft Corporation,2022-12-19,2022-12-21,2,flat,flat,0.07550128418399074,0.7239633113813284,0.20053540443468115
Microsoft Corporation,2022-12-20,2022-12-22,2,flat,flat,0.07560798005048289,0.7545941316575552,0.16979788829196196
Microsoft Corporation,2022-12-21,2022-12-23,2,flat,flat,0.132564409855468,0.713621286641865,0.1538143035026672
Microsoft Corporation,2022-12-22,2022-12-27,2,flat,flat,0.08296612765183894,0.6911195228587138,0.2259143494894473
Microsoft Corporation,2022-12-23,2022-12-28,2,flat,flat,0.061302349204251504,0.6623113010795798,0.2763863497161686
Microsoft Corporation,2022-12-27,2022-12-29,2,flat,flat,0.08108216446886071,0.7684158295431748,0.15050200598796457
Microsoft Corporation,2022-12-28,2022-12-30,2,flat,flat,0.062234057094366274,0.734422912546205,0.2033430303594286
Microsoft Corporation,2022-12-29,2023-01-03,2,flat,flat,0.054259094365929045,0.7409949525850209,0.20474595304905005
Microsoft Corporation,2022-12-30,2023-01-04,2,down,flat,0.06573102467503897,0.657115829835939,0.2771531454890222
Microsoft Corporation,2023-01-03,2023-01-05,2,down,flat,0.028014506502091568,0.7692451416237652,0.20274035187414338
Microsoft Corporation,2023-01-04,2023-01-06,2,flat,flat,0.03553195183461254,0.6788144915502781,0.28565355661510994
Microsoft Corporation,2023-01-05,2023-01-09,2,flat,flat,0.04537935465113884,0.7257287301741833,0.2288919151746781
Microsoft Corporation,2023-01-06,2023-01-10,2,flat,flat,0.08340886170620938,0.7062051841332976,0.21038595416049308
Microsoft Corporation,2023-01-09,2023-01-11,2,flat,flat,0.08997868216779599,0.7042164161921722,0.20580490164003173
Microsoft Corporation,2023-01-10,2023-01-12,2,up,flat,0.05094243502621229,0.7110531952753273,0.23800436969846048
Microsoft Corporation,2023-01-11,2023-01-13,2,flat,flat,0.03616636031045816,0.7769208450462237,0.1869127946433182
Microsoft Corporation,2023-01-12,2023-01-17,2,flat,flat,0.03049113134929315,0.7645730942047614,0.20493577444594574
Microsoft Corporation,2023-01-13,2023-01-18,2,flat,flat,0.03548731610930736,0.7412456269768911,0.2232670569138018
Microsoft Corporation,2023-01-17,2023-01-19,2,flat,flat,0.046970669405018456,0.738248118763783,0.21478121183119886
Microsoft Corporation,2023-01-18,2023-01-20,2,flat,flat,0.05487856917804007,0.7678362065748832,0.17728522424707713
Microsoft Corporation,2023-01-19,2023-01-23,2,up,flat,0.04727067777561758,0.7230132074511607,0.22971611477322199
Microsoft Corporation,2023-01-20,2023-01-24,2,flat,flat,0.03423874748616937,0.7505097784368583,0.21525147407697218
Microsoft Corporation,2023-01-23,2023-01-25,2,flat,flat,0.023971738760439062,0.7770225606076218,0.199005700631939
Microsoft Corporation,2023-01-24,2023-01-26,2,flat,flat,0.07013388102062178,0.7758820958677417,0.15398402311163653
Microsoft Corporation,2023-01-25,2023-01-27,2,up,flat,0.06263642554533572,0.7454197114086853,0.19194386304597924
Microsoft Corporation,2023-01-26,2023-01-30,2,flat,flat,0.06655891189107899,0.7806192349808114,0.15282185312810964
Microsoft Corporation,2023-01-27,2023-01-31,2,flat,flat,0.08119369063296034,0.789195569003667,0.1296107403633731
Microsoft Corporation,2023-01-30,2023-02-01,2,up,flat,0.11757230138331423,0.7646283435510726,0.11779935506561329
Microsoft Corporation,2023-01-31,2023-02-02,2,up,flat,0.07757546225700923,0.8138291870974501,0.10859535064554099
Microsoft Corporation,2023-02-01,2023-02-03,2,up,flat,0.09444434782727203,0.7913884743177627,0.11416717785496543
Microsoft Corporation,2023-02-02,2023-02-06,2,flat,flat,0.09527039746249966,0.7830925028530773,0.12163709968442311
Microsoft Corporation,2023-02-03,2023-02-07,2,flat,flat,0.10624698996691392,0.7883026054811855,0.10545040455190112
Microsoft Corporation,2023-02-06,2023-02-08,2,up,flat,0.10816421697568382,0.7872084139093096,0.10462736911500688
Microsoft Corporation,2023-02-07,2023-02-09,2,flat,flat,0.14479899854349698,0.7700513045318101,0.0851496969246932
Microsoft Corporation,2023-02-08,2023-02-10,2,down,flat,0.14515321999078426,0.7764762916891316,0.0783704883200845
Microsoft Corporation,2023-02-09,2023-02-13,2,flat,flat,0.11672785550657974,0.7692508174061023,0.11402132708731835
Microsoft Corporation,2023-02-10,2023-02-14,2,up,flat,0.11544384103306873,0.7755082584212935,0.10904790054563819
Microsoft Corporation,2023-02-13,2023-02-15,2,flat,flat,0.13205902971524458,0.7715945991220656,0.09634637116269015
Microsoft Corporation,2023-02-14,2023-02-16,2,down,flat,0.1496089751125678,0.754823657906705,0.09556736698072706
Microsoft Corporation,2023-02-15,2023-02-17,2,down,flat,0.17517735205142937,0.7022739896721909,0.12254865827637978
Microsoft Corporation,2023-02-16,2023-02-21,2,down,flat,0.13526503631106862,0.7196744177502613,0.14506054593867024
Microsoft Corporation,2023-02-17,2023-02-22,2,flat,flat,0.12268851452214957,0.7104024961405834,0.16690898933726736
Microsoft Corporation,2023-02-21,2023-02-23,2,flat,flat,0.1325740277130545,0.6804939699809581,0.18693200230598753
Microsoft Corporation,2023-02-22,2023-02-24,2,flat,flat,0.16429651816831978,0.6353305406113828,0.20037294122029764
Microsoft Corporation,2023-02-23,2023-02-27,2,flat,flat,0.256740018997977,0.5687584785744069,0.1745015024276161
Microsoft Corporation,2023-02-24,2023-02-28,2,flat,flat,0.13007708538131385,0.6687147753096545,0.20120813930903164
Microsoft Corporation,2023-02-27,2023-03-01,2,flat,flat,0.24212647741734486,0.5572398357305157,0.20063368685213945
Microsoft Corporation,2023-02-28,2023-03-02,2,flat,flat,0.16000183705440307,0.647931859575345,0.192066303370252
Microsoft Corporation,2023-03-01,2023-03-03,2,flat,flat,0.1986164668699738,0.6441235615093437,0.15725997162068237
Microsoft Corporation,2023-03-02,2023-03-06,2,up,flat,0.17796841296146224,0.6821134401930644,0.1399181468454735
Microsoft Corporation,2023-03-03,2023-03-07,2,flat,flat,0.2550996685732917,0.6476815508651214,0.09721878056158667
Microsoft Corporation,2023-03-06,2023-03-08,2,flat,flat,0.17592991225653276,0.7252797094508351,0.09879037829263217
Microsoft Corporation,2023-03-07,2023-03-09,2,flat,flat,0.17287592354433684,0.7168398762642387,0.1102842001914247
Microsoft Corporation,2023-03-08,2023-03-10,2,flat,flat,0.17212670756664628,0.6953139123211074,0.13255938011224647
Microsoft Corporation,2023-03-09,2023-03-13,2,flat,flat,0.21394295956246265,0.6537444754709025,0.13231256496663463
Microsoft Corporation,2023-03-10,2023-03-14,2,up,flat,0.11090323876683872,0.683248114772741,0.20584864646042011
Microsoft Corporation,2023-03-13,2023-03-15,2,up,flat,0.1388834120843685,0.6474047827672027,0.21371180514842872
Microsoft Corporation,2023-03-14,2023-03-16,2,up,flat,0.13616668479664715,0.7109772384106169,0.15285607679273633
Microsoft Corporation,2023-03-15,2023-03-17,2,up,flat,0.07113853871944344,0.7484656906583964,0.18039577062216045
Microsoft Corporation,2023-03-16,2023-03-20,2,flat,flat,0.09606408796898452,0.7477593951174433,0.15617651691357246
Microsoft Corporation,2023-03-17,2023-03-21,2,flat,flat,0.167626633473949,0.6607845873466444,0.17158877917940696
Microsoft Corporation,2023-03-20,2023-03-22,2,flat,flat,0.17007470920505097,0.6333860315274165,0.19653925926753238
Microsoft Corporation,2023-03-21,2023-03-23,2,flat,flat,0.1195520813487782,0.6996971295127967,0.18075078913842513
Microsoft Corporation,2023-03-22,2023-03-24,2,flat,flat,0.12252345478985385,0.679673777300793,0.19780276790935322
Microsoft Corporation,2023-03-23,2023-03-27,2,flat,flat,0.0849516259882937,0.7466205307982452,0.16842784321346094
Microsoft Corporation,2023-03-24,2023-03-28,2,flat,flat,0.11635520418665715,0.662556389161432,0.2210884066519111
Microsoft Corporation,2023-03-27,2023-03-29,2,flat,flat,0.1079058820075809,0.7022897296353076,0.18980438835711172
Microsoft Corporation,2023-03-28,2023-03-30,2,up,flat,0.15080833173879427,0.7050458522886199,0.14414581597258594
Microsoft Corporation,2023-03-29,2023-03-31,2,flat,flat,0.10667109172997023,0.700119975054775,0.19320893321525517
Microsoft Corporation,2023-03-30,2023-04-03,2,flat,flat,0.10977086613674905,0.7389087135627712,0.15132042030047987
Microsoft Corporation,2023-03-31,2023-04-04,2,flat,flat,0.1280159202347221,0.7495998542971488,0.12238422546812912
Microsoft Corporation,2023-04-03,2023-04-05,2,flat,flat,0.13158630299063115,0.7381511571877138,0.13026253982165506
Microsoft Corporation,2023-04-04,2023-04-06,2,flat,flat,0.11001008145687212,0.7363041567679609,0.15368576177516716
Microsoft Corporation,2023-04-05,2023-04-10,2,flat,flat,0.13329444095864487,0.7260647529564436,0.1406408060849118
Microsoft Corporation,2023-04-06,2023-04-11,2,flat,flat,0.11825143931896673,0.6572195064569564,0.22452905422407743
Microsoft Corporation,2023-04-10,2023-04-12,2,flat,flat,0.10745835064822375,0.6484379080216597,0.24410374133011703
Microsoft Corporation,2023-04-11,2023-04-13,2,flat,flat,0.15771287726877495,0.6582586646057972,0.18402845812542828
Microsoft Corporation,2023-04-12,2023-04-14,2,flat,flat,0.15736033731454366,0.5868894410911938,0.25575022159426314
Microsoft Corporation,2023-04-13,2023-04-17,2,flat,flat,0.1231815692719347,0.5795907735504042,0.2972276571776616
Microsoft Corporation,2023-04-14,2023-04-18,2,flat,flat,0.15911243254495872,0.5997700409212193,0.24111752653382254
Microsoft Corporation,2023-04-17,2023-04-19,2,flat,flat,0.1516580879480686,0.5684687269887139,0.2798731850632181
Microsoft Corporation,2023-04-18,2023-04-20,2,flat,flat,0.14512401537487737,0.6039300143726237,0.25094597025249926
Microsoft Corporation,2023-04-19,2023-04-21,2,flat,flat,0.16624689240540255,0.6081781079185652,0.22557499967603256
Microsoft Corporation,2023-04-20,2023-04-24,2,flat,flat,0.16559466799923647,0.5651616059593472,0.26924372604141666
Microsoft Corporation,2023-04-21,2023-04-25,2,down,flat,0.1547402978490426,0.5623336284106314,0.28292607374032636
Microsoft Corporation,2023-04-24,2023-04-26,2,up,flat,0.14157753580635693,0.5885941801713269,0.2698282840223166
Microsoft Corporation,2023-04-25,2023-04-27,2,up,flat,0.10937907515767106,0.5955387593229434,0.29508216551938576
Microsoft Corporation,2023-04-26,2023-04-28,2,up,flat,0.1323669779766286,0.6379584323904374,0.22967458963293422
Microsoft Corporation,2023-04-27,2023-05-01,2,flat,flat,0.09402092062959716,0.6815400968008605,0.22443898256954267
Microsoft Corporation,2023-04-28,2023-05-02,2,flat,flat,0.11004358426790209,0.7250885362694304,0.1648678794626678
Microsoft Corporation,2023-05-01,2023-05-03,2,flat,flat,0.12032247393880409,0.7455816804570151,0.13409584560418114
Microsoft Corporation,2023-05-02,2023-05-04,2,flat,flat,0.14592856222713255,0.733682187402732,0.1203892503701357
Microsoft Corporation,2023-05-03,2023-05-05,2,flat,flat,0.11246110740868791,0.7486602837404238,0.1388786088508886
Microsoft Corporation,2023-05-04,2023-05-08,2,flat,flat,0.12052889099800133,0.72808582986702,0.1513852791349789
Microsoft Corporation,2023-05-05,2023-05-09,2,flat,flat,0.12396704250076947,0.6870078285012535,0.1890251289979775
Microsoft Corporation,2023-05-08,2023-05-10,2,flat,flat,0.1303192359440618,0.6989023436334157,0.17077842042252292
Microsoft Corporation,2023-05-09,2023-05-11,2,flat,flat,0.14027411443971613,0.7046037422533025,0.1551221433069819
Microsoft Corporation,2023-05-10,2023-05-12,2,flat,flat,0.11675063191040054,0.6946187503880873,0.18863061770151252
Microsoft Corporation,2023-05-11,2023-05-15,2,flat,flat,0.1322700678382096,0.712389308198383,0.1553406239634077
Microsoft Corporation,2023-05-12,2023-05-16,2,flat,flat,0.15741715575625542,0.6748474240567254,0.1677354201870197
Microsoft Corporation,2023-05-15,2023-05-17,2,flat,flat,0.13688756182010747,0.6415159058475146,0.2215965323323783
Microsoft Corporation,2023-05-16,2023-05-18,2,up,flat,0.14270966634632842,0.6085729582084938,0.24871737544517836
Microsoft Corporation,2023-05-17,2023-05-19,2,up,flat,0.1573719273850498,0.603390262442764,0.23923781017218665
Microsoft Corporation,2023-05-18,2023-05-22,2,flat,flat,0.13227660375116163,0.6787800386451269,0.18894335760371198
Microsoft Corporation,2023-05-19,2023-05-23,2,flat,flat,0.1382182504786948,0.6793117623699817,0.1824699871513239
Microsoft Corporation,2023-05-22,2023-05-24,2,down,flat,0.11551140739467143,0.7278030027293554,0.15668558987597345
Microsoft Corporation,2023-05-23,2023-05-25,2,up,flat,0.16001395348370206,0.6847215983998898,0.1552644481164087
Microsoft Corporation,2023-05-24,2023-05-26,2,up,flat,0.13578116886521838,0.6179335925680433,0.24628523856673884
Microsoft Corporation,2023-05-25,2023-05-30,2,up,flat,0.15664505877931117,0.6372662107754553,0.20608873044523385
Microsoft Corporation,2023-05-26,2023-05-31,2,flat,flat,0.10317132112578699,0.7098448614106222,0.1869838174635912
Microsoft Corporation,2023-05-30,2023-06-01,2,flat,flat,0.08896669888610788,0.7335953796552503,0.17743792145864204
Microsoft Corporation,2023-05-31,2023-06-02,2,flat,flat,0.10173585227239014,0.7759111349033263,0.12235301282428358
Microsoft Corporation,2023-06-01,2023-06-05,2,up,flat,0.11281402365142151,0.7543346020824586,0.13285137426611984
Microsoft Corporation,2023-06-02,2023-06-06,2,flat,flat,0.10024012712872818,0.7136644804214182,0.18609539244985393
Microsoft Corporation,2023-06-05,2023-06-07,2,down,flat,0.09274631879605835,0.7312665059732757,0.17598717523066607
Microsoft Corporation,2023-06-06,2023-06-08,2,down,flat,0.12621938898513357,0.7366296544715927,0.137150956543274
Microsoft Corporation,2023-06-07,2023-06-09,2,flat,flat,0.12123047249635426,0.6864308505797002,0.19233867692394604
Microsoft Corporation,2023-06-08,2023-06-12,2,flat,flat,0.1324492574922307,0.6542877967594904,0.21326294574827925
Microsoft Corporation,2023-06-09,2023-06-13,2,up,flat,0.12556934230661088,0.6036820340054819,0.27074862368790786
Microsoft Corporation,2023-06-12,2023-06-14,2,flat,flat,0.1319381180269927,0.6161960133122087,0.2518658686607991
Microsoft Corporation,2023-06-13,2023-06-15,2,up,flat,0.16182096114198444,0.6123920049112346,0.2257870339467815
Microsoft Corporation,2023-06-14,2023-06-16,2,up,flat,0.14431754889466794,0.6461773525922387,0.20950509851309385
Microsoft Corporation,2023-06-15,2023-06-20,2,flat,flat,0.12167964907046469,0.6859512019525594,0.1923691489769762
Microsoft Corporation,2023-06-16,2023-06-21,2,down,flat,0.09848013880854635,0.7515208965932891,0.14999896459816495
Microsoft Corporation,2023-06-20,2023-06-22,2,flat,flat,0.1411682409240843,0.6992204852554899,0.15961127382042611
Microsoft Corporation,2023-06-21,2023-06-23,2,flat,flat,0.13565484324101715,0.6593814088395353,0.20496374791944783
Microsoft Corporation,2023-06-22,2023-06-26,2,flat,flat,0.1422157349832466,0.5884559459394628,0.26932831907729127
Microsoft Corporation,2023-06-23,2023-06-27,2,flat,flat,0.12264760709872854,0.6483817967064021,0.2289705961948701
Microsoft Corporation,2023-06-26,2023-06-28,2,flat,flat,0.12379058953594052,0.614723886348054,0.261485524116006
Microsoft Corporation,2023-06-27,2023-06-29,2,flat,flat,0.16334308384980337,0.5262536595114231,0.310403256638774
Microsoft Corporation,2023-06-28,2023-06-30,2,flat,flat,0.16350940948550235,0.561476308833561,0.27501428168093695
Microsoft Corporation,2023-06-29,2023-07-03,2,flat,flat,0.1652643658752233,0.5869628047518634,0.24777282937291364
Microsoft Corporation,2023-06-30,2023-07-05,2,flat,flat,0.1496081526447558,0.5980190965061983,0.25237275084904615
Microsoft Corporation,2023-07-03,2023-07-06,2,flat,flat,0.11905636347154434,0.6506109130713803,0.23033272345707573
Microsoft Corporation,2023-07-05,2023-07-07,2,flat,flat,0.14382980972766882,0.6234156578362784,0.2327545324360531
Microsoft Corporation,2023-07-06,2023-07-10,2,down,flat,0.13913331387329977,0.5531788328444032,0.3076878532822974
Microsoft Corporation,2023-07-07,2023-07-11,2,down,flat,0.13849672192523352,0.6038366845666726,0.2576665935080942
Microsoft Corporation,2023-07-10,2023-07-12,2,flat,flat,0.12192657089867524,0.6578540229307032,0.22021940617062222
Microsoft Corporation,2023-07-11,2023-07-13,2,up,flat,0.12071910275230828,0.6198412364036574,0.2594396608440346
Microsoft Corporation,2023-07-12,2023-07-14,2,up,flat,0.18007111702561537,0.5428064384728143,0.2771224445015706
Microsoft Corporation,2023-07-13,2023-07-17,2,flat,flat,0.1661061324901354,0.601908720993512,0.23198514651635285
Microsoft Corporation,2023-07-14,2023-07-18,2,flat,flat,0.12521863634627933,0.6568678467311473,0.21791351692257369
Microsoft Corporation,2023-07-17,2023-07-19,2,up,flat,0.12595533961528824,0.654339228513071,0.2197054318716408
Microsoft Corporation,2023-07-18,2023-07-20,2,flat,flat,0.10564649583270308,0.6448459247424573,0.2495075794248397
Microsoft Corporation,2023-07-19,2023-07-21,2,down,flat,0.07795814219095837,0.726436481641649,0.1956053761673926
Microsoft Corporation,2023-07-20,2023-07-24,2,flat,flat,0.09167170765042514,0.7195229396815307,0.1888053526680444
Microsoft Corporation,2023-07-21,2023-07-25,2,flat,flat,0.14682115506232488,0.6497847353496573,0.20339410958801832
Microsoft Corporation,2023-07-24,2023-07-26,2,flat,flat,0.1284818102152302,0.6258248165577202,0.2456933732270502
Microsoft Corporation,2023-07-25,2023-07-27,2,down,flat,0.11931583419775399,0.5802796115769082,0.3004045542253383
Microsoft Corporation,2023-07-26,2023-07-28,2,flat,flat,0.13501556274756032,0.641422189878772,0.22356224737366792
Microsoft Corporation,2023-07-27,2023-07-31,2,flat,flat,0.1286089489691033,0.6476045928230932,0.2237864582078035
Microsoft Corporation,2023-07-28,2023-08-01,2,flat,flat,0.16503833962326722,0.5877022985451594,0.24725936183157365
Microsoft Corporation,2023-07-31,2023-08-02,2,flat,flat,0.1375197674221199,0.6050442266218049,0.2574360059560756
Microsoft Corporation,2023-08-01,2023-08-03,2,flat,flat,0.13936376782522503,0.5969338285949148,0.26370240357986025
Microsoft Corporation,2023-08-02,2023-08-04,2,flat,flat,0.09676942749101855,0.6124336332958559,0.2907969392131258
Microsoft Corporation,2023-08-03,2023-08-07,2,flat,flat,0.08638947439103656,0.604553836365116,0.3090566892438477
Microsoft Corporation,2023-08-04,2023-08-08,2,flat,flat,0.12327324022715447,0.6608627842249792,0.21586397554786654
Microsoft Corporation,2023-08-07,2023-08-09,2,flat,flat,0.09519214466823252,0.6375961917322006,0.2672116635995671
Microsoft Corporation,2023-08-08,2023-08-10,2,flat,flat,0.08853760831845676,0.579723833172689,0.3317385585088543
Microsoft Corporation,2023-08-09,2023-08-11,2,flat,flat,0.05997316790707794,0.6031827694415584,0.33684406265136396
Microsoft Corporation,2023-08-10,2023-08-14,2,flat,flat,0.07262657508562065,0.6438023888183422,0.28357103609603734
Microsoft Corporation,2023-08-11,2023-08-15,2,flat,flat,0.06154775662511221,0.5888074492185646,0.3496447941563232
Microsoft Corporation,2023-08-14,2023-08-16,2,flat,flat,0.09794764989611686,0.60280667104257,0.29924567906131316
Microsoft Corporation,2023-08-15,2023-08-17,2,flat,flat,0.08453288142888075,0.6242931446119088,0.2911739739592107
Microsoft Corporation,2023-08-16,2023-08-18,2,down,flat,0.08235341372728691,0.6167416729428808,0.3009049133298325
Microsoft Corporation,2023-08-17,2023-08-21,2,flat,flat,0.06859886841973489,0.5783493066747348,0.35305182490553044
Microsoft Corporation,2023-08-18,2023-08-22,2,up,flat,0.07725235086467681,0.5691858653479943,0.3535617837873291
Microsoft Corporation,2023-08-21,2023-08-23,2,up,flat,0.07717548076664398,0.6641718690464461,0.2586526501869099
Microsoft Corporation,2023-08-22,2023-08-24,2,flat,flat,0.09201333299857394,0.6611289849226698,0.24685768207875636
Microsoft Corporation,2023-08-23,2023-08-25,2,flat,flat,0.07861660538008822,0.6975885939809241,0.2237948006389878
Microsoft Corporation,2023-08-24,2023-08-28,2,flat,flat,0.05694479581814063,0.7219912573225613,0.22106394685929825
Microsoft Corporation,2023-08-25,2023-08-29,2,flat,flat,0.06954477793216485,0.6923266241094577,0.23812859795837774
Microsoft Corporation,2023-08-28,2023-08-30,2,flat,flat,0.05607842234044947,0.6739953411526401,0.2699262365069105
Microsoft Corporation,2023-08-29,2023-08-31,2,flat,flat,0.06432044504865646,0.6696176981774371,0.2660618567739066
Microsoft Corporation,2023-08-30,2023-09-01,2,flat,flat,0.06069308279376128,0.6948270981978727,0.244479819008366
Microsoft Corporation,2023-08-31,2023-09-05,2,flat,flat,0.06390895964509183,0.6923437278908389,0.24374731246406942
Microsoft Corporation,2023-09-01,2023-09-06,2,flat,flat,0.051728247420458597,0.7298583519959242,0.21841340058361738
Microsoft Corporation,2023-09-05,2023-09-07,2,flat,flat,0.05149215114050954,0.736075763404938,0.21243208545455258
Microsoft Corporation,2023-09-06,2023-09-08,2,flat,flat,0.0620250462474467,0.7177469921398496,0.2202279616127041
Microsoft Corporation,2023-09-07,2023-09-11,2,up,flat,0.08198281385313287,0.7093090604262801,0.20870812572058742
Microsoft Corporation,2023-09-08,2023-09-12,2,flat,flat,0.07985583966022469,0.6639562474022539,0.2561879129375217
Microsoft Corporation,2023-09-11,2023-09-13,2,flat,flat,0.07970596357553904,0.7077515657442035,0.21254247068025756
Microsoft Corporation,2023-09-12,2023-09-14,2,flat,flat,0.12823513331052347,0.6755748525045391,0.19619001418493798
Microsoft Corporation,2023-09-13,2023-09-15,2,flat,flat,0.11899659392897387,0.6768539416952247,0.20414946437580195
Microsoft Corporation,2023-09-14,2023-09-18,2,down,flat,0.10368768221816492,0.6633849814124669,0.23292733636936863
Microsoft Corporation,2023-09-15,2023-09-19,2,down,flat,0.16827735978577485,0.6159690786963806,0.21575356151784475
Microsoft Corporation,2023-09-18,2023-09-20,2,flat,flat,0.16062958915107084,0.6088528011508186,0.23051760969811075
Microsoft Corporation,2023-09-19,2023-09-21,2,down,flat,0.11585616367260793,0.6289702967115794,0.2551735396158129
Microsoft Corporation,2023-09-20,2023-09-22,2,down,flat,0.09395446692763104,0.5716947257846421,0.33435080728772726
Microsoft Corporation,2023-09-21,2023-09-25,2,flat,flat,0.08817305002988243,0.572553520171174,0.3392734297989439
Microsoft Corporation,2023-09-22,2023-09-26,2,flat,flat,0.07507435010371526,0.5979717668001254,0.3269538830961594
Microsoft Corporation,2023-09-25,2023-09-27,2,flat,flat,0.07314570247797643,0.5677733276887225,0.35908096983330123
Microsoft Corporation,2023-09-26,2023-09-28,2,flat,flat,0.07468725328601739,0.59367693973373,0.3316358069802527
Microsoft Corporation,2023-09-27,2023-09-29,2,flat,flat,0.07459156001666044,0.6094348845334238,0.31597355544991595
Microsoft Corporation,2023-09-28,2023-10-02,2,up,flat,0.07749863857096675,0.6005457038855162,0.32195565754351735
Microsoft Corporation,2023-09-29,2023-10-03,2,flat,flat,0.12324408474717449,0.6457544618590662,0.23100145339375946
Microsoft Corporation,2023-10-02,2023-10-04,2,flat,flat,0.09302995555489688,0.7029225742785838,0.2040474701665194
Microsoft Corporation,2023-10-03,2023-10-05,2,flat,flat,0.0689172104588634,0.6597482809233814,0.27133450861775543
Microsoft Corporation,2023-10-04,2023-10-06,2,flat,flat,0.07096355138170969,0.6549410095382957,0.27409543907999495
Microsoft Corporation,2023-10-05,2023-10-09,2,up,flat,0.07465548320305732,0.6623053622753586,0.26303915452158433
Microsoft Corporation,2023-10-06,2023-10-10,2,up,flat,0.07138680370642214,0.7183565561410196,0.21025664015255857
Microsoft Corporation,2023-10-09,2023-10-11,2,flat,flat,0.05725000540952818,0.7414219460011578,0.2013280485893139
Microsoft Corporation,2023-10-10,2023-10-12,2,flat,flat,0.05751726560994432,0.7499010329722061,0.19258170141784967
Microsoft Corporation,2023-10-11,2023-10-13,2,flat,flat,0.07174553444929829,0.758534259693971,0.169720205856731
Microsoft Corporation,2023-10-12,2023-10-16,2,flat,flat,0.07172369615476822,0.7507123793598608,0.17756392448537123
Microsoft Corporation,2023-10-13,2023-10-17,2,flat,flat,0.08067072172023713,0.7247356888619844,0.19459358941777866
Microsoft Corporation,2023-10-16,2023-10-18,2,flat,flat,0.0869152299400591,0.7091454677623681,0.203939302297573
Microsoft Corporation,2023-10-17,2023-10-19,2,flat,flat,0.11580368096256807,0.6876852429058835,0.196511076131549
Microsoft Corporation,2023-10-18,2023-10-20,2,flat,flat,0.13879273358253225,0.6256697712871998,0.2355374951302683
Microsoft Corporation,2023-10-19,2023-10-23,2,flat,flat,0.11291393882714897,0.5741152966151087,0.3129707645577426
Microsoft Corporation,2023-10-20,2023-10-24,2,flat,flat,0.1746377200362989,0.6119736097535892,0.21338867021011215
Microsoft Corporation,2023-10-23,2023-10-25,2,up,flat,0.1575162593586142,0.5929464054583401,0.24953733518304586
Microsoft Corporation,2023-10-24,2023-10-26,2,flat,flat,0.12227420066669342,0.5675630122296976,0.3101627871036092
Microsoft Corporation,2023-10-25,2023-10-27,2,down,flat,0.09646113820574748,0.6891036026224266,0.21443525917182615
Microsoft Corporation,2023-10-26,2023-10-30,2,flat,flat,0.15841633684474704,0.6305123483380108,0.21107131481724228
Microsoft Corporation,2023-10-27,2023-10-31,2,flat,flat,0.13542003992777263,0.6432783349663421,0.22130162510588536
Microsoft Corporation,2023-10-30,2023-11-01,2,flat,flat,0.11458892045936732,0.6559818729693003,0.22942920657133256
Microsoft Corporation,2023-10-31,2023-11-02,2,up,flat,0.10510467943573888,0.6369187327908471,0.2579765877734143
Microsoft Corporation,2023-11-01,2023-11-03,2,flat,flat,0.14664664925093562,0.6198499134268688,0.23350343732219575
Microsoft Corporation,2023-11-02,2023-11-06,2,flat,flat,0.10095091144759541,0.6840793751500653,0.21496971340233945
Microsoft Corporation,2023-11-03,2023-11-07,2,up,flat,0.08504351037001812,0.7180505493050817,0.1969059403249002
Microsoft Corporation,2023-11-06,2023-11-08,2,flat,flat,0.08308031815428706,0.7702541753736835,0.14666550647202967
Microsoft Corporation,2023-11-07,2023-11-09,2,flat,flat,0.07604376580676141,0.781411549831391,0.14254468436184775
Microsoft Corporation,2023-11-08,2023-11-10,2,flat,flat,0.061328812959644416,0.8140388240817541,0.12463236295860186
Microsoft Corporation,2023-11-09,2023-11-13,2,flat,flat,0.08815400751241731,0.7875716718789054,0.12427432060867728
Microsoft Corporation,2023-11-10,2023-11-14,2,flat,flat,0.09813211138855837,0.7506086378727781,0.15125925073866361
Microsoft Corporation,2023-11-13,2023-11-15,2,flat,flat,0.0921124470443962,0.7569233142818262,0.15096423867377773
Microsoft Corporation,2023-11-14,2023-11-16,2,flat,flat,0.0943732316828681,0.765009542377968,0.14061722593916381
Microsoft Corporation,2023-11-15,2023-11-17,2,flat,flat,0.08296372797792763,0.775856562740266,0.14117970928180645
Microsoft Corporation,2023-11-16,2023-11-20,2,flat,flat,0.0726207234691567,0.7659124401514436,0.16146683637940001
Microsoft Corporation,2023-11-17,2023-11-21,2,flat,flat,0.08351830861723566,0.7824806337051927,0.1340010576775718
Microsoft Corporation,2023-11-20,2023-11-22,2,flat,flat,0.10097613402755655,0.7433506658677049,0.15567320010473867
Microsoft Corporation,2023-11-21,2023-11-24,2,flat,flat,0.09405577725950548,0.7584671203786705,0.1474771023618242
Microsoft Corporation,2023-11-22,2023-11-27,2,flat,flat,0.10173736300497463,0.7311824396369113,0.16708019735811427
Microsoft Corporation,2023-11-24,2023-11-28,2,flat,flat,0.04788473807543045,0.7815933042473986,0.17052195767717118
Microsoft Corporation,2023-11-27,2023-11-29,2,flat,flat,0.04052756342964483,0.7446700292013023,0.2148024073690531
Microsoft Corporation,2023-11-28,2023-11-30,2,flat,flat,0.059171101564160215,0.7235369062736053,0.21729199216223463
Microsoft Corporation,2023-11-29,2023-12-01,2,flat,flat,0.06680450244113635,0.7436463310627258,0.1895491664961379
Microsoft Corporation,2023-11-30,2023-12-04,2,down,flat,0.07058133817924907,0.6851757784003643,0.244242883420387
Microsoft Corporation,2023-12-01,2023-12-05,2,flat,flat,0.07006251961149541,0.6263304518381182,0.3036070285503868
Microsoft Corporation,2023-12-04,2023-12-06,2,flat,flat,0.1372571606111322,0.629816236251404,0.23292660313746424
Microsoft Corporation,2023-12-05,2023-12-07,2,flat,flat,0.1877347449755354,0.5398484896839879,0.2724167653404772
Microsoft Corporation,2023-12-06,2023-12-08,2,flat,flat,0.18731257422352485,0.518975716651267,0.29371170912520855
Microsoft Corporation,2023-12-07,2023-12-11,2,flat,flat,0.17034623198546392,0.5623402312636838,0.26731353675085284
Microsoft Corporation,2023-12-08,2023-12-12,2,flat,flat,0.19726228255877792,0.492025929808085,0.3107117876331373
Microsoft Corporation,2023-12-11,2023-12-13,2,flat,flat,0.1843120242044468,0.5549920420665658,0.2606959337289874
Microsoft Corporation,2023-12-12,2023-12-14,2,flat,flat,0.2216068835601632,0.494752610736473,0.2836405057033641
Microsoft Corporation,2023-12-13,2023-12-15,2,flat,flat,0.20586209839220493,0.5006988360639237,0.29343906554387156
Microsoft Corporation,2023-12-14,2023-12-18,2,flat,flat,0.2099029767269759,0.5584910795785359,0.23160594369448828
Microsoft Corporation,2023-12-15,2023-12-19,2,flat,flat,0.27221372689987594,0.46666144364122003,0.2611248294589039
Microsoft Corporation,2023-12-18,2023-12-20,2,flat,flat,0.25046174705266133,0.444739296003415,0.30479895694392384
Microsoft Corporation,2023-12-19,2023-12-21,2,flat,flat,0.21657452095373947,0.4669875178958646,0.3164379611503962
Microsoft Corporation,2023-12-20,2023-12-22,2,flat,flat,0.1731115648561551,0.4974829843239488,0.3294054508198963
Microsoft Corporation,2023-12-21,2023-12-26,2,flat,flat,0.18277965837496743,0.5380823939908891,0.2791379476341437
Microsoft Corporation,2023-12-22,2023-12-27,2,flat,flat,0.14026165819753206,0.48963183138844657,0.37010651041402154
Microsoft Corporation,2023-12-26,2023-12-28,2,flat,flat,0.16538745214277126,0.4680713121148146,0.3665412357424143
Microsoft Corporation,2023-12-27,2023-12-29,2,flat,flat,0.19827276833831448,0.4977042895163404,0.3040229421453453
Microsoft Corporation,2023-12-28,2024-01-02,2,flat,up,0.1662812384640946,0.41295011365271117,0.4207686478831944
Microsoft Corporation,2023-12-29,2024-01-03,2,down,flat,0.18596723824420938,0.45621519240682185,0.35781756934896897
Microsoft Corporation,2024-01-02,2024-01-04,2,flat,flat,0.24540690466872112,0.4552310203133132,0.29936207501796575
Microsoft Corporation,2024-01-03,2024-01-05,2,flat,flat,0.15965774542841127,0.4610423946612783,0.3792998599103106
Microsoft Corporation,2024-01-04,2024-01-08,2,flat,flat,0.1741030073047077,0.4534774079929996,0.3724195847022927
Microsoft Corporation,2024-01-05,2024-01-09,2,up,flat,0.1232307497163354,0.4790368996375834,0.39773235064608137
Microsoft Corporation,2024-01-08,2024-01-10,2,up,flat,0.14915711071440538,0.4401184399779684,0.41072444930762636
Microsoft Corporation,2024-01-09,2024-01-11,2,up,up,0.15921724499762394,0.4151755603738334,0.4256071946285428
Microsoft Corporation,2024-01-10,2024-01-12,2,up,flat,0.08434448142731936,0.5960643459939575,0.3195911725787234
Microsoft Corporation,2024-01-11,2024-01-16,2,up,flat,0.0787434237871313,0.6283021094856016,0.2929544667272672
Microsoft Corporation,2024-01-12,2024-01-17,2,flat,flat,0.05705615771309573,0.6786123435293284,0.2643314987575759
Microsoft Corporation,2024-01-16,2024-01-18,2,flat,flat,0.043850553266504874,0.7654732606184043,0.19067618611509118
Microsoft Corporation,2024-01-17,2024-01-19,2,up,flat,0.06978368632295567,0.6163660043208944,0.31385030935614994
Microsoft Corporation,2024-01-18,2024-01-22,2,flat,flat,0.0598050891982424,0.7103904110817559,0.2298044997200017
Microsoft Corporation,2024-01-19,2024-01-23,2,flat,flat,0.06656227395014354,0.7427710948766325,0.1906666311732241
Microsoft Corporation,2024-01-22,2024-01-24,2,flat,flat,0.057449903251976214,0.778476748250904,0.1640733484971199
Microsoft Corporation,2024-01-23,2024-01-25,2,up,flat,0.08087638422509333,0.7389878160115089,0.18013579976339802
Microsoft Corporation,2024-01-24,2024-01-26,2,flat,flat,0.08367655760233962,0.7576981810036765,0.15862526139398395
Microsoft Corporation,2024-01-25,2024-01-29,2,flat,flat,0.0866456983401766,0.7463121508600149,0.1670421507998087
Microsoft Corporation,2024-01-26,2024-01-30,2,flat,flat,0.08194951524608436,0.7683356456681593,0.14971483908575642
Microsoft Corporation,2024-01-29,2024-01-31,2,flat,flat,0.08409389352371688,0.753206519222705,0.16269958725357822
Microsoft Corporation,2024-01-30,2024-02-01,2,down,flat,0.08111932650257928,0.750570704137707,0.16830996935971376
Microsoft Corporation,2024-01-31,2024-02-02,2,flat,flat,0.12937044843772946,0.7208038524007182,0.14982569916155256
Microsoft Corporation,2024-02-01,2024-02-05,2,flat,flat,0.145339250424035,0.6667536182238297,0.18790713135213596
Microsoft Corporation,2024-02-02,2024-02-06,2,flat,flat,0.09681214338174103,0.6618918486231093,0.24129600799515
Microsoft Corporation,2024-02-05,2024-02-07,2,flat,flat,0.13663094632500736,0.7031717635988166,0.16019729007617645
Microsoft Corporation,2024-02-06,2024-02-08,2,up,flat,0.16253712533967726,0.6144665372656767,0.22299633739464678
Microsoft Corporation,2024-02-07,2024-02-09,2,flat,flat,0.12713536660945915,0.6567536964654848,0.21611093692505648
Microsoft Corporation,2024-02-08,2024-02-12,2,flat,flat,0.12804935368790996,0.6868288331242023,0.18512181318788784
Microsoft Corporation,2024-02-09,2024-02-13,2,down,flat,0.08238088176249071,0.7573170192590283,0.16030209897848105
Microsoft Corporation,2024-02-12,2024-02-14,2,down,flat,0.09275973569045248,0.7717816212048697,0.13545864310467803
Microsoft Corporation,2024-02-13,2024-02-15,2,flat,flat,0.13225141337266302,0.6910556314205673,0.17669295520677
Microsoft Corporation,2024-02-14,2024-02-16,2,flat,flat,0.13042422788688207,0.5802672580057269,0.28930851410739167
Microsoft Corporation,2024-02-15,2024-02-20,2,flat,flat,0.12203932048759894,0.648923705078889,0.22903697443351245
Microsoft Corporation,2024-02-16,2024-02-21,2,flat,flat,0.12760405285170054,0.5881435053039752,0.28425244184432485
Microsoft Corporation,2024-02-20,2024-02-22,2,up,flat,0.13694130149907038,0.594818142580179,0.26824055592075113
Microsoft Corporation,2024-02-21,2024-02-23,2,up,flat,0.17355649898479847,0.5514112626847602,0.27503223833044177
Microsoft Corporation,2024-02-22,2024-02-26,2,flat,flat,0.22241967338843238,0.5237564909865622,0.25382383562500577
Microsoft Corporation,2024-02-23,2024-02-27,2,flat,flat,0.1527648713293443,0.5920064879994924,0.2552286406711635
Microsoft Corporation,2024-02-26,2024-02-28,2,flat,flat,0.15315924369435815,0.6433029362347145,0.2035378200709278
Microsoft Corporation,2024-02-27,2024-02-29,2,flat,flat,0.13111313460901936,0.6202487274956675,0.2486381378953133
Microsoft Corporation,2024-02-28,2024-03-01,2,flat,flat,0.14152593046673062,0.5699978260875872,0.2884762434456825
Microsoft Corporation,2024-02-29,2024-03-04,2,flat,flat,0.16560161428830344,0.5489259071817477,0.28547247852994917
Microsoft Corporation,2024-03-01,2024-03-05,2,flat,flat,0.17414744922685002,0.5591072537293196,0.26674529704383065
Microsoft Corporation,2024-03-04,2024-03-06,2,down,flat,0.14975514011482383,0.5414730312498865,0.30877182863528974
Microsoft Corporation,2024-03-05,2024-03-07,2,flat,flat,0.17174606931789718,0.597495289089365,0.2307586415927382
Microsoft Corporation,2024-03-06,2024-03-08,2,flat,flat,0.15707646402559095,0.6108732018509617,0.23205033412344758
Microsoft Corporation,2024-03-07,2024-03-11,2,flat,flat,0.17803108998162764,0.577301309902077,0.2446676001162957
Microsoft Corporation,2024-03-08,2024-03-12,2,flat,flat,0.1690636299962311,0.5866556593635617,0.24428071064020743
Microsoft Corporation,2024-03-11,2024-03-13,2,up,flat,0.1581117539449788,0.6072611031423565,0.23462714291266512
Microsoft Corporation,2024-03-12,2024-03-14,2,up,flat,0.16809473694631089,0.5608806454614595,0.27102461759222984
Microsoft Corporation,2024-03-13,2024-03-15,2,flat,flat,0.13509390159661644,0.6293693686490459,0.23553672975433762
Microsoft Corporation,2024-03-14,2024-03-18,2,flat,flat,0.11732616798226381,0.6376635411038296,0.24501029091390675
Microsoft Corporation,2024-03-15,2024-03-19,2,flat,flat,0.11702104163849686,0.6618922990993756,0.22108665926212762
Microsoft Corporation,2024-03-18,2024-03-20,2,flat,flat,0.11499952053139262,0.6616771084917373,0.2233233709768701
Microsoft Corporation,2024-03-19,2024-03-21,2,up,flat,0.13415482504653334,0.5845827246581299,0.28126245029533686
Microsoft Corporation,2024-03-20,2024-03-22,2,flat,flat,0.10980517112891,0.622930188394255,0.2672646404768351
Microsoft Corporation,2024-03-21,2024-03-25,2,flat,flat,0.09095683152939951,0.6859739682860208,0.22306920018457987
Microsoft Corporation,2024-03-22,2024-03-26,2,flat,flat,0.07362587756023592,0.7292525849894942,0.1971215374502699
Microsoft Corporation,2024-03-25,2024-03-27,2,flat,flat,0.10746217728616662,0.6726971495875786,0.21984067312625505
Microsoft Corporation,2024-03-26,2024-03-28,2,flat,flat,0.11633309440516416,0.6388304004695489,0.2448365051252874
Microsoft Corporation,2024-03-27,2024-04-01,2,flat,flat,0.12376636744941512,0.6381301808969357,0.23810345165364943
Microsoft Corporation,2024-03-28,2024-04-02,2,flat,flat,0.09272030662299972,0.6190486064060472,0.2882310869709535
Microsoft Corporation,2024-04-01,2024-04-03,2,flat,flat,0.1242903502070696,0.5674357925876483,0.30827385720528244
Microsoft Corporation,2024-04-02,2024-04-04,2,flat,flat,0.1575316493248042,0.5778847057731162,0.26458364490207986
Microsoft Corporation,2024-04-03,2024-04-05,2,flat,flat,0.17032229771843188,0.5605014697778575,0.26917623250371087
Microsoft Corporation,2024-04-04,2024-04-08,2,flat,flat,0.16952937875692445,0.4905624390132632,0.3399081822298126
Microsoft Corporation,2024-04-05,2024-04-09,2,flat,flat,0.18876904895472182,0.5358619437351745,0.27536900731010383
Microsoft Corporation,2024-04-08,2024-04-10,2,flat,flat,0.1634447353660826,0.5220739859563657,0.3144812786775521
Microsoft Corporation,2024-04-09,2024-04-11,2,flat,flat,0.15777005882465947,0.5479773356214589,0.29425260555388183
Microsoft Corporation,2024-04-10,2024-04-12,2,flat,flat,0.19274684967613184,0.5533223099649035,0.25393084035896485
Microsoft Corporation,2024-04-11,2024-04-15,2,down,flat,0.14712825917672445,0.5276304217129028,0.32524131911037313
Microsoft Corporation,2024-04-12,2024-04-16,2,down,flat,0.1823271377855702,0.5440530163060674,0.2736198459083625
Microsoft Corporation,2024-04-15,2024-04-17,2,flat,flat,0.1984713923660859,0.49112811760220476,0.31040049003170933
Microsoft Corporation,2024-04-16,2024-04-18,2,down,flat,0.16005775422741952,0.5799329149991016,0.2600093307734792
Microsoft Corporation,2024-04-17,2024-04-19,2,down,flat,0.15209352556703357,0.5499555764846986,0.2979508979482681
Microsoft Corporation,2024-04-18,2024-04-22,2,down,flat,0.13104413505318427,0.5475185326064999,0.32143733234031613
Microsoft Corporation,2024-04-19,2024-04-23,2,flat,flat,0.11599557575734382,0.567733112363842,0.31627131187881447
Microsoft Corporation,2024-04-22,2024-04-24,2,up,flat,0.08675303194941204,0.6058505904260546,0.30739637762453365
Microsoft Corporation,2024-04-23,2024-04-25,2,down,flat,0.1479271982131578,0.5999784438490695,0.25209435793777274
Microsoft Corporation,2024-04-24,2024-04-26,2,flat,flat,0.15345083607496676,0.6449420537149071,0.20160711021012628
Microsoft Corporation,2024-04-25,2024-04-29,2,flat,flat,0.06847338749640637,0.6250081314844984,0.30651848101909546
Microsoft Corporation,2024-04-26,2024-04-30,2,down,flat,0.13623219187249216,0.6566620140195003,0.2071057941080075
Microsoft Corporation,2024-04-29,2024-05-01,2,flat,flat,0.09233004071722872,0.6454614489393297,0.26220851034344184
Microsoft Corporation,2024-04-30,2024-05-02,2,flat,flat,0.08557547701107779,0.6153714680595942,0.29905305492932827
Microsoft Corporation,2024-05-01,2024-05-03,2,flat,flat,0.06781734408683247,0.6489382345028899,0.28324442141027784
Microsoft Corporation,2024-05-02,2024-05-06,2,up,flat,0.11521534082592781,0.6416943022961962,0.243090356877876
Microsoft Corporation,2024-05-03,2024-05-07,2,flat,flat,0.07227978785486355,0.7313627867464946,0.19635742539864176
Microsoft Corporation,2024-05-06,2024-05-08,2,flat,flat,0.07131921254037941,0.7559519005515348,0.172728886908086
Microsoft Corporation,2024-05-07,2024-05-09,2,flat,flat,0.05710640134954239,0.7690540178468757,0.1738395808035823
Microsoft Corporation,2024-05-08,2024-05-10,2,flat,flat,0.0634450643743688,0.7767757232935188,0.1597792123321127
Microsoft Corporation,2024-05-09,2024-05-13,2,flat,flat,0.07549921332373118,0.7308724860235258,0.1936283006527432
Microsoft Corporation,2024-05-10,2024-05-14,2,flat,flat,0.06490621010592144,0.7357158911970625,0.19937789869701622
Microsoft Corporation,2024-05-13,2024-05-15,2,flat,flat,0.06593910778693572,0.7280455552402139,0.2060153369728505
Microsoft Corporation,2024-05-14,2024-05-16,2,flat,flat,0.06647194357966124,0.7369963861246314,0.1965316702957078
Microsoft Corporation,2024-05-15,2024-05-17,2,flat,flat,0.09745073693406966,0.7044786016215179,0.19807066144441263
Microsoft Corporation,2024-05-16,2024-05-20,2,flat,flat,0.10138298319731279,0.6916968947496707,0.20692012205301671
Microsoft Corporation,2024-05-17,2024-05-21,2,up,flat,0.09012194521999055,0.7159942156940818,0.1938838390859279
Microsoft Corporation,2024-05-20,2024-05-22,2,up,flat,0.1009603984537328,0.6897146297219895,0.20932497182427806
Microsoft Corporation,2024-05-21,2024-05-23,2,flat,flat,0.08947842368966848,0.7006781243173067,0.20984345199302495
Microsoft Corporation,2024-05-22,2024-05-24,2,flat,flat,0.09636782041892632,0.6716338332704219,0.23199834631065205
Microsoft Corporation,2024-05-23,2024-05-28,2,flat,flat,0.07375525881775637,0.6549951373748388,0.271249603807405
Microsoft Corporation,2024-05-24,2024-05-29,2,flat,flat,0.10165099173170519,0.6186706091530287,0.2796783991152664
Microsoft Corporation,2024-05-28,2024-05-30,2,down,flat,0.1088514054331358,0.5725537320860696,0.3185948624807948
Microsoft Corporation,2024-05-29,2024-05-31,2,down,flat,0.10899960853881702,0.5719956801126996,0.31900471134848357
Microsoft Corporation,2024-05-30,2024-06-03,2,flat,flat,0.14820907199431052,0.6128272856245708,0.23896364238111897
Microsoft Corporation,2024-05-31,2024-06-04,2,flat,flat,0.12620406520890753,0.601048226469164,0.2727477083219287
Microsoft Corporation,2024-06-03,2024-06-05,2,flat,flat,0.16472498536937863,0.5820221445482283,0.2532528700823933
Microsoft Corporation,2024-06-04,2024-06-06,2,up,flat,0.18334979697981807,0.5416393715747787,0.2750108314454034
Microsoft Corporation,2024-06-05,2024-06-07,2,flat,flat,0.2266369995458535,0.532709106141416,0.24065389431273054
Microsoft Corporation,2024-06-06,2024-06-10,2,flat,flat,0.17119434497315378,0.5673486872823584,0.2614569677444879
Microsoft Corporation,2024-06-07,2024-06-11,2,flat,flat,0.13693693350260597,0.6296546657840385,0.2334084007133557
Microsoft Corporation,2024-06-10,2024-06-12,2,up,flat,0.12469614254236841,0.6176182625261359,0.25768559493149557
Microsoft Corporation,2024-06-11,2024-06-13,2,up,flat,0.10705168929610975,0.631306786863092,0.26164152384079836
Microsoft Corporation,2024-06-12,2024-06-14,2,flat,flat,0.07919071069827374,0.6830993943181995,0.2377098949835269
NVIDIA Corporation,2021-07-22,2021-07-26,2,flat,flat,0.18670780825922265,0.6126787829240049,0.2006134088167724
NVIDIA Corporation,2021-07-23,2021-07-27,2,flat,flat,0.25304591069596827,0.48986246011556,0.257091629188472
NVIDIA Corporation,2021-07-26,2021-07-28,2,flat,flat,0.26989464064810986,0.4321929406032694,0.29791241874862073
NVIDIA Corporation,2021-07-27,2021-07-29,2,flat,flat,0.2679537100481329,0.4432861278764851,0.288760162075382
NVIDIA Corporation,2021-07-28,2021-07-30,2,flat,flat,0.24648686989675966,0.5043458441808729,0.2491672859223677
NVIDIA Corporation,2021-07-29,2021-08-02,2,flat,flat,0.2882141948866937,0.49758523515447645,0.2142005699588298
NVIDIA Corporation,2021-07-30,2021-08-03,2,flat,flat,0.34986004453849345,0.4292133736668515,0.22092658179465516
NVIDIA Corporation,2021-08-02,2021-08-04,2,flat,flat,0.2680543506566455,0.49937119448795625,0.23257445485539857
NVIDIA Corporation,2021-08-03,2021-08-05,2,up,flat,0.2796860827766462,0.48701601730717675,0.2332978999161772
NVIDIA Corporation,2021-08-04,2021-08-06,2,flat,flat,0.18244174788870296,0.537017174540761,0.28054107757053637
NVIDIA Corporation,2021-08-05,2021-08-09,2,flat,flat,0.23657654543862916,0.45683998820911226,0.30658346635225847
NVIDIA Corporation,2021-08-06,2021-08-10,2,flat,flat,0.3714676086604852,0.38902995349862834,0.23950243784088632
NVIDIA Corporation,2021-08-09,2021-08-11,2,flat,down,0.4615023482466533,0.3256904165335348,0.2128072352198121
NVIDIA Corporation,2021-08-10,2021-08-12,2,flat,flat,0.3938523339230563,0.4148581727661487,0.19128949331079492
NVIDIA Corporation,2021-08-11,2021-08-13,2,flat,flat,0.3493432993504467,0.493922526448873,0.1567341742006805
NVIDIA Corporation,2021-08-12,2021-08-16,2,flat,flat,0.26731745942723045,0.5445104497614967,0.18817209081127279
NVIDIA Corporation,2021-08-13,2021-08-17,2,flat,flat,0.38509583020936694,0.46502831856592586,0.14987585122470704
NVIDIA Corporation,2021-08-16,2021-08-18,2,down,down,0.47409250938218556,0.36357766714452344,0.16232982347329097
NVIDIA Corporation,2021-08-17,2021-08-19,2,flat,down,0.425644720656131,0.39069057954625264,0.1836646997976163
NVIDIA Corporation,2021-08-18,2021-08-20,2,up,flat,0.38722102598092895,0.40097828594250196,0.211800688076569
NVIDIA Corporation,2021-08-19,2021-08-23,2,up,flat,0.3048731474751708,0.4778675064432489,0.2172593460815801
NVIDIA Corporation,2021-08-20,2021-08-24,2,up,flat,0.21500330907273502,0.5213477486763348,0.26364894225092994
NVIDIA Corporation,2021-08-23,2021-08-25,2,flat,flat,0.2879982376068926,0.47431125340422237,0.23769050898888505
NVIDIA Corporation,2021-08-24,2021-08-26,2,flat,flat,0.4063950996428601,0.46835517968430834,0.1252497206728317
NVIDIA Corporation,2021-08-25,2021-08-27,2,flat,flat,0.42466963693444826,0.4492462416034276,0.12608412146212414
NVIDIA Corporation,2021-08-26,2021-08-30,2,flat,down,0.49085596751999105,0.385006609986227,0.12413742249378196
NVIDIA Corporation,2021-08-27,2021-08-31,2,flat,flat,0.40752613248217345,0.4454760404931338,0.14699782702469294
NVIDIA Corporation,2021-08-30,2021-09-01,2,flat,flat,0.4388002713865892,0.46281516478982004,0.09838456382359079
NVIDIA Corporation,2021-08-31,2021-09-02,2,flat,down,0.4893543633263214,0.30173956611906927,0.2089060705546093
NVIDIA Corporation,2021-09-01,2021-09-03,2,flat,down,0.499189000412297,0.32280554731968386,0.1780054522680191
NVIDIA Corporation,2021-09-02,2021-09-07,2,flat,down,0.4912929462471224,0.3280139583213777,0.18069309543149983
NVIDIA Corporation,2021-09-03,2021-09-08,2,flat,down,0.517658250435308,0.3281183013988357,0.15422344816585606
NVIDIA Corporation,2021-09-07,2021-09-09,2,flat,down,0.5226606363816719,0.3353139250894471,0.14202543852888075
NVIDIA Corporation,2021-09-08,2021-09-10,2,flat,down,0.544594153884289,0.3138021620205783,0.14160368409513255
NVIDIA Corporation,2021-09-09,2021-09-13,2,flat,down,0.5444781387843068,0.30666291314814553,0.14885894806754776
NVIDIA Corporation,2021-09-10,2021-09-14,2,flat,down,0.49212621662320866,0.3830743511933364,0.12479943218345468
NVIDIA Corporation,2021-09-13,2021-09-15,2,flat,down,0.5955406468294879,0.2857172725091407,0.11874208066137136
NVIDIA Corporation,2021-09-14,2021-09-16,2,flat,down,0.6308266336696922,0.2333499445632422,0.1358234217670656
NVIDIA Corporation,2021-09-15,2021-09-17,2,flat,down,0.5723791639374995,0.3081041310089241,0.1195167050535763
NVIDIA Corporation,2021-09-16,2021-09-20,2,down,down,0.5834558714614836,0.27144186016978233,0.14510226836873388
NVIDIA Corporation,2021-09-17,2021-09-21,2,down,down,0.6151402908910796,0.24099093882685685,0.14386877028206344
NVIDIA Corporation,2021-09-20,2021-09-22,2,flat,down,0.4365474257203151,0.34013830546825546,0.22331426881142932
NVIDIA Corporation,2021-09-21,2021-09-23,2,up,down,0.40313810793284316,0.3354578575845343,0.2614040344826225
NVIDIA Corporation,2021-09-22,2021-09-24,2,flat,down,0.46678112205487593,0.3347732705288519,0.19844560741627223
NVIDIA Corporation,2021-09-23,2021-09-27,2,down,down,0.41270419603320974,0.4066959728223732,0.18059983114441713
NVIDIA Corporation,2021-09-24,2021-09-28,2,down,down,0.5469452370840296,0.2949393365085748,0.1581154264073956
NVIDIA Corporation,2021-09-27,2021-09-29,2,down,down,0.5595010506313289,0.2720039631103917,0.16849498625827938
NVIDIA Corporation,2021-09-28,2021-09-30,2,flat,down,0.4561666583678809,0.3560927766287581,0.1877405650033609
NVIDIA Corporation,2021-09-29,2021-10-01,2,flat,flat,0.3933817397109691,0.39617214040080556,0.21044611988822529
NVIDIA Corporation,2021-09-30,2021-10-04,2,down,flat,0.3614186734407734,0.39804209324815176,0.24053923331107488
NVIDIA Corporation,2021-10-01,2021-10-05,2,flat,flat,0.37383542054780894,0.43591598295230116,0.19024859649989
NVIDIA Corporation,2021-10-04,2021-10-06,2,flat,flat,0.3619329342439168,0.4128037016964875,0.22526336405959566
NVIDIA Corporation,2021-10-05,2021-10-07,2,up,flat,0.3260584094289793,0.44110821777984105,0.2328333727911798
NVIDIA Corporation,2021-10-06,2021-10-08,2,flat,flat,0.31537174332809603,0.44462366681421883,0.24000458985768522
NVIDIA Corporation,2021-10-07,2021-10-11,2,flat,flat,0.3559968707224746,0.41373179969805796,0.2302713295794675
NVIDIA Corporation,2021-10-08,2021-10-12,2,flat,down,0.4527793411804735,0.31626685088402307,0.2309538079355034
NVIDIA Corporation,2021-10-11,2021-10-13,2,flat,down,0.4333076155842217,0.3486914700627077,0.21800091435307056
NVIDIA Corporation,2021-10-12,2021-10-14,2,up,flat,0.3395715160125859,0.44422099045245544,0.21620749353495874
NVIDIA Corporation,2021-10-13,2021-10-15,2,up,flat,0.3423831887464956,0.45674417933994804,0.2008726319135565
NVIDIA Corporation,2021-10-14,2021-10-18,2,flat,flat,0.31873221923972145,0.43306008107538546,0.24820769968489312
NVIDIA Corporation,2021-10-15,2021-10-19,2,flat,flat,0.3873013093516308,0.4315532282831152,0.1811454623652543
NVIDIA Corporation,2021-10-18,2021-10-20,2,flat,flat,0.40139996495049357,0.42519101202536236,0.173409023024144
NVIDIA Corporation,2021-10-19,2021-10-21,2,flat,down,0.4034643616679283,0.40196974316109896,0.19456589517097267
NVIDIA Corporation,2021-10-20,2021-10-22,2,up,down,0.44519298123153334,0.3360521506202359,0.21875486814823086
NVIDIA Corporation,2021-10-21,2021-10-25,2,up,down,0.42950440407130885,0.3505811877030807,0.21991440822561042
NVIDIA Corporation,2021-10-22,2021-10-26,2,up,down,0.3416435555286763,0.3246282323463834,0.33372821212494036
NVIDIA Corporation,2021-10-25,2021-10-27,2,up,flat,0.38621551307330926,0.38645318360243214,0.22733130332425863
NVIDIA Corporation,2021-10-26,2021-10-28,2,flat,flat,0.32876013164842427,0.537012529571866,0.13422733877971
NVIDIA Corporation,2021-10-27,2021-10-29,2,up,down,0.48645491027632376,0.4089323200176054,0.10461276970607097
NVIDIA Corporation,2021-10-28,2021-11-01,2,up,down,0.4878598749964057,0.4301585293600343,0.08198159564355999
NVIDIA Corporation,2021-10-29,2021-11-02,2,up,flat,0.39552048553702734,0.5091645624631937,0.09531495199977905
NVIDIA Corporation,2021-11-01,2021-11-03,2,up,down,0.5275647504849471,0.4178978587091398,0.054537390805913
NVIDIA Corporation,2021-11-02,2021-11-04,2,up,flat,0.3960044999473898,0.4968077708994157,0.10718772915319455
NVIDIA Corporation,2021-11-03,2021-11-05,2,up,down,0.513612317731361,0.4272907668547481,0.059096915413890866
NVIDIA Corporation,2021-11-04,2021-11-08,2,up,down,0.5481638655183938,0.37670317233667516,0.075132962144931
NVIDIA Corporation,2021-11-05,2021-11-09,2,flat,down,0.5333687446453486,0.3791335364792894,0.08749771887536202
NVIDIA Corporation,2021-11-08,2021-11-10,2,flat,down,0.5673301029237995,0.35227916810127896,0.08039072897492168
NVIDIA Corporation,2021-11-09,2021-11-11,2,flat,down,0.5136032242585304,0.41004252311442657,0.0763542526270431
NVIDIA Corporation,2021-11-10,2021-11-12,2,flat,down,0.5433940296528882,0.35009264965159553,0.10651332069551626
NVIDIA Corporation,2021-11-11,2021-11-15,2,flat,flat,0.3995098532539907,0.4629876717062317,0.13750247503977767
NVIDIA Corporation,2021-11-12,2021-11-16,2,flat,down,0.49430908077161684,0.3919945634379102,0.11369635579047285
NVIDIA Corporation,2021-11-15,2021-11-17,2,flat,down,0.5682698069346945,0.29330119422353,0.13842899884177534
NVIDIA Corporation,2021-11-16,2021-11-18,2,up,down,0.5149751709702542,0.3285969082168221,0.15642792081292364
NVIDIA Corporation,2021-11-17,2021-11-19,2,up,down,0.5279253201424098,0.3373213058944136,0.1347533739631765
NVIDIA Corporation,2021-11-18,2021-11-22,2,flat,flat,0.41378103239500313,0.4708111545264287,0.11540781307856801
NVIDIA Corporation,2021-11-19,2021-11-23,2,flat,down,0.48834207957013265,0.4141925746521102,0.09746534577775734
NVIDIA Corporation,2021-11-22,2021-11-24,2,flat,down,0.4961764261946868,0.4080434114462818,0.09578016235903145
NVIDIA Corporation,2021-11-23,2021-11-26,2,flat,down,0.5583767493214431,0.30239266610164295,0.13923058457691384
NVIDIA Corporation,2021-11-24,2021-11-29,2,flat,down,0.49363227999591536,0.396129970143382,0.1102377498607028
NVIDIA Corporation,2021-11-26,2021-11-30,2,flat,down,0.48208961134857353,0.4221474813743205,0.09576290727710583
NVIDIA Corporation,2021-11-29,2021-12-01,2,flat,flat,0.43658645163644494,0.44419419654102127,0.11921935182253392
NVIDIA Corporation,2021-11-30,2021-12-02,2,flat,down,0.6175516534908451,0.264173986564404,0.11827435994475076
NVIDIA Corporation,2021-12-01,2021-12-03,2,flat,down,0.6208517084241827,0.24750567023342052,0.13164262134239657
NVIDIA Corporation,2021-12-02,2021-12-06,2,down,down,0.566356748609561,0.3006749433192246,0.13296830807121418
NVIDIA Corporation,2021-12-03,2021-12-07,2,flat,down,0.5746268224505313,0.2716950718015196,0.15367810574794885
NVIDIA Corporation,2021-12-06,2021-12-08,2,up,down,0.4195426345168682,0.2534716251474432,0.32698574033568845
NVIDIA Corporation,2021-12-07,2021-12-09,2,flat,flat,0.4084197211334006,0.42218494943495266,0.169395329431647
NVIDIA Corporation,2021-12-08,2021-12-10,2,flat,down,0.5210191705747286,0.32304135115475174,0.15593947827051965
NVIDIA Corporation,2021-12-09,2021-12-13,2,down,down,0.5884638889080525,0.26190115600108116,0.14963495509086613
NVIDIA Corporation,2021-12-10,2021-12-14,2,down,down,0.5686662094213802,0.2685146870042671,0.16281910357435236
NVIDIA Corporation,2021-12-13,2021-12-15,2,flat,down,0.47686515933122914,0.320692993575677,0.2024418470930939
NVIDIA Corporation,2021-12-14,2021-12-16,2,flat,down,0.36331840628569123,0.28230691450242523,0.3543746792118835
NVIDIA Corporation,2021-12-15,2021-12-17,2,flat,down,0.3761758199576124,0.3498234249651223,0.2740007550772652
NVIDIA Corporation,2021-12-16,2021-12-20,2,down,down,0.45201476812662655,0.3474237768398038,0.2005614550335696
NVIDIA Corporation,2021-12-17,2021-12-21,2,flat,down,0.44271283115843574,0.30912150464716015,0.24816566419440414
NVIDIA Corporation,2021-12-20,2021-12-22,2,flat,flat,0.36967343698746946,0.4106581146646635,0.21966844834786692
NVIDIA Corporation,2021-12-21,2021-12-23,2,flat,flat,0.333775177721172,0.448575516036769,0.21764930624205928
NVIDIA Corporation,2021-12-22,2021-12-27,2,flat,flat,0.3380019683280391,0.46641195297363713,0.19558607869832415
NVIDIA Corporation,2021-12-23,2021-12-28,2,flat,flat,0.31557768983001183,0.48104381685866093,0.2033784933113275
NVIDIA Corporation,2021-12-27,2021-12-29,2,flat,flat,0.3132988094339615,0.4836873524204245,0.20301383814561422
NVIDIA Corporation,2021-12-28,2021-12-30,2,flat,flat,0.4288839973117905,0.4337356881654058,0.1373803145228038
NVIDIA Corporation,2021-12-29,2021-12-31,2,flat,down,0.45765891232820566,0.35563862789676526,0.18670245977502906
NVIDIA Corporation,2021-12-30,2022-01-03,2,flat,down,0.42999825691232585,0.42114675105816035,0.14885499202951352
NVIDIA Corporation,2021-12-31,2022-01-04,2,flat,flat,0.41600309625566423,0.4452377849174123,0.13875911882692338
NVIDIA Corporation,2022-01-03,2022-01-05,2,down,flat,0.40489665279057463,0.4428328852585202,0.1522704619509053
NVIDIA Corporation,2022-01-04,2022-01-06,2,down,down,0.4363368665410473,0.41503711298544066,0.1486260204735119
NVIDIA Corporation,2022-01-05,2022-01-07,2,flat,flat,0.35854802742111014,0.4598977806615715,0.18155419191731814
NVIDIA Corporation,2022-01-06,2022-01-10,2,flat,flat,0.32560562363568407,0.46409894533873386,0.21029543102558196
NVIDIA Corporation,2022-01-07,2022-01-11,2,flat,flat,0.3202243279658814,0.4819072062435752,0.1978684657905432
NVIDIA Corporation,2022-01-10,2022-01-12,2,flat,flat,0.2824796137879707,0.45930344945490503,0.2582169367571241
NVIDIA Corporation,2022-01-11,2022-01-13,2,flat,flat,0.29318225726349995,0.5049568970428989,0.2018608456936013
NVIDIA Corporation,2022-01-12,2022-01-14,2,down,flat,0.32211320200126636,0.5091891532614703,0.16869764473726354
NVIDIA Corporation,2022-01-13,2022-01-18,2,flat,down,0.4034050564655136,0.3779356165956983,0.21865932693878803
NVIDIA Corporation,2022-01-14,2022-01-19,2,flat,flat,0.38097118030704347,0.40927578818897814,0.20975303150397834
NVIDIA Corporation,2022-01-18,2022-01-20,2,down,flat,0.37219187697601896,0.41339656448098294,0.21441155854299804
NVIDIA Corporation,2022-01-19,2022-01-21,2,down,flat,0.32831775466708985,0.44603237904093795,0.22564986629197228
NVIDIA Corporation,2022-01-20,2022-01-24,2,down,flat,0.3030998130505853,0.4227309114649491,0.2741692754844658
NVIDIA Corporation,2022-01-21,2022-01-25,2,flat,flat,0.29544758636961843,0.44478503187438895,0.2597673817559927
NVIDIA Corporation,2022-01-24,2022-01-26,2,flat,flat,0.29132436828205016,0.45329782157741055,0.25537781014053934
NVIDIA Corporation,2022-01-25,2022-01-27,2,flat,flat,0.2976928757711967,0.42119362349317574,0.2811135007356275
NVIDIA Corporation,2022-01-26,2022-01-28,2,flat,flat,0.28033425435969755,0.4689427206525245,0.25072302498777793
NVIDIA Corporation,2022-01-27,2022-01-31,2,flat,flat,0.37768951737619316,0.3991567175874274,0.2231537650363794
NVIDIA Corporation,2022-01-28,2022-02-01,2,up,flat,0.3749748521412901,0.4167039898539086,0.20832115800480136
NVIDIA Corporation,2022-01-31,2022-02-02,2,flat,flat,0.31632877410503935,0.4938061846648046,0.18986504123015638
NVIDIA Corporation,2022-02-01,2022-02-03,2,flat,flat,0.2957529075301539,0.5289077155774501,0.17533937689239626
NVIDIA Corporation,2022-02-02,2022-02-04,2,flat,flat,0.28350362608866625,0.5623204094999192,0.154175964411415
NVIDIA Corporation,2022-02-03,2022-02-07,2,flat,flat,0.3641131740365596,0.4223107475259545,0.21357607843748613
NVIDIA Corporation,2022-02-04,2022-02-08,2,flat,flat,0.32635623314565043,0.4871564445730697,0.18648732228127987
NVIDIA Corporation,2022-02-07,2022-02-09,2,flat,flat,0.27503055623416567,0.504587458810652,0.2203819849551824
NVIDIA Corporation,2022-02-08,2022-02-10,2,flat,flat,0.35822856805222536,0.4444388665224448,0.19733256542533012
NVIDIA Corporation,2022-02-09,2022-02-11,2,flat,flat,0.28369139736130666,0.4938370060121419,0.2224715966265515
NVIDIA Corporation,2022-02-10,2022-02-14,2,down,flat,0.36117719551961663,0.44533035490480216,0.19349244957558123
NVIDIA Corporation,2022-02-11,2022-02-15,2,flat,flat,0.3419029898716166,0.42766820272353423,0.23042880740484914
NVIDIA Corporation,2022-02-14,2022-02-16,2,up,flat,0.3080994020143719,0.49983150518317737,0.19206909280245074
NVIDIA Corporation,2022-02-15,2022-02-17,2,flat,flat,0.3022972692584036,0.49378924760850684,0.20391348313308952
NVIDIA Corporation,2022-02-16,2022-02-18,2,down,flat,0.31461751839794166,0.48690102710672034,0.19848145449533816
NVIDIA Corporation,2022-02-17,2022-02-22,2,down,flat,0.37016279162428717,0.4285020164071265,0.20133519196858643
NVIDIA Corporation,2022-02-18,2022-02-23,2,flat,flat,0.3209486078036614,0.5021491248773821,0.17690226731895642
NVIDIA Corporation,2022-02-22,2022-02-24,2,flat,flat,0.30454535546816397,0.5202422999914049,0.17521234454043097
NVIDIA Corporation,2022-02-23,2022-02-25,2,flat,flat,0.2944611419453667,0.47314838024454486,0.23239047781008826
NVIDIA Corporation,2022-02-24,2022-02-28,2,up,flat,0.29626751140540003,0.46717024687800257,0.23656224171659726
NVIDIA Corporation,2022-02-25,2022-03-01,2,flat,flat,0.32593576233291593,0.47278034019073745,0.2012838974763468
NVIDIA Corporation,2022-02-28,2022-03-02,2,flat,flat,0.3489374277833723,0.4906969468360539,0.16036562538057414
NVIDIA Corporation,2022-03-01,2022-03-03,2,flat,flat,0.3493217420868993,0.45254182741878446,0.1981364304943161
NVIDIA Corporation,2022-03-02,2022-03-04,2,flat,flat,0.3708264043502751,0.45242487843497975,0.17674871721474536
NVIDIA Corporation,2022-03-03,2022-03-07,2,down,flat,0.3651131238284795,0.46579639005906875,0.16909048611245187
NVIDIA Corporation,2022-03-04,2022-03-08,2,down,flat,0.34230572399551795,0.4716272099664141,0.18606706603806775
NVIDIA Corporation,2022-03-07,2022-03-09,2,flat,flat,0.3295239844069932,0.4565476396125174,0.21392837598048906
NVIDIA Corporation,2022-03-08,2022-03-10,2,flat,flat,0.30049508074547676,0.48597077132592564,0.21353414792859726
NVIDIA Corporation,2022-03-09,2022-03-11,2,flat,flat,0.3292935321629366,0.4809415829934571,0.18976488484360649
NVIDIA Corporation,2022-03-10,2022-03-14,2,flat,flat,0.3753177092443661,0.43574260257755243,0.1889396881780815
NVIDIA Corporation,2022-03-11,2022-03-15,2,flat,flat,0.37580430911555596,0.4437774356112583,0.18041825527318578
NVIDIA Corporation,2022-03-14,2022-03-16,2,up,flat,0.3638197381841872,0.45499726484586367,0.1811829969699489
NVIDIA Corporation,2022-03-15,2022-03-17,2,up,flat,0.3053354759872493,0.5037026190332388,0.19096190497951204
NVIDIA Corporation,2022-03-16,2022-03-18,2,up,flat,0.31791838616390494,0.4834544805495262,0.19862713328656906
NVIDIA Corporation,2022-03-17,2022-03-21,2,up,flat,0.2844565846278706,0.5334142270575924,0.18212918831453728
NVIDIA Corporation,2022-03-18,2022-03-22,2,flat,flat,0.33412650453451515,0.5114998479750412,0.15437364749044383
NVIDIA Corporation,2022-03-21,2022-03-23,2,flat,flat,0.3343075361541386,0.5174261235996385,0.14826634024622287
NVIDIA Corporation,2022-03-22,2022-03-24,2,flat,flat,0.4058172008656098,0.4265842893040984,0.1675985098302918
NVIDIA Corporation,2022-03-23,2022-03-25,2,up,down,0.38986846246080553,0.36315502591468585,0.2469765116245085
NVIDIA Corporation,2022-03-24,2022-03-28,2,flat,flat,0.3040020806267294,0.49766823658339276,0.19832968278987795
NVIDIA Corporation,2022-03-25,2022-03-29,2,flat,flat,0.3078522192356791,0.45769734128712214,0.23445043947719868
NVIDIA Corporation,2022-03-28,2022-03-30,2,flat,down,0.4271217939808213,0.37758395726253613,0.19529424875664247
NVIDIA Corporation,2022-03-29,2022-03-31,2,flat,flat,0.3318050895047058,0.49441685691554854,0.17377805357974574
NVIDIA Corporation,2022-03-30,2022-04-01,2,flat,down,0.48794253811807115,0.31516137678690276,0.19689608509502604
NVIDIA Corporation,2022-03-31,2022-04-04,2,flat,down,0.46044580637166455,0.32846960659573915,0.21108458703259636
NVIDIA Corporation,2022-04-01,2022-04-05,2,flat,down,0.4266035168818515,0.3937991835861059,0.1795972995320427
NVIDIA Corporation,2022-04-04,2022-04-06,2,down,flat,0.40796043721397973,0.4311622474671853,0.16087731531883512
NVIDIA Corporation,2022-04-05,2022-04-07,2,down,down,0.4113688723155272,0.39081695640853664,0.1978141712759361
NVIDIA Corporation,2022-04-06,2022-04-08,2,flat,up,0.3488867132862872,0.29616161881601977,0.354951667897693
NVIDIA Corporation,2022-04-07,2022-04-11,2,down,up,0.33508039817615326,0.29851740147025363,0.36640220035359305
NVIDIA Corporation,2022-04-08,2022-04-12,2,down,up,0.3255042192668386,0.328601552047936,0.34589422868522535
NVIDIA Corporation,2022-04-11,2022-04-13,2,flat,flat,0.3206875444870599,0.4298851073707653,0.24942734814217482
NVIDIA Corporation,2022-04-12,2022-04-14,2,flat,flat,0.3140974937099345,0.4446701652675214,0.24123234102254418
NVIDIA Corporation,2022-04-13,2022-04-18,2,flat,flat,0.30323311617116155,0.4707644210819175,0.2260024627469208
NVIDIA Corporation,2022-04-14,2022-04-19,2,flat,flat,0.33620796318793517,0.4523148133537053,0.21147722345835937
NVIDIA Corporation,2022-04-18,2022-04-20,2,flat,flat,0.3247757050792884,0.44691942652877586,0.22830486839193562
NVIDIA Corporation,2022-04-19,2022-04-21,2,flat,flat,0.32226829560472425,0.5036574313383875,0.1740742730568884
NVIDIA Corporation,2022-04-20,2022-04-22,2,down,flat,0.35875595379408,0.46783898100043786,0.17340506520548235
NVIDIA Corporation,2022-04-21,2022-04-25,2,down,flat,0.3632964981942683,0.4490628280917279,0.18764067371400364
NVIDIA Corporation,2022-04-22,2022-04-26,2,flat,flat,0.3018461628637079,0.48162997504943633,0.2165238620868557
NVIDIA Corporation,2022-04-25,2022-04-27,2,flat,flat,0.23202549210688098,0.5077920608516525,0.2601824470414665
NVIDIA Corporation,2022-04-26,2022-04-28,2,flat,flat,0.18484424008030265,0.5399309841069405,0.27522477581275695
NVIDIA Corporation,2022-04-27,2022-04-29,2,flat,flat,0.16463268575420165,0.48504251900960554,0.35032479523619275
NVIDIA Corporation,2022-04-28,2022-05-02,2,flat,flat,0.19654324361188075,0.5468965169108678,0.2565602394772514
NVIDIA Corporation,2022-04-29,2022-05-03,2,flat,flat,0.2271650159306762,0.5422894927336825,0.23054549133564123
NVIDIA Corporation,2022-05-02,2022-05-04,2,flat,flat,0.21516389593928253,0.5371318726850673,0.24770423137565006
NVIDIA Corporation,2022-05-03,2022-05-05,2,flat,flat,0.15335974881054779,0.6129027439943259,0.23373750719512643
NVIDIA Corporation,2022-05-04,2022-05-06,2,flat,flat,0.1482152120863672,0.6015648934181648,0.2502198944954684
NVIDIA Corporation,2022-05-05,2022-05-09,2,down,flat,0.20348376566239154,0.530642041107875,0.2658741932297336
NVIDIA Corporation,2022-05-06,2022-05-10,2,flat,flat,0.21029403543511446,0.5697460102531501,0.21995995431173568
NVIDIA Corporation,2022-05-09,2022-05-11,2,flat,flat,0.19121601628052745,0.5762403403989438,0.23254364332052885
NVIDIA Corporation,2022-05-10,2022-05-12,2,down,flat,0.1811653409604448,0.5541626803330865,0.2646719787064691
NVIDIA Corporation,2022-05-11,2022-05-13,2,flat,flat,0.1264379170306476,0.6115130994198471,0.2620489835495052
NVIDIA Corporation,2022-05-12,2022-05-16,2,flat,flat,0.1294122801013295,0.6208843780587842,0.24970334183988604
NVIDIA Corporation,2022-05-13,2022-05-17,2,flat,flat,0.18301241110485422,0.5736674619766529,0.24332012691849333
NVIDIA Corporation,2022-05-16,2022-05-18,2,flat,flat,0.17615555650044898,0.5672751998585484,0.25656924364100314
NVIDIA Corporation,2022-05-17,2022-05-19,2,flat,flat,0.12313634277365589,0.6140255608449052,0.2628380963814391
NVIDIA Corporation,2022-05-18,2022-05-20,2,flat,flat,0.11068689789531792,0.5585003800626455,0.33081272204203677
NVIDIA Corporation,2022-05-19,2022-05-23,2,flat,flat,0.11532282062668761,0.5891016903609573,0.2955754890123555
NVIDIA Corporation,2022-05-20,2022-05-24,2,flat,flat,0.1370257317208123,0.6264274118629986,0.23654685641618933
NVIDIA Corporation,2022-05-23,2022-05-25,2,flat,flat,0.11652629153494386,0.6652087769456874,0.2182649315193689
NVIDIA Corporation,2022-05-24,2022-05-26,2,flat,flat,0.11508485203328943,0.6329884232561112,0.25192672471059957
NVIDIA Corporation,2022-05-25,2022-05-27,2,up,flat,0.16702040843551483,0.6041107590136845,0.22886883255080093
NVIDIA Corporation,2022-05-26,2022-05-31,2,up,flat,0.1556379170433299,0.585317509142238,0.2590445738144325
NVIDIA Corporation,2022-05-27,2022-06-01,2,flat,flat,0.1336594849599261,0.6274401029751866,0.23890041206488757
NVIDIA Corporation,2022-05-31,2022-06-02,2,flat,flat,0.18304922409591243,0.616442654590527,0.2005081213135606
NVIDIA Corporation,2022-06-01,2022-06-03,2,flat,flat,0.19045966193840616,0.5663386535336411,0.24320168452795282
NVIDIA Corporation,2022-06-02,2022-06-06,2,flat,flat,0.18328934620955625,0.5745156527884646,0.24219500100197933
NVIDIA Corporation,2022-06-03,2022-06-07,2,flat,flat,0.16515048619303663,0.5740009201833943,0.2608485936235691
NVIDIA Corporation,2022-06-06,2022-06-08,2,flat,flat,0.14937748326454645,0.5583909974077922,0.2922315193276617
NVIDIA Corporation,2022-06-07,2022-06-09,2,flat,flat,0.15500110600174188,0.5738660434611471,0.27113285053711084
NVIDIA Corporation,2022-06-08,2022-06-10,2,down,flat,0.14544310918512166,0.5708122718301893,0.28374461898468906
NVIDIA Corporation,2022-06-09,2022-06-13,2,down,flat,0.16843266967254217,0.5663004247216399,0.2652669056058179
NVIDIA Corporation,2022-06-10,2022-06-14,2,down,flat,0.12636070167225139,0.603807996857769,0.2698313014699794
NVIDIA Corporation,2022-06-13,2022-06-15,2,flat,flat,0.10764981902841439,0.6588968605539908,0.23345332041759467
NVIDIA Corporation,2022-06-14,2022-06-16,2,flat,flat,0.11133609033113695,0.6376144260889964,0.25104948357986656
NVIDIA Corporation,2022-06-15,2022-06-17,2,flat,flat,0.17508693895489225,0.5936951743662376,0.23121788667887025
NVIDIA Corporation,2022-06-16,2022-06-21,2,flat,flat,0.13065797653040417,0.6053403452911831,0.2640016781784127
NVIDIA Corporation,2022-06-17,2022-06-22,2,flat,flat,0.15350656983971578,0.5928663516997681,0.25362707846051613
NVIDIA Corporation,2022-06-21,2022-06-23,2,flat,flat,0.13292470808100887,0.5534540829428415,0.31362120897615015
NVIDIA Corporation,2022-06-22,2022-06-24,2,flat,flat,0.12237163323449118,0.5701317388255684,0.3074966279399407
NVIDIA Corporation,2022-06-23,2022-06-27,2,flat,flat,0.1299875830236767,0.6096836695384369,0.2603287474378867
NVIDIA Corporation,2022-06-24,2022-06-28,2,flat,flat,0.11237212976858388,0.5722952217723951,0.3153326484590214
NVIDIA Corporation,2022-06-27,2022-06-29,2,down,flat,0.1179814552395436,0.6152599560666061,0.2667585886938507
NVIDIA Corporation,2022-06-28,2022-06-30,2,down,flat,0.1465955624137492,0.5781904820059955,0.2752139555802554
NVIDIA Corporation,2022-06-29,2022-07-01,2,flat,flat,0.12023459415244864,0.6812805715398079,0.1984848343077436
NVIDIA Corporation,2022-06-30,2022-07-05,2,flat,flat,0.13572286221300284,0.6396533176217494,0.22462382016524782
NVIDIA Corporation,2022-07-01,2022-07-06,2,flat,flat,0.11600731896861106,0.6714262765068035,0.21256640452458567
NVIDIA Corporation,2022-07-05,2022-07-07,2,up,flat,0.10178393353467133,0.7044297546511532,0.1937863118141757
NVIDIA Corporation,2022-07-06,2022-07-08,2,flat,flat,0.19538252809419035,0.6270429183820169,0.17757455352379317
NVIDIA Corporation,2022-07-07,2022-07-11,2,flat,flat,0.13828292043356366,0.6584579242760807,0.20325915529035574
NVIDIA Corporation,2022-07-08,2022-07-12,2,flat,flat,0.12857072507828207,0.6373454553532691,0.23408381956844893
NVIDIA Corporation,2022-07-11,2022-07-13,2,flat,flat,0.14003639929131845,0.5718258752623724,0.2881377254463094
NVIDIA Corporation,2022-07-12,2022-07-14,2,flat,flat,0.12884684544400643,0.60694629764313,0.2642068569128638
NVIDIA Corporation,2022-07-13,2022-07-15,2,flat,flat,0.15234632615430985,0.6667227798339072,0.18093089401178347
NVIDIA Corporation,2022-07-14,2022-07-18,2,up,flat,0.1904952938264307,0.6206239480775481,0.18888075809602142
NVIDIA Corporation,2022-07-15,2022-07-19,2,up,flat,0.16609507567256634,0.6199847298650467,0.2139201944623868
NVIDIA Corporation,2022-07-18,2022-07-20,2,up,flat,0.11286516590314845,0.567075993314863,0.32005884078198876
NVIDIA Corporation,2022-07-19,2022-07-21,2,up,flat,0.12434897008629074,0.5964066392930958,0.2792443906206139
NVIDIA Corporation,2022-07-20,2022-07-22,2,flat,flat,0.191856872328616,0.566421581849135,0.24172154582224928
NVIDIA Corporation,2022-07-21,2022-07-25,2,down,flat,0.16941322964514507,0.6030629420223779,0.22752382833247725
NVIDIA Corporation,2022-07-22,2022-07-26,2,down,flat,0.2401582250178273,0.5088699363342546,0.25097183864791855
NVIDIA Corporation,2022-07-25,2022-07-27,2,flat,flat,0.129732074410903,0.5430370316363412,0.32723089395275584
NVIDIA Corporation,2022-07-26,2022-07-28,2,up,flat,0.15516089555946574,0.5829648503978864,0.2618742540426478
NVIDIA Corporation,2022-07-27,2022-07-29,2,flat,flat,0.15439423547229955,0.5546610490408689,0.29094471548683176
NVIDIA Corporation,2022-07-28,2022-08-01,2,flat,flat,0.15342287412030622,0.5573425606309729,0.289234565248721
NVIDIA Corporation,2022-07-29,2022-08-02,2,flat,flat,0.11389536248373729,0.5036975528506542,0.3824070846656084
NVIDIA Corporation,2022-08-01,2022-08-03,2,flat,flat,0.08497611748473244,0.48509593711351,0.42992794540175744
NVIDIA Corporation,2022-08-02,2022-08-04,2,flat,flat,0.16689396663972642,0.5050015695215798,0.32810446383869374
NVIDIA Corporation,2022-08-03,2022-08-05,2,flat,flat,0.12140570694767107,0.5040457599691972,0.3745485330831319
NVIDIA Corporation,2022-08-04,2022-08-08,2,down,flat,0.07815076125665829,0.5224091252884427,0.3994401134548992
NVIDIA Corporation,2022-08-05,2022-08-09,2,down,flat,0.09988247296533302,0.4813579508160463,0.4187595762186206
NVIDIA Corporation,2022-08-08,2022-08-10,2,flat,flat,0.15704207808294812,0.537502615733369,0.3054553061836827
NVIDIA Corporation,2022-08-09,2022-08-11,2,up,flat,0.11504444155575765,0.5484718595055544,0.3364836989386881
NVIDIA Corporation,2022-08-10,2022-08-12,2,flat,flat,0.198408088213325,0.5716251932394598,0.22996671854721534
NVIDIA Corporation,2022-08-11,2022-08-15,2,flat,flat,0.1643869846054131,0.5859999177757913,0.24961309761879577
NVIDIA Corporation,2022-08-12,2022-08-16,2,flat,flat,0.17060320290577494,0.5698384949381308,0.2595583021560943
NVIDIA Corporation,2022-08-15,2022-08-17,2,flat,flat,0.08751015870903239,0.5698283166608689,0.342661524630099
NVIDIA Corporation,2022-08-16,2022-08-18,2,flat,flat,0.26378756933767156,0.45491424979511985,0.28129818086720865
NVIDIA Corporation,2022-08-17,2022-08-19,2,flat,up,0.16375491298134343,0.41487989455540236,0.42136519246325405
NVIDIA Corporation,2022-08-18,2022-08-22,2,down,flat,0.14890250571886532,0.5313340610551728,0.31976343322596235
NVIDIA Corporation,2022-08-19,2022-08-23,2,down,flat,0.20644566753661123,0.5072643677975741,0.28628996466581497
NVIDIA Corporation,2022-08-22,2022-08-24,2,flat,flat,0.11387595912738123,0.49979556383592644,0.3863284770366924
NVIDIA Corporation,2022-08-23,2022-08-25,2,flat,flat,0.10211010483848697,0.500714760136434,0.3971751350250792
NVIDIA Corporation,2022-08-24,2022-08-26,2,flat,flat,0.1627100145158887,0.5421143063114773,0.29517567917263393
NVIDIA Corporation,2022-08-25,2022-08-29,2,down,flat,0.22983594948920488,0.5404053571003918,0.22975869341040314
NVIDIA Corporation,2022-08-26,2022-08-30,2,down,flat,0.22300222060260938,0.5470002968527766,0.22999748254461383
NVIDIA Corporation,2022-08-29,2022-08-31,2,flat,flat,0.17893829739904604,0.5722643903252035,0.2487973122757501
NVIDIA Corporation,2022-08-30,2022-09-01,2,down,flat,0.11935105246343104,0.6097727315893117,0.270876215947257
NVIDIA Corporation,2022-08-31,2022-09-02,2,down,flat,0.10582471467902853,0.6449518519999038,0.24922343332106758
NVIDIA Corporation,2022-09-01,2022-09-06,2,flat,flat,0.10840635219048694,0.6482923286418922,0.24330131916762066
NVIDIA Corporation,2022-09-02,2022-09-07,2,flat,flat,0.1050096250645492,0.690213888165829,0.20477648676962176
NVIDIA Corporation,2022-09-06,2022-09-08,2,flat,flat,0.09124115213517456,0.7129981552049148,0.1957606926599108
NVIDIA Corporation,2022-09-07,2022-09-09,2,flat,flat,0.13815205686282905,0.6731577464055206,0.18869019673165016
NVIDIA Corporation,2022-09-08,2022-09-12,2,flat,flat,0.1838442926330824,0.645846071846621,0.17030963552029632
NVIDIA Corporation,2022-09-09,2022-09-13,2,down,flat,0.14373159005031205,0.6250138809522829,0.23125452899740548
NVIDIA Corporation,2022-09-12,2022-09-14,2,down,flat,0.14528792197704324,0.6343185616406368,0.2203935163823204
NVIDIA Corporation,2022-09-13,2022-09-15,2,flat,flat,0.1455183622569057,0.6049417612782788,0.24953987646481593
NVIDIA Corporation,2022-09-14,2022-09-16,2,flat,flat,0.11422477267477092,0.7570233828476697,0.12875184447755988
NVIDIA Corporation,2022-09-15,2022-09-19,2,flat,flat,0.09463787064407178,0.8044679907019655,0.10089413865396299
NVIDIA Corporation,2022-09-16,2022-09-20,2,flat,flat,0.06460256258543362,0.8223008527366599,0.11309658467790663
NVIDIA Corporation,2022-09-19,2022-09-21,2,flat,flat,0.09178719572754199,0.7611431259561345,0.14706967831632342
NVIDIA Corporation,2022-09-20,2022-09-22,2,flat,flat,0.12782588442990606,0.7547351315247931,0.11743898404530104
NVIDIA Corporation,2022-09-21,2022-09-23,2,down,flat,0.08598941994803855,0.776881106122085,0.13712947392987618
NVIDIA Corporation,2022-09-22,2022-09-26,2,flat,flat,0.12346068997799098,0.7692926594145362,0.10724665060747332
NVIDIA Corporation,2022-09-23,2022-09-27,2,flat,flat,0.10556641217800161,0.7817943649365773,0.11263922288542128
NVIDIA Corporation,2022-09-26,2022-09-28,2,flat,flat,0.10088105669688277,0.7685044778659677,0.1306144654371498
NVIDIA Corporation,2022-09-27,2022-09-29,2,flat,flat,0.11767272422291784,0.7351406378214017,0.14718663795568074
NVIDIA Corporation,2022-09-28,2022-09-30,2,flat,flat,0.1543109933203685,0.6677896423290055,0.17789936435062637
NVIDIA Corporation,2022-09-29,2022-10-03,2,flat,flat,0.12312479174484171,0.7229958650308755,0.153879343224283
NVIDIA Corporation,2022-09-30,2022-10-04,2,up,flat,0.15707541774713552,0.7223654735703887,0.12055910868247606
NVIDIA Corporation,2022-10-03,2022-10-05,2,up,flat,0.17221458047152927,0.6912780205085893,0.13650739901988174
NVIDIA Corporation,2022-10-04,2022-10-06,2,flat,flat,0.10601114105956214,0.7171675957991184,0.17682126314131963
NVIDIA Corporation,2022-10-05,2022-10-07,2,down,flat,0.14708531808472164,0.7039805525120397,0.14893412940323886
NVIDIA Corporation,2022-10-06,2022-10-10,2,down,flat,0.1054770518423196,0.7389807617139426,0.155542186443738
NVIDIA Corporation,2022-10-07,2022-10-11,2,down,flat,0.1241588683962348,0.7555462924347615,0.12029483916900395
NVIDIA Corporation,2022-10-10,2022-10-12,2,flat,flat,0.11961075243573646,0.7778464022289054,0.10254284533535822
NVIDIA Corporation,2022-10-11,2022-10-13,2,flat,flat,0.09659852465292562,0.7664945251678736,0.13690695017920082
NVIDIA Corporation,2022-10-12,2022-10-14,2,flat,flat,0.10664001315927861,0.7314338743239713,0.16192611251675004
NVIDIA Corporation,2022-10-13,2022-10-17,2,flat,flat,0.07234700455031437,0.7418397487020826,0.18581324674760324
NVIDIA Corporation,2022-10-14,2022-10-18,2,flat,flat,0.12513345759088607,0.7023078955664708,0.1725586468426436
NVIDIA Corporation,2022-10-17,2022-10-19,2,flat,flat,0.16881540380976603,0.6871448740550987,0.14403972213513536
NVIDIA Corporation,2022-10-18,2022-10-20,2,flat,flat,0.06091181981261997,0.7424794196894143,0.19660876049796605
NVIDIA Corporation,2022-10-19,2022-10-21,2,flat,flat,0.12234436599089764,0.6573947613213136,0.22026087268778874
NVIDIA Corporation,2022-10-20,2022-10-24,2,flat,flat,0.07743588604731938,0.7748945365787704,0.14766957737391034
NVIDIA Corporation,2022-10-21,2022-10-25,2,flat,flat,0.1369565961470661,0.6756857029391782,0.1873577009137559
NVIDIA Corporation,2022-10-24,2022-10-26,2,flat,flat,0.08692084863744895,0.7492882509450155,0.1637909004175359
NVIDIA Corporation,2022-10-25,2022-10-27,2,flat,flat,0.08476943663024389,0.744472351277976,0.1707582120917803
NVIDIA Corporation,2022-10-26,2022-10-28,2,flat,flat,0.16917418145443147,0.6742857121330218,0.15654010641254681
NVIDIA Corporation,2022-10-27,2022-10-31,2,flat,flat,0.09082930720292454,0.7795127310080714,0.1296579617890043
NVIDIA Corporation,2022-10-28,2022-11-01,2,flat,flat,0.19485172559163602,0.6850578359575793,0.12009043845078468
NVIDIA Corporation,2022-10-31,2022-11-02,2,flat,flat,0.15962660159572206,0.7185403699397162,0.12183302846456194
NVIDIA Corporation,2022-11-01,2022-11-03,2,flat,flat,0.16018269995669368,0.6235191870755029,0.21629811296780319
NVIDIA Corporation,2022-11-02,2022-11-04,2,flat,flat,0.21131751875837854,0.5275892181652718,0.2610932630763499
NVIDIA Corporation,2022-11-03,2022-11-07,2,up,flat,0.13730907844657034,0.6876203160023256,0.1750706055511041
NVIDIA Corporation,2022-11-04,2022-11-08,2,flat,flat,0.09034788093032187,0.5038936408124838,0.4057584782571945
NVIDIA Corporation,2022-11-07,2022-11-09,2,flat,flat,0.09189955101630427,0.5599576571113656,0.34814279187233027
NVIDIA Corporation,2022-11-08,2022-11-10,2,flat,up,0.08917546187673747,0.4409865022571545,0.46983803586610795
NVIDIA Corporation,2022-11-09,2022-11-11,2,up,flat,0.1610932408934908,0.5689852817998902,0.26992147730661903
NVIDIA Corporation,2022-11-10,2022-11-14,2,up,flat,0.2614169714255686,0.46042419517415034,0.27815883340028114
NVIDIA Corporation,2022-11-11,2022-11-15,2,flat,flat,0.2890553773442063,0.4747670939911836,0.23617752866461014
NVIDIA Corporation,2022-11-14,2022-11-16,2,flat,flat,0.3545052198163986,0.44604865411081557,0.19944612607278586
NVIDIA Corporation,2022-11-15,2022-11-17,2,down,flat,0.3044546681346688,0.5360738246856754,0.15947150717965575
NVIDIA Corporation,2022-11-16,2022-11-18,2,flat,flat,0.35488898990196843,0.4615399020141272,0.18357110808390437
NVIDIA Corporation,2022-11-17,2022-11-21,2,flat,flat,0.12035240270215374,0.6172404177080537,0.2624071795897926
NVIDIA Corporation,2022-11-18,2022-11-22,2,flat,flat,0.11577561251515454,0.7165238111089317,0.16770057637591382
NVIDIA Corporation,2022-11-21,2022-11-23,2,up,flat,0.09190801588835702,0.7367608563913255,0.17133112772031775
NVIDIA Corporation,2022-11-22,2022-11-25,2,flat,flat,0.1476414320206266,0.6505186634465686,0.20183990453280484
NVIDIA Corporation,2022-11-23,2022-11-28,2,flat,flat,0.1026088026178106,0.6366000564271903,0.26079114095499906
NVIDIA Corporation,2022-11-25,2022-11-29,2,flat,flat,0.12855463721650526,0.5733961976714074,0.2980491651120873
NVIDIA Corporation,2022-11-28,2022-11-30,2,flat,flat,0.14062146384147384,0.5393234304884114,0.32005510567011497
NVIDIA Corporation,2022-11-29,2022-12-01,2,up,flat,0.15766319375670237,0.5660287142692607,0.2763080919740371
NVIDIA Corporation,2022-11-30,2022-12-02,2,flat,flat,0.10246397129117227,0.5691714380020919,0.32836459070673607
NVIDIA Corporation,2022-12-01,2022-12-05,2,flat,flat,0.09985358593161354,0.5587231354675842,0.34142327860080246
NVIDIA Corporation,2022-12-02,2022-12-06,2,flat,flat,0.13164843497222256,0.4848392043679412,0.3835123606598362
NVIDIA Corporation,2022-12-05,2022-12-07,2,down,flat,0.13592755834119996,0.48367652064332745,0.38039592101547276
NVIDIA Corporation,2022-12-06,2022-12-08,2,flat,flat,0.16805078020470485,0.5224949423611874,0.3094542774341081
NVIDIA Corporation,2022-12-07,2022-12-09,2,up,flat,0.23612016148520037,0.5330163100237122,0.2308635284910875
NVIDIA Corporation,2022-12-08,2022-12-12,2,flat,flat,0.2197032789830015,0.553474626988394,0.2268220940286045
NVIDIA Corporation,2022-12-09,2022-12-13,2,up,flat,0.1251618751852575,0.5708208952464533,0.30401722956828975
NVIDIA Corporation,2022-12-12,2022-12-14,2,flat,flat,0.11734169072128817,0.5599328129758921,0.32272549630281977
NVIDIA Corporation,2022-12-13,2022-12-15,2,down,flat,0.25704427629451826,0.47462953583619216,0.26832618786928963
NVIDIA Corporation,2022-12-14,2022-12-16,2,down,flat,0.3044992437505139,0.3918294681335898,0.30367128811589617
NVIDIA Corporation,2022-12-15,2022-12-19,2,flat,flat,0.1353951985083878,0.4567941727439291,0.40781062874768303
NVIDIA Corporation,2022-12-16,2022-12-20,2,flat,flat,0.20684111109327452,0.5028835941048596,0.2902752948018661
NVIDIA Corporation,2022-12-19,2022-12-21,2,flat,flat,0.17820938004455275,0.5306724622413782,0.2911181577140692
NVIDIA Corporation,2022-12-20,2022-12-22,2,flat,flat,0.1394014352091408,0.4794893533294604,0.3811092114613988
NVIDIA Corporation,2022-12-21,2022-12-23,2,down,flat,0.17850990339133535,0.5033038266727311,0.31818626993593385
NVIDIA Corporation,2022-12-22,2022-12-27,2,down,flat,0.13439957528128002,0.543244929426557,0.322355495292163
NVIDIA Corporation,2022-12-23,2022-12-28,2,down,flat,0.11536415598287011,0.5847988115361796,0.29983703248095067
NVIDIA Corporation,2022-12-27,2022-12-29,2,flat,flat,0.12117027058797752,0.5945916145815611,0.28423811483046124
NVIDIA Corporation,2022-12-28,2022-12-30,2,flat,flat,0.1251569759566042,0.6550309005391335,0.2198121235042622
NVIDIA Corporation,2022-12-29,2023-01-03,2,flat,flat,0.2275033563270889,0.5816440155772679,0.19085262809564313
NVIDIA Corporation,2022-12-30,2023-01-04,2,flat,flat,0.16920734238128404,0.654730882775589,0.17606177484312685
NVIDIA Corporation,2023-01-03,2023-01-05,2,flat,flat,0.16212471601553877,0.6354169009885117,0.20245838299594976
NVIDIA Corporation,2023-01-04,2023-01-06,2,up,flat,0.15018323033165573,0.6206650914513899,0.22915167821695476
NVIDIA Corporation,2023-01-05,2023-01-09,2,up,flat,0.13902143608082831,0.5881744812976644,0.2728040826215075
NVIDIA Corporation,2023-01-06,2023-01-10,2,up,flat,0.3669137303318049,0.5050987515265756,0.12798751814161935
NVIDIA Corporation,2023-01-09,2023-01-11,2,flat,flat,0.42831454240103656,0.4676630287077757,0.10402242889118751
NVIDIA Corporation,2023-01-10,2023-01-12,2,flat,flat,0.44049822275138284,0.45161882463614395,0.1078829526124731
NVIDIA Corporation,2023-01-11,2023-01-13,2,flat,down,0.4703704886939525,0.4395111094703909,0.09011840183565668
NVIDIA Corporation,2023-01-12,2023-01-17,2,flat,flat,0.45478036187596926,0.466863261036056,0.07835637708797448
NVIDIA Corporation,2023-01-13,2023-01-18,2,flat,flat,0.4586756714762805,0.46492012418894485,0.07640420433477463
NVIDIA Corporation,2023-01-17,2023-01-19,2,flat,flat,0.4479587523521551,0.46258610206004547,0.08945514558779942
NVIDIA Corporation,2023-01-18,2023-01-20,2,flat,down,0.4955725855108762,0.4304798051190815,0.07394760937004237
NVIDIA Corporation,2023-01-19,2023-01-23,2,up,down,0.5221772476457328,0.3773423327340531,0.10048041962021413
NVIDIA Corporation,2023-01-20,2023-01-24,2,up,flat,0.4088576898601988,0.49758854495440225,0.09355376518539896
NVIDIA Corporation,2023-01-23,2023-01-25,2,flat,down,0.4780014432161009,0.4411901395455037,0.08080841723839535
NVIDIA Corporation,2023-01-24,2023-01-26,2,flat,flat,0.4336980011705876,0.47632429146352523,0.08997770736588721
NVIDIA Corporation,2023-01-25,2023-01-27,2,flat,down,0.5104337902798579,0.3908513027798459,0.09871490694029618
NVIDIA Corporation,2023-01-26,2023-01-30,2,flat,down,0.46727093043911877,0.4491397327544242,0.0835893368064569
NVIDIA Corporation,2023-01-27,2023-01-31,2,flat,down,0.5169532217758668,0.42401175347803083,0.05903502474610227
NVIDIA Corporation,2023-01-30,2023-02-01,2,flat,down,0.5303559960856734,0.3596474298018041,0.10999657411252245
NVIDIA Corporation,2023-01-31,2023-02-02,2,up,down,0.5858394461349717,0.2855057113109884,0.12865484255403986
NVIDIA Corporation,2023-02-01,2023-02-03,2,flat,down,0.4550243046507782,0.42149679505901927,0.12347890029020256
NVIDIA Corporation,2023-02-02,2023-02-06,2,flat,down,0.46387774151233,0.4351778973700036,0.10094436111766635
NVIDIA Corporation,2023-02-03,2023-02-07,2,flat,down,0.5771124779803907,0.30639897224119506,0.1164885497784141
NVIDIA Corporation,2023-02-06,2023-02-08,2,up,down,0.6247534449150354,0.2594300630509748,0.11581649203398975
NVIDIA Corporation,2023-02-07,2023-02-09,2,flat,down,0.5166011380496525,0.37742808876301887,0.1059707731873289
NVIDIA Corporation,2023-02-08,2023-02-10,2,flat,down,0.48884042932745886,0.40316904186716696,0.10799052880537442
NVIDIA Corporation,2023-02-09,2023-02-13,2,flat,down,0.560937969290206,0.3392048843771632,0.09985714633263086
NVIDIA Corporation,2023-02-10,2023-02-14,2,flat,down,0.6103247806766505,0.25391003924847627,0.135765180074873
NVIDIA Corporation,2023-02-13,2023-02-15,2,flat,down,0.5461327320889529,0.3219276110629621,0.13193965684808504
NVIDIA Corporation,2023-02-14,2023-02-16,2,flat,down,0.4545627831377721,0.41421812104894135,0.1312190958132866
NVIDIA Corporation,2023-02-15,2023-02-17,2,flat,down,0.5506006337935686,0.3302585479835589,0.11914081822287238
NVIDIA Corporation,2023-02-16,2023-02-21,2,down,down,0.6207314633785114,0.24811009344887971,0.13115844317260866
NVIDIA Corporation,2023-02-17,2023-02-22,2,flat,down,0.5702184900152298,0.29913991383644506,0.13064159614832482
NVIDIA Corporation,2023-02-21,2023-02-23,2,up,down,0.5582901129536529,0.28697874460799355,0.15473114243835326
NVIDIA Corporation,2023-02-22,2023-02-24,2,up,down,0.4931759017593991,0.3076264383653849,0.19919765987521587
NVIDIA Corporation,2023-02-23,2023-02-27,2,flat,flat,0.42069219091538235,0.43567207838680666,0.14363573069781102
NVIDIA Corporation,2023-02-24,2023-02-28,2,flat,down,0.5600687213533637,0.29613340680430505,0.14379787184233123
NVIDIA Corporation,2023-02-27,2023-03-01,2,flat,down,0.5054591688915472,0.3861948474204358,0.10834598368801707
NVIDIA Corporation,2023-02-28,2023-03-02,2,flat,down,0.6256817898714581,0.25549442892795343,0.11882378120058858
NVIDIA Corporation,2023-03-01,2023-03-03,2,flat,down,0.6073018460110022,0.27951969695609946,0.11317845703289833
NVIDIA Corporation,2023-03-02,2023-03-06,2,flat,down,0.5323687230993867,0.3140748876557049,0.15355638924490825
NVIDIA Corporation,2023-03-03,2023-03-07,2,flat,flat,0.4234894456127888,0.4536621759888668,0.12284837839834434
NVIDIA Corporation,2023-03-06,2023-03-08,2,flat,down,0.5419072254889855,0.3478163249860033,0.11027644952501127
NVIDIA Corporation,2023-03-07,2023-03-09,2,flat,down,0.5821740303205476,0.2853208436793112,0.13250512600014105
NVIDIA Corporation,2023-03-08,2023-03-10,2,flat,down,0.5255075553035012,0.3450257721587439,0.1294666725377549
NVIDIA Corporation,2023-03-09,2023-03-13,2,down,down,0.5605526403797129,0.3132421940559307,0.12620516556435654
NVIDIA Corporation,2023-03-10,2023-03-14,2,flat,down,0.5660690093016469,0.31066383591240865,0.12326715478594416
NVIDIA Corporation,2023-03-13,2023-03-15,2,up,down,0.5520501900914275,0.2818628642256656,0.16608694568290666
NVIDIA Corporation,2023-03-14,2023-03-16,2,flat,flat,0.4224982996651034,0.4431434825172759,0.1343582178176208
NVIDIA Corporation,2023-03-15,2023-03-17,2,up,down,0.5275509284911051,0.35321501734667343,0.11923405416222133
NVIDIA Corporation,2023-03-16,2023-03-20,2,flat,flat,0.42349718357872596,0.43544269944515973,0.14106011697611437
NVIDIA Corporation,2023-03-17,2023-03-21,2,flat,down,0.47691373638509205,0.41801793214336236,0.10506833147154573
NVIDIA Corporation,2023-03-20,2023-03-22,2,up,down,0.6118821563504482,0.28298832489366266,0.1051295187558893
NVIDIA Corporation,2023-03-21,2023-03-23,2,up,down,0.5112617419770885,0.38059323416046015,0.10814502386245152
NVIDIA Corporation,2023-03-22,2023-03-24,2,flat,flat,0.4067276309625871,0.47026006146931304,0.12301230756810018
NVIDIA Corporation,2023-03-23,2023-03-27,2,flat,down,0.46136964362088817,0.4354243852148225,0.10320597116428937
NVIDIA Corporation,2023-03-24,2023-03-28,2,flat,down,0.5444220291703846,0.26333478867555554,0.19224318215405967
NVIDIA Corporation,2023-03-27,2023-03-29,2,flat,down,0.5486230622075741,0.2716276208370406,0.17974931695538515
NVIDIA Corporation,2023-03-28,2023-03-30,2,flat,down,0.5249136471570626,0.34572574277288765,0.1293606100700494
NVIDIA Corporation,2023-03-29,2023-03-31,2,flat,down,0.4514767249031989,0.43263285578839455,0.11589041930840654
NVIDIA Corporation,2023-03-30,2023-04-03,2,flat,down,0.5445194331048824,0.3392130029683644,0.11626756392675328
NVIDIA Corporation,2023-03-31,2023-04-04,2,flat,down,0.5760564358040368,0.31704210328830984,0.10690146090765333
NVIDIA Corporation,2023-04-03,2023-04-05,2,down,down,0.5851237353766824,0.309476663504008,0.10539960111930972
NVIDIA Corporation,2023-04-04,2023-04-06,2,down,down,0.6126716657070697,0.26537251430160125,0.12195581999132923
NVIDIA Corporation,2023-04-05,2023-04-10,2,flat,down,0.5837708056491518,0.29372492816646867,0.12250426618437919
NVIDIA Corporation,2023-04-06,2023-04-11,2,flat,down,0.5739264993665373,0.28253144785240614,0.14354205278105625
NVIDIA Corporation,2023-04-10,2023-04-12,2,flat,down,0.486172221005687,0.37407631190015594,0.139751467094157
NVIDIA Corporation,2023-04-11,2023-04-13,2,down,down,0.5439620145120563,0.33241891862155853,0.12361906686638519
NVIDIA Corporation,2023-04-12,2023-04-14,2,flat,down,0.6610404247373348,0.223653269123483,0.11530630613918184
NVIDIA Corporation,2023-04-13,2023-04-17,2,flat,down,0.5854206226692785,0.2797234590540467,0.13485591827667423
NVIDIA Corporation,2023-04-14,2023-04-18,2,up,down,0.5657864484089119,0.2893823460799804,0.1448312055111074
NVIDIA Corporation,2023-04-17,2023-04-19,2,up,down,0.5553949101163791,0.30075656471221435,0.1438485251714066
NVIDIA Corporation,2023-04-18,2023-04-20,2,flat,down,0.4390730740252664,0.41856496098598256,0.14236196498875103
NVIDIA Corporation,2023-04-19,2023-04-21,2,flat,down,0.6049746205065868,0.26146104660074265,0.13356433289267058
NVIDIA Corporation,2023-04-20,2023-04-24,2,flat,down,0.6008655216418983,0.23495883088014208,0.16417564747795957
NVIDIA Corporation,2023-04-21,2023-04-25,2,flat,down,0.5616707348715547,0.27278120658032634,0.16554805854811896
NVIDIA Corporation,2023-04-24,2023-04-26,2,flat,down,0.5267728008335442,0.3086132560512635,0.16461394311519226
NVIDIA Corporation,2023-04-25,2023-04-27,2,flat,down,0.5558771738032745,0.264741689462702,0.17938113673402295
NVIDIA Corporation,2023-04-26,2023-04-28,2,flat,down,0.5515470283766754,0.2999429026243534,0.14851006899897143
NVIDIA Corporation,2023-04-27,2023-05-01,2,up,down,0.5469955990669588,0.31826422543733573,0.13474017549570544
NVIDIA Corporation,2023-04-28,2023-05-02,2,up,down,0.5469800006933532,0.3124277664159986,0.1405922328906482
NVIDIA Corporation,2023-05-01,2023-05-03,2,flat,down,0.4257900626255013,0.3976379217609749,0.1765720156135239
NVIDIA Corporation,2023-05-02,2023-05-04,2,down,down,0.5487316353355678,0.3415491749554446,0.10971918970898754
NVIDIA Corporation,2023-05-03,2023-05-05,2,flat,down,0.6235948257008266,0.23794124509637204,0.13846392920280137
NVIDIA Corporation,2023-05-04,2023-05-08,2,up,down,0.5440813579081554,0.29150609687399487,0.16441254521784948
NVIDIA Corporation,2023-05-05,2023-05-09,2,flat,down,0.42733231930111015,0.42501085083160556,0.14765682986728426
NVIDIA Corporation,2023-05-08,2023-05-10,2,flat,flat,0.40017727852448504,0.4257053657940426,0.1741173556814725
NVIDIA Corporation,2023-05-09,2023-05-11,2,flat,down,0.5429703507320248,0.2998948033765842,0.15713484589139093
NVIDIA Corporation,2023-05-10,2023-05-12,2,flat,down,0.5195705522843383,0.3338234156046614,0.14660603211100035
NVIDIA Corporation,2023-05-11,2023-05-15,2,flat,down,0.5366422052977492,0.2913074415079853,0.17205035319426545
NVIDIA Corporation,2023-05-12,2023-05-16,2,flat,down,0.5698081564664385,0.3161789343171685,0.11401290921639268
NVIDIA Corporation,2023-05-15,2023-05-17,2,up,down,0.5506408070785591,0.32232524054312583,0.12703395237831505
NVIDIA Corporation,2023-05-16,2023-05-18,2,up,down,0.4269784162957732,0.3978824308448835,0.17513915285934342
NVIDIA Corporation,2023-05-17,2023-05-19,2,up,flat,0.39907350702006655,0.40326127107706705,0.19766522190286637
NVIDIA Corporation,2023-05-18,2023-05-22,2,flat,flat,0.37173617442847545,0.5134942585799823,0.11476956699154242
NVIDIA Corporation,2023-05-19,2023-05-23,2,flat,down,0.5251444708923497,0.3934235211764351,0.08143200793121498
NVIDIA Corporation,2023-05-22,2023-05-24,2,flat,down,0.5364772476128556,0.3243745580916205,0.13914819429552377
NVIDIA Corporation,2023-05-23,2023-05-25,2,up,down,0.5293102784128113,0.31658463390251407,0.15410508768467435
NVIDIA Corporation,2023-05-24,2023-05-26,2,up,down,0.47448101386020075,0.37776473351207895,0.1477542526277202
NVIDIA Corporation,2023-05-25,2023-05-30,2,up,down,0.47992321302069924,0.41383073565150313,0.10624605132779767
NVIDIA Corporation,2023-05-26,2023-05-31,2,flat,down,0.5298169511219174,0.36299429197828603,0.10718875689979666
NVIDIA Corporation,2023-05-30,2023-06-01,2,flat,down,0.4887223345579329,0.4179719094658698,0.09330575597619721
NVIDIA Corporation,2023-05-31,2023-06-02,2,flat,down,0.5618627562523905,0.31476781227897205,0.12336943146863787
NVIDIA Corporation,2023-06-01,2023-06-05,2,flat,down,0.5534671067677694,0.37001114879896235,0.07652174443326847
NVIDIA Corporation,2023-06-02,2023-06-06,2,flat,down,0.46207242625829137,0.4279057929865613,0.11002178075514751
NVIDIA Corporation,2023-06-05,2023-06-07,2,flat,down,0.5165646082696027,0.29914645220633124,0.18428893952406608
NVIDIA Corporation,2023-06-06,2023-06-08,2,flat,down,0.49859177253641124,0.3462626974657182,0.1551455299978706
NVIDIA Corporation,2023-06-07,2023-06-09,2,flat,down,0.47306954214050234,0.38684645937159273,0.14008399848790495
NVIDIA Corporation,2023-06-08,2023-06-12,2,flat,down,0.4698518052801382,0.38016073605470013,0.14998745866516178
NVIDIA Corporation,2023-06-09,2023-06-13,2,flat,flat,0.3757660572133606,0.46384580853028823,0.16038813425635137
NVIDIA Corporation,2023-06-12,2023-06-14,2,up,down,0.5025345603927721,0.3573177389159584,0.14014770069126944
NVIDIA Corporation,2023-06-13,2023-06-15,2,up,flat,0.37148592225871113,0.47530166017225367,0.15321241756903514
NVIDIA Corporation,2023-06-14,2023-06-16,2,flat,flat,0.38430860256688953,0.5183560755343064,0.09733532189880423
NVIDIA Corporation,2023-06-15,2023-06-20,2,flat,flat,0.4200786191496237,0.4939377292067671,0.08598365164360926
NVIDIA Corporation,2023-06-16,2023-06-21,2,flat,down,0.5108436906946948,0.4235171225760718,0.06563918672923337
NVIDIA Corporation,2023-06-20,2023-06-22,2,flat,down,0.5614538234770992,0.37106874535941026,0.06747743116349071
NVIDIA Corporation,2023-06-21,2023-06-23,2,flat,down,0.5415035833059264,0.34128586581240883,0.117210550881665
NVIDIA Corporation,2023-06-22,2023-06-26,2,flat,down,0.5242810298437672,0.32466258145250465,0.15105638870372806
NVIDIA Corporation,2023-06-23,2023-06-27,2,flat,down,0.5676658891056574,0.2976659514420455,0.134668159452297
NVIDIA Corporation,2023-06-26,2023-06-28,2,flat,down,0.5580592804707588,0.2707181454329298,0.17122257409631103
NVIDIA Corporation,2023-06-27,2023-06-29,2,flat,down,0.5241078102828216,0.274754436842354,0.2011377528748241
NVIDIA Corporation,2023-06-28,2023-06-30,2,flat,down,0.5236000257621476,0.27565944785668406,0.2007405263811681
NVIDIA Corporation,2023-06-29,2023-07-03,2,flat,down,0.5233876350205316,0.31354991356591727,0.1630624514135511
NVIDIA Corporation,2023-06-30,2023-07-05,2,flat,down,0.4397875120249002,0.4146285334906014,0.14558395448449837
NVIDIA Corporation,2023-07-03,2023-07-06,2,flat,down,0.5451216224595473,0.32291605699657866,0.13196232054387402
NVIDIA Corporation,2023-07-05,2023-07-07,2,flat,down,0.6154738750785876,0.24478093298310433,0.13974519193830795
NVIDIA Corporation,2023-07-06,2023-07-10,2,flat,down,0.6067483237311763,0.2559221670335528,0.13732950923527076
NVIDIA Corporation,2023-07-07,2023-07-11,2,flat,down,0.534568374773132,0.32735815767604415,0.1380734675508238
NVIDIA Corporation,2023-07-10,2023-07-12,2,flat,down,0.624176906318342,0.2373083074991583,0.1385147861824995
NVIDIA Corporation,2023-07-11,2023-07-13,2,up,down,0.5794687790960307,0.28117480759186786,0.13935641331210133
NVIDIA Corporation,2023-07-12,2023-07-14,2,up,down,0.4311202493661704,0.39434788590891534,0.17453186472491417
NVIDIA Corporation,2023-07-13,2023-07-17,2,flat,down,0.4346611300381467,0.43250484436734427,0.13283402559450916
NVIDIA Corporation,2023-07-14,2023-07-18,2,flat,flat,0.3859533169024115,0.5147387667757513,0.09930791632183723
NVIDIA Corporation,2023-07-17,2023-07-19,2,flat,down,0.5499610970465753,0.343092832844949,0.10694607010847564
NVIDIA Corporation,2023-07-18,2023-07-20,2,flat,flat,0.4352774949899553,0.4861612928865492,0.07856121212349551
NVIDIA Corporation,2023-07-19,2023-07-21,2,down,down,0.5649560721098552,0.371494347444834,0.06354958044531071
NVIDIA Corporation,2023-07-20,2023-07-24,2,flat,down,0.541705622295352,0.281122272003253,0.17717210570139472
NVIDIA Corporation,2023-07-21,2023-07-25,2,flat,down,0.6069899278810024,0.2876151372710353,0.10539493484796206
NVIDIA Corporation,2023-07-24,2023-07-26,2,flat,down,0.5926981594704293,0.2509993543598458,0.15630248616972475
NVIDIA Corporation,2023-07-25,2023-07-27,2,flat,down,0.4668300259248484,0.38227425394434106,0.15089572013081062
NVIDIA Corporation,2023-07-26,2023-07-28,2,flat,down,0.5759380869177442,0.2843553787270168,0.139706534355239
NVIDIA Corporation,2023-07-27,2023-07-31,2,flat,down,0.45961007995573167,0.39858303697236314,0.14180688307190517
NVIDIA Corporation,2023-07-28,2023-08-01,2,flat,down,0.5698369382498025,0.31021390916666747,0.11994915258353021
NVIDIA Corporation,2023-07-31,2023-08-02,2,down,down,0.5773963379030695,0.2971745641025201,0.1254290979944104
NVIDIA Corporation,2023-08-01,2023-08-03,2,down,down,0.6212288859654611,0.2519004468739719,0.1268706671605669
NVIDIA Corporation,2023-08-02,2023-08-04,2,flat,down,0.5906652204890979,0.26888320364955776,0.14045157586134402
NVIDIA Corporation,2023-08-03,2023-08-07,2,flat,down,0.554497197340132,0.24934371242844441,0.1961590902314232
NVIDIA Corporation,2023-08-04,2023-08-08,2,flat,down,0.49223584694301176,0.30991523381105235,0.19784891924593598
NVIDIA Corporation,2023-08-07,2023-08-09,2,down,down,0.5700921216768259,0.283635407106575,0.14627247121659914
NVIDIA Corporation,2023-08-08,2023-08-10,2,down,down,0.650107484687314,0.21633289231523503,0.1335596229974506
NVIDIA Corporation,2023-08-09,2023-08-11,2,down,down,0.5686588775895205,0.25596608904404944,0.17537503336642973
NVIDIA Corporation,2023-08-10,2023-08-14,2,flat,down,0.5122985098567129,0.27685444993332814,0.21084704020995873
NVIDIA Corporation,2023-08-11,2023-08-15,2,up,down,0.4291453658947226,0.2889875107132134,0.2818671233920638
NVIDIA Corporation,2023-08-14,2023-08-16,2,up,flat,0.3486202256024834,0.3808938080616807,0.2704859663358359
NVIDIA Corporation,2023-08-15,2023-08-17,2,flat,flat,0.4024514607107887,0.4070618697019317,0.19048666958727975
NVIDIA Corporation,2023-08-16,2023-08-18,2,flat,down,0.479463452311864,0.338114704804208,0.18242184288392785
NVIDIA Corporation,2023-08-17,2023-08-21,2,up,down,0.4899920382830401,0.3336500249760097,0.17635793674095016
NVIDIA Corporation,2023-08-18,2023-08-22,2,up,down,0.4481438201435944,0.36550565740080315,0.18635052245560252
NVIDIA Corporation,2023-08-21,2023-08-23,2,flat,down,0.42305024684703946,0.41447967053313334,0.16247008261982743
NVIDIA Corporation,2023-08-22,2023-08-24,2,flat,flat,0.36311218576483867,0.46294552163808433,0.17394229259707708
NVIDIA Corporation,2023-08-23,2023-08-25,2,flat,down,0.4941555036250102,0.3390717116871845,0.16677278468780518
NVIDIA Corporation,2023-08-24,2023-08-28,2,down,flat,0.42855815576729944,0.428671377612355,0.14277046662034562
NVIDIA Corporation,2023-08-25,2023-08-29,2,flat,down,0.5280403644305177,0.3113690474503565,0.16059058811912577
NVIDIA Corporation,2023-08-28,2023-08-30,2,up,down,0.5228705767550259,0.30244980152604223,0.17467962171893173
NVIDIA Corporation,2023-08-29,2023-08-31,2,flat,flat,0.35956665107397257,0.4800070972227479,0.1604262517032796
NVIDIA Corporation,2023-08-30,2023-09-01,2,flat,flat,0.3673441341013305,0.4651901737471155,0.16746569215155407
NVIDIA Corporation,2023-08-31,2023-09-05,2,flat,down,0.4795852401806531,0.370063975517829,0.15035078430151794
NVIDIA Corporation,2023-09-01,2023-09-06,2,flat,down,0.5271271341885566,0.30586698848866634,0.16700587732277708
NVIDIA Corporation,2023-09-05,2023-09-07,2,down,down,0.4889412217169945,0.33093517869461553,0.18012359958839003
NVIDIA Corporation,2023-09-06,2023-09-08,2,flat,down,0.46409731134955046,0.3854446718968614,0.1504580167535881
NVIDIA Corporation,2023-09-07,2023-09-11,2,flat,down,0.49432059960938707,0.3245592955263824,0.18112010486423047
NVIDIA Corporation,2023-09-08,2023-09-12,2,flat,down,0.46693539270604256,0.31265671580018656,0.22040789149377077
NVIDIA Corporation,2023-09-11,2023-09-13,2,flat,down,0.47626948768147154,0.2886732929822977,0.23505721933623058
NVIDIA Corporation,2023-09-12,2023-09-14,2,flat,down,0.47583014539884017,0.30627810541707245,0.21789174918408713
NVIDIA Corporation,2023-09-13,2023-09-15,2,flat,down,0.475096104486237,0.33220093908358783,0.192702956430175
NVIDIA Corporation,2023-09-14,2023-09-18,2,down,down,0.49148248342247536,0.3659412417134645,0.14257627486406005
NVIDIA Corporation,2023-09-15,2023-09-19,2,flat,down,0.5833695809011687,0.24960840456461483,0.1670220145342162
NVIDIA Corporation,2023-09-18,2023-09-20,2,flat,down,0.4212200429484503,0.3858396278229261,0.19294032922862367
NVIDIA Corporation,2023-09-19,2023-09-21,2,down,down,0.39508373718287276,0.3857302649017924,0.21918599791533494
NVIDIA Corporation,2023-09-20,2023-09-22,2,flat,down,0.4365374691400907,0.36099395905442594,0.20246857180548336
NVIDIA Corporation,2023-09-21,2023-09-25,2,flat,flat,0.33409268857903096,0.4264319341481233,0.23947537727284585
NVIDIA Corporation,2023-09-22,2023-09-26,2,flat,flat,0.3607369408194192,0.406757768227294,0.23250529095328695
NVIDIA Corporation,2023-09-25,2023-09-27,2,flat,flat,0.3442330627477951,0.4274968334211747,0.22827010383103055
NVIDIA Corporation,2023-09-26,2023-09-28,2,flat,flat,0.3798268499234298,0.4157401484179763,0.2044330016585939
NVIDIA Corporation,2023-09-27,2023-09-29,2,flat,flat,0.37757498480220375,0.4043324645610619,0.21809255063673427
NVIDIA Corporation,2023-09-28,2023-10-02,2,up,flat,0.38235689115000765,0.39255058358285255,0.22509252526713974
NVIDIA Corporation,2023-09-29,2023-10-03,2,flat,flat,0.3254561404261627,0.43128997192126006,0.24325388765257747
NVIDIA Corporation,2023-10-02,2023-10-04,2,flat,flat,0.35083123749774375,0.43999389995567556,0.20917486254658096
NVIDIA Corporation,2023-10-03,2023-10-05,2,flat,down,0.3956363739560427,0.3877205923280302,0.21664303371592694
NVIDIA Corporation,2023-10-04,2023-10-06,2,flat,flat,0.384647672542255,0.39097301108222465,0.22437931637552022
NVIDIA Corporation,2023-10-05,2023-10-09,2,flat,flat,0.3810721552301649,0.41196934998959867,0.20695849478023642
NVIDIA Corporation,2023-10-06,2023-10-10,2,flat,flat,0.388809902088967,0.4016610678172106,0.20952903009382237
NVIDIA Corporation,2023-10-09,2023-10-11,2,up,flat,0.3802291332263922,0.41284543761574555,0.20692542915786233
NVIDIA Corporation,2023-10-10,2023-10-12,2,flat,flat,0.3789074326068065,0.41369167274427576,0.20740089464891776
NVIDIA Corporation,2023-10-11,2023-10-13,2,flat,flat,0.33737869813709326,0.4207488759058564,0.24187242595705033
NVIDIA Corporation,2023-10-12,2023-10-16,2,down,down,0.41691581600499716,0.41219705262085804,0.17088713137414474
NVIDIA Corporation,2023-10-13,2023-10-17,2,down,down,0.46326120615475574,0.31180107309205307,0.22493772075319132
NVIDIA Corporation,2023-10-16,2023-10-18,2,down,down,0.4501806321896018,0.35404060711573154,0.19577876069466657
NVIDIA Corporation,2023-10-17,2023-10-19,2,flat,down,0.41242576219766497,0.4003854144375248,0.18718882336481038
NVIDIA Corporation,2023-10-18,2023-10-20,2,flat,down,0.3771393251915018,0.2879640191489634,0.33489665565953464
NVIDIA Corporation,2023-10-19,2023-10-23,2,flat,flat,0.31970498344181947,0.3755466602162255,0.304748356341955
NVIDIA Corporation,2023-10-20,2023-10-24,2,flat,flat,0.29590442734614103,0.42057822350480556,0.28351734914905363
NVIDIA Corporation,2023-10-23,2023-10-25,2,flat,flat,0.3659704162372394,0.4032725006039165,0.23075708315884416
NVIDIA Corporation,2023-10-24,2023-10-26,2,down,flat,0.34784054304548007,0.44428245188501014,0.20787700506950993
NVIDIA Corporation,2023-10-25,2023-10-27,2,down,down,0.4031447868520954,0.356898255089561,0.2399569580583435
NVIDIA Corporation,2023-10-26,2023-10-30,2,flat,flat,0.38716182434530133,0.39022419412254444,0.2226139815321543
NVIDIA Corporation,2023-10-27,2023-10-31,2,flat,flat,0.3609042336816678,0.4143630826586181,0.22473268365971397
NVIDIA Corporation,2023-10-30,2023-11-01,2,flat,flat,0.347126507460801,0.4148808598380439,0.23799263270115528
NVIDIA Corporation,2023-10-31,2023-11-02,2,up,flat,0.3502929817160015,0.41170440746734854,0.23800261081665028
NVIDIA Corporation,2023-11-01,2023-11-03,2,up,flat,0.33837887121613197,0.44210368949503553,0.21951743928883263
NVIDIA Corporation,2023-11-02,2023-11-06,2,up,flat,0.3248074365263822,0.4190915373459015,0.2561010261277164
NVIDIA Corporation,2023-11-03,2023-11-07,2,flat,flat,0.2781727194552542,0.5268384571439579,0.19498882340078832
NVIDIA Corporation,2023-11-06,2023-11-08,2,flat,flat,0.2770473697931376,0.5275891887502282,0.19536344145663445
NVIDIA Corporation,2023-11-07,2023-11-09,2,up,flat,0.3909791286459155,0.4594877341842323,0.1495331371698523
NVIDIA Corporation,2023-11-08,2023-11-10,2,flat,flat,0.4151659731138914,0.4490216704558367,0.13581235643027204
NVIDIA Corporation,2023-11-09,2023-11-13,2,flat,flat,0.3159036503114762,0.4794828970838098,0.20461345260471378
NVIDIA Corporation,2023-11-10,2023-11-14,2,up,down,0.4127959807120253,0.41154988184318236,0.17565413744479236
NVIDIA Corporation,2023-11-13,2023-11-15,2,flat,down,0.4788490627866647,0.3978877933516394,0.12326314386169578
NVIDIA Corporation,2023-11-14,2023-11-16,2,flat,flat,0.3832166481619299,0.43761666377443303,0.17916668806363714
NVIDIA Corporation,2023-11-15,2023-11-17,2,flat,down,0.5221436430272095,0.313062886858919,0.16479347011387166
NVIDIA Corporation,2023-11-16,2023-11-20,2,flat,down,0.535284664064537,0.28632505203981873,0.17839028389564424
NVIDIA Corporation,2023-11-17,2023-11-21,2,flat,down,0.51659032450465,0.36015840249521014,0.1232512730001396
NVIDIA Corporation,2023-11-20,2023-11-22,2,flat,down,0.5291004336602557,0.33883701843774355,0.13206254790200064
NVIDIA Corporation,2023-11-21,2023-11-24,2,down,down,0.5432866280528907,0.30881170072719394,0.14790167121991532
NVIDIA Corporation,2023-11-22,2023-11-27,2,flat,down,0.5291054521842485,0.3375830278578064,0.13331151995794469
NVIDIA Corporation,2023-11-24,2023-11-28,2,flat,down,0.4764930228444475,0.3918987900789154,0.1316081870766369
NVIDIA Corporation,2023-11-27,2023-11-29,2,flat,down,0.5162392458278691,0.3464765696837583,0.13728418448837243
NVIDIA Corporation,2023-11-28,2023-11-30,2,flat,down,0.5337721873127321,0.3019365432150531,0.16429126947221473
NVIDIA Corporation,2023-11-29,2023-12-01,2,down,down,0.5260176029005368,0.3111943037155577,0.1627880933839056
NVIDIA Corporation,2023-11-30,2023-12-04,2,down,down,0.5791456098035068,0.26512907381050616,0.15572531638598694
NVIDIA Corporation,2023-12-01,2023-12-05,2,flat,down,0.5398958197985179,0.2710225382078228,0.18908164199365898
NVIDIA Corporation,2023-12-04,2023-12-06,2,flat,down,0.463153032645725,0.29964350732011114,0.23720346003416373
NVIDIA Corporation,2023-12-05,2023-12-07,2,flat,down,0.4547461520382662,0.30389537016279683,0.24135847779893704
NVIDIA Corporation,2023-12-06,2023-12-08,2,flat,down,0.5257187624080477,0.29972927719635506,0.17455196039559723
NVIDIA Corporation,2023-12-07,2023-12-11,2,flat,down,0.6359360824740721,0.20954082381015893,0.15452309371576883
NVIDIA Corporation,2023-12-08,2023-12-12,2,flat,down,0.4404065327926554,0.3895822814142242,0.17001118579312055
NVIDIA Corporation,2023-12-11,2023-12-13,2,flat,down,0.6174919659591563,0.22733498133648142,0.15517305270436213
NVIDIA Corporation,2023-12-12,2023-12-14,2,flat,down,0.5948232144900757,0.23712531077915736,0.1680514747307671
NVIDIA Corporation,2023-12-13,2023-12-15,2,flat,down,0.4452643800719981,0.3681166729460266,0.18661894698197545
NVIDIA Corporation,2023-12-14,2023-12-18,2,up,down,0.5519072788484138,0.30991932069086575,0.13817340046072057
NVIDIA Corporation,2023-12-15,2023-12-19,2,flat,down,0.5578356932126713,0.32139172858483006,0.12077257820249862
NVIDIA Corporation,2023-12-18,2023-12-20,2,flat,flat,0.38393598681223173,0.4448147009777304,0.17124931221003797
NVIDIA Corporation,2023-12-19,2023-12-21,2,flat,down,0.52881980878997,0.3156219540907563,0.15555823711927377
NVIDIA Corporation,2023-12-20,2023-12-22,2,flat,down,0.536871016891933,0.30132307798805363,0.16180590512001328
NVIDIA Corporation,2023-12-21,2023-12-26,2,flat,down,0.49489037413350073,0.3515868769662567,0.1535227489002423
NVIDIA Corporation,2023-12-22,2023-12-27,2,flat,down,0.5064247078054919,0.3657403776837863,0.12783491451072182
NVIDIA Corporation,2023-12-26,2023-12-28,2,flat,down,0.5027625894930942,0.35900457706095795,0.1382328334459477
NVIDIA Corporation,2023-12-27,2023-12-29,2,flat,down,0.4955956069224676,0.3664049850939531,0.13799940798357924
NVIDIA Corporation,2023-12-28,2024-01-02,2,flat,down,0.5297286401422412,0.3399212298199706,0.13035013003778814
NVIDIA Corporation,2023-12-29,2024-01-03,2,down,down,0.5538346282915011,0.3253839183828987,0.12078145332560011
NVIDIA Corporation,2024-01-02,2024-01-04,2,flat,down,0.5491707278160384,0.3293268747799772,0.12150239740398408
NVIDIA Corporation,2024-01-03,2024-01-05,2,up,down,0.542781195010854,0.2621454898041065,0.1950733151850393
NVIDIA Corporation,2024-01-04,2024-01-08,2,up,down,0.5081188488863355,0.3018167549442207,0.19006439616944376
NVIDIA Corporation,2024-01-05,2024-01-09,2,up,down,0.46593191794002636,0.3752745597773038,0.15879352228267002
NVIDIA Corporation,2024-01-08,2024-01-10,2,up,down,0.4103753035596682,0.4072851236947432,0.18233957274558862
NVIDIA Corporation,2024-01-09,2024-01-11,2,up,flat,0.38107927863813024,0.4632496868694434,0.15567103449242647
NVIDIA Corporation,2024-01-10,2024-01-12,2,flat,down,0.44847675047904223,0.4349145446182693,0.1166087049026884
NVIDIA Corporation,2024-01-11,2024-01-16,2,flat,down,0.5139244386803778,0.413723396621669,0.07235216469795314
NVIDIA Corporation,2024-01-12,2024-01-17,2,flat,down,0.6050611748682001,0.3167795280789877,0.07815929705281227
NVIDIA Corporation,2024-01-16,2024-01-18,2,flat,flat,0.3999104246996439,0.511000907215909,0.08908866808444699
NVIDIA Corporation,2024-01-17,2024-01-19,2,up,down,0.543700876417592,0.373545905891064,0.08275321769134404
NVIDIA Corporation,2024-01-18,2024-01-22,2,up,flat,0.4130279587635507,0.46505676262913836,0.12191527860731079
NVIDIA Corporation,2024-01-19,2024-01-23,2,flat,flat,0.4082235454775093,0.495725646576318,0.09605080794617261
NVIDIA Corporation,2024-01-22,2024-01-24,2,flat,flat,0.4431260700643609,0.4688126991971339,0.08806123073850518
NVIDIA Corporation,2024-01-23,2024-01-25,2,up,down,0.5645180587581298,0.3372966124085907,0.09818532883327945
NVIDIA Corporation,2024-01-24,2024-01-26,2,flat,flat,0.4439604932635726,0.47534653408546956,0.08069297265095784
NVIDIA Corporation,2024-01-25,2024-01-29,2,flat,down,0.5385727597344,0.4163763797928396,0.04505086047276039
NVIDIA Corporation,2024-01-26,2024-01-30,2,flat,down,0.5727747882276182,0.295861794126981,0.13136341764540077
NVIDIA Corporation,2024-01-29,2024-01-31,2,flat,down,0.5651264480620088,0.341137376512079,0.093736175425912
NVIDIA Corporation,2024-01-30,2024-02-01,2,flat,down,0.480317225604969,0.42185269363206307,0.09783008076296808
NVIDIA Corporation,2024-01-31,2024-02-02,2,up,down,0.5585202614549294,0.2755204427463171,0.16595929579875324
NVIDIA Corporation,2024-02-01,2024-02-05,2,up,down,0.5158302632547822,0.37346496382325856,0.11070477292195913
NVIDIA Corporation,2024-02-02,2024-02-06,2,up,flat,0.3957335934522287,0.5145169693710687,0.0897494371767027
NVIDIA Corporation,2024-02-05,2024-02-07,2,flat,down,0.48125186986478213,0.4325231681142342,0.08622496202098365
NVIDIA Corporation,2024-02-06,2024-02-08,2,flat,down,0.553546813790958,0.348350503051998,0.09810268315704379
NVIDIA Corporation,2024-02-07,2024-02-09,2,up,down,0.5860349069481378,0.35752815040815117,0.05643694264371105
NVIDIA Corporation,2024-02-08,2024-02-12,2,up,down,0.5678726395985961,0.3682277668672528,0.06389959353415123
NVIDIA Corporation,2024-02-09,2024-02-13,2,flat,down,0.4757804286241396,0.44497137483313504,0.0792481965427254
NVIDIA Corporation,2024-02-12,2024-02-14,2,flat,down,0.4532980334811241,0.4522104379900791,0.09449152852879684
NVIDIA Corporation,2024-02-13,2024-02-15,2,flat,down,0.5808308654768749,0.2907364648682924,0.12843266965483266
NVIDIA Corporation,2024-02-14,2024-02-16,2,flat,flat,0.41209454022310965,0.48813241617742414,0.09977304359946626
NVIDIA Corporation,2024-02-15,2024-02-20,2,down,down,0.5878622548861504,0.30436167206740894,0.10777607304644066
NVIDIA Corporation,2024-02-16,2024-02-21,2,down,down,0.5747778400555559,0.33224510038916805,0.092977059555276
NVIDIA Corporation,2024-02-20,2024-02-22,2,up,down,0.631944317646938,0.26655288014050305,0.10150280221255878
NVIDIA Corporation,2024-02-21,2024-02-23,2,up,down,0.5418608073788784,0.28750365810823114,0.17063553451289024
NVIDIA Corporation,2024-02-22,2024-02-26,2,flat,down,0.42871555248413723,0.4180889112695001,0.1531955362463627
NVIDIA Corporation,2024-02-23,2024-02-27,2,flat,flat,0.3927109862808649,0.4930194774498247,0.11426953626931048
NVIDIA Corporation,2024-02-26,2024-02-28,2,flat,down,0.4987190622762935,0.3217689668156919,0.17951197090801457
NVIDIA Corporation,2024-02-27,2024-02-29,2,flat,down,0.5863806545225699,0.2818139774225872,0.13180536805484303
NVIDIA Corporation,2024-02-28,2024-03-01,2,flat,down,0.5162115350905134,0.35364172416667833,0.13014674074280852
NVIDIA Corporation,2024-02-29,2024-03-04,2,up,down,0.4621157315983136,0.39035472860874854,0.14752953979293804
NVIDIA Corporation,2024-03-01,2024-03-05,2,up,flat,0.3851532349801963,0.46720791156273284,0.14763885345707103
NVIDIA Corporation,2024-03-04,2024-03-06,2,flat,flat,0.3890866289293051,0.5176485186807441,0.09326485238995089
NVIDIA Corporation,2024-03-05,2024-03-07,2,up,down,0.5321094232551388,0.3669013775958186,0.1009891991490426
NVIDIA Corporation,2024-03-06,2024-03-08,2,flat,flat,0.44262241799626906,0.4738610654753766,0.08351651652835441
NVIDIA Corporation,2024-03-07,2024-03-11,2,down,flat,0.4394772178018793,0.4670842447772106,0.09343853742091011
NVIDIA Corporation,2024-03-08,2024-03-12,2,flat,down,0.5551811953244268,0.36327135266317656,0.08154745201239695
NVIDIA Corporation,2024-03-11,2024-03-13,2,flat,down,0.461091667686935,0.39231220234496994,0.1465961299680949
NVIDIA Corporation,2024-03-12,2024-03-14,2,flat,flat,0.36511346914763526,0.4853788420666285,0.14950768878573634
NVIDIA Corporation,2024-03-13,2024-03-15,2,flat,down,0.5012739020146655,0.36193343579495535,0.1367926621903792
NVIDIA Corporation,2024-03-14,2024-03-18,2,flat,down,0.5191593912724596,0.31818577688154454,0.16265483184599572
NVIDIA Corporation,2024-03-15,2024-03-19,2,flat,down,0.5472775067609161,0.29804884498308487,0.15467364825599889
NVIDIA Corporation,2024-03-18,2024-03-20,2,flat,flat,0.41516335808488763,0.433962741025036,0.1508739008900765
NVIDIA Corporation,2024-03-19,2024-03-21,2,flat,down,0.601714954923186,0.26881401814053696,0.12947102693627674
NVIDIA Corporation,2024-03-20,2024-03-22,2,flat,flat,0.41517633467228515,0.4527028727264518,0.1321207926012631
NVIDIA Corporation,2024-03-21,2024-03-25,2,flat,down,0.4267557343148669,0.3895764928239299,0.18366777286120328
NVIDIA Corporation,2024-03-22,2024-03-26,2,flat,down,0.5190218488567572,0.3604276806380344,0.12055047050520849
NVIDIA Corporation,2024-03-25,2024-03-27,2,flat,down,0.4360772133417987,0.41458291401301095,0.14933987264519036
NVIDIA Corporation,2024-03-26,2024-03-28,2,flat,down,0.6042441267369371,0.2597975407926938,0.13595833247036912
NVIDIA Corporation,2024-03-27,2024-04-01,2,flat,down,0.5868546602514737,0.28798522659704345,0.12516011315148268
NVIDIA Corporation,2024-03-28,2024-04-02,2,flat,down,0.5739851175661365,0.27848929733868977,0.1475255850951734
NVIDIA Corporation,2024-04-01,2024-04-03,2,flat,down,0.5137680554864725,0.329095008762,0.1571369357515274
NVIDIA Corporation,2024-04-02,2024-04-04,2,flat,down,0.5222644664382879,0.27239196742219624,0.2053435661395155
NVIDIA Corporation,2024-04-03,2024-04-05,2,flat,down,0.5351149855213002,0.2919245996165649,0.17296041486213473
NVIDIA Corporation,2024-04-04,2024-04-08,2,flat,down,0.6018364171017666,0.24145752508858753,0.15670605780964558
NVIDIA Corporation,2024-04-05,2024-04-09,2,flat,down,0.627775976076572,0.23572908796348757,0.13649493595994022
NVIDIA Corporation,2024-04-08,2024-04-10,2,flat,down,0.5416041235880672,0.3080346577102067,0.15036121870172614
NVIDIA Corporation,2024-04-09,2024-04-11,2,flat,down,0.5904895415305988,0.23973129103370494,0.1697791674356959
NVIDIA Corporation,2024-04-10,2024-04-12,2,up,down,0.5324996497756268,0.27607346666025895,0.19142688356411391
NVIDIA Corporation,2024-04-11,2024-04-15,2,flat,down,0.43610518791679764,0.4252344855440966,0.1386603265391059
NVIDIA Corporation,2024-04-12,2024-04-16,2,flat,down,0.5886180027456296,0.27583584133334726,0.13554615592102323
NVIDIA Corporation,2024-04-15,2024-04-17,2,flat,down,0.6004422144109574,0.25555425525525755,0.1440035303337848
NVIDIA Corporation,2024-04-16,2024-04-18,2,flat,down,0.5548219620427264,0.2820171873006826,0.16316085065659078
NVIDIA Corporation,2024-04-17,2024-04-19,2,down,down,0.5365335904597881,0.29392520587637216,0.16954120366383946
NVIDIA Corporation,2024-04-18,2024-04-22,2,down,down,0.48796267958865747,0.28886147513213556,0.22317584527920672
NVIDIA Corporation,2024-04-19,2024-04-23,2,flat,flat,0.3554969273635584,0.364319962664182,0.2801831099722598
NVIDIA Corporation,2024-04-22,2024-04-24,2,flat,flat,0.34691546225971387,0.36247279553614065,0.2906117422041457
NVIDIA Corporation,2024-04-23,2024-04-25,2,flat,flat,0.3520058579032673,0.40395793834160754,0.24403620375512527
NVIDIA Corporation,2024-04-24,2024-04-26,2,up,down,0.41502982524902565,0.3683146729784335,0.2166555017725409
NVIDIA Corporation,2024-04-25,2024-04-29,2,up,down,0.39376028697317556,0.38186848248100774,0.22437123054581665
NVIDIA Corporation,2024-04-26,2024-04-30,2,flat,flat,0.3282910562867691,0.45936759250683223,0.2123413512063989
NVIDIA Corporation,2024-04-29,2024-05-01,2,flat,flat,0.3633616014238596,0.46676845662786265,0.16986994194827798
NVIDIA Corporation,2024-04-30,2024-05-02,2,flat,flat,0.36363477168779185,0.46114280664596263,0.17522242166624585
NVIDIA Corporation,2024-05-01,2024-05-03,2,up,flat,0.35624786564299993,0.44370604759991134,0.20004608675708874
NVIDIA Corporation,2024-05-02,2024-05-06,2,up,flat,0.32402293462310766,0.4815684059385359,0.19440865943835653
NVIDIA Corporation,2024-05-03,2024-05-07,2,flat,flat,0.2983807644014662,0.45609804574984153,0.24552118984869245
NVIDIA Corporation,2024-05-06,2024-05-08,2,flat,flat,0.3088127451537625,0.45620953681893633,0.23497771802730102
NVIDIA Corporation,2024-05-07,2024-05-09,2,flat,down,0.4149166568293268,0.36614703530044324,0.21893630787022988
NVIDIA Corporation,2024-05-08,2024-05-10,2,flat,down,0.5242644386332898,0.2933989104608108,0.18233665090589948
NVIDIA Corporation,2024-05-09,2024-05-13,2,flat,down,0.49712048540865966,0.3282329237630335,0.17464659082830683
NVIDIA Corporation,2024-05-10,2024-05-14,2,flat,down,0.47876757013953136,0.37071292748289286,0.15051950237757572
NVIDIA Corporation,2024-05-13,2024-05-15,2,flat,down,0.5043225584131716,0.3434375078975679,0.15223993368926042
NVIDIA Corporation,2024-05-14,2024-05-16,2,up,down,0.4878597273755455,0.3725212534267011,0.1396190191977533
NVIDIA Corporation,2024-05-15,2024-05-17,2,flat,flat,0.37325522392120164,0.4342114541517258,0.1925333219270726
NVIDIA Corporation,2024-05-16,2024-05-20,2,flat,down,0.45702833864426745,0.40182762981341497,0.1411440315423177
NVIDIA Corporation,2024-05-17,2024-05-21,2,flat,down,0.5312276496032103,0.28435784457713575,0.18441450581965385
NVIDIA Corporation,2024-05-20,2024-05-22,2,flat,down,0.5103801989536049,0.36591963367888974,0.12370016736750532
NVIDIA Corporation,2024-05-21,2024-05-23,2,up,down,0.5219540413799065,0.34102282649820503,0.13702313212188838
NVIDIA Corporation,2024-05-22,2024-05-24,2,up,down,0.5248267148395251,0.32723599083991545,0.14793729432055935
NVIDIA Corporation,2024-05-23,2024-05-28,2,down,flat,0.41616606708698384,0.4678227811629986,0.11601115175001767
NVIDIA Corporation,2024-05-24,2024-05-29,2,down,down,0.5275728261626547,0.41017417315147514,0.062253000685870086
NVIDIA Corporation,2024-05-28,2024-05-30,2,flat,flat,0.35273703605605017,0.41046490424020604,0.2367980597037439
NVIDIA Corporation,2024-05-29,2024-05-31,2,flat,flat,0.31314504595964143,0.4566857100743836,0.230169243965975
NVIDIA Corporation,2024-05-30,2024-06-03,2,flat,flat,0.28929994010231264,0.4893157505443938,0.2213843093532934
NVIDIA Corporation,2024-05-31,2024-06-04,2,flat,flat,0.3145649926241117,0.4764786973590166,0.2089563100168717
NVIDIA Corporation,2024-06-03,2024-06-05,2,flat,flat,0.29852007723501967,0.49128101004917923,0.210198912715801
NVIDIA Corporation,2024-06-04,2024-06-06,2,flat,flat,0.31989389534439955,0.5029972812384664,0.17710882341713421
NVIDIA Corporation,2024-06-05,2024-06-07,2,flat,flat,0.29313518270756256,0.5310801282096225,0.17578468908281514
NVIDIA Corporation,2024-06-06,2024-06-10,2,flat,flat,0.30010493890486895,0.5192200709275311,0.18067499016759997
NVIDIA Corporation,2024-06-07,2024-06-11,2,flat,flat,0.32736156182608483,0.4949427741913361,0.17769566398257922
NVIDIA Corporation,2024-06-10,2024-06-12,2,flat,flat,0.32578932268327526,0.5129292242638638,0.1612814530528609
NVIDIA Corporation,2024-06-11,2024-06-13,2,flat,flat,0.32241427624922864,0.5081036882338571,0.16948203551691432
NVIDIA Corporation,2024-06-12,2024-06-14,2,flat,flat,0.30409420745918,0.4963509279472907,0.19955486459352947
"Tesla, Inc.",2021-09-01,2021-09-03,2,flat,flat,0.12191773377914857,0.7737321943978798,0.1043500718229715
"Tesla, Inc.",2021-09-02,2021-09-07,2,flat,flat,0.17668981144695678,0.72743340782454,0.09587678072850306
"Tesla, Inc.",2021-09-03,2021-09-08,2,up,flat,0.14807286729754743,0.761500094343644,0.09042703835880836
"Tesla, Inc.",2021-09-07,2021-09-09,2,flat,flat,0.2824437718981537,0.6272713148475083,0.09028491325433816
"Tesla, Inc.",2021-09-08,2021-09-10,2,flat,flat,0.32388618496525934,0.5855794087458306,0.09053440628891009
"Tesla, Inc.",2021-09-09,2021-09-13,2,down,flat,0.3623289569925728,0.5594097536052266,0.07826128940220052
"Tesla, Inc.",2021-09-10,2021-09-14,2,flat,flat,0.35546265038063823,0.5820486011069749,0.06248874851238696
"Tesla, Inc.",2021-09-13,2021-09-15,2,flat,flat,0.21545415811769486,0.7006955070553196,0.08385033482698534
"Tesla, Inc.",2021-09-14,2021-09-16,2,flat,flat,0.30888377371572173,0.6005052234919738,0.09061100279230501
"Tesla, Inc.",2021-09-15,2021-09-17,2,flat,flat,0.36536544524999875,0.5164288187256895,0.11820573602431177
"Tesla, Inc.",2021-09-16,2021-09-20,2,down,flat,0.3613832930095877,0.5213193803859213,0.11729732660449102
"Tesla, Inc.",2021-09-17,2021-09-21,2,down,flat,0.4057052685486661,0.48886343722243575,0.10543129422889798
"Tesla, Inc.",2021-09-20,2021-09-22,2,flat,flat,0.2812738219535998,0.615299866488428,0.1034263115579723
"Tesla, Inc.",2021-09-21,2021-09-23,2,flat,flat,0.36758118382064336,0.47512722115186323,0.15729159502749382
"Tesla, Inc.",2021-09-22,2021-09-24,2,flat,flat,0.3710069308956877,0.48483752305268996,0.14415554605162265
"Tesla, Inc.",2021-09-23,2021-09-27,2,up,flat,0.3807403027288837,0.4848173872795907,0.13444230999152565
"Tesla, Inc.",2021-09-24,2021-09-28,2,up,flat,0.3703671778153681,0.5049190599617558,0.12471376222287606
"Tesla, Inc.",2021-09-27,2021-09-29,2,flat,flat,0.3831308959384437,0.47417886793822794,0.14269023612332843
"Tesla, Inc.",2021-09-28,2021-09-30,2,flat,flat,0.4345603889663152,0.47843119363021386,0.08700841740347115
"Tesla, Inc.",2021-09-29,2021-10-01,2,flat,down,0.5358206502060819,0.40911913597450045,0.05506021381941773
"Tesla, Inc.",2021-09-30,2021-10-04,2,flat,down,0.4661448793023763,0.4517510586032338,0.08210406209438989
"Tesla, Inc.",2021-10-01,2021-10-05,2,flat,flat,0.34162992834010014,0.5772447794908823,0.0811252921690174
"Tesla, Inc.",2021-10-04,2021-10-06,2,flat,down,0.515057024804749,0.41764139518923515,0.06730158000601567
"Tesla, Inc.",2021-10-05,2021-10-07,2,flat,flat,0.45101478215797847,0.47690065763506395,0.07208456020695757
"Tesla, Inc.",2021-10-06,2021-10-08,2,flat,flat,0.42946802571101705,0.4902945129242863,0.08023746136469675
"Tesla, Inc.",2021-10-07,2021-10-11,2,flat,down,0.49900935841553623,0.42807701066925974,0.07291363091520385
"Tesla, Inc.",2021-10-08,2021-10-12,2,flat,down,0.5136103105984379,0.41249339465782464,0.07389629474373756
"Tesla, Inc.",2021-10-11,2021-10-13,2,flat,down,0.4739860621645488,0.43596678436458114,0.09004715347087008
"Tesla, Inc.",2021-10-12,2021-10-14,2,flat,down,0.569694048882241,0.3554119854125217,0.07489396570523749
"Tesla, Inc.",2021-10-13,2021-10-15,2,up,down,0.5543056640157243,0.3594140199528731,0.08628031603140267
"Tesla, Inc.",2021-10-14,2021-10-18,2,up,down,0.5425230633847824,0.36498717751406423,0.09248975910115348
"Tesla, Inc.",2021-10-15,2021-10-19,2,up,down,0.4585274248762822,0.42198743435742664,0.1194851407662913
"Tesla, Inc.",2021-10-18,2021-10-20,2,flat,flat,0.3925860232637071,0.48147682160737576,0.1259371551289171
"Tesla, Inc.",2021-10-19,2021-10-21,2,flat,down,0.45693760600306865,0.4320030894740827,0.11105930452284868
"Tesla, Inc.",2021-10-20,2021-10-22,2,up,down,0.47452459709258243,0.4384089536383077,0.08706644926911011
"Tesla, Inc.",2021-10-21,2021-10-25,2,up,down,0.4854867415173152,0.4022106491628646,0.11230260931982042
"Tesla, Inc.",2021-10-22,2021-10-26,2,up,flat,0.4148795048890971,0.4432174064313566,0.1419030886795463
"Tesla, Inc.",2021-10-25,2021-10-27,2,up,flat,0.3820934527627161,0.4865771389755884,0.1313294082616955
"Tesla, Inc.",2021-10-26,2021-10-28,2,up,flat,0.3513442654742965,0.5014120500887821,0.14724368443692132
"Tesla, Inc.",2021-10-27,2021-10-29,2,up,flat,0.3372228155372079,0.500998553827538,0.1617786306352538
"Tesla, Inc.",2021-10-28,2021-11-01,2,up,flat,0.3492868618072218,0.47902884469744367,0.1716842934953345
"Tesla, Inc.",2021-10-29,2021-11-02,2,up,flat,0.3785972642274883,0.4662136146685716,0.1551891211039402
"Tesla, Inc.",2021-11-01,2021-11-03,2,flat,flat,0.34384306379482654,0.4904298047135829,0.1657271314915903
"Tesla, Inc.",2021-11-02,2021-11-04,2,up,flat,0.3291053438811023,0.4754394803783489,0.19545517574054863
"Tesla, Inc.",2021-11-03,2021-11-05,2,flat,flat,0.3645287636082834,0.4510067399374191,0.1844644964542973
"Tesla, Inc.",2021-11-04,2021-11-08,2,down,flat,0.37890051848819445,0.4525307223700289,0.16856875914177671
"Tesla, Inc.",2021-11-05,2021-11-09,2,down,flat,0.3620811255877513,0.4590497778359159,0.17886909657633282
"Tesla, Inc.",2021-11-08,2021-11-10,2,down,flat,0.25827535599364393,0.4939192935179276,0.24780535048842847
"Tesla, Inc.",2021-11-09,2021-11-11,2,flat,flat,0.23923159864586474,0.4646231198038729,0.29614528155026215
"Tesla, Inc.",2021-11-10,2021-11-12,2,flat,flat,0.2193477502295507,0.44585141150243396,0.3348008382680154
"Tesla, Inc.",2021-11-11,2021-11-15,2,flat,flat,0.21863281322091427,0.48311802961827455,0.29824915716081146
"Tesla, Inc.",2021-11-12,2021-11-16,2,flat,flat,0.21402929457886802,0.4891829268813435,0.2967877785397885
"Tesla, Inc.",2021-11-15,2021-11-17,2,up,flat,0.2516156823579924,0.4537243776138218,0.2946599400281857
"Tesla, Inc.",2021-11-16,2021-11-18,2,up,flat,0.20856813468597127,0.4671115175969514,0.32432034771707746
"Tesla, Inc.",2021-11-17,2021-11-19,2,flat,flat,0.2907678317152662,0.4911882006344176,0.21804396765031625
"Tesla, Inc.",2021-11-18,2021-11-22,2,flat,flat,0.2838723263873823,0.48296503366141574,0.233162639951202
"Tesla, Inc.",2021-11-19,2021-11-23,2,flat,flat,0.313431523842369,0.5144982121020735,0.17207026405555725
"Tesla, Inc.",2021-11-22,2021-11-24,2,down,flat,0.2721181235155178,0.5476262550713134,0.18025562141316886
"Tesla, Inc.",2021-11-23,2021-11-26,2,flat,flat,0.3097239115811843,0.49311053501848967,0.19716555340032577
"Tesla, Inc.",2021-11-24,2021-11-29,2,flat,flat,0.295525980867331,0.4382952660459574,0.26617875308671146
"Tesla, Inc.",2021-11-26,2021-11-30,2,flat,flat,0.24222166899254233,0.43099061101114977,0.3267877199963079
"Tesla, Inc.",2021-11-29,2021-12-01,2,flat,flat,0.2744418661612762,0.48457690905894346,0.24098122477978048
"Tesla, Inc.",2021-11-30,2021-12-02,2,flat,flat,0.28934964567398636,0.485167759549191,0.22548259477682261
"Tesla, Inc.",2021-12-01,2021-12-03,2,down,flat,0.353885935684906,0.40943295184066164,0.23668111247443235
"Tesla, Inc.",2021-12-02,2021-12-06,2,down,flat,0.2829183357955218,0.4780877773131187,0.23899388689135936
"Tesla, Inc.",2021-12-03,2021-12-07,2,flat,flat,0.2505147966294044,0.46334711004016454,0.28613809333043105
"Tesla, Inc.",2021-12-06,2021-12-08,2,flat,flat,0.20489398179655896,0.5280598573432657,0.2670461608601755
"Tesla, Inc.",2021-12-07,2021-12-09,2,flat,flat,0.19175672883123776,0.5829523222105231,0.22529094895823942
"Tesla, Inc.",2021-12-08,2021-12-10,2,flat,flat,0.2640174988174045,0.4861926846400928,0.24978981654250262
"Tesla, Inc.",2021-12-09,2021-12-13,2,flat,flat,0.2930521354494118,0.47610411418979415,0.230843750360794
"Tesla, Inc.",2021-12-10,2021-12-14,2,flat,flat,0.285069383302121,0.4893966931850524,0.22553392351282653
"Tesla, Inc.",2021-12-13,2021-12-15,2,flat,flat,0.2658894516843591,0.5148168665476711,0.21929368176796943
"Tesla, Inc.",2021-12-14,2021-12-16,2,flat,flat,0.23252593997404142,0.5628322294283177,0.2046418305976407
"Tesla, Inc.",2021-12-15,2021-12-17,2,flat,flat,0.2105642841460932,0.5605982833570328,0.22883743249687405
"Tesla, Inc.",2021-12-16,2021-12-20,2,flat,flat,0.3154192746924184,0.5092821315081987,0.1752985937993827
"Tesla, Inc.",2021-12-17,2021-12-21,2,flat,flat,0.3495761849187787,0.4938627400192741,0.15656107506194716
"Tesla, Inc.",2021-12-20,2021-12-22,2,up,flat,0.32096886250899687,0.4920847782094613,0.18694635928154185
"Tesla, Inc.",2021-12-21,2021-12-23,2,up,flat,0.31164165114617776,0.5079920857297808,0.1803662631240415
"Tesla, Inc.",2021-12-22,2021-12-27,2,up,flat,0.31325168943182213,0.5261804616304865,0.16056784893769152
"Tesla, Inc.",2021-12-23,2021-12-28,2,up,flat,0.2680844560358152,0.5789840606548563,0.1529314833093287
"Tesla, Inc.",2021-12-27,2021-12-29,2,flat,flat,0.24118282910404,0.5831581271875466,0.17565904370841387
"Tesla, Inc.",2021-12-28,2021-12-30,2,flat,flat,0.2706120909336844,0.5731715482998423,0.15621636076647344
"Tesla, Inc.",2021-12-29,2021-12-31,2,flat,flat,0.26804840653728046,0.5964347339731817,0.13551685948953773
"Tesla, Inc.",2021-12-30,2022-01-03,2,up,flat,0.27866557075273507,0.5647475357007788,0.15658689354648594
"Tesla, Inc.",2021-12-31,2022-01-04,2,up,flat,0.2890546380252921,0.5210387805682255,0.1899065814064825
"Tesla, Inc.",2022-01-03,2022-01-05,2,flat,flat,0.264588153341128,0.5470775748360642,0.188334271822808
"Tesla, Inc.",2022-01-04,2022-01-06,2,down,flat,0.2800421350833331,0.5376363361192982,0.1823215287973686
"Tesla, Inc.",2022-01-05,2022-01-07,2,down,flat,0.3098261073213229,0.5250718949328617,0.16510199774581558
"Tesla, Inc.",2022-01-06,2022-01-10,2,flat,flat,0.24568930854314572,0.5268197874295396,0.22749090402731476
"Tesla, Inc.",2022-01-07,2022-01-11,2,flat,flat,0.2746780391267365,0.471449105370749,0.2538728555025145
"Tesla, Inc.",2022-01-10,2022-01-12,2,up,flat,0.2368842487015178,0.4530607563724429,0.31005499492603916
"Tesla, Inc.",2022-01-11,2022-01-13,2,flat,flat,0.2511464857542939,0.506447354676837,0.24240615956886935
"Tesla, Inc.",2022-01-12,2022-01-14,2,flat,flat,0.2726728570748527,0.513910490761321,0.2134166521638263
"Tesla, Inc.",2022-01-13,2022-01-18,2,flat,flat,0.33050789693911575,0.46522974104258175,0.20426236201830236
"Tesla, Inc.",2022-01-14,2022-01-19,2,flat,flat,0.3234498409790173,0.4939374564955339,0.1826127025254486
"Tesla, Inc.",2022-01-18,2022-01-20,2,flat,flat,0.29694395512986754,0.49195890911108564,0.21109713575904673
"Tesla, Inc.",2022-01-19,2022-01-21,2,flat,flat,0.3079706587370363,0.46394422494069154,0.228085116322272
"Tesla, Inc.",2022-01-20,2022-01-24,2,down,flat,0.2986590666729752,0.48750373482632936,0.2138371985006952
"Tesla, Inc.",2022-01-21,2022-01-25,2,flat,flat,0.26371306471912304,0.5301147631439747,0.20617217213690212
"Tesla, Inc.",2022-01-24,2022-01-26,2,flat,flat,0.2391914023403507,0.5717968755214272,0.18901172213822226
"Tesla, Inc.",2022-01-25,2022-01-27,2,flat,flat,0.2538534009303957,0.5350482652232864,0.2110983338463179
"Tesla, Inc.",2022-01-26,2022-01-28,2,down,flat,0.250066121527949,0.5683659224210033,0.1815679560510477
"Tesla, Inc.",2022-01-27,2022-01-31,2,flat,flat,0.33284547704004985,0.5181308121543865,0.14902371080556345
"Tesla, Inc.",2022-01-28,2022-02-01,2,up,flat,0.3020149588838194,0.4984851682114028,0.19949987290477747
"Tesla, Inc.",2022-01-31,2022-02-02,2,flat,flat,0.2216209673660699,0.5924469548398058,0.18593207779412435
"Tesla, Inc.",2022-02-01,2022-02-03,2,flat,flat,0.2856165124777012,0.5440410681546808,0.1703424193676182
"Tesla, Inc.",2022-02-02,2022-02-04,2,flat,flat,0.33810843961494974,0.5262137930926117,0.13567776729243872
"Tesla, Inc.",2022-02-03,2022-02-07,2,flat,flat,0.3976773075021017,0.4707242921479318,0.13159840034996653
"Tesla, Inc.",2022-02-04,2022-02-08,2,flat,flat,0.31390672197039815,0.5388824853674742,0.1472107926621277
"Tesla, Inc.",2022-02-07,2022-02-09,2,flat,flat,0.3767574577668988,0.4751906452335387,0.1480518969995625
"Tesla, Inc.",2022-02-08,2022-02-10,2,flat,flat,0.3712168446759286,0.46275377873389706,0.16602937659017447
"Tesla, Inc.",2022-02-09,2022-02-11,2,flat,flat,0.29309562680016155,0.5335025043185088,0.17340186888132966
"Tesla, Inc.",2022-02-10,2022-02-14,2,flat,flat,0.32686221438683205,0.5247641410141307,0.14837364459903712
"Tesla, Inc.",2022-02-11,2022-02-15,2,flat,flat,0.2869527275687225,0.5492846979283259,0.16376257450295156
"Tesla, Inc.",2022-02-14,2022-02-16,2,flat,flat,0.29754714453813175,0.4863837469931926,0.21606910846867533
"Tesla, Inc.",2022-02-15,2022-02-17,2,flat,flat,0.25924220986625457,0.536215873062694,0.20454191707105163
"Tesla, Inc.",2022-02-16,2022-02-18,2,down,flat,0.2880633616920099,0.5184951442528476,0.19344149405514244
"Tesla, Inc.",2022-02-17,2022-02-22,2,down,flat,0.30818565746488313,0.5189949625358276,0.1728193799992892
"Tesla, Inc.",2022-02-18,2022-02-23,2,down,flat,0.27038416648630886,0.5740437407414118,0.1555720927722793
"Tesla, Inc.",2022-02-22,2022-02-24,2,down,flat,0.3046560268083907,0.48014005329576476,0.21520391989584448
"Tesla, Inc.",2022-02-23,2022-02-25,2,flat,flat,0.27073570513504597,0.48413954455034947,0.2451247503146044
"Tesla, Inc.",2022-02-24,2022-02-28,2,up,flat,0.2710854376172675,0.49056591689553186,0.23834864548720044
"Tesla, Inc.",2022-02-25,2022-03-01,2,up,flat,0.2329571011166839,0.6151858832972041,0.1518570155861122
"Tesla, Inc.",2022-02-28,2022-03-02,2,flat,flat,0.25186012808236186,0.6210063578418684,0.12713351407577003
"Tesla, Inc.",2022-03-01,2022-03-03,2,flat,flat,0.32345003818712015,0.6044874576800912,0.07206250413278872
"Tesla, Inc.",2022-03-02,2022-03-04,2,flat,flat,0.38432197375309585,0.5542326824386632,0.06144534380824097
"Tesla, Inc.",2022-03-03,2022-03-07,2,flat,flat,0.4228028804292785,0.5375156662999734,0.03968145327074819
"Tesla, Inc.",2022-03-04,2022-03-08,2,flat,flat,0.34456681624465196,0.5458263461906836,0.1096068375646644
"Tesla, Inc.",2022-03-07,2022-03-09,2,flat,flat,0.28641357423149844,0.5491855357275994,0.16440089004090208
"Tesla, Inc.",2022-03-08,2022-03-10,2,flat,flat,0.2696458598120103,0.5769486469978424,0.1534054931901473
"Tesla, Inc.",2022-03-09,2022-03-11,2,flat,flat,0.22975903681633203,0.6303292304955669,0.1399117326881014
"Tesla, Inc.",2022-03-10,2022-03-14,2,down,flat,0.3214290850784593,0.5908742539455397,0.0876966609760008
"Tesla, Inc.",2022-03-11,2022-03-15,2,flat,flat,0.32105473773005,0.5906114083210717,0.08833385394887808
"Tesla, Inc.",2022-03-14,2022-03-16,2,flat,flat,0.3277809351813842,0.5597973962001636,0.11242166861845217
"Tesla, Inc.",2022-03-15,2022-03-17,2,up,flat,0.31719820088603734,0.5563259772250781,0.1264758218888847
"Tesla, Inc.",2022-03-16,2022-03-18,2,up,flat,0.2882527355677072,0.6085573340652916,0.10318993036700165
"Tesla, Inc.",2022-03-17,2022-03-21,2,up,flat,0.23969894715652212,0.6720139261442776,0.08828712669920061
"Tesla, Inc.",2022-03-18,2022-03-22,2,up,flat,0.28920855769050613,0.6443786541753649,0.06641278813412939
"Tesla, Inc.",2022-03-21,2022-03-23,2,up,flat,0.31559774996746515,0.6088372734524535,0.07556497658008164
"Tesla, Inc.",2022-03-22,2022-03-24,2,flat,flat,0.31048299292765963,0.5931966565486414,0.09632035052369922
"Tesla, Inc.",2022-03-23,2022-03-25,2,flat,flat,0.2793387315275544,0.6269553619086686,0.09370590656377724
"Tesla, Inc.",2022-03-24,2022-03-28,2,up,flat,0.30019537532857593,0.5788991987462029,0.12090542592522135
"Tesla, Inc.",2022-03-25,2022-03-29,2,up,flat,0.25907242888646176,0.5932871047372985,0.14764046637623984
"Tesla, Inc.",2022-03-28,2022-03-30,2,flat,flat,0.2504473741649425,0.581222599805283,0.16833002602977448
"Tesla, Inc.",2022-03-29,2022-03-31,2,flat,flat,0.27602880569142113,0.5496566092560462,0.1743145850525325
"Tesla, Inc.",2022-03-30,2022-04-01,2,flat,flat,0.2731384928344151,0.5392167469777974,0.18764476018778709
"Tesla, Inc.",2022-03-31,2022-04-04,2,flat,flat,0.32246473965821826,0.48695156164399767,0.19058369869778363
"Tesla, Inc.",2022-04-01,2022-04-05,2,flat,flat,0.32628495254180534,0.46038941250394366,0.21332563495425078
"Tesla, Inc.",2022-04-04,2022-04-06,2,down,flat,0.33359779551952173,0.4730583613294139,0.19334384315106404
"Tesla, Inc.",2022-04-05,2022-04-07,2,down,flat,0.3232009326538411,0.4520298279247518,0.22476923942140697
"Tesla, Inc.",2022-04-06,2022-04-08,2,flat,flat,0.24218528403021516,0.5095182552300251,0.2482964607397596
"Tesla, Inc.",2022-04-07,2022-04-11,2,down,flat,0.22760183236592466,0.44657312753401635,0.3258250401000592
"Tesla, Inc.",2022-04-08,2022-04-12,2,flat,flat,0.2463990506759629,0.4082947598923213,0.34530618943171576
"Tesla, Inc.",2022-04-11,2022-04-13,2,flat,flat,0.2116282441858194,0.4988892791898951,0.2894824766242855
"Tesla, Inc.",2022-04-12,2022-04-14,2,flat,flat,0.22845702646571223,0.48144278578689514,0.29010018774739277
"Tesla, Inc.",2022-04-13,2022-04-18,2,flat,flat,0.22344216821128485,0.47582929137911806,0.30072854040959707
"Tesla, Inc.",2022-04-14,2022-04-19,2,flat,flat,0.3125182262410624,0.4299700028756145,0.2575117708833231
"Tesla, Inc.",2022-04-18,2022-04-20,2,flat,flat,0.33798576780753437,0.43165971751892684,0.2303545146735388
"Tesla, Inc.",2022-04-19,2022-04-21,2,flat,down,0.427478355621605,0.3918392480925376,0.18068239628585747
"Tesla, Inc.",2022-04-20,2022-04-22,2,flat,down,0.4131017458161947,0.39180268167205623,0.19509557251174903
"Tesla, Inc.",2022-04-21,2022-04-25,2,flat,flat,0.3920478721393161,0.4201455984852084,0.1878065293754755
"Tesla, Inc.",2022-04-22,2022-04-26,2,down,flat,0.37746696033216315,0.4388045413425406,0.18372849832529625
"Tesla, Inc.",2022-04-25,2022-04-27,2,down,flat,0.373218592524629,0.39419775273557156,0.23258365473979953
"Tesla, Inc.",2022-04-26,2022-04-28,2,down,flat,0.27557036884629227,0.5042767836873685,0.2201528474663393
"Tesla, Inc.",2022-04-27,2022-04-29,2,flat,flat,0.21367618488772325,0.5878371027222873,0.19848671238998974
"Tesla, Inc.",2022-04-28,2022-05-02,2,flat,flat,0.2232179394755049,0.5315536310393929,0.24522842948510223
"Tesla, Inc.",2022-04-29,2022-05-03,2,flat,flat,0.2213867001376789,0.5716755721446006,0.20693772771772054
"Tesla, Inc.",2022-05-02,2022-05-04,2,flat,flat,0.27832509361836355,0.5322112719040832,0.18946363447755335
"Tesla, Inc.",2022-05-03,2022-05-05,2,flat,flat,0.2981065574362062,0.5215499269474365,0.18034351561635723
"Tesla, Inc.",2022-05-04,2022-05-06,2,flat,flat,0.38564509864771757,0.47777192150249986,0.13658297984978243
"Tesla, Inc.",2022-05-05,2022-05-09,2,down,flat,0.41759140601587014,0.44915869580216544,0.1332498981819645
"Tesla, Inc.",2022-05-06,2022-05-10,2,down,flat,0.3921886356687901,0.46254595569329665,0.14526540863791335
"Tesla, Inc.",2022-05-09,2022-05-11,2,flat,flat,0.35777588533094606,0.4593194307769389,0.18290468389211487
"Tesla, Inc.",2022-05-10,2022-05-12,2,down,flat,0.26761245324083854,0.48959220595918934,0.242795340799972
"Tesla, Inc.",2022-05-11,2022-05-13,2,flat,flat,0.2575126436415259,0.4841270574323346,0.2583602989261393
"Tesla, Inc.",2022-05-12,2022-05-16,2,flat,flat,0.2619199053496873,0.5201701809472639,0.21790991370304869
"Tesla, Inc.",2022-05-13,2022-05-17,2,flat,flat,0.2088795263120846,0.6553515405563605,0.13576893313155536
"Tesla, Inc.",2022-05-16,2022-05-18,2,flat,flat,0.3523416241753491,0.5579918492472722,0.08966652657737872
"Tesla, Inc.",2022-05-17,2022-05-19,2,flat,flat,0.3810538529928529,0.5052924189441018,0.1136537280630453
"Tesla, Inc.",2022-05-18,2022-05-20,2,flat,flat,0.41259589897610655,0.5056744170046631,0.08172968401923054
"Tesla, Inc.",2022-05-19,2022-05-23,2,flat,flat,0.4224818383686371,0.4801739442007127,0.09734421743065046
"Tesla, Inc.",2022-05-20,2022-05-24,2,flat,flat,0.40011012317727707,0.4854965749979441,0.11439330182477883
"Tesla, Inc.",2022-05-23,2022-05-25,2,flat,flat,0.3997334350176452,0.4676198402088129,0.13264672477354175
"Tesla, Inc.",2022-05-24,2022-05-26,2,flat,flat,0.3114354141958465,0.46664474645304926,0.22191983935110443
"Tesla, Inc.",2022-05-25,2022-05-27,2,up,flat,0.25317820491893583,0.5351298131623576,0.21169198191870675
"Tesla, Inc.",2022-05-26,2022-05-31,2,up,flat,0.230584748704901,0.5823598112147035,0.18705544008039646
"Tesla, Inc.",2022-05-27,2022-06-01,2,flat,flat,0.1729757985383271,0.7293862678663142,0.09763793359535891
"Tesla, Inc.",2022-05-31,2022-06-02,2,flat,flat,0.163244130591351,0.7542035093413024,0.08255236006734638
"Tesla, Inc.",2022-06-01,2022-06-03,2,flat,flat,0.11409371904879917,0.8157385653119761,0.07016771563922455
"Tesla, Inc.",2022-06-02,2022-06-06,2,flat,flat,0.08490267938791637,0.857287262452616,0.05781005815946735
"Tesla, Inc.",2022-06-03,2022-06-07,2,flat,flat,0.12300577963027003,0.7849028300078063,0.09209139036192343
"Tesla, Inc.",2022-06-06,2022-06-08,2,flat,flat,0.11491795198908973,0.7480065212373737,0.13707552677353674
"Tesla, Inc.",2022-06-07,2022-06-09,2,flat,flat,0.12877429926952588,0.7381717686395096,0.1330539320909645
"Tesla, Inc.",2022-06-08,2022-06-10,2,flat,flat,0.1132829803616504,0.7864468937115516,0.10027012592679757
"Tesla, Inc.",2022-06-09,2022-06-13,2,down,flat,0.19342033120743385,0.6960514790915863,0.11052818970098009
"Tesla, Inc.",2022-06-10,2022-06-14,2,flat,flat,0.30093814799816515,0.6546445724951099,0.04441727950672491
"Tesla, Inc.",2022-06-13,2022-06-15,2,flat,flat,0.3193092422103405,0.6030424366788233,0.07764832111083603
"Tesla, Inc.",2022-06-14,2022-06-16,2,flat,flat,0.27929684300854346,0.5994360541568138,0.1212671028346428
"Tesla, Inc.",2022-06-15,2022-06-17,2,flat,flat,0.15380202527385609,0.7441204190790428,0.10207755564710096
"Tesla, Inc.",2022-06-16,2022-06-21,2,flat,flat,0.19922546661823692,0.6740162580570669,0.12675827532469605
"Tesla, Inc.",2022-06-17,2022-06-22,2,up,flat,0.13856742568296762,0.6642295073850767,0.19720306693195577
"Tesla, Inc.",2022-06-21,2022-06-23,2,flat,flat,0.1028655079793994,0.7548221066841879,0.14231238533641277
"Tesla, Inc.",2022-06-22,2022-06-24,2,flat,flat,0.12763988768550552,0.794942664645623,0.07741744766887122
"Tesla, Inc.",2022-06-23,2022-06-27,2,flat,flat,0.1766009287343989,0.7228786228815174,0.10052044838408375
"Tesla, Inc.",2022-06-24,2022-06-28,2,flat,flat,0.06266982839092848,0.8545014763121987,0.08282869529687244
"Tesla, Inc.",2022-06-27,2022-06-29,2,down,flat,0.07737049513416212,0.8058973528878947,0.11673215197794284
"Tesla, Inc.",2022-06-28,2022-06-30,2,down,flat,0.12016338278581964,0.7919169383082104,0.08791967890596963
"Tesla, Inc.",2022-06-29,2022-07-01,2,flat,flat,0.10145558493404895,0.821422340616057,0.0771220744498936
"Tesla, Inc.",2022-06-30,2022-07-05,2,flat,flat,0.10786401958633218,0.7896768346904902,0.10245914572317737
"Tesla, Inc.",2022-07-01,2022-07-06,2,flat,flat,0.08156511157674881,0.7716437629932404,0.1467911254300106
"Tesla, Inc.",2022-07-05,2022-07-07,2,flat,flat,0.136884421980136,0.7449163089434014,0.1181992690764624
"Tesla, Inc.",2022-07-06,2022-07-08,2,up,flat,0.10889201031378516,0.7554549807516959,0.135653008934519
"Tesla, Inc.",2022-07-07,2022-07-11,2,flat,flat,0.13738875273459958,0.7737639963784226,0.08884725088697731
"Tesla, Inc.",2022-07-08,2022-07-12,2,down,flat,0.12521016856088976,0.780052750463487,0.09473708097562313
"Tesla, Inc.",2022-07-11,2022-07-13,2,flat,flat,0.20077426989641226,0.730538621250969,0.06868710885261857
"Tesla, Inc.",2022-07-12,2022-07-14,2,flat,flat,0.12106628668263536,0.7967839763434386,0.08214973697392573
"Tesla, Inc.",2022-07-13,2022-07-15,2,flat,flat,0.08852429893733704,0.7488813516861379,0.16259434937652484
"Tesla, Inc.",2022-07-14,2022-07-18,2,flat,flat,0.08204924117284587,0.7371077033254765,0.18084305550167773
"Tesla, Inc.",2022-07-15,2022-07-19,2,flat,flat,0.08652598932015802,0.7069945227366655,0.20647948794317655
"Tesla, Inc.",2022-07-18,2022-07-20,2,flat,flat,0.08652864964331833,0.7369480253115489,0.17652332504513266
"Tesla, Inc.",2022-07-19,2022-07-21,2,up,flat,0.17321121626661762,0.7263837432167091,0.10040504051667341
"Tesla, Inc.",2022-07-20,2022-07-22,2,up,flat,0.2635987077851635,0.6518610665107506,0.08454022570408574
"Tesla, Inc.",2022-07-21,2022-07-25,2,flat,flat,0.2019705589912988,0.7099796960407029,0.08804974496799843
"Tesla, Inc.",2022-07-22,2022-07-26,2,flat,flat,0.15803742431936077,0.7560486038410603,0.08591397183957902
"Tesla, Inc.",2022-07-25,2022-07-27,2,flat,flat,0.12597943569501405,0.7826565235932399,0.09136404071174549
"Tesla, Inc.",2022-07-26,2022-07-28,2,up,flat,0.12490867159460567,0.8158646043905629,0.05922672401483134
"Tesla, Inc.",2022-07-27,2022-07-29,2,up,flat,0.15276019712481156,0.7769249591109552,0.07031484376423279
"Tesla, Inc.",2022-07-28,2022-08-01,2,up,flat,0.2541240079354057,0.6277651441213693,0.11811084794322549
"Tesla, Inc.",2022-07-29,2022-08-02,2,flat,flat,0.3299342521077761,0.5653757839609609,0.10468996393126324
"Tesla, Inc.",2022-08-01,2022-08-03,2,flat,flat,0.2738518852574456,0.623433499961038,0.10271461478151675
"Tesla, Inc.",2022-08-02,2022-08-04,2,flat,flat,0.3594675658939533,0.5329305090595597,0.10760192504648732
"Tesla, Inc.",2022-08-03,2022-08-05,2,flat,flat,0.362588360391693,0.5343513564198037,0.10306028318850366
"Tesla, Inc.",2022-08-04,2022-08-08,2,down,flat,0.3822850165787483,0.47888342813681567,0.1388315552844362
"Tesla, Inc.",2022-08-05,2022-08-09,2,flat,flat,0.31174653287468146,0.5112749948585006,0.17697847226681784
"Tesla, Inc.",2022-08-08,2022-08-10,2,flat,flat,0.2068160288078549,0.5391967645601362,0.25398720663200897
"Tesla, Inc.",2022-08-09,2022-08-11,2,flat,flat,0.21676573560286694,0.4554918209199297,0.3277424434772035
"Tesla, Inc.",2022-08-10,2022-08-12,2,flat,flat,0.24627755838884532,0.4815871434644334,0.2721352981467217
"Tesla, Inc.",2022-08-11,2022-08-15,2,up,flat,0.29018713384078165,0.41860235361975434,0.2912105125394643
"Tesla, Inc.",2022-08-12,2022-08-16,2,up,flat,0.34672827920668203,0.4345563564960242,0.21871536429729374
"Tesla, Inc.",2022-08-15,2022-08-17,2,flat,flat,0.35066788783563313,0.48859913401877775,0.16073297814558918
"Tesla, Inc.",2022-08-16,2022-08-18,2,flat,flat,0.3267716522747812,0.4937316960104115,0.17949665171480725
"Tesla, Inc.",2022-08-17,2022-08-19,2,flat,flat,0.3541861587640111,0.45492438053656076,0.19088946069942814
"Tesla, Inc.",2022-08-18,2022-08-22,2,down,flat,0.375193659131781,0.416238968099069,0.20856737276915
"Tesla, Inc.",2022-08-19,2022-08-23,2,flat,flat,0.35105234830691784,0.42328407052739325,0.22566358116568888
"Tesla, Inc.",2022-08-22,2022-08-24,2,flat,flat,0.2594550810163348,0.47321334069393667,0.2673315782897289
"Tesla, Inc.",2022-08-23,2022-08-25,2,flat,flat,0.27511709475949375,0.4379480124555066,0.2869348927849995
"Tesla, Inc.",2022-08-24,2022-08-26,2,flat,flat,0.38390412252506584,0.3888122678213463,0.22728360965358788
"Tesla, Inc.",2022-08-25,2022-08-29,2,down,down,0.4306655968382567,0.3626183343167926,0.20671606884495078
"Tesla, Inc.",2022-08-26,2022-08-30,2,down,down,0.46546137235174967,0.3435077929958439,0.19103083465240647
"Tesla, Inc.",2022-08-29,2022-08-31,2,flat,flat,0.33866080929208886,0.472330015379039,0.18900917532887226
"Tesla, Inc.",2022-08-30,2022-09-01,2,flat,flat,0.2471749920617069,0.5097893819488217,0.24303562598947134
"Tesla, Inc.",2022-08-31,2022-09-02,2,flat,flat,0.20825694634136965,0.5452069338013604,0.2465361198572701
"Tesla, Inc.",2022-09-01,2022-09-06,2,flat,flat,0.24926971451224442,0.6123969704056386,0.13833331508211721
"Tesla, Inc.",2022-09-02,2022-09-07,2,flat,flat,0.2731317917611239,0.5657271966973547,0.1611410115415215
"Tesla, Inc.",2022-09-06,2022-09-08,2,up,flat,0.3628264705096609,0.5158467737706315,0.12132675571970761
"Tesla, Inc.",2022-09-07,2022-09-09,2,up,flat,0.3366824509573514,0.489562667563276,0.1737548814793728
"Tesla, Inc.",2022-09-08,2022-09-12,2,up,flat,0.35094990860202996,0.5145896539042155,0.13446043749375478
"Tesla, Inc.",2022-09-09,2022-09-13,2,flat,flat,0.39071028936204255,0.49481821869262277,0.11447149194533517
"Tesla, Inc.",2022-09-12,2022-09-14,2,flat,flat,0.4330091370278295,0.461496577673271,0.10549428529889973
"Tesla, Inc.",2022-09-13,2022-09-15,2,flat,flat,0.3661663119564078,0.5317161414901366,0.1021175465534557
"Tesla, Inc.",2022-09-14,2022-09-16,2,flat,flat,0.42750147326149524,0.4376909254713696,0.1348076012671352
"Tesla, Inc.",2022-09-15,2022-09-19,2,flat,flat,0.4208525390506378,0.4448350309215497,0.13431243002781257
"Tesla, Inc.",2022-09-16,2022-09-20,2,flat,flat,0.3578791503605187,0.4901440029768146,0.15197684666266686
"Tesla, Inc.",2022-09-19,2022-09-21,2,flat,flat,0.4007010842823614,0.45695766558929946,0.14234125012833915
"Tesla, Inc.",2022-09-20,2022-09-22,2,down,down,0.4454022734258456,0.43398225166390036,0.1206154749102541
"Tesla, Inc.",2022-09-21,2022-09-23,2,down,flat,0.42121482308725744,0.42851255560594514,0.15027262130679733
"Tesla, Inc.",2022-09-22,2022-09-26,2,down,flat,0.29183447640599847,0.5313214956778598,0.17684402791614207
"Tesla, Inc.",2022-09-23,2022-09-27,2,flat,flat,0.24008659902044271,0.5365875353768612,0.2233258656026964
"Tesla, Inc.",2022-09-26,2022-09-28,2,flat,flat,0.2219179179277807,0.5245312131501811,0.25355086892203826
"Tesla, Inc.",2022-09-27,2022-09-29,2,flat,flat,0.20098728736443117,0.5849639911486832,0.21404872148688575
"Tesla, Inc.",2022-09-28,2022-09-30,2,down,flat,0.2895922384350096,0.5678163701764034,0.14259139138858734
"Tesla, Inc.",2022-09-29,2022-10-03,2,down,flat,0.2690842989281699,0.6416549978818253,0.08926070319000534
"Tesla, Inc.",2022-09-30,2022-10-04,2,down,flat,0.22588276196356158,0.6375928451596867,0.1365243928767522
"Tesla, Inc.",2022-10-03,2022-10-05,2,flat,flat,0.31591025788548693,0.5858474864813846,0.09824225563312851
"Tesla, Inc.",2022-10-04,2022-10-06,2,flat,flat,0.2548767024948869,0.6335077452536616,0.11161555225145156
"Tesla, Inc.",2022-10-05,2022-10-07,2,flat,flat,0.25660192679916227,0.6219362768690126,0.12146179633182513
"Tesla, Inc.",2022-10-06,2022-10-10,2,down,flat,0.26947921206299486,0.6183371849747856,0.11218360296221945
"Tesla, Inc.",2022-10-07,2022-10-11,2,flat,flat,0.31701016543842825,0.5793273731829918,0.10366246137857975
"Tesla, Inc.",2022-10-10,2022-10-12,2,flat,flat,0.31385650421537087,0.5623470268849886,0.12379646889964041
"Tesla, Inc.",2022-10-11,2022-10-13,2,flat,flat,0.29436255543803586,0.5260255336874033,0.17961191087456094
"Tesla, Inc.",2022-10-12,2022-10-14,2,flat,flat,0.2595588878917229,0.5358585732275384,0.20458253888073905
"Tesla, Inc.",2022-10-13,2022-10-17,2,flat,flat,0.22003366404657748,0.5675465227607525,0.21241981319267045
"Tesla, Inc.",2022-10-14,2022-10-18,2,flat,flat,0.3387291176948828,0.5026232176191541,0.15864766468596347
"Tesla, Inc.",2022-10-17,2022-10-19,2,flat,flat,0.3132300328532626,0.5213514468860942,0.16541852026064352
"Tesla, Inc.",2022-10-18,2022-10-20,2,down,flat,0.15988364394397409,0.691547042384058,0.1485693136719686
"Tesla, Inc.",2022-10-19,2022-10-21,2,flat,flat,0.16519514339152677,0.7030729105208553,0.13173194608761793
"Tesla, Inc.",2022-10-20,2022-10-24,2,flat,flat,0.1453802606522777,0.6993727522457575,0.15524698710196522
"Tesla, Inc.",2022-10-21,2022-10-25,2,flat,flat,0.060288309174367935,0.7309893138302327,0.20872237699539967
"Tesla, Inc.",2022-10-24,2022-10-26,2,up,flat,0.06944641712699501,0.6805088640009299,0.25004471887207563
"Tesla, Inc.",2022-10-25,2022-10-27,2,flat,flat,0.0438241071708379,0.7165877697721319,0.23958812305703048
"Tesla, Inc.",2022-10-26,2022-10-28,2,flat,flat,0.037132699835719485,0.7141706416081121,0.24869665855616865
"Tesla, Inc.",2022-10-27,2022-10-31,2,flat,flat,0.036632230542228396,0.8454288433530818,0.11793892610468984
"Tesla, Inc.",2022-10-28,2022-11-01,2,flat,flat,0.057983026714841436,0.8530839434736893,0.08893302981146914
"Tesla, Inc.",2022-10-31,2022-11-02,2,flat,flat,0.07486366741806753,0.8516041714980974,0.07353216108383469
"Tesla, Inc.",2022-11-01,2022-11-03,2,down,flat,0.07019214698357469,0.7171616046748188,0.2126462483416067
"Tesla, Inc.",2022-11-02,2022-11-04,2,flat,flat,0.07092904494439102,0.6854795521463691,0.24359140290923986
"Tesla, Inc.",2022-11-03,2022-11-07,2,flat,flat,0.0878077792061677,0.5931238105642599,0.31906841022957283
"Tesla, Inc.",2022-11-04,2022-11-08,2,down,flat,0.06954876950376074,0.585961959558001,0.34448927093823883
"Tesla, Inc.",2022-11-07,2022-11-09,2,down,flat,0.09220141817428279,0.5888233287067363,0.3189752531189814
"Tesla, Inc.",2022-11-08,2022-11-10,2,flat,flat,0.1021730933913487,0.5016725693382288,0.39615433727042265
"Tesla, Inc.",2022-11-09,2022-11-11,2,flat,flat,0.07045581980614893,0.4820737844548901,0.4474703957389611
"Tesla, Inc.",2022-11-10,2022-11-14,2,flat,flat,0.034777116758262186,0.6199748759194614,0.3452480073222766
"Tesla, Inc.",2022-11-11,2022-11-15,2,flat,flat,0.036336485133737675,0.6353042663568468,0.32835924850941595
"Tesla, Inc.",2022-11-14,2022-11-16,2,flat,flat,0.04016282234349234,0.6849476877855132,0.2748894898709948
"Tesla, Inc.",2022-11-15,2022-11-17,2,flat,flat,0.052511808952349595,0.7698324740660847,0.17765571698156582
"Tesla, Inc.",2022-11-16,2022-11-18,2,flat,flat,0.08818577372273126,0.7482996846694944,0.16351454160777437
"Tesla, Inc.",2022-11-17,2022-11-21,2,flat,flat,0.0899941671047936,0.7038682771049242,0.20613755579028248
"Tesla, Inc.",2022-11-18,2022-11-22,2,down,flat,0.05259881842103632,0.6751886680224232,0.27221251355654097
"Tesla, Inc.",2022-11-21,2022-11-23,2,flat,flat,0.1551082806688622,0.5805478102259674,0.26434390910517064
"Tesla, Inc.",2022-11-22,2022-11-25,2,up,flat,0.08612026861754814,0.559152487686375,0.35472724369607705
"Tesla, Inc.",2022-11-23,2022-11-28,2,flat,flat,0.04876044871020939,0.6695775963059042,0.28166195498388696
"Tesla, Inc.",2022-11-25,2022-11-29,2,flat,flat,0.04707507346881724,0.7494714530218745,0.20345347350930837
"Tesla, Inc.",2022-11-28,2022-11-30,2,flat,flat,0.08697936091815009,0.7094936908577374,0.20352694822411266
"Tesla, Inc.",2022-11-29,2022-12-01,2,up,flat,0.11375953051907835,0.7677906701596746,0.1184497993212473
"Tesla, Inc.",2022-11-30,2022-12-02,2,flat,flat,0.10071792972226076,0.7862372334871651,0.11304483679057423
"Tesla, Inc.",2022-12-01,2022-12-05,2,down,flat,0.1048639776786379,0.7486239636808557,0.14651205864050681
"Tesla, Inc.",2022-12-02,2022-12-06,2,down,flat,0.17827099488473142,0.6812582107408579,0.1404707943744112
"Tesla, Inc.",2022-12-05,2022-12-07,2,down,flat,0.11570917883156139,0.736823883370679,0.14746693779775963
"Tesla, Inc.",2022-12-06,2022-12-08,2,flat,flat,0.09632394728550685,0.7368764378724169,0.1667996148420767
"Tesla, Inc.",2022-12-07,2022-12-09,2,flat,flat,0.12254563175215406,0.648824411109709,0.22862995713813722
"Tesla, Inc.",2022-12-08,2022-12-12,2,flat,flat,0.08271515797782403,0.6374846545376645,0.27980018748451174
"Tesla, Inc.",2022-12-09,2022-12-13,2,down,flat,0.0785240157758989,0.707747024138893,0.2137289600852084
"Tesla, Inc.",2022-12-12,2022-12-14,2,down,flat,0.08514233253627834,0.6712478626908811,0.2436098047728408
"Tesla, Inc.",2022-12-13,2022-12-15,2,down,flat,0.10664627866403015,0.6894869109294623,0.20386681040650775
"Tesla, Inc.",2022-12-14,2022-12-16,2,flat,flat,0.15314256680607163,0.6087814259821775,0.23807600721175085
"Tesla, Inc.",2022-12-15,2022-12-19,2,flat,flat,0.11585330984633288,0.5767365212502833,0.30741016890338396
"Tesla, Inc.",2022-12-16,2022-12-20,2,down,flat,0.08680478721742993,0.5750909472180419,0.3381042655645283
"Tesla, Inc.",2022-12-19,2022-12-21,2,down,flat,0.08530946125514167,0.556160599164113,0.3585299395807454
"Tesla, Inc.",2022-12-20,2022-12-22,2,down,flat,0.13903326102832397,0.5655605572237451,0.29540618174793104
"Tesla, Inc.",2022-12-21,2022-12-23,2,down,flat,0.09822058720700716,0.5404328838722323,0.36134652892076086
"Tesla, Inc.",2022-12-22,2022-12-27,2,down,flat,0.11233309503651683,0.5424916696060881,0.34517523535739536
"Tesla, Inc.",2022-12-23,2022-12-28,2,down,flat,0.13158955053035304,0.4928349257995951,0.37557552367005215
"Tesla, Inc.",2022-12-27,2022-12-29,2,flat,flat,0.11823973951148249,0.5087140102406832,0.37304625024783467
"Tesla, Inc.",2022-12-28,2022-12-30,2,flat,flat,0.09215189033638094,0.47002838517234147,0.43781972449127776
"Tesla, Inc.",2022-12-29,2023-01-03,2,flat,flat,0.03795562218365493,0.6043029530863379,0.35774142473000753
"Tesla, Inc.",2022-12-30,2023-01-04,2,down,flat,0.037067498196800594,0.5354839429709595,0.42744855883224003
"Tesla, Inc.",2023-01-03,2023-01-05,2,flat,flat,0.13314945861979133,0.48981793480519065,0.3770326065750183
"Tesla, Inc.",2023-01-04,2023-01-06,2,flat,flat,0.10135926323656638,0.5270251295150807,0.3716156072483532
"Tesla, Inc.",2023-01-05,2023-01-09,2,flat,flat,0.0995851065183388,0.5472396376423966,0.3531752558392649
"Tesla, Inc.",2023-01-06,2023-01-10,2,up,up,0.09732312771138776,0.4487370778841808,0.4539397944044316
"Tesla, Inc.",2023-01-09,2023-01-11,2,flat,flat,0.05861300833820294,0.5929816016819056,0.348405389979892
"Tesla, Inc.",2023-01-10,2023-01-12,2,flat,flat,0.1091675163283568,0.5788963697708092,0.3119361139008343
"Tesla, Inc.",2023-01-11,2023-01-13,2,flat,flat,0.059626708985950815,0.6262763999502458,0.3140968910638039
"Tesla, Inc.",2023-01-12,2023-01-17,2,flat,flat,0.10590760364610738,0.6542403165690837,0.23985207978480885
"Tesla, Inc.",2023-01-13,2023-01-18,2,up,flat,0.0905795769883107,0.6625007104153946,0.24691971259629472
"Tesla, Inc.",2023-01-17,2023-01-19,2,flat,flat,0.05703166503115519,0.6183512060678332,0.32461712890101196
"Tesla, Inc.",2023-01-18,2023-01-20,2,flat,flat,0.06436508035833827,0.6329594788583056,0.3026754407833565
"Tesla, Inc.",2023-01-19,2023-01-23,2,up,flat,0.11811426355912362,0.6539300716283074,0.22795566481256913
"Tesla, Inc.",2023-01-20,2023-01-24,2,up,flat,0.0625873721343379,0.6729815763453583,0.2644310515203041
"Tesla, Inc.",2023-01-23,2023-01-25,2,flat,flat,0.05667917577304351,0.6198228899188305,0.3234979343081265
"Tesla, Inc.",2023-01-24,2023-01-26,2,up,flat,0.06206256643094316,0.6008547621536088,0.33708267141544845
"Tesla, Inc.",2023-01-25,2023-01-27,2,up,flat,0.10079182474122067,0.6360325408686504,0.2631756343901294
"Tesla, Inc.",2023-01-26,2023-01-30,2,up,flat,0.07388291151890876,0.5165999229428675,0.4095171655382242
"Tesla, Inc.",2023-01-27,2023-01-31,2,flat,flat,0.14203502631418766,0.5406378136746709,0.31732716001114186
"Tesla, Inc.",2023-01-30,2023-02-01,2,flat,flat,0.17461999051549384,0.4979273351057006,0.32745267437880593
"Tesla, Inc.",2023-01-31,2023-02-02,2,up,flat,0.17601789144842847,0.5621907277326036,0.26179138081896824
"Tesla, Inc.",2023-02-01,2023-02-03,2,up,flat,0.20465215369527084,0.4689737381236999,0.3263741081810294
"Tesla, Inc.",2023-02-02,2023-02-06,2,flat,flat,0.13782609962055123,0.5562663883127172,0.3059075120667319
"Tesla, Inc.",2023-02-03,2023-02-07,2,flat,flat,0.1482907586041909,0.5966004869585266,0.25510875443728304
"Tesla, Inc.",2023-02-06,2023-02-08,2,flat,flat,0.12781850973415343,0.6022605511877914,0.2699209390780555
"Tesla, Inc.",2023-02-07,2023-02-09,2,up,flat,0.14594880681643393,0.591107086665784,0.26294410651778255
"Tesla, Inc.",2023-02-08,2023-02-10,2,flat,flat,0.19820765026429754,0.540256332077438,0.26153601765826484
"Tesla, Inc.",2023-02-09,2023-02-13,2,down,flat,0.30243973156590914,0.5156417892486453,0.18191847918544546
"Tesla, Inc.",2023-02-10,2023-02-14,2,flat,flat,0.24491074834071166,0.4469460071531072,0.30814324450618136
"Tesla, Inc.",2023-02-13,2023-02-15,2,up,flat,0.18620743046883412,0.5345420512643644,0.27925051826680203
"Tesla, Inc.",2023-02-14,2023-02-16,2,flat,flat,0.15141040731342917,0.6329702390908694,0.215619353595702
"Tesla, Inc.",2023-02-15,2023-02-17,2,flat,flat,0.17435089071504226,0.5841648533876163,0.24148425589734226
"Tesla, Inc.",2023-02-16,2023-02-21,2,flat,flat,0.133804230574874,0.597748660027707,0.2684471093974193
"Tesla, Inc.",2023-02-17,2023-02-22,2,flat,flat,0.10928650118223864,0.6215293582590851,0.2691841405586767
"Tesla, Inc.",2023-02-21,2023-02-23,2,flat,flat,0.1341994576737654,0.6698610692837034,0.19593947304253131
"Tesla, Inc.",2023-02-22,2023-02-24,2,flat,flat,0.10591374070097657,0.6750039087445613,0.21908235055446237
"Tesla, Inc.",2023-02-23,2023-02-27,2,flat,flat,0.12753127915852197,0.6389339297974302,0.2335347910440485
"Tesla, Inc.",2023-02-24,2023-02-28,2,up,flat,0.11996954215480607,0.6371583149266211,0.2428721429185736
"Tesla, Inc.",2023-02-27,2023-03-01,2,flat,flat,0.04810293933347037,0.6081473575568896,0.34374970310964037
"Tesla, Inc.",2023-02-28,2023-03-02,2,down,flat,0.0670373426147429,0.6444654757183308,0.28849718166692684
"Tesla, Inc.",2023-03-01,2023-03-03,2,flat,flat,0.09988138289939381,0.6242008313585306,0.27591778574207626
"Tesla, Inc.",2023-03-02,2023-03-06,2,flat,flat,0.15016919825873,0.620593077184892,0.22923772455637867
"Tesla, Inc.",2023-03-03,2023-03-07,2,flat,flat,0.07342962381073902,0.7041817745301691,0.222388601659092
"Tesla, Inc.",2023-03-06,2023-03-08,2,down,flat,0.12199883005640734,0.63868207210037,0.2393190978432232
"Tesla, Inc.",2023-03-07,2023-03-09,2,down,flat,0.15585651729833752,0.604835880424334,0.2393076022773291
"Tesla, Inc.",2023-03-08,2023-03-10,2,flat,flat,0.14388864976110205,0.5723949208398987,0.28371642939900005
"Tesla, Inc.",2023-03-09,2023-03-13,2,flat,flat,0.12637321757502482,0.6324645966136881,0.24116218581128768
"Tesla, Inc.",2023-03-10,2023-03-14,2,flat,flat,0.13137559827209766,0.559440243958734,0.3091841577691687
"Tesla, Inc.",2023-03-13,2023-03-15,2,flat,flat,0.124911108693234,0.6026458525238665,0.2724430387828999
"Tesla, Inc.",2023-03-14,2023-03-16,2,flat,flat,0.13463788951930836,0.6496637743134925,0.21569833616719944
"Tesla, Inc.",2023-03-15,2023-03-17,2,flat,flat,0.17735886419799285,0.5764027215532126,0.24623841424879506
"Tesla, Inc.",2023-03-16,2023-03-20,2,flat,flat,0.12452504474213297,0.6792583636351652,0.19621659162270194
"Tesla, Inc.",2023-03-17,2023-03-21,2,up,flat,0.2103701627934957,0.5959431197549248,0.19368671745157964
"Tesla, Inc.",2023-03-20,2023-03-22,2,up,flat,0.2266348850916654,0.5726574161409824,0.20070769876735212
"Tesla, Inc.",2023-03-21,2023-03-23,2,flat,flat,0.09943304781630818,0.6099474117047204,0.2906195404789717
"Tesla, Inc.",2023-03-22,2023-03-24,2,flat,flat,0.1394587240643349,0.646331459182655,0.21420981675301046
"Tesla, Inc.",2023-03-23,2023-03-27,2,flat,flat,0.1686314659545008,0.6279242797165528,0.20344425432894656
"Tesla, Inc.",2023-03-24,2023-03-28,2,flat,flat,0.19153498290194926,0.6271774986454366,0.18128751845261423
"Tesla, Inc.",2023-03-27,2023-03-29,2,flat,flat,0.15590011192143335,0.6515715633292807,0.19252832474928638
"Tesla, Inc.",2023-03-28,2023-03-30,2,flat,flat,0.15635140854418228,0.6559706737512265,0.1876779177045913
"Tesla, Inc.",2023-03-29,2023-03-31,2,up,flat,0.13460923887954787,0.6445552936088206,0.22083546751163158
"Tesla, Inc.",2023-03-30,2023-04-03,2,flat,flat,0.16318309660667357,0.6079702070902637,0.22884669630306284
"Tesla, Inc.",2023-03-31,2023-04-04,2,flat,flat,0.10916582090911461,0.5803400803025225,0.3104940987883633
"Tesla, Inc.",2023-04-03,2023-04-05,2,down,flat,0.13920182926394267,0.6424274808311435,0.21837068990491404
"Tesla, Inc.",2023-04-04,2023-04-06,2,down,flat,0.1651496611900233,0.6729936267653323,0.1618567120446444
"Tesla, Inc.",2023-04-05,2023-04-10,2,flat,flat,0.1437107142565049,0.6989593599256055,0.15732992581788977
"Tesla, Inc.",2023-04-06,2023-04-11,2,flat,flat,0.07782745169018004,0.6757004332832227,0.24647211502659716
"Tesla, Inc.",2023-04-10,2023-04-12,2,flat,flat,0.11180971107623032,0.6453579827376345,0.2428323061861354
"Tesla, Inc.",2023-04-11,2023-04-13,2,flat,flat,0.13513349821101,0.6954066904067815,0.16945981138220875
"Tesla, Inc.",2023-04-12,2023-04-14,2,flat,flat,0.12355790548154133,0.6658617892522751,0.21058030526618401
"Tesla, Inc.",2023-04-13,2023-04-17,2,flat,flat,0.12910851548855676,0.6510671101076039,0.21982437440383976
"Tesla, Inc.",2023-04-14,2023-04-18,2,flat,flat,0.12298865852892496,0.6753808343793135,0.20163050709176208
"Tesla, Inc.",2023-04-17,2023-04-19,2,flat,flat,0.1207404155536776,0.720011724126122,0.15924786032020066
"Tesla, Inc.",2023-04-18,2023-04-20,2,down,flat,0.15494860696101775,0.5841667719205759,0.2608846211184068
"Tesla, Inc.",2023-04-19,2023-04-21,2,down,flat,0.1722770739243856,0.5700619886730975,0.2576609374025173
"Tesla, Inc.",2023-04-20,2023-04-24,2,flat,flat,0.18032765728781272,0.6209781470137976,0.19869419569838978
"Tesla, Inc.",2023-04-21,2023-04-25,2,flat,flat,0.11775457310300076,0.6515887748878444,0.23065665200915472
"Tesla, Inc.",2023-04-24,2023-04-26,2,flat,flat,0.11974516388754854,0.6276327287687922,0.25262210734365914
"Tesla, Inc.",2023-04-25,2023-04-27,2,flat,flat,0.09167666325633744,0.6528776007950569,0.2554457359486057
"Tesla, Inc.",2023-04-26,2023-04-28,2,flat,flat,0.09252944562877645,0.6428994994208891,0.2645710549503346
"Tesla, Inc.",2023-04-27,2023-05-01,2,flat,flat,0.0992074120546608,0.7187772864183687,0.18201530152697049
"Tesla, Inc.",2023-04-28,2023-05-02,2,flat,flat,0.1091608848153579,0.723433795295994,0.1674053198886482
"Tesla, Inc.",2023-05-01,2023-05-03,2,flat,flat,0.1407687237500098,0.6748940884786327,0.1843371877713578
"Tesla, Inc.",2023-05-02,2023-05-04,2,flat,flat,0.1428349132779777,0.676284474996788,0.18088061172523456
"Tesla, Inc.",2023-05-03,2023-05-05,2,flat,flat,0.16880242965872888,0.6783364522015342,0.15286111813973716
"Tesla, Inc.",2023-05-04,2023-05-08,2,up,flat,0.1520586339975616,0.7133785857196762,0.13456278028276247
"Tesla, Inc.",2023-05-05,2023-05-09,2,flat,flat,0.09940049520935737,0.7610181106586807,0.13958139413196188
"Tesla, Inc.",2023-05-08,2023-05-10,2,flat,flat,0.11170332138425193,0.7346429156122584,0.15365376300349012
"Tesla, Inc.",2023-05-09,2023-05-11,2,flat,flat,0.18244921145085105,0.7402119057740469,0.07733888277510202
"Tesla, Inc.",2023-05-10,2023-05-12,2,flat,flat,0.1802108203240113,0.7242407067697502,0.09554847290623877
"Tesla, Inc.",2023-05-11,2023-05-15,2,flat,flat,0.24597894598439443,0.6653785204958512,0.08864253351975458
"Tesla, Inc.",2023-05-12,2023-05-16,2,flat,flat,0.13516725103434868,0.7260916030442744,0.13874114592137715
"Tesla, Inc.",2023-05-15,2023-05-17,2,flat,flat,0.12168255071363424,0.7551333453053667,0.12318410398099922
"Tesla, Inc.",2023-05-16,2023-05-18,2,up,flat,0.1150727639308165,0.7334875150310896,0.15143972103809442
"Tesla, Inc.",2023-05-17,2023-05-19,2,up,flat,0.10248824083645974,0.675689469628399,0.2218222895351417
"Tesla, Inc.",2023-05-18,2023-05-22,2,up,flat,0.07586747919143837,0.5906404166554394,0.3334921041531224
"Tesla, Inc.",2023-05-19,2023-05-23,2,up,flat,0.09663884540435552,0.5647991149852976,0.33856203961034714
"Tesla, Inc.",2023-05-22,2023-05-24,2,flat,flat,0.05790976585991196,0.6341788921424601,0.3079113419976279
"Tesla, Inc.",2023-05-23,2023-05-25,2,flat,flat,0.09071840776906034,0.6309498418014878,0.27833175042945213
"Tesla, Inc.",2023-05-24,2023-05-26,2,up,flat,0.17591778219925824,0.5777014294431787,0.24638078835756327
"Tesla, Inc.",2023-05-25,2023-05-30,2,up,flat,0.1584781694190539,0.5516540097569833,0.289867820823963
"Tesla, Inc.",2023-05-26,2023-05-31,2,up,flat,0.09127337758595915,0.5444915253822876,0.3642350970317535
"Tesla, Inc.",2023-05-30,2023-06-01,2,flat,flat,0.07674412012952189,0.561109721164676,0.36214615870580247
"Tesla, Inc.",2023-05-31,2023-06-02,2,up,flat,0.12829103178101625,0.4977756067993537,0.3739333614196302
"Tesla, Inc.",2023-06-01,2023-06-05,2,up,flat,0.10997507975582715,0.5547836019576657,0.33524131828650744
"Tesla, Inc.",2023-06-02,2023-06-06,2,flat,flat,0.0778075468277348,0.5555954650117875,0.36659698816047814
"Tesla, Inc.",2023-06-05,2023-06-07,2,up,flat,0.11550722291887944,0.6273035134953405,0.25718926358578054
"Tesla, Inc.",2023-06-06,2023-06-08,2,up,flat,0.1666241779198549,0.6194570936881365,0.213918728392009
"Tesla, Inc.",2023-06-07,2023-06-09,2,up,flat,0.12125135957906216,0.6485430055125502,0.23020563490838794
"Tesla, Inc.",2023-06-08,2023-06-12,2,up,flat,0.10479984547649364,0.7088739653403883,0.18632618918311816
"Tesla, Inc.",2023-06-09,2023-06-13,2,flat,flat,0.16818255087306622,0.6508754521995143,0.18094199692741966
"Tesla, Inc.",2023-06-12,2023-06-14,2,flat,flat,0.15437203804935318,0.608613741221542,0.23701422072910497
"Tesla, Inc.",2023-06-13,2023-06-15,2,flat,flat,0.19098866840492118,0.5953303724697502,0.2136809591253287
"Tesla, Inc.",2023-06-14,2023-06-16,2,flat,flat,0.16257572568779335,0.6181985485846561,0.21922572572755095
"Tesla, Inc.",2023-06-15,2023-06-20,2,up,flat,0.11911503610532737,0.6876613570549936,0.19322360683967882
"Tesla, Inc.",2023-06-16,2023-06-21,2,flat,flat,0.16991603309542988,0.6528452267674784,0.17723874013709157
"Tesla, Inc.",2023-06-20,2023-06-22,2,down,flat,0.12892865328067743,0.7323245901262804,0.1387467565930419
"Tesla, Inc.",2023-06-21,2023-06-23,2,flat,flat,0.18413247436232724,0.7088457922781471,0.10702173335952557
"Tesla, Inc.",2023-06-22,2023-06-26,2,flat,flat,0.11220810249224165,0.734036331118935,0.15375556638882334
"Tesla, Inc.",2023-06-23,2023-06-27,2,flat,flat,0.19716329316489406,0.6752863231282983,0.12755038370680752
"Tesla, Inc.",2023-06-26,2023-06-28,2,flat,flat,0.1298028322555166,0.6635675669622971,0.20662960078218667
"Tesla, Inc.",2023-06-27,2023-06-29,2,flat,flat,0.14459422527826582,0.6306494497787718,0.22475632494296266
"Tesla, Inc.",2023-06-28,2023-06-30,2,flat,flat,0.1458164277219028,0.6300748701685798,0.22410870210951767
"Tesla, Inc.",2023-06-29,2023-07-03,2,up,flat,0.2788401385841841,0.555100791415005,0.16605907000081135
"Tesla, Inc.",2023-06-30,2023-07-05,2,up,flat,0.3478800146979664,0.5021076063429976,0.15001237895903619
"Tesla, Inc.",2023-07-03,2023-07-06,2,flat,flat,0.21519555861088208,0.639712252797627,0.14509218859149128
"Tesla, Inc.",2023-07-05,2023-07-07,2,flat,flat,0.23796610030856438,0.6227506073653543,0.1392832923260818
"Tesla, Inc.",2023-07-06,2023-07-10,2,flat,flat,0.2299739701368047,0.6208506618861277,0.149175367977068
"Tesla, Inc.",2023-07-07,2023-07-11,2,flat,flat,0.23007389386732427,0.6084196926526341,0.16150641348004208
"Tesla, Inc.",2023-07-10,2023-07-12,2,flat,flat,0.22064178283337743,0.5446917769964559,0.23466644017016663
"Tesla, Inc.",2023-07-11,2023-07-13,2,flat,flat,0.20956036031447695,0.5864896367734671,0.20395000291205612
"Tesla, Inc.",2023-07-12,2023-07-14,2,flat,flat,0.2802163117099644,0.5182642380958211,0.2015194501942149
"Tesla, Inc.",2023-07-13,2023-07-17,2,up,flat,0.3214975043870224,0.485347390479888,0.19315510513308964
"Tesla, Inc.",2023-07-14,2023-07-18,2,up,flat,0.35459065212843294,0.49429371841361786,0.1511156294579492
"Tesla, Inc.",2023-07-17,2023-07-19,2,flat,flat,0.36866872412605234,0.46450192970125703,0.16682934617269068
"Tesla, Inc.",2023-07-18,2023-07-20,2,down,down,0.43570409525467,0.4137774334539687,0.15051847129136134
"Tesla, Inc.",2023-07-19,2023-07-21,2,down,down,0.4655167731811005,0.3895948050609176,0.14488842175798175
"Tesla, Inc.",2023-07-20,2023-07-24,2,flat,flat,0.22580813270270816,0.6137477051975269,0.1604441620997654
"Tesla, Inc.",2023-07-21,2023-07-25,2,flat,flat,0.15078536726153063,0.5895901151214227,0.2596245176170467
"Tesla, Inc.",2023-07-24,2023-07-26,2,flat,flat,0.1645076671422639,0.5282233150345959,0.30726901782314064
"Tesla, Inc.",2023-07-25,2023-07-27,2,flat,flat,0.17017868696314462,0.6228087359192309,0.20701257711762508
"Tesla, Inc.",2023-07-26,2023-07-28,2,flat,flat,0.16744358694227796,0.707315729438476,0.1252406836192464
"Tesla, Inc.",2023-07-27,2023-07-31,2,flat,flat,0.302589099899788,0.5888695510219626,0.1085413490782495
"Tesla, Inc.",2023-07-28,2023-08-01,2,flat,flat,0.4331363479068603,0.4801229904148372,0.08674066167830244
"Tesla, Inc.",2023-07-31,2023-08-02,2,down,down,0.4752408416934379,0.4459717431486256,0.07878741515793644
"Tesla, Inc.",2023-08-01,2023-08-03,2,flat,flat,0.4392716129124012,0.4782179947250123,0.08251039236258662
"Tesla, Inc.",2023-08-02,2023-08-04,2,flat,flat,0.2822652870746604,0.6908093516129256,0.026925361312414284
"Tesla, Inc.",2023-08-03,2023-08-07,2,flat,flat,0.4268132351523921,0.5217738715064605,0.051412893341147764
"Tesla, Inc.",2023-08-04,2023-08-08,2,flat,flat,0.46046145251467385,0.4667875975478907,0.07275094993743558
"Tesla, Inc.",2023-08-07,2023-08-09,2,flat,flat,0.3078344454999835,0.6670056293249366,0.025159925175079863
"Tesla, Inc.",2023-08-08,2023-08-10,2,flat,flat,0.300156491172127,0.6408203760509064,0.0590231327769666
"Tesla, Inc.",2023-08-09,2023-08-11,2,flat,flat,0.3630984558275977,0.5923716087424128,0.04452993542998938
"Tesla, Inc.",2023-08-10,2023-08-14,2,flat,flat,0.43778904653287404,0.5097368615443973,0.05247409192272845
"Tesla, Inc.",2023-08-11,2023-08-15,2,flat,flat,0.3398286515796661,0.5960729254598679,0.06409842296046576
"Tesla, Inc.",2023-08-14,2023-08-16,2,down,flat,0.38610541180794206,0.5561068477275279,0.05778774046452988
"Tesla, Inc.",2023-08-15,2023-08-17,2,down,flat,0.3710994136168496,0.5645742287537452,0.0643263576294051
"Tesla, Inc.",2023-08-16,2023-08-18,2,down,flat,0.34537012939689327,0.5857141454277852,0.06891572517532159
"Tesla, Inc.",2023-08-17,2023-08-21,2,flat,flat,0.2920642390270066,0.5905762625157791,0.11735949845721427
"Tesla, Inc.",2023-08-18,2023-08-22,2,up,flat,0.31058632340802705,0.5474577113532252,0.14195596523874776
"Tesla, Inc.",2023-08-21,2023-08-23,2,flat,flat,0.32882651553939873,0.5578745717376351,0.11329891272296656
"Tesla, Inc.",2023-08-22,2023-08-24,2,flat,flat,0.2712753919133643,0.6146362111428053,0.11408839694383081
"Tesla, Inc.",2023-08-23,2023-08-25,2,flat,flat,0.33326649010578985,0.5789369881834852,0.08779652171072519
"Tesla, Inc.",2023-08-24,2023-08-28,2,flat,flat,0.28974571121137027,0.6477479142723571,0.06250637451627278
"Tesla, Inc.",2023-08-25,2023-08-29,2,up,flat,0.23901058954261165,0.699321289715083,0.06166812074230522
"Tesla, Inc.",2023-08-28,2023-08-30,2,up,flat,0.18629457549784972,0.7172852521861941,0.09642017231595604
"Tesla, Inc.",2023-08-29,2023-08-31,2,flat,flat,0.1723275633875987,0.6489836531343411,0.1786887834780604
"Tesla, Inc.",2023-08-30,2023-09-01,2,flat,flat,0.11977258963683367,0.7157765389126053,0.16445087145056117
"Tesla, Inc.",2023-08-31,2023-09-05,2,flat,flat,0.16693724033731164,0.7235809499846337,0.10948180967805446
"Tesla, Inc.",2023-09-01,2023-09-06,2,flat,flat,0.2038292978209884,0.6985064369363049,0.09766426524270631
"Tesla, Inc.",2023-09-05,2023-09-07,2,flat,flat,0.23692397918080624,0.6755829162185418,0.08749310460065188
"Tesla, Inc.",2023-09-06,2023-09-08,2,flat,flat,0.1848418225456224,0.7156105809057213,0.09954759654865632
"Tesla, Inc.",2023-09-07,2023-09-11,2,up,flat,0.17146476402301583,0.7716399190803175,0.05689531689666639
"Tesla, Inc.",2023-09-08,2023-09-12,2,up,flat,0.19505930514445577,0.7105838690785424,0.09435682577700184
"Tesla, Inc.",2023-09-11,2023-09-13,2,flat,flat,0.19747673879007432,0.7131175219765373,0.08940573923338833
"Tesla, Inc.",2023-09-12,2023-09-14,2,flat,flat,0.288882578911791,0.6486186548288048,0.06249876625940448
"Tesla, Inc.",2023-09-13,2023-09-15,2,flat,flat,0.2864829177073066,0.6458000162222106,0.06771706607048288
"Tesla, Inc.",2023-09-14,2023-09-18,2,flat,flat,0.357842491788604,0.5715482330436954,0.07060927516770084
"Tesla, Inc.",2023-09-15,2023-09-19,2,flat,flat,0.3584078794218369,0.5712735149398422,0.07031860563832103
"Tesla, Inc.",2023-09-18,2023-09-20,2,flat,flat,0.3136537555347082,0.6204158149945116,0.06593042947078018
"Tesla, Inc.",2023-09-19,2023-09-21,2,flat,flat,0.32390115245275025,0.6034491510017501,0.07264969654549948
"Tesla, Inc.",2023-09-20,2023-09-22,2,down,flat,0.35560801214642135,0.5667572415854789,0.07763474626809998
"Tesla, Inc.",2023-09-21,2023-09-25,2,down,flat,0.18820953023179787,0.75794224416412,0.05384822560408204
"Tesla, Inc.",2023-09-22,2023-09-26,2,flat,flat,0.20407687164011737,0.712011316741474,0.08391181161840874
"Tesla, Inc.",2023-09-25,2023-09-27,2,flat,flat,0.20137671087693307,0.7084948636453503,0.09012842547771678
"Tesla, Inc.",2023-09-26,2023-09-28,2,flat,flat,0.2852961167864125,0.6567349358534625,0.057968947360125055
"Tesla, Inc.",2023-09-27,2023-09-29,2,flat,flat,0.2687476883037998,0.6869554601392206,0.044296851556979676
"Tesla, Inc.",2023-09-28,2023-10-02,2,flat,flat,0.3374872598706697,0.564891119127079,0.09762162100225152
"Tesla, Inc.",2023-09-29,2023-10-03,2,flat,flat,0.372491033093822,0.5283660802362701,0.09914288666990796
"Tesla, Inc.",2023-10-02,2023-10-04,2,flat,down,0.47482088918647625,0.4568548199415414,0.06832429087198237
"Tesla, Inc.",2023-10-03,2023-10-05,2,up,down,0.49063362390991166,0.4293455591500461,0.08002081694004225
"Tesla, Inc.",2023-10-04,2023-10-06,2,flat,flat,0.40472642213331617,0.5035964720607808,0.09167710580590305
"Tesla, Inc.",2023-10-05,2023-10-09,2,flat,flat,0.3835191017350457,0.5332073645203831,0.08327353374457136
"Tesla, Inc.",2023-10-06,2023-10-10,2,flat,flat,0.28234061272914696,0.6302947806775026,0.08736460659335045
"Tesla, Inc.",2023-10-09,2023-10-11,2,flat,flat,0.2927837398757622,0.5959985851669668,0.11121767495727097
"Tesla, Inc.",2023-10-10,2023-10-12,2,flat,flat,0.28244391186581697,0.5784130901496132,0.1391429979845701
"Tesla, Inc.",2023-10-11,2023-10-13,2,flat,flat,0.3844504485869966,0.4945568417693162,0.12099270964368734
"Tesla, Inc.",2023-10-12,2023-10-16,2,flat,flat,0.3223089034299689,0.5818474059416264,0.09584369062840459
"Tesla, Inc.",2023-10-13,2023-10-17,2,flat,flat,0.2726956216342544,0.6575699872600989,0.06973439110564666
"Tesla, Inc.",2023-10-16,2023-10-18,2,flat,flat,0.2711423266101292,0.6259805472873385,0.10287712610253222
"Tesla, Inc.",2023-10-17,2023-10-19,2,down,flat,0.29202799627410925,0.5606849530347104,0.14728705069118067
"Tesla, Inc.",2023-10-18,2023-10-20,2,down,flat,0.2513925150472885,0.6332428112295291,0.11536467372318247
"Tesla, Inc.",2023-10-19,2023-10-23,2,down,flat,0.20905136621410325,0.7326989026966488,0.05824973108924772
"Tesla, Inc.",2023-10-20,2023-10-24,2,flat,flat,0.27213758104792724,0.6516173255392974,0.07624509341277505
"Tesla, Inc.",2023-10-23,2023-10-25,2,flat,flat,0.28195155598910965,0.57877846208311,0.13926998192778017
"Tesla, Inc.",2023-10-24,2023-10-26,2,flat,flat,0.2648173821803802,0.6063366923913697,0.1288459254282504
"Tesla, Inc.",2023-10-25,2023-10-27,2,flat,flat,0.3407506905102984,0.5080492007419288,0.15120010874777287
"Tesla, Inc.",2023-10-26,2023-10-30,2,flat,flat,0.30515375147410884,0.5485192379822375,0.146327010543654
"Tesla, Inc.",2023-10-27,2023-10-31,2,flat,flat,0.27098505586899246,0.6170867684122794,0.11192817571872818
"Tesla, Inc.",2023-10-30,2023-11-01,2,flat,flat,0.24545735001189922,0.5854528205080722,0.16908982948002874
"Tesla, Inc.",2023-10-31,2023-11-02,2,up,flat,0.13303449214788915,0.5845245092665193,0.2824409985855917
"Tesla, Inc.",2023-11-01,2023-11-03,2,up,flat,0.030805470576025343,0.7477462310105668,0.22144829841340852
"Tesla, Inc.",2023-11-02,2023-11-06,2,flat,flat,0.03094719031479227,0.7743439120947053,0.1947088975905028
"Tesla, Inc.",2023-11-03,2023-11-07,2,flat,flat,0.031086049812731997,0.8577136578701815,0.11120029231708634
"Tesla, Inc.",2023-11-06,2023-11-08,2,flat,flat,0.061576463325463966,0.8204953763277899,0.11792816034674589
"Tesla, Inc.",2023-11-07,2023-11-09,2,flat,flat,0.07459885787326004,0.846314153695516,0.07908698843122387
"Tesla, Inc.",2023-11-08,2023-11-10,2,down,flat,0.061014969218910246,0.8433082521314519,0.09567677864963767
"Tesla, Inc.",2023-11-09,2023-11-13,2,flat,flat,0.03922472580337044,0.8208839641508853,0.1398913100457442
"Tesla, Inc.",2023-11-10,2023-11-14,2,up,flat,0.03363215614971648,0.7232771061229368,0.24309073772734696
"Tesla, Inc.",2023-11-13,2023-11-15,2,up,flat,0.031183475365737862,0.564604959154245,0.4042115654800175
"Tesla, Inc.",2023-11-14,2023-11-16,2,flat,flat,0.03113308736092915,0.6104889843165697,0.3583779283225016
"Tesla, Inc.",2023-11-15,2023-11-17,2,flat,flat,0.026440269067775968,0.7497095209527336,0.22385020997949073
"Tesla, Inc.",2023-11-16,2023-11-20,2,flat,flat,0.04005287813906824,0.7846657351355723,0.17528138672535948
"Tesla, Inc.",2023-11-17,2023-11-21,2,flat,flat,0.05197808890993834,0.7877064932011397,0.16031541788892198
"Tesla, Inc.",2023-11-20,2023-11-22,2,flat,flat,0.07510279851504327,0.6753111873652804,0.24958601411967646
"Tesla, Inc.",2023-11-21,2023-11-24,2,flat,flat,0.06575247768996684,0.6527066332499216,0.2815408890601119
"Tesla, Inc.",2023-11-22,2023-11-27,2,flat,flat,0.06196591492723003,0.7159774587375182,0.2220566263352519
"Tesla, Inc.",2023-11-24,2023-11-28,2,flat,flat,0.06919950840803829,0.7903684344995571,0.1404320570924045
"Tesla, Inc.",2023-11-27,2023-11-29,2,up,flat,0.0921806530396103,0.7893318242025467,0.11848752275784284
"Tesla, Inc.",2023-11-28,2023-11-30,2,flat,flat,0.1676140871874279,0.7647271645098277,0.06765874830274422
"Tesla, Inc.",2023-11-29,2023-12-01,2,down,flat,0.14772998662925574,0.767333951933556,0.08493606143718824
"Tesla, Inc.",2023-11-30,2023-12-04,2,flat,flat,0.11556607871879153,0.8339229341630551,0.05051098711815302
"Tesla, Inc.",2023-12-01,2023-12-05,2,flat,flat,0.08294768231626014,0.8848034644302557,0.03224885325348385
"Tesla, Inc.",2023-12-04,2023-12-06,2,flat,flat,0.1048177825697731,0.8425362808626421,0.05264593656758427
"Tesla, Inc.",2023-12-05,2023-12-07,2,flat,flat,0.12498734476822547,0.8108859993081452,0.0641266559236291
"Tesla, Inc.",2023-12-06,2023-12-08,2,flat,flat,0.12639429855856243,0.7988007881628316,0.07480491327860597
"Tesla, Inc.",2023-12-07,2023-12-11,2,flat,flat,0.11491915638039618,0.8100413965604099,0.07503944705919395
"Tesla, Inc.",2023-12-08,2023-12-12,2,flat,flat,0.27970107753510925,0.6706253594130868,0.049673563051803885
"Tesla, Inc.",2023-12-11,2023-12-13,2,flat,flat,0.20405337730184742,0.7370162755666169,0.058930347131535575
"Tesla, Inc.",2023-12-12,2023-12-14,2,up,flat,0.20314946460429426,0.726232224854624,0.07061831054108186
"Tesla, Inc.",2023-12-13,2023-12-15,2,up,flat,0.14896323600817563,0.7124038581119191,0.13863290587990512
"Tesla, Inc.",2023-12-14,2023-12-18,2,flat,flat,0.1724384379226536,0.6310011311320832,0.19656043094526368
"Tesla, Inc.",2023-12-15,2023-12-19,2,flat,flat,0.24830094190638538,0.6197387984928637,0.13196025960075125
"Tesla, Inc.",2023-12-18,2023-12-20,2,flat,flat,0.24465127225193364,0.6331827727211464,0.12216595502692008
"Tesla, Inc.",2023-12-19,2023-12-21,2,flat,flat,0.2714545409201747,0.6378891438899814,0.09065631518984403
"Tesla, Inc.",2023-12-20,2023-12-22,2,flat,flat,0.23987077865580708,0.6812876257021453,0.07884159564204754
"Tesla, Inc.",2023-12-21,2023-12-26,2,flat,flat,0.2540173065471841,0.6915082349483263,0.05447445850448971
"Tesla, Inc.",2023-12-22,2023-12-27,2,flat,flat,0.25869635485549786,0.6847803260841274,0.05652331906037438
"Tesla, Inc.",2023-12-26,2023-12-28,2,flat,flat,0.2713505968604215,0.6789599639970144,0.04968943914256384
"Tesla, Inc.",2023-12-27,2023-12-29,2,down,flat,0.4378492778816774,0.5067075995110072,0.055443122607315445
"Tesla, Inc.",2023-12-28,2024-01-02,2,down,down,0.4827493746339498,0.4602249107322905,0.05702571463375977
"Tesla, Inc.",2023-12-29,2024-01-03,2,down,flat,0.34738661315200775,0.5971112163941279,0.05550217045386442
"Tesla, Inc.",2024-01-02,2024-01-04,2,down,flat,0.29703630306317014,0.5747359220369086,0.1282277748999216
"Tesla, Inc.",2024-01-03,2024-01-05,2,flat,flat,0.16118151260685346,0.7045849689811213,0.13423351841202538
"Tesla, Inc.",2024-01-04,2024-01-08,2,flat,flat,0.16950116303630403,0.7010293607585041,0.12946947620519209
"Tesla, Inc.",2024-01-05,2024-01-09,2,flat,flat,0.19697402738564299,0.6868571083987489,0.11616886421560806
"Tesla, Inc.",2024-01-08,2024-01-10,2,flat,flat,0.2953696245229757,0.5524098843271797,0.1522204911498447
"Tesla, Inc.",2024-01-09,2024-01-11,2,flat,flat,0.2864213646973851,0.5870059873707792,0.12657264793183567
"Tesla, Inc.",2024-01-10,2024-01-12,2,down,flat,0.34923863715174586,0.5092024327853502,0.1415589300629041
"Tesla, Inc.",2024-01-11,2024-01-16,2,down,flat,0.2891059805075757,0.5975850781853176,0.11330894130710664
"Tesla, Inc.",2024-01-12,2024-01-17,2,flat,flat,0.2909678370269752,0.6089033076828475,0.1001288552901772
"Tesla, Inc.",2024-01-16,2024-01-18,2,flat,flat,0.26996429947091216,0.5787651052003556,0.15127059532873205
"Tesla, Inc.",2024-01-17,2024-01-19,2,flat,flat,0.23166762204508984,0.5806417789310631,0.18769059902384724
"Tesla, Inc.",2024-01-18,2024-01-22,2,flat,flat,0.19300630829968657,0.6015356365610106,0.20545805513930307
"Tesla, Inc.",2024-01-19,2024-01-23,2,flat,flat,0.20780594742694952,0.6178712938385444,0.17432275873450617
"Tesla, Inc.",2024-01-22,2024-01-24,2,flat,flat,0.17794080978215362,0.6269868316108814,0.1950723586069653
"Tesla, Inc.",2024-01-23,2024-01-25,2,down,flat,0.1743409590792016,0.6258088410060624,0.19985019991473635
"Tesla, Inc.",2024-01-24,2024-01-26,2,down,flat,0.13521471148472738,0.6689981717262037,0.195787116789069
"Tesla, Inc.",2024-01-25,2024-01-29,2,flat,flat,0.10169111865826977,0.715302674150578,0.18300620719115213
"Tesla, Inc.",2024-01-26,2024-01-30,2,flat,flat,0.04843116363111765,0.7447605537365826,0.20680828263229986
"Tesla, Inc.",2024-01-29,2024-01-31,2,flat,flat,0.046582071971070914,0.7559785032277623,0.1974394248011672
"Tesla, Inc.",2024-01-30,2024-02-01,2,flat,flat,0.034324382841967566,0.7537416563793038,0.21193396077872906
"Tesla, Inc.",2024-01-31,2024-02-02,2,flat,flat,0.05045283916822638,0.6658137440223697,0.2837334168094041
"Tesla, Inc.",2024-02-01,2024-02-05,2,flat,flat,0.06613366029719664,0.7529198983938269,0.1809464413089764
"Tesla, Inc.",2024-02-02,2024-02-06,2,flat,flat,0.05757927863699841,0.7658316270740377,0.1765890942889638
"Tesla, Inc.",2024-02-05,2024-02-07,2,flat,flat,0.06366654994800573,0.7258778482058438,0.21045560184615056
"Tesla, Inc.",2024-02-06,2024-02-08,2,flat,flat,0.06734752809695155,0.693575258156747,0.23907721374630175
"Tesla, Inc.",2024-02-07,2024-02-09,2,flat,flat,0.07668426340095424,0.6993039355444841,0.22401180105456195
"Tesla, Inc.",2024-02-08,2024-02-12,2,flat,flat,0.07662783191070398,0.7397038407887266,0.18366832730056953
"Tesla, Inc.",2024-02-09,2024-02-13,2,flat,flat,0.07781493372739884,0.8137332210734372,0.10845184519916382
"Tesla, Inc.",2024-02-12,2024-02-14,2,flat,flat,0.19307155136574428,0.6972259734280919,0.10970247520616412
"Tesla, Inc.",2024-02-13,2024-02-15,2,up,flat,0.10427548972258119,0.7661966485707814,0.12952786170663716
"Tesla, Inc.",2024-02-14,2024-02-16,2,up,flat,0.06828760748950896,0.7523126658719766,0.17939972663851478
"Tesla, Inc.",2024-02-15,2024-02-20,2,flat,flat,0.08754019971315515,0.7572211701759934,0.15523863011085134
"Tesla, Inc.",2024-02-16,2024-02-21,2,flat,flat,0.09804536417763451,0.7084715641512206,0.19348307167114542
"Tesla, Inc.",2024-02-20,2024-02-22,2,flat,flat,0.11466086809147052,0.7155201012870817,0.1698190306214481
"Tesla, Inc.",2024-02-21,2024-02-23,2,flat,flat,0.1554797649315393,0.7210937163493172,0.12342651871914385
"Tesla, Inc.",2024-02-22,2024-02-26,2,flat,flat,0.13207512718957592,0.7408821530099918,0.12704271980043275
"Tesla, Inc.",2024-02-23,2024-02-27,2,up,flat,0.12371968130759449,0.7778048645333493,0.0984754541590564
"Tesla, Inc.",2024-02-26,2024-02-28,2,flat,flat,0.11530427449475286,0.801842714969443,0.08285301053580392
"Tesla, Inc.",2024-02-27,2024-02-29,2,flat,flat,0.11524222448594096,0.6837359108570965,0.20102186465696292
"Tesla, Inc.",2024-02-28,2024-03-01,2,flat,flat,0.11527223512391088,0.7020669220512292,0.1826608428248601
"Tesla, Inc.",2024-02-29,2024-03-04,2,down,flat,0.07898134351804957,0.6734941474922764,0.2475245089896741
"Tesla, Inc.",2024-03-01,2024-03-05,2,down,flat,0.09447829743240636,0.6650020358366988,0.24051966673089492
"Tesla, Inc.",2024-03-04,2024-03-06,2,down,flat,0.06912833108956751,0.8054831868886562,0.12538848202177616
"Tesla, Inc.",2024-03-05,2024-03-07,2,flat,flat,0.11760961680512687,0.7488786488408685,0.13351173435400462
"Tesla, Inc.",2024-03-06,2024-03-08,2,flat,flat,0.08781543773164016,0.6909720033743126,0.22121255889404728
"Tesla, Inc.",2024-03-07,2024-03-11,2,flat,flat,0.07472678634772639,0.6914154036346415,0.23385781001763234
"Tesla, Inc.",2024-03-08,2024-03-12,2,flat,flat,0.04408325467021469,0.7400140567505127,0.2159026885792728
"Tesla, Inc.",2024-03-11,2024-03-13,2,flat,flat,0.055168140886511265,0.7099116280572711,0.2349202310562176
"Tesla, Inc.",2024-03-12,2024-03-14,2,down,flat,0.08232411627262166,0.7414937717191957,0.17618211200818285
"Tesla, Inc.",2024-03-13,2024-03-15,2,down,flat,0.09383963219368016,0.764454055471289,0.14170631233503056
"Tesla, Inc.",2024-03-14,2024-03-18,2,flat,flat,0.12301844318698107,0.6940416194095566,0.18293993740346243
"Tesla, Inc.",2024-03-15,2024-03-19,2,flat,flat,0.09366790109463528,0.6695302835114889,0.23680181539387604
"Tesla, Inc.",2024-03-18,2024-03-20,2,flat,flat,0.09581111226531179,0.7554882788693215,0.14870060886536673
"Tesla, Inc.",2024-03-19,2024-03-21,2,flat,flat,0.13968605286776142,0.6897551930558175,0.17055875407642143
"Tesla, Inc.",2024-03-20,2024-03-22,2,flat,flat,0.07249325419509024,0.7983026469387354,0.1292040988661742
"Tesla, Inc.",2024-03-21,2024-03-25,2,flat,flat,0.17011170137589413,0.7522507359153771,0.07763756270872886
"Tesla, Inc.",2024-03-22,2024-03-26,2,up,flat,0.18132425553941992,0.7370635577249655,0.08161218673561439
"Tesla, Inc.",2024-03-25,2024-03-27,2,up,flat,0.08443131688944995,0.8175623481670666,0.09800633494348329
"Tesla, Inc.",2024-03-26,2024-03-28,2,flat,flat,0.14478489181249596,0.7294751570422924,0.12573995114521194
"Tesla, Inc.",2024-03-27,2024-04-01,2,flat,flat,0.16663311260959063,0.7272477331949218,0.106119154195488
"Tesla, Inc.",2024-03-28,2024-04-02,2,down,flat,0.1403281696995713,0.754636809893449,0.10503502040697953
"Tesla, Inc.",2024-04-01,2024-04-03,2,down,flat,0.13240182328124234,0.7910203507398811,0.07657782597887658
"Tesla, Inc.",2024-04-02,2024-04-04,2,flat,flat,0.14282550462948976,0.7397173860359278,0.11745710933458245
"Tesla, Inc.",2024-04-03,2024-04-05,2,flat,flat,0.08117864545085968,0.7464720281662274,0.17234932638291312
"Tesla, Inc.",2024-04-04,2024-04-08,2,flat,flat,0.07785588280112078,0.7822979458356213,0.13984617136325794
"Tesla, Inc.",2024-04-05,2024-04-09,2,up,flat,0.11992015309357164,0.7275791084152133,0.15250073849121507
"Tesla, Inc.",2024-04-08,2024-04-10,2,flat,flat,0.08230423550281182,0.8200375076787438,0.09765825681844417
"Tesla, Inc.",2024-04-09,2024-04-11,2,flat,flat,0.16017943089032904,0.719740830595999,0.12007973851367248
"Tesla, Inc.",2024-04-10,2024-04-12,2,flat,flat,0.16682856858259093,0.7270966001796463,0.10607483123776315
"Tesla, Inc.",2024-04-11,2024-04-15,2,flat,flat,0.12587504636416888,0.7503105246547463,0.12381442898108506
"Tesla, Inc.",2024-04-12,2024-04-16,2,down,flat,0.16783200949821164,0.7308078715051721,0.10136011899661634
"Tesla, Inc.",2024-04-15,2024-04-17,2,down,flat,0.11539553649192426,0.7792952694696317,0.1053091940384439
"Tesla, Inc.",2024-04-16,2024-04-18,2,flat,flat,0.17119655804886602,0.6389255262168297,0.18987791573430432
"Tesla, Inc.",2024-04-17,2024-04-19,2,down,flat,0.10467683698830874,0.6409353842405326,0.2543877787711587
"Tesla, Inc.",2024-04-18,2024-04-22,2,down,flat,0.15918602012842675,0.5899716765030916,0.2508423033684818
"Tesla, Inc.",2024-04-19,2024-04-23,2,flat,flat,0.09381737474176517,0.6000820366511468,0.306100588607088
"Tesla, Inc.",2024-04-22,2024-04-24,2,up,flat,0.15085362257297807,0.5732188429542218,0.27592753447280033
"Tesla, Inc.",2024-04-23,2024-04-25,2,up,flat,0.09160139243266452,0.662806901001185,0.2455917065661506
"Tesla, Inc.",2024-04-24,2024-04-26,2,flat,flat,0.09104602265522736,0.6931739658490575,0.21578001149571563
"Tesla, Inc.",2024-04-25,2024-04-29,2,up,flat,0.09036075972354637,0.7622926250828397,0.14734661519361392
"Tesla, Inc.",2024-04-26,2024-04-30,2,up,flat,0.07673209736326397,0.7032522564310285,0.2200156462057078
"Tesla, Inc.",2024-04-29,2024-05-01,2,flat,flat,0.0707398337984401,0.6449763872365857,0.28428377896497464
"Tesla, Inc.",2024-04-30,2024-05-02,2,flat,flat,0.09491871063271555,0.6227492494925342,0.28233203987475064
"Tesla, Inc.",2024-05-01,2024-05-03,2,flat,flat,0.13541474341681584,0.6571157307216481,0.20746952586153644
"Tesla, Inc.",2024-05-02,2024-05-06,2,flat,flat,0.16354759977418024,0.606144144261084,0.23030825596473609
"Tesla, Inc.",2024-05-03,2024-05-07,2,flat,flat,0.15034135592882397,0.5828949931921003,0.2667636508790762
"Tesla, Inc.",2024-05-06,2024-05-08,2,down,flat,0.12277729656466391,0.5894410821405731,0.28778162129476337
"Tesla, Inc.",2024-05-07,2024-05-09,2,flat,flat,0.19430793356249512,0.5806444052834465,0.2250476611540585
"Tesla, Inc.",2024-05-08,2024-05-10,2,flat,flat,0.17506468787633808,0.6275056385218368,0.19742967360182537
"Tesla, Inc.",2024-05-09,2024-05-13,2,flat,flat,0.13061272930656945,0.7060663148094083,0.1633209558840224
"Tesla, Inc.",2024-05-10,2024-05-14,2,flat,flat,0.13319048552690585,0.6443410646816247,0.22246844979146974
"Tesla, Inc.",2024-05-13,2024-05-15,2,flat,flat,0.1387548103690411,0.6346334136341222,0.22661177599683682
"Tesla, Inc.",2024-05-14,2024-05-16,2,flat,flat,0.1298459691635327,0.6762589754415853,0.1938950553948822
"Tesla, Inc.",2024-05-15,2024-05-17,2,flat,flat,0.17376949274307218,0.6372434350926143,0.18898707216431368
"Tesla, Inc.",2024-05-16,2024-05-20,2,flat,flat,0.14134113407577575,0.678063604366746,0.18059526155747857
"Tesla, Inc.",2024-05-17,2024-05-21,2,flat,flat,0.15893243944703325,0.6608327093710079,0.1802348511819589
"Tesla, Inc.",2024-05-20,2024-05-22,2,flat,flat,0.18112729909738806,0.6591029680600695,0.15976973284254264
"Tesla, Inc.",2024-05-21,2024-05-23,2,flat,flat,0.14580604097306474,0.6002459966867632,0.2539479623401725
"Tesla, Inc.",2024-05-22,2024-05-24,2,flat,flat,0.19007172611098133,0.58615092340079,0.22377735048822864
"Tesla, Inc.",2024-05-23,2024-05-28,2,flat,flat,0.18825324810262395,0.6194567074214847,0.1922900444758914
"Tesla, Inc.",2024-05-24,2024-05-29,2,flat,flat,0.1628118696718494,0.6401101323905617,0.197077997937589
"Tesla, Inc.",2024-05-28,2024-05-30,2,flat,flat,0.1259009116121157,0.6047275001644259,0.26937158822345847
"Tesla, Inc.",2024-05-29,2024-05-31,2,flat,flat,0.16925182672751243,0.518197163592241,0.312551009680247
"Tesla, Inc.",2024-05-30,2024-06-03,2,flat,flat,0.15158552971851977,0.5362910399591153,0.31212343032236495
"Tesla, Inc.",2024-05-31,2024-06-04,2,flat,flat,0.147681447729869,0.5457249167045225,0.3065936355656087
"Tesla, Inc.",2024-06-03,2024-06-05,2,flat,flat,0.15883709379377062,0.5184315014052462,0.32273140480098333
"Tesla, Inc.",2024-06-04,2024-06-06,2,flat,flat,0.1239056979858235,0.594048824561425,0.2820454774527518
"Tesla, Inc.",2024-06-05,2024-06-07,2,flat,flat,0.16879609130192674,0.5530841678103495,0.27811974088772407
"Tesla, Inc.",2024-06-06,2024-06-10,2,flat,flat,0.19056227394468206,0.5399125621038859,0.2695251639514321
"Tesla, Inc.",2024-06-07,2024-06-11,2,flat,flat,0.1976810438650918,0.5082806770225295,0.29403827911237895
"Tesla, Inc.",2024-06-10,2024-06-12,2,flat,flat,0.19964089881173963,0.5023937807477398,0.29796532044052076
"Tesla, Inc.",2024-06-11,2024-06-13,2,up,flat,0.20394407075526477,0.511538305962203,0.284517623282533
"Tesla, Inc.",2024-06-12,2024-06-14,2,up,flat,0.1947932892840855,0.5426929888720536,0.2625137218438611
