company,base_date,target_date,horizon,true_label,pred_label,proba_down,proba_flat,proba_up
Alphabet Inc.,2021-07-28,2021-07-30,2,down,down,0.5220057920909009,0.12702034887288793,0.3509738590362113
Alphabet Inc.,2021-07-29,2021-08-02,2,down,up,0.40141917504434216,0.1561381946549236,0.4424426303007343
Alphabet Inc.,2021-07-30,2021-08-03,2,up,up,0.2820365622415967,0.15618199810669986,0.5617814396517032
Alphabet Inc.,2021-08-02,2021-08-04,2,up,up,0.3357711470566636,0.09550041884395602,0.5687284340993801
Alphabet Inc.,2021-08-03,2021-08-05,2,up,up,0.32328352473775995,0.07870841361053824,0.5980080616517014
Alphabet Inc.,2021-08-04,2021-08-06,2,up,up,0.2878730681134573,0.07910978327110581,0.6330171486154367
Alphabet Inc.,2021-08-05,2021-08-09,2,up,up,0.29532251012750005,0.0822037993963573,0.6224736904761424
Alphabet Inc.,2021-08-06,2021-08-10,2,up,up,0.3205956023445639,0.09861375291636737,0.5807906447390686
Alphabet Inc.,2021-08-09,2021-08-11,2,up,up,0.2992516073164762,0.0948644367432105,0.6058839559403132
Alphabet Inc.,2021-08-10,2021-08-12,2,flat,up,0.3375776555496522,0.10912077257563262,0.5533015718747152
Alphabet Inc.,2021-08-11,2021-08-13,2,up,up,0.4312376750574947,0.1319106396318813,0.4368516853106238
Alphabet Inc.,2021-08-12,2021-08-16,2,flat,up,0.3868554596206028,0.1015935781084405,0.5115509622709566
Alphabet Inc.,2021-08-13,2021-08-17,2,down,up,0.3178453774521801,0.12142159888514809,0.5607330236626716
Alphabet Inc.,2021-08-16,2021-08-18,2,down,up,0.42380717008259056,0.0919078192320466,0.4842850106853628
Alphabet Inc.,2021-08-17,2021-08-19,2,down,up,0.41488833958691496,0.07234730635715499,0.5127643540559298
Alphabet Inc.,2021-08-18,2021-08-20,2,up,up,0.32084611110281036,0.0460256072531143,0.6331282816440749
Alphabet Inc.,2021-08-19,2021-08-23,2,up,up,0.2500049015689621,0.031792232300743316,0.7182028661302947
Alphabet Inc.,2021-08-20,2021-08-24,2,up,up,0.20912548216022647,0.047524236173423294,0.7433502816663504
Alphabet Inc.,2021-08-23,2021-08-25,2,up,up,0.33296175366892217,0.02001232499897186,0.647025921332106
Alphabet Inc.,2021-08-24,2021-08-26,2,up,up,0.37497140623569825,0.04373871788467011,0.5812898758796318
Alphabet Inc.,2021-08-25,2021-08-27,2,up,up,0.41937973132483775,0.07774748436465431,0.5028727843105077
Alphabet Inc.,2021-08-26,2021-08-30,2,up,down,0.48997589094560323,0.07816458600416878,0.43185952305022807
Alphabet Inc.,2021-08-27,2021-08-31,2,up,up,0.3979376211394266,0.08344739829810056,0.5186149805624727
Alphabet Inc.,2021-08-30,2021-09-01,2,up,up,0.432561555099107,0.11691815012698724,0.4505202947739058
Alphabet Inc.,2021-08-31,2021-09-02,2,down,down,0.44952017136326883,0.12222007944740679,0.42825974918932436
Alphabet Inc.,2021-09-01,2021-09-03,2,down,down,0.43521635671607434,0.1376468849845509,0.42713675829937464
Alphabet Inc.,2021-09-02,2021-09-07,2,flat,down,0.4743048409471168,0.18199658555835346,0.34369857349452987
Alphabet Inc.,2021-09-03,2021-09-08,2,up,up,0.33250082281709,0.1734489643955936,0.49405021278731676
Alphabet Inc.,2021-09-07,2021-09-09,2,flat,up,0.265094763426057,0.13459799695994143,0.6003072396140015
Alphabet Inc.,2021-09-08,2021-09-10,2,down,up,0.333649159996491,0.16067221270559767,0.5056786272979114
Alphabet Inc.,2021-09-09,2021-09-13,2,down,up,0.3228313534337749,0.1459220158403245,0.5312466307259005
Alphabet Inc.,2021-09-10,2021-09-14,2,flat,up,0.32086987044825577,0.07289178764615452,0.6062383419055897
Alphabet Inc.,2021-09-13,2021-09-15,2,up,up,0.30699601579904123,0.029220901274431273,0.6637830829265272
Alphabet Inc.,2021-09-14,2021-09-16,2,up,up,0.24551188991549835,0.04083567506564414,0.7136524350188574
Alphabet Inc.,2021-09-15,2021-09-17,2,down,up,0.23813861950771906,0.04509338233113403,0.716767998161147
Alphabet Inc.,2021-09-16,2021-09-20,2,down,up,0.2672496661896268,0.0416618670094038,0.6910884668009694
Alphabet Inc.,2021-09-17,2021-09-21,2,down,up,0.31007292794917524,0.055257504900644,0.6346695671501807
Alphabet Inc.,2021-09-20,2021-09-22,2,up,up,0.28934970046216874,0.04298718774217274,0.6676631117956583
Alphabet Inc.,2021-09-21,2021-09-23,2,up,up,0.24617532203379902,0.03443125412107093,0.7193934238451302
Alphabet Inc.,2021-09-22,2021-09-24,2,up,up,0.2662503047357707,0.04072891144629556,0.6930207838179336
Alphabet Inc.,2021-09-23,2021-09-27,2,flat,up,0.32992564890400955,0.03645648901917124,0.6336178620768189
Alphabet Inc.,2021-09-24,2021-09-28,2,down,up,0.29449123700803775,0.07940910656590114,0.6260996564260609
Alphabet Inc.,2021-09-27,2021-09-29,2,down,up,0.29402139315384157,0.11211600716370779,0.5938625996824505
Alphabet Inc.,2021-09-28,2021-09-30,2,down,up,0.3635211786329828,0.09851953945381373,0.5379592819132033
Alphabet Inc.,2021-09-29,2021-10-01,2,down,up,0.32839051661528196,0.13416635746773342,0.5374431259169846
Alphabet Inc.,2021-09-30,2021-10-04,2,flat,up,0.25342538060102937,0.15193266213435105,0.5946419572646197
Alphabet Inc.,2021-10-01,2021-10-05,2,flat,up,0.3040808334815333,0.12230936122631739,0.573609805292149
Alphabet Inc.,2021-10-04,2021-10-06,2,up,up,0.2390482742431623,0.21946982844793997,0.5414818973088978
Alphabet Inc.,2021-10-05,2021-10-07,2,up,up,0.2908567531192979,0.11558325881488979,0.5935599880658122
Alphabet Inc.,2021-10-06,2021-10-08,2,up,up,0.3016002868051193,0.11098673452693389,0.5874129786679465
Alphabet Inc.,2021-10-07,2021-10-11,2,up,up,0.29634165836192067,0.1473690404949018,0.5562893011431774
Alphabet Inc.,2021-10-08,2021-10-12,2,down,up,0.31914441731357973,0.12958716636908368,0.5512684163173366
Alphabet Inc.,2021-10-11,2021-10-13,2,down,up,0.31361802647983983,0.225341149499915,0.4610408240202451
Alphabet Inc.,2021-10-12,2021-10-14,2,up,up,0.24011814830074185,0.29146603279199385,0.46841581890726447
Alphabet Inc.,2021-10-13,2021-10-15,2,up,up,0.2585288816013378,0.1869177781607586,0.5545533402379037
Alphabet Inc.,2021-10-14,2021-10-18,2,up,up,0.21979259725820144,0.09856021326515918,0.6816471894766392
Alphabet Inc.,2021-10-15,2021-10-19,2,up,up,0.2798013624610126,0.12055649537846465,0.5996421421605225
Alphabet Inc.,2021-10-18,2021-10-20,2,up,up,0.288450185478638,0.153111069336775,0.5584387451845868
Alphabet Inc.,2021-10-19,2021-10-21,2,down,up,0.32100329404713207,0.2005755256392984,0.47842118031356945
Alphabet Inc.,2021-10-20,2021-10-22,2,down,up,0.3414698343012782,0.22968518541032196,0.4288449802884
Alphabet Inc.,2021-10-21,2021-10-25,2,down,up,0.3063567528627438,0.18888044416185168,0.5047628029754044
Alphabet Inc.,2021-10-22,2021-10-26,2,up,up,0.2920755284890621,0.1355128161947848,0.5724116553161527
Alphabet Inc.,2021-10-25,2021-10-27,2,up,up,0.23942048110265635,0.12539988579287703,0.6351796331044663
Alphabet Inc.,2021-10-26,2021-10-28,2,up,up,0.21512282090827536,0.1021108453752705,0.6827663337164541
Alphabet Inc.,2021-10-27,2021-10-29,2,up,up,0.22387767597102148,0.08803313065960763,0.6880891933693707
Alphabet Inc.,2021-10-28,2021-11-01,2,down,up,0.24310070223946262,0.1384665036991763,0.6184327940613611
Alphabet Inc.,2021-10-29,2021-11-02,2,down,up,0.3261578756258297,0.1622115567037884,0.511630567670382
Alphabet Inc.,2021-11-01,2021-11-03,2,flat,up,0.38108020566776757,0.16451924490678838,0.45440054942544383
Alphabet Inc.,2021-11-02,2021-11-04,2,up,up,0.34384967522303733,0.17560637428318557,0.4805439504937769
Alphabet Inc.,2021-11-03,2021-11-05,2,up,up,0.26975967559685493,0.11417390109244559,0.6160664233106993
Alphabet Inc.,2021-11-04,2021-11-08,2,up,up,0.24475567847193752,0.11844109473149483,0.6368032267965674
Alphabet Inc.,2021-11-05,2021-11-09,2,flat,up,0.27534433622666543,0.08413986971876591,0.6405157940545684
Alphabet Inc.,2021-11-08,2021-11-10,2,down,up,0.3129363449365698,0.09781410457409036,0.5892495504893397
Alphabet Inc.,2021-11-09,2021-11-11,2,down,up,0.34650294386969915,0.15182701458126932,0.5016700415490315
Alphabet Inc.,2021-11-10,2021-11-12,2,up,up,0.3096534575184354,0.11340626773153076,0.5769402747500338
Alphabet Inc.,2021-11-11,2021-11-15,2,up,up,0.2667255403457637,0.08362953258904414,0.6496449270651923
Alphabet Inc.,2021-11-12,2021-11-16,2,up,up,0.25031618114796805,0.06666651118941426,0.6830173076626178
Alphabet Inc.,2021-11-15,2021-11-17,2,down,up,0.24608069499655938,0.06530614274042243,0.6886131622630179
Alphabet Inc.,2021-11-16,2021-11-18,2,up,up,0.3406203309811153,0.1454266504177995,0.5139530186010851
Alphabet Inc.,2021-11-17,2021-11-19,2,up,up,0.3423638199152114,0.11115573040653107,0.5464804496782572
Alphabet Inc.,2021-11-18,2021-11-22,2,down,up,0.2575336107939805,0.08833983646646358,0.6541265527395559
Alphabet Inc.,2021-11-19,2021-11-23,2,down,up,0.2974872304151749,0.09335209412777039,0.6091606754570547
Alphabet Inc.,2021-11-22,2021-11-24,2,down,up,0.24584327254814645,0.1243666984279027,0.6297900290239508
Alphabet Inc.,2021-11-23,2021-11-26,2,down,up,0.3597070794592031,0.06780510239492249,0.5724878181458741
Alphabet Inc.,2021-11-24,2021-11-29,2,down,up,0.3204651550661787,0.02979096396146879,0.6497438809723523
Alphabet Inc.,2021-11-26,2021-11-30,2,flat,up,0.276490060454883,0.031210734800096854,0.6922992047450199
Alphabet Inc.,2021-11-29,2021-12-01,2,down,up,0.25717320850310066,0.045832475355685076,0.6969943161412142
Alphabet Inc.,2021-11-30,2021-12-02,2,down,up,0.28717507061339875,0.05145090563798263,0.6613740237486183
Alphabet Inc.,2021-12-01,2021-12-03,2,flat,up,0.3027285082066537,0.08137108757511195,0.6159004042182342
Alphabet Inc.,2021-12-02,2021-12-06,2,flat,up,0.294219781477416,0.06599306964148051,0.6397871488811032
Alphabet Inc.,2021-12-03,2021-12-07,2,up,up,0.2654432565085845,0.059198537596129544,0.6753582058952858
Alphabet Inc.,2021-12-06,2021-12-08,2,up,up,0.2715084734451997,0.07653352276546226,0.651958003789338
Alphabet Inc.,2021-12-07,2021-12-09,2,up,up,0.2991323831223754,0.07460944762001132,0.6262581692576131
Alphabet Inc.,2021-12-08,2021-12-10,2,flat,up,0.3134264964793624,0.12693528315074595,0.5596382203698913
Alphabet Inc.,2021-12-09,2021-12-13,2,down,up,0.2994400289839666,0.13938740764639557,0.5611725633696377
Alphabet Inc.,2021-12-10,2021-12-14,2,down,up,0.27804268617892497,0.1270350791369261,0.594922234684149
Alphabet Inc.,2021-12-13,2021-12-15,2,down,up,0.30917447132121123,0.18160398638888048,0.5092215422899082
Alphabet Inc.,2021-12-14,2021-12-16,2,up,up,0.3506787610662463,0.1466976727435306,0.5026235661902227
Alphabet Inc.,2021-12-15,2021-12-17,2,down,up,0.2588862245930196,0.06271869755224657,0.6783950778547337
Alphabet Inc.,2021-12-16,2021-12-20,2,down,up,0.24766151997353777,0.05651681775177487,0.6958216622746872
Alphabet Inc.,2021-12-17,2021-12-21,2,up,up,0.35763283171143806,0.12723871918321436,0.5151284491053476
Alphabet Inc.,2021-12-20,2021-12-22,2,up,up,0.3061435508924968,0.1267988224738561,0.5670576266336471
Alphabet Inc.,2021-12-21,2021-12-23,2,up,up,0.31106068401818315,0.07452215638139399,0.6144171596004226
Alphabet Inc.,2021-12-22,2021-12-27,2,up,up,0.32908650947320583,0.07780561956310145,0.5931078709636927
Alphabet Inc.,2021-12-23,2021-12-28,2,flat,up,0.2830390189679417,0.0883610700391972,0.6285999109928609
Alphabet Inc.,2021-12-27,2021-12-29,2,down,up,0.30881993296792926,0.1360936513506633,0.5550864156814073
Alphabet Inc.,2021-12-28,2021-12-30,2,down,up,0.3480312507003531,0.2079135439337822,0.44405520536586474
Alphabet Inc.,2021-12-29,2021-12-31,2,down,up,0.2912855146786816,0.2046615242911593,0.5040529610301588
Alphabet Inc.,2021-12-30,2022-01-03,2,down,up,0.2665646763150536,0.12225457733341784,0.6111807463515285
Alphabet Inc.,2021-12-31,2022-01-04,2,flat,up,0.2558752569240286,0.12835562189070449,0.6157691211852666
Alphabet Inc.,2022-01-03,2022-01-05,2,down,up,0.29222230421142387,0.10578703687318568,0.6019906589153902
Alphabet Inc.,2022-01-04,2022-01-06,2,down,up,0.24488559369724064,0.0782167713795232,0.6768976349232362
Alphabet Inc.,2022-01-05,2022-01-07,2,down,up,0.33889942551870467,0.1518379724417507,0.5092626020395447
Alphabet Inc.,2022-01-06,2022-01-10,2,down,up,0.2910527663343613,0.20695424755635866,0.5019929861092802
Alphabet Inc.,2022-01-07,2022-01-11,2,up,up,0.25178686658989463,0.19297018097992832,0.5552429524301771
Alphabet Inc.,2022-01-10,2022-01-12,2,up,up,0.23823781861203033,0.19588672928059392,0.5658754521073758
Alphabet Inc.,2022-01-11,2022-01-13,2,up,up,0.2548078937762662,0.12093866268584037,0.6242534435378931
Alphabet Inc.,2022-01-12,2022-01-14,2,down,up,0.28700369438864365,0.10481549212634195,0.6081808134850143
Alphabet Inc.,2022-01-13,2022-01-18,2,down,up,0.3187622325393194,0.20515429802720486,0.4760834694334759
Alphabet Inc.,2022-01-14,2022-01-19,2,down,up,0.28200132861068744,0.2663597388274861,0.45163893256182663
Alphabet Inc.,2022-01-18,2022-01-20,2,down,up,0.3222178283883285,0.21644336568688696,0.4613388059247846
Alphabet Inc.,2022-01-19,2022-01-21,2,down,up,0.2983414556832462,0.11588242149173747,0.585776122825016
Alphabet Inc.,2022-01-20,2022-01-24,2,down,up,0.25097966434160585,0.194069327475496,0.5549510081828981
Alphabet Inc.,2022-01-21,2022-01-25,2,down,up,0.29230887639036685,0.21382911632822257,0.4938620072814108
Alphabet Inc.,2022-01-24,2022-01-26,2,up,up,0.29305620303910973,0.21343711523630698,0.4935066817245836
Alphabet Inc.,2022-01-25,2022-01-27,2,up,up,0.25629006080087835,0.1730617114458166,0.5706482277533049
Alphabet Inc.,2022-01-26,2022-01-28,2,up,up,0.31212180420251256,0.1309229284509186,0.5569552673465685
Alphabet Inc.,2022-01-27,2022-01-31,2,up,up,0.303826489310457,0.10527407050564012,0.5908994401839027
Alphabet Inc.,2022-01-28,2022-02-01,2,up,up,0.29197788495818167,0.10914907003319901,0.5988730450086192
Alphabet Inc.,2022-01-31,2022-02-02,2,up,up,0.3150007742933262,0.16618637266066474,0.518812853046009
Alphabet Inc.,2022-02-01,2022-02-03,2,up,up,0.3190631095421579,0.15455780441967912,0.5263790860381627
Alphabet Inc.,2022-02-02,2022-02-04,2,down,up,0.2579066012556936,0.20893135060807677,0.5331620481362297
Alphabet Inc.,2022-02-03,2022-02-07,2,down,up,0.32395778713497075,0.28097742012390853,0.39506479274112083
Alphabet Inc.,2022-02-04,2022-02-08,2,down,up,0.3375832560194078,0.2554134978425047,0.40700324613808747
Alphabet Inc.,2022-02-07,2022-02-09,2,flat,up,0.2967551627371067,0.2497701129695013,0.4534747242933919
Alphabet Inc.,2022-02-08,2022-02-10,2,up,up,0.2737049753805315,0.24615777755894605,0.48013724706052235
Alphabet Inc.,2022-02-09,2022-02-11,2,down,up,0.29565393594371436,0.1563866929913897,0.5479593710648959
Alphabet Inc.,2022-02-10,2022-02-14,2,down,up,0.2310404945548238,0.21460502646563853,0.5543544789795378
Alphabet Inc.,2022-02-11,2022-02-15,2,up,up,0.2656775888787978,0.21252438480977717,0.5217980263114252
Alphabet Inc.,2022-02-14,2022-02-16,2,up,up,0.23828013786454505,0.23395153990355932,0.5277683222318958
Alphabet Inc.,2022-02-15,2022-02-17,2,down,up,0.2696810089266588,0.11219307129994256,0.6181259197733986
Alphabet Inc.,2022-02-16,2022-02-18,2,down,up,0.2703257637043933,0.19635069922745377,0.5333235370681532
Alphabet Inc.,2022-02-17,2022-02-22,2,down,up,0.2749414135978639,0.2648742991147756,0.4601842872873606
Alphabet Inc.,2022-02-18,2022-02-23,2,down,up,0.30338422281613586,0.20144807323655742,0.4951677039473069
Alphabet Inc.,2022-02-22,2022-02-24,2,down,up,0.320714503450625,0.1911630900134039,0.4881224065359714
Alphabet Inc.,2022-02-23,2022-02-25,2,up,up,0.30783656562468936,0.16424035160025496,0.5279230827750556
Alphabet Inc.,2022-02-24,2022-02-28,2,up,up,0.28087227299448825,0.18833814221645517,0.5307895847890566
Alphabet Inc.,2022-02-25,2022-03-01,2,up,up,0.29037342311649833,0.1112158932887141,0.5984106835947874
Alphabet Inc.,2022-02-28,2022-03-02,2,up,up,0.32005047222211025,0.129173722295148,0.5507758054827417
Alphabet Inc.,2022-03-01,2022-03-03,2,up,up,0.30177788825124763,0.15569895281964288,0.5425231589291094
Alphabet Inc.,2022-03-02,2022-03-04,2,down,up,0.2948083428122791,0.19671871719776415,0.5084729399899566
Alphabet Inc.,2022-03-03,2022-03-07,2,down,up,0.32366904792566714,0.15589825599298257,0.5204326960813501
Alphabet Inc.,2022-03-04,2022-03-08,2,down,up,0.2478549334137441,0.2511557184125622,0.5009893481736938
Alphabet Inc.,2022-03-07,2022-03-09,2,up,up,0.30623821772850773,0.22212647313815723,0.47163530913333523
Alphabet Inc.,2022-03-08,2022-03-10,2,up,up,0.30606543160812955,0.21992521395518744,0.4740093544366831
Alphabet Inc.,2022-03-09,2022-03-11,2,flat,up,0.3052753749823707,0.10982410347780602,0.5849005215398232
Alphabet Inc.,2022-03-10,2022-03-14,2,down,up,0.31664651626663703,0.17485625348033867,0.5084972302530243
Alphabet Inc.,2022-03-11,2022-03-15,2,down,up,0.2992446059943734,0.17806277467936968,0.5226926193262571
Alphabet Inc.,2022-03-14,2022-03-16,2,up,up,0.2789865176268808,0.2492571028212135,0.4717563795519061
Alphabet Inc.,2022-03-15,2022-03-17,2,up,up,0.30205024893399235,0.18465617578237548,0.5132935752836323
Alphabet Inc.,2022-03-16,2022-03-18,2,up,up,0.2618716104884214,0.11979824642276368,0.6183301430888151
Alphabet Inc.,2022-03-17,2022-03-21,2,up,up,0.2765655237466027,0.132014456586203,0.5914200196671942
Alphabet Inc.,2022-03-18,2022-03-22,2,up,up,0.27814449751190645,0.1297573768829679,0.5920981256051255
Alphabet Inc.,2022-03-21,2022-03-23,2,up,up,0.3122936193839907,0.1413640728713893,0.5463423077446198
Alphabet Inc.,2022-03-22,2022-03-24,2,up,up,0.35164723942738846,0.17529931552874442,0.473053445043867
Alphabet Inc.,2022-03-23,2022-03-25,2,up,up,0.3382478088875533,0.22384829052500288,0.43790390058744394
Alphabet Inc.,2022-03-24,2022-03-28,2,up,up,0.32296515003735593,0.2183936057902822,0.4586412441723619
Alphabet Inc.,2022-03-25,2022-03-29,2,up,up,0.317251295874063,0.19603144974350178,0.4867172543824351
Alphabet Inc.,2022-03-28,2022-03-30,2,up,up,0.2732341808953756,0.22259881428446085,0.5041670048201635
Alphabet Inc.,2022-03-29,2022-03-31,2,down,up,0.27540270215551793,0.14743624784727158,0.5771610499972103
Alphabet Inc.,2022-03-30,2022-04-01,2,down,up,0.31380450567301954,0.16327739067647287,0.5229181036505078
Alphabet Inc.,2022-03-31,2022-04-04,2,up,up,0.3278263730058771,0.14762510488765318,0.5245485221064696
Alphabet Inc.,2022-04-01,2022-04-05,2,up,up,0.24385441796671775,0.09187565212354133,0.6642699299097409
Alphabet Inc.,2022-04-04,2022-04-06,2,down,up,0.2530141953035531,0.07938980461414742,0.6675960000822992
Alphabet Inc.,2022-04-05,2022-04-07,2,down,up,0.2701760994456584,0.12086419492236558,0.608959705631976
Alphabet Inc.,2022-04-06,2022-04-08,2,down,up,0.29836024978440195,0.07472307776355587,0.6269166724520422
Alphabet Inc.,2022-04-07,2022-04-11,2,down,up,0.24779374332731302,0.05667808416229833,0.6955281725103886
Alphabet Inc.,2022-04-08,2022-04-12,2,down,up,0.26555754141237825,0.03266873136838325,0.7017737272192385
Alphabet Inc.,2022-04-11,2022-04-13,2,down,up,0.3385533505074645,0.06773899673227386,0.5937076527602614
Alphabet Inc.,2022-04-12,2022-04-14,2,down,up,0.3233353314141423,0.10154477802737961,0.575119890558478
Alphabet Inc.,2022-04-13,2022-04-18,2,down,up,0.29201110137172664,0.10313855101514333,0.6048503476131298
Alphabet Inc.,2022-04-14,2022-04-19,2,up,up,0.2818654601363359,0.13929271491213538,0.5788418249515286
Alphabet Inc.,2022-04-18,2022-04-20,2,up,up,0.2617230286727174,0.18818391100640686,0.5500930603208758
Alphabet Inc.,2022-04-19,2022-04-21,2,down,up,0.2705870627157049,0.11148197936292263,0.6179309579213723
Alphabet Inc.,2022-04-20,2022-04-22,2,down,up,0.29384028559804976,0.11691306068730753,0.5892466537146425
Alphabet Inc.,2022-04-21,2022-04-25,2,down,up,0.335896639035342,0.2303027631862604,0.43380059777839775
Alphabet Inc.,2022-04-22,2022-04-26,2,down,up,0.33529258523149463,0.19649460159114301,0.4682128131773625
Alphabet Inc.,2022-04-25,2022-04-27,2,down,up,0.3083346926134889,0.20116003264473126,0.49050527474177996
Alphabet Inc.,2022-04-26,2022-04-28,2,down,up,0.26330213979347644,0.18210377751813162,0.5545940826883919
Alphabet Inc.,2022-04-27,2022-04-29,2,up,up,0.29148390975918154,0.1922972166699828,0.516218873570836
Alphabet Inc.,2022-04-28,2022-05-02,2,down,up,0.3637284603854903,0.1684797558303103,0.46779178378419933
Alphabet Inc.,2022-04-29,2022-05-03,2,up,up,0.25760279171044076,0.20467684568996355,0.5377203625995959
Alphabet Inc.,2022-05-02,2022-05-04,2,up,up,0.25284945492901184,0.20163375286256727,0.5455167922084211
Alphabet Inc.,2022-05-03,2022-05-05,2,up,up,0.3376312767148471,0.11989905336340677,0.542469669921746
Alphabet Inc.,2022-05-04,2022-05-06,2,down,up,0.3245353291787012,0.14591896870832496,0.5295457021129735
Alphabet Inc.,2022-05-05,2022-05-09,2,down,up,0.3454844690179539,0.2329654811010522,0.42155004988099387
Alphabet Inc.,2022-05-06,2022-05-10,2,down,up,0.3485561994100232,0.2393407841858986,0.41210301640407837
Alphabet Inc.,2022-05-09,2022-05-11,2,up,up,0.36640779011911884,0.21527785510980466,0.41831435477107676
Alphabet Inc.,2022-05-10,2022-05-12,2,down,up,0.3200210823540267,0.12549002499414333,0.5544888926518297
Alphabet Inc.,2022-05-11,2022-05-13,2,up,up,0.2520426247118892,0.2077081159454708,0.5402492593426401
Alphabet Inc.,2022-05-12,2022-05-16,2,up,up,0.27580313936671413,0.2657504806803731,0.458446379952913
Alphabet Inc.,2022-05-13,2022-05-17,2,up,up,0.34293139961770586,0.12334435186257635,0.5337242485197179
Alphabet Inc.,2022-05-16,2022-05-18,2,down,up,0.29762233534379356,0.2499226755837194,0.45245498907248705
Alphabet Inc.,2022-05-17,2022-05-19,2,down,up,0.3287328336808723,0.14045263993617152,0.5308145263829559
Alphabet Inc.,2022-05-18,2022-05-20,2,down,up,0.32388247176560475,0.24100644319060918,0.4351110850437861
Alphabet Inc.,2022-05-19,2022-05-23,2,down,up,0.3204420743062286,0.2410215621554119,0.4385363635383596
Alphabet Inc.,2022-05-20,2022-05-24,2,down,up,0.2742236694742371,0.22403203934143284,0.5017442911843304
Alphabet Inc.,2022-05-23,2022-05-25,2,down,up,0.32032311039676775,0.1326777628991728,0.5469991267040591
Alphabet Inc.,2022-05-24,2022-05-26,2,up,up,0.3182767074900336,0.22295202988296414,0.45877126262700263
Alphabet Inc.,2022-05-25,2022-05-27,2,up,up,0.38314792183540797,0.16042512643096607,0.45642695173362596
Alphabet Inc.,2022-05-26,2022-05-31,2,up,up,0.3887417505625892,0.1376033309483401,0.47365491848907076
Alphabet Inc.,2022-05-27,2022-06-01,2,up,up,0.32839856280985935,0.12096013572818402,0.5506413014619566
Alphabet Inc.,2022-05-31,2022-06-02,2,up,up,0.31333320341947557,0.14130742967339693,0.5453593669071274
Alphabet Inc.,2022-06-01,2022-06-03,2,flat,up,0.3201145179030915,0.1611143038866737,0.5187711782102348
Alphabet Inc.,2022-06-02,2022-06-06,2,up,up,0.31081490713820187,0.1671267694105657,0.5220583234512325
Alphabet Inc.,2022-06-03,2022-06-07,2,up,up,0.294616582551529,0.2362087548351851,0.46917466261328583
Alphabet Inc.,2022-06-06,2022-06-08,2,flat,up,0.2995436600572888,0.13621537505340353,0.5642409648893075
Alphabet Inc.,2022-06-07,2022-06-09,2,down,up,0.2789557930157862,0.2357633845736022,0.48528082241061155
Alphabet Inc.,2022-06-08,2022-06-10,2,down,up,0.2851852761487963,0.12276275427459851,0.592051969576605
Alphabet Inc.,2022-06-09,2022-06-13,2,down,up,0.25897532437840776,0.24419416490942544,0.4968305107121667
Alphabet Inc.,2022-06-10,2022-06-14,2,down,up,0.3012784142936205,0.21826308004830478,0.4804585056580749
Alphabet Inc.,2022-06-13,2022-06-15,2,up,up,0.30813918625894415,0.22567959404139418,0.4661812196996617
Alphabet Inc.,2022-06-14,2022-06-16,2,up,up,0.3108887149607493,0.19742554387979394,0.4916857411594567
Alphabet Inc.,2022-06-15,2022-06-17,2,down,up,0.4016147702791194,0.15511696357409302,0.4432682661467875
Alphabet Inc.,2022-06-16,2022-06-21,2,up,up,0.3134374126017294,0.258052907036042,0.42850968036222864
Alphabet Inc.,2022-06-17,2022-06-22,2,up,up,0.3069886094722762,0.16317331381898229,0.5298380767087416
Alphabet Inc.,2022-06-21,2022-06-23,2,up,up,0.3372862770047223,0.12405403419260187,0.5386596888026759
Alphabet Inc.,2022-06-22,2022-06-24,2,up,up,0.29335776387539464,0.16003829239131181,0.5466039437332934
Alphabet Inc.,2022-06-23,2022-06-27,2,up,up,0.30040473489245223,0.13909203424080718,0.5605032308667404
Alphabet Inc.,2022-06-24,2022-06-28,2,down,up,0.2550799549831748,0.13014837616404595,0.6147716688527796
Alphabet Inc.,2022-06-27,2022-06-29,2,down,up,0.30174034805496824,0.14997173497966154,0.5482879169653704
Alphabet Inc.,2022-06-28,2022-06-30,2,down,up,0.3260076788059241,0.2799581863742597,0.39403413481981636
Alphabet Inc.,2022-06-29,2022-07-01,2,down,up,0.2964013673010388,0.2759957188321522,0.427602913866809
Alphabet Inc.,2022-06-30,2022-07-05,2,up,up,0.30858153654324005,0.23501255085566805,0.4564059126010922
Alphabet Inc.,2022-07-01,2022-07-06,2,up,up,0.24306631325078054,0.24387229635354724,0.5130613903956726
Alphabet Inc.,2022-07-05,2022-07-07,2,up,up,0.3651400553724379,0.14452185541718562,0.4903380892103765
Alphabet Inc.,2022-07-06,2022-07-08,2,up,up,0.2795199542802565,0.11462881428394098,0.6058512314358024
Alphabet Inc.,2022-07-07,2022-07-11,2,flat,up,0.30381619833144524,0.16417026103188012,0.5320135406366746
Alphabet Inc.,2022-07-08,2022-07-12,2,down,up,0.307808244788051,0.22363920122697428,0.46855255398497503
Alphabet Inc.,2022-07-11,2022-07-13,2,down,up,0.3205577655732521,0.3078651727933809,0.37157706163336746
Alphabet Inc.,2022-07-12,2022-07-14,2,down,up,0.3119864733480248,0.2155193505204593,0.472494176131516
Alphabet Inc.,2022-07-13,2022-07-15,2,flat,up,0.3205198022085488,0.16191133460792562,0.5175688631835255
Alphabet Inc.,2022-07-14,2022-07-18,2,up,up,0.3096518129301162,0.15519331198016498,0.5351548750897188
Alphabet Inc.,2022-07-15,2022-07-19,2,flat,up,0.322283788670173,0.116931983697974,0.5607842276318532
Alphabet Inc.,2022-07-18,2022-07-20,2,up,up,0.3014430686684905,0.15637447190496384,0.5421824594265454
Alphabet Inc.,2022-07-19,2022-07-21,2,up,up,0.3620071114364716,0.08860974301926777,0.5493831455442606
Alphabet Inc.,2022-07-20,2022-07-22,2,down,up,0.3330875663987958,0.09504740180670045,0.5718650317945035
Alphabet Inc.,2022-07-21,2022-07-25,2,down,up,0.3511038722893792,0.16764087455060628,0.4812552531600144
Alphabet Inc.,2022-07-22,2022-07-26,2,down,up,0.4078171838331479,0.15329026419203312,0.4388925519748191
Alphabet Inc.,2022-07-25,2022-07-27,2,up,up,0.36270302850533964,0.16005771189997253,0.4772392595946877
Alphabet Inc.,2022-07-26,2022-07-28,2,up,up,0.30351567602674173,0.21983438124098403,0.47664994273227435
Alphabet Inc.,2022-07-27,2022-07-29,2,up,up,0.34191967897075715,0.08625387228421247,0.5718264487450303
Alphabet Inc.,2022-07-28,2022-08-01,2,up,up,0.36730913706360285,0.09989562441631201,0.5327952385200851
Alphabet Inc.,2022-07-29,2022-08-02,2,up,up,0.2986236211032898,0.20770999886284933,0.493666380033861
Alphabet Inc.,2022-08-01,2022-08-03,2,up,up,0.370420734236859,0.1799681263364122,0.44961113942672887
Alphabet Inc.,2022-08-02,2022-08-04,2,up,up,0.32480558305213675,0.24480442142985923,0.4303899955180043
Alphabet Inc.,2022-08-03,2022-08-05,2,flat,up,0.3220857534388754,0.17419665393429248,0.503717592626832
Alphabet Inc.,2022-08-04,2022-08-08,2,up,up,0.30283273141567585,0.1907599797926651,0.5064072887916591
Alphabet Inc.,2022-08-05,2022-08-09,2,flat,up,0.3424500939999758,0.17769611381565015,0.4798537921843738
Alphabet Inc.,2022-08-08,2022-08-10,2,up,up,0.295862939561674,0.1799108914165126,0.5242261690218134
Alphabet Inc.,2022-08-09,2022-08-11,2,up,up,0.33818324089538415,0.15416964571664177,0.5076471133879739
Alphabet Inc.,2022-08-10,2022-08-12,2,up,up,0.2716729513888597,0.14108726955331377,0.5872397790578263
Alphabet Inc.,2022-08-11,2022-08-15,2,up,up,0.3219030038934394,0.14155380879905585,0.5365431873075048
Alphabet Inc.,2022-08-12,2022-08-16,2,up,up,0.28895523800294254,0.199622824526573,0.5114219374704845
Alphabet Inc.,2022-08-15,2022-08-17,2,down,up,0.25389124979396804,0.18111836210123408,0.564990388104798
Alphabet Inc.,2022-08-16,2022-08-18,2,down,up,0.24795274364165093,0.26745580964793564,0.48459144671041343
Alphabet Inc.,2022-08-17,2022-08-19,2,down,up,0.24457197678549544,0.156393541964358,0.5990344812501467
Alphabet Inc.,2022-08-18,2022-08-22,2,down,up,0.2728238169833955,0.11934828572446433,0.6078278972921404
Alphabet Inc.,2022-08-19,2022-08-23,2,down,up,0.26797650333090667,0.0680687515438654,0.6639547451252277
Alphabet Inc.,2022-08-22,2022-08-24,2,down,up,0.32076113207397045,0.054458988580433146,0.6247798793455963
Alphabet Inc.,2022-08-23,2022-08-25,2,up,up,0.2945168601999326,0.03668628264403474,0.6687968571560325
Alphabet Inc.,2022-08-24,2022-08-26,2,down,up,0.2979111434966583,0.05168557649775047,0.6504032800055911
Alphabet Inc.,2022-08-25,2022-08-29,2,down,up,0.267621383723901,0.07834208127727774,0.6540365349988209
Alphabet Inc.,2022-08-26,2022-08-30,2,down,up,0.31012558305290616,0.09449528023834144,0.5953791367087521
Alphabet Inc.,2022-08-29,2022-08-31,2,down,up,0.2943702056739955,0.10905231356581108,0.5965774807601932
Alphabet Inc.,2022-08-30,2022-09-01,2,down,up,0.2675653950016155,0.11003645932282369,0.6223981456755606
Alphabet Inc.,2022-08-31,2022-09-02,2,down,up,0.28288589857978297,0.08033299712321178,0.6367811042970049
Alphabet Inc.,2022-09-01,2022-09-06,2,down,up,0.24603271839274984,0.17082385209355222,0.5831434295136979
Alphabet Inc.,2022-09-02,2022-09-07,2,down,up,0.27891413525125713,0.1313695556995311,0.5897163090492115
Alphabet Inc.,2022-09-06,2022-09-08,2,up,up,0.34675736587660116,0.2216866811824503,0.4315559529409488
Alphabet Inc.,2022-09-07,2022-09-09,2,up,up,0.29251403078797367,0.11619166347395313,0.5912943057380731
Alphabet Inc.,2022-09-08,2022-09-12,2,up,up,0.2675267912900692,0.1361152244193905,0.59635798429054
Alphabet Inc.,2022-09-09,2022-09-13,2,down,up,0.3354354101567661,0.10549999167729021,0.5590645981659437
Alphabet Inc.,2022-09-12,2022-09-14,2,down,up,0.3666046665997635,0.10296537794427334,0.5304299554559632
Alphabet Inc.,2022-09-13,2022-09-15,2,down,up,0.31881948491868595,0.24712107902111238,0.43405943606020164
Alphabet Inc.,2022-09-14,2022-09-16,2,down,up,0.3111908825964332,0.22267378052730197,0.46613533687626485
Alphabet Inc.,2022-09-15,2022-09-19,2,down,up,0.2909283626464334,0.1789003313272459,0.5301713060263207
Alphabet Inc.,2022-09-16,2022-09-20,2,down,up,0.24095811164640246,0.23945871414669412,0.5195831742069036
Alphabet Inc.,2022-09-19,2022-09-21,2,down,up,0.27383660221453804,0.1639002974589859,0.5622631003264759
Alphabet Inc.,2022-09-20,2022-09-22,2,down,up,0.19125190761241512,0.19711955273462042,0.6116285396529646
Alphabet Inc.,2022-09-21,2022-09-23,2,down,up,0.19397044163732458,0.17958643133960872,0.626443127023067
Alphabet Inc.,2022-09-22,2022-09-26,2,down,up,0.18914102826907123,0.20862847032918064,0.6022305014017485
Alphabet Inc.,2022-09-23,2022-09-27,2,down,up,0.21313074750828484,0.20013952049147452,0.5867297320002408
Alphabet Inc.,2022-09-26,2022-09-28,2,up,up,0.21324464989554426,0.16599116946981127,0.6207641806346447
Alphabet Inc.,2022-09-27,2022-09-29,2,down,up,0.2405992736829216,0.1490617134775472,0.6103390128395314
Alphabet Inc.,2022-09-28,2022-09-30,2,down,up,0.31327968323101485,0.11325818741732481,0.5734621293516604
Alphabet Inc.,2022-09-29,2022-10-03,2,flat,up,0.25143002760566635,0.23969013468986813,0.5088798377044657
Alphabet Inc.,2022-09-30,2022-10-04,2,up,up,0.2424455578908683,0.233381095820335,0.5241733462887967
Alphabet Inc.,2022-10-03,2022-10-05,2,up,up,0.3239280769336609,0.10385891211122168,0.5722130109551175
Alphabet Inc.,2022-10-04,2022-10-06,2,up,up,0.2877866605369696,0.11841336964905944,0.5937999698139709
Alphabet Inc.,2022-10-05,2022-10-07,2,down,up,0.31297702431535623,0.20274264021373253,0.48428033547091137
Alphabet Inc.,2022-10-06,2022-10-10,2,down,up,0.2942423405566255,0.1590430835068575,0.5467145759365167
Alphabet Inc.,2022-10-07,2022-10-11,2,down,up,0.2839539977589126,0.28549231294381033,0.4305536892972771
Alphabet Inc.,2022-10-10,2022-10-12,2,down,up,0.24682048777972845,0.2439286419368917,0.5092508702833798
Alphabet Inc.,2022-10-11,2022-10-13,2,down,up,0.2099932030724555,0.17423621415838994,0.6157705827691546
Alphabet Inc.,2022-10-12,2022-10-14,2,up,up,0.22762215525862967,0.1556055195915273,0.6167723251498429
Alphabet Inc.,2022-10-13,2022-10-17,2,up,up,0.21108286621286346,0.1852084144654887,0.6037087193216478
Alphabet Inc.,2022-10-14,2022-10-18,2,up,up,0.26781714651666133,0.10768208578079964,0.624500767702539
Alphabet Inc.,2022-10-17,2022-10-19,2,flat,up,0.2986587533827471,0.10924448613776905,0.5920967604794839
Alphabet Inc.,2022-10-18,2022-10-20,2,down,up,0.2641338426191589,0.13129854603136099,0.6045676113494802
Alphabet Inc.,2022-10-19,2022-10-21,2,down,up,0.3106884402659294,0.2730847757573107,0.41622678397676
Alphabet Inc.,2022-10-20,2022-10-24,2,up,up,0.298265626943824,0.12955442524020966,0.5721799478159664
Alphabet Inc.,2022-10-21,2022-10-25,2,up,up,0.2569718864225153,0.2655338948983671,0.4774942186791175
Alphabet Inc.,2022-10-24,2022-10-26,2,down,up,0.25815516583504433,0.09104902761265063,0.6507958065523052
Alphabet Inc.,2022-10-25,2022-10-27,2,down,up,0.2811102676440304,0.08696309884197556,0.631926633513994
Alphabet Inc.,2022-10-26,2022-10-28,2,down,up,0.3009519522090162,0.2248096307919715,0.4742384169990125
Alphabet Inc.,2022-10-27,2022-10-31,2,up,up,0.32407907093009775,0.2318565942580345,0.44406433481186786
Alphabet Inc.,2022-10-28,2022-11-01,2,down,up,0.4004477137339817,0.171626248713276,0.42792603755274217
Alphabet Inc.,2022-10-31,2022-11-02,2,down,up,0.3828272736194773,0.1707753238235526,0.44639740255696997
Alphabet Inc.,2022-11-01,2022-11-03,2,down,up,0.3178330380513394,0.2511074705116039,0.43105949143705663
Alphabet Inc.,2022-11-02,2022-11-04,2,down,up,0.35714898502915177,0.2130436982202874,0.42980731675056094
Alphabet Inc.,2022-11-03,2022-11-07,2,up,up,0.35035825898672635,0.20357667450652628,0.4460650665067476
Alphabet Inc.,2022-11-04,2022-11-08,2,up,down,0.4528945125954907,0.1507684275937351,0.3963370598107743
Alphabet Inc.,2022-11-07,2022-11-09,2,up,down,0.4443497621286825,0.1480140717500911,0.40763616612122644
Alphabet Inc.,2022-11-08,2022-11-10,2,up,up,0.3992934701492791,0.1095075451271848,0.49119898472353596
Alphabet Inc.,2022-11-09,2022-11-11,2,up,up,0.3387285603852292,0.2241564830752819,0.4371149565394888
Alphabet Inc.,2022-11-10,2022-11-14,2,up,up,0.337271810381369,0.16525276721347254,0.49747542240515846
Alphabet Inc.,2022-11-11,2022-11-15,2,up,up,0.26871398048552847,0.1742507286179929,0.5570352908964789
Alphabet Inc.,2022-11-14,2022-11-16,2,up,up,0.2744820424497816,0.1870752961110323,0.5384426614391861
Alphabet Inc.,2022-11-15,2022-11-17,2,down,up,0.26948230948920854,0.14240869702626413,0.5881089934845274
Alphabet Inc.,2022-11-16,2022-11-18,2,down,up,0.3296049342207552,0.17635837265687265,0.4940366931223722
Alphabet Inc.,2022-11-17,2022-11-21,2,down,up,0.3006424325583084,0.20089778514321335,0.4984597822984782
Alphabet Inc.,2022-11-18,2022-11-22,2,down,up,0.32099824685482425,0.14156285672041866,0.537438896424757
Alphabet Inc.,2022-11-21,2022-11-23,2,up,up,0.26589313853608915,0.25930147358317596,0.4748053878807349
Alphabet Inc.,2022-11-22,2022-11-25,2,up,up,0.25444550248243636,0.18493971588109887,0.5606147816364647
Alphabet Inc.,2022-11-23,2022-11-28,2,down,up,0.24278391727286464,0.11354610690775267,0.6436699758193827
Alphabet Inc.,2022-11-25,2022-11-29,2,down,up,0.2717237072756652,0.15664114099055523,0.5716351517337795
Alphabet Inc.,2022-11-28,2022-11-30,2,up,up,0.25692896198866366,0.23054417791431972,0.5125268600970166
Alphabet Inc.,2022-11-29,2022-12-01,2,up,up,0.23728930837156464,0.19745534739177623,0.5652553442366594
Alphabet Inc.,2022-11-30,2022-12-02,2,up,up,0.2801536927527809,0.11514418732508096,0.604702119922138
Alphabet Inc.,2022-12-01,2022-12-05,2,down,up,0.2640298696688441,0.10561358480602649,0.6303565455251293
Alphabet Inc.,2022-12-02,2022-12-06,2,down,up,0.3688167769724616,0.17163904314484377,0.45954417988269464
Alphabet Inc.,2022-12-05,2022-12-07,2,down,up,0.3481248157878307,0.1073327610019663,0.544542423210203
Alphabet Inc.,2022-12-06,2022-12-08,2,down,up,0.37431993348792075,0.17761127402847804,0.4480687924836011
Alphabet Inc.,2022-12-07,2022-12-09,2,down,up,0.34495260128738303,0.12063972843911898,0.534407670273498
Alphabet Inc.,2022-12-08,2022-12-12,2,down,up,0.2965686358720325,0.14355456454244023,0.5598767995855272
Alphabet Inc.,2022-12-09,2022-12-13,2,up,up,0.277469708818485,0.14601120299091133,0.5765190881906034
Alphabet Inc.,2022-12-12,2022-12-14,2,up,up,0.34158108499247064,0.1289294449882601,0.5294894700192692
Alphabet Inc.,2022-12-13,2022-12-15,2,down,up,0.32046111524971066,0.04255961427114019,0.6369792704791489
Alphabet Inc.,2022-12-14,2022-12-16,2,down,up,0.3900839790390856,0.18498234443567113,0.4249336765252434
Alphabet Inc.,2022-12-15,2022-12-19,2,down,up,0.3560740846456132,0.1716552035352661,0.4722707118191209
Alphabet Inc.,2022-12-16,2022-12-20,2,down,up,0.33754476016049934,0.1772295241072502,0.4852257157322506
Alphabet Inc.,2022-12-19,2022-12-21,2,flat,up,0.3041163930229149,0.20588107293844277,0.4900025340386424
Alphabet Inc.,2022-12-20,2022-12-22,2,down,up,0.28917572513924356,0.24195077444714655,0.46887350041360987
Alphabet Inc.,2022-12-21,2022-12-23,2,down,up,0.4052219199700864,0.15178126918837737,0.44299681084153625
Alphabet Inc.,2022-12-22,2022-12-27,2,up,up,0.264506173324797,0.22925126090312792,0.5062425657720754
Alphabet Inc.,2022-12-23,2022-12-28,2,down,up,0.3854142312936438,0.09842068874498716,0.5161650799613691
Alphabet Inc.,2022-12-27,2022-12-29,2,down,up,0.38386348178335356,0.1458311858716883,0.47030533234495825
Alphabet Inc.,2022-12-28,2022-12-30,2,up,up,0.35650949463997633,0.2223238960750726,0.4211666092849511
Alphabet Inc.,2022-12-29,2023-01-03,2,up,up,0.3646274542486166,0.09460128688422342,0.54077125886716
Alphabet Inc.,2022-12-30,2023-01-04,2,up,up,0.33756408541197963,0.169041963239275,0.4933939513487454
Alphabet Inc.,2023-01-03,2023-01-05,2,down,up,0.36405381579012014,0.10149563786406077,0.5344505463458191
Alphabet Inc.,2023-01-04,2023-01-06,2,down,up,0.3412397277725924,0.24088948062261126,0.4178707916047963
Alphabet Inc.,2023-01-05,2023-01-09,2,up,flat,0.26537195051728135,0.37395902939033276,0.36066902009238583
Alphabet Inc.,2023-01-06,2023-01-10,2,up,up,0.3188103251699789,0.14278142504031138,0.5384082497897095
Alphabet Inc.,2023-01-09,2023-01-11,2,up,up,0.3128679512033377,0.13647650960903968,0.5506555391876228
Alphabet Inc.,2023-01-10,2023-01-12,2,up,up,0.24341431621424403,0.26154516747107853,0.49504051631467755
Alphabet Inc.,2023-01-11,2023-01-13,2,up,up,0.2938743095013209,0.10042252961026353,0.6057031608884157
Alphabet Inc.,2023-01-12,2023-01-17,2,up,up,0.31112337485427205,0.14528121127510418,0.5435954138706237
Alphabet Inc.,2023-01-13,2023-01-18,2,up,up,0.3222163396745133,0.16561780788715272,0.5121658524383339
Alphabet Inc.,2023-01-17,2023-01-19,2,up,up,0.36850175488044923,0.13617008695226585,0.4953281581672847
Alphabet Inc.,2023-01-18,2023-01-20,2,up,up,0.36864872852767105,0.13319336452262218,0.49815790694970674
Alphabet Inc.,2023-01-19,2023-01-23,2,up,up,0.3589066685129915,0.13108716671617082,0.5100061647708377
Alphabet Inc.,2023-01-20,2023-01-24,2,up,up,0.3030316542850486,0.17781134150655273,0.5191570042083987
Alphabet Inc.,2023-01-23,2023-01-25,2,down,up,0.2264298115678169,0.24479560470238387,0.5287745837297996
Alphabet Inc.,2023-01-24,2023-01-26,2,down,up,0.3142184917614547,0.21516721327925392,0.4706142949592915
Alphabet Inc.,2023-01-25,2023-01-27,2,up,up,0.3704620414781541,0.20510748003102897,0.4244304784908169
Alphabet Inc.,2023-01-26,2023-01-30,2,flat,up,0.36616495194931353,0.10383947575851646,0.5299955722921701
Alphabet Inc.,2023-01-27,2023-01-31,2,down,up,0.3079665733584214,0.08000465175343635,0.6120287748881421
Alphabet Inc.,2023-01-30,2023-02-01,2,up,up,0.3288521476686517,0.10565530639576598,0.5654925459355824
Alphabet Inc.,2023-01-31,2023-02-02,2,up,up,0.2281935956017954,0.07121024101274279,0.7005961633854619
Alphabet Inc.,2023-02-01,2023-02-03,2,up,up,0.31880647672708123,0.10591531635821828,0.5752782069147004
Alphabet Inc.,2023-02-02,2023-02-06,2,down,up,0.20216287872661926,0.2047986287324467,0.5930384925409341
Alphabet Inc.,2023-02-03,2023-02-07,2,up,up,0.33972563008668116,0.14253965287132664,0.5177347170419923
Alphabet Inc.,2023-02-06,2023-02-08,2,down,up,0.3469629999575263,0.15440216689336064,0.4986348331491132
Alphabet Inc.,2023-02-07,2023-02-09,2,down,up,0.34000865440886735,0.11446987175298907,0.5455214738381435
Alphabet Inc.,2023-02-08,2023-02-10,2,down,up,0.3006630501132452,0.15939270473274114,0.5399442451540137
Alphabet Inc.,2023-02-09,2023-02-13,2,down,up,0.25653162050000045,0.1359307443025419,0.6075376351974575
Alphabet Inc.,2023-02-10,2023-02-14,2,down,up,0.277414886997716,0.08776867711666217,0.6348164358856218
Alphabet Inc.,2023-02-13,2023-02-15,2,up,up,0.2974497233253979,0.09068075830063556,0.6118695183739664
Alphabet Inc.,2023-02-14,2023-02-16,2,up,up,0.3299273550335067,0.07656867552646625,0.5935039694400271
Alphabet Inc.,2023-02-15,2023-02-17,2,down,up,0.4466126667832137,0.10234435513569276,0.45104297808109367
Alphabet Inc.,2023-02-16,2023-02-21,2,down,up,0.4382583796789639,0.08989412427617427,0.47184749604486187
Alphabet Inc.,2023-02-17,2023-02-22,2,down,up,0.3390495106195121,0.1718602296452742,0.48909025973521353
Alphabet Inc.,2023-02-21,2023-02-23,2,down,up,0.39443102750872244,0.1016493187280531,0.5039196537632246
Alphabet Inc.,2023-02-22,2023-02-24,2,down,up,0.37236011317204337,0.13163579062470343,0.4960040962032531
Alphabet Inc.,2023-02-23,2023-02-27,2,down,up,0.35109677069211204,0.11820478520382088,0.530698444104067
Alphabet Inc.,2023-02-24,2023-02-28,2,up,up,0.32034531981375025,0.19376157057070093,0.48589310961554893
Alphabet Inc.,2023-02-27,2023-03-01,2,up,up,0.4067107827929685,0.14715394197964907,0.4461352752273824
Alphabet Inc.,2023-02-28,2023-03-02,2,up,up,0.37256189186399113,0.1199732459986736,0.5074648621373353
Alphabet Inc.,2023-03-01,2023-03-03,2,up,up,0.382458892420776,0.11396864001148233,0.5035724675677418
Alphabet Inc.,2023-03-02,2023-03-06,2,up,up,0.3816955656988778,0.10386920342814669,0.5144352308729755
Alphabet Inc.,2023-03-03,2023-03-07,2,up,up,0.37369490271973044,0.13348438470040336,0.4928207125798661
Alphabet Inc.,2023-03-06,2023-03-08,2,down,up,0.3429934091577841,0.14682182565090543,0.5101847651913104
Alphabet Inc.,2023-03-07,2023-03-09,2,down,up,0.30902800168848,0.22915743979975242,0.4618145585117677
Alphabet Inc.,2023-03-08,2023-03-10,2,down,up,0.31624787784940617,0.1882655029869624,0.49548661916363146
Alphabet Inc.,2023-03-09,2023-03-13,2,down,up,0.3070624996766433,0.2793860594659654,0.4135514408573912
Alphabet Inc.,2023-03-10,2023-03-14,2,up,up,0.2828651578403638,0.2343067629598803,0.482828079199756
Alphabet Inc.,2023-03-13,2023-03-15,2,up,up,0.1925001636859649,0.2011880991643047,0.6063117371497305
Alphabet Inc.,2023-03-14,2023-03-16,2,up,up,0.20334974230325373,0.08435648742120944,0.712293770275537
Alphabet Inc.,2023-03-15,2023-03-17,2,up,up,0.24486595211345155,0.08491851392646423,0.6702155339600844
Alphabet Inc.,2023-03-16,2023-03-20,2,up,up,0.27597459125821855,0.172915006779421,0.5511104019623605
Alphabet Inc.,2023-03-17,2023-03-21,2,up,up,0.21733992940789945,0.26486149098995077,0.5177985796021501
Alphabet Inc.,2023-03-20,2023-03-22,2,up,up,0.2905340164345149,0.248609203696188,0.46085677986929724
Alphabet Inc.,2023-03-21,2023-03-23,2,up,up,0.25227720006805504,0.17020671203600365,0.5775160878959411
Alphabet Inc.,2023-03-22,2023-03-24,2,up,up,0.34359816866291853,0.15617753446818763,0.5002242968688936
Alphabet Inc.,2023-03-23,2023-03-27,2,down,up,0.32973432059580865,0.14207798394967108,0.52818769545452
Alphabet Inc.,2023-03-24,2023-03-28,2,down,up,0.37656732300145385,0.06834628055580487,0.5550863964427412
Alphabet Inc.,2023-03-27,2023-03-29,2,down,up,0.3032048508862222,0.13759893052353148,0.5591962185902465
Alphabet Inc.,2023-03-28,2023-03-30,2,down,up,0.3049453112196175,0.07198712948604025,0.6230675592943422
Alphabet Inc.,2023-03-29,2023-03-31,2,up,up,0.2895308598487689,0.08673226596618683,0.623736874185044
Alphabet Inc.,2023-03-30,2023-04-03,2,up,up,0.1903940382651107,0.11750200671843959,0.6921039550164497
Alphabet Inc.,2023-03-31,2023-04-04,2,up,up,0.428585173383086,0.07823388982032907,0.4931809367965848
Alphabet Inc.,2023-04-03,2023-04-05,2,up,up,0.36782908703902917,0.08591103352461892,0.5462598794363519
Alphabet Inc.,2023-04-04,2023-04-06,2,up,up,0.3984408798593252,0.12655686333682847,0.47500225680384617
Alphabet Inc.,2023-04-05,2023-04-10,2,up,down,0.44771351619412186,0.1229874235060549,0.4292990602998232
Alphabet Inc.,2023-04-06,2023-04-11,2,down,up,0.43605438198501256,0.12219449282908433,0.4417511251859031
Alphabet Inc.,2023-04-10,2023-04-12,2,down,up,0.3753556323661841,0.22058647496169942,0.40405789267211645
Alphabet Inc.,2023-04-11,2023-04-13,2,up,up,0.39142137819762823,0.16784015676530706,0.4407384650370648
Alphabet Inc.,2023-04-12,2023-04-14,2,up,up,0.4191328925838589,0.1500616183083775,0.4308054891077637
Alphabet Inc.,2023-04-13,2023-04-17,2,down,up,0.41806729044456853,0.1212111055392607,0.46072160401617074
Alphabet Inc.,2023-04-14,2023-04-18,2,down,up,0.4070328180841632,0.11342398763261602,0.4795431942832208
Alphabet Inc.,2023-04-17,2023-04-19,2,down,up,0.3538204541652278,0.18036570284924774,0.46581384298552453
Alphabet Inc.,2023-04-18,2023-04-20,2,down,up,0.39433141027046986,0.07566923597876879,0.5299993537507612
Alphabet Inc.,2023-04-19,2023-04-21,2,up,up,0.3827946340723846,0.07859059482507984,0.5386147711025354
Alphabet Inc.,2023-04-20,2023-04-24,2,up,down,0.501615292031093,0.0436120411477792,0.45477266682112794
Alphabet Inc.,2023-04-21,2023-04-25,2,down,down,0.4733178854091558,0.05947201374886282,0.46721010084198134
Alphabet Inc.,2023-04-24,2023-04-26,2,down,up,0.4019913722539384,0.05845510420079434,0.5395535235452672
Alphabet Inc.,2023-04-25,2023-04-27,2,up,up,0.35378550878243403,0.10216433299239998,0.5440501582251659
Alphabet Inc.,2023-04-26,2023-04-28,2,up,up,0.3088418458164939,0.07646102154002143,0.6146971326434847
Alphabet Inc.,2023-04-27,2023-05-01,2,up,down,0.6017259034784984,0.05408281795413721,0.3441912785673643
Alphabet Inc.,2023-04-28,2023-05-02,2,down,down,0.5369909599449757,0.04853972892109759,0.41446931113392693
Alphabet Inc.,2023-05-01,2023-05-03,2,down,down,0.5007818909352154,0.05850356146593386,0.44071454759885087
Alphabet Inc.,2023-05-02,2023-05-04,2,down,up,0.3685899703231263,0.14413096784933627,0.4872790618275373
Alphabet Inc.,2023-05-03,2023-05-05,2,down,up,0.4029443322982298,0.07697140534197476,0.5200842623597957
Alphabet Inc.,2023-05-04,2023-05-08,2,up,up,0.36372746393032446,0.15406324075468242,0.48220929531499307
Alphabet Inc.,2023-05-05,2023-05-09,2,up,up,0.45075310209698716,0.05934729103080596,0.48989960687220674
Alphabet Inc.,2023-05-08,2023-05-10,2,up,up,0.4105895516693615,0.06995921785464537,0.5194512304759931
Alphabet Inc.,2023-05-09,2023-05-11,2,up,up,0.4232475754101397,0.09400755561684612,0.4827448689730144
Alphabet Inc.,2023-05-10,2023-05-12,2,up,up,0.2891383672061675,0.18916984925531602,0.5216917835385168
Alphabet Inc.,2023-05-11,2023-05-15,2,up,up,0.28449208291382516,0.18496792656892008,0.5305399905172548
Alphabet Inc.,2023-05-12,2023-05-16,2,up,down,0.4257235718283278,0.1925958070653256,0.38168062110634665
Alphabet Inc.,2023-05-15,2023-05-17,2,up,up,0.4129972251054136,0.13702452209532848,0.44997825279925796
Alphabet Inc.,2023-05-16,2023-05-18,2,up,down,0.578226477388889,0.16156817198972306,0.2602053506213879
Alphabet Inc.,2023-05-17,2023-05-19,2,up,down,0.5905779651689281,0.156322596789051,0.25309943804202084
Alphabet Inc.,2023-05-18,2023-05-22,2,up,down,0.5466434207383909,0.16651819521902061,0.28683838404258843
Alphabet Inc.,2023-05-19,2023-05-23,2,flat,down,0.5797372742275306,0.17709743566761588,0.24316529010485358
Alphabet Inc.,2023-05-22,2023-05-24,2,down,down,0.5973796377276053,0.16589983614936185,0.23672052612303268
Alphabet Inc.,2023-05-23,2023-05-25,2,up,down,0.4369532907696078,0.24886516409396692,0.3141815451364253
Alphabet Inc.,2023-05-24,2023-05-26,2,up,up,0.27785132413822405,0.26958255936551434,0.45256611649626144
Alphabet Inc.,2023-05-25,2023-05-30,2,up,up,0.3045416974422395,0.1998474249228835,0.495610877634877
Alphabet Inc.,2023-05-26,2023-05-31,2,down,up,0.2963692067147983,0.22780202019630938,0.4758287730888924
Alphabet Inc.,2023-05-30,2023-06-01,2,down,up,0.3360424195410986,0.17556873663476277,0.4883888438241389
Alphabet Inc.,2023-05-31,2023-06-02,2,up,up,0.2943942332466268,0.26137467617425136,0.44423109057912186
Alphabet Inc.,2023-06-01,2023-06-05,2,up,up,0.32042522865678313,0.19711514412306394,0.48245962722015284
Alphabet Inc.,2023-06-02,2023-06-06,2,up,up,0.3340548016706277,0.17795854227664812,0.4879866560527242
Alphabet Inc.,2023-06-05,2023-06-07,2,flat,up,0.36732258649814886,0.17425347642637984,0.45842393707547147
Alphabet Inc.,2023-06-06,2023-06-08,2,down,up,0.41517680615374514,0.1685662768576924,0.41625691698856243
Alphabet Inc.,2023-06-07,2023-06-09,2,down,down,0.3785857414412949,0.2631898321390355,0.3582244264196697
Alphabet Inc.,2023-06-08,2023-06-12,2,up,up,0.3783894624217127,0.1772547066866035,0.4443558308916839
Alphabet Inc.,2023-06-09,2023-06-13,2,up,up,0.3684131179550718,0.13136016650059468,0.5002267155443336
Alphabet Inc.,2023-06-12,2023-06-14,2,flat,up,0.3780080235242717,0.1243041979838225,0.49768777849190593
Alphabet Inc.,2023-06-13,2023-06-15,2,flat,up,0.4285065319557609,0.12344361023843359,0.44804985780580553
Alphabet Inc.,2023-06-14,2023-06-16,2,up,up,0.40273254237329953,0.128320366201753,0.4689470914249476
Alphabet Inc.,2023-06-15,2023-06-20,2,down,up,0.36324646685945083,0.11374067712064719,0.5230128560199021
Alphabet Inc.,2023-06-16,2023-06-21,2,down,up,0.3689913319863716,0.11230135738437882,0.5187073106292496
Alphabet Inc.,2023-06-20,2023-06-22,2,down,up,0.38297596043279214,0.11931739193277266,0.49770664763443534
Alphabet Inc.,2023-06-21,2023-06-23,2,up,up,0.4410255643117366,0.06924547122066443,0.48972896446759895
Alphabet Inc.,2023-06-22,2023-06-26,2,down,up,0.3321604531383002,0.0658938564808344,0.6019456903808655
Alphabet Inc.,2023-06-23,2023-06-27,2,down,up,0.3162370804071899,0.06368150126796783,0.6200814183248422
Alphabet Inc.,2023-06-26,2023-06-28,2,down,up,0.27789029764922907,0.07550221190238704,0.646607490448384
Alphabet Inc.,2023-06-27,2023-06-29,2,up,up,0.2535441708993491,0.05265061094178867,0.6938052181588621
Alphabet Inc.,2023-06-28,2023-06-30,2,up,up,0.28479204995223417,0.05966675112459924,0.6555411989231663
Alphabet Inc.,2023-06-29,2023-07-03,2,up,up,0.30197268242227104,0.08109209566695055,0.6169352219107782
Alphabet Inc.,2023-06-30,2023-07-05,2,up,up,0.3377387034791933,0.0749338444034875,0.5873274521173187
Alphabet Inc.,2023-07-03,2023-07-06,2,flat,up,0.29695057917458106,0.18422219570693157,0.5188272251184872
Alphabet Inc.,2023-07-05,2023-07-07,2,down,up,0.2609600850820794,0.09850465614771022,0.6405352587702101
Alphabet Inc.,2023-07-06,2023-07-10,2,down,up,0.2766654095289566,0.2021110890772479,0.5212235013937956
Alphabet Inc.,2023-07-07,2023-07-11,2,down,up,0.23275044863186828,0.07992174994224822,0.6873278014258832
Alphabet Inc.,2023-07-10,2023-07-12,2,up,up,0.3595916439862759,0.12217420372068956,0.5182341522930344
Alphabet Inc.,2023-07-11,2023-07-13,2,up,up,0.307591165841275,0.1311610277084786,0.5612478064502462
Alphabet Inc.,2023-07-12,2023-07-14,2,up,up,0.2744837726084666,0.08502060939084229,0.6404956180006911
Alphabet Inc.,2023-07-13,2023-07-17,2,up,up,0.26913344186178767,0.1251525799009138,0.6057139782372984
Alphabet Inc.,2023-07-14,2023-07-18,2,down,up,0.23164783941877723,0.21778100458166033,0.5505711559995631
Alphabet Inc.,2023-07-17,2023-07-19,2,down,up,0.27892278911882884,0.2874558586519404,0.43362135222923115
Alphabet Inc.,2023-07-18,2023-07-20,2,down,up,0.3051431440482115,0.3061853320681173,0.3886715238836714
Alphabet Inc.,2023-07-19,2023-07-21,2,down,up,0.2660377679725065,0.26518300467358197,0.4687792273539115
Alphabet Inc.,2023-07-20,2023-07-24,2,up,up,0.2638496944548891,0.15567894800235121,0.5804713575427595
Alphabet Inc.,2023-07-21,2023-07-25,2,up,up,0.2141806671867899,0.17121304525717043,0.6146062875560395
Alphabet Inc.,2023-07-24,2023-07-26,2,up,up,0.25041319830096803,0.12304258752212133,0.6265442141769104
Alphabet Inc.,2023-07-25,2023-07-27,2,up,up,0.24934650757612947,0.11416834794500133,0.6364851444788691
Alphabet Inc.,2023-07-26,2023-07-28,2,up,up,0.21577197171095086,0.18972563390193195,0.5945023943871172
Alphabet Inc.,2023-07-27,2023-07-31,2,up,up,0.3012064057571586,0.19647498243812878,0.5023186118047126
Alphabet Inc.,2023-07-28,2023-08-01,2,down,up,0.31498687197780595,0.22233382839866558,0.4626792996235286
Alphabet Inc.,2023-07-31,2023-08-02,2,down,up,0.38874918665336566,0.16386240338434616,0.44738840996228796
Alphabet Inc.,2023-08-01,2023-08-03,2,down,up,0.3562780338171417,0.21407797960318128,0.42964398657967723
Alphabet Inc.,2023-08-02,2023-08-04,2,up,up,0.3103974934823719,0.15492957969836577,0.5346729268192623
Alphabet Inc.,2023-08-03,2023-08-07,2,up,up,0.2915544138619987,0.10998411348475244,0.5984614726532488
Alphabet Inc.,2023-08-04,2023-08-08,2,up,up,0.2818623296821082,0.09741713512380937,0.6207205351940822
Alphabet Inc.,2023-08-07,2023-08-09,2,up,up,0.276058569957433,0.10216269277278556,0.6217787372697814
Alphabet Inc.,2023-08-08,2023-08-10,2,flat,up,0.29392731878101,0.11029461928845931,0.5957780619305307
Alphabet Inc.,2023-08-09,2023-08-11,2,down,up,0.38660344151120263,0.15276417870205855,0.46063237978673865
Alphabet Inc.,2023-08-10,2023-08-14,2,down,up,0.41131948281725406,0.13070200926599063,0.45797850791675515
Alphabet Inc.,2023-08-11,2023-08-15,2,up,up,0.3061902765816449,0.11433386721068929,0.5794758562076656
Alphabet Inc.,2023-08-14,2023-08-16,2,down,up,0.25200698972639557,0.07109795965853691,0.6768950506150674
Alphabet Inc.,2023-08-15,2023-08-17,2,flat,up,0.28485268551420473,0.08639797819938383,0.628749336286411
Alphabet Inc.,2023-08-16,2023-08-18,2,down,up,0.346225811325822,0.11609262902342886,0.5376815596507489
Alphabet Inc.,2023-08-17,2023-08-21,2,down,up,0.24167884114970564,0.06772245880732779,0.6905987000429665
Alphabet Inc.,2023-08-18,2023-08-22,2,up,up,0.3203736726772226,0.07448335282226781,0.6051429745005096
Alphabet Inc.,2023-08-21,2023-08-23,2,up,up,0.3643494141997998,0.03561675127811666,0.6000338345220834
Alphabet Inc.,2023-08-22,2023-08-24,2,up,up,0.24921507065773832,0.04755959766217602,0.7032253316800856
Alphabet Inc.,2023-08-23,2023-08-25,2,down,up,0.3420986618443702,0.07895719319522825,0.5789441449604016
Alphabet Inc.,2023-08-24,2023-08-28,2,down,up,0.31606817406881754,0.0654322352796734,0.618499590651509
Alphabet Inc.,2023-08-25,2023-08-29,2,up,up,0.3584221717697308,0.11404086496031247,0.5275369632699567
Alphabet Inc.,2023-08-28,2023-08-30,2,up,up,0.27607030132609356,0.08071053755753534,0.6432191611163711
Alphabet Inc.,2023-08-29,2023-08-31,2,up,up,0.2815517371417332,0.11960652021063924,0.5988417426476276
Alphabet Inc.,2023-08-30,2023-09-01,2,up,up,0.2688035321399658,0.10650339310585244,0.624693074754182
Alphabet Inc.,2023-08-31,2023-09-05,2,down,up,0.299659693114486,0.10034704254625293,0.5999932643392609
Alphabet Inc.,2023-09-01,2023-09-06,2,down,up,0.42485736001053076,0.1163593339236536,0.4587833060658156
Alphabet Inc.,2023-09-05,2023-09-07,2,down,up,0.34631345038754296,0.1837358546596959,0.46995069495276104
Alphabet Inc.,2023-09-06,2023-09-08,2,up,up,0.3275998895713483,0.1369004773319024,0.5354996330967492
Alphabet Inc.,2023-09-07,2023-09-11,2,up,up,0.28821439716181996,0.10666220031417786,0.605123402524002
Alphabet Inc.,2023-09-08,2023-09-12,2,flat,up,0.2581095427099674,0.08082340414545328,0.6610670531445793
Alphabet Inc.,2023-09-11,2023-09-13,2,down,up,0.2479449266873302,0.09143056918128581,0.6606245041313837
Alphabet Inc.,2023-09-12,2023-09-14,2,up,up,0.33720173377954393,0.15224536624436127,0.5105528999760949
Alphabet Inc.,2023-09-13,2023-09-15,2,up,up,0.3258091134947864,0.13556232552882183,0.5386285609763916
Alphabet Inc.,2023-09-14,2023-09-18,2,flat,up,0.28607627649245804,0.1002067847834423,0.6137169387240996
Alphabet Inc.,2023-09-15,2023-09-19,2,flat,up,0.3734847541302491,0.098135488567006,0.5283797573027447
Alphabet Inc.,2023-09-18,2023-09-20,2,down,up,0.3087990738640741,0.10583789687339848,0.585363029262527
Alphabet Inc.,2023-09-19,2023-09-21,2,down,up,0.38775617246490685,0.07894600511117923,0.5332978224239138
Alphabet Inc.,2023-09-20,2023-09-22,2,down,up,0.2972651038510364,0.0698215076750334,0.6329133884739302
Alphabet Inc.,2023-09-21,2023-09-25,2,down,up,0.2876952443165068,0.027233410428315192,0.6850713452551779
Alphabet Inc.,2023-09-22,2023-09-26,2,down,up,0.28057635578354967,0.032944143705875645,0.6864795005105745
Alphabet Inc.,2023-09-25,2023-09-27,2,down,up,0.29156918016571876,0.04282269848474952,0.6656081213495314
Alphabet Inc.,2023-09-26,2023-09-28,2,up,up,0.2991849333454324,0.0983424596697676,0.6024726069847999
Alphabet Inc.,2023-09-27,2023-09-29,2,up,up,0.2459179553696713,0.08695323272124304,0.6671288119090856
Alphabet Inc.,2023-09-28,2023-10-02,2,up,up,0.2625898158423394,0.08103878653910598,0.6563713976185543
Alphabet Inc.,2023-09-29,2023-10-03,2,up,up,0.29093853689014304,0.06302926965629113,0.6460321934535653
Alphabet Inc.,2023-10-02,2023-10-04,2,up,up,0.3110747246679527,0.06216543265242791,0.6267598426796192
Alphabet Inc.,2023-10-03,2023-10-05,2,up,up,0.31569023187754486,0.08980763664621563,0.5945021314762394
Alphabet Inc.,2023-10-04,2023-10-06,2,up,up,0.29336296894950414,0.10409846887239681,0.6025385621780991
Alphabet Inc.,2023-10-05,2023-10-09,2,up,up,0.266842591738304,0.10546726036562144,0.6276901478960746
Alphabet Inc.,2023-10-06,2023-10-10,2,up,up,0.27139889710024756,0.11355135699257335,0.6150497459071793
Alphabet Inc.,2023-10-09,2023-10-11,2,up,up,0.25329607994555037,0.16638423444333733,0.5803196856111125
Alphabet Inc.,2023-10-10,2023-10-12,2,up,up,0.2779824166059266,0.1464683287559223,0.575549254638151
Alphabet Inc.,2023-10-11,2023-10-13,2,down,up,0.3024288367332138,0.16689215660536288,0.5306790066614232
Alphabet Inc.,2023-10-12,2023-10-16,2,down,up,0.3231766536399349,0.15063302997832914,0.5261903163817357
Alphabet Inc.,2023-10-13,2023-10-17,2,up,up,0.340893519408284,0.1727562149000298,0.48635026569168616
Alphabet Inc.,2023-10-16,2023-10-18,2,flat,up,0.25278557329363055,0.14218320623282554,0.6050312204735437
Alphabet Inc.,2023-10-17,2023-10-19,2,down,up,0.27665375121441665,0.14195244291079367,0.5813938058747895
Alphabet Inc.,2023-10-18,2023-10-20,2,down,up,0.2539990083839061,0.13338767600881504,0.6126133156072787
Alphabet Inc.,2023-10-19,2023-10-23,2,down,up,0.2874981749310004,0.13373686218095368,0.5787649628880461
Alphabet Inc.,2023-10-20,2023-10-24,2,up,up,0.3078150141899049,0.055347379324767784,0.6368376064853273
Alphabet Inc.,2023-10-23,2023-10-25,2,down,up,0.3560979210718164,0.030962418146460783,0.6129396607817225
Alphabet Inc.,2023-10-24,2023-10-26,2,down,up,0.19730351789408332,0.03220561761350648,0.7704908644924102
Alphabet Inc.,2023-10-25,2023-10-27,2,down,up,0.346685493154203,0.0805244951936068,0.5727900116521899
Alphabet Inc.,2023-10-26,2023-10-30,2,up,up,0.2632939754981705,0.12437392790210358,0.6123320965997258
Alphabet Inc.,2023-10-27,2023-10-31,2,up,up,0.2624709355003023,0.12942160183173962,0.6081074626679578
Alphabet Inc.,2023-10-30,2023-11-01,2,up,up,0.3731310884261985,0.1551511019866837,0.47171780958711745
Alphabet Inc.,2023-10-31,2023-11-02,2,up,up,0.3293527373025772,0.18516889058756436,0.4854783721098583
Alphabet Inc.,2023-11-01,2023-11-03,2,up,up,0.33447026125087403,0.112392593492133,0.5531371452569926
Alphabet Inc.,2023-11-02,2023-11-06,2,up,up,0.3322821536687268,0.16139074843515278,0.5063270978961203
Alphabet Inc.,2023-11-03,2023-11-07,2,up,up,0.33011860318423325,0.16077987307905292,0.5091015237367137
Alphabet Inc.,2023-11-06,2023-11-08,2,up,up,0.3338996167566559,0.16575450099709335,0.5003458822462507
Alphabet Inc.,2023-11-07,2023-11-09,2,up,up,0.3393555919324813,0.16883245924312537,0.49181194882439305
Alphabet Inc.,2023-11-08,2023-11-10,2,flat,up,0.3142431791199871,0.1631586759087662,0.5225981449712465
Alphabet Inc.,2023-11-09,2023-11-13,2,up,up,0.2761291289879761,0.23102658336984874,0.49284428764217514
Alphabet Inc.,2023-11-10,2023-11-14,2,up,up,0.3010884395252264,0.1811961754785522,0.5177153849962212
Alphabet Inc.,2023-11-13,2023-11-15,2,up,up,0.3068455424652713,0.1326167500229405,0.560537707511788
Alphabet Inc.,2023-11-14,2023-11-16,2,up,up,0.26929668650360905,0.13753658549152498,0.593166728004866
Alphabet Inc.,2023-11-15,2023-11-17,2,up,up,0.2973387133292907,0.1629483215429001,0.5397129651278093
Alphabet Inc.,2023-11-16,2023-11-20,2,down,up,0.3314639315853762,0.20905485987408448,0.4594812085405393
Alphabet Inc.,2023-11-17,2023-11-21,2,up,up,0.31781456788655277,0.2936287152793843,0.38855671683406323
Alphabet Inc.,2023-11-20,2023-11-22,2,up,up,0.3337206757838915,0.18780326022018048,0.4784760639959279
Alphabet Inc.,2023-11-21,2023-11-24,2,up,up,0.27063022075406645,0.15258517537572883,0.5767846038702045
Alphabet Inc.,2023-11-22,2023-11-27,2,down,up,0.27069906255723886,0.1375841513401563,0.5917167861026044
Alphabet Inc.,2023-11-24,2023-11-28,2,down,up,0.35929804010913335,0.16216887676080052,0.47853308313006615
Alphabet Inc.,2023-11-27,2023-11-29,2,down,up,0.2988937177512756,0.15227580010890998,0.5488304821398143
Alphabet Inc.,2023-11-28,2023-11-30,2,down,up,0.27271919847389386,0.1257463183576716,0.6015344831684345
Alphabet Inc.,2023-11-29,2023-12-01,2,down,up,0.25083096083827366,0.14055961373999123,0.608609425421735
Alphabet Inc.,2023-11-30,2023-12-04,2,down,up,0.2958623132060056,0.10414705652441172,0.5999906302695827
Alphabet Inc.,2023-12-01,2023-12-05,2,down,up,0.2716313451091793,0.08015621335799496,0.6482124415328255
Alphabet Inc.,2023-12-04,2023-12-06,2,up,up,0.3072248606709718,0.10558261960814805,0.5871925197208799
Alphabet Inc.,2023-12-05,2023-12-07,2,up,up,0.25486824646597667,0.09384826803962097,0.6512834854944023
Alphabet Inc.,2023-12-06,2023-12-08,2,up,up,0.240888711554322,0.06768490929721017,0.6914263791484675
Alphabet Inc.,2023-12-07,2023-12-11,2,down,up,0.2959211096205683,0.08700118958109555,0.6170777007983359
Alphabet Inc.,2023-12-08,2023-12-12,2,down,up,0.3688029022398825,0.17851850858281562,0.4526785891773016
Alphabet Inc.,2023-12-11,2023-12-13,2,flat,up,0.3728316357553137,0.1900157074920951,0.43715265675259096
Alphabet Inc.,2023-12-12,2023-12-14,2,flat,up,0.3593324848481789,0.11901271512252375,0.5216548000292972
Alphabet Inc.,2023-12-13,2023-12-15,2,down,up,0.3030472597513329,0.06249150961723337,0.6344612306314338
Alphabet Inc.,2023-12-14,2023-12-18,2,up,up,0.27420489708826284,0.13063077430782344,0.5951643286039137
Alphabet Inc.,2023-12-15,2023-12-19,2,up,up,0.31060695910838776,0.09216892385993625,0.5972241170316759
Alphabet Inc.,2023-12-18,2023-12-20,2,up,up,0.25142982808664405,0.0728429875508509,0.6757271843625048
Alphabet Inc.,2023-12-19,2023-12-21,2,up,up,0.2817836635212947,0.12874885781345724,0.5894674786652481
Alphabet Inc.,2023-12-20,2023-12-22,2,up,up,0.2796389569647458,0.16664134391314536,0.553719699122109
Alphabet Inc.,2023-12-21,2023-12-26,2,up,up,0.33393089025807976,0.16713890586738703,0.49893020387453313
Alphabet Inc.,2023-12-22,2023-12-27,2,down,up,0.3700658471871534,0.13573151390804392,0.4942026389048024
Alphabet Inc.,2023-12-26,2023-12-28,2,down,up,0.367855106548283,0.11591052671353959,0.5162343667381772
Alphabet Inc.,2023-12-27,2023-12-29,2,down,up,0.3225508619583163,0.1897383332545283,0.48771080478715556
Alphabet Inc.,2023-12-28,2024-01-02,2,down,up,0.2893243933536345,0.1559884236056004,0.5546871830407651
Alphabet Inc.,2023-12-29,2024-01-03,2,down,up,0.28400698853352685,0.10356402566246697,0.6124289858040061
Alphabet Inc.,2024-01-02,2024-01-04,2,flat,up,0.26332824714941305,0.0939046060161714,0.6427671468344154
Alphabet Inc.,2024-01-03,2024-01-05,2,down,up,0.2712185743749461,0.08758429970754239,0.6411971259175112
Alphabet Inc.,2024-01-04,2024-01-08,2,flat,up,0.3068519175292536,0.07164999860087656,0.6214980838698697
Alphabet Inc.,2024-01-05,2024-01-09,2,up,up,0.3145732410721838,0.09444405165699239,0.5909827072708236
Alphabet Inc.,2024-01-08,2024-01-10,2,up,up,0.23369170061574185,0.055430757729511504,0.7108775416547465
Alphabet Inc.,2024-01-09,2024-01-11,2,up,up,0.2264231474795718,0.08791412705551671,0.6856627254649114
Alphabet Inc.,2024-01-10,2024-01-12,2,up,up,0.277692820176878,0.11917131906539596,0.6031358607577259
Alphabet Inc.,2024-01-11,2024-01-16,2,flat,up,0.2769762670369272,0.1293496654802949,0.5936740674827781
Alphabet Inc.,2024-01-12,2024-01-17,2,down,up,0.3776093201912699,0.16316319632772575,0.45922748348100406
Alphabet Inc.,2024-01-16,2024-01-18,2,flat,up,0.32549684053119476,0.1566638353653652,0.5178393241034399
Alphabet Inc.,2024-01-17,2024-01-19,2,up,up,0.300896741490986,0.09648122070862744,0.6026220378003867
Alphabet Inc.,2024-01-18,2024-01-22,2,up,up,0.2371171831348498,0.08907612518312426,0.6738066916820259
Alphabet Inc.,2024-01-19,2024-01-23,2,up,up,0.30222825868428427,0.06769140578401361,0.630080335531702
Alphabet Inc.,2024-01-22,2024-01-24,2,up,up,0.3512021183877741,0.08933157709862005,0.5594663045136058
Alphabet Inc.,2024-01-23,2024-01-25,2,up,up,0.4232880672601997,0.14184034602650564,0.43487158671329473
Alphabet Inc.,2024-01-24,2024-01-26,2,up,down,0.4934083867942831,0.09365046566778039,0.4129411475379367
Alphabet Inc.,2024-01-25,2024-01-29,2,up,down,0.5566098959994705,0.09418374062741228,0.3492063633731172
Alphabet Inc.,2024-01-26,2024-01-30,2,up,down,0.4936682114462039,0.11822498914610872,0.3881067994076875
Alphabet Inc.,2024-01-29,2024-01-31,2,down,down,0.47478702652226856,0.11091731043018027,0.4142956630475513
Alphabet Inc.,2024-01-30,2024-02-01,2,down,down,0.4877440451052857,0.14400013886365384,0.3682558160310605
Alphabet Inc.,2024-01-31,2024-02-02,2,down,up,0.3450732771051003,0.07969086644796457,0.5752358564469351
Alphabet Inc.,2024-02-01,2024-02-05,2,up,up,0.34105647724589333,0.06060941991668905,0.5983341028374174
Alphabet Inc.,2024-02-02,2024-02-06,2,up,up,0.28179263749291555,0.048005857862006375,0.6702015046450779
Alphabet Inc.,2024-02-05,2024-02-07,2,up,up,0.2863008296059875,0.0711630749722825,0.6425360954217296
Alphabet Inc.,2024-02-06,2024-02-08,2,up,up,0.2878340390157835,0.07322145271919336,0.6389445082650227
Alphabet Inc.,2024-02-07,2024-02-09,2,up,up,0.3047906970697124,0.06772730086407606,0.6274820020662113
Alphabet Inc.,2024-02-08,2024-02-12,2,up,up,0.24520669625078045,0.06520228670917637,0.6895910170400431
Alphabet Inc.,2024-02-09,2024-02-13,2,down,up,0.3041903127036326,0.11760823738260515,0.5782014499137618
Alphabet Inc.,2024-02-12,2024-02-14,2,down,up,0.28542816784045977,0.09970681253757968,0.6148650196219606
Alphabet Inc.,2024-02-13,2024-02-15,2,down,up,0.3377051062991279,0.11179694830860738,0.5504979453922646
Alphabet Inc.,2024-02-14,2024-02-16,2,down,up,0.2640490693546077,0.05188655064337798,0.6840643800020143
Alphabet Inc.,2024-02-15,2024-02-20,2,down,up,0.3820760775816277,0.07236601458997469,0.5455579078283974
Alphabet Inc.,2024-02-16,2024-02-21,2,flat,up,0.27832945714624985,0.06538744980878897,0.656283093044961
Alphabet Inc.,2024-02-20,2024-02-22,2,up,up,0.29378096993537123,0.08095156915040239,0.6252674609142264
Alphabet Inc.,2024-02-21,2024-02-23,2,up,up,0.31462585815886984,0.06215807664229433,0.6232160651988357
Alphabet Inc.,2024-02-22,2024-02-26,2,down,up,0.2953142906227044,0.0773673634578966,0.6273183459193986
Alphabet Inc.,2024-02-23,2024-02-27,2,down,up,0.3500068232719852,0.12229922157113268,0.5276939551568819
Alphabet Inc.,2024-02-26,2024-02-28,2,down,up,0.3826267514269363,0.13605825875310196,0.48131498981996174
Alphabet Inc.,2024-02-27,2024-02-29,2,down,up,0.38135289295671126,0.13127317825447007,0.4873739287888187
Alphabet Inc.,2024-02-28,2024-03-01,2,up,up,0.31595560562026,0.14894388309029155,0.5351005112894484
Alphabet Inc.,2024-02-29,2024-03-04,2,down,up,0.29609672898924516,0.1274969906090009,0.5764062804017537
Alphabet Inc.,2024-03-01,2024-03-05,2,down,up,0.2652430875956478,0.14701287982036285,0.5877440325839891
Alphabet Inc.,2024-03-04,2024-03-06,2,down,up,0.2958763104811944,0.21192669753998442,0.49219699197882144
Alphabet Inc.,2024-03-05,2024-03-07,2,up,up,0.28692163490061356,0.20629407229765245,0.5067842928017342
Alphabet Inc.,2024-03-06,2024-03-08,2,up,up,0.29389312083198815,0.12105434490824168,0.5850525342597699
Alphabet Inc.,2024-03-07,2024-03-11,2,up,up,0.28583473087518313,0.10860047047313323,0.6055647986516834
Alphabet Inc.,2024-03-08,2024-03-12,2,up,up,0.3289448973366939,0.10177279519178656,0.5692823074715192
Alphabet Inc.,2024-03-11,2024-03-13,2,up,up,0.31438517435227287,0.1194900137256671,0.5661248119220599
Alphabet Inc.,2024-03-12,2024-03-14,2,up,up,0.3225911754434094,0.1599852891522079,0.5174235354043826
Alphabet Inc.,2024-03-13,2024-03-15,2,up,up,0.2803965059836055,0.15937443075060542,0.560229063265789
Alphabet Inc.,2024-03-14,2024-03-18,2,up,up,0.30700215421233273,0.14643869750314903,0.5465591482845181
Alphabet Inc.,2024-03-15,2024-03-19,2,up,up,0.30455546790457827,0.2178224876274863,0.47762204446793527
Alphabet Inc.,2024-03-18,2024-03-20,2,down,up,0.3127109369757351,0.18522407493915374,0.502064988085111
Alphabet Inc.,2024-03-19,2024-03-21,2,up,up,0.34313876161438883,0.29481362574661374,0.3620476126389977
Alphabet Inc.,2024-03-20,2024-03-22,2,up,up,0.3357980037216153,0.21251268399279596,0.45168931228558856
Alphabet Inc.,2024-03-21,2024-03-25,2,up,up,0.3343024096361977,0.17778615326029568,0.4879114371035066
Alphabet Inc.,2024-03-22,2024-03-26,2,up,up,0.3413557569010384,0.16711938434510223,0.49152485875385904
Alphabet Inc.,2024-03-25,2024-03-27,2,up,up,0.2936386586149723,0.16373984972813446,0.5426214916568932
Alphabet Inc.,2024-03-26,2024-03-28,2,flat,up,0.27107816229303355,0.1230039995988435,0.6059178381081228
Alphabet Inc.,2024-03-27,2024-04-01,2,up,up,0.33689870261849947,0.1340739116809305,0.5290273857005698
Alphabet Inc.,2024-03-28,2024-04-02,2,up,up,0.308153530354855,0.11015370386027097,0.5816927657848739
Alphabet Inc.,2024-04-01,2024-04-03,2,up,up,0.35654008599024123,0.11574977132369241,0.5277101426860662
Alphabet Inc.,2024-04-02,2024-04-04,2,down,up,0.35122538176105544,0.11729934973459906,0.5314752685043456
Alphabet Inc.,2024-04-03,2024-04-05,2,down,up,0.37078496948451667,0.1483217666083642,0.4808932639071191
Alphabet Inc.,2024-04-04,2024-04-08,2,up,up,0.35712246749275367,0.17507298468486926,0.4678045478223771
Alphabet Inc.,2024-04-05,2024-04-09,2,up,up,0.3291943962888294,0.1485916787759974,0.5222139249351734
Alphabet Inc.,2024-04-08,2024-04-10,2,up,up,0.2977096110820839,0.11570386756008975,0.5865865213578262
Alphabet Inc.,2024-04-09,2024-04-11,2,up,up,0.40934240555297363,0.09922902438150835,0.491428570065518
Alphabet Inc.,2024-04-10,2024-04-12,2,up,down,0.4485307166954795,0.14511183967350638,0.4063574436310142
Alphabet Inc.,2024-04-11,2024-04-15,2,down,up,0.42418391546502215,0.11522878964701039,0.4605872948879675
Alphabet Inc.,2024-04-12,2024-04-16,2,down,down,0.45796261203445177,0.11698137675276592,0.4250560112127824
Alphabet Inc.,2024-04-15,2024-04-17,2,down,down,0.4196467584133963,0.17635834447554433,0.4039948971110595
Alphabet Inc.,2024-04-16,2024-04-18,2,up,up,0.36334897370798847,0.12812093487248558,0.5085300914195257
Alphabet Inc.,2024-04-17,2024-04-19,2,down,up,0.29298807871206217,0.07931311156493863,0.627698809722999
Alphabet Inc.,2024-04-18,2024-04-22,2,flat,up,0.41711319612726727,0.08240768114280689,0.5004791227299257
Alphabet Inc.,2024-04-19,2024-04-23,2,up,up,0.4289335141336727,0.08286976021438125,0.4881967256519459
Alphabet Inc.,2024-04-22,2024-04-24,2,up,up,0.32725422597382575,0.08458447343508194,0.5881613005910923
Alphabet Inc.,2024-04-23,2024-04-25,2,down,up,0.36905545619441615,0.09461090836118884,0.536333635444395
Alphabet Inc.,2024-04-24,2024-04-26,2,up,up,0.3593391901981861,0.0725707658148835,0.5680900439869305
Alphabet Inc.,2024-04-25,2024-04-29,2,up,up,0.4087306661254312,0.08189930561470442,0.5093700282598645
Alphabet Inc.,2024-04-26,2024-04-30,2,down,up,0.3760278503540324,0.18736402902625496,0.4366081206197127
Alphabet Inc.,2024-04-29,2024-05-01,2,down,down,0.439001303199402,0.18293169222853428,0.378067004572064
Alphabet Inc.,2024-04-30,2024-05-02,2,up,down,0.42925789537084297,0.1733598071359338,0.39738229749322346
Alphabet Inc.,2024-05-01,2024-05-03,2,up,up,0.3581320687641572,0.1789514415207787,0.4629164897150641
Alphabet Inc.,2024-05-02,2024-05-06,2,up,up,0.3862485741823107,0.14785471200657033,0.4658967138111191
Alphabet Inc.,2024-05-03,2024-05-07,2,up,up,0.32121623163456603,0.19539045839823366,0.4833933099672002
Alphabet Inc.,2024-05-06,2024-05-08,2,up,up,0.331757738714187,0.1715156916546089,0.49672656963120415
Alphabet Inc.,2024-05-07,2024-05-09,2,down,up,0.36353924714802366,0.17215480938183955,0.46430594347013665
Alphabet Inc.,2024-05-08,2024-05-10,2,down,up,0.37787154263558576,0.23954562651691236,0.3825828308475019
Alphabet Inc.,2024-05-09,2024-05-13,2,down,up,0.36368917215843305,0.18903556826522183,0.4472752595763452
Alphabet Inc.,2024-05-10,2024-05-14,2,up,up,0.33628265368623417,0.23434313870559081,0.4293742076081752
Alphabet Inc.,2024-05-13,2024-05-15,2,up,up,0.3140924006665712,0.2100526823966121,0.4758549169368165
Alphabet Inc.,2024-05-14,2024-05-16,2,up,up,0.3187470483478762,0.15520369502125533,0.5260492566308683
Alphabet Inc.,2024-05-15,2024-05-17,2,up,up,0.3316151918231609,0.14181312725720227,0.5265716809196367
Alphabet Inc.,2024-05-16,2024-05-20,2,up,up,0.3687073888080707,0.1559499976308449,0.47534261356108437
Alphabet Inc.,2024-05-17,2024-05-21,2,up,up,0.39891535124930455,0.15183813592398948,0.4492465128267058
Alphabet Inc.,2024-05-20,2024-05-22,2,flat,down,0.4906841724343223,0.15114473287997432,0.35817109468570346
Alphabet Inc.,2024-05-21,2024-05-23,2,down,down,0.45063041096597184,0.16518199872055853,0.3841875903134696
Alphabet Inc.,2024-05-22,2024-05-24,2,down,down,0.4090871172907707,0.2316051706937456,0.3593077120154837
Alphabet Inc.,2024-05-23,2024-05-28,2,flat,up,0.3632703126335323,0.21256966805154065,0.42416001931492714
Alphabet Inc.,2024-05-24,2024-05-29,2,up,up,0.3637414947242666,0.16419331542430826,0.47206518985142476
Alphabet Inc.,2024-05-28,2024-05-30,2,down,up,0.3155477197672506,0.1183547919342471,0.5660974882985021
Alphabet Inc.,2024-05-29,2024-05-31,2,down,up,0.34687340622750923,0.13305420353746983,0.5200723902350208
Alphabet Inc.,2024-05-30,2024-06-03,2,down,up,0.415729304434918,0.12124841352519748,0.4630222820398843
Alphabet Inc.,2024-05-31,2024-06-04,2,up,up,0.3915217266007028,0.09329126360208029,0.5151870097972169
Alphabet Inc.,2024-06-03,2024-06-05,2,up,up,0.3097956789502459,0.0933083671344877,0.5968959539152664
Alphabet Inc.,2024-06-04,2024-06-06,2,up,up,0.3311715490933853,0.09258317496257135,0.5762452759440433
Alphabet Inc.,2024-06-05,2024-06-07,2,up,up,0.3572465618325363,0.08391040161791859,0.558843036549545
Alphabet Inc.,2024-06-06,2024-06-10,2,down,up,0.3560271934823264,0.07984561212769434,0.5641271943899793
Alphabet Inc.,2024-06-07,2024-06-11,2,flat,up,0.41999819390649473,0.09805130776908362,0.4819504983244219
Alphabet Inc.,2024-06-10,2024-06-12,2,up,up,0.3919297174435801,0.10402365984569435,0.5040466227107255
Alphabet Inc.,2024-06-11,2024-06-13,2,flat,up,0.3561788466078055,0.07652903181096912,0.5672921215812253
Alphabet Inc.,2024-06-12,2024-06-14,2,down,up,0.347065210841076,0.07107160881857301,0.581863180340351
"Amazon.com, Inc.",2021-07-26,2021-07-28,2,down,up,0.23006724506694998,0.29560315536731996,0.47432959956573006
"Amazon.com, Inc.",2021-07-27,2021-07-29,2,down,up,0.3539557785014696,0.21532110726119494,0.4307231142373358
"Amazon.com, Inc.",2021-07-28,2021-07-30,2,down,up,0.3594842622763372,0.2592561006984323,0.38125963702523064
"Amazon.com, Inc.",2021-07-29,2021-08-02,2,down,up,0.34422365094500307,0.29254894386721714,0.36322740518777985
"Amazon.com, Inc.",2021-07-30,2021-08-03,2,up,down,0.43014707023947013,0.18378604827447997,0.38606688148605023
"Amazon.com, Inc.",2021-08-02,2021-08-04,2,up,up,0.39271923440444256,0.17454792476904613,0.4327328408265116
"Amazon.com, Inc.",2021-08-03,2021-08-05,2,up,up,0.3500564965810448,0.1710829104975107,0.4788605929214449
"Amazon.com, Inc.",2021-08-04,2021-08-06,2,down,up,0.36186676024386416,0.18988249288049253,0.44825074687564387
"Amazon.com, Inc.",2021-08-05,2021-08-09,2,down,up,0.37249410955200735,0.15747732846541176,0.4700285619825816
"Amazon.com, Inc.",2021-08-06,2021-08-10,2,down,down,0.41937839674000094,0.19697739378013637,0.38364420947986294
"Amazon.com, Inc.",2021-08-09,2021-08-11,2,down,up,0.3871925490637228,0.18730330291350192,0.4255041480227757
"Amazon.com, Inc.",2021-08-10,2021-08-12,2,down,up,0.34535617303826804,0.23839500153085944,0.41624882543087266
"Amazon.com, Inc.",2021-08-11,2021-08-13,2,down,up,0.33934261418341644,0.2654639072497741,0.39519347856680975
"Amazon.com, Inc.",2021-08-12,2021-08-16,2,down,up,0.32125789167291274,0.26312494995857927,0.4156171583685084
"Amazon.com, Inc.",2021-08-13,2021-08-17,2,down,up,0.35220257308056263,0.2321762083884853,0.4156212185309522
"Amazon.com, Inc.",2021-08-16,2021-08-18,2,down,up,0.35495630202241657,0.23241504418402975,0.4126286537935539
"Amazon.com, Inc.",2021-08-17,2021-08-19,2,down,up,0.32828477672491174,0.22365846620298865,0.4480567570721001
"Amazon.com, Inc.",2021-08-18,2021-08-20,2,down,up,0.3526558365520569,0.19925459484843652,0.448089568599507
"Amazon.com, Inc.",2021-08-19,2021-08-23,2,up,up,0.3640224343624752,0.20149037301829625,0.4344871926192288
"Amazon.com, Inc.",2021-08-20,2021-08-24,2,up,up,0.3600542174583973,0.155444380043044,0.48450140249855894
"Amazon.com, Inc.",2021-08-23,2021-08-25,2,up,down,0.4372493690702635,0.15488087896736816,0.4078697519623682
"Amazon.com, Inc.",2021-08-24,2021-08-26,2,up,down,0.5657606486376856,0.10704522255905866,0.3271941288032552
"Amazon.com, Inc.",2021-08-25,2021-08-27,2,up,down,0.521528199463181,0.13806851644665805,0.34040328409016085
"Amazon.com, Inc.",2021-08-26,2021-08-30,2,up,down,0.4903344769693056,0.1389381195258279,0.3707274035048665
"Amazon.com, Inc.",2021-08-27,2021-08-31,2,up,up,0.3227108541388172,0.131957914184186,0.545331231676997
"Amazon.com, Inc.",2021-08-30,2021-09-01,2,up,up,0.2961871223884934,0.0933882200066589,0.6104246576048478
"Amazon.com, Inc.",2021-08-31,2021-09-02,2,up,up,0.26403812170350227,0.14013282770559177,0.5958290505909062
"Amazon.com, Inc.",2021-09-01,2021-09-03,2,down,up,0.3021202722170174,0.20760047299070258,0.4902792547922801
"Amazon.com, Inc.",2021-09-02,2021-09-07,2,up,up,0.3985936389196839,0.15631100705171638,0.44509535402859973
"Amazon.com, Inc.",2021-09-03,2021-09-08,2,up,down,0.4911469046193694,0.13588745590307633,0.372965639477554
"Amazon.com, Inc.",2021-09-07,2021-09-09,2,up,down,0.4907680540214545,0.12267946602277548,0.38655247995576986
"Amazon.com, Inc.",2021-09-08,2021-09-10,2,down,down,0.4838100932231745,0.1317837785816148,0.3844061281952104
"Amazon.com, Inc.",2021-09-09,2021-09-13,2,down,down,0.50799273665741,0.13929186579848618,0.3527153975441035
"Amazon.com, Inc.",2021-09-10,2021-09-14,2,down,down,0.5517379590945534,0.08927875414169562,0.35898328676375074
"Amazon.com, Inc.",2021-09-13,2021-09-15,2,down,down,0.5005800867212254,0.10679798461258706,0.39262192866618734
"Amazon.com, Inc.",2021-09-14,2021-09-16,2,up,up,0.4149235117446501,0.10793671797468128,0.47713977028066873
"Amazon.com, Inc.",2021-09-15,2021-09-17,2,up,up,0.3735004208836773,0.1271500221208862,0.49934955699543665
"Amazon.com, Inc.",2021-09-16,2021-09-20,2,down,up,0.35047814241351555,0.12092995038252052,0.5285919072039643
"Amazon.com, Inc.",2021-09-17,2021-09-21,2,down,up,0.3526109149692991,0.10448570013326539,0.5429033848974361
"Amazon.com, Inc.",2021-09-20,2021-09-22,2,flat,down,0.4564686567069372,0.13363110263888608,0.4099002406541768
"Amazon.com, Inc.",2021-09-21,2021-09-23,2,up,up,0.3640887567881132,0.16673855668804324,0.46917268652384403
"Amazon.com, Inc.",2021-09-22,2021-09-24,2,up,up,0.3920694806622449,0.13122536321170197,0.4767051561260533
"Amazon.com, Inc.",2021-09-23,2021-09-27,2,down,up,0.3204632192422987,0.19072625296698034,0.48881052779072115
"Amazon.com, Inc.",2021-09-24,2021-09-28,2,down,up,0.34338376059779646,0.16950614668831332,0.4871100927138904
"Amazon.com, Inc.",2021-09-27,2021-09-29,2,down,down,0.4898266730022172,0.170313430890429,0.3398598961073537
"Amazon.com, Inc.",2021-09-28,2021-09-30,2,down,down,0.4709495109681776,0.18560024947722653,0.3434502395545958
"Amazon.com, Inc.",2021-09-29,2021-10-01,2,down,up,0.3628505026624903,0.2233022327215834,0.4138472646159266
"Amazon.com, Inc.",2021-09-30,2021-10-04,2,down,up,0.3443123431011288,0.2080831644175851,0.44760449248128653
"Amazon.com, Inc.",2021-10-01,2021-10-05,2,down,up,0.36818061876318886,0.20420763980723142,0.42761174142958
"Amazon.com, Inc.",2021-10-04,2021-10-06,2,flat,down,0.4600071433957602,0.11518891526171418,0.42480394134252536
"Amazon.com, Inc.",2021-10-05,2021-10-07,2,up,up,0.35541128087095414,0.1595319323166064,0.48505678681243986
"Amazon.com, Inc.",2021-10-06,2021-10-08,2,up,up,0.35720546597921043,0.1288432515435565,0.5139512824772332
"Amazon.com, Inc.",2021-10-07,2021-10-11,2,down,down,0.47401816333788543,0.14958150794679995,0.3764003287153146
"Amazon.com, Inc.",2021-10-08,2021-10-12,2,down,down,0.5013063783669742,0.1376887790652555,0.3610048425677702
"Amazon.com, Inc.",2021-10-11,2021-10-13,2,up,down,0.5715378850366459,0.09955304292975327,0.32890907203360054
"Amazon.com, Inc.",2021-10-12,2021-10-14,2,up,down,0.5630950268948938,0.10534495652280251,0.3315600165823036
"Amazon.com, Inc.",2021-10-13,2021-10-15,2,up,down,0.6264913855544259,0.08034491611771286,0.2931636983278608
"Amazon.com, Inc.",2021-10-14,2021-10-18,2,up,down,0.5427826201661211,0.09702912633012285,0.36018825350375566
"Amazon.com, Inc.",2021-10-15,2021-10-19,2,up,up,0.4467047258501882,0.10627799041992728,0.4470172837298845
"Amazon.com, Inc.",2021-10-18,2021-10-20,2,up,up,0.40800011741925085,0.1103434546432983,0.48165642793745095
"Amazon.com, Inc.",2021-10-19,2021-10-21,2,down,up,0.3783321933073161,0.11535694829501837,0.5063108583976657
"Amazon.com, Inc.",2021-10-20,2021-10-22,2,down,down,0.47826645078325825,0.08485629762998016,0.43687725158676144
"Amazon.com, Inc.",2021-10-21,2021-10-25,2,down,down,0.5510195230697829,0.09612693468110432,0.3528535422491125
"Amazon.com, Inc.",2021-10-22,2021-10-26,2,down,down,0.6403986298300492,0.11170825832395982,0.24789311184599078
"Amazon.com, Inc.",2021-10-25,2021-10-27,2,up,down,0.6000252038933069,0.1469779519774654,0.25299684412922735
"Amazon.com, Inc.",2021-10-26,2021-10-28,2,up,down,0.4331479630348321,0.17870162025673572,0.38815041670843214
"Amazon.com, Inc.",2021-10-27,2021-10-29,2,down,down,0.4401405435396679,0.15297503249662836,0.4068844239637036
"Amazon.com, Inc.",2021-10-28,2021-11-01,2,down,up,0.426007058394408,0.13506300438389635,0.43892993722169577
"Amazon.com, Inc.",2021-10-29,2021-11-02,2,down,down,0.5889859528294001,0.14358937929236615,0.2674246678782331
"Amazon.com, Inc.",2021-11-01,2021-11-03,2,up,down,0.5491658942949307,0.14871398569916022,0.3021201200059087
"Amazon.com, Inc.",2021-11-02,2021-11-04,2,up,down,0.5754071548684005,0.1551514890946667,0.26944135603693253
"Amazon.com, Inc.",2021-11-03,2021-11-05,2,up,down,0.44483830936007357,0.19341438728173674,0.3617473033581898
"Amazon.com, Inc.",2021-11-04,2021-11-08,2,up,down,0.4370071267365375,0.1931457319873497,0.36984714127611246
"Amazon.com, Inc.",2021-11-05,2021-11-09,2,up,down,0.3997894119674468,0.21100373809370893,0.3892068499388442
"Amazon.com, Inc.",2021-11-08,2021-11-10,2,up,down,0.49616623603400634,0.15096236055873669,0.35287140340725687
"Amazon.com, Inc.",2021-11-09,2021-11-11,2,down,down,0.46463007901730363,0.1712478667156091,0.36412205426708694
"Amazon.com, Inc.",2021-11-10,2021-11-12,2,down,down,0.5862937204880762,0.1680185254620849,0.2456877540498386
"Amazon.com, Inc.",2021-11-11,2021-11-15,2,up,down,0.6665011574073887,0.10512450640716033,0.22837433618545053
"Amazon.com, Inc.",2021-11-12,2021-11-16,2,up,down,0.587416299150885,0.190216210170567,0.2223674906785475
"Amazon.com, Inc.",2021-11-15,2021-11-17,2,up,down,0.5616156388881459,0.14092156061655944,0.2974628004952943
"Amazon.com, Inc.",2021-11-16,2021-11-18,2,up,down,0.5641404691976982,0.14734256901881296,0.2885169617834882
"Amazon.com, Inc.",2021-11-17,2021-11-19,2,up,down,0.5194262652925034,0.1351882977100293,0.3453854369974671
"Amazon.com, Inc.",2021-11-18,2021-11-22,2,flat,up,0.4071102866216323,0.14497249324201497,0.4479172201363529
"Amazon.com, Inc.",2021-11-19,2021-11-23,2,down,up,0.4048860111736365,0.14176099700230946,0.45335299182405436
"Amazon.com, Inc.",2021-11-22,2021-11-24,2,down,down,0.5817215208793616,0.0920958571879523,0.32618262193268555
"Amazon.com, Inc.",2021-11-23,2021-11-26,2,down,down,0.5879481274808964,0.11490875182043027,0.2971431206986727
"Amazon.com, Inc.",2021-11-24,2021-11-29,2,down,down,0.46728536946434873,0.13840328833116097,0.39431134220449054
"Amazon.com, Inc.",2021-11-26,2021-11-30,2,down,up,0.39213432226181166,0.16340624938428497,0.4444594283539034
"Amazon.com, Inc.",2021-11-29,2021-12-01,2,down,up,0.33051310374052184,0.16101388180551027,0.5084730144539684
"Amazon.com, Inc.",2021-11-30,2021-12-02,2,down,up,0.38122497877498096,0.20360280657629526,0.41517221464872384
"Amazon.com, Inc.",2021-12-01,2021-12-03,2,down,down,0.4191244453002962,0.2079783748641556,0.3728971798355484
"Amazon.com, Inc.",2021-12-02,2021-12-06,2,down,down,0.4566881576365913,0.20296454860108198,0.34034729376232653
"Amazon.com, Inc.",2021-12-03,2021-12-07,2,up,down,0.4830172996513491,0.1774995380543917,0.339483162294259
"Amazon.com, Inc.",2021-12-06,2021-12-08,2,up,up,0.4045160921787511,0.17624054632035174,0.41924336150089714
"Amazon.com, Inc.",2021-12-07,2021-12-09,2,flat,up,0.30054918002364395,0.24536451625079586,0.4540863037255603
"Amazon.com, Inc.",2021-12-08,2021-12-10,2,down,up,0.3509970158937673,0.2524327821418557,0.3965702019643771
"Amazon.com, Inc.",2021-12-09,2021-12-13,2,down,down,0.4285674846781521,0.21393217522834504,0.35750034009350296
"Amazon.com, Inc.",2021-12-10,2021-12-14,2,down,down,0.4993209358740074,0.1820643491911595,0.3186147149348329
"Amazon.com, Inc.",2021-12-13,2021-12-15,2,down,down,0.4704878785845944,0.1815539399343788,0.34795818148102664
"Amazon.com, Inc.",2021-12-14,2021-12-16,2,up,down,0.47630991899085545,0.17808398599030092,0.3456060950188435
"Amazon.com, Inc.",2021-12-15,2021-12-17,2,down,up,0.3574563323074401,0.17165800448196958,0.4708856632105905
"Amazon.com, Inc.",2021-12-16,2021-12-20,2,down,up,0.38268710510436643,0.20482119512426908,0.4124916997713645
"Amazon.com, Inc.",2021-12-17,2021-12-21,2,flat,down,0.475075588967948,0.15938982563910373,0.36553458539294836
"Amazon.com, Inc.",2021-12-20,2021-12-22,2,up,down,0.42492161976073234,0.19630276120374876,0.37877561903551893
"Amazon.com, Inc.",2021-12-21,2021-12-23,2,up,up,0.39716519172164444,0.17021378133760437,0.4326210269407513
"Amazon.com, Inc.",2021-12-22,2021-12-27,2,up,up,0.36071865444812745,0.20603518643571458,0.43324615911615816
"Amazon.com, Inc.",2021-12-23,2021-12-28,2,down,up,0.3806870257818188,0.19880320050197228,0.4205097737162091
"Amazon.com, Inc.",2021-12-27,2021-12-29,2,down,down,0.4155289935596878,0.1866935771619193,0.397777429278393
"Amazon.com, Inc.",2021-12-28,2021-12-30,2,down,down,0.42996185780718066,0.16647211847644308,0.4035660237163765
"Amazon.com, Inc.",2021-12-29,2021-12-31,2,down,down,0.4431719575850364,0.17681888883788136,0.38000915357708237
"Amazon.com, Inc.",2021-12-30,2022-01-03,2,down,down,0.4239720905807826,0.19515703844656826,0.38087087097264916
"Amazon.com, Inc.",2021-12-31,2022-01-04,2,up,down,0.4147187973084806,0.2727248316304598,0.3125563710610594
"Amazon.com, Inc.",2022-01-03,2022-01-05,2,down,up,0.3927457552701785,0.1710958987353449,0.43615834599447667
"Amazon.com, Inc.",2022-01-04,2022-01-06,2,down,up,0.3878300230683058,0.199744192785419,0.4124257841462755
"Amazon.com, Inc.",2022-01-05,2022-01-07,2,down,down,0.44885002149701536,0.22527757942346788,0.3258723990795165
"Amazon.com, Inc.",2022-01-06,2022-01-10,2,down,down,0.4413826692567011,0.18434390208670248,0.3742734286565965
"Amazon.com, Inc.",2022-01-07,2022-01-11,2,flat,up,0.3829645803567623,0.1780384591986503,0.4389969604445877
"Amazon.com, Inc.",2022-01-10,2022-01-12,2,up,down,0.4530867026826404,0.18643591354122296,0.36047738377613675
"Amazon.com, Inc.",2022-01-11,2022-01-13,2,flat,up,0.40827955359290113,0.17742156590637564,0.4142988805007233
"Amazon.com, Inc.",2022-01-12,2022-01-14,2,down,down,0.4915129918144715,0.20281390360300505,0.3056731045825233
"Amazon.com, Inc.",2022-01-13,2022-01-18,2,down,down,0.5474531551830604,0.14122280202221846,0.31132404279472076
"Amazon.com, Inc.",2022-01-14,2022-01-19,2,down,down,0.4778655527996877,0.18018176759800653,0.3419526796023055
"Amazon.com, Inc.",2022-01-18,2022-01-20,2,down,down,0.46888589485935434,0.18116639053120706,0.3499477146094383
"Amazon.com, Inc.",2022-01-19,2022-01-21,2,down,up,0.418732860202695,0.1489450276343098,0.43232211216299526
"Amazon.com, Inc.",2022-01-20,2022-01-24,2,down,up,0.29726619511645874,0.18151094440424495,0.5212228604792967
"Amazon.com, Inc.",2022-01-21,2022-01-25,2,down,up,0.2030110986964452,0.17513208627881968,0.6218568150247357
"Amazon.com, Inc.",2022-01-24,2022-01-26,2,up,up,0.16936995146081127,0.20876562568042067,0.6218644228587684
"Amazon.com, Inc.",2022-01-25,2022-01-27,2,flat,up,0.19641230853839484,0.2245272122500649,0.5790604792115406
"Amazon.com, Inc.",2022-01-26,2022-01-28,2,flat,up,0.22061870854501278,0.17186791780937558,0.6075133736456121
"Amazon.com, Inc.",2022-01-27,2022-01-31,2,up,up,0.1959887650903422,0.21650800956083188,0.5875032253488262
"Amazon.com, Inc.",2022-01-28,2022-02-01,2,up,up,0.21826319080955275,0.24712208317552015,0.5346147260149275
"Amazon.com, Inc.",2022-01-31,2022-02-02,2,up,up,0.36156999024874525,0.23049203265882168,0.4079379770924331
"Amazon.com, Inc.",2022-02-01,2022-02-03,2,down,up,0.36121287414916275,0.2371634723538515,0.4016236534969858
"Amazon.com, Inc.",2022-02-02,2022-02-04,2,up,down,0.4383891045721441,0.14958106625017276,0.4120298291776833
"Amazon.com, Inc.",2022-02-03,2022-02-07,2,up,up,0.33016418592953267,0.12386686945164349,0.545968944618824
"Amazon.com, Inc.",2022-02-04,2022-02-08,2,up,down,0.45809416680856435,0.1336443090389677,0.4082615241524681
"Amazon.com, Inc.",2022-02-07,2022-02-09,2,up,down,0.4529564812562558,0.15584561063617763,0.39119790810756677
"Amazon.com, Inc.",2022-02-08,2022-02-10,2,flat,down,0.47448768640991157,0.13469905051687905,0.39081326307320935
"Amazon.com, Inc.",2022-02-09,2022-02-11,2,down,down,0.4923560905958918,0.16237243845519253,0.34527147094891547
"Amazon.com, Inc.",2022-02-10,2022-02-14,2,down,down,0.5661038718285217,0.13866899740852168,0.2952271307629564
"Amazon.com, Inc.",2022-02-11,2022-02-15,2,up,down,0.43532974997647017,0.14458653861200685,0.4200837114115229
"Amazon.com, Inc.",2022-02-14,2022-02-16,2,up,up,0.3415480916096137,0.14887172672813928,0.5095801816622475
"Amazon.com, Inc.",2022-02-15,2022-02-17,2,flat,up,0.3550304254086455,0.11963831039475879,0.5253312641965959
"Amazon.com, Inc.",2022-02-16,2022-02-18,2,down,up,0.30062768417471175,0.12043663705283357,0.578935678772455
"Amazon.com, Inc.",2022-02-17,2022-02-22,2,down,up,0.3001196021632669,0.1733711772591662,0.5265092205775675
"Amazon.com, Inc.",2022-02-18,2022-02-23,2,down,up,0.3347046216342239,0.1845948059587283,0.4807005724070484
"Amazon.com, Inc.",2022-02-22,2022-02-24,2,down,up,0.35596830048550965,0.1599619118729354,0.48406978764155534
"Amazon.com, Inc.",2022-02-23,2022-02-25,2,up,up,0.2598473742723328,0.13362512841667015,0.6065274973109975
"Amazon.com, Inc.",2022-02-24,2022-02-28,2,up,up,0.2858185417563487,0.12542411042261808,0.5887573478210337
"Amazon.com, Inc.",2022-02-25,2022-03-01,2,flat,up,0.24318090905450618,0.13714902763601028,0.6196700633094838
"Amazon.com, Inc.",2022-02-28,2022-03-02,2,down,up,0.22450187006998182,0.17538771614246407,0.600110413787554
"Amazon.com, Inc.",2022-03-01,2022-03-03,2,down,up,0.29139758975256425,0.1438713150306094,0.5647310952168267
"Amazon.com, Inc.",2022-03-02,2022-03-04,2,down,up,0.26034860908937474,0.10556753134385528,0.6340838595667706
"Amazon.com, Inc.",2022-03-03,2022-03-07,2,down,up,0.25486627759426983,0.08960455863280177,0.6555291637729289
"Amazon.com, Inc.",2022-03-04,2022-03-08,2,down,up,0.32704452712316895,0.08504104319989007,0.5879144296769413
"Amazon.com, Inc.",2022-03-07,2022-03-09,2,down,up,0.3478130742226181,0.08739808107561929,0.5647888447017628
"Amazon.com, Inc.",2022-03-08,2022-03-10,2,up,up,0.22947192275653028,0.1386652616471218,0.6318628155963484
"Amazon.com, Inc.",2022-03-09,2022-03-11,2,up,up,0.20519704887990034,0.08149085403196431,0.7133120970881356
"Amazon.com, Inc.",2022-03-10,2022-03-14,2,down,up,0.28295106660659175,0.1402185819833348,0.5768303514100741
"Amazon.com, Inc.",2022-03-11,2022-03-15,2,down,up,0.36907017549757826,0.13769223025867475,0.4932375942437473
"Amazon.com, Inc.",2022-03-14,2022-03-16,2,up,up,0.35840973205956017,0.10408688528916224,0.537503382651278
"Amazon.com, Inc.",2022-03-15,2022-03-17,2,up,up,0.40126072936192436,0.08594812736731618,0.5127911432707595
"Amazon.com, Inc.",2022-03-16,2022-03-18,2,up,down,0.4551501367589058,0.09156393789840184,0.45328592534269235
"Amazon.com, Inc.",2022-03-17,2022-03-21,2,up,up,0.43658523364198487,0.07814819985433981,0.4852665665036753
"Amazon.com, Inc.",2022-03-18,2022-03-22,2,up,up,0.4163594770723277,0.10245379275441178,0.4811867301732608
"Amazon.com, Inc.",2022-03-21,2022-03-23,2,up,up,0.4293338438406509,0.09659967506259784,0.4740664810967515
"Amazon.com, Inc.",2022-03-22,2022-03-24,2,down,up,0.3887158330474938,0.11534480284749916,0.4959393641050072
"Amazon.com, Inc.",2022-03-23,2022-03-25,2,flat,down,0.4384946054460068,0.12424883679359718,0.43725655776039596
"Amazon.com, Inc.",2022-03-24,2022-03-28,2,up,down,0.5828535888818622,0.09973743000117029,0.31740898111696697
"Amazon.com, Inc.",2022-03-25,2022-03-29,2,up,down,0.4304585010224447,0.14435568676645993,0.42518581221109547
"Amazon.com, Inc.",2022-03-28,2022-03-30,2,up,up,0.40360459688741684,0.14783906786913223,0.44855633524345123
"Amazon.com, Inc.",2022-03-29,2022-03-31,2,down,up,0.4197156873272273,0.1512713277246425,0.42901298494813006
"Amazon.com, Inc.",2022-03-30,2022-04-01,2,down,down,0.5290094411223051,0.05355931593355863,0.417431242944136
"Amazon.com, Inc.",2022-03-31,2022-04-04,2,up,down,0.6172404856884193,0.063989581704327,0.3187699326072531
"Amazon.com, Inc.",2022-04-01,2022-04-05,2,up,down,0.6135199360602049,0.09083108364008669,0.29564898029970815
"Amazon.com, Inc.",2022-04-04,2022-04-06,2,down,down,0.48799660030168496,0.11413649258217502,0.3978669071161399
"Amazon.com, Inc.",2022-04-05,2022-04-07,2,down,down,0.5073778510685656,0.12993735707630588,0.36268479185512825
"Amazon.com, Inc.",2022-04-06,2022-04-08,2,down,down,0.5978943616200805,0.06940265229933998,0.33270298608057913
"Amazon.com, Inc.",2022-04-07,2022-04-11,2,down,down,0.5189715477024754,0.10187074711920635,0.3791577051783181
"Amazon.com, Inc.",2022-04-08,2022-04-12,2,down,down,0.5230456948943837,0.07272748712104879,0.40422681798456767
"Amazon.com, Inc.",2022-04-11,2022-04-13,2,up,down,0.4892733984622199,0.12377691871686756,0.3869496828209127
"Amazon.com, Inc.",2022-04-12,2022-04-14,2,up,up,0.4281485979247851,0.10154897675892624,0.4703024253162888
"Amazon.com, Inc.",2022-04-13,2022-04-18,2,down,up,0.4112570004164936,0.08652418135346064,0.5022188182300458
"Amazon.com, Inc.",2022-04-14,2022-04-19,2,up,down,0.45933664686927494,0.1466433614407434,0.3940199916899816
"Amazon.com, Inc.",2022-04-18,2022-04-20,2,up,down,0.4747706698124471,0.15729377793819674,0.3679355522493559
"Amazon.com, Inc.",2022-04-19,2022-04-21,2,down,down,0.42330849570877327,0.23716203377154318,0.33952947051968324
"Amazon.com, Inc.",2022-04-20,2022-04-22,2,down,down,0.3927095950027293,0.22747786795023256,0.37981253704703805
"Amazon.com, Inc.",2022-04-21,2022-04-25,2,down,up,0.3117327371141209,0.1395062242454185,0.5487610386404609
"Amazon.com, Inc.",2022-04-22,2022-04-26,2,down,up,0.23208095344368526,0.09410518815488007,0.6738138584014349
"Amazon.com, Inc.",2022-04-25,2022-04-27,2,down,up,0.2123129530450942,0.07017021373465492,0.7175168332202508
"Amazon.com, Inc.",2022-04-26,2022-04-28,2,up,up,0.21033840153570232,0.09656130610710856,0.6931002923571893
"Amazon.com, Inc.",2022-04-27,2022-04-29,2,down,up,0.18712794976977787,0.22727517176945727,0.585596878460765
"Amazon.com, Inc.",2022-04-28,2022-05-02,2,down,up,0.21096731598963003,0.10755831964176062,0.68147436436861
"Amazon.com, Inc.",2022-04-29,2022-05-03,2,down,up,0.14564425475792503,0.2407478916058695,0.6136078536362056
"Amazon.com, Inc.",2022-05-02,2022-05-04,2,up,up,0.14427527676772534,0.29881973092481445,0.5569049923074602
"Amazon.com, Inc.",2022-05-03,2022-05-05,2,down,up,0.19495256186380508,0.2146834557972176,0.5903639823389778
"Amazon.com, Inc.",2022-05-04,2022-05-06,2,down,up,0.19912760070693122,0.2563852112978578,0.5444871879952113
"Amazon.com, Inc.",2022-05-05,2022-05-09,2,down,up,0.20083772094715144,0.27283955903720514,0.5263227200156436
"Amazon.com, Inc.",2022-05-06,2022-05-10,2,down,up,0.20130689054163145,0.1786723581780332,0.6200207512803357
"Amazon.com, Inc.",2022-05-09,2022-05-11,2,down,up,0.18140149752051055,0.15849311608961858,0.6601053863898712
"Amazon.com, Inc.",2022-05-10,2022-05-12,2,down,up,0.1840787585340672,0.26774755439420495,0.5481736870717282
"Amazon.com, Inc.",2022-05-11,2022-05-13,2,up,up,0.1731897447986858,0.2755380688170297,0.5512721863842848
"Amazon.com, Inc.",2022-05-12,2022-05-16,2,up,up,0.2198013445875526,0.27360309903468427,0.5065955563777635
"Amazon.com, Inc.",2022-05-13,2022-05-17,2,up,up,0.28934623244790275,0.12106416484398591,0.5895896027081117
"Amazon.com, Inc.",2022-05-16,2022-05-18,2,down,up,0.376544450840449,0.10980595963852209,0.5136495895210291
"Amazon.com, Inc.",2022-05-17,2022-05-19,2,down,down,0.47065475974274323,0.07973644342226167,0.4496087968349951
"Amazon.com, Inc.",2022-05-18,2022-05-20,2,down,up,0.4116960067692639,0.10190441863107322,0.486399574599663
"Amazon.com, Inc.",2022-05-19,2022-05-23,2,down,up,0.3871452844539729,0.12975590212040763,0.4830988134256197
"Amazon.com, Inc.",2022-05-20,2022-05-24,2,down,up,0.3199285499141496,0.08880904012584973,0.5912624099600011
"Amazon.com, Inc.",2022-05-23,2022-05-25,2,down,up,0.3333760464270896,0.0756300705933878,0.5909938829795233
"Amazon.com, Inc.",2022-05-24,2022-05-26,2,up,up,0.34476402007675266,0.1348087824924954,0.5204271974307525
"Amazon.com, Inc.",2022-05-25,2022-05-27,2,up,up,0.32750466779714243,0.07428844380214848,0.5982068884007096
"Amazon.com, Inc.",2022-05-26,2022-05-31,2,up,up,0.4276626715982696,0.0580075801488017,0.5143297482529289
"Amazon.com, Inc.",2022-05-27,2022-06-01,2,up,up,0.42369559475035196,0.09219718165777299,0.4841072235918751
"Amazon.com, Inc.",2022-05-31,2022-06-02,2,up,up,0.42958585832189194,0.08758378198751574,0.4828303596905924
"Amazon.com, Inc.",2022-06-01,2022-06-03,2,up,up,0.4108335535553981,0.12641526221747956,0.46275118422712247
"Amazon.com, Inc.",2022-06-02,2022-06-06,2,up,up,0.39349148427955855,0.1242837510616115,0.48222476465883035
"Amazon.com, Inc.",2022-06-03,2022-06-07,2,down,up,0.4033061625798367,0.09887415306254896,0.4978196843576145
"Amazon.com, Inc.",2022-06-06,2022-06-08,2,down,up,0.4531566491821834,0.08382778011542964,0.4630155707023871
"Amazon.com, Inc.",2022-06-07,2022-06-09,2,down,down,0.5485039604924009,0.067204405387146,0.3842916341204525
"Amazon.com, Inc.",2022-06-08,2022-06-10,2,down,up,0.37479803878825585,0.07802391009568542,0.5471780511160591
"Amazon.com, Inc.",2022-06-09,2022-06-13,2,down,up,0.37530911757740104,0.0947531218297489,0.5299377605928506
"Amazon.com, Inc.",2022-06-10,2022-06-14,2,down,up,0.4173188553119862,0.07587066759501838,0.5068104770929959
"Amazon.com, Inc.",2022-06-13,2022-06-15,2,up,up,0.2937641415077372,0.17113095233934084,0.5351049061529228
"Amazon.com, Inc.",2022-06-14,2022-06-16,2,up,up,0.23675376700132753,0.21217776946633382,0.5510684635323392
"Amazon.com, Inc.",2022-06-15,2022-06-17,2,down,up,0.24199128165632267,0.1588182754607236,0.5991904428829542
"Amazon.com, Inc.",2022-06-16,2022-06-21,2,up,up,0.2841654212455631,0.2186251830098421,0.4972093957445952
"Amazon.com, Inc.",2022-06-17,2022-06-22,2,up,up,0.277739460549512,0.08754825991254013,0.6347122795379486
"Amazon.com, Inc.",2022-06-21,2022-06-23,2,up,up,0.45469574373713173,0.07733881444293936,0.467965441819929
"Amazon.com, Inc.",2022-06-22,2022-06-24,2,up,up,0.4111650573575228,0.08914677100425505,0.4996881716382222
"Amazon.com, Inc.",2022-06-23,2022-06-27,2,up,up,0.43279618701282174,0.07213619936565405,0.4950676136215242
"Amazon.com, Inc.",2022-06-24,2022-06-28,2,down,up,0.43795549026607355,0.07210740972414491,0.4899371000097815
"Amazon.com, Inc.",2022-06-27,2022-06-29,2,down,up,0.41468621235894154,0.06110825534767704,0.5242055322933816
"Amazon.com, Inc.",2022-06-28,2022-06-30,2,down,down,0.5194077373096234,0.05504008934749142,0.4255521733428848
"Amazon.com, Inc.",2022-06-29,2022-07-01,2,down,down,0.46730394397260155,0.08066402242212595,0.4520320336052725
"Amazon.com, Inc.",2022-06-30,2022-07-05,2,up,up,0.411902505658042,0.0764369905512605,0.5116605037906978
"Amazon.com, Inc.",2022-07-01,2022-07-06,2,up,up,0.3812711184970785,0.052067506961735954,0.5666613745411858
"Amazon.com, Inc.",2022-07-05,2022-07-07,2,up,up,0.36643198953826706,0.06859110758234797,0.5649769028793853
"Amazon.com, Inc.",2022-07-06,2022-07-08,2,up,up,0.4393658942042986,0.042607516594196086,0.5180265892015055
"Amazon.com, Inc.",2022-07-07,2022-07-11,2,down,up,0.45851711085386165,0.054387629792275426,0.48709525935386305
"Amazon.com, Inc.",2022-07-08,2022-07-12,2,down,up,0.4447198914237284,0.04481752807601892,0.510462580500253
"Amazon.com, Inc.",2022-07-11,2022-07-13,2,down,down,0.5719590734146884,0.05445805904702265,0.3735828675382883
"Amazon.com, Inc.",2022-07-12,2022-07-14,2,down,down,0.5052731043716233,0.07431799926792788,0.4204088963604484
"Amazon.com, Inc.",2022-07-13,2022-07-15,2,up,up,0.45430237366160925,0.06970055002430665,0.475997076314084
"Amazon.com, Inc.",2022-07-14,2022-07-18,2,up,up,0.37677163339765557,0.05801921706620375,0.5652091495361411
"Amazon.com, Inc.",2022-07-15,2022-07-19,2,up,up,0.43970377992673343,0.03411232650728712,0.5261838935659796
"Amazon.com, Inc.",2022-07-18,2022-07-20,2,up,up,0.46707953255100176,0.03950158318775749,0.4934188842612408
"Amazon.com, Inc.",2022-07-19,2022-07-21,2,up,up,0.3918560839988936,0.06437649703067383,0.5437674189704328
"Amazon.com, Inc.",2022-07-20,2022-07-22,2,up,up,0.36284327376261927,0.06864713247795533,0.5685095937594257
"Amazon.com, Inc.",2022-07-21,2022-07-25,2,down,up,0.34428908899764815,0.09562200177410488,0.5600889092282473
"Amazon.com, Inc.",2022-07-22,2022-07-26,2,down,up,0.44931750319417846,0.07562653783022662,0.47505595897559494
"Amazon.com, Inc.",2022-07-25,2022-07-27,2,down,down,0.5029293939185449,0.0751339029812599,0.42193670310019504
"Amazon.com, Inc.",2022-07-26,2022-07-28,2,up,up,0.43260839383470345,0.09156235563050708,0.4758292505347896
"Amazon.com, Inc.",2022-07-27,2022-07-29,2,up,up,0.3682515209995204,0.05291044018421021,0.5788380388162696
"Amazon.com, Inc.",2022-07-28,2022-08-01,2,up,up,0.33279959814855836,0.06141210618731475,0.6057882956641272
"Amazon.com, Inc.",2022-07-29,2022-08-02,2,flat,up,0.39292153248807565,0.10269684278733796,0.5043816247245866
"Amazon.com, Inc.",2022-08-01,2022-08-03,2,up,up,0.3924254138866407,0.08084867833322594,0.5267259077801334
"Amazon.com, Inc.",2022-08-02,2022-08-04,2,up,down,0.4327041610502402,0.15344785955113815,0.41384797939862183
"Amazon.com, Inc.",2022-08-03,2022-08-05,2,up,down,0.4977068958688421,0.07380387799565317,0.4284892261355045
"Amazon.com, Inc.",2022-08-04,2022-08-08,2,down,down,0.5031611907302767,0.08348388616502651,0.4133549231046966
"Amazon.com, Inc.",2022-08-05,2022-08-09,2,down,down,0.53354336158811,0.03944328396570274,0.42701335444618704
"Amazon.com, Inc.",2022-08-08,2022-08-10,2,up,down,0.5480675390989422,0.022661922020267802,0.42927053888078975
"Amazon.com, Inc.",2022-08-09,2022-08-11,2,up,down,0.5669522965693577,0.020606986775810954,0.4124407166548312
"Amazon.com, Inc.",2022-08-10,2022-08-12,2,down,down,0.578980114912468,0.023459382611776047,0.39756050247575564
"Amazon.com, Inc.",2022-08-11,2022-08-15,2,up,down,0.636147861360038,0.0173505465944771,0.3465015920454846
"Amazon.com, Inc.",2022-08-12,2022-08-16,2,up,down,0.6377880215771348,0.00864491378387434,0.3535670646389907
"Amazon.com, Inc.",2022-08-15,2022-08-17,2,down,down,0.6172012078306381,0.009114801173101504,0.37368399099626
"Amazon.com, Inc.",2022-08-16,2022-08-18,2,down,down,0.5781151262378044,0.022821268921886545,0.39906360484030867
"Amazon.com, Inc.",2022-08-17,2022-08-19,2,down,down,0.5229497948433933,0.026618994756863235,0.4504312103997434
"Amazon.com, Inc.",2022-08-18,2022-08-22,2,down,down,0.5134591935901595,0.019652256285230565,0.4668885501246099
"Amazon.com, Inc.",2022-08-19,2022-08-23,2,down,up,0.1617578652082833,0.034781906952463325,0.8034602278392533
"Amazon.com, Inc.",2022-08-22,2022-08-24,2,down,up,0.24647119460751807,0.043427712775514014,0.710101092616968
"Amazon.com, Inc.",2022-08-23,2022-08-25,2,up,up,0.284614630719667,0.06869208404450966,0.6466932852358235
"Amazon.com, Inc.",2022-08-24,2022-08-26,2,up,up,0.22275828300805536,0.06373942927278364,0.713502287719161
"Amazon.com, Inc.",2022-08-25,2022-08-29,2,down,up,0.17217302812396804,0.05863440017420362,0.7691925717018286
"Amazon.com, Inc.",2022-08-26,2022-08-30,2,down,up,0.18873412962411978,0.04907698310999422,0.7621888872658862
"Amazon.com, Inc.",2022-08-29,2022-08-31,2,down,up,0.20917310844310222,0.10603304577378296,0.684793845783115
"Amazon.com, Inc.",2022-08-30,2022-09-01,2,down,up,0.24708938990566934,0.10023080101088448,0.6526798090834466
"Amazon.com, Inc.",2022-08-31,2022-09-02,2,up,up,0.2761684822346031,0.0933036660736768,0.6305278516917203
"Amazon.com, Inc.",2022-09-01,2022-09-06,2,up,up,0.3464583727646617,0.10304054935987693,0.5505010778754617
"Amazon.com, Inc.",2022-09-02,2022-09-07,2,down,up,0.27025517336421273,0.07017498785632362,0.659569838779464
"Amazon.com, Inc.",2022-09-06,2022-09-08,2,up,up,0.31805788672211316,0.09674736033049176,0.5851947529473953
"Amazon.com, Inc.",2022-09-07,2022-09-09,2,up,up,0.37554490256472306,0.04513329019731913,0.579321807237958
"Amazon.com, Inc.",2022-09-08,2022-09-12,2,up,up,0.44708026178056215,0.04478179847132211,0.5081379397481158
"Amazon.com, Inc.",2022-09-09,2022-09-13,2,down,up,0.4105603457724502,0.0642866085757884,0.5251530456517615
"Amazon.com, Inc.",2022-09-12,2022-09-14,2,down,up,0.3345254175519598,0.07542361697729548,0.5900509654707453
"Amazon.com, Inc.",2022-09-13,2022-09-15,2,down,up,0.4326438445777303,0.06229501496116032,0.5050611404611095
"Amazon.com, Inc.",2022-09-14,2022-09-16,2,down,up,0.3626867234602539,0.05856140032974347,0.5787518762100027
"Amazon.com, Inc.",2022-09-15,2022-09-19,2,down,up,0.28060205293533264,0.057534828535714004,0.6618631185289536
"Amazon.com, Inc.",2022-09-16,2022-09-20,2,flat,up,0.40583682268814103,0.06854878754051348,0.5256143897713456
"Amazon.com, Inc.",2022-09-19,2022-09-21,2,down,up,0.30807058736948756,0.059634673048404835,0.6322947395821079
"Amazon.com, Inc.",2022-09-20,2022-09-22,2,down,up,0.3373752691533953,0.07012279206351858,0.5925019387830861
"Amazon.com, Inc.",2022-09-21,2022-09-23,2,down,up,0.30328031177747283,0.10886421852560522,0.5878554696969223
"Amazon.com, Inc.",2022-09-22,2022-09-26,2,down,up,0.2982084257190537,0.11293109551433674,0.58886047876661
"Amazon.com, Inc.",2022-09-23,2022-09-27,2,up,up,0.22722436524776435,0.12797491440043227,0.6448007203518037
"Amazon.com, Inc.",2022-09-26,2022-09-28,2,up,up,0.2204514821631178,0.09406460199990527,0.6854839158369775
"Amazon.com, Inc.",2022-09-27,2022-09-29,2,down,up,0.22172868422050565,0.10075180284780277,0.6775195129316917
"Amazon.com, Inc.",2022-09-28,2022-09-30,2,down,up,0.29050612637237433,0.1338691094823819,0.5756247641452444
"Amazon.com, Inc.",2022-09-29,2022-10-03,2,flat,up,0.32203857443930545,0.10718177197027429,0.5707796535904205
"Amazon.com, Inc.",2022-09-30,2022-10-04,2,up,up,0.3385994947785685,0.09913946178091983,0.562261043440512
"Amazon.com, Inc.",2022-10-03,2022-10-05,2,up,up,0.36726435950722836,0.09866904648881034,0.5340665940039616
"Amazon.com, Inc.",2022-10-04,2022-10-06,2,down,down,0.45607273962845135,0.09293176182753221,0.45099549854401644
"Amazon.com, Inc.",2022-10-05,2022-10-07,2,down,up,0.4329787959561567,0.07347845022469096,0.4935427538191525
"Amazon.com, Inc.",2022-10-06,2022-10-10,2,down,down,0.45784068154451335,0.09663526674484797,0.4455240517106387
"Amazon.com, Inc.",2022-10-07,2022-10-11,2,down,up,0.4538215214865699,0.07622696255549703,0.46995151595793305
"Amazon.com, Inc.",2022-10-10,2022-10-12,2,down,up,0.3828742776395155,0.08548060096262762,0.5316451213978572
"Amazon.com, Inc.",2022-10-11,2022-10-13,2,down,up,0.3673172462749866,0.09654355683262793,0.536139196892386
"Amazon.com, Inc.",2022-10-12,2022-10-14,2,down,up,0.29496270459550045,0.09653936074954757,0.6084979346549523
"Amazon.com, Inc.",2022-10-13,2022-10-17,2,up,up,0.3621671230976425,0.1314090644694661,0.5064238124328916
"Amazon.com, Inc.",2022-10-14,2022-10-18,2,up,up,0.2579328127768111,0.09535403422937463,0.6467131529938146
"Amazon.com, Inc.",2022-10-17,2022-10-19,2,up,up,0.32964977939655116,0.11225615088771958,0.5580940697157297
"Amazon.com, Inc.",2022-10-18,2022-10-20,2,down,down,0.4680906281074105,0.08199155385766596,0.44991781803492353
"Amazon.com, Inc.",2022-10-19,2022-10-21,2,up,down,0.48675844301638377,0.08001085572031552,0.4332307012633006
"Amazon.com, Inc.",2022-10-20,2022-10-24,2,up,down,0.5259226884756996,0.08241974271320794,0.391657568811092
"Amazon.com, Inc.",2022-10-21,2022-10-25,2,up,down,0.49159162990467364,0.05805568256122449,0.45035268753410185
"Amazon.com, Inc.",2022-10-24,2022-10-26,2,down,down,0.4816095532724418,0.056873099838584296,0.4615173468889738
"Amazon.com, Inc.",2022-10-25,2022-10-27,2,down,down,0.48997976420725026,0.050918605024619396,0.4591016307681304
"Amazon.com, Inc.",2022-10-26,2022-10-28,2,down,down,0.5491136103777887,0.059692765249243766,0.391193624372967
"Amazon.com, Inc.",2022-10-27,2022-10-31,2,down,up,0.4305648980560761,0.07010777426262225,0.4993273276813017
"Amazon.com, Inc.",2022-10-28,2022-11-01,2,down,up,0.26490189678253373,0.16585871246914943,0.5692393907483173
"Amazon.com, Inc.",2022-10-31,2022-11-02,2,down,up,0.2239345390017182,0.15545446452132253,0.6206109964769598
"Amazon.com, Inc.",2022-11-01,2022-11-03,2,down,up,0.21760794309579487,0.25616472525846823,0.5262273316457372
"Amazon.com, Inc.",2022-11-02,2022-11-04,2,down,up,0.2226173445760133,0.2259178618592106,0.5514647935647764
"Amazon.com, Inc.",2022-11-03,2022-11-07,2,flat,up,0.18128238250864034,0.22908027877408008,0.5896373387172799
"Amazon.com, Inc.",2022-11-04,2022-11-08,2,down,up,0.22210826260253655,0.1493572681084501,0.628534469289014
"Amazon.com, Inc.",2022-11-07,2022-11-09,2,down,up,0.2286941217157567,0.21571395346643288,0.5555919248178108
"Amazon.com, Inc.",2022-11-08,2022-11-10,2,up,up,0.2729254209522835,0.15076389488319225,0.5763106841645247
"Amazon.com, Inc.",2022-11-09,2022-11-11,2,up,up,0.2905816265401029,0.13130015109930018,0.5781182223605974
"Amazon.com, Inc.",2022-11-10,2022-11-14,2,up,up,0.41306650183411564,0.1137965764081955,0.4731369217576891
"Amazon.com, Inc.",2022-11-11,2022-11-15,2,up,down,0.5037814066579273,0.09171711226277901,0.4045014810792937
"Amazon.com, Inc.",2022-11-14,2022-11-16,2,down,up,0.35882970017176513,0.08286686779540986,0.5583034320328253
"Amazon.com, Inc.",2022-11-15,2022-11-17,2,down,up,0.43900097358752665,0.05728531737941089,0.5037137090330627
"Amazon.com, Inc.",2022-11-16,2022-11-18,2,down,up,0.4262235680522491,0.07384880803467561,0.4999276239130756
"Amazon.com, Inc.",2022-11-17,2022-11-21,2,down,down,0.4548216328703009,0.09802817208374957,0.44715019504594977
"Amazon.com, Inc.",2022-11-18,2022-11-22,2,down,up,0.4427774037504248,0.0657595858023659,0.4914630104472096
"Amazon.com, Inc.",2022-11-21,2022-11-23,2,up,down,0.4713100626614149,0.08244774843098865,0.4462421889075964
"Amazon.com, Inc.",2022-11-22,2022-11-25,2,up,up,0.4218993703656283,0.08410297553959602,0.493997654094776
"Amazon.com, Inc.",2022-11-23,2022-11-28,2,up,up,0.35726881844748193,0.08371990317674798,0.5590112783757705
"Amazon.com, Inc.",2022-11-25,2022-11-29,2,down,up,0.41231604425888774,0.07211053946601004,0.5155734162751022
"Amazon.com, Inc.",2022-11-28,2022-11-30,2,flat,up,0.4107824796628306,0.0654370215243241,0.5237804988128455
"Amazon.com, Inc.",2022-11-29,2022-12-01,2,up,down,0.46183346901858857,0.0776317581142999,0.4605347728671116
"Amazon.com, Inc.",2022-11-30,2022-12-02,2,flat,down,0.5373342702689927,0.04625213531868035,0.4164135944123269
"Amazon.com, Inc.",2022-12-01,2022-12-05,2,down,down,0.4868134619692244,0.04722058230248119,0.4659659557282944
"Amazon.com, Inc.",2022-12-02,2022-12-06,2,down,down,0.5741389988009525,0.06649765107587409,0.359363350123173
"Amazon.com, Inc.",2022-12-05,2022-12-07,2,down,down,0.4955675573107481,0.067573474191804,0.43685896849744776
"Amazon.com, Inc.",2022-12-06,2022-12-08,2,flat,down,0.471287431876635,0.0770942351044502,0.45161833301891485
"Amazon.com, Inc.",2022-12-07,2022-12-09,2,up,up,0.4570008270609851,0.05245203728026574,0.49054713565874913
"Amazon.com, Inc.",2022-12-08,2022-12-12,2,flat,up,0.4097067834889754,0.05696651640756417,0.5333267001034606
"Amazon.com, Inc.",2022-12-09,2022-12-13,2,up,up,0.40718011688706307,0.08192949261599985,0.5108903904969373
"Amazon.com, Inc.",2022-12-12,2022-12-14,2,up,up,0.4300805465506977,0.09249018366083654,0.47742926978846567
"Amazon.com, Inc.",2022-12-13,2022-12-15,2,down,down,0.48229590922498006,0.07363196702568725,0.4440721237493326
"Amazon.com, Inc.",2022-12-14,2022-12-16,2,down,down,0.5643089864335649,0.058512594092218734,0.377178419474216
"Amazon.com, Inc.",2022-12-15,2022-12-19,2,down,down,0.575139166377185,0.08652370023508435,0.33833713338773014
"Amazon.com, Inc.",2022-12-16,2022-12-20,2,down,down,0.572680617663633,0.05131272798299445,0.3760066543533721
"Amazon.com, Inc.",2022-12-19,2022-12-21,2,up,down,0.5913792225625777,0.05651932143022335,0.3521014560071986
"Amazon.com, Inc.",2022-12-20,2022-12-22,2,down,down,0.5110718007624013,0.05975105762765243,0.4291771416099461
"Amazon.com, Inc.",2022-12-21,2022-12-23,2,down,up,0.41008957251464184,0.04795741668925438,0.541953010796104
"Amazon.com, Inc.",2022-12-22,2022-12-27,2,down,down,0.5630374896680111,0.07559025389599174,0.3613722564359968
"Amazon.com, Inc.",2022-12-23,2022-12-28,2,down,up,0.3954379596129747,0.09484929667039826,0.5097127437166271
"Amazon.com, Inc.",2022-12-27,2022-12-29,2,down,up,0.4042803803805091,0.08046968743390671,0.515249932185584
"Amazon.com, Inc.",2022-12-28,2022-12-30,2,up,down,0.45314107146237,0.13011827543134205,0.41674065310628805
"Amazon.com, Inc.",2022-12-29,2023-01-03,2,up,up,0.42482320154898245,0.06627427679110619,0.5089025216599115
"Amazon.com, Inc.",2022-12-30,2023-01-04,2,up,up,0.3682274017898887,0.06388307611752862,0.567889522092583
"Amazon.com, Inc.",2023-01-03,2023-01-05,2,down,up,0.4198436187392016,0.04547744306793896,0.5346789381928594
"Amazon.com, Inc.",2023-01-04,2023-01-06,2,down,up,0.4232186685469537,0.0585573575280996,0.5182239739249467
"Amazon.com, Inc.",2023-01-05,2023-01-09,2,up,down,0.5323241532934222,0.05996099128200899,0.4077148554245687
"Amazon.com, Inc.",2023-01-06,2023-01-10,2,up,down,0.5137840544290196,0.06775233536956769,0.4184636102014126
"Amazon.com, Inc.",2023-01-09,2023-01-11,2,up,up,0.47493651805083836,0.037053064556645546,0.48801041739251616
"Amazon.com, Inc.",2023-01-10,2023-01-12,2,up,down,0.5187372670624506,0.025263000841798205,0.4559997320957511
"Amazon.com, Inc.",2023-01-11,2023-01-13,2,up,down,0.5656769212661014,0.03618450174992685,0.3981385769839715
"Amazon.com, Inc.",2023-01-12,2023-01-17,2,up,down,0.5547185175346969,0.05774003491035659,0.38754144755494624
"Amazon.com, Inc.",2023-01-13,2023-01-18,2,up,up,0.435630903213331,0.08124848271731977,0.48312061406934925
"Amazon.com, Inc.",2023-01-17,2023-01-19,2,down,up,0.39931617559322397,0.07445361831908824,0.526230206087688
"Amazon.com, Inc.",2023-01-18,2023-01-20,2,down,up,0.3844708814568563,0.10106670427139364,0.5144624142717502
"Amazon.com, Inc.",2023-01-19,2023-01-23,2,up,down,0.49196372588640686,0.08713220026425272,0.4209040738493402
"Amazon.com, Inc.",2023-01-20,2023-01-24,2,up,up,0.3823182555723651,0.07612266769806979,0.5415590767295654
"Amazon.com, Inc.",2023-01-23,2023-01-25,2,down,up,0.3663326248081782,0.10485481420373244,0.5288125609880896
"Amazon.com, Inc.",2023-01-24,2023-01-26,2,up,up,0.4047314768481517,0.08280349072646538,0.5124650324253829
"Amazon.com, Inc.",2023-01-25,2023-01-27,2,up,up,0.37658320380358157,0.09052397023111176,0.5328928259653067
"Amazon.com, Inc.",2023-01-26,2023-01-30,2,up,up,0.3054102711809057,0.0646466866495816,0.629943042169513
"Amazon.com, Inc.",2023-01-27,2023-01-31,2,up,up,0.24394753069891992,0.068447203964992,0.6876052653360883
"Amazon.com, Inc.",2023-01-30,2023-02-01,2,up,up,0.3789623424051656,0.08972412435696939,0.531313533237865
"Amazon.com, Inc.",2023-01-31,2023-02-02,2,up,up,0.2549865425898012,0.08891715500395002,0.6560963024062489
"Amazon.com, Inc.",2023-02-01,2023-02-03,2,up,up,0.2423888690198517,0.09687755246832441,0.6607335785118241
"Amazon.com, Inc.",2023-02-02,2023-02-06,2,down,up,0.22055089734630637,0.2206657665218883,0.5587833361318055
"Amazon.com, Inc.",2023-02-03,2023-02-07,2,down,up,0.4315914196922803,0.1144026334992649,0.45400594680845463
"Amazon.com, Inc.",2023-02-06,2023-02-08,2,down,up,0.41327369202090763,0.07847941308868815,0.5082468948904045
"Amazon.com, Inc.",2023-02-07,2023-02-09,2,down,up,0.3363563885024108,0.09141134243720045,0.5722322690603892
"Amazon.com, Inc.",2023-02-08,2023-02-10,2,down,up,0.4119681383940925,0.06470004463665575,0.5233318169692518
"Amazon.com, Inc.",2023-02-09,2023-02-13,2,down,down,0.47199986886843903,0.16056114885380846,0.3674389822777524
"Amazon.com, Inc.",2023-02-10,2023-02-14,2,up,down,0.5637775299149645,0.11982240589856671,0.3164000641864686
"Amazon.com, Inc.",2023-02-13,2023-02-15,2,up,up,0.3497884162407173,0.057227121819800095,0.5929844619394831
"Amazon.com, Inc.",2023-02-14,2023-02-16,2,flat,up,0.3405133958429377,0.08017577999672594,0.5793108241603364
"Amazon.com, Inc.",2023-02-15,2023-02-17,2,down,up,0.38774677112438327,0.09874933802479591,0.5135038908508209
"Amazon.com, Inc.",2023-02-16,2023-02-21,2,down,down,0.4756879307380412,0.10228367052934365,0.42202839873261516
"Amazon.com, Inc.",2023-02-17,2023-02-22,2,down,down,0.5126272568597889,0.15806728652166396,0.329305456618547
"Amazon.com, Inc.",2023-02-21,2023-02-23,2,up,down,0.5236622918108854,0.09025557455363671,0.38608213363547766
"Amazon.com, Inc.",2023-02-22,2023-02-24,2,down,up,0.3985920459528123,0.056119683436347954,0.5452882706108398
"Amazon.com, Inc.",2023-02-23,2023-02-27,2,down,down,0.4889020824941474,0.051178818909867904,0.4599190985959848
"Amazon.com, Inc.",2023-02-24,2023-02-28,2,up,down,0.6981037539077773,0.033227623840280066,0.26866862225194205
"Amazon.com, Inc.",2023-02-27,2023-03-01,2,down,down,0.5856627083202193,0.045627825711143453,0.36870946596863696
"Amazon.com, Inc.",2023-02-28,2023-03-02,2,down,down,0.5796298715085426,0.05910297955687104,0.36126714893458617
"Amazon.com, Inc.",2023-03-01,2023-03-03,2,up,down,0.5762325211875046,0.0576553744758653,0.3661121043366298
"Amazon.com, Inc.",2023-03-02,2023-03-06,2,up,down,0.5212053828245535,0.0468723036468896,0.43192231352855687
"Amazon.com, Inc.",2023-03-03,2023-03-07,2,flat,down,0.6039284795432383,0.04806067296160952,0.348010847495152
"Amazon.com, Inc.",2023-03-06,2023-03-08,2,down,down,0.6291324734361486,0.05609485099373643,0.3147726755701146
"Amazon.com, Inc.",2023-03-07,2023-03-09,2,down,down,0.5999553759286332,0.03928102026293835,0.36076360380842815
"Amazon.com, Inc.",2023-03-08,2023-03-10,2,down,down,0.6213694048484149,0.028617013965654164,0.3500135811859307
"Amazon.com, Inc.",2023-03-09,2023-03-13,2,down,down,0.6343914775613355,0.03780728533800634,0.3278012371006579
"Amazon.com, Inc.",2023-03-10,2023-03-14,2,up,down,0.6001949079269204,0.039761266223362186,0.360043825849717
"Amazon.com, Inc.",2023-03-13,2023-03-15,2,up,down,0.5329536369792468,0.0398977656953457,0.4271485973254074
"Amazon.com, Inc.",2023-03-14,2023-03-16,2,up,down,0.5350217145506315,0.031088162070056668,0.43389012337931143
"Amazon.com, Inc.",2023-03-15,2023-03-17,2,up,down,0.5859589144294587,0.019264560128250712,0.3947765254422905
"Amazon.com, Inc.",2023-03-16,2023-03-20,2,down,up,0.45321906241429233,0.037952508227928235,0.5088284293577794
"Amazon.com, Inc.",2023-03-17,2023-03-21,2,flat,up,0.37955979376797216,0.040016238011817196,0.5804239682202108
"Amazon.com, Inc.",2023-03-20,2023-03-22,2,up,down,0.4956383976631532,0.04513009686571705,0.4592315054711297
"Amazon.com, Inc.",2023-03-21,2023-03-23,2,flat,up,0.30931982845601286,0.03826616501282129,0.6524140065311664
"Amazon.com, Inc.",2023-03-22,2023-03-24,2,down,up,0.3489124471047573,0.04567462269951092,0.6054129301957322
"Amazon.com, Inc.",2023-03-23,2023-03-27,2,down,down,0.49528616833380523,0.06219065001717443,0.4425231816490202
"Amazon.com, Inc.",2023-03-24,2023-03-28,2,down,up,0.40832179677022296,0.10815263320458739,0.4835255700251899
"Amazon.com, Inc.",2023-03-27,2023-03-29,2,up,up,0.4386158559609211,0.02308127060455965,0.5383028734345195
"Amazon.com, Inc.",2023-03-28,2023-03-30,2,up,up,0.422596669185263,0.05848915349278133,0.5189141773219557
"Amazon.com, Inc.",2023-03-29,2023-03-31,2,up,up,0.301408201522836,0.015629785963153352,0.682962012514011
"Amazon.com, Inc.",2023-03-30,2023-04-03,2,up,up,0.3007695321465216,0.040683899571075564,0.6585465682824032
"Amazon.com, Inc.",2023-03-31,2023-04-04,2,up,up,0.29794180993692504,0.05660885842945167,0.6454493316336237
"Amazon.com, Inc.",2023-04-03,2023-04-05,2,flat,down,0.4817140387718794,0.08312957484364764,0.4351563863844726
"Amazon.com, Inc.",2023-04-04,2023-04-06,2,down,up,0.2805358751682029,0.04348521629754102,0.6759789085342564
"Amazon.com, Inc.",2023-04-05,2023-04-10,2,down,down,0.47981183358559015,0.0858848047951152,0.4343033616192944
"Amazon.com, Inc.",2023-04-06,2023-04-11,2,down,up,0.4116240097390426,0.13730468481239064,0.45107130544856694
"Amazon.com, Inc.",2023-04-10,2023-04-12,2,down,up,0.36531094934143027,0.13235568437944428,0.5023333662791255
"Amazon.com, Inc.",2023-04-11,2023-04-13,2,up,down,0.4095733212912815,0.20163790602341605,0.3887887726853023
"Amazon.com, Inc.",2023-04-12,2023-04-14,2,up,down,0.49337679354625796,0.1491552110126309,0.35746799544111096
"Amazon.com, Inc.",2023-04-13,2023-04-17,2,up,up,0.319951592941424,0.13365005363766463,0.5463983534209116
"Amazon.com, Inc.",2023-04-14,2023-04-18,2,up,up,0.3504789522453278,0.06911828115075838,0.5804027666039139
"Amazon.com, Inc.",2023-04-17,2023-04-19,2,up,up,0.40519713134380153,0.08633451802408178,0.5084683506321166
"Amazon.com, Inc.",2023-04-18,2023-04-20,2,up,up,0.460181465669713,0.059038339259271794,0.48078019507101516
"Amazon.com, Inc.",2023-04-19,2023-04-21,2,up,down,0.4777724161131499,0.07791725933781662,0.44431032454903324
"Amazon.com, Inc.",2023-04-20,2023-04-24,2,up,up,0.4120630624018984,0.07071611271326397,0.5172208248848377
"Amazon.com, Inc.",2023-04-21,2023-04-25,2,down,up,0.3528106875017044,0.10382935753461105,0.5433599549636847
"Amazon.com, Inc.",2023-04-24,2023-04-26,2,down,up,0.42329862940909346,0.11277276336407482,0.46392860722683177
"Amazon.com, Inc.",2023-04-25,2023-04-27,2,up,down,0.5941879634329772,0.1126669147223071,0.2931451218447152
"Amazon.com, Inc.",2023-04-26,2023-04-28,2,up,up,0.3757196255928123,0.043509065625431234,0.5807713087817566
"Amazon.com, Inc.",2023-04-27,2023-05-01,2,down,up,0.36385850196418096,0.09592474976238155,0.5402167482734376
"Amazon.com, Inc.",2023-04-28,2023-05-02,2,down,down,0.5522767293264327,0.08386356122630234,0.36385970944726476
"Amazon.com, Inc.",2023-05-01,2023-05-03,2,up,up,0.396908865507628,0.1525797452468787,0.45051138924549344
"Amazon.com, Inc.",2023-05-02,2023-05-04,2,up,down,0.41554520524912986,0.17168071955449804,0.41277407519637216
"Amazon.com, Inc.",2023-05-03,2023-05-05,2,up,up,0.293092613227175,0.12807037690422038,0.5788370098686051
"Amazon.com, Inc.",2023-05-04,2023-05-08,2,up,up,0.343666490750229,0.11919588871504581,0.5371376205347255
"Amazon.com, Inc.",2023-05-05,2023-05-09,2,up,up,0.3325029594607618,0.12835614105242704,0.5391408994868115
"Amazon.com, Inc.",2023-05-08,2023-05-10,2,up,up,0.3719606464884363,0.05765432987967859,0.5703850236318854
"Amazon.com, Inc.",2023-05-09,2023-05-11,2,up,up,0.4329406786526356,0.06085136425969651,0.506207957087668
"Amazon.com, Inc.",2023-05-10,2023-05-12,2,up,up,0.36010398336610744,0.08428159560503586,0.5556144210288568
"Amazon.com, Inc.",2023-05-11,2023-05-15,2,down,up,0.35039850684272184,0.0851452382432107,0.5644562549140679
"Amazon.com, Inc.",2023-05-12,2023-05-16,2,up,down,0.48658550823284025,0.06453713228928105,0.44887735947787877
"Amazon.com, Inc.",2023-05-15,2023-05-17,2,up,up,0.4705298902454617,0.0531278226247439,0.47634228712979443
"Amazon.com, Inc.",2023-05-16,2023-05-18,2,up,up,0.3698745936118219,0.0571144239914545,0.5730109823967237
"Amazon.com, Inc.",2023-05-17,2023-05-19,2,up,up,0.33365784015630695,0.1025965844708611,0.5637455753728324
"Amazon.com, Inc.",2023-05-18,2023-05-22,2,down,up,0.43183413807863535,0.12125115077347168,0.44691471114789294
"Amazon.com, Inc.",2023-05-19,2023-05-23,2,down,down,0.5430137249239322,0.058523613949961965,0.39846266112610557
"Amazon.com, Inc.",2023-05-22,2023-05-24,2,up,down,0.6014228225988192,0.033678367321707425,0.36489881007947345
"Amazon.com, Inc.",2023-05-23,2023-05-25,2,up,down,0.6000097505111548,0.016279798292208394,0.38371045119663644
"Amazon.com, Inc.",2023-05-24,2023-05-26,2,up,up,0.45149234296534807,0.0114915102191213,0.5370161468155307
"Amazon.com, Inc.",2023-05-25,2023-05-30,2,up,down,0.49213406049850705,0.023898039258725436,0.48396790024276753
"Amazon.com, Inc.",2023-05-26,2023-05-31,2,up,up,0.4234386941793169,0.019983110438074457,0.556578195382609
"Amazon.com, Inc.",2023-05-30,2023-06-01,2,flat,down,0.5847664871866906,0.026126857725097007,0.3891066550882122
"Amazon.com, Inc.",2023-05-31,2023-06-02,2,up,down,0.6639397863464178,0.036117195621628524,0.29994301803195306
"Amazon.com, Inc.",2023-06-01,2023-06-05,2,up,down,0.5925421724414071,0.014272417441570744,0.393185410117022
"Amazon.com, Inc.",2023-06-02,2023-06-06,2,up,down,0.6217328148536793,0.012360139943774953,0.3659070452025457
"Amazon.com, Inc.",2023-06-05,2023-06-07,2,down,down,0.6671709713182672,0.03946273424048961,0.2933662944412428
"Amazon.com, Inc.",2023-06-06,2023-06-08,2,down,down,0.6058132279641248,0.01394139351930409,0.3802453785165709
"Amazon.com, Inc.",2023-06-07,2023-06-09,2,flat,down,0.6350781216173532,0.010386322476876639,0.35453555590576996
"Amazon.com, Inc.",2023-06-08,2023-06-12,2,up,down,0.5931212420275047,0.008303691878115978,0.39857506609437904
"Amazon.com, Inc.",2023-06-09,2023-06-13,2,up,up,0.3857998420379058,0.011944367818409709,0.6022557901436846
"Amazon.com, Inc.",2023-06-12,2023-06-14,2,up,up,0.3952939380049248,0.002122343480758185,0.6025837185143171
"Amazon.com, Inc.",2023-06-13,2023-06-15,2,down,up,0.4525810253318314,0.012185418721652358,0.5352335559465167
"Amazon.com, Inc.",2023-06-14,2023-06-16,2,up,down,0.5844641680729429,0.010023300193542473,0.40551253173351454
"Amazon.com, Inc.",2023-06-15,2023-06-20,2,down,down,0.5133063512700171,0.005386376674933255,0.48130727205504975
"Amazon.com, Inc.",2023-06-16,2023-06-21,2,down,up,0.4328383622796235,0.006744686961516371,0.5604169507588602
"Amazon.com, Inc.",2023-06-20,2023-06-22,2,up,up,0.4875013118126864,0.00409063563285443,0.5084080525544593
"Amazon.com, Inc.",2023-06-21,2023-06-23,2,up,up,0.27714748061843136,0.03276144050209735,0.6900910788794719
"Amazon.com, Inc.",2023-06-22,2023-06-26,2,up,up,0.2651258763932892,0.009819144600493313,0.725054979006218
"Amazon.com, Inc.",2023-06-23,2023-06-27,2,down,up,0.29362426629647326,0.0025,0.7038757337035274
"Amazon.com, Inc.",2023-06-26,2023-06-28,2,up,up,0.45947261527664474,0.00888402216545929,0.5316433625578962
"Amazon.com, Inc.",2023-06-27,2023-06-29,2,down,up,0.3957991771534448,0.013376217245434035,0.5908246056011214
"Amazon.com, Inc.",2023-06-28,2023-06-30,2,up,up,0.3887225355640835,0.008662774462156506,0.6026146899737603
"Amazon.com, Inc.",2023-06-29,2023-07-03,2,up,up,0.39757489476999525,0.014106196807442737,0.5883189084225623
"Amazon.com, Inc.",2023-06-30,2023-07-05,2,up,up,0.22670928500539234,0.0196985316629927,0.7535921833316154
"Amazon.com, Inc.",2023-07-03,2023-07-06,2,down,up,0.31714660144160717,0.029909500706818845,0.6529438978515744
"Amazon.com, Inc.",2023-07-05,2023-07-07,2,down,up,0.39003851559481,0.01894867696505315,0.5910128074401372
"Amazon.com, Inc.",2023-07-06,2023-07-10,2,down,up,0.2385210385592771,0.0766843031040442,0.6847946583366791
"Amazon.com, Inc.",2023-07-07,2023-07-11,2,down,up,0.19342445975189404,0.02796872962744274,0.778606810620663
"Amazon.com, Inc.",2023-07-10,2023-07-12,2,up,up,0.21238604343230189,0.06950958627288785,0.7181043702948103
"Amazon.com, Inc.",2023-07-11,2023-07-13,2,up,up,0.12466203877519495,0.061434357865006325,0.8139036033597989
"Amazon.com, Inc.",2023-07-12,2023-07-14,2,up,up,0.13179526672284406,0.03247627417698648,0.8357284591001695
"Amazon.com, Inc.",2023-07-13,2023-07-17,2,up,up,0.30028567279686164,0.04574990153141102,0.6539644256717275
"Amazon.com, Inc.",2023-07-14,2023-07-18,2,down,up,0.30718770049123284,0.0316373057413637,0.6611749937674039
"Amazon.com, Inc.",2023-07-17,2023-07-19,2,flat,up,0.43148012124806456,0.05043471843435632,0.5180851603175792
"Amazon.com, Inc.",2023-07-18,2023-07-20,2,down,up,0.3936065427670749,0.018003632435981052,0.5883898247969442
"Amazon.com, Inc.",2023-07-19,2023-07-21,2,down,up,0.18539799834079282,0.012728055731897323,0.80187394592731
"Amazon.com, Inc.",2023-07-20,2023-07-24,2,down,up,0.2623022951277601,0.10324784446128989,0.6344498604109503
"Amazon.com, Inc.",2023-07-21,2023-07-25,2,down,up,0.26285063542079157,0.07443600794166712,0.6627133566375416
"Amazon.com, Inc.",2023-07-24,2023-07-26,2,down,up,0.22897640652202347,0.06243389392913893,0.7085896995488377
"Amazon.com, Inc.",2023-07-25,2023-07-27,2,up,up,0.2501724617770031,0.07973144814679098,0.670096090076206
"Amazon.com, Inc.",2023-07-26,2023-07-28,2,up,up,0.34179526156934614,0.08023947438228304,0.5779652640483709
"Amazon.com, Inc.",2023-07-27,2023-07-31,2,up,up,0.17865201406768183,0.09370981358290673,0.7276381723494114
"Amazon.com, Inc.",2023-07-28,2023-08-01,2,up,up,0.19935333245237633,0.05513554702699719,0.7455111205206271
"Amazon.com, Inc.",2023-07-31,2023-08-02,2,down,up,0.1867780977262856,0.03572332060073955,0.7774985816729754
"Amazon.com, Inc.",2023-08-01,2023-08-03,2,down,up,0.37400555871236274,0.04945858108853338,0.5765358601991043
"Amazon.com, Inc.",2023-08-02,2023-08-04,2,up,up,0.39359231014208,0.10194288642890634,0.5044648034290138
"Amazon.com, Inc.",2023-08-03,2023-08-07,2,up,up,0.3141836704125353,0.07795546921109618,0.6078608603763684
"Amazon.com, Inc.",2023-08-04,2023-08-08,2,down,up,0.304727067362243,0.10055752499690049,0.5947154076408568
"Amazon.com, Inc.",2023-08-07,2023-08-09,2,down,up,0.34509782114212284,0.07922819767061436,0.5756739811872631
"Amazon.com, Inc.",2023-08-08,2023-08-10,2,down,up,0.4004402780648884,0.07796007887191625,0.5215996430631955
"Amazon.com, Inc.",2023-08-09,2023-08-11,2,down,up,0.40756205578264065,0.0410639942784254,0.5513739499389341
"Amazon.com, Inc.",2023-08-10,2023-08-14,2,up,up,0.3926855615880228,0.02746905423992071,0.5798453841720568
"Amazon.com, Inc.",2023-08-11,2023-08-15,2,up,up,0.26881086740815546,0.05818411265372493,0.6730050199381199
"Amazon.com, Inc.",2023-08-14,2023-08-16,2,down,up,0.23379400453395557,0.06107888633052694,0.7051271091355179
"Amazon.com, Inc.",2023-08-15,2023-08-17,2,down,up,0.29302336951408253,0.0299058489987261,0.6770707814871918
"Amazon.com, Inc.",2023-08-16,2023-08-18,2,down,up,0.2498961455965537,0.0670222889572662,0.6830815654461802
"Amazon.com, Inc.",2023-08-17,2023-08-21,2,down,up,0.24180101430028444,0.06863326035827298,0.6895657253414429
"Amazon.com, Inc.",2023-08-18,2023-08-22,2,up,up,0.29973475092962343,0.10307378090513251,0.5971914681652443
"Amazon.com, Inc.",2023-08-21,2023-08-23,2,up,up,0.19564016829435102,0.07120723133507877,0.7331526003705704
"Amazon.com, Inc.",2023-08-22,2023-08-24,2,down,up,0.1779951213197554,0.07168630995360814,0.7503185687266368
"Amazon.com, Inc.",2023-08-23,2023-08-25,2,down,up,0.24155297109935167,0.08167655689587314,0.6767704720047756
"Amazon.com, Inc.",2023-08-24,2023-08-28,2,down,up,0.30467822449023996,0.06922025454956204,0.6261015209601981
"Amazon.com, Inc.",2023-08-25,2023-08-29,2,up,up,0.3812027743535389,0.07656757805489631,0.5422296475915649
"Amazon.com, Inc.",2023-08-28,2023-08-30,2,up,up,0.3129323529782479,0.06991388125250284,0.6171537657692494
"Amazon.com, Inc.",2023-08-29,2023-08-31,2,up,up,0.29760876068602377,0.07963777277068573,0.6227534665432906
"Amazon.com, Inc.",2023-08-30,2023-09-01,2,up,up,0.3401087428399607,0.0539782186869654,0.6059130384730741
"Amazon.com, Inc.",2023-08-31,2023-09-05,2,up,up,0.26306315573010575,0.04131845050555541,0.6956183937643394
"Amazon.com, Inc.",2023-09-01,2023-09-06,2,down,up,0.33915148280645196,0.04788176478112957,0.6129667524124187
"Amazon.com, Inc.",2023-09-05,2023-09-07,2,down,down,0.4857874783791747,0.05948564469229359,0.4547268769285316
"Amazon.com, Inc.",2023-09-06,2023-09-08,2,up,up,0.4576379990190888,0.0730848704864259,0.46927713049448516
"Amazon.com, Inc.",2023-09-07,2023-09-11,2,up,up,0.3829652947238919,0.048879224853733506,0.5681554804223745
"Amazon.com, Inc.",2023-09-08,2023-09-12,2,up,up,0.21846183443799963,0.04318474724053426,0.7383534183214661
"Amazon.com, Inc.",2023-09-11,2023-09-13,2,up,up,0.20523322950146483,0.03996559807485452,0.7548011724236809
"Amazon.com, Inc.",2023-09-12,2023-09-14,2,up,up,0.3116893842644271,0.06255826205776356,0.6257523536778097
"Amazon.com, Inc.",2023-09-13,2023-09-15,2,down,up,0.27814142752275556,0.07914301870101345,0.6427155537762315
"Amazon.com, Inc.",2023-09-14,2023-09-18,2,down,up,0.2696811357866473,0.10793619139111865,0.6223826728222347
"Amazon.com, Inc.",2023-09-15,2023-09-19,2,down,down,0.5448596694143201,0.044196817435818485,0.41094351314986144
"Amazon.com, Inc.",2023-09-18,2023-09-20,2,down,up,0.35837688954404884,0.10945406002830302,0.5321690504276485
"Amazon.com, Inc.",2023-09-19,2023-09-21,2,down,up,0.2842235344984177,0.1568454341101438,0.5589310313914388
"Amazon.com, Inc.",2023-09-20,2023-09-22,2,down,up,0.3034393924425576,0.07802876902866662,0.6185318385287759
"Amazon.com, Inc.",2023-09-21,2023-09-25,2,down,up,0.37807994984064874,0.11084790015617228,0.5110721500031792
"Amazon.com, Inc.",2023-09-22,2023-09-26,2,down,up,0.42075527403568247,0.05369849321569501,0.5255462327486223
"Amazon.com, Inc.",2023-09-25,2023-09-27,2,down,up,0.3679317612153074,0.04380486393760148,0.5882633748470912
"Amazon.com, Inc.",2023-09-26,2023-09-28,2,down,up,0.3026196577305309,0.05075522732158161,0.6466251149478874
"Amazon.com, Inc.",2023-09-27,2023-09-29,2,up,up,0.2988523608348017,0.06076385478347102,0.6403837843817277
"Amazon.com, Inc.",2023-09-28,2023-10-02,2,up,up,0.22917120517469683,0.08827085257514289,0.6825579422501604
"Amazon.com, Inc.",2023-09-29,2023-10-03,2,down,up,0.339742239561427,0.10753795088325882,0.5527198095553144
"Amazon.com, Inc.",2023-10-02,2023-10-04,2,down,up,0.3388079507281794,0.12065732138666503,0.540534727885156
"Amazon.com, Inc.",2023-10-03,2023-10-05,2,down,up,0.33352907521865727,0.09679397597092032,0.5696769488104227
"Amazon.com, Inc.",2023-10-04,2023-10-06,2,down,up,0.3558071830392466,0.08446383563946043,0.5597289813212935
"Amazon.com, Inc.",2023-10-05,2023-10-09,2,up,up,0.3453543886342358,0.0864512250471293,0.5681943863186353
"Amazon.com, Inc.",2023-10-06,2023-10-10,2,up,up,0.3147820319792729,0.0864863302045839,0.5987316378161436
"Amazon.com, Inc.",2023-10-09,2023-10-11,2,up,up,0.35783107829500843,0.09572132693774231,0.5464475947672495
"Amazon.com, Inc.",2023-10-10,2023-10-12,2,up,up,0.38516265072732536,0.05816407805915927,0.5566732712135154
"Amazon.com, Inc.",2023-10-11,2023-10-13,2,up,up,0.4007383130946885,0.08376619021858879,0.5154954966867228
"Amazon.com, Inc.",2023-10-12,2023-10-16,2,down,up,0.3713608598175357,0.07549798322204306,0.5531411569604215
"Amazon.com, Inc.",2023-10-13,2023-10-17,2,down,down,0.48511468216743014,0.0458869676659319,0.46899835016663766
"Amazon.com, Inc.",2023-10-16,2023-10-18,2,down,down,0.4907379391878384,0.0357594810618762,0.47350257975028526
"Amazon.com, Inc.",2023-10-17,2023-10-19,2,down,up,0.46732129166421726,0.04445407080163141,0.4882246375341513
"Amazon.com, Inc.",2023-10-18,2023-10-20,2,down,up,0.27100934439169405,0.10335977077780913,0.6256308848304972
"Amazon.com, Inc.",2023-10-19,2023-10-23,2,down,up,0.3022113717149772,0.042303474516982555,0.6554851537680403
"Amazon.com, Inc.",2023-10-20,2023-10-24,2,up,up,0.35617840179587307,0.07068699432918507,0.5731346038749421
"Amazon.com, Inc.",2023-10-23,2023-10-25,2,down,up,0.32651189507840883,0.05559199888521326,0.617896106036378
"Amazon.com, Inc.",2023-10-24,2023-10-26,2,down,up,0.277484583886135,0.03933077324703414,0.6831846428668312
"Amazon.com, Inc.",2023-10-25,2023-10-27,2,up,up,0.3563000185463992,0.0682273677762092,0.5754726136773918
"Amazon.com, Inc.",2023-10-26,2023-10-30,2,up,up,0.3891731981208046,0.08738199600485128,0.5234448058743443
"Amazon.com, Inc.",2023-10-27,2023-10-31,2,up,up,0.3743224694312495,0.05489234074070723,0.5707851898280436
"Amazon.com, Inc.",2023-10-30,2023-11-01,2,up,up,0.40625210729229977,0.04687059091688451,0.5468773017908158
"Amazon.com, Inc.",2023-10-31,2023-11-02,2,up,up,0.4426992510327328,0.06730027656778717,0.49000047239948
"Amazon.com, Inc.",2023-11-01,2023-11-03,2,up,up,0.385411063660711,0.05839343963616324,0.5561954967031261
"Amazon.com, Inc.",2023-11-02,2023-11-06,2,up,up,0.32131620759936086,0.07427953184144938,0.6044042605591902
"Amazon.com, Inc.",2023-11-03,2023-11-07,2,up,up,0.31340007002297654,0.05930078233758184,0.6272991476394421
"Amazon.com, Inc.",2023-11-06,2023-11-08,2,up,up,0.30668411528432316,0.06207229502614105,0.6312435896895363
"Amazon.com, Inc.",2023-11-07,2023-11-09,2,down,up,0.3176661825665802,0.08389192811796113,0.598441889315459
"Amazon.com, Inc.",2023-11-08,2023-11-10,2,down,up,0.3969381615599448,0.09819665014260699,0.5048651882974482
"Amazon.com, Inc.",2023-11-09,2023-11-13,2,up,down,0.4982007332168327,0.04989306420369794,0.45190620257946923
"Amazon.com, Inc.",2023-11-10,2023-11-14,2,up,up,0.35177296026287214,0.04135330497620511,0.606873734760923
"Amazon.com, Inc.",2023-11-13,2023-11-15,2,up,up,0.39113507198548786,0.03327080866299692,0.5755941193515154
"Amazon.com, Inc.",2023-11-14,2023-11-16,2,down,up,0.31129902982425095,0.06404192985109547,0.624659040324654
"Amazon.com, Inc.",2023-11-15,2023-11-17,2,down,down,0.5598341406945445,0.0155703439791315,0.4245955153263237
"Amazon.com, Inc.",2023-11-16,2023-11-20,2,up,down,0.48895956333030227,0.03619914790146251,0.4748412887682353
"Amazon.com, Inc.",2023-11-17,2023-11-21,2,down,up,0.312987386267836,0.015014164160078112,0.6719984495720861
"Amazon.com, Inc.",2023-11-20,2023-11-22,2,flat,up,0.2788629125094987,0.01449973346660047,0.7066373540239009
"Amazon.com, Inc.",2023-11-21,2023-11-24,2,up,up,0.24844505602864903,0.038318735663986,0.713236208307365
"Amazon.com, Inc.",2023-11-22,2023-11-27,2,up,up,0.1812992327504835,0.0,0.8187007672495166
"Amazon.com, Inc.",2023-11-24,2023-11-28,2,up,up,0.30003547138473535,0.010862697005158923,0.689101831610106
"Amazon.com, Inc.",2023-11-27,2023-11-29,2,down,up,0.2508307775853774,0.008903849152611604,0.7402653732620114
"Amazon.com, Inc.",2023-11-28,2023-11-30,2,down,down,0.5065310973939717,0.0064387084396557446,0.48703019416637255
"Amazon.com, Inc.",2023-11-29,2023-12-01,2,down,up,0.3124692559970157,0.013503041585787275,0.6740277024171977
"Amazon.com, Inc.",2023-11-30,2023-12-04,2,down,up,0.39948677586049025,0.04142334579057799,0.559089878348932
"Amazon.com, Inc.",2023-12-01,2023-12-05,2,down,up,0.22722773186277367,0.028274999808989017,0.7444972683282377
"Amazon.com, Inc.",2023-12-04,2023-12-06,2,up,up,0.23344626037228408,0.04122107303619111,0.7253326665915248
"Amazon.com, Inc.",2023-12-05,2023-12-07,2,up,up,0.1388711825458263,0.05039702698437717,0.8107317904697967
"Amazon.com, Inc.",2023-12-06,2023-12-08,2,up,up,0.14886258936697389,0.049018496016499685,0.8021189146165267
"Amazon.com, Inc.",2023-12-07,2023-12-11,2,down,up,0.19384413491684313,0.03669791853590673,0.7694579465472506
"Amazon.com, Inc.",2023-12-08,2023-12-12,2,flat,up,0.21114733375238234,0.0302659787532187,0.7585866874943996
"Amazon.com, Inc.",2023-12-11,2023-12-13,2,up,up,0.31551122155660144,0.03178611506214947,0.6527026633812494
"Amazon.com, Inc.",2023-12-12,2023-12-14,2,up,up,0.17360427707783327,0.03713496886424969,0.7892607540579171
"Amazon.com, Inc.",2023-12-13,2023-12-15,2,up,up,0.14924254522438912,0.02644274417488609,0.8243147106007249
"Amazon.com, Inc.",2023-12-14,2023-12-18,2,up,up,0.2575796698065785,0.02943816313353315,0.7129821670598893
"Amazon.com, Inc.",2023-12-15,2023-12-19,2,up,up,0.2827021788423659,0.028526008299530822,0.6887718128581041
"Amazon.com, Inc.",2023-12-18,2023-12-20,2,up,up,0.29569069307583595,0.06787977059912692,0.6364295363250374
"Amazon.com, Inc.",2023-12-19,2023-12-21,2,down,up,0.33568907939378845,0.07238338237178389,0.591927538234428
"Amazon.com, Inc.",2023-12-20,2023-12-22,2,up,down,0.5320090262247661,0.040640729154689026,0.42735024462054466
"Amazon.com, Inc.",2023-12-21,2023-12-26,2,flat,up,0.42748889575093835,0.042460309748310464,0.5300507945007514
"Amazon.com, Inc.",2023-12-22,2023-12-27,2,flat,up,0.38684937276891773,0.04110744634155141,0.572043180889531
"Amazon.com, Inc.",2023-12-26,2023-12-28,2,flat,up,0.3879763126387336,0.028311914520569054,0.5837117728406974
"Amazon.com, Inc.",2023-12-27,2023-12-29,2,down,up,0.3639847187455753,0.0376286415806963,0.5983866396737287
"Amazon.com, Inc.",2023-12-28,2024-01-02,2,down,up,0.38397141883090735,0.030873811017044946,0.585154770152048
"Amazon.com, Inc.",2023-12-29,2024-01-03,2,down,up,0.40244251721341057,0.041319682824032956,0.556237799962557
"Amazon.com, Inc.",2024-01-02,2024-01-04,2,down,up,0.24524579406577154,0.10982570869030962,0.6449284972439192
"Amazon.com, Inc.",2024-01-03,2024-01-05,2,down,up,0.24010346216559683,0.10701465205336655,0.6528818857810367
"Amazon.com, Inc.",2024-01-04,2024-01-08,2,up,up,0.36820168780751117,0.12958121422581725,0.5022170979666716
"Amazon.com, Inc.",2024-01-05,2024-01-09,2,up,up,0.33614651332659085,0.08176992338352833,0.5820835632898809
"Amazon.com, Inc.",2024-01-08,2024-01-10,2,up,up,0.2503317454230805,0.0800703226894475,0.6695979318874724
"Amazon.com, Inc.",2024-01-09,2024-01-11,2,up,up,0.21324494491596027,0.10709275472900974,0.6796623003550301
"Amazon.com, Inc.",2024-01-10,2024-01-12,2,up,up,0.2451721163291708,0.09156748115290844,0.6632604025179214
"Amazon.com, Inc.",2024-01-11,2024-01-16,2,down,up,0.2909623214775168,0.06431599460548502,0.6447216839169988
"Amazon.com, Inc.",2024-01-12,2024-01-17,2,down,up,0.35720885261228924,0.05903615580320511,0.5837549915845062
"Amazon.com, Inc.",2024-01-16,2024-01-18,2,down,up,0.4368731137678777,0.05642409795483417,0.5067027882772883
"Amazon.com, Inc.",2024-01-17,2024-01-19,2,up,down,0.45916523826225236,0.08423343398536884,0.45660132775237855
"Amazon.com, Inc.",2024-01-18,2024-01-22,2,up,up,0.26908343308733246,0.08352057740954896,0.647395989503119
"Amazon.com, Inc.",2024-01-19,2024-01-23,2,up,up,0.21054653350366323,0.093521213589367,0.6959322529069698
"Amazon.com, Inc.",2024-01-22,2024-01-24,2,up,up,0.2637284873228567,0.06257904541887549,0.6736924672582681
"Amazon.com, Inc.",2024-01-23,2024-01-25,2,up,up,0.3746022699767615,0.08773450645766338,0.5376632235655753
"Amazon.com, Inc.",2024-01-24,2024-01-26,2,up,up,0.30682766999256456,0.06627503246246395,0.6268972975449718
"Amazon.com, Inc.",2024-01-25,2024-01-29,2,up,up,0.45759137525433224,0.03984705577900815,0.5025615689666596
"Amazon.com, Inc.",2024-01-26,2024-01-30,2,up,up,0.29264028123514485,0.07827776803262869,0.6290819507322266
"Amazon.com, Inc.",2024-01-29,2024-01-31,2,down,up,0.33586184708717,0.09003338244009941,0.574104770472731
"Amazon.com, Inc.",2024-01-30,2024-02-01,2,down,down,0.47017508105068495,0.093310445261436,0.43651447368787893
"Amazon.com, Inc.",2024-01-31,2024-02-02,2,up,up,0.4410685962042631,0.1052366323933953,0.45369477140234177
"Amazon.com, Inc.",2024-02-01,2024-02-05,2,up,up,0.30720375839650244,0.08880711239726512,0.6039891292062326
"Amazon.com, Inc.",2024-02-02,2024-02-06,2,down,up,0.33559310183773816,0.16908412566843392,0.4953227724938284
"Amazon.com, Inc.",2024-02-05,2024-02-07,2,flat,up,0.3868092027371375,0.09776926261107538,0.5154215346517874
"Amazon.com, Inc.",2024-02-06,2024-02-08,2,up,up,0.3828974638097392,0.0776041601230288,0.5394983760672323
"Amazon.com, Inc.",2024-02-07,2024-02-09,2,up,up,0.4286351341727319,0.045199554745769636,0.5261653110814987
"Amazon.com, Inc.",2024-02-08,2024-02-12,2,up,down,0.5048363887156391,0.05724848780235429,0.4379151234820067
"Amazon.com, Inc.",2024-02-09,2024-02-13,2,down,down,0.5070755556941288,0.07567234996871615,0.41725209433715515
"Amazon.com, Inc.",2024-02-12,2024-02-14,2,down,down,0.5554461736353792,0.048450550378686896,0.39610327598593414
"Amazon.com, Inc.",2024-02-13,2024-02-15,2,up,down,0.6725301074007543,0.049507875388115644,0.27796201721112934
"Amazon.com, Inc.",2024-02-14,2024-02-16,2,down,down,0.4885889763120012,0.08510078524141312,0.42631023844658533
"Amazon.com, Inc.",2024-02-15,2024-02-20,2,down,down,0.5765996734421109,0.08636691737132315,0.3370334091865656
"Amazon.com, Inc.",2024-02-16,2024-02-21,2,flat,down,0.5025624378330762,0.1033447595679041,0.39409280259901946
"Amazon.com, Inc.",2024-02-20,2024-02-22,2,up,down,0.5681887350783289,0.07270458338295374,0.35910668153871705
"Amazon.com, Inc.",2024-02-21,2024-02-23,2,up,down,0.43707562191876315,0.15061249351603023,0.4123118845652066
"Amazon.com, Inc.",2024-02-22,2024-02-26,2,up,down,0.4889028740573517,0.06988047426831114,0.4412166516743369
"Amazon.com, Inc.",2024-02-23,2024-02-27,2,down,down,0.460614830136441,0.08984727834116082,0.449537891522398
"Amazon.com, Inc.",2024-02-26,2024-02-28,2,down,down,0.455626487769478,0.0916114722256837,0.4527620400048383
"Amazon.com, Inc.",2024-02-27,2024-02-29,2,up,down,0.624547527162945,0.06096746713030666,0.314485005706748
"Amazon.com, Inc.",2024-02-28,2024-03-01,2,up,down,0.5971900086904065,0.09994705775311678,0.3028629335564765
"Amazon.com, Inc.",2024-02-29,2024-03-04,2,up,down,0.5142027286164133,0.12137811306699481,0.36441915831659166
"Amazon.com, Inc.",2024-03-01,2024-03-05,2,down,down,0.5149133553901694,0.10490647107052066,0.3801801735393095
"Amazon.com, Inc.",2024-03-04,2024-03-06,2,down,down,0.5938102258114116,0.05967119434083619,0.34651857984775175
"Amazon.com, Inc.",2024-03-05,2024-03-07,2,up,down,0.7038436914579098,0.0678189263588617,0.22833738218322783
"Amazon.com, Inc.",2024-03-06,2024-03-08,2,up,down,0.5393497248144761,0.12081081061577902,0.33983946456974473
"Amazon.com, Inc.",2024-03-07,2024-03-11,2,down,up,0.43526116427489975,0.10454149643115179,0.4601973392939485
"Amazon.com, Inc.",2024-03-08,2024-03-12,2,down,up,0.42590981038460446,0.10148746837853656,0.47260272123685915
"Amazon.com, Inc.",2024-03-11,2024-03-13,2,up,down,0.4861802046214317,0.09774290901385461,0.41607688636471374
"Amazon.com, Inc.",2024-03-12,2024-03-14,2,up,up,0.28186062504900405,0.1796587276449925,0.5384806473060038
"Amazon.com, Inc.",2024-03-13,2024-03-15,2,down,up,0.2820545021759898,0.20145623382880345,0.516489263995207
"Amazon.com, Inc.",2024-03-14,2024-03-18,2,down,up,0.2851410366695333,0.1990382185643565,0.5158207447661105
"Amazon.com, Inc.",2024-03-15,2024-03-19,2,down,down,0.45785715364682056,0.14005037241795526,0.4020924739352243
"Amazon.com, Inc.",2024-03-18,2024-03-20,2,up,up,0.34615750390109107,0.2099344243942727,0.44390807170463636
"Amazon.com, Inc.",2024-03-19,2024-03-21,2,up,up,0.341136782673278,0.23602412982810717,0.4228390874986149
"Amazon.com, Inc.",2024-03-20,2024-03-22,2,up,up,0.2591997439953248,0.26660191355419977,0.4741983424504756
"Amazon.com, Inc.",2024-03-21,2024-03-25,2,down,up,0.25572549506691883,0.19801453329634755,0.5462599716367338
"Amazon.com, Inc.",2024-03-22,2024-03-26,2,up,up,0.41097450817336656,0.16750100088687628,0.42152449093975725
"Amazon.com, Inc.",2024-03-25,2024-03-27,2,flat,up,0.2766318917222838,0.19375322682291213,0.5296148814548043
"Amazon.com, Inc.",2024-03-26,2024-03-28,2,up,up,0.3241010624200838,0.1743545065060383,0.5015444310738781
"Amazon.com, Inc.",2024-03-27,2024-04-01,2,up,up,0.3148388289686589,0.1639297453703099,0.5212314256610315
"Amazon.com, Inc.",2024-03-28,2024-04-02,2,down,up,0.30205411857290093,0.20617764938554026,0.4917682320415592
"Amazon.com, Inc.",2024-04-01,2024-04-03,2,flat,up,0.30315847866851586,0.17201884751792262,0.5248226738135621
"Amazon.com, Inc.",2024-04-02,2024-04-04,2,up,down,0.4339243955231938,0.14408158465678533,0.421994019820021
"Amazon.com, Inc.",2024-04-03,2024-04-05,2,up,up,0.3059134828439756,0.1877513778122955,0.5063351393437293
"Amazon.com, Inc.",2024-04-04,2024-04-08,2,up,up,0.31786359924533986,0.18740404271949643,0.49473235803516424
"Amazon.com, Inc.",2024-04-05,2024-04-09,2,up,up,0.30402904912605444,0.15114631513510907,0.5448246357388369
"Amazon.com, Inc.",2024-04-08,2024-04-10,2,down,up,0.3349314299695084,0.1469745440395276,0.5180940259909644
"Amazon.com, Inc.",2024-04-09,2024-04-11,2,up,up,0.40159802931279565,0.1410653353432854,0.457336635343919
"Amazon.com, Inc.",2024-04-10,2024-04-12,2,up,down,0.5105151160112003,0.11323759404532557,0.3762472899434741
"Amazon.com, Inc.",2024-04-11,2024-04-15,2,down,up,0.4031502045162253,0.1210071846074082,0.47584261087636676
"Amazon.com, Inc.",2024-04-12,2024-04-16,2,down,down,0.5053195251374384,0.13584377277117546,0.35883670209138613
"Amazon.com, Inc.",2024-04-15,2024-04-17,2,down,down,0.516747997106184,0.1102204021910227,0.37303160070279323
"Amazon.com, Inc.",2024-04-16,2024-04-18,2,down,up,0.380841218033022,0.12757567204788936,0.4915831099190888
"Amazon.com, Inc.",2024-04-17,2024-04-19,2,down,up,0.29918120127919734,0.22624868339331639,0.4745701153274865
"Amazon.com, Inc.",2024-04-18,2024-04-22,2,down,up,0.34211732937215805,0.2037249596907512,0.4541577109370912
"Amazon.com, Inc.",2024-04-19,2024-04-23,2,up,down,0.45725387804132767,0.14624813111629004,0.39649799084238246
"Amazon.com, Inc.",2024-04-22,2024-04-24,2,up,up,0.3519895302604039,0.14068166480207014,0.5073288049375262
"Amazon.com, Inc.",2024-04-23,2024-04-25,2,down,up,0.275568454604742,0.1764334061391433,0.5479981392561152
"Amazon.com, Inc.",2024-04-24,2024-04-26,2,flat,up,0.2957809053222511,0.1929075967963304,0.5113114978814189
"Amazon.com, Inc.",2024-04-25,2024-04-29,2,up,up,0.4027311918127014,0.16046586454876954,0.4368029436385293
"Amazon.com, Inc.",2024-04-26,2024-04-30,2,flat,down,0.38688791342020096,0.24824010419996279,0.3648719823798363
"Amazon.com, Inc.",2024-04-29,2024-05-01,2,down,up,0.3622230500295327,0.2688585847160725,0.3689183652543949
"Amazon.com, Inc.",2024-04-30,2024-05-02,2,up,down,0.45271196129248187,0.1924450974290275,0.3548429412784906
"Amazon.com, Inc.",2024-05-01,2024-05-03,2,up,down,0.3695101606215227,0.2800927476112052,0.35039709176727224
"Amazon.com, Inc.",2024-05-02,2024-05-06,2,up,down,0.3744646854512901,0.286270332679908,0.3392649818688019
"Amazon.com, Inc.",2024-05-03,2024-05-07,2,up,up,0.3387613637168341,0.28674710498643585,0.37449153129673024
"Amazon.com, Inc.",2024-05-06,2024-05-08,2,up,down,0.4021351898802383,0.2733498102920257,0.3245149998277359
"Amazon.com, Inc.",2024-05-07,2024-05-09,2,up,down,0.37056256976678315,0.2838771381488032,0.3455602920844135
"Amazon.com, Inc.",2024-05-08,2024-05-10,2,up,down,0.5432513449428509,0.1794796283201762,0.27726902673697273
"Amazon.com, Inc.",2024-05-09,2024-05-13,2,down,down,0.3975084414829858,0.2685399076017172,0.333951650915297
"Amazon.com, Inc.",2024-05-10,2024-05-14,2,down,down,0.539086841285703,0.1912763638545,0.2696367948597967
"Amazon.com, Inc.",2024-05-13,2024-05-15,2,down,down,0.5201807307093881,0.18550278738538073,0.29431648190523085
"Amazon.com, Inc.",2024-05-14,2024-05-16,2,down,down,0.4514104777989029,0.19037245750676451,0.3582170646943327
"Amazon.com, Inc.",2024-05-15,2024-05-17,2,down,up,0.38328131435692137,0.21818068283010114,0.39853800281297774
"Amazon.com, Inc.",2024-05-16,2024-05-20,2,down,up,0.35995449022091797,0.22946660260430923,0.4105789071747732
"Amazon.com, Inc.",2024-05-17,2024-05-21,2,down,up,0.32972442394491613,0.2667956484403714,0.40347992761471263
"Amazon.com, Inc.",2024-05-20,2024-05-22,2,down,up,0.277018535620106,0.3067406928556435,0.41624077152425065
"Amazon.com, Inc.",2024-05-21,2024-05-23,2,flat,up,0.35859700699913966,0.2513620722988922,0.3900409207019686
"Amazon.com, Inc.",2024-05-22,2024-05-24,2,down,up,0.2284601115548584,0.37187601948320576,0.3996638689619359
"Amazon.com, Inc.",2024-05-23,2024-05-28,2,down,up,0.3393476764117759,0.27703593751490124,0.38361638607332327
"Amazon.com, Inc.",2024-05-24,2024-05-29,2,up,up,0.36645725164797627,0.23033163702220324,0.40321111132982096
"Amazon.com, Inc.",2024-05-28,2024-05-30,2,down,up,0.27698584466053644,0.20178007928005598,0.5212340760594079
"Amazon.com, Inc.",2024-05-29,2024-05-31,2,down,up,0.32189486595115513,0.24973872567416072,0.4283664083746844
"Amazon.com, Inc.",2024-05-30,2024-06-03,2,down,up,0.3442390593160642,0.18731826055051087,0.4684426801334254
"Amazon.com, Inc.",2024-05-31,2024-06-04,2,up,up,0.3443204359642843,0.18633223442711352,0.46934732960860276
"Amazon.com, Inc.",2024-06-03,2024-06-05,2,up,up,0.2850933645796787,0.1763902722754395,0.5385163631448822
"Amazon.com, Inc.",2024-06-04,2024-06-06,2,up,up,0.2861045538051644,0.1885203167716595,0.5253751294231765
"Amazon.com, Inc.",2024-06-05,2024-06-07,2,up,up,0.27782502206859966,0.23266591373064913,0.4895090642007516
"Amazon.com, Inc.",2024-06-06,2024-06-10,2,up,up,0.33298402579113484,0.23862499953569022,0.42839097467317516
"Amazon.com, Inc.",2024-06-07,2024-06-11,2,up,up,0.28888275747123277,0.245623246820827,0.46549399570794026
"Amazon.com, Inc.",2024-06-10,2024-06-12,2,up,up,0.29794178227410234,0.2504956894327444,0.45156252829315363
"Amazon.com, Inc.",2024-06-11,2024-06-13,2,down,up,0.32194551426951706,0.22355347502148704,0.45450101070899634
"Amazon.com, Inc.",2024-06-12,2024-06-14,2,down,up,0.3253232858987997,0.19911699064317073,0.47555972345803
"Amazon.com, Inc.",2024-06-14,2024-06-18,2,flat,down,0.447652347034545,0.17738000661280073,0.3749676463526543
Apple Inc.,2021-07-23,2021-07-27,2,flat,up,0.3663101767077313,0.11094916915387978,0.5227406541383889
Apple Inc.,2021-07-26,2021-07-28,2,down,down,0.45696849490143143,0.11687142988846742,0.42616007521010113
Apple Inc.,2021-07-27,2021-07-29,2,down,down,0.5502530829236221,0.07896212879439134,0.37078478828198635
Apple Inc.,2021-07-28,2021-07-30,2,up,down,0.46906865516200313,0.06533231209828122,0.46559903273971565
Apple Inc.,2021-07-29,2021-08-02,2,up,up,0.36069145434090566,0.08875370092271759,0.550554844736377
Apple Inc.,2021-07-30,2021-08-03,2,up,up,0.35491606202220716,0.11759609170627879,0.5274878462715143
Apple Inc.,2021-08-02,2021-08-04,2,up,up,0.33435466253002644,0.15831818423194743,0.5073271532380264
Apple Inc.,2021-08-03,2021-08-05,2,up,up,0.39954234948636674,0.1103953068007674,0.4900623437128659
Apple Inc.,2021-08-04,2021-08-06,2,down,down,0.46488565516357816,0.15355568242775805,0.38155866240866354
Apple Inc.,2021-08-05,2021-08-09,2,down,down,0.5024763903484152,0.0959791782420244,0.4015444314095603
Apple Inc.,2021-08-06,2021-08-10,2,flat,down,0.5033369990242341,0.08051880606048158,0.41614419491528415
Apple Inc.,2021-08-09,2021-08-11,2,flat,up,0.42019110874414894,0.09707509147805714,0.4827337997777942
Apple Inc.,2021-08-10,2021-08-12,2,up,up,0.40695535650469955,0.11271803627344935,0.48032660722185144
Apple Inc.,2021-08-11,2021-08-13,2,up,down,0.47607568837158093,0.1110375328556103,0.4128867787728089
Apple Inc.,2021-08-12,2021-08-16,2,up,down,0.4489305871972052,0.1762923324105707,0.3747770803922239
Apple Inc.,2021-08-13,2021-08-17,2,up,up,0.34928031630295336,0.2698176108012273,0.3809020728958192
Apple Inc.,2021-08-16,2021-08-18,2,down,up,0.3391330506250237,0.24649408806121237,0.4143728613137639
Apple Inc.,2021-08-17,2021-08-19,2,down,up,0.316060280303099,0.18820427711907756,0.49573544257782376
Apple Inc.,2021-08-18,2021-08-20,2,down,down,0.46129050288171713,0.1085117149844815,0.4301977821338012
Apple Inc.,2021-08-19,2021-08-23,2,up,down,0.5064373542896158,0.08218629642252141,0.411376349287863
Apple Inc.,2021-08-20,2021-08-24,2,up,up,0.41964753394166543,0.14466264290687236,0.4356898231514622
Apple Inc.,2021-08-23,2021-08-25,2,flat,down,0.4129688837545812,0.17817715510659102,0.4088539611388276
Apple Inc.,2021-08-24,2021-08-26,2,down,up,0.3614310002204762,0.21244716093205165,0.4261218388474721
Apple Inc.,2021-08-25,2021-08-27,2,down,down,0.4827401775141719,0.1481678250601938,0.36909199742563403
Apple Inc.,2021-08-26,2021-08-30,2,up,down,0.5131246108963271,0.11758852697443097,0.3692868621292416
Apple Inc.,2021-08-27,2021-08-31,2,up,down,0.49683770913433706,0.11291052603852446,0.39025176482713847
Apple Inc.,2021-08-30,2021-09-01,2,up,up,0.3691745915159535,0.17822061734214592,0.4526047911419006
Apple Inc.,2021-08-31,2021-09-02,2,up,up,0.377607542043467,0.20284380303908026,0.4195486549174525
Apple Inc.,2021-09-01,2021-09-03,2,up,up,0.3511903711369685,0.23246582338449082,0.41634380547854066
Apple Inc.,2021-09-02,2021-09-07,2,up,up,0.3778834238404045,0.22507516289035046,0.397041413269245
Apple Inc.,2021-09-03,2021-09-08,2,up,up,0.3457249982752931,0.23080560855768698,0.42346939316701976
Apple Inc.,2021-09-07,2021-09-09,2,down,up,0.3201618320982601,0.22084860713231647,0.45898956076942343
Apple Inc.,2021-09-08,2021-09-10,2,down,down,0.41677676250323153,0.18181281038789315,0.4014104271088752
Apple Inc.,2021-09-09,2021-09-13,2,down,down,0.45164925813764506,0.1563750562660615,0.3919756855962933
Apple Inc.,2021-09-10,2021-09-14,2,down,up,0.4123783306587468,0.10397216372910556,0.48364950561214765
Apple Inc.,2021-09-13,2021-09-15,2,down,up,0.45298172984358137,0.0769348582945761,0.47008341186184244
Apple Inc.,2021-09-14,2021-09-16,2,down,down,0.5366256917140513,0.07265324886699545,0.3907210594189531
Apple Inc.,2021-09-15,2021-09-17,2,down,down,0.5411585980253766,0.07944725168294056,0.37939415029168266
Apple Inc.,2021-09-16,2021-09-20,2,down,down,0.5497684250146664,0.08743598644974244,0.3627955885355911
Apple Inc.,2021-09-17,2021-09-21,2,down,down,0.5556463409226629,0.08569976949294578,0.3586538895843913
Apple Inc.,2021-09-20,2021-09-22,2,up,down,0.5392317417622855,0.07981806297607019,0.3809501952616444
Apple Inc.,2021-09-21,2021-09-23,2,up,down,0.500669426006871,0.09965323387124003,0.39967734012188894
Apple Inc.,2021-09-22,2021-09-24,2,up,down,0.4790507382212432,0.11210317030501342,0.4088460914737435
Apple Inc.,2021-09-23,2021-09-27,2,down,down,0.46965027376046115,0.1900535344812121,0.3402961917583267
Apple Inc.,2021-09-24,2021-09-28,2,down,down,0.4782192740045328,0.19937434941025547,0.32240637658521154
Apple Inc.,2021-09-27,2021-09-29,2,down,down,0.5201031237923294,0.10328539548387862,0.37661148072379164
Apple Inc.,2021-09-28,2021-09-30,2,flat,down,0.49096049089433125,0.11415170492380272,0.394887804181866
Apple Inc.,2021-09-29,2021-10-01,2,down,down,0.5120146420911194,0.11959944140753512,0.36838591650134545
Apple Inc.,2021-09-30,2021-10-04,2,down,down,0.516948253908619,0.07579845299299925,0.4072532930983818
Apple Inc.,2021-10-01,2021-10-05,2,down,down,0.46380530835027634,0.09039288126786094,0.4458018103818627
Apple Inc.,2021-10-04,2021-10-06,2,flat,up,0.46004310423667716,0.07795061345732407,0.46200628230599877
Apple Inc.,2021-10-05,2021-10-07,2,up,down,0.5121683045829293,0.12747992515829146,0.3603517702587793
Apple Inc.,2021-10-06,2021-10-08,2,up,down,0.5075150029067026,0.11932019958978694,0.3731647975035106
Apple Inc.,2021-10-07,2021-10-11,2,down,down,0.4302952572972638,0.1981860203147315,0.37151872238800443
Apple Inc.,2021-10-08,2021-10-12,2,down,down,0.45287721949233556,0.23785727676028798,0.30926550374737644
Apple Inc.,2021-10-11,2021-10-13,2,down,down,0.4912579018249064,0.1857496245359678,0.322992473639126
Apple Inc.,2021-10-12,2021-10-14,2,up,down,0.5129915823814941,0.09755781221318802,0.3894506054053179
Apple Inc.,2021-10-13,2021-10-15,2,up,down,0.49185731563461993,0.12084989899505601,0.3872927853703241
Apple Inc.,2021-10-14,2021-10-18,2,up,down,0.4553857183965636,0.10650205312529454,0.4381122284781418
Apple Inc.,2021-10-15,2021-10-19,2,up,up,0.386051845499345,0.20371086450124914,0.410237289999406
Apple Inc.,2021-10-18,2021-10-20,2,up,up,0.38362373713905257,0.20858498476263065,0.4077912780983167
Apple Inc.,2021-10-19,2021-10-21,2,up,up,0.2987960493746805,0.20110929806720712,0.5000946525581125
Apple Inc.,2021-10-20,2021-10-22,2,up,up,0.3309293253046637,0.2004121549238202,0.468658519771516
Apple Inc.,2021-10-21,2021-10-25,2,down,up,0.39573647766236847,0.1649364226182259,0.43932709971940553
Apple Inc.,2021-10-22,2021-10-26,2,up,up,0.32630127976165957,0.218262379647329,0.4554363405910115
Apple Inc.,2021-10-25,2021-10-27,2,up,up,0.41674075217637735,0.1232177869240036,0.4600414608996188
Apple Inc.,2021-10-26,2021-10-28,2,up,up,0.31298200491574696,0.19088927915362633,0.49612871593062663
Apple Inc.,2021-10-27,2021-10-29,2,down,up,0.36433344268941026,0.13358403205570982,0.50208252525488
Apple Inc.,2021-10-28,2021-11-01,2,down,up,0.29160297913883276,0.19715738767281707,0.5112396331883502
Apple Inc.,2021-10-29,2021-11-02,2,up,up,0.4255435773706383,0.12074150457972169,0.45371491804964004
Apple Inc.,2021-11-01,2021-11-03,2,up,up,0.38817317583094857,0.1909812806837078,0.42084554348534353
Apple Inc.,2021-11-02,2021-11-04,2,up,up,0.3653680905275037,0.17827271771532577,0.45635919175717055
Apple Inc.,2021-11-03,2021-11-05,2,up,up,0.32940627117384347,0.24015478123802608,0.43043894758813045
Apple Inc.,2021-11-04,2021-11-08,2,down,up,0.3550743106155801,0.2270578926187124,0.4178677967657075
Apple Inc.,2021-11-05,2021-11-09,2,down,up,0.37787829969310266,0.18160592500771489,0.44051577529918245
Apple Inc.,2021-11-08,2021-11-10,2,down,up,0.40110511025307716,0.15265177296938207,0.4462431167775409
Apple Inc.,2021-11-09,2021-11-11,2,down,up,0.369194081748799,0.18055280133911797,0.45025311691208325
Apple Inc.,2021-11-10,2021-11-12,2,flat,down,0.4750378336743686,0.09761526698841871,0.4273468993372127
Apple Inc.,2021-11-11,2021-11-15,2,up,down,0.47133059084677176,0.10649346639297319,0.422175942760255
Apple Inc.,2021-11-12,2021-11-16,2,up,down,0.442541472743209,0.1375275621420147,0.4199309651147763
Apple Inc.,2021-11-15,2021-11-17,2,up,up,0.3869112472003165,0.16982377941886148,0.44326497338082194
Apple Inc.,2021-11-16,2021-11-18,2,up,down,0.42380533617741456,0.15634303586729087,0.41985162795529435
Apple Inc.,2021-11-17,2021-11-19,2,up,up,0.3214287858403327,0.1940241127710602,0.48454710138860735
Apple Inc.,2021-11-18,2021-11-22,2,up,up,0.2840608607210109,0.2303695928735757,0.48556954640541333
Apple Inc.,2021-11-19,2021-11-23,2,up,up,0.2917932676533848,0.27629078416846087,0.43191594817815454
Apple Inc.,2021-11-22,2021-11-24,2,down,up,0.3446011726466084,0.24873062029553858,0.40666820705785306
Apple Inc.,2021-11-23,2021-11-26,2,down,down,0.4688210892914269,0.16670580338206442,0.36447310732650856
Apple Inc.,2021-11-24,2021-11-29,2,down,up,0.39667207719451825,0.1984633583681705,0.404864564437311
Apple Inc.,2021-11-26,2021-11-30,2,up,down,0.5130192070831737,0.07991834983228621,0.4070624430845398
Apple Inc.,2021-11-29,2021-12-01,2,up,up,0.3670755019495948,0.1068737851805503,0.5260507128698552
Apple Inc.,2021-11-30,2021-12-02,2,down,up,0.3644318371920853,0.1135624343618238,0.5220057284460908
Apple Inc.,2021-12-01,2021-12-03,2,down,down,0.46938581693241005,0.12486368945613865,0.4057504936114513
Apple Inc.,2021-12-02,2021-12-06,2,up,down,0.4662391712759339,0.1079461523660888,0.4258146763579773
Apple Inc.,2021-12-03,2021-12-07,2,up,up,0.3959721098247326,0.15113147193285545,0.4528964182424119
Apple Inc.,2021-12-06,2021-12-08,2,up,up,0.39135380978759365,0.1342097101127905,0.4744364800996161
Apple Inc.,2021-12-07,2021-12-09,2,up,down,0.47336735472536945,0.14359246205358933,0.3830401832210412
Apple Inc.,2021-12-08,2021-12-10,2,up,down,0.4371034978669158,0.16990159204390745,0.39299491008917664
Apple Inc.,2021-12-09,2021-12-13,2,up,down,0.48565806552721896,0.16266336085735195,0.3516785736154291
Apple Inc.,2021-12-10,2021-12-14,2,down,down,0.4689376208475762,0.19273526032124624,0.33832711883117733
Apple Inc.,2021-12-13,2021-12-15,2,down,down,0.4947834851860825,0.17577704190657914,0.32943947290733816
Apple Inc.,2021-12-14,2021-12-16,2,up,down,0.534658078413966,0.09667010959079399,0.36867181199523985
Apple Inc.,2021-12-15,2021-12-17,2,down,up,0.425209434790385,0.12989458822302924,0.4448959769865855
Apple Inc.,2021-12-16,2021-12-20,2,down,down,0.45668441755722333,0.10379339857456593,0.4395221838682105
Apple Inc.,2021-12-17,2021-12-21,2,up,up,0.3535936177197048,0.10534012471461543,0.5410662575656799
Apple Inc.,2021-12-20,2021-12-22,2,up,up,0.39232048972976097,0.09172096464462134,0.5159585456256177
Apple Inc.,2021-12-21,2021-12-23,2,up,up,0.3300568792919271,0.2199429013883056,0.4500002193197672
Apple Inc.,2021-12-22,2021-12-27,2,up,up,0.33540963696116094,0.23853621360403882,0.4260541494348001
Apple Inc.,2021-12-23,2021-12-28,2,up,down,0.4251631027402298,0.20898090389115487,0.36585599336861513
Apple Inc.,2021-12-27,2021-12-29,2,up,up,0.3883806378364351,0.1935723461050648,0.4180470160584999
Apple Inc.,2021-12-28,2021-12-30,2,down,down,0.41775062705507177,0.19331351888934073,0.3889358540555876
Apple Inc.,2021-12-29,2021-12-31,2,down,down,0.47270562871253147,0.15638188850381998,0.37091248278364836
Apple Inc.,2021-12-30,2022-01-03,2,up,down,0.46118154216740964,0.13580994827873286,0.40300850955385736
Apple Inc.,2021-12-31,2022-01-04,2,up,down,0.4633336081107732,0.11948634110211376,0.41718005078711295
Apple Inc.,2022-01-03,2022-01-05,2,down,up,0.38317293416808573,0.1623315343243478,0.45449553150756616
Apple Inc.,2022-01-04,2022-01-06,2,down,up,0.4277010617807586,0.13626406169376895,0.43603487652547207
Apple Inc.,2022-01-05,2022-01-07,2,down,up,0.4127245352551471,0.10977638357466285,0.47749908117019013
Apple Inc.,2022-01-06,2022-01-10,2,down,down,0.45867476064769575,0.09120691249947964,0.4501183268528247
Apple Inc.,2022-01-07,2022-01-11,2,up,up,0.42358342266445703,0.09384284499195492,0.48257373234358786
Apple Inc.,2022-01-10,2022-01-12,2,up,up,0.45041179316136687,0.07598673636240423,0.47360147047622897
Apple Inc.,2022-01-11,2022-01-13,2,up,up,0.4349271971108341,0.11821834075571287,0.44685446213345303
Apple Inc.,2022-01-12,2022-01-14,2,down,up,0.39554385806794345,0.18200509506537135,0.4224510468666851
Apple Inc.,2022-01-13,2022-01-18,2,down,down,0.509778884531613,0.125320014731396,0.36490110073699095
Apple Inc.,2022-01-14,2022-01-19,2,down,down,0.5349491216686119,0.09411437089097845,0.3709365074404094
Apple Inc.,2022-01-18,2022-01-20,2,down,down,0.5712032815206207,0.0960400912840618,0.3327566271953173
Apple Inc.,2022-01-19,2022-01-21,2,down,down,0.5585487921304754,0.0832479990654061,0.35820320880411827
Apple Inc.,2022-01-20,2022-01-24,2,down,down,0.5272092680551029,0.0874122324871985,0.38537849945769864
Apple Inc.,2022-01-21,2022-01-25,2,down,down,0.5253390818179232,0.10927807831119317,0.36538283987088344
Apple Inc.,2022-01-24,2022-01-26,2,up,down,0.4814566138406373,0.12316493451995057,0.39537845163941215
Apple Inc.,2022-01-25,2022-01-27,2,up,down,0.455441080702646,0.11497656435399571,0.42958235494335834
Apple Inc.,2022-01-26,2022-01-28,2,up,down,0.48519346459368606,0.1194127247391137,0.3953938106672002
Apple Inc.,2022-01-27,2022-01-31,2,up,down,0.4870276593606136,0.1257717335478887,0.3872006070914976
Apple Inc.,2022-01-28,2022-02-01,2,up,up,0.3807884441184744,0.23688690486140643,0.38232465102011914
Apple Inc.,2022-01-31,2022-02-02,2,up,up,0.37428527394474675,0.1943961459888346,0.4313185800664185
Apple Inc.,2022-02-01,2022-02-03,2,flat,up,0.36107629175108163,0.24183246443089296,0.3970912438180253
Apple Inc.,2022-02-02,2022-02-04,2,down,up,0.361673968022482,0.24725901902745787,0.39106701295006
Apple Inc.,2022-02-03,2022-02-07,2,down,down,0.4494062944196085,0.18688789008694337,0.36370581549344827
Apple Inc.,2022-02-04,2022-02-08,2,up,down,0.4705896265160419,0.13925701545502908,0.390153358028929
Apple Inc.,2022-02-07,2022-02-09,2,up,down,0.42159866939391405,0.1854183408729988,0.39298298973308704
Apple Inc.,2022-02-08,2022-02-10,2,flat,up,0.3734774718364934,0.22050188250561897,0.40602064565788737
Apple Inc.,2022-02-09,2022-02-11,2,down,up,0.29825626713373893,0.2611394430600778,0.4406042898061831
Apple Inc.,2022-02-10,2022-02-14,2,down,down,0.45247452712131486,0.17242925790863128,0.37509621497005396
Apple Inc.,2022-02-11,2022-02-15,2,up,down,0.4626389633728128,0.15073389772790405,0.3866271388992831
Apple Inc.,2022-02-14,2022-02-16,2,up,up,0.43831403874399333,0.09573407971022574,0.4659518815457809
Apple Inc.,2022-02-15,2022-02-17,2,down,up,0.3887823239305267,0.21160337136125837,0.399614304708215
Apple Inc.,2022-02-16,2022-02-18,2,down,up,0.4154918110112137,0.13717308999685435,0.44733509899193186
Apple Inc.,2022-02-17,2022-02-22,2,down,down,0.46261936107987367,0.1479680970152822,0.3894125419048439
Apple Inc.,2022-02-18,2022-02-23,2,down,down,0.5094921951446479,0.12506814756364037,0.36543965729171163
Apple Inc.,2022-02-22,2022-02-24,2,down,down,0.5052913520167448,0.1401700953268669,0.35453855265638795
Apple Inc.,2022-02-23,2022-02-25,2,up,down,0.5449091941786802,0.11222808258400566,0.34286272323731404
Apple Inc.,2022-02-24,2022-02-28,2,up,down,0.48696081249302425,0.11373641848844224,0.39930276901853345
Apple Inc.,2022-02-25,2022-03-01,2,up,down,0.5029325105860277,0.12304967853922,0.3740178108747523
Apple Inc.,2022-02-28,2022-03-02,2,up,down,0.5301227350566761,0.13873333993528325,0.3311439250080406
Apple Inc.,2022-03-01,2022-03-03,2,up,down,0.46349203692478497,0.24717670271821907,0.2893312603569959
Apple Inc.,2022-03-02,2022-03-04,2,down,down,0.4826974803470668,0.22368843425932577,0.2936140853936073
Apple Inc.,2022-03-03,2022-03-07,2,down,down,0.3877158608428842,0.25754680143453146,0.3547373377225845
Apple Inc.,2022-03-04,2022-03-08,2,down,down,0.48819932053316384,0.20198119189639335,0.3098194875704427
Apple Inc.,2022-03-07,2022-03-09,2,flat,down,0.4775129558992352,0.16442624111990464,0.3580608029808603
Apple Inc.,2022-03-08,2022-03-10,2,flat,down,0.5028896302173884,0.13890669893754232,0.35820367084506927
Apple Inc.,2022-03-09,2022-03-11,2,down,down,0.506335620769694,0.18373613709028447,0.30992824214002107
Apple Inc.,2022-03-10,2022-03-14,2,down,down,0.5289176769423318,0.10510615426333693,0.36597616879433126
Apple Inc.,2022-03-11,2022-03-15,2,down,down,0.4959428852755924,0.1164688723395709,0.38758824238483686
Apple Inc.,2022-03-14,2022-03-16,2,up,down,0.4516545829209058,0.13696960788476523,0.4113758091943289
Apple Inc.,2022-03-15,2022-03-17,2,up,down,0.49134727210592816,0.1534016723429079,0.3552510555511638
Apple Inc.,2022-03-16,2022-03-18,2,up,down,0.5129500775386497,0.16502466678852865,0.32202525567282125
Apple Inc.,2022-03-17,2022-03-21,2,up,down,0.368276374806719,0.3517288519124374,0.27999477328084355
Apple Inc.,2022-03-18,2022-03-22,2,up,up,0.36691765181806946,0.22382790391575125,0.4092544442661793
Apple Inc.,2022-03-21,2022-03-23,2,up,down,0.3960697214850821,0.21444582410694366,0.38948445440797436
Apple Inc.,2022-03-22,2022-03-24,2,up,up,0.36825560537112445,0.19642929969232673,0.43531509493654885
Apple Inc.,2022-03-23,2022-03-25,2,up,up,0.32225572643568445,0.23288873854068584,0.4448555350236297
Apple Inc.,2022-03-24,2022-03-28,2,up,up,0.3056768784442407,0.22600021114125401,0.46832291041450547
Apple Inc.,2022-03-25,2022-03-29,2,up,up,0.32319341094116877,0.24595531214408275,0.4308512769147484
Apple Inc.,2022-03-28,2022-03-30,2,up,up,0.38242656054676405,0.20221477696030069,0.4153586624929353
Apple Inc.,2022-03-29,2022-03-31,2,down,up,0.328591006113687,0.2318948140394092,0.4395141798469039
Apple Inc.,2022-03-30,2022-04-01,2,down,down,0.42191100091614814,0.2283300053547041,0.3497589937291476
Apple Inc.,2022-03-31,2022-04-04,2,flat,down,0.5080383404568046,0.18321577778387255,0.3087458817593228
Apple Inc.,2022-04-01,2022-04-05,2,up,down,0.44319324845105273,0.13408656110015088,0.4227201904487962
Apple Inc.,2022-04-04,2022-04-06,2,down,up,0.3947895012124025,0.1780086027880715,0.42720189599952574
Apple Inc.,2022-04-05,2022-04-07,2,down,up,0.38250670959437977,0.1737405123174217,0.44375277808819846
Apple Inc.,2022-04-06,2022-04-08,2,down,up,0.407675962823819,0.10642010024652925,0.48590393692965184
Apple Inc.,2022-04-07,2022-04-11,2,down,up,0.38665258343475833,0.09614185817620648,0.5172055583890353
Apple Inc.,2022-04-08,2022-04-12,2,down,up,0.43576624278255316,0.11534981221488608,0.4488839450025608
Apple Inc.,2022-04-11,2022-04-13,2,up,down,0.48217237621192255,0.08607955612819806,0.43174806765987916
Apple Inc.,2022-04-12,2022-04-14,2,flat,down,0.4928951564443441,0.09990155407409414,0.4072032894815617
Apple Inc.,2022-04-13,2022-04-18,2,down,down,0.496499090606967,0.1604186646859678,0.3430822447070652
Apple Inc.,2022-04-14,2022-04-19,2,down,down,0.5179308807949884,0.15071806950312014,0.3313510497018914
Apple Inc.,2022-04-18,2022-04-20,2,up,down,0.5388808798288462,0.10272626060888258,0.358392859562271
Apple Inc.,2022-04-19,2022-04-21,2,up,down,0.5051167890324031,0.14628708670268747,0.3485961242649093
Apple Inc.,2022-04-20,2022-04-22,2,down,down,0.496585352666686,0.16613993270157457,0.33727471463173925
Apple Inc.,2022-04-21,2022-04-25,2,down,down,0.4558488460909554,0.2148192476058427,0.32933190630320186
Apple Inc.,2022-04-22,2022-04-26,2,down,down,0.5258968296316278,0.1291036089366923,0.3449995614316799
Apple Inc.,2022-04-25,2022-04-27,2,down,down,0.5156678232343483,0.14354723433843972,0.3407849424272118
Apple Inc.,2022-04-26,2022-04-28,2,up,down,0.4791382797233698,0.13979984364238165,0.3810618766342487
Apple Inc.,2022-04-27,2022-04-29,2,up,down,0.46561876516303813,0.10598714387252248,0.42839409096443953
Apple Inc.,2022-04-28,2022-05-02,2,down,down,0.5221810679867532,0.12242366563858333,0.3553952663746633
Apple Inc.,2022-04-29,2022-05-03,2,down,down,0.49767803164457264,0.150223349698856,0.3520986186565713
Apple Inc.,2022-05-02,2022-05-04,2,up,down,0.5123912007821039,0.11810236626135935,0.3695064329565369
Apple Inc.,2022-05-03,2022-05-05,2,up,down,0.47332675472768687,0.21559952656951198,0.3110737187028011
Apple Inc.,2022-05-04,2022-05-06,2,down,down,0.41058664242595205,0.2043342076507649,0.38507914992328296
Apple Inc.,2022-05-05,2022-05-09,2,down,down,0.4808243662486589,0.24328484962439365,0.2758907841269476
Apple Inc.,2022-05-06,2022-05-10,2,down,down,0.5203736627924529,0.1236612465019329,0.3559650907056142
Apple Inc.,2022-05-09,2022-05-11,2,down,down,0.45912742790421107,0.24768017776626977,0.29319239432951893
Apple Inc.,2022-05-10,2022-05-12,2,down,down,0.5126495264526559,0.13867481038712476,0.3486756631602193
Apple Inc.,2022-05-11,2022-05-13,2,down,down,0.4872035359389957,0.12715596916646552,0.38564049489453894
Apple Inc.,2022-05-12,2022-05-16,2,up,up,0.4290735992949875,0.11516738966639208,0.4557590110386203
Apple Inc.,2022-05-13,2022-05-17,2,up,down,0.45085435418593456,0.14607301938822373,0.40307262642584163
Apple Inc.,2022-05-16,2022-05-18,2,down,down,0.47499239657149955,0.1328679775113069,0.3921396259171936
Apple Inc.,2022-05-17,2022-05-19,2,down,down,0.4648941054916985,0.18834757542728148,0.34675831908101995
Apple Inc.,2022-05-18,2022-05-20,2,down,down,0.4835066005764405,0.1450618592136283,0.3714315402099313
Apple Inc.,2022-05-19,2022-05-23,2,up,down,0.46402134283119445,0.14747121716484,0.3885074400039655
Apple Inc.,2022-05-20,2022-05-24,2,up,up,0.43411727961547114,0.11146630107633838,0.45441641930819043
Apple Inc.,2022-05-23,2022-05-25,2,down,down,0.47683006324332866,0.14449032172542778,0.37867961503124326
Apple Inc.,2022-05-24,2022-05-26,2,up,down,0.4711429593307741,0.14114318639263085,0.38771385427659516
Apple Inc.,2022-05-25,2022-05-27,2,up,down,0.4811769674271444,0.1764445564654822,0.3423784761073735
Apple Inc.,2022-05-26,2022-05-31,2,up,down,0.43569643577032663,0.2831588142888803,0.28114474994079275
Apple Inc.,2022-05-27,2022-06-01,2,up,down,0.38558631240186036,0.2376903195910931,0.37672336800704653
Apple Inc.,2022-05-31,2022-06-02,2,up,down,0.41963016197519354,0.21034860271312183,0.3700212353116848
Apple Inc.,2022-06-01,2022-06-03,2,down,down,0.4510354068345856,0.20073206312791558,0.34823253003749904
Apple Inc.,2022-06-02,2022-06-06,2,down,down,0.4762757346178308,0.20588808177809073,0.3178361836040785
Apple Inc.,2022-06-03,2022-06-07,2,up,down,0.5092406973054888,0.15957826986262505,0.33118103283188577
Apple Inc.,2022-06-06,2022-06-08,2,up,down,0.4224353626866391,0.22463485070355038,0.35292978660981045
Apple Inc.,2022-06-07,2022-06-09,2,down,down,0.4239263116786266,0.19801316370988753,0.37806052461148576
Apple Inc.,2022-06-08,2022-06-10,2,down,down,0.38150121902029144,0.2538986627986507,0.364600118181058
Apple Inc.,2022-06-09,2022-06-13,2,down,down,0.4441972935266957,0.13344492056512294,0.42235778590818135
Apple Inc.,2022-06-10,2022-06-14,2,down,up,0.39958013649479746,0.13754005345975565,0.4628798100454468
Apple Inc.,2022-06-13,2022-06-15,2,up,up,0.3933554383796835,0.11199816006911943,0.49464640155119693
Apple Inc.,2022-06-14,2022-06-16,2,down,up,0.4405152778261057,0.1036530379386736,0.4558316842352206
Apple Inc.,2022-06-15,2022-06-17,2,down,down,0.4837879404546328,0.10827883053239912,0.40793322901296813
Apple Inc.,2022-06-16,2022-06-21,2,up,down,0.4607656282696183,0.12009031081880008,0.41914406091158163
Apple Inc.,2022-06-17,2022-06-22,2,up,down,0.478012242246901,0.1449017337298316,0.3770860240232674
Apple Inc.,2022-06-21,2022-06-23,2,up,down,0.4037554818346375,0.26472611719955425,0.33151840096580815
Apple Inc.,2022-06-22,2022-06-24,2,up,down,0.4343633608030911,0.332993408980353,0.23264323021655578
Apple Inc.,2022-06-23,2022-06-27,2,up,down,0.36503769739142683,0.308496888322102,0.32646541428647113
Apple Inc.,2022-06-24,2022-06-28,2,down,down,0.44945800064171826,0.18819572360326667,0.36234627575501527
Apple Inc.,2022-06-27,2022-06-29,2,down,down,0.48108346343938857,0.15538305682965517,0.3635334797309563
Apple Inc.,2022-06-28,2022-06-30,2,down,down,0.5369052503272363,0.1504097194228495,0.3126850302499138
Apple Inc.,2022-06-29,2022-07-01,2,down,down,0.5319124501346806,0.15303863928238473,0.3150489105829343
Apple Inc.,2022-06-30,2022-07-05,2,up,down,0.4316703265739462,0.20483114378948347,0.36349852963657037
Apple Inc.,2022-07-01,2022-07-06,2,up,down,0.5095250445335884,0.09149993799628584,0.39897501747012576
Apple Inc.,2022-07-05,2022-07-07,2,up,down,0.506205702967351,0.18250688752793917,0.3112874095047096
Apple Inc.,2022-07-06,2022-07-08,2,up,up,0.3723639580284958,0.21563168865774274,0.4120043533137615
Apple Inc.,2022-07-07,2022-07-11,2,up,up,0.3729896469980346,0.20169535506093314,0.42531499794103217
Apple Inc.,2022-07-08,2022-07-12,2,flat,down,0.44418016008984124,0.1861045360879644,0.3697153038221944
Apple Inc.,2022-07-11,2022-07-13,2,down,down,0.53764690332195,0.14797519014304772,0.314377906535002
Apple Inc.,2022-07-12,2022-07-14,2,flat,down,0.45666468787321185,0.17635497035428085,0.3669803417725072
Apple Inc.,2022-07-13,2022-07-15,2,up,down,0.562301011435502,0.08967706959727349,0.3480219189672242
Apple Inc.,2022-07-14,2022-07-18,2,up,up,0.37109446490313935,0.1884115063133471,0.44049402878351335
Apple Inc.,2022-07-15,2022-07-19,2,down,up,0.32727338049963633,0.2134133876504363,0.45931323184992734
Apple Inc.,2022-07-18,2022-07-20,2,up,down,0.44663922729137184,0.16562474353362158,0.3877360291750066
Apple Inc.,2022-07-19,2022-07-21,2,up,down,0.3932341483097883,0.22056131656394767,0.38620453512626396
Apple Inc.,2022-07-20,2022-07-22,2,up,up,0.3365290472532632,0.25449120958411775,0.4089797431626193
Apple Inc.,2022-07-21,2022-07-25,2,down,up,0.30781282642609037,0.23595233206642338,0.4562348415074864
Apple Inc.,2022-07-22,2022-07-26,2,down,down,0.4050139670016257,0.23412435522204095,0.36086167777633343
Apple Inc.,2022-07-25,2022-07-27,2,up,down,0.4932761482472551,0.16788485519539662,0.33883899655734806
Apple Inc.,2022-07-26,2022-07-28,2,up,down,0.50099656200897,0.10260126662308647,0.3964021713679433
Apple Inc.,2022-07-27,2022-07-29,2,up,up,0.3927939086513665,0.1818689619166197,0.4253371294320138
Apple Inc.,2022-07-28,2022-08-01,2,up,up,0.3777861506513306,0.18715982174524562,0.4350540276034237
Apple Inc.,2022-07-29,2022-08-02,2,down,down,0.4525005802547926,0.16057193309548443,0.38692748664972293
Apple Inc.,2022-08-01,2022-08-03,2,up,down,0.530778467873493,0.11392860478730028,0.3552929273392064
Apple Inc.,2022-08-02,2022-08-04,2,up,down,0.5512107750512375,0.09246891247080223,0.35632031247796
Apple Inc.,2022-08-03,2022-08-05,2,up,down,0.44116732798468383,0.143355778205975,0.41547689380934094
Apple Inc.,2022-08-04,2022-08-08,2,flat,down,0.4813481179653332,0.1433111846086517,0.37534069742601495
Apple Inc.,2022-08-05,2022-08-09,2,flat,down,0.5690939731804722,0.074945988892255,0.3559600379272727
Apple Inc.,2022-08-08,2022-08-10,2,up,down,0.47499185680751,0.08408320757298825,0.4409249356195016
Apple Inc.,2022-08-09,2022-08-11,2,up,down,0.5322720041503588,0.04387100585198507,0.42385698999765586
Apple Inc.,2022-08-10,2022-08-12,2,up,down,0.4537532982408664,0.10991836299504447,0.4363283387640891
Apple Inc.,2022-08-11,2022-08-15,2,up,down,0.48424426131167003,0.09147299078391109,0.4242827479044189
Apple Inc.,2022-08-12,2022-08-16,2,up,down,0.503512954123081,0.08893197712116072,0.40755506875575825
Apple Inc.,2022-08-15,2022-08-17,2,up,down,0.47699060148287026,0.08722692147416433,0.43578247704296535
Apple Inc.,2022-08-16,2022-08-18,2,up,down,0.473547613018862,0.09112463857149748,0.4353277484096405
Apple Inc.,2022-08-17,2022-08-19,2,down,down,0.4503678192242832,0.11896479306097422,0.4306673877147426
Apple Inc.,2022-08-18,2022-08-22,2,down,down,0.4714762927946983,0.07299657511880032,0.4555271320865011
Apple Inc.,2022-08-19,2022-08-23,2,down,down,0.4869770152018048,0.03338958084800686,0.47963340395018833
Apple Inc.,2022-08-22,2022-08-24,2,down,up,0.3335760440015151,0.08883010818188236,0.5775938478166027
Apple Inc.,2022-08-23,2022-08-25,2,up,up,0.4266105175366017,0.07216326005203533,0.5012262224113632
Apple Inc.,2022-08-24,2022-08-26,2,flat,up,0.4036035672677399,0.08076923885671912,0.5156271938755411
Apple Inc.,2022-08-25,2022-08-29,2,down,up,0.3799990524430633,0.10507253253767208,0.5149284150192647
Apple Inc.,2022-08-26,2022-08-30,2,down,up,0.411742143096781,0.09430444532954707,0.49395341157367206
Apple Inc.,2022-08-29,2022-08-31,2,down,down,0.4866849854541351,0.07964684581407344,0.4336681687317915
Apple Inc.,2022-08-30,2022-09-01,2,down,down,0.47441794250443947,0.08076261375496653,0.44481944374059396
Apple Inc.,2022-08-31,2022-09-02,2,down,down,0.49566518742780247,0.08743693797606512,0.4168978745961324
Apple Inc.,2022-09-01,2022-09-06,2,down,down,0.5043245375824055,0.09158683745689147,0.4040886249607031
Apple Inc.,2022-09-02,2022-09-07,2,down,down,0.449320998879032,0.11431049847316876,0.43636850264779925
Apple Inc.,2022-09-06,2022-09-08,2,down,down,0.5037923333578885,0.10314364819857667,0.3930640184435346
Apple Inc.,2022-09-07,2022-09-09,2,up,down,0.5214111886445297,0.09296024523903129,0.3856285661164389
Apple Inc.,2022-09-08,2022-09-12,2,up,down,0.5040127461003598,0.08674161377610778,0.4092456401235325
Apple Inc.,2022-09-09,2022-09-13,2,up,down,0.4666374957578976,0.16137081233418443,0.3719916919079179
Apple Inc.,2022-09-12,2022-09-14,2,down,up,0.41186498358478646,0.17199529623185492,0.4161397201833585
Apple Inc.,2022-09-13,2022-09-15,2,down,down,0.47643562901204406,0.17770706199144762,0.3458573089965084
Apple Inc.,2022-09-14,2022-09-16,2,down,down,0.4889646294202916,0.16508954625717734,0.3459458243225311
Apple Inc.,2022-09-15,2022-09-19,2,down,down,0.46416126341029007,0.20257515503024723,0.3332635815594627
Apple Inc.,2022-09-16,2022-09-20,2,up,down,0.5209260103070494,0.11319453329073538,0.3658794564022152
Apple Inc.,2022-09-19,2022-09-21,2,up,down,0.4934314005804319,0.11290658958446426,0.393662009835104
Apple Inc.,2022-09-20,2022-09-22,2,down,down,0.45649070760371613,0.22567619110457504,0.3178331012917088
Apple Inc.,2022-09-21,2022-09-23,2,down,down,0.4447831568632323,0.26825251947152884,0.2869643236652386
Apple Inc.,2022-09-22,2022-09-26,2,down,down,0.5163901770056816,0.2128161803398936,0.2707936426544245
Apple Inc.,2022-09-23,2022-09-27,2,up,down,0.5244573741512234,0.16880595703333476,0.30673666881544176
Apple Inc.,2022-09-26,2022-09-28,2,down,down,0.5084150254643717,0.20319790831161275,0.28838706622401555
Apple Inc.,2022-09-27,2022-09-29,2,down,down,0.4833364260342391,0.19681704444261477,0.3198465295231458
Apple Inc.,2022-09-28,2022-09-30,2,down,down,0.5146154095791815,0.12721771426562165,0.358166876155197
Apple Inc.,2022-09-29,2022-10-03,2,down,down,0.44621030243336945,0.14666415415629527,0.40712554341033524
Apple Inc.,2022-09-30,2022-10-04,2,up,up,0.41706324944820994,0.1372605646250343,0.4456761859267558
Apple Inc.,2022-10-03,2022-10-05,2,up,up,0.40931962222743506,0.15661471725176276,0.43406566052080214
Apple Inc.,2022-10-04,2022-10-06,2,up,down,0.4913902381133608,0.16028612715540838,0.3483236347312307
Apple Inc.,2022-10-05,2022-10-07,2,down,down,0.464760184370087,0.2343928551046762,0.30084696052523674
Apple Inc.,2022-10-06,2022-10-10,2,down,down,0.3888215556584261,0.33189221854437456,0.2792862257971993
Apple Inc.,2022-10-07,2022-10-11,2,down,down,0.4811868765422125,0.231133234086839,0.2876798893709483
Apple Inc.,2022-10-10,2022-10-12,2,down,down,0.4607821733480253,0.2696177140148733,0.2696001126371012
Apple Inc.,2022-10-11,2022-10-13,2,down,down,0.4648173231782328,0.1461463072797599,0.3890363695420072
Apple Inc.,2022-10-12,2022-10-14,2,up,down,0.480385616659798,0.12657684668582164,0.39303753665438046
Apple Inc.,2022-10-13,2022-10-17,2,up,down,0.47049106390425693,0.12966855224500437,0.39984038385073867
Apple Inc.,2022-10-14,2022-10-18,2,up,down,0.35939262390478804,0.2988736316153649,0.34173374447984695
Apple Inc.,2022-10-17,2022-10-19,2,up,down,0.3977537841154313,0.323174850778269,0.27907136510629954
Apple Inc.,2022-10-18,2022-10-20,2,down,down,0.37707078087462365,0.2573892117176959,0.3655400074076804
Apple Inc.,2022-10-19,2022-10-21,2,up,down,0.4786718762018408,0.21613153466986662,0.3051965891282926
Apple Inc.,2022-10-20,2022-10-24,2,up,down,0.4398736949794618,0.23111195460790263,0.3290143504126354
Apple Inc.,2022-10-21,2022-10-25,2,up,down,0.43390011065574075,0.22088456151037872,0.34521532783388054
Apple Inc.,2022-10-24,2022-10-26,2,up,up,0.3944901833382735,0.19101667273849235,0.4144931439232341
Apple Inc.,2022-10-25,2022-10-27,2,down,up,0.34496267945713366,0.21075274735619728,0.44428457318666903
Apple Inc.,2022-10-26,2022-10-28,2,up,down,0.4612906864216011,0.20152200651163243,0.3371873070667666
Apple Inc.,2022-10-27,2022-10-31,2,up,down,0.4995597931295082,0.15724842416189258,0.343191782708599
Apple Inc.,2022-10-28,2022-11-01,2,flat,up,0.29902803410469986,0.23598974524552385,0.4649822206497764
Apple Inc.,2022-10-31,2022-11-02,2,down,up,0.34900218639462016,0.27480410489490104,0.37619370871047875
Apple Inc.,2022-11-01,2022-11-03,2,down,up,0.3367735550916307,0.2317304799965784,0.43149596491179076
Apple Inc.,2022-11-02,2022-11-04,2,down,up,0.4048942908230631,0.1647895898731419,0.43031611930379493
Apple Inc.,2022-11-03,2022-11-07,2,down,up,0.37344813757579715,0.13499993969924334,0.4915519227249596
Apple Inc.,2022-11-04,2022-11-08,2,up,up,0.40435256307433465,0.13101592934542805,0.46463150758023714
Apple Inc.,2022-11-07,2022-11-09,2,down,down,0.4771847197701725,0.11217115574323762,0.4106441244865898
Apple Inc.,2022-11-08,2022-11-10,2,up,down,0.4831259417767198,0.13822623657051045,0.37864782165276983
Apple Inc.,2022-11-09,2022-11-11,2,up,down,0.5136760455878097,0.10864551620669559,0.3776784382054948
Apple Inc.,2022-11-10,2022-11-14,2,up,down,0.38756690907902275,0.2535393562879104,0.35889373463306673
Apple Inc.,2022-11-11,2022-11-15,2,up,up,0.35584926968765784,0.22323478362734991,0.4209159466849921
Apple Inc.,2022-11-14,2022-11-16,2,flat,down,0.43719965837954433,0.19762362802734462,0.3651767135931111
Apple Inc.,2022-11-15,2022-11-17,2,down,up,0.3749644482033389,0.19195397139556059,0.43308158040110056
Apple Inc.,2022-11-16,2022-11-18,2,up,down,0.5432196884440201,0.12348546410193477,0.33329484745404486
Apple Inc.,2022-11-17,2022-11-21,2,up,down,0.4849228739823838,0.14215923305144484,0.37291789296617134
Apple Inc.,2022-11-18,2022-11-22,2,down,up,0.3648986141829134,0.19732164230481472,0.4377797435122719
Apple Inc.,2022-11-21,2022-11-23,2,up,down,0.43586319435164506,0.16576126230578062,0.39837554334257447
Apple Inc.,2022-11-22,2022-11-25,2,down,up,0.36753968168962325,0.2023669640495651,0.4300933542608116
Apple Inc.,2022-11-23,2022-11-28,2,down,up,0.38161333264286973,0.23295573235636924,0.3854309350007611
Apple Inc.,2022-11-25,2022-11-29,2,down,down,0.4309316682494426,0.17444513789513574,0.3946231938554217
Apple Inc.,2022-11-28,2022-11-30,2,flat,up,0.42984975568578826,0.108311703964819,0.46183854034939265
Apple Inc.,2022-11-29,2022-12-01,2,up,up,0.4273154356548624,0.12696894438630313,0.4457156199588345
Apple Inc.,2022-11-30,2022-12-02,2,up,down,0.4256054518198571,0.1672531096640723,0.40714143851607026
Apple Inc.,2022-12-01,2022-12-05,2,flat,up,0.35155057929731476,0.25792874651953424,0.39052067418315095
Apple Inc.,2022-12-02,2022-12-06,2,down,down,0.432116565784034,0.17706303455583836,0.3908203996601275
Apple Inc.,2022-12-05,2022-12-07,2,down,down,0.38862748622549903,0.2385092939144008,0.37286321986010024
Apple Inc.,2022-12-06,2022-12-08,2,down,down,0.4961262925659501,0.14314111317933026,0.3607325942547195
Apple Inc.,2022-12-07,2022-12-09,2,up,down,0.5237703649234856,0.14188641232450047,0.33434322275201384
Apple Inc.,2022-12-08,2022-12-12,2,up,down,0.5201454038631464,0.09728039446639199,0.3825742016704616
Apple Inc.,2022-12-09,2022-12-13,2,up,down,0.5611373826038588,0.09182573402723561,0.3470368833689054
Apple Inc.,2022-12-12,2022-12-14,2,up,down,0.5535118834813448,0.11296806561562825,0.3335200509030266
Apple Inc.,2022-12-13,2022-12-15,2,down,up,0.34116653984364315,0.21261459738623625,0.4462188627701204
Apple Inc.,2022-12-14,2022-12-16,2,down,down,0.4971781559406866,0.1868660720134396,0.31595577204587355
Apple Inc.,2022-12-15,2022-12-19,2,down,down,0.5640882193341179,0.10021491121529395,0.3356968694505882
Apple Inc.,2022-12-16,2022-12-20,2,down,down,0.5028687690846165,0.15143960364207415,0.3456916272733095
Apple Inc.,2022-12-19,2022-12-21,2,up,down,0.4866225305363918,0.11936514954532466,0.3940123199182836
Apple Inc.,2022-12-20,2022-12-22,2,up,down,0.5177563562103278,0.10906303790389177,0.3731806058857803
Apple Inc.,2022-12-21,2022-12-23,2,down,down,0.48999152911169114,0.15457691897549053,0.3554315519128181
Apple Inc.,2022-12-22,2022-12-27,2,down,down,0.5203912692324323,0.14153759881371863,0.33807113195384914
Apple Inc.,2022-12-23,2022-12-28,2,down,down,0.560430821982318,0.14331355147209054,0.2962556265455914
Apple Inc.,2022-12-27,2022-12-29,2,down,down,0.5848761065312843,0.1181233190852587,0.2970005743834568
Apple Inc.,2022-12-28,2022-12-30,2,up,down,0.576639175937203,0.10739410350147682,0.31596672056131975
Apple Inc.,2022-12-29,2023-01-03,2,down,down,0.5407491392703734,0.1067851042380777,0.3524657564915487
Apple Inc.,2022-12-30,2023-01-04,2,down,down,0.5160658165902781,0.11647662208900758,0.3674575613207143
Apple Inc.,2023-01-03,2023-01-05,2,down,down,0.468965641663597,0.11108618984227941,0.4199481684941236
Apple Inc.,2023-01-04,2023-01-06,2,up,up,0.42177414368204436,0.1141173724723933,0.4641084838455622
Apple Inc.,2023-01-05,2023-01-09,2,up,down,0.42629381177365117,0.20604749358547303,0.36765869464087586
Apple Inc.,2023-01-06,2023-01-10,2,up,down,0.455572619282384,0.16797281824629004,0.37645456247132614
Apple Inc.,2023-01-09,2023-01-11,2,up,up,0.3652207418012518,0.2028557100592638,0.4319235481394844
Apple Inc.,2023-01-10,2023-01-12,2,up,down,0.4505842923059653,0.2106308943054479,0.3387848133885867
Apple Inc.,2023-01-11,2023-01-13,2,up,down,0.45430463446208963,0.17847628227709347,0.3672190832608168
Apple Inc.,2023-01-12,2023-01-17,2,up,down,0.43726812987390196,0.18509402287579346,0.37763784725030447
Apple Inc.,2023-01-13,2023-01-18,2,up,down,0.46850389450640434,0.14364030172893932,0.38785580376465634
Apple Inc.,2023-01-17,2023-01-19,2,down,up,0.3552826986481859,0.1605521426064209,0.4841651587453933
Apple Inc.,2023-01-18,2023-01-20,2,flat,up,0.37567294596152984,0.21202400411001934,0.4123030499284506
Apple Inc.,2023-01-19,2023-01-23,2,up,down,0.5127320165786603,0.1279957658472094,0.35927221757413025
Apple Inc.,2023-01-20,2023-01-24,2,up,up,0.39481766126368756,0.1608796398528146,0.4443026988834978
Apple Inc.,2023-01-23,2023-01-25,2,up,up,0.3105991834610732,0.15009431906482426,0.5393064974741029
Apple Inc.,2023-01-24,2023-01-26,2,up,up,0.33223341769741316,0.18118298219971432,0.4865836001028726
Apple Inc.,2023-01-25,2023-01-27,2,up,down,0.4279773727793124,0.17864832353524768,0.3933743036854399
Apple Inc.,2023-01-26,2023-01-30,2,up,up,0.3213661107615638,0.23803481311766966,0.4405990761207669
Apple Inc.,2023-01-27,2023-01-31,2,down,up,0.30189769884574014,0.2794206190082045,0.4186816821460557
Apple Inc.,2023-01-30,2023-02-01,2,flat,down,0.424996486349847,0.21491876324797418,0.36008475040217897
Apple Inc.,2023-01-31,2023-02-02,2,up,down,0.42637957353423517,0.16623226143942843,0.40738816502633624
Apple Inc.,2023-02-01,2023-02-03,2,up,down,0.40702505128408434,0.2395897831791806,0.35338516553673494
Apple Inc.,2023-02-02,2023-02-06,2,up,up,0.34348086772413666,0.27420781029690366,0.3823113219789597
Apple Inc.,2023-02-03,2023-02-07,2,up,up,0.36901747907447846,0.2448391514397634,0.38614336948575817
Apple Inc.,2023-02-06,2023-02-08,2,up,down,0.4886138511686686,0.18944447186091673,0.32194167697041437
Apple Inc.,2023-02-07,2023-02-09,2,down,down,0.47700538551065064,0.18128702971478777,0.3417075847745615
Apple Inc.,2023-02-08,2023-02-10,2,down,down,0.4591299160545505,0.14682538569119996,0.3940446982542493
Apple Inc.,2023-02-09,2023-02-13,2,flat,down,0.5016492467290422,0.1145873750684919,0.3837633782024657
Apple Inc.,2023-02-10,2023-02-14,2,up,up,0.3955879341515534,0.05643753632905115,0.5479745295193954
Apple Inc.,2023-02-13,2023-02-15,2,up,up,0.37177094045944364,0.10279153880324399,0.5254375207373123
Apple Inc.,2023-02-14,2023-02-16,2,up,up,0.40152747613594975,0.08578017197383961,0.5126923518902108
Apple Inc.,2023-02-15,2023-02-17,2,down,up,0.3933492778839039,0.12498048324249897,0.48167023887359717
Apple Inc.,2023-02-16,2023-02-21,2,down,down,0.482430416069661,0.07840652152711249,0.4391630624032264
Apple Inc.,2023-02-17,2023-02-22,2,down,down,0.5208259117179408,0.04584300943446518,0.4333310788475938
Apple Inc.,2023-02-21,2023-02-23,2,down,up,0.38074984666459083,0.11731550579645787,0.5019346475389515
Apple Inc.,2023-02-22,2023-02-24,2,down,up,0.43353529365755494,0.08696697611833924,0.4794977302241059
Apple Inc.,2023-02-23,2023-02-27,2,down,up,0.3840659768175496,0.10183255801230295,0.5141014651701475
Apple Inc.,2023-02-24,2023-02-28,2,up,down,0.47788234398373647,0.0862001888150501,0.43591746720121344
Apple Inc.,2023-02-27,2023-03-01,2,down,up,0.37007348949166574,0.11519839745952361,0.5147281130488107
Apple Inc.,2023-02-28,2023-03-02,2,down,up,0.43192155852133973,0.09879165840558825,0.4692867830730721
Apple Inc.,2023-03-01,2023-03-03,2,up,down,0.4641497209204578,0.11720846511265152,0.4186418139668906
Apple Inc.,2023-03-02,2023-03-06,2,up,down,0.5394453036926548,0.08387438583177678,0.37668031047556844
Apple Inc.,2023-03-03,2023-03-07,2,up,up,0.40392577455803,0.1734498629554793,0.42262436248649066
Apple Inc.,2023-03-06,2023-03-08,2,down,up,0.3301687937219891,0.2141999366003715,0.4556312696776398
Apple Inc.,2023-03-07,2023-03-09,2,down,down,0.4287903954381152,0.18122605226536426,0.38998355229652043
Apple Inc.,2023-03-08,2023-03-10,2,down,down,0.38475272953002526,0.2355311485176025,0.3797161219523722
Apple Inc.,2023-03-09,2023-03-13,2,down,down,0.4856721970569253,0.13419674814515742,0.3801310547979171
Apple Inc.,2023-03-10,2023-03-14,2,up,down,0.5353826586813427,0.10255053258551493,0.3620668087331421
Apple Inc.,2023-03-13,2023-03-15,2,up,up,0.3913486777838602,0.12020459114195364,0.4884467310741863
Apple Inc.,2023-03-14,2023-03-16,2,up,up,0.4119647794994552,0.1538576192957069,0.4341776012048379
Apple Inc.,2023-03-15,2023-03-17,2,up,down,0.42033861223467445,0.21458222593338966,0.36507916183193573
Apple Inc.,2023-03-16,2023-03-20,2,up,up,0.35365453998066165,0.21711828423865484,0.4292271757806836
Apple Inc.,2023-03-17,2023-03-21,2,up,up,0.3307670909836634,0.23892456083611857,0.430308348180218
Apple Inc.,2023-03-20,2023-03-22,2,up,up,0.3647109979329203,0.21908172258742384,0.41620727947965597
Apple Inc.,2023-03-21,2023-03-23,2,up,up,0.31873973854073373,0.21956969284418507,0.46169056861508123
Apple Inc.,2023-03-22,2023-03-24,2,flat,up,0.34295971719842977,0.2515030605874305,0.4055372222141399
Apple Inc.,2023-03-23,2023-03-27,2,flat,down,0.4328217587696562,0.20365415249179633,0.3635240887385473
Apple Inc.,2023-03-24,2023-03-28,2,down,down,0.44271061933989303,0.18655378877993717,0.37073559188016975
Apple Inc.,2023-03-27,2023-03-29,2,up,down,0.47703574777500113,0.14273058149848855,0.38023367072651015
Apple Inc.,2023-03-28,2023-03-30,2,up,up,0.38054637794498375,0.09607957343398947,0.5233740486210269
Apple Inc.,2023-03-29,2023-03-31,2,up,up,0.34718987619356834,0.14526644336126446,0.5075436804451672
Apple Inc.,2023-03-30,2023-04-03,2,up,up,0.40016230569320305,0.12768683125278724,0.4721508630540099
Apple Inc.,2023-03-31,2023-04-04,2,up,up,0.4162108736456232,0.1376493592036976,0.4461397671506792
Apple Inc.,2023-04-03,2023-04-05,2,down,up,0.45041730227946325,0.0935543241568072,0.4560283735637296
Apple Inc.,2023-04-04,2023-04-06,2,down,down,0.457213668699797,0.09052063816368314,0.45226569313651993
Apple Inc.,2023-04-05,2023-04-10,2,down,down,0.5374626441767291,0.058493836323167424,0.40404351950010337
Apple Inc.,2023-04-06,2023-04-11,2,down,up,0.4557783074637938,0.05516097076209011,0.4890607217741161
Apple Inc.,2023-04-10,2023-04-12,2,down,up,0.3278719529890251,0.07857828652022118,0.5935497604907539
Apple Inc.,2023-04-11,2023-04-13,2,up,up,0.30087258976767894,0.0858653883916633,0.613262021840658
Apple Inc.,2023-04-12,2023-04-14,2,up,up,0.37551448510843094,0.08442542187679752,0.5400600930147715
Apple Inc.,2023-04-13,2023-04-17,2,up,up,0.3719917859626488,0.14379791601088107,0.4842102980264702
Apple Inc.,2023-04-14,2023-04-18,2,up,up,0.412369816467646,0.13818063419522608,0.44944954933712794
Apple Inc.,2023-04-17,2023-04-19,2,up,down,0.48790232090084484,0.13153144513104933,0.3805662339681058
Apple Inc.,2023-04-18,2023-04-20,2,flat,up,0.4242987989778332,0.12266698559884383,0.4530342154233231
Apple Inc.,2023-04-19,2023-04-21,2,down,up,0.4402819494173906,0.10262272990654982,0.4570953206760596
Apple Inc.,2023-04-20,2023-04-24,2,down,down,0.5036769499730783,0.08401462910358798,0.41230842092333353
Apple Inc.,2023-04-21,2023-04-25,2,down,up,0.4559216695633983,0.07026391631967853,0.47381441411692327
Apple Inc.,2023-04-24,2023-04-26,2,down,up,0.4255221087957596,0.08997860052250911,0.4844992906817314
Apple Inc.,2023-04-25,2023-04-27,2,up,up,0.3752878510545883,0.09971283368654901,0.5249993152588628
Apple Inc.,2023-04-26,2023-04-28,2,up,up,0.4404480660734653,0.11226333457401953,0.4472885993525153
Apple Inc.,2023-04-27,2023-05-01,2,up,up,0.40433730818152136,0.1367216353354005,0.45894105648307815
Apple Inc.,2023-04-28,2023-05-02,2,flat,up,0.3780198600390694,0.15247686288207138,0.46950327707885925
Apple Inc.,2023-05-01,2023-05-03,2,down,up,0.41882106117036794,0.15590450144316143,0.42527443738647075
Apple Inc.,2023-05-02,2023-05-04,2,down,down,0.4963279378958476,0.09668390924924268,0.40698815285490964
Apple Inc.,2023-05-03,2023-05-05,2,up,down,0.476530073994262,0.07523901711285044,0.44823090889288736
Apple Inc.,2023-05-04,2023-05-08,2,up,up,0.4340326335661105,0.09877592503247606,0.46719144140141344
Apple Inc.,2023-05-05,2023-05-09,2,flat,up,0.35085968602124623,0.16489525740883665,0.4842450565699172
Apple Inc.,2023-05-08,2023-05-10,2,flat,up,0.3923362784214974,0.13747179856468938,0.4701919230138133
Apple Inc.,2023-05-09,2023-05-11,2,up,up,0.43617966422084636,0.10443104284108312,0.45938929293807057
Apple Inc.,2023-05-10,2023-05-12,2,flat,up,0.4321192441516127,0.10174899317059971,0.46613176267778766
Apple Inc.,2023-05-11,2023-05-15,2,down,up,0.41670798156395983,0.10340775763875396,0.4798842607972865
Apple Inc.,2023-05-12,2023-05-16,2,down,up,0.4605093719666035,0.0684423758790358,0.47104825215436064
Apple Inc.,2023-05-15,2023-05-17,2,down,up,0.35912716402240724,0.07181249761788511,0.5690603383597079
Apple Inc.,2023-05-16,2023-05-18,2,up,up,0.3692566483260486,0.08060189294010262,0.550141458733849
Apple Inc.,2023-05-17,2023-05-19,2,up,up,0.38855607936234776,0.08189494144262806,0.5295489791950243
Apple Inc.,2023-05-18,2023-05-22,2,flat,up,0.3662736697477849,0.12212250897433835,0.5116038212778768
Apple Inc.,2023-05-19,2023-05-23,2,down,up,0.38566485753614593,0.13756995991454485,0.47676518254930933
Apple Inc.,2023-05-22,2023-05-24,2,down,down,0.46594401200730784,0.08530524445972056,0.44875074353297156
Apple Inc.,2023-05-23,2023-05-25,2,up,up,0.4494051240364969,0.08326760200208533,0.4673272739614179
Apple Inc.,2023-05-24,2023-05-26,2,up,down,0.4787189466252548,0.07907644685439555,0.4422046065203496
Apple Inc.,2023-05-25,2023-05-30,2,up,up,0.3843643915810112,0.12264024318450309,0.4929953652344857
Apple Inc.,2023-05-26,2023-05-31,2,up,up,0.3263606389024921,0.1872533372164687,0.48638602388103935
Apple Inc.,2023-05-30,2023-06-01,2,up,up,0.33861498489899594,0.1712552673478345,0.4901297477531697
Apple Inc.,2023-05-31,2023-06-02,2,up,up,0.3514139217271687,0.16217501477166482,0.48641106350116653
Apple Inc.,2023-06-01,2023-06-05,2,up,up,0.33443213072861744,0.15473959801484202,0.5108282712565407
Apple Inc.,2023-06-02,2023-06-06,2,down,up,0.2846620054414035,0.1297942492034896,0.5855437453551073
Apple Inc.,2023-06-05,2023-06-07,2,down,up,0.3860174577548945,0.11650419384033991,0.49747834840476585
Apple Inc.,2023-06-06,2023-06-08,2,flat,down,0.48602449465245706,0.05353677308092372,0.46043873226661913
Apple Inc.,2023-06-07,2023-06-09,2,up,up,0.43439996618814,0.057317905040004266,0.5082821287718559
Apple Inc.,2023-06-08,2023-06-12,2,up,up,0.356597629934286,0.06882491677695904,0.574577453288755
Apple Inc.,2023-06-09,2023-06-13,2,up,up,0.3696532627202123,0.1104378045498586,0.5199089327299293
Apple Inc.,2023-06-12,2023-06-14,2,up,up,0.39116270874937414,0.11767989004353645,0.4911574012070895
Apple Inc.,2023-06-13,2023-06-15,2,up,up,0.43152470538379517,0.09842581737699202,0.4700494772392129
Apple Inc.,2023-06-14,2023-06-16,2,up,up,0.40922090653699283,0.10317417080570337,0.48760492265730404
Apple Inc.,2023-06-15,2023-06-20,2,flat,up,0.3725162143394044,0.09942303773739955,0.5280607479231963
Apple Inc.,2023-06-16,2023-06-21,2,down,up,0.40253626024477684,0.09175386976940338,0.5057098699858199
Apple Inc.,2023-06-20,2023-06-22,2,up,down,0.49489188586706695,0.04924196165674455,0.45586615247618845
Apple Inc.,2023-06-21,2023-06-23,2,up,up,0.45674794982921973,0.058772895064959314,0.484479155105821
Apple Inc.,2023-06-22,2023-06-26,2,up,up,0.39564415612308607,0.059213520258573495,0.5451423236183407
Apple Inc.,2023-06-23,2023-06-27,2,up,up,0.40326904890893944,0.08284308421671398,0.5138878668743466
Apple Inc.,2023-06-26,2023-06-28,2,up,up,0.43074102202230286,0.0835006742716681,0.4857583037060291
Apple Inc.,2023-06-27,2023-06-29,2,up,up,0.41363525579314947,0.06651287395350107,0.5198518702533494
Apple Inc.,2023-06-28,2023-06-30,2,up,up,0.36251954782238416,0.09225146331873253,0.5452289888588837
Apple Inc.,2023-06-29,2023-07-03,2,up,up,0.35560750224743404,0.09787984112375442,0.5465126566288119
Apple Inc.,2023-06-30,2023-07-05,2,down,up,0.42492076671165174,0.1209679889454997,0.4541112443428489
Apple Inc.,2023-07-03,2023-07-06,2,down,up,0.45603557233686226,0.0855922452753104,0.45837218238782734
Apple Inc.,2023-07-05,2023-07-07,2,flat,down,0.5012371157742489,0.057140976843263885,0.44162190738248713
Apple Inc.,2023-07-06,2023-07-10,2,down,up,0.4741956418298157,0.04249130832503531,0.483313049845149
Apple Inc.,2023-07-07,2023-07-11,2,down,up,0.40797285416671364,0.059442343543922666,0.5325848022893639
Apple Inc.,2023-07-10,2023-07-12,2,up,up,0.30745994268844573,0.08167884073107153,0.610861216580483
Apple Inc.,2023-07-11,2023-07-13,2,up,up,0.3827508874324464,0.0790962481866421,0.5381528643809117
Apple Inc.,2023-07-12,2023-07-14,2,up,up,0.3749809002232387,0.09156785652225319,0.5334512432545082
Apple Inc.,2023-07-13,2023-07-17,2,up,up,0.4438463976845803,0.09393070249974342,0.46222289981567627
Apple Inc.,2023-07-14,2023-07-18,2,up,up,0.4459023015595067,0.09752854815477711,0.45656915028571615
Apple Inc.,2023-07-17,2023-07-19,2,up,up,0.3904571827789851,0.13948441131993133,0.4700584059010835
Apple Inc.,2023-07-18,2023-07-20,2,up,up,0.4209400344876581,0.12575407768796784,0.4533058878243741
Apple Inc.,2023-07-19,2023-07-21,2,down,up,0.41239961463380054,0.11379061437156057,0.47380977099463906
Apple Inc.,2023-07-20,2023-07-24,2,down,down,0.47879410908107334,0.07411482416034479,0.44709106675858173
Apple Inc.,2023-07-21,2023-07-25,2,up,down,0.500758323700685,0.054087583794039495,0.4451540925052755
Apple Inc.,2023-07-24,2023-07-26,2,up,up,0.3988341862618502,0.08427971310705278,0.5168861006310971
Apple Inc.,2023-07-25,2023-07-27,2,up,up,0.40501777201966777,0.08724026751193317,0.5077419604683991
Apple Inc.,2023-07-26,2023-07-28,2,up,up,0.3932260608444669,0.10621546218519187,0.5005584769703413
Apple Inc.,2023-07-27,2023-07-31,2,up,up,0.4077106187622719,0.11144329458793255,0.48084608664979556
Apple Inc.,2023-07-28,2023-08-01,2,up,up,0.4198893503408043,0.10430929878560302,0.4758013508735926
Apple Inc.,2023-07-31,2023-08-02,2,down,up,0.3899934935791824,0.09304034545812588,0.5169661609626918
Apple Inc.,2023-08-01,2023-08-03,2,down,up,0.4442313629791951,0.0814763834694807,0.4742922535513243
Apple Inc.,2023-08-02,2023-08-04,2,down,up,0.437533497088692,0.07099858465712945,0.49146791825417874
Apple Inc.,2023-08-03,2023-08-07,2,down,up,0.4268713798431285,0.11399666163972359,0.4591319585171479
Apple Inc.,2023-08-04,2023-08-08,2,down,down,0.4697912623517808,0.1045983799476164,0.42561035770060274
Apple Inc.,2023-08-07,2023-08-09,2,down,down,0.45861805183970183,0.09404532103675452,0.4473366271235435
Apple Inc.,2023-08-08,2023-08-10,2,down,up,0.44935733531649846,0.09295461698666348,0.457688047696838
Apple Inc.,2023-08-09,2023-08-11,2,down,down,0.48530362772699787,0.0964256419723746,0.4182707303006275
Apple Inc.,2023-08-10,2023-08-14,2,flat,down,0.46756819103877717,0.10686361220196496,0.425568196759258
Apple Inc.,2023-08-11,2023-08-15,2,up,up,0.44546303860302755,0.09440581818287212,0.4601311432141003
Apple Inc.,2023-08-14,2023-08-16,2,down,down,0.4544627236661018,0.16190579622142992,0.3836314801124682
Apple Inc.,2023-08-15,2023-08-17,2,down,down,0.4679723709255756,0.16131360132876316,0.37071402774566126
Apple Inc.,2023-08-16,2023-08-18,2,down,down,0.4698877459663165,0.16493247537262323,0.3651797786610603
Apple Inc.,2023-08-17,2023-08-21,2,flat,down,0.45616132844019985,0.14336305276208472,0.40047561879771537
Apple Inc.,2023-08-18,2023-08-22,2,up,down,0.4421852523907569,0.11840977952171249,0.4394049680875306
Apple Inc.,2023-08-21,2023-08-23,2,up,down,0.4799450739023471,0.15898977093644684,0.36106515516120596
Apple Inc.,2023-08-22,2023-08-24,2,up,down,0.4329252516825516,0.23179472496954193,0.33528002334790635
Apple Inc.,2023-08-23,2023-08-25,2,down,down,0.40205710667081346,0.24727753471617964,0.35066535861300674
Apple Inc.,2023-08-24,2023-08-28,2,up,down,0.43349910398489605,0.2274905370424807,0.33901035897262316
Apple Inc.,2023-08-25,2023-08-29,2,up,down,0.4784870619899899,0.1553498967604897,0.3661630412495204
Apple Inc.,2023-08-28,2023-08-30,2,up,up,0.3828278814681259,0.1875997188209847,0.42957239971088934
Apple Inc.,2023-08-29,2023-08-31,2,up,up,0.3484570333153742,0.21729466979242593,0.43424829689219985
Apple Inc.,2023-08-30,2023-09-01,2,up,up,0.29256508844018186,0.20297785720522601,0.504457054354592
Apple Inc.,2023-08-31,2023-09-05,2,up,up,0.3118566974082519,0.20113773679857197,0.487005565793176
Apple Inc.,2023-09-01,2023-09-06,2,down,up,0.2785792028892256,0.2315728601007836,0.4898479370099907
Apple Inc.,2023-09-05,2023-09-07,2,down,up,0.37531532127953005,0.17607061186997586,0.44861406685049404
Apple Inc.,2023-09-06,2023-09-08,2,down,down,0.47031308867830196,0.11764461259245591,0.41204229872924186
Apple Inc.,2023-09-07,2023-09-11,2,up,up,0.41213994776238644,0.12221904460125506,0.4656410076363584
Apple Inc.,2023-09-08,2023-09-12,2,down,up,0.425097034523432,0.1177617750330759,0.4571411904434921
Apple Inc.,2023-09-11,2023-09-13,2,down,up,0.4506103981062872,0.0936138126616664,0.4557757892320465
Apple Inc.,2023-09-12,2023-09-14,2,down,up,0.43591883935302933,0.12765642408643868,0.43642473656053205
Apple Inc.,2023-09-13,2023-09-15,2,flat,down,0.4843765797814924,0.10366185230032682,0.41196156791818084
Apple Inc.,2023-09-14,2023-09-18,2,up,down,0.5456805720069287,0.14763538580299781,0.30668404219007345
Apple Inc.,2023-09-15,2023-09-19,2,up,down,0.546465900328423,0.1298338013514901,0.3237002983200866
Apple Inc.,2023-09-18,2023-09-20,2,flat,down,0.4829486141153123,0.19029791042084973,0.3267534754638378
Apple Inc.,2023-09-19,2023-09-21,2,down,down,0.42557251317271605,0.2587175318454371,0.3157099549818467
Apple Inc.,2023-09-20,2023-09-22,2,down,down,0.512993012221085,0.1574881852942343,0.32951880248468074
Apple Inc.,2023-09-21,2023-09-25,2,up,down,0.528081003479312,0.11756545435568659,0.3543535421650013
Apple Inc.,2023-09-22,2023-09-26,2,down,down,0.5036370186376296,0.15560838019608345,0.3407546011662869
Apple Inc.,2023-09-25,2023-09-27,2,down,down,0.5051842782516036,0.138929286317187,0.3558864354312093
Apple Inc.,2023-09-26,2023-09-28,2,down,down,0.4858376500054354,0.09237539166496232,0.4217869583296023
Apple Inc.,2023-09-27,2023-09-29,2,up,down,0.49877994856471103,0.09043908727068593,0.41078096416460314
Apple Inc.,2023-09-28,2023-10-02,2,up,down,0.509715772402112,0.11825927452039732,0.3720249530774907
Apple Inc.,2023-09-29,2023-10-03,2,up,down,0.5296591982381248,0.1533661519931759,0.31697464976869916
Apple Inc.,2023-10-02,2023-10-04,2,flat,down,0.5058651011616049,0.1800996317989159,0.31403526703947915
Apple Inc.,2023-10-03,2023-10-05,2,up,down,0.45094169651706073,0.2165810004083046,0.33247730307463486
Apple Inc.,2023-10-04,2023-10-06,2,up,down,0.4640379772161035,0.1935102916629637,0.3424517311209329
Apple Inc.,2023-10-05,2023-10-09,2,up,down,0.4202287185636996,0.1909448960060669,0.3888263854302334
Apple Inc.,2023-10-06,2023-10-10,2,up,up,0.3896500937288909,0.17998692385235224,0.43036298241875676
Apple Inc.,2023-10-09,2023-10-11,2,up,up,0.3572867520069167,0.18175875752365617,0.4609544904694271
Apple Inc.,2023-10-10,2023-10-12,2,up,up,0.3544036895359152,0.19071631322674773,0.4548799972373371
Apple Inc.,2023-10-11,2023-10-13,2,up,up,0.3451588533030304,0.19679241309475473,0.45804873360221493
Apple Inc.,2023-10-12,2023-10-16,2,down,up,0.30068423994546556,0.224236047275704,0.4750797127788305
Apple Inc.,2023-10-13,2023-10-17,2,down,up,0.4079576857127629,0.14993969718566455,0.4421026171015724
Apple Inc.,2023-10-16,2023-10-18,2,down,down,0.4660765009710595,0.10778797528585914,0.4261355237430812
Apple Inc.,2023-10-17,2023-10-19,2,down,up,0.4095597188522285,0.11674705429460679,0.47369322685316456
Apple Inc.,2023-10-18,2023-10-20,2,down,up,0.41957769308392473,0.09992156834326557,0.4805007385728098
Apple Inc.,2023-10-19,2023-10-23,2,down,up,0.44125477085038617,0.08602682681351795,0.47271840233609586
Apple Inc.,2023-10-20,2023-10-24,2,down,up,0.4609267957770401,0.06702969486879504,0.4720435093541648
Apple Inc.,2023-10-23,2023-10-25,2,flat,up,0.4375865554636278,0.08186029568153005,0.4805531488548421
Apple Inc.,2023-10-24,2023-10-26,2,down,up,0.4430335622820363,0.10699924368011583,0.4499671940378478
Apple Inc.,2023-10-25,2023-10-27,2,down,down,0.49821315828924734,0.07949336533122014,0.4222934763795325
Apple Inc.,2023-10-26,2023-10-30,2,up,down,0.4945933067217058,0.08128477471614498,0.4241219185621493
Apple Inc.,2023-10-27,2023-10-31,2,up,down,0.47469780290351127,0.08026589837317383,0.445036298723315
Apple Inc.,2023-10-30,2023-11-01,2,up,down,0.48207924243439004,0.13232636418401353,0.38559439338159635
Apple Inc.,2023-10-31,2023-11-02,2,up,down,0.5217495035014464,0.11500208827070163,0.3632484082278517
Apple Inc.,2023-11-01,2023-11-03,2,up,down,0.41022054637123895,0.18800716037845194,0.401772293250309
Apple Inc.,2023-11-02,2023-11-06,2,up,up,0.33097526638580566,0.2038852281290564,0.4651395054851378
Apple Inc.,2023-11-03,2023-11-07,2,up,down,0.44717422545159685,0.17313234161208427,0.3796934329363188
Apple Inc.,2023-11-06,2023-11-08,2,up,up,0.2763168228957386,0.22219148095290592,0.5014916961513554
Apple Inc.,2023-11-07,2023-11-09,2,up,up,0.30663332858371656,0.19329396223585957,0.5000727091804241
Apple Inc.,2023-11-08,2023-11-10,2,up,up,0.27971668897894636,0.2205573635451864,0.49972594747586724
Apple Inc.,2023-11-09,2023-11-13,2,up,up,0.3291673753808289,0.21497319028021666,0.4558594343389546
Apple Inc.,2023-11-10,2023-11-14,2,up,up,0.2811698912372565,0.22454305279801798,0.49428705596472583
Apple Inc.,2023-11-13,2023-11-15,2,up,up,0.34344371956969205,0.24648057876984614,0.4100757016604619
Apple Inc.,2023-11-14,2023-11-16,2,up,up,0.31225573142442015,0.27550724831860185,0.4122370202569783
Apple Inc.,2023-11-15,2023-11-17,2,up,up,0.3602477686883319,0.25229040223310545,0.3874618290785626
Apple Inc.,2023-11-16,2023-11-20,2,up,up,0.35496446689832206,0.24873692609507675,0.3962986070066013
Apple Inc.,2023-11-17,2023-11-21,2,up,down,0.4190192843296358,0.21223616031570042,0.3687445553546636
Apple Inc.,2023-11-20,2023-11-22,2,up,down,0.44149296482579686,0.17234808649176508,0.38615894868243794
Apple Inc.,2023-11-21,2023-11-24,2,down,down,0.4774307330534586,0.11505466198117183,0.4075146049653693
Apple Inc.,2023-11-22,2023-11-27,2,down,down,0.46527038056666803,0.08826394603598033,0.4464656733973515
Apple Inc.,2023-11-24,2023-11-28,2,flat,down,0.47932986823931223,0.06325543650724731,0.45741469525344053
Apple Inc.,2023-11-27,2023-11-29,2,up,up,0.3967665860655131,0.06186857328175896,0.541364840652728
Apple Inc.,2023-11-28,2023-11-30,2,down,up,0.3385281048406826,0.06325455940070607,0.5982173357586114
Apple Inc.,2023-11-29,2023-12-01,2,flat,up,0.37574137425196197,0.07671871109569552,0.5475399146523428
Apple Inc.,2023-11-30,2023-12-04,2,flat,up,0.3371113081475919,0.09319893358786241,0.5696897582645457
Apple Inc.,2023-12-01,2023-12-05,2,up,up,0.36846698322322174,0.07503206300296895,0.5565009537738096
Apple Inc.,2023-12-04,2023-12-06,2,up,up,0.4071599936295744,0.07573688981678287,0.517103116553643
Apple Inc.,2023-12-05,2023-12-07,2,up,up,0.39129759888972343,0.10389608054205793,0.5048063205682185
Apple Inc.,2023-12-06,2023-12-08,2,up,up,0.4281179302551783,0.09361352931902721,0.47826854042579453
Apple Inc.,2023-12-07,2023-12-11,2,down,up,0.4309173455390801,0.10190124026633257,0.46718141419458736
Apple Inc.,2023-12-08,2023-12-12,2,down,up,0.4197808421619368,0.08782181703498239,0.4923973408030809
Apple Inc.,2023-12-11,2023-12-13,2,up,down,0.49271227995379385,0.06328312542044044,0.4440045946257658
Apple Inc.,2023-12-12,2023-12-14,2,up,up,0.4256835735614808,0.06375407445650189,0.5105623519820175
Apple Inc.,2023-12-13,2023-12-15,2,up,up,0.39094320793090276,0.07918694895445888,0.5298698431146385
Apple Inc.,2023-12-14,2023-12-18,2,down,up,0.4250955878864026,0.0841901939649783,0.49071421814861926
Apple Inc.,2023-12-15,2023-12-19,2,down,down,0.4722673908705577,0.06129252948231559,0.4664400796471268
Apple Inc.,2023-12-18,2023-12-20,2,flat,down,0.49865149509935586,0.045354298585902876,0.45599420631474125
Apple Inc.,2023-12-19,2023-12-21,2,down,up,0.4410234747677451,0.06268006338498101,0.496296461847274
Apple Inc.,2023-12-20,2023-12-22,2,down,up,0.4125502234581835,0.07536320330688674,0.5120865732349299
Apple Inc.,2023-12-21,2023-12-26,2,down,up,0.3506160384432466,0.09627727127167657,0.5531066902850771
Apple Inc.,2023-12-22,2023-12-27,2,down,up,0.4104677529405214,0.10698623947635469,0.4825460075831238
Apple Inc.,2023-12-26,2023-12-28,2,up,up,0.43340661988411244,0.09545125464878237,0.4711421254671051
Apple Inc.,2023-12-27,2023-12-29,2,up,up,0.4243521727467994,0.10293710529636833,0.47271072195683217
Apple Inc.,2023-12-28,2024-01-02,2,down,up,0.40504298881558143,0.11799424491938705,0.4769627662650315
Apple Inc.,2023-12-29,2024-01-03,2,down,down,0.45175323608790635,0.10513674337561961,0.44311002053647414
Apple Inc.,2024-01-02,2024-01-04,2,down,down,0.5534670893709677,0.08673680438073336,0.35979610624829883
Apple Inc.,2024-01-03,2024-01-05,2,down,down,0.5228438635779761,0.08859454062886163,0.3885615957931622
Apple Inc.,2024-01-04,2024-01-08,2,up,down,0.4913004933593888,0.09290532375135341,0.41579418288925796
Apple Inc.,2024-01-05,2024-01-09,2,up,down,0.503521196179591,0.08096373781238222,0.41551506600802673
Apple Inc.,2024-01-08,2024-01-10,2,up,down,0.5181532406164442,0.09387867059415804,0.3879680887893975
Apple Inc.,2024-01-09,2024-01-11,2,up,down,0.4962833260991776,0.14840390118681235,0.35531277271400996
Apple Inc.,2024-01-10,2024-01-12,2,up,down,0.4319514433651701,0.2204757333454021,0.34757282328942757
Apple Inc.,2024-01-11,2024-01-16,2,down,down,0.49608861698009366,0.14551066668316753,0.35840071633673865
Apple Inc.,2024-01-12,2024-01-17,2,down,down,0.521824785252846,0.13756543537991547,0.3406097793672383
Apple Inc.,2024-01-16,2024-01-18,2,up,down,0.537879292785593,0.10994040791098746,0.35218029930341926
Apple Inc.,2024-01-17,2024-01-19,2,up,down,0.5354691742583292,0.10050554818979249,0.36402527755187797
Apple Inc.,2024-01-18,2024-01-22,2,up,down,0.4530439889995085,0.15520303807797642,0.3917529729225151
Apple Inc.,2024-01-19,2024-01-23,2,up,up,0.37082926377428344,0.19694752012174735,0.43222321610396924
Apple Inc.,2024-01-22,2024-01-24,2,up,up,0.2987755770605688,0.1942581107773328,0.5069663121620984
Apple Inc.,2024-01-23,2024-01-25,2,flat,up,0.32225994470571434,0.18519582045904365,0.492544234835242
Apple Inc.,2024-01-24,2024-01-26,2,down,up,0.34414249455438367,0.19705302227614024,0.458804483169476
Apple Inc.,2024-01-25,2024-01-29,2,down,up,0.38873559994547635,0.1711138672727001,0.4401505327818237
Apple Inc.,2024-01-26,2024-01-30,2,down,down,0.4495390297645124,0.13120344690944005,0.4192575233260474
Apple Inc.,2024-01-29,2024-01-31,2,down,up,0.42532296916372103,0.11315603469285256,0.46152099614342634
Apple Inc.,2024-01-30,2024-02-01,2,down,up,0.4578092735893462,0.08207729515023723,0.46011343126041654
Apple Inc.,2024-01-31,2024-02-02,2,down,down,0.4763286277696092,0.0906699049337581,0.43300146729663264
Apple Inc.,2024-02-01,2024-02-05,2,up,down,0.4836489392547708,0.10180785626599259,0.41454320447923654
Apple Inc.,2024-02-02,2024-02-06,2,up,down,0.5124227259884782,0.12320598467125274,0.36437128934026886
Apple Inc.,2024-02-05,2024-02-07,2,up,down,0.5241562077303719,0.1760518283665475,0.2997919639030805
Apple Inc.,2024-02-06,2024-02-08,2,up,down,0.4402888209744752,0.19371860823352485,0.3659925707919998
Apple Inc.,2024-02-07,2024-02-09,2,down,down,0.390435451780473,0.2457345366404091,0.3638300115791179
Apple Inc.,2024-02-08,2024-02-12,2,down,down,0.49350203415239574,0.1365910067558663,0.36990695909173765
Apple Inc.,2024-02-09,2024-02-13,2,down,down,0.45153457900386434,0.16038500857011184,0.38808041242602376
Apple Inc.,2024-02-12,2024-02-14,2,down,down,0.5100838549087171,0.11625565800800858,0.37366048708327404
Apple Inc.,2024-02-13,2024-02-15,2,down,down,0.49334885278276935,0.10805883287658018,0.3985923143406503
Apple Inc.,2024-02-14,2024-02-16,2,down,down,0.5256648872460097,0.08613221226923841,0.3882029004847519
Apple Inc.,2024-02-15,2024-02-20,2,down,down,0.5072237124954373,0.0788705444346777,0.41390574306988515
Apple Inc.,2024-02-16,2024-02-21,2,down,down,0.49484001005204653,0.08571653590151207,0.41944345404644146
Apple Inc.,2024-02-20,2024-02-22,2,up,down,0.46517630228596935,0.07544627563845217,0.4593774220755785
Apple Inc.,2024-02-21,2024-02-23,2,up,down,0.4998124072658608,0.10724684722541583,0.3929407455087234
Apple Inc.,2024-02-22,2024-02-26,2,down,down,0.45207103468006166,0.16639798099388498,0.38153098432605326
Apple Inc.,2024-02-23,2024-02-27,2,down,down,0.46991725383607885,0.14340607477316974,0.3866766713907513
Apple Inc.,2024-02-26,2024-02-28,2,flat,down,0.5140801050861226,0.10384502810752483,0.3820748668063526
Apple Inc.,2024-02-27,2024-02-29,2,down,down,0.5079640480039416,0.12884151438218852,0.3631944376138698
Apple Inc.,2024-02-28,2024-03-01,2,down,down,0.4698713043729193,0.13105605974207132,0.3990726358850094
Apple Inc.,2024-02-29,2024-03-04,2,down,down,0.4828236080276117,0.11247696822801814,0.40469942374437023
Apple Inc.,2024-03-01,2024-03-05,2,down,up,0.44750246355739237,0.08538224200968866,0.467115294432919
Apple Inc.,2024-03-04,2024-03-06,2,down,down,0.4871238088505702,0.08208149026269512,0.4307947008867348
Apple Inc.,2024-03-05,2024-03-07,2,down,up,0.43021780436504203,0.12174867591282808,0.4480335197221298
Apple Inc.,2024-03-06,2024-03-08,2,up,up,0.38997723827854464,0.12791440210352564,0.4821083596179296
Apple Inc.,2024-03-07,2024-03-11,2,up,up,0.4067791979207391,0.1041900214187352,0.4890307806605256
Apple Inc.,2024-03-08,2024-03-12,2,up,up,0.4418160392753532,0.11543187017255359,0.4427520905520931
Apple Inc.,2024-03-11,2024-03-13,2,down,down,0.48058621013633684,0.22103546834538243,0.2983783215182805
Apple Inc.,2024-03-12,2024-03-14,2,flat,down,0.4095913446119111,0.2611872365446295,0.3292214188434592
Apple Inc.,2024-03-13,2024-03-15,2,flat,down,0.4373006302668243,0.19124888711360788,0.3714504826195678
Apple Inc.,2024-03-14,2024-03-18,2,up,down,0.3967923981942446,0.22675580093736628,0.37645180086838903
Apple Inc.,2024-03-15,2024-03-19,2,up,down,0.4174397726130241,0.20307969884428054,0.3794805285426955
Apple Inc.,2024-03-18,2024-03-20,2,up,up,0.3447090043418718,0.2392208458464271,0.4160701498117009
Apple Inc.,2024-03-19,2024-03-21,2,down,down,0.4031995062650738,0.20647154335590964,0.39032895037901655
Apple Inc.,2024-03-20,2024-03-22,2,down,up,0.3821884745524159,0.22321694600047184,0.39459457944711235
Apple Inc.,2024-03-21,2024-03-25,2,down,down,0.4279493177090118,0.1884801848548756,0.38357049743611277
Apple Inc.,2024-03-22,2024-03-26,2,down,down,0.4190252778036767,0.1672204559841481,0.41375426621217515
Apple Inc.,2024-03-25,2024-03-27,2,up,up,0.43115689288421194,0.08566075350781394,0.4831823536079742
Apple Inc.,2024-03-26,2024-03-28,2,up,up,0.4318526445487467,0.09282793375726421,0.47531942169398916
Apple Inc.,2024-03-27,2024-04-01,2,down,up,0.4357460181320587,0.11861470068230404,0.4456392811856372
Apple Inc.,2024-03-28,2024-04-02,2,down,down,0.4339644715844221,0.14962904139893107,0.4164064870166468
Apple Inc.,2024-04-01,2024-04-03,2,down,up,0.4073413135251834,0.17240958005646415,0.4202491064183525
Apple Inc.,2024-04-02,2024-04-04,2,up,up,0.40546720430556493,0.16026904478607598,0.43426375090835906
Apple Inc.,2024-04-03,2024-04-05,2,flat,down,0.4150281368467636,0.19611421840317714,0.38885764475005913
Apple Inc.,2024-04-04,2024-04-08,2,down,up,0.3966315105391193,0.19024398338808254,0.413124506072798
Apple Inc.,2024-04-05,2024-04-09,2,down,down,0.41034800815163974,0.1813493078098637,0.4083026840384965
Apple Inc.,2024-04-08,2024-04-10,2,down,up,0.4122575391929385,0.17298697384090314,0.4147554869661583
Apple Inc.,2024-04-09,2024-04-11,2,up,down,0.4279202967841787,0.17782406846312312,0.39425563475269826
Apple Inc.,2024-04-10,2024-04-12,2,up,up,0.40624663327961946,0.18149638230389345,0.41225698441648695
Apple Inc.,2024-04-11,2024-04-15,2,up,up,0.36149298714790185,0.1980585583472957,0.4404484545048023
Apple Inc.,2024-04-12,2024-04-16,2,down,up,0.29275341010654754,0.19430442199482786,0.5129421678986246
Apple Inc.,2024-04-15,2024-04-17,2,down,down,0.42657847386705905,0.1642589471845475,0.4091625789483934
Apple Inc.,2024-04-16,2024-04-18,2,down,down,0.43676297350099474,0.1319397143436456,0.4312973121553596
Apple Inc.,2024-04-17,2024-04-19,2,down,up,0.40047090704074173,0.11921560421533883,0.4803134887439193
Apple Inc.,2024-04-18,2024-04-22,2,down,up,0.4291811274674068,0.07816873736258699,0.49265013517000633
Apple Inc.,2024-04-19,2024-04-23,2,up,up,0.4318404769635788,0.08002485372817202,0.4881346693082492
Apple Inc.,2024-04-22,2024-04-24,2,up,up,0.43672669086691607,0.09317272724358709,0.47010058188949677
Apple Inc.,2024-04-23,2024-04-25,2,up,down,0.45546747999522963,0.10000769554731503,0.4445248244574554
Apple Inc.,2024-04-24,2024-04-26,2,up,up,0.3790037487034556,0.21477589490394802,0.4062203563925965
Apple Inc.,2024-04-25,2024-04-29,2,up,down,0.40394506296043603,0.2391249868961046,0.3569299501434593
Apple Inc.,2024-04-26,2024-04-30,2,up,down,0.435493844358203,0.20785316707275295,0.3566529885690439
Apple Inc.,2024-04-29,2024-05-01,2,down,up,0.2914081924581878,0.20203247541683061,0.5065593321249815
Apple Inc.,2024-04-30,2024-05-02,2,flat,down,0.4612315509900221,0.1522937140741008,0.3864747349358771
Apple Inc.,2024-05-01,2024-05-03,2,up,down,0.48695844269620225,0.10964347785454384,0.40339807944925377
Apple Inc.,2024-05-02,2024-05-06,2,up,up,0.3828412790674209,0.15578588408943295,0.46137283684314595
Apple Inc.,2024-05-03,2024-05-07,2,down,up,0.3269556142898404,0.1968650640681721,0.4761793216419878
Apple Inc.,2024-05-06,2024-05-08,2,flat,up,0.43141912899752977,0.12702317244823352,0.4415576985542367
Apple Inc.,2024-05-07,2024-05-09,2,up,down,0.40630787520763006,0.20079087882948798,0.392901245962882
Apple Inc.,2024-05-08,2024-05-10,2,up,down,0.474160324891903,0.1423117345068082,0.3835279406012888
Apple Inc.,2024-05-09,2024-05-13,2,up,down,0.4320290823748285,0.21867932128633083,0.3492915963388407
Apple Inc.,2024-05-10,2024-05-14,2,up,up,0.39955647941823796,0.17192830160053368,0.42851521898122835
Apple Inc.,2024-05-13,2024-05-15,2,up,up,0.3585181715527983,0.2614850060744466,0.37999682237275506
Apple Inc.,2024-05-14,2024-05-16,2,up,down,0.39148136441386244,0.2722984573546868,0.33622017823145073
Apple Inc.,2024-05-15,2024-05-17,2,up,down,0.4549013302076899,0.1758409141488554,0.3692577556434547
Apple Inc.,2024-05-16,2024-05-20,2,flat,down,0.46197523103890875,0.17346268759684286,0.36456208136424834
Apple Inc.,2024-05-17,2024-05-21,2,up,down,0.5488014818370737,0.12669994207407131,0.3244985760888546
Apple Inc.,2024-05-20,2024-05-22,2,up,down,0.518594379981094,0.11529910481129185,0.36610651520761395
Apple Inc.,2024-05-21,2024-05-23,2,down,down,0.4784478863881062,0.11019411555997866,0.41135799805191503
Apple Inc.,2024-05-22,2024-05-24,2,down,down,0.5272966091086119,0.07774017456412911,0.39496321632725895
Apple Inc.,2024-05-23,2024-05-28,2,up,up,0.3952441138778222,0.07737860641902264,0.5273772797031553
Apple Inc.,2024-05-24,2024-05-29,2,up,up,0.3929467027056802,0.07037158979994058,0.5366817074943794
Apple Inc.,2024-05-28,2024-05-30,2,flat,up,0.3937009928471867,0.08762014635952306,0.5186788607932904
Apple Inc.,2024-05-29,2024-05-31,2,up,up,0.4060399057583237,0.09292686799795069,0.5010332262437259
Apple Inc.,2024-05-30,2024-06-03,2,up,up,0.3967583826293842,0.09747603796362389,0.505765579406992
Apple Inc.,2024-05-31,2024-06-04,2,up,down,0.4563327351235239,0.0928069230956315,0.45086034178084444
Apple Inc.,2024-06-03,2024-06-05,2,up,up,0.40863703985101507,0.09315346713367421,0.4982094930153108
Apple Inc.,2024-06-04,2024-06-06,2,up,up,0.42928976394156476,0.08631407304766524,0.4843961630107701
Apple Inc.,2024-06-05,2024-06-07,2,flat,up,0.40796221330498733,0.10130290888377552,0.49073487781123726
Apple Inc.,2024-06-06,2024-06-10,2,flat,down,0.476780377640755,0.06922180895137446,0.4539978134078706
Apple Inc.,2024-06-07,2024-06-11,2,up,up,0.44077488926495606,0.07327829172377277,0.4859468190112712
Apple Inc.,2024-06-10,2024-06-12,2,up,up,0.4445243271904558,0.05057705878716098,0.5048986140223833
Apple Inc.,2024-06-11,2024-06-13,2,up,down,0.4678045201707096,0.10067309990202214,0.43152237992726833
Apple Inc.,2024-06-12,2024-06-14,2,up,down,0.501414027220802,0.14937986086978372,0.3492061119094143
"Meta Platforms, Inc.",2022-01-19,2022-01-21,2,down,up,0.2829204995447208,0.16324819800565657,0.5538313024496229
"Meta Platforms, Inc.",2022-01-20,2022-01-24,2,down,up,0.26368949995132207,0.1343085126935337,0.6020019873551445
"Meta Platforms, Inc.",2022-01-21,2022-01-25,2,down,up,0.22667409341058106,0.05795511915285901,0.7153707874365602
"Meta Platforms, Inc.",2022-01-24,2022-01-26,2,down,up,0.17803475723416679,0.05546165735705253,0.7665035854087813
"Meta Platforms, Inc.",2022-01-25,2022-01-27,2,down,up,0.19734752248630844,0.09891822999728538,0.7037342475164065
"Meta Platforms, Inc.",2022-01-26,2022-01-28,2,down,up,0.17737881905263253,0.11573235668383963,0.7068888242635283
"Meta Platforms, Inc.",2022-01-27,2022-01-31,2,up,up,0.20047015118354447,0.0905529327222851,0.7089769160941707
"Meta Platforms, Inc.",2022-01-28,2022-02-01,2,up,up,0.27163079535038626,0.17483669092340048,0.5535325137262137
"Meta Platforms, Inc.",2022-01-31,2022-02-02,2,up,up,0.2174736562576178,0.1654553383533431,0.6170710053890396
"Meta Platforms, Inc.",2022-02-01,2022-02-03,2,down,up,0.2197252781665731,0.14115767359150444,0.6391170482419227
"Meta Platforms, Inc.",2022-02-02,2022-02-04,2,down,up,0.26506706695443116,0.1710796305185727,0.5638533025269965
"Meta Platforms, Inc.",2022-02-03,2022-02-07,2,down,up,0.3615943739855312,0.15498051253120962,0.4834251134832595
"Meta Platforms, Inc.",2022-02-04,2022-02-08,2,down,up,0.3434996888192527,0.1384507723785275,0.5180495388022204
"Meta Platforms, Inc.",2022-02-07,2022-02-09,2,down,up,0.3075083294076489,0.14132213660421988,0.5511695339881318
"Meta Platforms, Inc.",2022-02-08,2022-02-10,2,up,up,0.33756880159159686,0.12016641090784547,0.5422647875005582
"Meta Platforms, Inc.",2022-02-09,2022-02-11,2,down,up,0.3567099263486267,0.09977729153252962,0.5435127821188441
"Meta Platforms, Inc.",2022-02-10,2022-02-14,2,down,down,0.4488786285569566,0.14484222501656543,0.40627914642647817
"Meta Platforms, Inc.",2022-02-11,2022-02-15,2,down,down,0.4602360465972406,0.13448519458456665,0.40527875881819264
"Meta Platforms, Inc.",2022-02-14,2022-02-16,2,down,down,0.46100693826898964,0.10934232765773175,0.4296507340732786
"Meta Platforms, Inc.",2022-02-15,2022-02-17,2,down,up,0.36928549598870025,0.12470983827713501,0.5060046657341651
"Meta Platforms, Inc.",2022-02-16,2022-02-18,2,down,up,0.44390840145344046,0.09125187812268354,0.464839720423876
"Meta Platforms, Inc.",2022-02-17,2022-02-22,2,down,up,0.3436848539096862,0.1066554454355958,0.5496597006547184
"Meta Platforms, Inc.",2022-02-18,2022-02-23,2,down,up,0.3722119953345387,0.07277351836426879,0.5550144863011927
"Meta Platforms, Inc.",2022-02-22,2022-02-24,2,down,up,0.3832193719125773,0.07700669341152153,0.5397739346759015
"Meta Platforms, Inc.",2022-02-23,2022-02-25,2,up,up,0.35108451711545585,0.08883062234100766,0.5600848605435369
"Meta Platforms, Inc.",2022-02-24,2022-02-28,2,up,up,0.35913933686213895,0.07166622532353625,0.569194437814325
"Meta Platforms, Inc.",2022-02-25,2022-03-01,2,down,up,0.28515153529086257,0.1305314257006457,0.5843170390084923
"Meta Platforms, Inc.",2022-02-28,2022-03-02,2,down,up,0.30382782161295874,0.1578358931098812,0.5383362852771608
"Meta Platforms, Inc.",2022-03-01,2022-03-03,2,down,up,0.3687003291700715,0.17079485392764618,0.46050481690228245
"Meta Platforms, Inc.",2022-03-02,2022-03-04,2,down,up,0.4200081581598,0.1458038614426264,0.43418798039757384
"Meta Platforms, Inc.",2022-03-03,2022-03-07,2,down,up,0.393581424311923,0.16089497215740323,0.445523603530674
"Meta Platforms, Inc.",2022-03-04,2022-03-08,2,down,down,0.4770206531688207,0.07449437013757142,0.4484849766936078
"Meta Platforms, Inc.",2022-03-07,2022-03-09,2,up,up,0.4466092722626538,0.02133284162483968,0.5320578861125067
"Meta Platforms, Inc.",2022-03-08,2022-03-10,2,up,up,0.42141246863554954,0.025120236465185176,0.5534672948992656
"Meta Platforms, Inc.",2022-03-09,2022-03-11,2,down,down,0.46347717851198594,0.09494524863236274,0.4415775728556514
"Meta Platforms, Inc.",2022-03-10,2022-03-14,2,down,down,0.5458243482931237,0.0706741032530833,0.38350154845379286
"Meta Platforms, Inc.",2022-03-11,2022-03-15,2,flat,down,0.5831624876526211,0.054129472056172495,0.3627080402912059
"Meta Platforms, Inc.",2022-03-14,2022-03-16,2,up,down,0.5648472184980144,0.042608811909828494,0.39254396959215654
"Meta Platforms, Inc.",2022-03-15,2022-03-17,2,up,up,0.3813351289878767,0.1162680020232546,0.5023968689888688
"Meta Platforms, Inc.",2022-03-16,2022-03-18,2,up,up,0.372841068305058,0.12229308033757062,0.5048658513573718
"Meta Platforms, Inc.",2022-03-17,2022-03-21,2,up,up,0.4008292620515805,0.11497679876148427,0.4841939391869355
"Meta Platforms, Inc.",2022-03-18,2022-03-22,2,up,up,0.40817646008795483,0.12092237498940532,0.47090116492263995
"Meta Platforms, Inc.",2022-03-21,2022-03-23,2,up,up,0.38038382996328357,0.16215906694881405,0.45745710308790266
"Meta Platforms, Inc.",2022-03-22,2022-03-24,2,up,up,0.39713911134747315,0.17799110112122812,0.42486978753129895
"Meta Platforms, Inc.",2022-03-23,2022-03-25,2,up,up,0.4088775062106057,0.16081301794039876,0.4303094758489957
"Meta Platforms, Inc.",2022-03-24,2022-03-28,2,up,up,0.365346004941831,0.18140955905841408,0.4532444359997551
"Meta Platforms, Inc.",2022-03-25,2022-03-29,2,up,up,0.38737386921785544,0.20960854064246529,0.40301759013967925
"Meta Platforms, Inc.",2022-03-28,2022-03-30,2,up,down,0.4184345701716073,0.22716967234294533,0.3543957574854473
"Meta Platforms, Inc.",2022-03-29,2022-03-31,2,down,up,0.38101006498281614,0.21696689521782545,0.4020230397993585
"Meta Platforms, Inc.",2022-03-30,2022-04-01,2,down,down,0.40552439839417714,0.23021315625788463,0.36426244534793817
"Meta Platforms, Inc.",2022-03-31,2022-04-04,2,up,down,0.4449516969087633,0.20039502366782577,0.35465327942341096
"Meta Platforms, Inc.",2022-04-01,2022-04-05,2,up,down,0.42680243972983495,0.1542588376447774,0.4189387226253877
"Meta Platforms, Inc.",2022-04-04,2022-04-06,2,down,up,0.38072600203708284,0.1960035348238609,0.4232704631390563
"Meta Platforms, Inc.",2022-04-05,2022-04-07,2,down,down,0.46620658029982825,0.1513055848895054,0.38248783481066634
"Meta Platforms, Inc.",2022-04-06,2022-04-08,2,down,down,0.4925031240782695,0.07838122753556492,0.4291156483861654
"Meta Platforms, Inc.",2022-04-07,2022-04-11,2,down,up,0.45394440393787355,0.08117312688733139,0.4648824691747951
"Meta Platforms, Inc.",2022-04-08,2022-04-12,2,down,up,0.4168930177058723,0.08327861133726827,0.4998283709568597
"Meta Platforms, Inc.",2022-04-11,2022-04-13,2,down,up,0.31404288871995845,0.0863194872268709,0.5996376240531712
"Meta Platforms, Inc.",2022-04-12,2022-04-14,2,down,up,0.26758571090236755,0.15558890147676163,0.5768253876208714
"Meta Platforms, Inc.",2022-04-13,2022-04-18,2,down,up,0.29212066278844795,0.061350451884985086,0.6465288853265673
"Meta Platforms, Inc.",2022-04-14,2022-04-19,2,up,up,0.35204827327919086,0.09681470183034191,0.5511370248904676
"Meta Platforms, Inc.",2022-04-18,2022-04-20,2,down,up,0.3774335450205313,0.06682009428452815,0.5557463606949407
"Meta Platforms, Inc.",2022-04-19,2022-04-21,2,down,up,0.2664599534686621,0.0788622673329048,0.6546777791984334
"Meta Platforms, Inc.",2022-04-20,2022-04-22,2,down,up,0.45901423690504517,0.05144184467216053,0.48954391842279443
"Meta Platforms, Inc.",2022-04-21,2022-04-25,2,down,up,0.4106052131919705,0.01131875470845872,0.5780760320995708
"Meta Platforms, Inc.",2022-04-22,2022-04-26,2,down,up,0.31833356104779553,0.02350860193932997,0.658157837012875
"Meta Platforms, Inc.",2022-04-25,2022-04-27,2,down,up,0.36327484705178803,0.02167413585520643,0.6150510170930058
"Meta Platforms, Inc.",2022-04-26,2022-04-28,2,up,up,0.31387106974522716,0.01728622107513205,0.6688427091796411
"Meta Platforms, Inc.",2022-04-27,2022-04-29,2,up,up,0.3922898012245403,0.010791871870097091,0.596918326905363
"Meta Platforms, Inc.",2022-04-28,2022-05-02,2,up,up,0.37120247952312035,0.07878492665533927,0.5500125938215408
"Meta Platforms, Inc.",2022-04-29,2022-05-03,2,up,up,0.4508385507891204,0.06614189979495681,0.483019549415923
"Meta Platforms, Inc.",2022-05-02,2022-05-04,2,up,up,0.41367649393120665,0.13645497289508499,0.44986853317370856
"Meta Platforms, Inc.",2022-05-03,2022-05-05,2,up,up,0.3940781860305244,0.17369620386672252,0.4322256101027533
"Meta Platforms, Inc.",2022-05-04,2022-05-06,2,down,up,0.36547517482582537,0.20209352910009123,0.43243129607408354
"Meta Platforms, Inc.",2022-05-05,2022-05-09,2,down,up,0.380474077304129,0.21177300173198557,0.4077529209638859
"Meta Platforms, Inc.",2022-05-06,2022-05-10,2,down,up,0.365810109444331,0.20719778577753867,0.4269921047781304
"Meta Platforms, Inc.",2022-05-09,2022-05-11,2,down,down,0.461873591967069,0.09490129147365177,0.44322511655927926
"Meta Platforms, Inc.",2022-05-10,2022-05-12,2,down,down,0.4721175456547768,0.09282145659507249,0.4350609977501509
"Meta Platforms, Inc.",2022-05-11,2022-05-13,2,up,down,0.4722123590510534,0.08476742248716189,0.44302021846178485
"Meta Platforms, Inc.",2022-05-12,2022-05-16,2,up,down,0.4841551683498541,0.08681535362433851,0.4290294780258075
"Meta Platforms, Inc.",2022-05-13,2022-05-17,2,up,down,0.5100831459891123,0.1499151741958592,0.34000167981502855
"Meta Platforms, Inc.",2022-05-16,2022-05-18,2,down,up,0.3726621180318972,0.16582604510721208,0.46151183686089076
"Meta Platforms, Inc.",2022-05-17,2022-05-19,2,down,up,0.407130327200807,0.17128397422531058,0.42158569857388256
"Meta Platforms, Inc.",2022-05-18,2022-05-20,2,down,down,0.448778040878234,0.17800719522445907,0.3732147638973068
"Meta Platforms, Inc.",2022-05-19,2022-05-23,2,up,down,0.45747716633448815,0.14918977516037185,0.3933330585051399
"Meta Platforms, Inc.",2022-05-20,2022-05-24,2,down,up,0.43211988059269935,0.11115966607333448,0.4567204533339663
"Meta Platforms, Inc.",2022-05-23,2022-05-25,2,down,up,0.4227433665991025,0.10537662878975418,0.47188000461114366
"Meta Platforms, Inc.",2022-05-24,2022-05-26,2,up,down,0.6911620333862039,0.051024234968030775,0.2578137316457651
"Meta Platforms, Inc.",2022-05-25,2022-05-27,2,up,down,0.6352128912008157,0.06462915755479585,0.3001579512443881
"Meta Platforms, Inc.",2022-05-26,2022-05-31,2,up,down,0.4920570502453917,0.0755173681929078,0.4324255815617004
"Meta Platforms, Inc.",2022-05-27,2022-06-01,2,down,up,0.4194460920335779,0.11368449503093188,0.4668694129354904
"Meta Platforms, Inc.",2022-05-31,2022-06-02,2,down,up,0.3942056817033177,0.14807417516225296,0.4577201431344296
"Meta Platforms, Inc.",2022-06-01,2022-06-03,2,up,up,0.41033441347349914,0.161578074311965,0.4280875122145361
"Meta Platforms, Inc.",2022-06-02,2022-06-06,2,down,up,0.41324884876348,0.16365347936722657,0.4230976718692937
"Meta Platforms, Inc.",2022-06-03,2022-06-07,2,up,up,0.39958493294584374,0.17387353295700206,0.42654153409715434
"Meta Platforms, Inc.",2022-06-06,2022-06-08,2,up,up,0.39726971637925046,0.17014659484519182,0.43258368877555775
"Meta Platforms, Inc.",2022-06-07,2022-06-09,2,down,up,0.37341269542109773,0.17333550548557916,0.45325179909332325
"Meta Platforms, Inc.",2022-06-08,2022-06-10,2,down,up,0.3805511713627628,0.18995874337679983,0.4294900852604375
"Meta Platforms, Inc.",2022-06-09,2022-06-13,2,down,up,0.4315172001831059,0.09761507358296127,0.4708677262339329
"Meta Platforms, Inc.",2022-06-10,2022-06-14,2,down,down,0.690220930387563,0.02779105434726643,0.28198801526517014
"Meta Platforms, Inc.",2022-06-13,2022-06-15,2,flat,down,0.6600310034406576,0.010465562527136384,0.3295034340322054
"Meta Platforms, Inc.",2022-06-14,2022-06-16,2,down,down,0.6374748576923267,0.005912385730264558,0.3566127565774081
"Meta Platforms, Inc.",2022-06-15,2022-06-17,2,down,down,0.6512648803284925,0.03329239759576889,0.31544272207573815
"Meta Platforms, Inc.",2022-06-16,2022-06-21,2,down,down,0.6717328956253806,0.03789782754035378,0.29036927683426517
"Meta Platforms, Inc.",2022-06-17,2022-06-22,2,down,down,0.5508132436690923,0.039638286756364445,0.409548469574543
"Meta Platforms, Inc.",2022-06-21,2022-06-23,2,down,down,0.5614047660258698,0.0904152503690025,0.3481799836051275
"Meta Platforms, Inc.",2022-06-22,2022-06-24,2,up,down,0.4664951122204392,0.07660525008936457,0.4568996376901964
"Meta Platforms, Inc.",2022-06-23,2022-06-27,2,up,up,0.402647984398042,0.02857648148803003,0.5687755341139282
"Meta Platforms, Inc.",2022-06-24,2022-06-28,2,flat,up,0.46650581718727296,0.044062454512599825,0.4894317283001275
"Meta Platforms, Inc.",2022-06-27,2022-06-29,2,down,up,0.46229954633821907,0.052302677890992084,0.4853977757707891
"Meta Platforms, Inc.",2022-06-28,2022-06-30,2,down,up,0.3758550575279175,0.051472878466787254,0.5726720640052956
"Meta Platforms, Inc.",2022-06-29,2022-07-01,2,down,up,0.276804399791206,0.06418093464776164,0.6590146655610332
"Meta Platforms, Inc.",2022-06-30,2022-07-05,2,up,up,0.2994414582717501,0.08230958012076282,0.6182489616074877
"Meta Platforms, Inc.",2022-07-01,2022-07-06,2,up,up,0.459779510144327,0.07217113398068432,0.4680493558749889
"Meta Platforms, Inc.",2022-07-05,2022-07-07,2,up,down,0.49360212062738207,0.06034701820994792,0.4460508611626702
"Meta Platforms, Inc.",2022-07-06,2022-07-08,2,up,up,0.410259853414561,0.11733919091234153,0.4724009556730979
"Meta Platforms, Inc.",2022-07-07,2022-07-11,2,down,up,0.4259650106052768,0.08352059332521236,0.4905143960695112
"Meta Platforms, Inc.",2022-07-08,2022-07-12,2,down,up,0.3919453442854276,0.0860843025731752,0.5219703531413974
"Meta Platforms, Inc.",2022-07-11,2022-07-13,2,down,up,0.3208920803929467,0.09281902237883907,0.5862888972282145
"Meta Platforms, Inc.",2022-07-12,2022-07-14,2,down,up,0.35063982503875296,0.08131198793682463,0.568048187024423
"Meta Platforms, Inc.",2022-07-13,2022-07-15,2,up,up,0.4250428374660973,0.07359446513235746,0.5013626974015455
"Meta Platforms, Inc.",2022-07-14,2022-07-18,2,up,up,0.38754063826739027,0.06067192388431903,0.5517874378482911
"Meta Platforms, Inc.",2022-07-15,2022-07-19,2,up,down,0.44393314894976155,0.1501882987388378,0.40587855231140074
"Meta Platforms, Inc.",2022-07-18,2022-07-20,2,up,down,0.453049047652505,0.1952549948301663,0.35169595751732835
"Meta Platforms, Inc.",2022-07-19,2022-07-21,2,up,up,0.3754678578861209,0.18702184263051572,0.43751029948336345
"Meta Platforms, Inc.",2022-07-20,2022-07-22,2,down,up,0.38112710588120685,0.18598854534139175,0.43288434877740145
"Meta Platforms, Inc.",2022-07-21,2022-07-25,2,down,up,0.37967364358621475,0.17546942786431485,0.44485692854947045
"Meta Platforms, Inc.",2022-07-22,2022-07-26,2,down,up,0.2870301863184988,0.09967688017895818,0.6132929335025435
"Meta Platforms, Inc.",2022-07-25,2022-07-27,2,down,up,0.3465486786217092,0.11426030053736592,0.5391910208409253
"Meta Platforms, Inc.",2022-07-26,2022-07-28,2,down,up,0.3758981399390685,0.04772545402035275,0.5763764060405792
"Meta Platforms, Inc.",2022-07-27,2022-07-29,2,down,up,0.33444450628842565,0.10370002960086572,0.561855464110709
"Meta Platforms, Inc.",2022-07-28,2022-08-01,2,flat,up,0.4772944366669637,0.04196959589086666,0.4807359674421696
"Meta Platforms, Inc.",2022-07-29,2022-08-02,2,up,up,0.384389972708772,0.05060454178681443,0.5650054855044138
"Meta Platforms, Inc.",2022-08-01,2022-08-03,2,up,up,0.43501911911351665,0.0518444700367101,0.5131364108497735
"Meta Platforms, Inc.",2022-08-02,2022-08-04,2,up,up,0.40140824485579507,0.08344429131213695,0.5151474638320682
"Meta Platforms, Inc.",2022-08-03,2022-08-05,2,up,down,0.45580988491506774,0.10825499892031482,0.43593511616461766
"Meta Platforms, Inc.",2022-08-04,2022-08-08,2,up,up,0.3654257783467088,0.11794410474771581,0.5166301169055757
"Meta Platforms, Inc.",2022-08-05,2022-08-09,2,up,up,0.36598167865247483,0.06053622892845669,0.5734820924190689
"Meta Platforms, Inc.",2022-08-08,2022-08-10,2,up,up,0.3413252556719841,0.13895351775743803,0.5197212265705785
"Meta Platforms, Inc.",2022-08-09,2022-08-11,2,up,up,0.2813305242217002,0.11859534229293996,0.6000741334853604
"Meta Platforms, Inc.",2022-08-10,2022-08-12,2,up,up,0.3197839350172643,0.22373889843517603,0.4564771665475599
"Meta Platforms, Inc.",2022-08-11,2022-08-15,2,up,up,0.31397605165097475,0.12367180415614618,0.5623521441928796
"Meta Platforms, Inc.",2022-08-12,2022-08-16,2,down,up,0.37887242692743334,0.13280471739903185,0.488322855673535
"Meta Platforms, Inc.",2022-08-15,2022-08-17,2,down,up,0.21369599944199502,0.09423034306663679,0.6920736574913687
"Meta Platforms, Inc.",2022-08-16,2022-08-18,2,down,up,0.2294673946811939,0.10296458220606096,0.6675680231127457
"Meta Platforms, Inc.",2022-08-17,2022-08-19,2,down,up,0.3059824268562999,0.0918591301873334,0.6021584429563673
"Meta Platforms, Inc.",2022-08-18,2022-08-22,2,down,up,0.3436941805198057,0.04433336960415802,0.6119724498760367
"Meta Platforms, Inc.",2022-08-19,2022-08-23,2,down,up,0.3138220295444403,0.045586971938241676,0.6405909985173187
"Meta Platforms, Inc.",2022-08-22,2022-08-24,2,down,up,0.3620633711342675,0.022141414281193036,0.61579521458454
"Meta Platforms, Inc.",2022-08-23,2022-08-25,2,up,up,0.28291282026519865,0.01239147531731191,0.7046957044174902
"Meta Platforms, Inc.",2022-08-24,2022-08-26,2,up,up,0.28762030642076775,0.038782376937508765,0.673597316641724
"Meta Platforms, Inc.",2022-08-25,2022-08-29,2,down,up,0.36273257786437874,0.08213897355256605,0.5551284485830555
"Meta Platforms, Inc.",2022-08-26,2022-08-30,2,down,up,0.342084257159208,0.091082086086298,0.5668336567544946
"Meta Platforms, Inc.",2022-08-29,2022-08-31,2,up,up,0.37399292017526525,0.06072223027581644,0.5652848495489189
"Meta Platforms, Inc.",2022-08-30,2022-09-01,2,up,up,0.38165635743512416,0.058601952627015355,0.559741689937861
"Meta Platforms, Inc.",2022-08-31,2022-09-02,2,down,up,0.41656518627920536,0.13358467516870431,0.4498501385520904
"Meta Platforms, Inc.",2022-09-01,2022-09-06,2,down,up,0.3515575707456622,0.12151130934580592,0.5269311199085325
"Meta Platforms, Inc.",2022-09-02,2022-09-07,2,down,up,0.39324451024726464,0.09949072801142408,0.5072647617413116
"Meta Platforms, Inc.",2022-09-06,2022-09-08,2,up,up,0.3639250616263891,0.07836649502134925,0.5577084433522622
"Meta Platforms, Inc.",2022-09-07,2022-09-09,2,up,up,0.3828043547539401,0.093650335364721,0.5235453098813394
"Meta Platforms, Inc.",2022-09-08,2022-09-12,2,up,up,0.4606043845873912,0.05024666073234667,0.4891489546802623
"Meta Platforms, Inc.",2022-09-09,2022-09-13,2,down,up,0.4010309130242693,0.1538563054740343,0.4451127815016966
"Meta Platforms, Inc.",2022-09-12,2022-09-14,2,down,up,0.4016486590406686,0.1767956237294956,0.42155571722983587
"Meta Platforms, Inc.",2022-09-13,2022-09-15,2,down,up,0.44410912122425117,0.06738399089660181,0.4885068878791472
"Meta Platforms, Inc.",2022-09-14,2022-09-16,2,down,up,0.36496884452021144,0.04258120022703655,0.5924499552527525
"Meta Platforms, Inc.",2022-09-15,2022-09-19,2,down,up,0.3435556268334326,0.04465859741668756,0.6117857757498804
"Meta Platforms, Inc.",2022-09-16,2022-09-20,2,down,up,0.3402657541662819,0.008442657188382347,0.6512915886453362
"Meta Platforms, Inc.",2022-09-19,2022-09-21,2,down,up,0.35360652762162764,0.02471212207258441,0.6216813503057884
"Meta Platforms, Inc.",2022-09-20,2022-09-22,2,down,up,0.34320534440909733,0.026889075127335647,0.6299055804635674
"Meta Platforms, Inc.",2022-09-21,2022-09-23,2,down,up,0.42760166968095,0.041084295184708894,0.5313140351343413
"Meta Platforms, Inc.",2022-09-22,2022-09-26,2,down,up,0.35897212385852323,0.006605158045561627,0.6344227180959157
"Meta Platforms, Inc.",2022-09-23,2022-09-27,2,down,up,0.32718535273303045,0.04281023425710354,0.6300044130098664
"Meta Platforms, Inc.",2022-09-26,2022-09-28,2,down,up,0.24907611919361058,0.018197445695194134,0.7327264351111957
"Meta Platforms, Inc.",2022-09-27,2022-09-29,2,up,up,0.1761197564343662,0.012614558815557272,0.811265684750077
"Meta Platforms, Inc.",2022-09-28,2022-09-30,2,down,up,0.4070048176392645,0.0527729396499843,0.5402222427107517
"Meta Platforms, Inc.",2022-09-29,2022-10-03,2,flat,up,0.34612883915878156,0.019205516611105204,0.6346656442301137
"Meta Platforms, Inc.",2022-09-30,2022-10-04,2,up,up,0.3453603539251462,0.021179502009956264,0.6334601440648981
"Meta Platforms, Inc.",2022-10-03,2022-10-05,2,flat,up,0.23894794978392347,0.008752571227701953,0.7522994789883752
"Meta Platforms, Inc.",2022-10-04,2022-10-06,2,down,up,0.2540920066128633,0.02339001778140786,0.7225179756057298
"Meta Platforms, Inc.",2022-10-05,2022-10-07,2,down,up,0.2858589557702892,0.03187645174947455,0.6822645924802369
"Meta Platforms, Inc.",2022-10-06,2022-10-10,2,down,up,0.21303102480774835,0.013144320518228437,0.7738246546740238
"Meta Platforms, Inc.",2022-10-07,2022-10-11,2,down,up,0.34483555098250973,0.03463149557515269,0.6205329534423382
"Meta Platforms, Inc.",2022-10-10,2022-10-12,2,down,up,0.36981944126257393,0.06991771813784713,0.5602628405995792
"Meta Platforms, Inc.",2022-10-11,2022-10-13,2,down,up,0.29577222979949025,0.02213087909794326,0.682096891102567
"Meta Platforms, Inc.",2022-10-12,2022-10-14,2,up,up,0.2434627769393084,0.021537907290855092,0.7349993157698371
"Meta Platforms, Inc.",2022-10-13,2022-10-17,2,up,up,0.21001933607201387,0.025916063422806196,0.7640646005051802
"Meta Platforms, Inc.",2022-10-14,2022-10-18,2,up,up,0.3686768526961021,0.0900059280322302,0.5413172192716682
"Meta Platforms, Inc.",2022-10-17,2022-10-19,2,up,up,0.3062391057771378,0.05379461241083061,0.6399662818120324
"Meta Platforms, Inc.",2022-10-18,2022-10-20,2,down,up,0.3825901356855315,0.043080369041928135,0.5743294952725406
"Meta Platforms, Inc.",2022-10-19,2022-10-21,2,down,up,0.3591832052909868,0.0205421045537815,0.620274690155232
"Meta Platforms, Inc.",2022-10-20,2022-10-24,2,down,up,0.2936927605949497,0.03703684614471123,0.6692703932603393
"Meta Platforms, Inc.",2022-10-21,2022-10-25,2,up,up,0.3377185008743298,0.05361604912607673,0.6086654499995939
"Meta Platforms, Inc.",2022-10-24,2022-10-26,2,up,up,0.35656297090841166,0.07188788297234994,0.5715491461192389
"Meta Platforms, Inc.",2022-10-25,2022-10-27,2,down,up,0.29194789754491707,0.07290824704915902,0.6351438554059246
"Meta Platforms, Inc.",2022-10-26,2022-10-28,2,down,up,0.35152087519001846,0.03862755759355374,0.6098515672164282
"Meta Platforms, Inc.",2022-10-27,2022-10-31,2,down,up,0.27258358920215825,0.11356062592855555,0.613855784869287
"Meta Platforms, Inc.",2022-10-28,2022-11-01,2,down,up,0.25637667590416935,0.1222642475836984,0.6213590765121331
"Meta Platforms, Inc.",2022-10-31,2022-11-02,2,down,up,0.23450523614262717,0.1093081112976747,0.656186652559699
"Meta Platforms, Inc.",2022-11-01,2022-11-03,2,down,up,0.18928915744089803,0.11600915775780841,0.6947016848012944
"Meta Platforms, Inc.",2022-11-02,2022-11-04,2,down,up,0.20459935718916974,0.11883336014814921,0.6765672826626816
"Meta Platforms, Inc.",2022-11-03,2022-11-07,2,up,up,0.21896715966817337,0.11617930305766688,0.6648535372741604
"Meta Platforms, Inc.",2022-11-04,2022-11-08,2,up,up,0.21211188105935316,0.10345579175318237,0.6844323271874648
"Meta Platforms, Inc.",2022-11-07,2022-11-09,2,up,up,0.280710255154726,0.11932921365984127,0.5999605311854335
"Meta Platforms, Inc.",2022-11-08,2022-11-10,2,up,up,0.28935236283599736,0.1075842438108761,0.6030633933531273
"Meta Platforms, Inc.",2022-11-09,2022-11-11,2,up,up,0.38048166932013144,0.10662714843815033,0.5128911822417185
"Meta Platforms, Inc.",2022-11-10,2022-11-14,2,up,up,0.38525458149238473,0.11743423921020846,0.49731117929740704
"Meta Platforms, Inc.",2022-11-11,2022-11-15,2,up,up,0.40828523021868085,0.11563133583901868,0.4760834339423006
"Meta Platforms, Inc.",2022-11-14,2022-11-16,2,up,up,0.4329742614120381,0.09721085582569755,0.4698148827622644
"Meta Platforms, Inc.",2022-11-15,2022-11-17,2,down,up,0.43920764741809976,0.08271073418277199,0.4780816183991282
"Meta Platforms, Inc.",2022-11-16,2022-11-18,2,down,down,0.47929003786731994,0.09806574278733081,0.42264421934534907
"Meta Platforms, Inc.",2022-11-17,2022-11-21,2,down,up,0.4325260476604617,0.11784601102274418,0.44962794131679423
"Meta Platforms, Inc.",2022-11-18,2022-11-22,2,down,up,0.3532501157052662,0.1311732849216977,0.5155765993730367
"Meta Platforms, Inc.",2022-11-21,2022-11-23,2,up,up,0.37920251423545,0.13210919424029866,0.4886882915242519
"Meta Platforms, Inc.",2022-11-22,2022-11-25,2,up,up,0.34542360607902256,0.07740185481371928,0.5771745391072585
"Meta Platforms, Inc.",2022-11-23,2022-11-28,2,down,up,0.29156269447678296,0.1006972829001204,0.6077400226230972
"Meta Platforms, Inc.",2022-11-25,2022-11-29,2,down,up,0.32948429948581165,0.11094317308647492,0.5595725274277139
"Meta Platforms, Inc.",2022-11-28,2022-11-30,2,up,up,0.37061380709644326,0.10740594851373107,0.521980244389826
"Meta Platforms, Inc.",2022-11-29,2022-12-01,2,up,up,0.3546139634638946,0.10542210584089241,0.5399639306952132
"Meta Platforms, Inc.",2022-11-30,2022-12-02,2,up,up,0.3169854045373431,0.13928503850647755,0.5437295569561796
"Meta Platforms, Inc.",2022-12-01,2022-12-05,2,up,up,0.42448952980716326,0.11485652646247044,0.4606539437303666
"Meta Platforms, Inc.",2022-12-02,2022-12-06,2,down,up,0.36851696317519544,0.09326213715088842,0.5382208996739165
"Meta Platforms, Inc.",2022-12-05,2022-12-07,2,down,up,0.4286322486755716,0.09861579370202023,0.4727519576224084
"Meta Platforms, Inc.",2022-12-06,2022-12-08,2,down,up,0.4083698593234555,0.12255438234123656,0.4690757583353081
"Meta Platforms, Inc.",2022-12-07,2022-12-09,2,up,up,0.4199677116994524,0.1378441292732172,0.44218815902733044
"Meta Platforms, Inc.",2022-12-08,2022-12-12,2,down,up,0.32513371269636265,0.08297047237946717,0.5918958149241704
"Meta Platforms, Inc.",2022-12-09,2022-12-13,2,up,up,0.3281374137091237,0.09050669083816391,0.5813558954527128
"Meta Platforms, Inc.",2022-12-12,2022-12-14,2,up,up,0.2682700500888541,0.08801249213406505,0.6437174577770816
"Meta Platforms, Inc.",2022-12-13,2022-12-15,2,down,up,0.40460505641924954,0.1835540472971993,0.4118408962835511
"Meta Platforms, Inc.",2022-12-14,2022-12-16,2,down,up,0.3261263436088038,0.10295455176187128,0.5709191046293256
"Meta Platforms, Inc.",2022-12-15,2022-12-19,2,down,up,0.33767391716981265,0.13642026546547006,0.5259058173647176
"Meta Platforms, Inc.",2022-12-16,2022-12-20,2,down,up,0.3128163643204817,0.18379115865101675,0.5033924770285019
"Meta Platforms, Inc.",2022-12-19,2022-12-21,2,up,up,0.3817254674139579,0.1372595464144066,0.4810149861716358
"Meta Platforms, Inc.",2022-12-20,2022-12-22,2,up,up,0.3215581535395509,0.11378959056411224,0.5646522558963372
"Meta Platforms, Inc.",2022-12-21,2022-12-23,2,down,up,0.2590260747084995,0.18096444103058323,0.5600094842609177
"Meta Platforms, Inc.",2022-12-22,2022-12-27,2,up,up,0.2778107601514048,0.13085944737110125,0.5913297924774945
"Meta Platforms, Inc.",2022-12-23,2022-12-28,2,down,up,0.2809451596067179,0.1077193854158762,0.6113354549774066
"Meta Platforms, Inc.",2022-12-27,2022-12-29,2,up,up,0.2773183492388793,0.10815224183899783,0.6145294089221235
"Meta Platforms, Inc.",2022-12-28,2022-12-30,2,up,up,0.23664168583457365,0.12724825415145374,0.6361100600139731
"Meta Platforms, Inc.",2022-12-29,2023-01-03,2,up,up,0.2202568789310957,0.12620785240943208,0.6535352686594729
"Meta Platforms, Inc.",2022-12-30,2023-01-04,2,up,up,0.21808671086979184,0.13528404502137878,0.6466292441088296
"Meta Platforms, Inc.",2023-01-03,2023-01-05,2,up,up,0.37157231377765443,0.19802105580358315,0.4304066304187627
"Meta Platforms, Inc.",2023-01-04,2023-01-06,2,up,up,0.3884609042523373,0.18863914586718014,0.42289994988048263
"Meta Platforms, Inc.",2023-01-05,2023-01-09,2,up,up,0.37230257748096157,0.12087481937960463,0.5068226031394343
"Meta Platforms, Inc.",2023-01-06,2023-01-10,2,up,up,0.3733674315371842,0.21216422371099422,0.4144683447518215
"Meta Platforms, Inc.",2023-01-09,2023-01-11,2,up,up,0.38517529300719433,0.21419310138078543,0.4006316056120203
"Meta Platforms, Inc.",2023-01-10,2023-01-12,2,up,up,0.4018145701785986,0.1502206368972648,0.4479647929241366
"Meta Platforms, Inc.",2023-01-11,2023-01-13,2,up,down,0.400645064585453,0.234536576281119,0.36481835913342797
"Meta Platforms, Inc.",2023-01-12,2023-01-17,2,up,down,0.4415106366971613,0.16775305635933158,0.39073630694350714
"Meta Platforms, Inc.",2023-01-13,2023-01-18,2,down,down,0.4637021993771729,0.15344476159111126,0.3828530390317158
"Meta Platforms, Inc.",2023-01-17,2023-01-19,2,down,down,0.4831486956899369,0.1357648561901595,0.38108644811990366
"Meta Platforms, Inc.",2023-01-18,2023-01-20,2,up,down,0.45491123378694326,0.12158522198119251,0.42350354423186426
"Meta Platforms, Inc.",2023-01-19,2023-01-23,2,up,down,0.4303998432858455,0.14172547137930416,0.4278746853348505
"Meta Platforms, Inc.",2023-01-20,2023-01-24,2,up,down,0.4624319359505003,0.157501102759754,0.38006696128974576
"Meta Platforms, Inc.",2023-01-23,2023-01-25,2,up,down,0.4771755421292682,0.19107743166409485,0.3317470262066368
"Meta Platforms, Inc.",2023-01-24,2023-01-26,2,up,down,0.46248145694494514,0.1744436431506772,0.3630748999043778
"Meta Platforms, Inc.",2023-01-25,2023-01-27,2,up,up,0.4075421781734839,0.17336082981000075,0.4190969920165156
"Meta Platforms, Inc.",2023-01-26,2023-01-30,2,up,down,0.4449573915823597,0.2088283829347179,0.34621422548292247
"Meta Platforms, Inc.",2023-01-27,2023-01-31,2,down,down,0.46493754652032543,0.2229489160444919,0.31211353743518266
"Meta Platforms, Inc.",2023-01-30,2023-02-01,2,up,down,0.4443157107029754,0.1560162110659431,0.39966807823108175
"Meta Platforms, Inc.",2023-01-31,2023-02-02,2,up,down,0.506530755015361,0.13966437627399858,0.3538048687106404
"Meta Platforms, Inc.",2023-02-01,2023-02-03,2,up,down,0.5748910965723899,0.08883407967596943,0.3362748237516403
"Meta Platforms, Inc.",2023-02-02,2023-02-06,2,flat,down,0.43741222956214415,0.293076685697606,0.2695110847402499
"Meta Platforms, Inc.",2023-02-03,2023-02-07,2,up,down,0.4681730414298598,0.1848082935586265,0.3470186650115139
"Meta Platforms, Inc.",2023-02-06,2023-02-08,2,down,down,0.47695649186778843,0.19016520445543109,0.33287830367678045
"Meta Platforms, Inc.",2023-02-07,2023-02-09,2,down,down,0.5934369190345758,0.14565160743401986,0.2609114735314037
"Meta Platforms, Inc.",2023-02-08,2023-02-10,2,down,down,0.5003287233257121,0.1757293193936041,0.3239419572806836
"Meta Platforms, Inc.",2023-02-09,2023-02-13,2,down,down,0.4659835433723294,0.12465302835557619,0.4093634282720943
"Meta Platforms, Inc.",2023-02-10,2023-02-14,2,up,up,0.42628171528717806,0.14044602514349888,0.43327225956932325
"Meta Platforms, Inc.",2023-02-13,2023-02-15,2,down,up,0.4033707391301109,0.1391394942303866,0.45748976663950286
"Meta Platforms, Inc.",2023-02-14,2023-02-16,2,down,down,0.43886547386435604,0.1264744473620993,0.4346600787735448
"Meta Platforms, Inc.",2023-02-15,2023-02-17,2,down,down,0.45660089968175727,0.12995509035021166,0.4134440099680313
"Meta Platforms, Inc.",2023-02-16,2023-02-21,2,up,up,0.42145884968299024,0.14726291148925172,0.43127823882775845
"Meta Platforms, Inc.",2023-02-17,2023-02-22,2,flat,up,0.39700846805449475,0.11250246719638637,0.49048906474911924
"Meta Platforms, Inc.",2023-02-21,2023-02-23,2,down,up,0.4254795739117608,0.13583848023189485,0.4386819458563448
"Meta Platforms, Inc.",2023-02-22,2023-02-24,2,down,up,0.4284786092347101,0.11389181538330417,0.457629575381986
"Meta Platforms, Inc.",2023-02-23,2023-02-27,2,down,down,0.5080846993798476,0.061857943753115326,0.4300573568670367
"Meta Platforms, Inc.",2023-02-24,2023-02-28,2,up,up,0.4353807871509991,0.09114810397177629,0.4734711088772251
"Meta Platforms, Inc.",2023-02-27,2023-03-01,2,up,up,0.4389366480036045,0.09273593788736118,0.46832741410903445
"Meta Platforms, Inc.",2023-02-28,2023-03-02,2,down,up,0.43704272339751155,0.07669106408910822,0.4862662125133802
"Meta Platforms, Inc.",2023-03-01,2023-03-03,2,up,up,0.444465682247497,0.09025007564023112,0.465284242112272
"Meta Platforms, Inc.",2023-03-02,2023-03-06,2,up,up,0.43470234416103687,0.1248830072752691,0.4404146485636942
"Meta Platforms, Inc.",2023-03-03,2023-03-07,2,up,down,0.4831727191302996,0.11207346061538265,0.4047538202543177
"Meta Platforms, Inc.",2023-03-06,2023-03-08,2,down,down,0.5443735781827972,0.1402470853354202,0.31537933648178224
"Meta Platforms, Inc.",2023-03-07,2023-03-09,2,down,down,0.5223363213753148,0.14018732460282507,0.33747635402185977
"Meta Platforms, Inc.",2023-03-08,2023-03-10,2,down,down,0.47071811966727006,0.14005978409171602,0.38922209624101356
"Meta Platforms, Inc.",2023-03-09,2023-03-13,2,down,down,0.5173908796651335,0.12100967661068614,0.3615994437241803
"Meta Platforms, Inc.",2023-03-10,2023-03-14,2,up,down,0.4703257128962419,0.1431518133134665,0.38652247379029137
"Meta Platforms, Inc.",2023-03-13,2023-03-15,2,up,down,0.5491266001349824,0.06433354119055078,0.38653985867446655
"Meta Platforms, Inc.",2023-03-14,2023-03-16,2,up,up,0.4355433790721211,0.12009788303359947,0.44435873789427965
"Meta Platforms, Inc.",2023-03-15,2023-03-17,2,up,up,0.4082871074924593,0.0877148328548733,0.5039980596526678
"Meta Platforms, Inc.",2023-03-16,2023-03-20,2,down,up,0.3949462933815325,0.10465132549985974,0.5004023811186085
"Meta Platforms, Inc.",2023-03-17,2023-03-21,2,up,up,0.3536258521731738,0.07242919444506699,0.5739449533817599
"Meta Platforms, Inc.",2023-03-20,2023-03-22,2,up,up,0.31968736086526783,0.1206042027668918,0.5597084363678414
"Meta Platforms, Inc.",2023-03-21,2023-03-23,2,up,up,0.34829862794153726,0.12676562689165666,0.5249357451668066
"Meta Platforms, Inc.",2023-03-22,2023-03-24,2,up,up,0.4048813863877829,0.1602178439016805,0.43490076971053687
"Meta Platforms, Inc.",2023-03-23,2023-03-27,2,down,up,0.3626196655778155,0.12590432354129674,0.511476010880888
"Meta Platforms, Inc.",2023-03-24,2023-03-28,2,down,down,0.4649183891781341,0.1732565043623446,0.3618251064595215
"Meta Platforms, Inc.",2023-03-27,2023-03-29,2,up,down,0.48358398508754197,0.06994293018469114,0.44647308472776687
"Meta Platforms, Inc.",2023-03-28,2023-03-30,2,up,up,0.32602206734611905,0.08479991866344241,0.5891780139904391
"Meta Platforms, Inc.",2023-03-29,2023-03-31,2,up,up,0.30545739933464133,0.09853341474525715,0.5960091859201019
"Meta Platforms, Inc.",2023-03-30,2023-04-03,2,up,up,0.3580645133506322,0.07672794631034491,0.5652075403390232
"Meta Platforms, Inc.",2023-03-31,2023-04-04,2,up,up,0.3547969390024165,0.08180978277288847,0.5633932782246953
"Meta Platforms, Inc.",2023-04-03,2023-04-05,2,up,down,0.4223834105967915,0.16082924412148672,0.416787345281722
"Meta Platforms, Inc.",2023-04-04,2023-04-06,2,down,up,0.3822447915208291,0.14083337819670402,0.47692183028246715
"Meta Platforms, Inc.",2023-04-05,2023-04-10,2,up,down,0.501169640203216,0.10241700878598126,0.3964133510108025
"Meta Platforms, Inc.",2023-04-06,2023-04-11,2,up,down,0.4877425219121064,0.09614050454338655,0.4161169735445071
"Meta Platforms, Inc.",2023-04-10,2023-04-12,2,up,up,0.4326060251095011,0.09784040425434483,0.46955357063615416
"Meta Platforms, Inc.",2023-04-11,2023-04-13,2,up,down,0.4740583753966739,0.08246026733432395,0.44348135726900223
"Meta Platforms, Inc.",2023-04-12,2023-04-14,2,up,down,0.4895359242945623,0.053914566601612215,0.4565495091038257
"Meta Platforms, Inc.",2023-04-13,2023-04-17,2,up,down,0.45603716789742743,0.10074867120492853,0.44321416089764426
"Meta Platforms, Inc.",2023-04-14,2023-04-18,2,down,down,0.49702676389613537,0.12037330740413649,0.38259992869972836
"Meta Platforms, Inc.",2023-04-17,2023-04-19,2,down,down,0.5124174473205201,0.07709168415113535,0.4104908685283447
"Meta Platforms, Inc.",2023-04-18,2023-04-20,2,down,down,0.5681206748234832,0.06248497302820741,0.3693943521483093
"Meta Platforms, Inc.",2023-04-19,2023-04-21,2,down,down,0.5033204772174547,0.0418661468319983,0.4548133759505471
"Meta Platforms, Inc.",2023-04-20,2023-04-24,2,down,up,0.4680461731143986,0.02701785519908576,0.5049359716865157
"Meta Platforms, Inc.",2023-04-21,2023-04-25,2,down,down,0.48982295578613216,0.04608644002130401,0.46409060419256387
"Meta Platforms, Inc.",2023-04-24,2023-04-26,2,down,down,0.5216019495244746,0.06353912071305824,0.4148589297624671
"Meta Platforms, Inc.",2023-04-25,2023-04-27,2,up,down,0.49111140178818485,0.07233237573268188,0.4365562224791333
"Meta Platforms, Inc.",2023-04-26,2023-04-28,2,up,up,0.4330137295129341,0.0753770439976824,0.49160922648938343
"Meta Platforms, Inc.",2023-04-27,2023-05-01,2,up,up,0.399115594331743,0.20169130685037356,0.3991930988178835
"Meta Platforms, Inc.",2023-04-28,2023-05-02,2,up,down,0.4608328963316818,0.10460012101954767,0.43456698264877053
"Meta Platforms, Inc.",2023-05-01,2023-05-03,2,down,down,0.4313086057994064,0.18098424981984398,0.38770714438074977
"Meta Platforms, Inc.",2023-05-02,2023-05-04,2,down,down,0.4714350294951777,0.17142518495188103,0.3571397855529412
"Meta Platforms, Inc.",2023-05-03,2023-05-05,2,down,down,0.5354401921614252,0.08115273697129836,0.3834070708672759
"Meta Platforms, Inc.",2023-05-04,2023-05-08,2,down,up,0.38108428701873315,0.055224038303455104,0.5636916746778123
"Meta Platforms, Inc.",2023-05-05,2023-05-09,2,up,up,0.2646880101308404,0.045499473981716214,0.689812515887444
"Meta Platforms, Inc.",2023-05-08,2023-05-10,2,up,up,0.33001417057719273,0.0708579654603778,0.5991278639624299
"Meta Platforms, Inc.",2023-05-09,2023-05-11,2,up,up,0.3565156602321772,0.09441390098749065,0.5490704387803326
"Meta Platforms, Inc.",2023-05-10,2023-05-12,2,up,up,0.3425486207722458,0.07452005291237829,0.5829313263153759
"Meta Platforms, Inc.",2023-05-11,2023-05-15,2,up,up,0.360530022993432,0.0661546304200599,0.5733153465865084
"Meta Platforms, Inc.",2023-05-12,2023-05-16,2,up,up,0.36292074614679287,0.05874200023950874,0.5783372536136987
"Meta Platforms, Inc.",2023-05-15,2023-05-17,2,up,down,0.47111674969683925,0.08006418816538367,0.4488190621377771
"Meta Platforms, Inc.",2023-05-16,2023-05-18,2,up,up,0.4649192635048046,0.04579028389628664,0.4892904525989088
"Meta Platforms, Inc.",2023-05-17,2023-05-19,2,up,down,0.5293248377570626,0.08645599359184493,0.38421916865109246
"Meta Platforms, Inc.",2023-05-18,2023-05-22,2,up,down,0.4794474730478543,0.13808610256230236,0.3824664243898435
"Meta Platforms, Inc.",2023-05-19,2023-05-23,2,up,down,0.42588271035401787,0.19479454271147376,0.3793227469345084
"Meta Platforms, Inc.",2023-05-22,2023-05-24,2,down,down,0.4107866941260188,0.21781811178215016,0.37139519409183097
"Meta Platforms, Inc.",2023-05-23,2023-05-25,2,up,down,0.4331912777484667,0.15817168743859672,0.4086370348129367
"Meta Platforms, Inc.",2023-05-24,2023-05-26,2,up,down,0.4635467331872423,0.10181523223839074,0.43463803457436706
"Meta Platforms, Inc.",2023-05-25,2023-05-30,2,up,down,0.47858010691798425,0.19553748049153163,0.3258824125904842
"Meta Platforms, Inc.",2023-05-26,2023-05-31,2,up,down,0.4658265890708887,0.2127204871175943,0.3214529238115169
"Meta Platforms, Inc.",2023-05-30,2023-06-01,2,up,down,0.4731878844157393,0.196881194512198,0.3299309210720627
"Meta Platforms, Inc.",2023-05-31,2023-06-02,2,up,down,0.4923226976736255,0.12317928383385826,0.38449801849251614
"Meta Platforms, Inc.",2023-06-01,2023-06-05,2,up,down,0.4859622383141531,0.2002815937347447,0.31375616795110195
"Meta Platforms, Inc.",2023-06-02,2023-06-06,2,down,down,0.4961242321432551,0.21292347852652818,0.2909522893302165
"Meta Platforms, Inc.",2023-06-05,2023-06-07,2,down,down,0.5077372991817337,0.182053485912509,0.3102092149057572
"Meta Platforms, Inc.",2023-06-06,2023-06-08,2,down,down,0.5264427658726377,0.15459925369212996,0.31895798043523227
"Meta Platforms, Inc.",2023-06-07,2023-06-09,2,down,down,0.5129055859349871,0.07406427401704133,0.41303014004797134
"Meta Platforms, Inc.",2023-06-08,2023-06-12,2,up,up,0.4156582826729476,0.0636026295855921,0.5207390877414606
"Meta Platforms, Inc.",2023-06-09,2023-06-13,2,up,up,0.4524227436951766,0.0823991085253975,0.4651781477794259
"Meta Platforms, Inc.",2023-06-12,2023-06-14,2,up,up,0.46641839943942237,0.060829358839076135,0.47275224172150154
"Meta Platforms, Inc.",2023-06-13,2023-06-15,2,up,down,0.5026998820048305,0.04175703059685418,0.45554308739831517
"Meta Platforms, Inc.",2023-06-14,2023-06-16,2,up,down,0.5313395826568301,0.028421516799888837,0.44023890054328096
"Meta Platforms, Inc.",2023-06-15,2023-06-20,2,up,up,0.41682102420300665,0.12339719681874073,0.4597817789782528
"Meta Platforms, Inc.",2023-06-16,2023-06-21,2,down,down,0.47161631024831263,0.0916142093442529,0.4367694804074344
"Meta Platforms, Inc.",2023-06-20,2023-06-22,2,up,down,0.5390368071483004,0.04898822435045459,0.4119749685012446
"Meta Platforms, Inc.",2023-06-21,2023-06-23,2,up,down,0.5867874215115949,0.034353397457261486,0.37885918103114313
"Meta Platforms, Inc.",2023-06-22,2023-06-26,2,up,down,0.5664691029574934,0.04515371628831742,0.38837718075418887
"Meta Platforms, Inc.",2023-06-23,2023-06-27,2,flat,down,0.5984708192900431,0.030983486691284527,0.37054569401867193
"Meta Platforms, Inc.",2023-06-26,2023-06-28,2,up,down,0.63254474312193,0.01117393180398239,0.356281325074087
"Meta Platforms, Inc.",2023-06-27,2023-06-29,2,down,down,0.5740731927254078,0.03386417771286966,0.39206262956172216
"Meta Platforms, Inc.",2023-06-28,2023-06-30,2,flat,down,0.5954403266674972,0.04429296608082986,0.36026670725167237
"Meta Platforms, Inc.",2023-06-29,2023-07-03,2,up,down,0.5905094490090543,0.050280873699872206,0.35920967729107306
"Meta Platforms, Inc.",2023-06-30,2023-07-05,2,up,down,0.5657257433343118,0.048947797946876676,0.3853264587188112
"Meta Platforms, Inc.",2023-07-03,2023-07-06,2,up,down,0.5654269951560146,0.053096599468516796,0.3814764053754683
"Meta Platforms, Inc.",2023-07-05,2023-07-07,2,flat,down,0.475218307348698,0.07353762217308236,0.45124407047821985
"Meta Platforms, Inc.",2023-07-06,2023-07-10,2,down,down,0.48708681635447976,0.054470052534118144,0.45844313111140234
"Meta Platforms, Inc.",2023-07-07,2023-07-11,2,up,down,0.5593005148759436,0.03128363722032456,0.4094158479037314
"Meta Platforms, Inc.",2023-07-10,2023-07-12,2,up,down,0.49877233599937765,0.05151413689581079,0.44971352710481133
"Meta Platforms, Inc.",2023-07-11,2023-07-13,2,up,down,0.5141161570950878,0.06730079372805908,0.4185830491768529
"Meta Platforms, Inc.",2023-07-12,2023-07-14,2,up,down,0.5133156071602519,0.16081405539275065,0.3258703374469972
"Meta Platforms, Inc.",2023-07-13,2023-07-17,2,down,down,0.54488877218308,0.11372556207720758,0.34138566573971213
"Meta Platforms, Inc.",2023-07-14,2023-07-18,2,flat,down,0.7075525531668737,0.03880005261765346,0.253647394215472
"Meta Platforms, Inc.",2023-07-17,2023-07-19,2,up,down,0.7563939154613984,0.048125610253857476,0.1954804742847437
"Meta Platforms, Inc.",2023-07-18,2023-07-20,2,down,down,0.7276021195438145,0.07347021153590248,0.19892766892028269
"Meta Platforms, Inc.",2023-07-19,2023-07-21,2,down,down,0.6972262573413441,0.063561153741999,0.23921258891665662
"Meta Platforms, Inc.",2023-07-20,2023-07-24,2,down,down,0.6944143114543913,0.040288371310504945,0.26529731723510336
"Meta Platforms, Inc.",2023-07-21,2023-07-25,2,down,down,0.5842056737678314,0.10723212137403529,0.30856220485813346
"Meta Platforms, Inc.",2023-07-24,2023-07-26,2,up,down,0.4880537362829854,0.1347437048225247,0.3772025588944897
"Meta Platforms, Inc.",2023-07-25,2023-07-27,2,up,down,0.47055963334443573,0.11593402039542061,0.41350634626014376
"Meta Platforms, Inc.",2023-07-26,2023-07-28,2,up,down,0.46686394126946057,0.10885123323500567,0.4242848254955339
"Meta Platforms, Inc.",2023-07-27,2023-07-31,2,up,down,0.4681044771274881,0.1005922067117549,0.4313033161607571
"Meta Platforms, Inc.",2023-07-28,2023-08-01,2,down,down,0.5111206120238255,0.06458098526228633,0.42429840271388825
"Meta Platforms, Inc.",2023-07-31,2023-08-02,2,down,down,0.5334620003990121,0.07074260699791235,0.39579539260307534
"Meta Platforms, Inc.",2023-08-01,2023-08-03,2,down,down,0.6445903669742288,0.04693058581084557,0.30847904721492503
"Meta Platforms, Inc.",2023-08-02,2023-08-04,2,down,down,0.5982249291305178,0.05603915316892802,0.34573591770055356
"Meta Platforms, Inc.",2023-08-03,2023-08-07,2,up,down,0.5566126109175482,0.0847475263823495,0.35863986270010195
"Meta Platforms, Inc.",2023-08-04,2023-08-08,2,flat,down,0.597635153198725,0.10316240163876135,0.2992024451625136
"Meta Platforms, Inc.",2023-08-07,2023-08-09,2,down,down,0.6232850986074768,0.0819700908508698,0.2947448105416532
"Meta Platforms, Inc.",2023-08-08,2023-08-10,2,down,down,0.558541512139102,0.0899846860615547,0.351473801799343
"Meta Platforms, Inc.",2023-08-09,2023-08-11,2,down,down,0.5092977669089888,0.08004306983388297,0.410659163257128
"Meta Platforms, Inc.",2023-08-10,2023-08-14,2,down,up,0.4336250706028278,0.09787877139552097,0.46849615800165145
"Meta Platforms, Inc.",2023-08-11,2023-08-15,2,up,up,0.3567421871442107,0.04348237284943331,0.5997754400063564
"Meta Platforms, Inc.",2023-08-14,2023-08-16,2,down,up,0.36349314570863905,0.07019765696290314,0.5663091973284583
"Meta Platforms, Inc.",2023-08-15,2023-08-17,2,down,up,0.3344456733020522,0.11042500062389035,0.5551293260740578
"Meta Platforms, Inc.",2023-08-16,2023-08-18,2,down,up,0.3557689645456283,0.06625963629881462,0.5779713991555574
"Meta Platforms, Inc.",2023-08-17,2023-08-21,2,down,up,0.35907823311320153,0.08234755994671301,0.5585742069400859
"Meta Platforms, Inc.",2023-08-18,2023-08-22,2,up,up,0.28866744489144447,0.10848666458633432,0.6028458905222218
"Meta Platforms, Inc.",2023-08-21,2023-08-23,2,up,up,0.33913045577361556,0.15885003541019296,0.5020195088161918
"Meta Platforms, Inc.",2023-08-22,2023-08-24,2,up,up,0.31040555098980854,0.13959085723410447,0.5500035917760875
"Meta Platforms, Inc.",2023-08-23,2023-08-25,2,down,up,0.2776337671121862,0.2164714629093985,0.5058947699784154
"Meta Platforms, Inc.",2023-08-24,2023-08-28,2,down,up,0.33441427957731173,0.1764047051054839,0.4891810153172046
"Meta Platforms, Inc.",2023-08-25,2023-08-29,2,up,down,0.4143972477107172,0.2083789271722351,0.3772238251170476
"Meta Platforms, Inc.",2023-08-28,2023-08-30,2,up,up,0.32527561838649777,0.13418052072367856,0.540543860889824
"Meta Platforms, Inc.",2023-08-29,2023-08-31,2,up,up,0.3187378665453935,0.13682582820892414,0.5444363052456827
"Meta Platforms, Inc.",2023-08-30,2023-09-01,2,up,up,0.3806604638907332,0.13637874234423622,0.48296079376503065
"Meta Platforms, Inc.",2023-08-31,2023-09-05,2,up,up,0.3651088575212529,0.1376827232842326,0.49720841919451453
"Meta Platforms, Inc.",2023-09-01,2023-09-06,2,up,up,0.33391387707077635,0.17280021650206664,0.49328590642715725
"Meta Platforms, Inc.",2023-09-05,2023-09-07,2,flat,up,0.3478899518064346,0.12195047184017438,0.5301595763533912
"Meta Platforms, Inc.",2023-09-06,2023-09-08,2,flat,up,0.41614338513951243,0.10167474406983652,0.4821818707906511
"Meta Platforms, Inc.",2023-09-07,2023-09-11,2,up,down,0.45513363724248806,0.10898510150131006,0.43588126125620197
"Meta Platforms, Inc.",2023-09-08,2023-09-12,2,up,up,0.4331196410826648,0.10211376061227403,0.46476659830506123
"Meta Platforms, Inc.",2023-09-11,2023-09-13,2,down,up,0.4096100343953416,0.09225242995056568,0.4981375356540929
"Meta Platforms, Inc.",2023-09-12,2023-09-14,2,up,down,0.536426208551997,0.05897707134893488,0.40459672009906794
"Meta Platforms, Inc.",2023-09-13,2023-09-15,2,up,down,0.5333091488228646,0.08190529454285347,0.38478555663428193
"Meta Platforms, Inc.",2023-09-14,2023-09-18,2,down,down,0.4766295333237532,0.09932710499345022,0.42404336168279655
"Meta Platforms, Inc.",2023-09-15,2023-09-19,2,down,down,0.6755274555432925,0.05467105198739871,0.2698014924693084
"Meta Platforms, Inc.",2023-09-18,2023-09-20,2,up,down,0.5297458760841716,0.11088812452791402,0.35936599938791447
"Meta Platforms, Inc.",2023-09-19,2023-09-21,2,down,down,0.45737342345441545,0.15367634956034792,0.3889502269852366
"Meta Platforms, Inc.",2023-09-20,2023-09-22,2,down,down,0.45129917699432504,0.12967268028508047,0.41902814272059447
"Meta Platforms, Inc.",2023-09-21,2023-09-25,2,up,up,0.4521626808152945,0.06028866780721628,0.4875486513774894
"Meta Platforms, Inc.",2023-09-22,2023-09-26,2,down,up,0.366624420274091,0.20003511478623917,0.43334046493966966
"Meta Platforms, Inc.",2023-09-25,2023-09-27,2,down,down,0.4804521566657478,0.18111493396427064,0.3384329093699814
"Meta Platforms, Inc.",2023-09-26,2023-09-28,2,up,up,0.3729889452642779,0.2535987187082537,0.3734123360274685
"Meta Platforms, Inc.",2023-09-27,2023-09-29,2,up,down,0.40774221531683336,0.23114926313351147,0.3611085215496551
"Meta Platforms, Inc.",2023-09-28,2023-10-02,2,up,up,0.3687148546220835,0.13890941072237784,0.4923757346555391
"Meta Platforms, Inc.",2023-09-29,2023-10-03,2,down,up,0.400314022955367,0.13302010698635136,0.4666658700582819
"Meta Platforms, Inc.",2023-10-02,2023-10-04,2,down,up,0.3863398487708689,0.10657125066774346,0.5070889005613879
"Meta Platforms, Inc.",2023-10-03,2023-10-05,2,up,down,0.528130881110683,0.08131383308627418,0.39055528580304283
"Meta Platforms, Inc.",2023-10-04,2023-10-06,2,up,up,0.4603882199412411,0.06987993555124267,0.46973184450751626
"Meta Platforms, Inc.",2023-10-05,2023-10-09,2,up,down,0.47966738221966865,0.1188575723211673,0.40147504545916407
"Meta Platforms, Inc.",2023-10-06,2023-10-10,2,up,up,0.37928443419580476,0.13833065588370377,0.48238490992049177
"Meta Platforms, Inc.",2023-10-09,2023-10-11,2,up,up,0.3723988276034232,0.12942133818403684,0.4981798342125402
"Meta Platforms, Inc.",2023-10-10,2023-10-12,2,up,down,0.4802071480667576,0.052984610468170504,0.4668082414650718
"Meta Platforms, Inc.",2023-10-11,2023-10-13,2,down,down,0.5069895288745996,0.044593339717278704,0.4484171314081214
"Meta Platforms, Inc.",2023-10-12,2023-10-16,2,down,down,0.5651833326960553,0.05955267071806796,0.37526399658587634
"Meta Platforms, Inc.",2023-10-13,2023-10-17,2,up,down,0.599115634079893,0.053019653233706256,0.3478647126864005
"Meta Platforms, Inc.",2023-10-16,2023-10-18,2,up,down,0.45605028203074194,0.09837293705344073,0.4455767809158174
"Meta Platforms, Inc.",2023-10-17,2023-10-19,2,down,down,0.46133313393573383,0.15318049879939974,0.3854863672648665
"Meta Platforms, Inc.",2023-10-18,2023-10-20,2,down,down,0.48192000868394885,0.09304538503237149,0.42503460628367956
"Meta Platforms, Inc.",2023-10-19,2023-10-23,2,down,down,0.5568310004403378,0.054324029534592054,0.38884497002507
"Meta Platforms, Inc.",2023-10-20,2023-10-24,2,up,up,0.38291995117642796,0.12820899026790852,0.48887105855566404
"Meta Platforms, Inc.",2023-10-23,2023-10-25,2,down,up,0.3683503978688612,0.19107255250586289,0.4405770496252761
"Meta Platforms, Inc.",2023-10-24,2023-10-26,2,down,up,0.3278885679121917,0.20556307364998921,0.46654835843781933
"Meta Platforms, Inc.",2023-10-25,2023-10-27,2,down,up,0.4178868688553945,0.06114466200321671,0.520968469141389
"Meta Platforms, Inc.",2023-10-26,2023-10-30,2,up,up,0.28257058900617943,0.071123764672943,0.6463056463208781
"Meta Platforms, Inc.",2023-10-27,2023-10-31,2,up,up,0.26706817110268044,0.1650907460088795,0.5678410828884405
"Meta Platforms, Inc.",2023-10-30,2023-11-01,2,up,up,0.2593542393093881,0.20553688182286703,0.5351088788677453
"Meta Platforms, Inc.",2023-10-31,2023-11-02,2,up,up,0.2663396664165324,0.20576719703261823,0.5278931365508497
"Meta Platforms, Inc.",2023-11-01,2023-11-03,2,up,up,0.2818535538465749,0.16565519227525907,0.5524912538781666
"Meta Platforms, Inc.",2023-11-02,2023-11-06,2,up,up,0.3195725704270965,0.1910179905106434,0.4894094390622603
"Meta Platforms, Inc.",2023-11-03,2023-11-07,2,up,up,0.3431493203884587,0.14175540874569903,0.5150952708658424
"Meta Platforms, Inc.",2023-11-06,2023-11-08,2,up,up,0.32469216074582746,0.16936792287747487,0.505939916376698
"Meta Platforms, Inc.",2023-11-07,2023-11-09,2,up,up,0.3558744938886153,0.13041467435379775,0.5137108317575872
"Meta Platforms, Inc.",2023-11-08,2023-11-10,2,up,up,0.3414354195061269,0.11191289713177247,0.5466516833621011
"Meta Platforms, Inc.",2023-11-09,2023-11-13,2,up,up,0.41790081033600335,0.07256787718715231,0.5095313124768446
"Meta Platforms, Inc.",2023-11-10,2023-11-14,2,up,up,0.43851996881006483,0.0788732830125659,0.4826067481773695
"Meta Platforms, Inc.",2023-11-13,2023-11-15,2,up,down,0.4896049607829955,0.053202820777705745,0.4571922184392988
"Meta Platforms, Inc.",2023-11-14,2023-11-16,2,down,down,0.5467634377366355,0.08541227968306066,0.3678242825803033
"Meta Platforms, Inc.",2023-11-15,2023-11-17,2,down,down,0.6410458325335927,0.10572950328264272,0.2532246641837644
"Meta Platforms, Inc.",2023-11-16,2023-11-20,2,up,down,0.6255809002599344,0.07286686634884497,0.3015522333912205
"Meta Platforms, Inc.",2023-11-17,2023-11-21,2,up,down,0.6096606786909955,0.14678293127541964,0.2435563900335845
"Meta Platforms, Inc.",2023-11-20,2023-11-22,2,up,down,0.5913767825671784,0.14307748899262768,0.2655457284401937
"Meta Platforms, Inc.",2023-11-21,2023-11-24,2,up,down,0.6665981638597946,0.12404807221958247,0.20935376392062252
"Meta Platforms, Inc.",2023-11-22,2023-11-27,2,down,down,0.7345293804322821,0.09447099349340224,0.17099962607431532
"Meta Platforms, Inc.",2023-11-24,2023-11-28,2,down,down,0.6284716025800436,0.07293787000972714,0.29859052741022896
"Meta Platforms, Inc.",2023-11-27,2023-11-29,2,flat,down,0.6001360769125264,0.04916161741587468,0.3507023056715986
"Meta Platforms, Inc.",2023-11-28,2023-11-30,2,down,down,0.488250094345897,0.12491673837955655,0.3868331672745463
"Meta Platforms, Inc.",2023-11-29,2023-12-01,2,down,down,0.5027297674540142,0.05569221992170272,0.4415780126242828
"Meta Platforms, Inc.",2023-11-30,2023-12-04,2,down,down,0.5463685113883365,0.016360732877113558,0.43727075573455
"Meta Platforms, Inc.",2023-12-01,2023-12-05,2,down,up,0.43406808687102916,0.03967011331911839,0.5262617998098527
"Meta Platforms, Inc.",2023-12-04,2023-12-06,2,up,up,0.3061670634615858,0.044283124823280555,0.6495498117151343
"Meta Platforms, Inc.",2023-12-05,2023-12-07,2,up,up,0.3155047306829591,0.07006744553383798,0.6144278237832034
"Meta Platforms, Inc.",2023-12-06,2023-12-08,2,up,up,0.31340037979196267,0.11522609407498666,0.5713735261330511
"Meta Platforms, Inc.",2023-12-07,2023-12-11,2,up,up,0.2690300122005034,0.22888247546928775,0.5020875123302091
"Meta Platforms, Inc.",2023-12-08,2023-12-12,2,up,up,0.24489898306786068,0.19840016427419843,0.5567008526579411
"Meta Platforms, Inc.",2023-12-11,2023-12-13,2,up,up,0.3221113503943154,0.10189306591316674,0.5759955836925182
"Meta Platforms, Inc.",2023-12-12,2023-12-14,2,up,up,0.2785998796649688,0.1790958778583872,0.5423042424766441
"Meta Platforms, Inc.",2023-12-13,2023-12-15,2,down,up,0.3116309870657405,0.19700619095673783,0.4913628219775219
"Meta Platforms, Inc.",2023-12-14,2023-12-18,2,up,down,0.4839370800912385,0.0672424737071464,0.44882044620161493
"Meta Platforms, Inc.",2023-12-15,2023-12-19,2,up,down,0.5022657930702681,0.0901646110990499,0.40756959583068186
"Meta Platforms, Inc.",2023-12-18,2023-12-20,2,up,up,0.3604137131943171,0.20162592727021192,0.43796035953547113
"Meta Platforms, Inc.",2023-12-19,2023-12-21,2,up,down,0.5050591596896697,0.12350703306252468,0.3714338072478054
"Meta Platforms, Inc.",2023-12-20,2023-12-22,2,up,down,0.728478335637818,0.07066164098955287,0.20086002337262868
"Meta Platforms, Inc.",2023-12-21,2023-12-26,2,up,down,0.6635871706619745,0.06652655081458014,0.26988627852344516
"Meta Platforms, Inc.",2023-12-22,2023-12-27,2,up,down,0.7084755097713721,0.08317142611780491,0.2083530641108225
"Meta Platforms, Inc.",2023-12-26,2023-12-28,2,up,down,0.7498789607886066,0.08055201789009328,0.16956902132129956
"Meta Platforms, Inc.",2023-12-27,2023-12-29,2,down,down,0.7415750263427231,0.05240637584621768,0.20601859781105866
"Meta Platforms, Inc.",2023-12-28,2024-01-02,2,down,down,0.7244505668178262,0.04313171596826579,0.23241771721390755
"Meta Platforms, Inc.",2023-12-29,2024-01-03,2,down,down,0.7598122956424994,0.03535653392966554,0.20483117042783447
"Meta Platforms, Inc.",2024-01-02,2024-01-04,2,down,up,0.47221335487882804,0.02928616554266366,0.4985004795785084
"Meta Platforms, Inc.",2024-01-03,2024-01-05,2,up,up,0.4844645538385693,0.023758954539245352,0.4917764916221853
"Meta Platforms, Inc.",2024-01-04,2024-01-08,2,up,down,0.4806054116997705,0.04095377260096523,0.47844081569926433
"Meta Platforms, Inc.",2024-01-05,2024-01-09,2,up,down,0.49604924732523886,0.04504123670884266,0.45890951596591834
"Meta Platforms, Inc.",2024-01-08,2024-01-10,2,up,down,0.6053326526490493,0.07163464724798406,0.32303270010296636
"Meta Platforms, Inc.",2024-01-09,2024-01-11,2,up,down,0.646680442631745,0.02814959700248715,0.32516996036576734
"Meta Platforms, Inc.",2024-01-10,2024-01-12,2,up,down,0.5171574118859571,0.09103173949395699,0.39181084862008597
"Meta Platforms, Inc.",2024-01-11,2024-01-16,2,up,down,0.6370452937387499,0.04689089217889777,0.31606381408235146
"Meta Platforms, Inc.",2024-01-12,2024-01-17,2,down,down,0.7106951405953769,0.044232479354910544,0.24507238004971219
"Meta Platforms, Inc.",2024-01-16,2024-01-18,2,up,down,0.7475666294802968,0.057953705546718116,0.1944796649729845
"Meta Platforms, Inc.",2024-01-17,2024-01-19,2,up,down,0.5964868883407695,0.05384505064379609,0.34966806101543363
"Meta Platforms, Inc.",2024-01-18,2024-01-22,2,up,down,0.5777842787636471,0.08422895024048875,0.33798677099586366
"Meta Platforms, Inc.",2024-01-19,2024-01-23,2,up,down,0.6059143820772224,0.10332437346228397,0.290761244460493
"Meta Platforms, Inc.",2024-01-22,2024-01-24,2,up,down,0.6847458792384427,0.11494511931629715,0.2003090014452594
"Meta Platforms, Inc.",2024-01-23,2024-01-25,2,up,down,0.6532011027036984,0.1756185725309215,0.17118032476537956
"Meta Platforms, Inc.",2024-01-24,2024-01-26,2,up,down,0.588432157274868,0.17896210760569745,0.23260573511943394
"Meta Platforms, Inc.",2024-01-25,2024-01-29,2,up,down,0.6461919028369656,0.18197810869992384,0.17182998846310976
"Meta Platforms, Inc.",2024-01-26,2024-01-30,2,up,down,0.6267573478640039,0.20762948140978907,0.16561317072620635
"Meta Platforms, Inc.",2024-01-29,2024-01-31,2,down,down,0.6480253207369503,0.1975003934691464,0.15447428579390288
"Meta Platforms, Inc.",2024-01-30,2024-02-01,2,down,down,0.6214158835248828,0.24343665561328817,0.13514746086182888
"Meta Platforms, Inc.",2024-01-31,2024-02-02,2,up,down,0.5952791587659909,0.19365766586342045,0.21106317537058783
"Meta Platforms, Inc.",2024-02-01,2024-02-05,2,up,down,0.582946072415773,0.21762049087403956,0.19943343671018654
"Meta Platforms, Inc.",2024-02-02,2024-02-06,2,down,down,0.47501759587810843,0.32317029734493935,0.20181210677695172
"Meta Platforms, Inc.",2024-02-05,2024-02-07,2,down,down,0.5373906074638151,0.2747116689509,0.1878977235852843
"Meta Platforms, Inc.",2024-02-06,2024-02-08,2,up,down,0.554315619595794,0.21358969553505958,0.23209468486914575
"Meta Platforms, Inc.",2024-02-07,2024-02-09,2,up,down,0.568211322190301,0.22863689962477576,0.20315177818492255
"Meta Platforms, Inc.",2024-02-08,2024-02-12,2,up,down,0.568099470861121,0.268191967795253,0.16370856134362546
"Meta Platforms, Inc.",2024-02-09,2024-02-13,2,down,down,0.599458262421771,0.22196102144197663,0.17858071613625193
"Meta Platforms, Inc.",2024-02-12,2024-02-14,2,flat,down,0.614829051632482,0.2214929450091873,0.16367800335833027
"Meta Platforms, Inc.",2024-02-13,2024-02-15,2,up,down,0.5674840432878792,0.19177292524975686,0.2407430314623633
"Meta Platforms, Inc.",2024-02-14,2024-02-16,2,up,down,0.562008186275714,0.19155653543425646,0.24643527829002887
"Meta Platforms, Inc.",2024-02-15,2024-02-20,2,down,down,0.5820062871513876,0.1782766085482261,0.23971710430038573
"Meta Platforms, Inc.",2024-02-16,2024-02-21,2,down,down,0.6153577257754071,0.1705562318325274,0.2140860423920647
"Meta Platforms, Inc.",2024-02-20,2024-02-22,2,up,down,0.5899324827699621,0.17085274784091722,0.23921476938912
"Meta Platforms, Inc.",2024-02-21,2024-02-23,2,up,down,0.5303526272980322,0.19546164001872995,0.27418573268323737
"Meta Platforms, Inc.",2024-02-22,2024-02-26,2,flat,down,0.5465275336593066,0.18243383403005242,0.27103863231064074
"Meta Platforms, Inc.",2024-02-23,2024-02-27,2,down,down,0.5799454562881973,0.1701210201493979,0.24993352356240436
"Meta Platforms, Inc.",2024-02-26,2024-02-28,2,up,down,0.5862485351339068,0.16702241825870254,0.24672904660738998
"Meta Platforms, Inc.",2024-02-27,2024-02-29,2,up,down,0.5727500098500156,0.17474676079346352,0.2525032293565204
"Meta Platforms, Inc.",2024-02-28,2024-03-01,2,up,down,0.5587237843394801,0.18478801022680075,0.256488205433719
"Meta Platforms, Inc.",2024-02-29,2024-03-04,2,up,down,0.5918688912324614,0.16925222559653122,0.23887888317100692
"Meta Platforms, Inc.",2024-03-01,2024-03-05,2,down,down,0.5272337852889435,0.18050948619329538,0.292256728517761
"Meta Platforms, Inc.",2024-03-04,2024-03-06,2,down,down,0.5906444922445074,0.16927297143087455,0.24008253632461748
"Meta Platforms, Inc.",2024-03-05,2024-03-07,2,up,down,0.6005125335970245,0.19376256424092358,0.20572490216205125
"Meta Platforms, Inc.",2024-03-06,2024-03-08,2,up,down,0.5722196986847993,0.1809532936571221,0.24682700765807788
"Meta Platforms, Inc.",2024-03-07,2024-03-11,2,down,down,0.5411524537597215,0.19168710493879026,0.26716044130148786
"Meta Platforms, Inc.",2024-03-08,2024-03-12,2,down,down,0.6239790961060285,0.16363870800829694,0.21238219588567378
"Meta Platforms, Inc.",2024-03-11,2024-03-13,2,up,down,0.555884104005465,0.19336066262035942,0.2507552333741752
"Meta Platforms, Inc.",2024-03-12,2024-03-14,2,flat,down,0.4886444790254135,0.18592611094491787,0.32542941002966835
"Meta Platforms, Inc.",2024-03-13,2024-03-15,2,down,down,0.5497774917290832,0.17374863083865624,0.27647387743226026
"Meta Platforms, Inc.",2024-03-14,2024-03-18,2,down,down,0.5300188825030431,0.20106143918859534,0.2689196783083614
"Meta Platforms, Inc.",2024-03-15,2024-03-19,2,up,down,0.5020881395991847,0.21622641680505417,0.28168544359576064
"Meta Platforms, Inc.",2024-03-18,2024-03-20,2,up,down,0.5160242051263098,0.1769280614452344,0.3070477334284554
"Meta Platforms, Inc.",2024-03-19,2024-03-21,2,up,down,0.5615995933038656,0.1846714423026122,0.2537289643935219
"Meta Platforms, Inc.",2024-03-20,2024-03-22,2,up,down,0.507104816610105,0.17114248067050464,0.3217527027193901
"Meta Platforms, Inc.",2024-03-21,2024-03-25,2,down,down,0.5209779678758676,0.17912303894318146,0.29989899318095053
"Meta Platforms, Inc.",2024-03-22,2024-03-26,2,down,down,0.5909761858350383,0.16794048383483365,0.24108333033012733
"Meta Platforms, Inc.",2024-03-25,2024-03-27,2,down,down,0.6143328838586136,0.16401881483029435,0.22164830131109142
"Meta Platforms, Inc.",2024-03-26,2024-03-28,2,down,down,0.5798780745654912,0.1680560651719547,0.25206586026255356
"Meta Platforms, Inc.",2024-03-27,2024-04-01,2,down,down,0.5808194763892813,0.19045831170956948,0.22872221190114886
"Meta Platforms, Inc.",2024-03-28,2024-04-02,2,up,down,0.5163961712350015,0.193826542049263,0.2897772867157353
"Meta Platforms, Inc.",2024-04-01,2024-04-03,2,up,down,0.5179901876465591,0.17950515762059768,0.30250465473284316
"Meta Platforms, Inc.",2024-04-02,2024-04-04,2,up,down,0.5470699647170678,0.16410843407327644,0.2888216012096553
"Meta Platforms, Inc.",2024-04-03,2024-04-05,2,up,down,0.499472854850445,0.18190985397900508,0.31861729117054977
"Meta Platforms, Inc.",2024-04-04,2024-04-08,2,up,down,0.5201101087288986,0.16859799730481823,0.3112918939662829
"Meta Platforms, Inc.",2024-04-05,2024-04-09,2,down,down,0.5737586364969371,0.16500780853397878,0.26123355496908335
"Meta Platforms, Inc.",2024-04-08,2024-04-10,2,down,down,0.5986148887731387,0.17341353804917797,0.2279715731776826
"Meta Platforms, Inc.",2024-04-09,2024-04-11,2,up,down,0.6161468405037849,0.20005891745768317,0.1837942420385311
"Meta Platforms, Inc.",2024-04-10,2024-04-12,2,flat,down,0.6003616767904711,0.16905852315115794,0.23057980005837006
"Meta Platforms, Inc.",2024-04-11,2024-04-15,2,down,down,0.5757511472445435,0.20018567585819486,0.22406317689726113
"Meta Platforms, Inc.",2024-04-12,2024-04-16,2,down,down,0.6262704134806509,0.16890247985862067,0.20482710666072745
"Meta Platforms, Inc.",2024-04-15,2024-04-17,2,down,down,0.5651034907686787,0.16085421253147167,0.27404229669984914
"Meta Platforms, Inc.",2024-04-16,2024-04-18,2,up,down,0.5490153023563241,0.145992460546959,0.3049922370967168
"Meta Platforms, Inc.",2024-04-17,2024-04-19,2,down,down,0.5425198739610879,0.1372967901500833,0.32018333588882864
"Meta Platforms, Inc.",2024-04-18,2024-04-22,2,down,down,0.4763223187369265,0.15260238306340243,0.3710752981996713
"Meta Platforms, Inc.",2024-04-19,2024-04-23,2,up,down,0.5404064383338222,0.1203050574043577,0.3392885042618199
"Meta Platforms, Inc.",2024-04-22,2024-04-24,2,up,down,0.5405967510830822,0.11942322237759775,0.33998002653931975
"Meta Platforms, Inc.",2024-04-23,2024-04-25,2,down,down,0.4367432011615941,0.2367910750567863,0.32646572378161975
"Meta Platforms, Inc.",2024-04-24,2024-04-26,2,down,down,0.5040588517884076,0.21023206127801455,0.2857090869335776
"Meta Platforms, Inc.",2024-04-25,2024-04-29,2,up,up,0.3968538749204498,0.1405636210805626,0.46258250399898776
"Meta Platforms, Inc.",2024-04-26,2024-04-30,2,down,down,0.43360019113669096,0.15702172258062888,0.4093780862826805
"Meta Platforms, Inc.",2024-04-29,2024-05-01,2,up,up,0.41156023127273594,0.16140614221488556,0.42703362651237875
"Meta Platforms, Inc.",2024-04-30,2024-05-02,2,up,up,0.4065006049579021,0.17791830170274864,0.41558109333934934
"Meta Platforms, Inc.",2024-05-01,2024-05-03,2,up,down,0.4347625516618453,0.15996617729594328,0.40527127104221156
"Meta Platforms, Inc.",2024-05-02,2024-05-06,2,up,down,0.5340856125968878,0.2089962429717226,0.2569181444313895
"Meta Platforms, Inc.",2024-05-03,2024-05-07,2,up,down,0.4692655246293723,0.18903291994197285,0.34170155542865466
"Meta Platforms, Inc.",2024-05-06,2024-05-08,2,up,down,0.45068579833853817,0.17841977263163888,0.3708944290298227
"Meta Platforms, Inc.",2024-05-07,2024-05-09,2,up,down,0.444334180585065,0.20026845945055452,0.35539735996438027
"Meta Platforms, Inc.",2024-05-08,2024-05-10,2,up,down,0.4607822657835596,0.242621229228294,0.29659650498814627
"Meta Platforms, Inc.",2024-05-09,2024-05-13,2,down,down,0.4688043400739988,0.2253372131418348,0.3058584467841661
"Meta Platforms, Inc.",2024-05-10,2024-05-14,2,down,down,0.5078066676145336,0.20001153728310236,0.29218179510236364
"Meta Platforms, Inc.",2024-05-13,2024-05-15,2,up,down,0.5270114865994041,0.21424071521596424,0.2587477981846312
"Meta Platforms, Inc.",2024-05-14,2024-05-16,2,up,down,0.5101036683160758,0.2184962957721041,0.27140003591181977
"Meta Platforms, Inc.",2024-05-15,2024-05-17,2,down,down,0.5193296277753066,0.16942643531232535,0.3112439369123677
"Meta Platforms, Inc.",2024-05-16,2024-05-20,2,down,down,0.5247015499142654,0.19555336988273686,0.2797450802029971
"Meta Platforms, Inc.",2024-05-17,2024-05-21,2,down,down,0.5232371109331442,0.20775888337130347,0.2690040056955516
"Meta Platforms, Inc.",2024-05-20,2024-05-22,2,down,down,0.4861736653054733,0.2167427992359777,0.29708353545854865
"Meta Platforms, Inc.",2024-05-21,2024-05-23,2,up,down,0.4801679389727939,0.21812001248575463,0.3017120485414511
"Meta Platforms, Inc.",2024-05-22,2024-05-24,2,up,down,0.5070609073068878,0.18664691287749868,0.3062921798156132
"Meta Platforms, Inc.",2024-05-23,2024-05-28,2,up,down,0.5534677601761654,0.20535011897941235,0.24118212084442164
"Meta Platforms, Inc.",2024-05-24,2024-05-29,2,up,down,0.5508187497894658,0.19415715010528647,0.2550241001052473
"Meta Platforms, Inc.",2024-05-28,2024-05-30,2,down,down,0.579250456893139,0.18404829802477476,0.23670124508208562
"Meta Platforms, Inc.",2024-05-29,2024-05-31,2,down,down,0.5863374673894726,0.18929600719993497,0.22436652541059174
"Meta Platforms, Inc.",2024-05-30,2024-06-03,2,up,down,0.5832336219024191,0.19595772277554516,0.22080865532203486
"Meta Platforms, Inc.",2024-05-31,2024-06-04,2,up,down,0.48937471321066744,0.287657465366564,0.22296782142276808
"Meta Platforms, Inc.",2024-06-03,2024-06-05,2,up,down,0.4895446422955376,0.21528421666381412,0.295171141040648
"Meta Platforms, Inc.",2024-06-04,2024-06-06,2,up,down,0.5468294510764766,0.19357574267975966,0.25959480624376335
"Meta Platforms, Inc.",2024-06-05,2024-06-07,2,up,down,0.5272455753820477,0.1814357262806749,0.29131869833727664
"Meta Platforms, Inc.",2024-06-06,2024-06-10,2,up,down,0.5529532884289161,0.19104673162773267,0.2559999799433506
"Meta Platforms, Inc.",2024-06-07,2024-06-11,2,up,down,0.5484195538980495,0.20566611929971948,0.24591432680223044
"Meta Platforms, Inc.",2024-06-10,2024-06-12,2,up,down,0.5784707838060368,0.20098013538521678,0.22054908080874597
"Meta Platforms, Inc.",2024-06-11,2024-06-13,2,up,down,0.5747317223516036,0.2103078073717461,0.21496047027664963
"Meta Platforms, Inc.",2024-06-12,2024-06-14,2,down,down,0.5713639419389992,0.18884603697635885,0.23979002108464134
Microsoft Corporation,2021-07-23,2021-07-27,2,down,up,0.42463083445040617,0.09993633918999949,0.4754328263595944
Microsoft Corporation,2021-07-26,2021-07-28,2,down,up,0.44715371589485686,0.10566855735671109,0.4471777267484321
Microsoft Corporation,2021-07-27,2021-07-29,2,flat,up,0.4188632194732315,0.05751781276016895,0.5236189677665993
Microsoft Corporation,2021-07-28,2021-07-30,2,down,up,0.38066338987571463,0.05951138894143091,0.5598252211828543
Microsoft Corporation,2021-07-29,2021-08-02,2,down,up,0.3331787621981234,0.037694150230007786,0.6291270875718684
Microsoft Corporation,2021-07-30,2021-08-03,2,up,up,0.38263915855711395,0.039931130512233994,0.5774297109306518
Microsoft Corporation,2021-08-02,2021-08-04,2,up,up,0.31025950201673885,0.028128846671726354,0.6616116513115342
Microsoft Corporation,2021-08-03,2021-08-05,2,up,up,0.22515357136606454,0.046112463565314045,0.7287339650686213
Microsoft Corporation,2021-08-04,2021-08-06,2,up,up,0.23561133988307803,0.05421067351908519,0.7101779865978368
Microsoft Corporation,2021-08-05,2021-08-09,2,up,up,0.26129958398931785,0.06423848362031258,0.6744619323903694
Microsoft Corporation,2021-08-06,2021-08-10,2,down,up,0.26228833264468426,0.06122851688286994,0.6764831504724456
Microsoft Corporation,2021-08-09,2021-08-11,2,down,up,0.29015502051957687,0.0661383981215983,0.6437065813588245
Microsoft Corporation,2021-08-10,2021-08-12,2,up,up,0.2866243143761618,0.0558858286170255,0.6574898570068127
Microsoft Corporation,2021-08-11,2021-08-13,2,up,up,0.23659088611739043,0.0590485719498583,0.7043605419327512
Microsoft Corporation,2021-08-12,2021-08-16,2,up,up,0.19896372613352611,0.0488102988940306,0.7522259749724433
Microsoft Corporation,2021-08-13,2021-08-17,2,up,up,0.270027625451005,0.04936174230209875,0.680610632246896
Microsoft Corporation,2021-08-16,2021-08-18,2,down,up,0.25161203484181227,0.08428201107727873,0.6641059540809086
Microsoft Corporation,2021-08-17,2021-08-19,2,flat,up,0.2871903934807738,0.06493795689334612,0.64787164962588
Microsoft Corporation,2021-08-18,2021-08-20,2,up,up,0.24855173541129547,0.036315237596221656,0.7151330269924828
Microsoft Corporation,2021-08-19,2021-08-23,2,up,up,0.2400975351246455,0.06500111280392801,0.6949013520714261
Microsoft Corporation,2021-08-20,2021-08-24,2,up,up,0.28711014588035993,0.15223218023703744,0.560657673882602
Microsoft Corporation,2021-08-23,2021-08-25,2,down,up,0.29806405310767703,0.23000092370637695,0.47193502318594577
Microsoft Corporation,2021-08-24,2021-08-26,2,down,up,0.31856287014786405,0.18188211309121943,0.4995550167609163
Microsoft Corporation,2021-08-25,2021-08-27,2,down,up,0.32546870725654514,0.108253413776965,0.5662778789664894
Microsoft Corporation,2021-08-26,2021-08-30,2,up,up,0.2841908001098863,0.06414692983451659,0.651662270055597
Microsoft Corporation,2021-08-27,2021-08-31,2,up,up,0.2953323212904863,0.0831619821463819,0.6215056965631316
Microsoft Corporation,2021-08-30,2021-09-01,2,flat,up,0.28578670724764826,0.07058047095459899,0.6436328217977524
Microsoft Corporation,2021-08-31,2021-09-02,2,down,up,0.2425677262523754,0.08589722240656203,0.6715350513410624
Microsoft Corporation,2021-09-01,2021-09-03,2,down,up,0.29644554757755365,0.10682828339265331,0.5967261690297928
Microsoft Corporation,2021-09-02,2021-09-07,2,down,up,0.2558560816311979,0.09078245204532209,0.6533614663234798
Microsoft Corporation,2021-09-03,2021-09-08,2,down,up,0.2804910221116381,0.07205800638601684,0.6474509715023449
Microsoft Corporation,2021-09-07,2021-09-09,2,down,up,0.33716265531163736,0.07500807530051656,0.587829269387846
Microsoft Corporation,2021-09-08,2021-09-10,2,down,up,0.3868161282556595,0.06094587258836248,0.552237999155978
Microsoft Corporation,2021-09-09,2021-09-13,2,down,up,0.3969373015685055,0.06270262308134016,0.5403600753501545
Microsoft Corporation,2021-09-10,2021-09-14,2,up,down,0.49097468719046494,0.046579136378458535,0.46244617643107655
Microsoft Corporation,2021-09-13,2021-09-15,2,up,up,0.44185843758641047,0.04853227169821775,0.5096092907153718
Microsoft Corporation,2021-09-14,2021-09-16,2,up,up,0.3206667005667006,0.05853634871712841,0.6207969507161709
Microsoft Corporation,2021-09-15,2021-09-17,2,down,up,0.32379589914165763,0.0982239852183856,0.5779801156399568
Microsoft Corporation,2021-09-16,2021-09-20,2,down,up,0.3097646502568799,0.12011612731264747,0.5701192224304726
Microsoft Corporation,2021-09-17,2021-09-21,2,down,up,0.3483031666131095,0.07313292704647323,0.5785639063404172
Microsoft Corporation,2021-09-20,2021-09-22,2,up,up,0.4267597639338206,0.09690627442864534,0.47633396163753433
Microsoft Corporation,2021-09-21,2021-09-23,2,up,up,0.428298958137877,0.054066207866920415,0.5176348339952027
Microsoft Corporation,2021-09-22,2021-09-24,2,up,up,0.43264014665729916,0.03745249779822669,0.5299073555444742
Microsoft Corporation,2021-09-23,2021-09-27,2,down,down,0.48054215092792113,0.0615630247250613,0.4578948243470176
Microsoft Corporation,2021-09-24,2021-09-28,2,down,up,0.47079230136438716,0.05673824446821277,0.4724694541674001
Microsoft Corporation,2021-09-27,2021-09-29,2,down,up,0.4138429962715422,0.07680152580677448,0.5093554779216835
Microsoft Corporation,2021-09-28,2021-09-30,2,down,up,0.35818624763820867,0.06322329534259208,0.5785904570191992
Microsoft Corporation,2021-09-29,2021-10-01,2,up,up,0.33027827611900695,0.05672509611434977,0.6129966277666431
Microsoft Corporation,2021-09-30,2021-10-04,2,flat,up,0.3121523913322962,0.04837928409361725,0.6394683245740864
Microsoft Corporation,2021-10-01,2021-10-05,2,up,up,0.3104467501253558,0.04626137261265837,0.6432918772619857
Microsoft Corporation,2021-10-04,2021-10-06,2,up,up,0.30609889554220465,0.03389484711738951,0.6600062573404059
Microsoft Corporation,2021-10-05,2021-10-07,2,up,up,0.318142194274054,0.061681753358781115,0.6201760523671647
Microsoft Corporation,2021-10-06,2021-10-08,2,up,up,0.317623292298315,0.08238732514755254,0.5999893825541323
Microsoft Corporation,2021-10-07,2021-10-11,2,down,up,0.39359328421948286,0.07069619566555911,0.5357105201149578
Microsoft Corporation,2021-10-08,2021-10-12,2,down,up,0.41603894654894175,0.059163164984736845,0.5247978884663211
Microsoft Corporation,2021-10-11,2021-10-13,2,up,up,0.43244733228382976,0.05727841643208376,0.5102742512840863
Microsoft Corporation,2021-10-12,2021-10-14,2,up,up,0.3906765292432251,0.08485372070976965,0.5244697500470052
Microsoft Corporation,2021-10-13,2021-10-15,2,up,up,0.34514380292274816,0.11537139975655329,0.5394847973206983
Microsoft Corporation,2021-10-14,2021-10-18,2,up,up,0.31987988601454587,0.0851584213838021,0.5949616926016518
Microsoft Corporation,2021-10-15,2021-10-19,2,up,up,0.2567555557880548,0.14060927184044622,0.6026351723714987
Microsoft Corporation,2021-10-18,2021-10-20,2,up,up,0.22116584060435074,0.16829576973593796,0.6105383896597109
Microsoft Corporation,2021-10-19,2021-10-21,2,flat,up,0.20423737932054922,0.1507912142274531,0.6449714064519974
Microsoft Corporation,2021-10-20,2021-10-22,2,up,up,0.20761045757350108,0.14169879575879835,0.6506907466677002
Microsoft Corporation,2021-10-21,2021-10-25,2,flat,up,0.20742692011106673,0.15914907433677855,0.6334240055521544
Microsoft Corporation,2021-10-22,2021-10-26,2,up,up,0.1963557932522153,0.14279623972084515,0.6608479670269393
Microsoft Corporation,2021-10-25,2021-10-27,2,up,up,0.20022918064025183,0.18703702378492273,0.6127337955748251
Microsoft Corporation,2021-10-26,2021-10-28,2,up,up,0.18468295202187932,0.13513187010746003,0.6801851778706604
Microsoft Corporation,2021-10-27,2021-10-29,2,up,up,0.2498628014647467,0.1815931514704925,0.5685440470647604
Microsoft Corporation,2021-10-28,2021-11-01,2,up,up,0.3134750244904978,0.19875784455945214,0.4877671309500499
Microsoft Corporation,2021-10-29,2021-11-02,2,up,up,0.37055798421173536,0.22541642069890533,0.40402559508935953
Microsoft Corporation,2021-11-01,2021-11-03,2,up,down,0.4019616907446825,0.23286534084231358,0.365172968413004
Microsoft Corporation,2021-11-02,2021-11-04,2,up,down,0.414488273156817,0.22278861651101856,0.3627231103321644
Microsoft Corporation,2021-11-03,2021-11-05,2,up,down,0.44061653791567595,0.21235174763469739,0.34703171444962694
Microsoft Corporation,2021-11-04,2021-11-08,2,up,down,0.4611267760342873,0.18956185693309227,0.3493113670326208
Microsoft Corporation,2021-11-05,2021-11-09,2,flat,down,0.45986587028881964,0.18592632158741648,0.354207808123764
Microsoft Corporation,2021-11-08,2021-11-10,2,down,down,0.477304672081072,0.16009297477354054,0.3626023531453877
Microsoft Corporation,2021-11-09,2021-11-11,2,down,down,0.5042717171877013,0.17179497047562475,0.32393331233667416
Microsoft Corporation,2021-11-10,2021-11-12,2,up,up,0.36492289846925563,0.11519717009192781,0.5198799314388165
Microsoft Corporation,2021-11-11,2021-11-15,2,up,up,0.3670404703813891,0.08745295646065568,0.545506573157955
Microsoft Corporation,2021-11-12,2021-11-16,2,up,up,0.4281228830641804,0.07528754552019812,0.4965895714156213
Microsoft Corporation,2021-11-15,2021-11-17,2,up,up,0.45490309090718184,0.0799895600819055,0.46510734901091255
Microsoft Corporation,2021-11-16,2021-11-18,2,up,down,0.47783410283422467,0.08195940550589381,0.44020649165988146
Microsoft Corporation,2021-11-17,2021-11-19,2,up,down,0.4954211520127912,0.08666318090230897,0.41791566708489997
Microsoft Corporation,2021-11-18,2021-11-22,2,up,down,0.511788797983961,0.10212845583063984,0.3860827461853993
Microsoft Corporation,2021-11-19,2021-11-23,2,down,down,0.4611131886673656,0.1316482480267755,0.40723856330585895
Microsoft Corporation,2021-11-22,2021-11-24,2,down,down,0.5143346917489483,0.09657842553650074,0.38908688271455105
Microsoft Corporation,2021-11-23,2021-11-26,2,down,up,0.36405368992557574,0.09121977894267,0.5447265311317541
Microsoft Corporation,2021-11-24,2021-11-29,2,flat,up,0.342503686906354,0.06879950425610437,0.5886968088375413
Microsoft Corporation,2021-11-26,2021-11-30,2,flat,down,0.5421318763048126,0.05655698965564005,0.4013111340395474
Microsoft Corporation,2021-11-29,2021-12-01,2,down,up,0.41702435690337,0.041908103712246444,0.5410675393843833
Microsoft Corporation,2021-11-30,2021-12-02,2,down,down,0.510745490619089,0.03006915193736051,0.4591853574435505
Microsoft Corporation,2021-12-01,2021-12-03,2,down,up,0.3916830327850193,0.07213314262974896,0.5361838245852316
Microsoft Corporation,2021-12-02,2021-12-06,2,down,down,0.4750293803517638,0.05512959064301848,0.46984102900521785
Microsoft Corporation,2021-12-03,2021-12-07,2,up,down,0.4801593773862303,0.06320701328164394,0.45663360933212593
Microsoft Corporation,2021-12-06,2021-12-08,2,up,up,0.3898380332037759,0.08031440105634231,0.529847565739882
Microsoft Corporation,2021-12-07,2021-12-09,2,up,down,0.47584650321057365,0.0881273351066953,0.43602616168273095
Microsoft Corporation,2021-12-08,2021-12-10,2,up,up,0.40137657371069596,0.12319339982846562,0.4754300264608385
Microsoft Corporation,2021-12-09,2021-12-13,2,up,up,0.4113958777755285,0.1310250707061681,0.45757905151830336
Microsoft Corporation,2021-12-10,2021-12-14,2,down,up,0.3503655507637759,0.13623382384895386,0.5134006253872702
Microsoft Corporation,2021-12-13,2021-12-15,2,down,up,0.2902783797142943,0.19013467244837862,0.5195869478373267
Microsoft Corporation,2021-12-14,2021-12-16,2,flat,down,0.4477319938481123,0.1112894922073566,0.44097851394453125
Microsoft Corporation,2021-12-15,2021-12-17,2,down,up,0.42227914219974244,0.09130372795552566,0.4864171298447319
Microsoft Corporation,2021-12-16,2021-12-20,2,down,down,0.4784588313986909,0.07478449424871521,0.446756674352594
Microsoft Corporation,2021-12-17,2021-12-21,2,up,up,0.4343923187829424,0.08180848669490404,0.4837991945221537
Microsoft Corporation,2021-12-20,2021-12-22,2,up,up,0.3712657157648696,0.04642947382646451,0.582304810408666
Microsoft Corporation,2021-12-21,2021-12-23,2,up,up,0.4206538022384238,0.03824708261774339,0.5410991151438328
Microsoft Corporation,2021-12-22,2021-12-27,2,up,down,0.47291635016666694,0.0799687826662438,0.4471148671670892
Microsoft Corporation,2021-12-23,2021-12-28,2,up,up,0.40748618239517936,0.1106622607576889,0.4818515568471316
Microsoft Corporation,2021-12-27,2021-12-29,2,up,up,0.2899745721311319,0.10816902652226311,0.6018564013466047
Microsoft Corporation,2021-12-28,2021-12-30,2,down,up,0.2890949727587649,0.1216598404023515,0.5892451868388833
Microsoft Corporation,2021-12-29,2021-12-31,2,down,up,0.27147762776230794,0.10994816825580302,0.6185742039818889
Microsoft Corporation,2021-12-30,2022-01-03,2,down,up,0.27414215195741126,0.10411342582266929,0.6217444222199192
Microsoft Corporation,2021-12-31,2022-01-04,2,down,up,0.3773840481033882,0.08159790141531026,0.5410180504813015
Microsoft Corporation,2022-01-03,2022-01-05,2,down,down,0.5392993364421819,0.03953862625146389,0.42116203730635426
Microsoft Corporation,2022-01-04,2022-01-06,2,down,down,0.5048594858205074,0.04479373320518981,0.45034678097430286
Microsoft Corporation,2022-01-05,2022-01-07,2,down,up,0.42137154576433916,0.08719017182945388,0.4914382824062072
Microsoft Corporation,2022-01-06,2022-01-10,2,down,up,0.37125778326877446,0.05920557772348314,0.5695366390077424
Microsoft Corporation,2022-01-07,2022-01-11,2,flat,up,0.35140395091440474,0.05430248972952062,0.5942935593560746
Microsoft Corporation,2022-01-10,2022-01-12,2,up,up,0.3248593882660576,0.06288793356044438,0.6122526781734982
Microsoft Corporation,2022-01-11,2022-01-13,2,down,up,0.3321175646001201,0.055183417484014195,0.6126990179158656
Microsoft Corporation,2022-01-12,2022-01-14,2,down,up,0.43819900233156844,0.05543926763162599,0.5063617300368055
Microsoft Corporation,2022-01-13,2022-01-18,2,down,up,0.3269381211021231,0.1147091075412592,0.5583527713566176
Microsoft Corporation,2022-01-14,2022-01-19,2,down,up,0.3339724327843732,0.07035638224656521,0.5956711849690615
Microsoft Corporation,2022-01-18,2022-01-20,2,up,up,0.31709069966332426,0.08093019571796768,0.6019791046187078
Microsoft Corporation,2022-01-19,2022-01-21,2,down,up,0.31528744612502224,0.042107608344321236,0.6426049455306563
Microsoft Corporation,2022-01-20,2022-01-24,2,down,up,0.31139962474798377,0.05016218391529176,0.6384381913367243
Microsoft Corporation,2022-01-21,2022-01-25,2,down,up,0.3192664159463144,0.07290502467635261,0.6078285593773328
Microsoft Corporation,2022-01-24,2022-01-26,2,up,up,0.32548528528295956,0.0927684540509214,0.5817462606661189
Microsoft Corporation,2022-01-25,2022-01-27,2,up,up,0.3184421681066664,0.07303220539847018,0.6085256264948631
Microsoft Corporation,2022-01-26,2022-01-28,2,up,up,0.43028323740481766,0.05374409664103912,0.5159726659541434
Microsoft Corporation,2022-01-27,2022-01-31,2,up,up,0.4063381015152238,0.06021824918847388,0.5334436492963023
Microsoft Corporation,2022-01-28,2022-02-01,2,up,up,0.33226385597740893,0.08410947659988449,0.5836266674227064
Microsoft Corporation,2022-01-31,2022-02-02,2,up,up,0.3975861591927572,0.08805569954119777,0.5143581412660448
Microsoft Corporation,2022-02-01,2022-02-03,2,down,up,0.3800730500300492,0.08289381752459471,0.5370331324453562
Microsoft Corporation,2022-02-02,2022-02-04,2,down,up,0.39914063719702186,0.1080476095028954,0.4928117533000826
Microsoft Corporation,2022-02-03,2022-02-07,2,down,up,0.31153199651298424,0.16257479995510654,0.5258932035319092
Microsoft Corporation,2022-02-04,2022-02-08,2,down,up,0.2929343904660729,0.11547591585805106,0.5915896936758758
Microsoft Corporation,2022-02-07,2022-02-09,2,up,up,0.31957338466959423,0.11039432148121511,0.5700322938491906
Microsoft Corporation,2022-02-08,2022-02-10,2,up,up,0.3309427793633388,0.10351771256964307,0.565539508067018
Microsoft Corporation,2022-02-09,2022-02-11,2,down,up,0.35654071885314237,0.10569537588686201,0.5377639052599956
Microsoft Corporation,2022-02-10,2022-02-14,2,down,up,0.3011073724865262,0.1319739947919062,0.5669186327215676
Microsoft Corporation,2022-02-11,2022-02-15,2,flat,up,0.34901996564611765,0.10120540813811045,0.5497746262157718
Microsoft Corporation,2022-02-14,2022-02-16,2,up,up,0.31681800459904025,0.08417192608033058,0.599010069320629
Microsoft Corporation,2022-02-15,2022-02-17,2,down,up,0.3407429012486318,0.06854130703445058,0.5907157917169175
Microsoft Corporation,2022-02-16,2022-02-18,2,down,up,0.3340917769687114,0.0653624537344877,0.6005457692968008
Microsoft Corporation,2022-02-17,2022-02-22,2,down,up,0.33114104134143474,0.06859445507451832,0.6002645035840469
Microsoft Corporation,2022-02-18,2022-02-23,2,down,up,0.31597111940922795,0.04919876020154681,0.6348301203892251
Microsoft Corporation,2022-02-22,2022-02-24,2,down,up,0.30063926278839737,0.05454639448407425,0.6448143427275282
Microsoft Corporation,2022-02-23,2022-02-25,2,up,up,0.3280951440908405,0.055631890902011455,0.6162729650071479
Microsoft Corporation,2022-02-24,2022-02-28,2,up,up,0.3255211716974445,0.057115004401324124,0.6173638239012312
Microsoft Corporation,2022-02-25,2022-03-01,2,flat,up,0.3557266918301917,0.09250217699365844,0.5517711311761497
Microsoft Corporation,2022-02-28,2022-03-02,2,up,up,0.36272145223809654,0.06788758445949608,0.5693909633024072
Microsoft Corporation,2022-03-01,2022-03-03,2,up,up,0.36343478379307403,0.06462669059952858,0.5719385256073972
Microsoft Corporation,2022-03-02,2022-03-04,2,down,up,0.31140043715147653,0.09836010048719883,0.5902394623613244
Microsoft Corporation,2022-03-03,2022-03-07,2,down,up,0.32902725901470015,0.10714710922269029,0.5638256317626094
Microsoft Corporation,2022-03-04,2022-03-08,2,down,up,0.336372007230123,0.11986722347918768,0.5437607692906894
Microsoft Corporation,2022-03-07,2022-03-09,2,up,up,0.3404448944102974,0.093646805377627,0.5659083002120754
Microsoft Corporation,2022-03-08,2022-03-10,2,up,up,0.3582429111437591,0.08551764331088176,0.556239445545359
Microsoft Corporation,2022-03-09,2022-03-11,2,down,up,0.37895069692137395,0.04347916034352561,0.5775701427351005
Microsoft Corporation,2022-03-10,2022-03-14,2,down,up,0.35789481211718505,0.05165301244529049,0.5904521754375245
Microsoft Corporation,2022-03-11,2022-03-15,2,down,up,0.3839116480389046,0.06143488174700096,0.5546534702140944
Microsoft Corporation,2022-03-14,2022-03-16,2,up,up,0.340969725944174,0.07105985972021375,0.5879704143356121
Microsoft Corporation,2022-03-15,2022-03-17,2,up,up,0.323163922969226,0.061192388095696916,0.6156436889350766
Microsoft Corporation,2022-03-16,2022-03-18,2,up,up,0.37241576120444725,0.07641565527654053,0.5511685835190121
Microsoft Corporation,2022-03-17,2022-03-21,2,up,up,0.39434574544995066,0.09895928567743577,0.5066949688726136
Microsoft Corporation,2022-03-18,2022-03-22,2,up,up,0.4228044307922322,0.1065559528468489,0.4706396163609188
Microsoft Corporation,2022-03-21,2022-03-23,2,up,up,0.38439740382414933,0.1167912431881585,0.4988113529876921
Microsoft Corporation,2022-03-22,2022-03-24,2,flat,up,0.3827335158900452,0.1339537557012449,0.48331272840870976
Microsoft Corporation,2022-03-23,2022-03-25,2,up,up,0.42019537767527715,0.11510597995286159,0.46469864237186104
Microsoft Corporation,2022-03-24,2022-03-28,2,up,up,0.3621063968940015,0.11762646061592198,0.5202671424900764
Microsoft Corporation,2022-03-25,2022-03-29,2,up,up,0.27984088513980576,0.11249194566743718,0.6076671691927568
Microsoft Corporation,2022-03-28,2022-03-30,2,up,up,0.30814351741832874,0.12934696503303977,0.5625095175486311
Microsoft Corporation,2022-03-29,2022-03-31,2,down,up,0.24284294583804292,0.1311355937740927,0.626021460387864
Microsoft Corporation,2022-03-30,2022-04-01,2,down,up,0.26247694450911696,0.16769040238053504,0.5698326531103478
Microsoft Corporation,2022-03-31,2022-04-04,2,up,up,0.2818876582418667,0.1036771121258848,0.6144352296322483
Microsoft Corporation,2022-04-01,2022-04-05,2,up,up,0.31613384934117233,0.09524387180077536,0.5886222788580521
Microsoft Corporation,2022-04-04,2022-04-06,2,down,up,0.25148334594381444,0.11721973443091546,0.6312969196252699
Microsoft Corporation,2022-04-05,2022-04-07,2,down,up,0.26041082837776997,0.1505288464728073,0.5890603251494225
Microsoft Corporation,2022-04-06,2022-04-08,2,down,down,0.5271594386382878,0.04590740622781646,0.4269331551338956
Microsoft Corporation,2022-04-07,2022-04-11,2,down,down,0.5350309948615348,0.05162687967255184,0.4133421254659133
Microsoft Corporation,2022-04-08,2022-04-12,2,down,down,0.4682050427295439,0.07285419516690533,0.4589407621035509
Microsoft Corporation,2022-04-11,2022-04-13,2,down,up,0.4201091651208156,0.08803505321990597,0.49185578165927857
Microsoft Corporation,2022-04-12,2022-04-14,2,down,up,0.3720675577568822,0.06399029312734164,0.5639421491157762
Microsoft Corporation,2022-04-13,2022-04-18,2,down,up,0.3353001705482405,0.05797080512332355,0.6067290243284359
Microsoft Corporation,2022-04-14,2022-04-19,2,down,up,0.3346983755124352,0.058300275959991016,0.6070013485275737
Microsoft Corporation,2022-04-18,2022-04-20,2,up,up,0.3153784885972022,0.06316743941518796,0.6214540719876098
Microsoft Corporation,2022-04-19,2022-04-21,2,up,up,0.3258063368094691,0.041923725721104664,0.6322699374694262
Microsoft Corporation,2022-04-20,2022-04-22,2,down,up,0.39712481535041033,0.06684514492121064,0.5360300397283788
Microsoft Corporation,2022-04-21,2022-04-25,2,down,up,0.37501728715711763,0.07645545958425712,0.5485272532586253
Microsoft Corporation,2022-04-22,2022-04-26,2,down,up,0.3366410648052667,0.09216965208263676,0.5711892831120964
Microsoft Corporation,2022-04-25,2022-04-27,2,up,up,0.3379031401225862,0.05835192882587688,0.6037449310515369
Microsoft Corporation,2022-04-26,2022-04-28,2,up,up,0.2864708440302454,0.06823055254056894,0.6452986034291854
Microsoft Corporation,2022-04-27,2022-04-29,2,down,up,0.4614719916145398,0.06345342699618396,0.47507458138927633
Microsoft Corporation,2022-04-28,2022-05-02,2,down,up,0.3558066396273285,0.06354456035647153,0.5806488000161998
Microsoft Corporation,2022-04-29,2022-05-03,2,down,up,0.3416294508802189,0.08412900816618979,0.5742415409535913
Microsoft Corporation,2022-05-02,2022-05-04,2,up,up,0.29789647351077125,0.0825636428831924,0.6195398836060362
Microsoft Corporation,2022-05-03,2022-05-05,2,down,up,0.31761437123739866,0.07288473449601869,0.6095008942665825
Microsoft Corporation,2022-05-04,2022-05-06,2,down,up,0.3098189690859701,0.0922147489892355,0.5979662819247941
Microsoft Corporation,2022-05-05,2022-05-09,2,down,up,0.3535386222844199,0.09036852951178666,0.5560928482037933
Microsoft Corporation,2022-05-06,2022-05-10,2,down,up,0.31827545604204927,0.07351405366023821,0.6082104902977123
Microsoft Corporation,2022-05-09,2022-05-11,2,down,up,0.35686258808824023,0.08241317017098498,0.5607242417407746
Microsoft Corporation,2022-05-10,2022-05-12,2,down,up,0.3366901988231579,0.0413493811468998,0.6219604200299421
Microsoft Corporation,2022-05-11,2022-05-13,2,down,up,0.37173235649506714,0.07201527802754092,0.5562523654773919
Microsoft Corporation,2022-05-12,2022-05-16,2,up,up,0.33401715814786526,0.10319468502092757,0.5627881568312071
Microsoft Corporation,2022-05-13,2022-05-17,2,up,up,0.3534586911158263,0.058946312097897496,0.5875949967862761
Microsoft Corporation,2022-05-16,2022-05-18,2,down,up,0.33766723154220074,0.06091155358442646,0.6014212148733726
Microsoft Corporation,2022-05-17,2022-05-19,2,down,up,0.43471079861561535,0.07168536842213577,0.49360383296224897
Microsoft Corporation,2022-05-18,2022-05-20,2,down,up,0.3331512284535792,0.0941477682551004,0.5727010032913205
Microsoft Corporation,2022-05-19,2022-05-23,2,up,up,0.3113357840586595,0.09976773652382757,0.5888964794175128
Microsoft Corporation,2022-05-20,2022-05-24,2,up,up,0.3192734491451689,0.08567307926705282,0.595053471587778
Microsoft Corporation,2022-05-23,2022-05-25,2,up,up,0.3579135655000767,0.055343298167613034,0.5867431363323101
Microsoft Corporation,2022-05-24,2022-05-26,2,up,up,0.365856531059488,0.0736340628347059,0.5605094061058061
Microsoft Corporation,2022-05-25,2022-05-27,2,up,up,0.3351596181260211,0.10776882644564756,0.5570715554283311
Microsoft Corporation,2022-05-26,2022-05-31,2,up,up,0.39313012468002106,0.0999053173732438,0.506964557946735
Microsoft Corporation,2022-05-27,2022-06-01,2,up,up,0.3890050902102014,0.12521313280288565,0.4857817769869128
Microsoft Corporation,2022-05-31,2022-06-02,2,down,up,0.3618708016104204,0.14661263841356367,0.4915165599760158
Microsoft Corporation,2022-06-01,2022-06-03,2,down,up,0.39564121113733136,0.1324064410120693,0.4719523478505991
Microsoft Corporation,2022-06-02,2022-06-06,2,up,up,0.3130503075073521,0.14406925727018485,0.5428804352224631
Microsoft Corporation,2022-06-03,2022-06-07,2,down,up,0.3025801864837437,0.13750665313108498,0.5599131603851714
Microsoft Corporation,2022-06-06,2022-06-08,2,up,up,0.30720274782284596,0.14389556543966195,0.5489016867374922
Microsoft Corporation,2022-06-07,2022-06-09,2,down,up,0.2999854110967681,0.1346109621469477,0.5654036267562842
Microsoft Corporation,2022-06-08,2022-06-10,2,down,up,0.27580799470182904,0.14876302187949095,0.5754289834186799
Microsoft Corporation,2022-06-09,2022-06-13,2,down,up,0.30052858426515305,0.13994940086215726,0.5595220148726896
Microsoft Corporation,2022-06-10,2022-06-14,2,down,up,0.3619451028294863,0.101978279247014,0.5360766179234995
Microsoft Corporation,2022-06-13,2022-06-15,2,up,up,0.30521423370595313,0.08958504665554244,0.6052007196385043
Microsoft Corporation,2022-06-14,2022-06-16,2,up,up,0.2896707876202582,0.05679131870639007,0.6535378936733516
Microsoft Corporation,2022-06-15,2022-06-17,2,down,up,0.3980979442977097,0.04863962595430729,0.553262429747983
Microsoft Corporation,2022-06-16,2022-06-21,2,up,up,0.3339703282346588,0.07986600474431955,0.5861636670210216
Microsoft Corporation,2022-06-17,2022-06-22,2,up,up,0.3329181189977689,0.08184011720312685,0.5852417637991042
Microsoft Corporation,2022-06-21,2022-06-23,2,up,up,0.3317061883299906,0.06931464892907223,0.598979162740937
Microsoft Corporation,2022-06-22,2022-06-24,2,up,up,0.401997047837459,0.10553442087038752,0.49246853129215346
Microsoft Corporation,2022-06-23,2022-06-27,2,up,up,0.39117852716872986,0.08007542111677485,0.5287460517144951
Microsoft Corporation,2022-06-24,2022-06-28,2,down,down,0.4444168316077405,0.12684164416537635,0.4287415242268831
Microsoft Corporation,2022-06-27,2022-06-29,2,down,down,0.43186458607200395,0.16591486044959639,0.40222055347839974
Microsoft Corporation,2022-06-28,2022-06-30,2,down,up,0.34893276305382764,0.16946018822349374,0.4816070487226786
Microsoft Corporation,2022-06-29,2022-07-01,2,down,up,0.32301311172208785,0.16987131471358083,0.5071155735643313
Microsoft Corporation,2022-06-30,2022-07-05,2,up,up,0.29861633776541113,0.1540540079425644,0.5473296542920244
Microsoft Corporation,2022-07-01,2022-07-06,2,up,up,0.3408656124876429,0.09862021690311591,0.5605141706092411
Microsoft Corporation,2022-07-05,2022-07-07,2,up,up,0.3370550394807831,0.1151460095584218,0.5477989509607951
Microsoft Corporation,2022-07-06,2022-07-08,2,up,up,0.37400604529840065,0.16592522027016915,0.46006873443143015
Microsoft Corporation,2022-07-07,2022-07-11,2,down,down,0.41114468715102914,0.17898424021820522,0.4098710726307655
Microsoft Corporation,2022-07-08,2022-07-12,2,down,down,0.42463205585124664,0.17128069057202186,0.40408725357673136
Microsoft Corporation,2022-07-11,2022-07-13,2,down,up,0.39869678436266076,0.17446339040588785,0.4268398252314512
Microsoft Corporation,2022-07-12,2022-07-14,2,down,up,0.36411750077600646,0.13810662320399214,0.49777587602000134
Microsoft Corporation,2022-07-13,2022-07-15,2,up,up,0.34411096072185965,0.10873320906327714,0.5471558302148631
Microsoft Corporation,2022-07-14,2022-07-18,2,up,up,0.36163587651019774,0.06486461906953156,0.5734995044202705
Microsoft Corporation,2022-07-15,2022-07-19,2,up,up,0.36393317527119395,0.04622913589552875,0.5898376888332774
Microsoft Corporation,2022-07-18,2022-07-20,2,up,up,0.42458370173765103,0.06879569156608059,0.5066206066962683
Microsoft Corporation,2022-07-19,2022-07-21,2,up,up,0.3601236382597447,0.1037446207391414,0.5361317410011139
Microsoft Corporation,2022-07-20,2022-07-22,2,up,up,0.41416279988986127,0.11166120128386589,0.4741759988262727
Microsoft Corporation,2022-07-21,2022-07-25,2,down,down,0.47353586083223365,0.12927519306131102,0.39718894610645533
Microsoft Corporation,2022-07-22,2022-07-26,2,down,up,0.4180193744553426,0.15133928800126678,0.4306413375433905
Microsoft Corporation,2022-07-25,2022-07-27,2,up,up,0.41007344234322174,0.15340573288683376,0.4365208247699446
Microsoft Corporation,2022-07-26,2022-07-28,2,up,up,0.3368724381599472,0.1234989157242946,0.5396286461157582
Microsoft Corporation,2022-07-27,2022-07-29,2,up,up,0.3578063791948926,0.09497320129450346,0.5472204195106037
Microsoft Corporation,2022-07-28,2022-08-01,2,up,up,0.26743413613997147,0.14036993827699437,0.592195925583034
Microsoft Corporation,2022-07-29,2022-08-02,2,down,up,0.25285359562306686,0.1612705405596727,0.5858758638172604
Microsoft Corporation,2022-08-01,2022-08-03,2,up,up,0.24896647391938312,0.16642331604566002,0.5846102100349568
Microsoft Corporation,2022-08-02,2022-08-04,2,up,up,0.30490243813421064,0.1058285679612249,0.5892689939045644
Microsoft Corporation,2022-08-03,2022-08-05,2,up,up,0.25086480927618265,0.11859288483914282,0.6305423058846744
Microsoft Corporation,2022-08-04,2022-08-08,2,flat,up,0.23026322444012529,0.16360911199205364,0.606127663567821
Microsoft Corporation,2022-08-05,2022-08-09,2,flat,up,0.2735071568234247,0.20167403688852892,0.5248188062880461
Microsoft Corporation,2022-08-08,2022-08-10,2,up,up,0.20400926693821264,0.20159660648614947,0.5943941265756376
Microsoft Corporation,2022-08-09,2022-08-11,2,up,up,0.2764909747994255,0.13072501834488995,0.5927840068556842
Microsoft Corporation,2022-08-10,2022-08-12,2,up,up,0.27312118054113954,0.17275609199229586,0.5541227274665644
Microsoft Corporation,2022-08-11,2022-08-15,2,up,up,0.31218797541810067,0.2552228598510771,0.4325891647308222
Microsoft Corporation,2022-08-12,2022-08-16,2,up,up,0.3023870377619584,0.2565642294744876,0.44104873276355383
Microsoft Corporation,2022-08-15,2022-08-17,2,down,up,0.33906904144930067,0.19301018798238576,0.4679207705683136
Microsoft Corporation,2022-08-16,2022-08-18,2,down,up,0.36786709029612424,0.17693798908384817,0.45519492062002753
Microsoft Corporation,2022-08-17,2022-08-19,2,down,up,0.3834835739664335,0.1920704663690117,0.42444595966455473
Microsoft Corporation,2022-08-18,2022-08-22,2,down,up,0.3649160734752694,0.1272072404364893,0.507876686088241
Microsoft Corporation,2022-08-19,2022-08-23,2,down,up,0.44810011170132347,0.07028465783894938,0.48161523045972715
Microsoft Corporation,2022-08-22,2022-08-24,2,down,down,0.569064304906449,0.04328514266196429,0.38765055243158686
Microsoft Corporation,2022-08-23,2022-08-25,2,up,down,0.5817204893146398,0.07131856890410727,0.3469609417812533
Microsoft Corporation,2022-08-24,2022-08-26,2,down,down,0.5001826234928123,0.10057636273270265,0.39924101377448523
Microsoft Corporation,2022-08-25,2022-08-29,2,down,down,0.45714974897561933,0.0868124426706218,0.45603780835375907
Microsoft Corporation,2022-08-26,2022-08-30,2,down,down,0.4729342896047238,0.08498247188133769,0.44208323851393877
Microsoft Corporation,2022-08-29,2022-08-31,2,down,up,0.35189148166826745,0.0808386982328859,0.5672698200988466
Microsoft Corporation,2022-08-30,2022-09-01,2,down,up,0.32332531217823784,0.06485194342196891,0.6118227443997931
Microsoft Corporation,2022-08-31,2022-09-02,2,down,up,0.3267570422424901,0.04975239693272676,0.623490560824783
Microsoft Corporation,2022-09-01,2022-09-06,2,down,up,0.35167634013686827,0.05713818111591931,0.5911854787472124
Microsoft Corporation,2022-09-02,2022-09-07,2,down,up,0.312699742736001,0.06686392832725076,0.6204363289367482
Microsoft Corporation,2022-09-06,2022-09-08,2,up,up,0.3317404469854385,0.056946968973812136,0.6113125840407494
Microsoft Corporation,2022-09-07,2022-09-09,2,up,up,0.3187371444471398,0.05287328594309335,0.6283895696097667
Microsoft Corporation,2022-09-08,2022-09-12,2,up,up,0.33054915852673256,0.05846842119201615,0.6109824202812512
Microsoft Corporation,2022-09-09,2022-09-13,2,down,up,0.40037071940824254,0.07630254781036591,0.5233267327813914
Microsoft Corporation,2022-09-12,2022-09-14,2,down,up,0.3923143802141621,0.06979053847387197,0.5378950813119656
Microsoft Corporation,2022-09-13,2022-09-15,2,down,up,0.3402621448299225,0.1357931634920283,0.523944691678049
Microsoft Corporation,2022-09-14,2022-09-16,2,down,up,0.3640852975626967,0.06494126120798523,0.5709734412293179
Microsoft Corporation,2022-09-15,2022-09-19,2,down,up,0.34605615397283734,0.08785431252927692,0.5660895334978856
Microsoft Corporation,2022-09-16,2022-09-20,2,down,up,0.3127727126941695,0.08022048831677164,0.6070067989890586
Microsoft Corporation,2022-09-19,2022-09-21,2,down,up,0.28131654395843225,0.07666593098976039,0.6420175250518072
Microsoft Corporation,2022-09-20,2022-09-22,2,down,up,0.250985715778091,0.0867960123435979,0.6622182718783111
Microsoft Corporation,2022-09-21,2022-09-23,2,down,up,0.26504168498945974,0.08656625167920652,0.6483920633313335
Microsoft Corporation,2022-09-22,2022-09-26,2,down,up,0.24709677982444858,0.08640062809068713,0.6665025920848643
Microsoft Corporation,2022-09-23,2022-09-27,2,flat,up,0.22713877840281263,0.08416070456771349,0.6887005170294738
Microsoft Corporation,2022-09-26,2022-09-28,2,up,up,0.22524477129733497,0.09093214016605346,0.6838230885366113
Microsoft Corporation,2022-09-27,2022-09-29,2,down,up,0.23236175502960582,0.10131732267812862,0.6663209222922652
Microsoft Corporation,2022-09-28,2022-09-30,2,down,up,0.1933640190883014,0.13906376364389256,0.6675722172678058
Microsoft Corporation,2022-09-29,2022-10-03,2,flat,up,0.2092990610725504,0.126226731421138,0.6644742075063113
Microsoft Corporation,2022-09-30,2022-10-04,2,up,up,0.21535407933778639,0.12164228297006567,0.6630036376921477
Microsoft Corporation,2022-10-03,2022-10-05,2,up,up,0.1732586407993875,0.11066817835651241,0.7160731808440999
Microsoft Corporation,2022-10-04,2022-10-06,2,flat,up,0.34796681235784277,0.12504303109376333,0.5269901565483938
Microsoft Corporation,2022-10-05,2022-10-07,2,down,up,0.3542396659255313,0.1093995221572458,0.536360811917223
Microsoft Corporation,2022-10-06,2022-10-10,2,down,up,0.3685445743353476,0.11582802297880951,0.515627402685843
Microsoft Corporation,2022-10-07,2022-10-11,2,down,up,0.30729187341061837,0.1678552708077742,0.5248528557816072
Microsoft Corporation,2022-10-10,2022-10-12,2,down,up,0.28439205296231207,0.13909123051044178,0.5765167165272461
Microsoft Corporation,2022-10-11,2022-10-13,2,up,up,0.23869482386434357,0.1447865723484082,0.6165186037872481
Microsoft Corporation,2022-10-12,2022-10-14,2,up,up,0.2532820873360329,0.10719188899895357,0.6395260236650133
Microsoft Corporation,2022-10-13,2022-10-17,2,up,up,0.23912906899409223,0.08556226810211691,0.6753086629037907
Microsoft Corporation,2022-10-14,2022-10-18,2,up,up,0.31950888953495105,0.08497539647732441,0.5955157139877245
Microsoft Corporation,2022-10-17,2022-10-19,2,flat,up,0.35487404293614083,0.15182176884140183,0.49330418822245714
Microsoft Corporation,2022-10-18,2022-10-20,2,down,up,0.4071461716327762,0.1107893569931508,0.4820644713740729
Microsoft Corporation,2022-10-19,2022-10-21,2,up,up,0.3444771645884787,0.12573068135067522,0.529792154060846
Microsoft Corporation,2022-10-20,2022-10-24,2,up,up,0.3219927796071005,0.11233866458759292,0.5656685558053067
Microsoft Corporation,2022-10-21,2022-10-25,2,up,up,0.33527696769307735,0.15035375691005046,0.5143692753968722
Microsoft Corporation,2022-10-24,2022-10-26,2,down,up,0.43923254146361,0.12047817137476616,0.44028928716162374
Microsoft Corporation,2022-10-25,2022-10-27,2,down,up,0.3829860959282901,0.11227575504184084,0.5047381490298689
Microsoft Corporation,2022-10-26,2022-10-28,2,down,up,0.2911282506300708,0.15751469205487612,0.551357057315053
Microsoft Corporation,2022-10-27,2022-10-31,2,up,up,0.26593747526329115,0.1126459660179262,0.6214165587187824
Microsoft Corporation,2022-10-28,2022-11-01,2,flat,up,0.29563623088008556,0.10998523841313695,0.5943785307067774
Microsoft Corporation,2022-10-31,2022-11-02,2,down,up,0.2893570444722304,0.14048846783156463,0.570154487696205
Microsoft Corporation,2022-11-01,2022-11-03,2,down,up,0.30700342145783227,0.10585726644133653,0.587139312100831
Microsoft Corporation,2022-11-02,2022-11-04,2,down,up,0.25135200137069696,0.11302606573509394,0.6356219328942088
Microsoft Corporation,2022-11-03,2022-11-07,2,up,up,0.28989447748826774,0.13773444779307412,0.5723710747186579
Microsoft Corporation,2022-11-04,2022-11-08,2,up,up,0.3276101489639969,0.08795527787176997,0.5844345731642329
Microsoft Corporation,2022-11-07,2022-11-09,2,up,up,0.31527348841961617,0.07341436516789876,0.6113121464124849
Microsoft Corporation,2022-11-08,2022-11-10,2,up,up,0.38090364277875904,0.1162992559482999,0.502797101272941
Microsoft Corporation,2022-11-09,2022-11-11,2,up,up,0.2872705091503971,0.18162589716271993,0.531103593686883
Microsoft Corporation,2022-11-10,2022-11-14,2,up,down,0.48225337309099314,0.15888277789982236,0.3588638490091847
Microsoft Corporation,2022-11-11,2022-11-15,2,down,down,0.44259607297338394,0.14115458481531046,0.4162493422113057
Microsoft Corporation,2022-11-14,2022-11-16,2,up,up,0.42795454610838735,0.11115500107526946,0.4608904528163431
Microsoft Corporation,2022-11-15,2022-11-17,2,down,up,0.39874009406030025,0.09870347984149214,0.5025564260982075
Microsoft Corporation,2022-11-16,2022-11-18,2,flat,up,0.43806481873006065,0.09888311722894744,0.463052064040992
Microsoft Corporation,2022-11-17,2022-11-21,2,up,down,0.4831019618984035,0.15916487420014921,0.35773316390144744
Microsoft Corporation,2022-11-18,2022-11-22,2,up,down,0.46149985830578705,0.0918967263985137,0.4466034152956992
Microsoft Corporation,2022-11-21,2022-11-23,2,up,up,0.3938382731067228,0.17910110782465943,0.42706061906861753
Microsoft Corporation,2022-11-22,2022-11-25,2,up,up,0.3782411424312662,0.1601248266593425,0.46163403090939104
Microsoft Corporation,2022-11-23,2022-11-28,2,down,up,0.351463567045315,0.11944352842342974,0.5290929045312551
Microsoft Corporation,2022-11-25,2022-11-29,2,down,up,0.2897108373020359,0.16322140198726806,0.5470677607106962
Microsoft Corporation,2022-11-28,2022-11-30,2,up,down,0.4679223819334476,0.14365500288247687,0.3884226151840757
Microsoft Corporation,2022-11-29,2022-12-01,2,up,down,0.5255998872553659,0.13485722655679924,0.339542886187835
Microsoft Corporation,2022-11-30,2022-12-02,2,up,up,0.37857456597976724,0.10639365432872917,0.5150317796915035
Microsoft Corporation,2022-12-01,2022-12-05,2,down,up,0.29421195076061774,0.11631549066523071,0.5894725585741516
Microsoft Corporation,2022-12-02,2022-12-06,2,down,up,0.36627551282408805,0.17396792620040652,0.4597565609755055
Microsoft Corporation,2022-12-05,2022-12-07,2,down,up,0.3995875618759873,0.11290671358589156,0.4875057245381212
Microsoft Corporation,2022-12-06,2022-12-08,2,down,down,0.4846237826718683,0.07493995546631713,0.4404362618618147
Microsoft Corporation,2022-12-07,2022-12-09,2,up,down,0.657452889189897,0.05805944287830242,0.28448766793180064
Microsoft Corporation,2022-12-08,2022-12-12,2,up,down,0.5393449510149642,0.0952569241350497,0.36539812484998635
Microsoft Corporation,2022-12-09,2022-12-13,2,up,down,0.5871527655717703,0.06651351292244492,0.3463337215057849
Microsoft Corporation,2022-12-12,2022-12-14,2,up,up,0.41117574089390907,0.10093742259261865,0.48788683651347237
Microsoft Corporation,2022-12-13,2022-12-15,2,down,up,0.22897233942297238,0.12860267824011573,0.6424249823369119
Microsoft Corporation,2022-12-14,2022-12-16,2,down,up,0.25605346764355535,0.15286637135643114,0.5910801610000133
Microsoft Corporation,2022-12-15,2022-12-19,2,down,down,0.4771416160890952,0.12283758340047553,0.40002080051042954
Microsoft Corporation,2022-12-16,2022-12-20,2,down,down,0.5646439697181703,0.09767730753987268,0.33767872274195726
Microsoft Corporation,2022-12-19,2022-12-21,2,up,down,0.5967897881955714,0.0741860723681893,0.32902413943623954
Microsoft Corporation,2022-12-20,2022-12-22,2,down,down,0.5499174769254639,0.10019494436643989,0.3498875787080968
Microsoft Corporation,2022-12-21,2022-12-23,2,down,down,0.49576410181298997,0.07262891579294874,0.4316069823940613
Microsoft Corporation,2022-12-22,2022-12-27,2,down,down,0.47420693384959095,0.11600460265385498,0.4097884634965542
Microsoft Corporation,2022-12-23,2022-12-28,2,down,up,0.32603523968390596,0.08942054433461291,0.5845442159814812
Microsoft Corporation,2022-12-27,2022-12-29,2,up,up,0.31698089683486974,0.08249507155957365,0.6005240316055567
Microsoft Corporation,2022-12-28,2022-12-30,2,up,up,0.32612379733552027,0.07549029301719415,0.5983859096472854
Microsoft Corporation,2022-12-29,2023-01-03,2,up,up,0.33560556630035265,0.04983247087439458,0.6145619628252528
Microsoft Corporation,2022-12-30,2023-01-04,2,down,up,0.27558594268586684,0.1030004113036226,0.6214136460105104
Microsoft Corporation,2023-01-03,2023-01-05,2,down,up,0.32212686140398117,0.10964952116042713,0.5682236174355917
Microsoft Corporation,2023-01-04,2023-01-06,2,down,up,0.255097370098087,0.08524267684886136,0.6596599530530515
Microsoft Corporation,2023-01-05,2023-01-09,2,up,up,0.2694707666455126,0.10737500406816265,0.6231542292863247
Microsoft Corporation,2023-01-06,2023-01-10,2,up,up,0.26790801868378467,0.10085703656127404,0.6312349447549411
Microsoft Corporation,2023-01-09,2023-01-11,2,up,up,0.27766264680231123,0.06875955616250014,0.6535777970351885
Microsoft Corporation,2023-01-10,2023-01-12,2,up,up,0.3020352767428809,0.10776799947991178,0.5901967237772072
Microsoft Corporation,2023-01-11,2023-01-13,2,up,up,0.32626529539069005,0.14555619233219666,0.5281785122771133
Microsoft Corporation,2023-01-12,2023-01-17,2,up,up,0.42292666186851086,0.12515272158084,0.45192061655064913
Microsoft Corporation,2023-01-13,2023-01-18,2,up,up,0.4170367786336114,0.15107221394822892,0.4318910074181597
Microsoft Corporation,2023-01-17,2023-01-19,2,down,up,0.4094462232240341,0.1486408910435058,0.4419128857324601
Microsoft Corporation,2023-01-18,2023-01-20,2,down,up,0.37177999354763375,0.12065369036486223,0.5075663160875041
Microsoft Corporation,2023-01-19,2023-01-23,2,up,up,0.29946544652580653,0.18044973255939642,0.520084820914797
Microsoft Corporation,2023-01-20,2023-01-24,2,up,up,0.28546425432769806,0.18658954976569206,0.5279461959066096
Microsoft Corporation,2023-01-23,2023-01-25,2,down,up,0.4058282783604028,0.12605397104607177,0.4681177505935253
Microsoft Corporation,2023-01-24,2023-01-26,2,up,down,0.4157608881513822,0.2383404049478342,0.3458987069007836
Microsoft Corporation,2023-01-25,2023-01-27,2,up,up,0.2878115386802541,0.21614741537609755,0.4960410459436481
Microsoft Corporation,2023-01-26,2023-01-30,2,down,up,0.3514812096277108,0.10853360206417666,0.5399851883081125
Microsoft Corporation,2023-01-27,2023-01-31,2,down,up,0.3723285165268902,0.0746090643164289,0.5530624191566809
Microsoft Corporation,2023-01-30,2023-02-01,2,up,down,0.5304111317728107,0.1349648597503976,0.3346240084767919
Microsoft Corporation,2023-01-31,2023-02-02,2,up,up,0.3659100589386987,0.12095849059883332,0.5131314504624678
Microsoft Corporation,2023-02-01,2023-02-03,2,up,up,0.31331011900130007,0.06803554445866938,0.6186543365400304
Microsoft Corporation,2023-02-02,2023-02-06,2,down,up,0.25259765632259595,0.1434569949992805,0.6039453486781237
Microsoft Corporation,2023-02-03,2023-02-07,2,up,up,0.2655796259063663,0.17771561770836963,0.556704756385264
Microsoft Corporation,2023-02-06,2023-02-08,2,up,up,0.322161633217606,0.13414691319160674,0.5436914535907872
Microsoft Corporation,2023-02-07,2023-02-09,2,up,up,0.25979750710525185,0.12444279524506734,0.6157596976496807
Microsoft Corporation,2023-02-08,2023-02-10,2,down,up,0.3005380859224431,0.21578196833069607,0.48367994574686096
Microsoft Corporation,2023-02-09,2023-02-13,2,up,up,0.2539414630737758,0.32250617814858273,0.42355235877764136
Microsoft Corporation,2023-02-10,2023-02-14,2,up,up,0.3302089728461791,0.31965087036423195,0.35014015678958893
Microsoft Corporation,2023-02-13,2023-02-15,2,down,up,0.28972068888827296,0.22466179505185732,0.4856175160598697
Microsoft Corporation,2023-02-14,2023-02-16,2,down,down,0.4062635066580992,0.23028797932586564,0.36344851401603523
Microsoft Corporation,2023-02-15,2023-02-17,2,down,down,0.45696158241957235,0.2214259648390887,0.32161245274133926
Microsoft Corporation,2023-02-16,2023-02-21,2,down,down,0.5497462606098718,0.09580741106796153,0.35444632832216677
Microsoft Corporation,2023-02-17,2023-02-22,2,down,down,0.6095353387491155,0.08189176978900281,0.30857289146188205
Microsoft Corporation,2023-02-21,2023-02-23,2,up,down,0.673420078314934,0.07254675005116948,0.2540331716338968
Microsoft Corporation,2023-02-22,2023-02-24,2,down,down,0.6278269697395755,0.09259226796830788,0.2795807622921171
Microsoft Corporation,2023-02-23,2023-02-27,2,down,down,0.5899185809842724,0.08243465673935506,0.3276467622763728
Microsoft Corporation,2023-02-24,2023-02-28,2,flat,down,0.5977786188266131,0.09742063639153775,0.3048007447818495
Microsoft Corporation,2023-02-27,2023-03-01,2,down,down,0.4858788656266374,0.08617001605774163,0.4279511183156211
Microsoft Corporation,2023-02-28,2023-03-02,2,down,down,0.5377544299874322,0.07744373568445286,0.38480183432811493
Microsoft Corporation,2023-03-01,2023-03-03,2,up,down,0.5480167350805261,0.08828736227185816,0.3636959026476159
Microsoft Corporation,2023-03-02,2023-03-06,2,up,down,0.45522937438351746,0.094249545641402,0.4505210799750806
Microsoft Corporation,2023-03-03,2023-03-07,2,up,down,0.5285406529827334,0.09972630943037172,0.37173303758689513
Microsoft Corporation,2023-03-06,2023-03-08,2,down,up,0.4332434564718526,0.10413999001949437,0.46261655350865305
Microsoft Corporation,2023-03-07,2023-03-09,2,down,down,0.4616799394807956,0.14074154091060836,0.3975785196085962
Microsoft Corporation,2023-03-08,2023-03-10,2,down,down,0.47936492275630094,0.10967350580662064,0.4109615714370786
Microsoft Corporation,2023-03-09,2023-03-13,2,down,up,0.41900848385443135,0.11336806724695746,0.4676234488986112
Microsoft Corporation,2023-03-10,2023-03-14,2,up,down,0.5560165103739605,0.051699201067103136,0.3922842885589364
Microsoft Corporation,2023-03-13,2023-03-15,2,up,up,0.4177350890794839,0.06376739092679702,0.5184975199937191
Microsoft Corporation,2023-03-14,2023-03-16,2,up,up,0.44223063968830284,0.09950670330172395,0.4582626570099732
Microsoft Corporation,2023-03-15,2023-03-17,2,up,up,0.2511907240720404,0.1102889025928126,0.6385203733351466
Microsoft Corporation,2023-03-16,2023-03-20,2,up,up,0.21055637970979416,0.18461885199773176,0.604824768292474
Microsoft Corporation,2023-03-17,2023-03-21,2,down,up,0.2538482222651638,0.1894462539697545,0.5567055237650813
Microsoft Corporation,2023-03-20,2023-03-22,2,up,up,0.297487221855718,0.1863691002489105,0.5161436778953713
Microsoft Corporation,2023-03-21,2023-03-23,2,up,up,0.2322926295663596,0.17827304755599582,0.5894343228776444
Microsoft Corporation,2023-03-22,2023-03-24,2,up,up,0.2136962822198843,0.19091731276870635,0.5953864050114092
Microsoft Corporation,2023-03-23,2023-03-27,2,flat,up,0.23484016446294687,0.1926294198829532,0.5725304156540997
Microsoft Corporation,2023-03-24,2023-03-28,2,down,up,0.21110086293538427,0.2737380410551997,0.5151610960094156
Microsoft Corporation,2023-03-27,2023-03-29,2,up,up,0.2848733712350351,0.29093607709467006,0.4241905516702947
Microsoft Corporation,2023-03-28,2023-03-30,2,up,up,0.34160222856549977,0.15142646574210322,0.5069713056923965
Microsoft Corporation,2023-03-29,2023-03-31,2,up,up,0.2718795093377263,0.17241236310472033,0.5557081275575534
Microsoft Corporation,2023-03-30,2023-04-03,2,up,up,0.31370076449458434,0.17569462569104183,0.5106046098143738
Microsoft Corporation,2023-03-31,2023-04-04,2,up,down,0.4058442567439793,0.19136685157464325,0.4027888916813774
Microsoft Corporation,2023-04-03,2023-04-05,2,down,down,0.4240191274640999,0.22293189112662276,0.35304898140927743
Microsoft Corporation,2023-04-04,2023-04-06,2,flat,up,0.35806101488301245,0.20892802990328402,0.4330109552137034
Microsoft Corporation,2023-04-05,2023-04-10,2,up,up,0.39382386112993417,0.13232355944876484,0.47385257942130105
Microsoft Corporation,2023-04-06,2023-04-11,2,down,up,0.3765338749987286,0.11017325919487816,0.5132928658063932
Microsoft Corporation,2023-04-10,2023-04-12,2,down,up,0.3830985354632512,0.09705311581968136,0.5198483487170673
Microsoft Corporation,2023-04-11,2023-04-13,2,up,down,0.46158605688816146,0.10080296254860484,0.4376109805632338
Microsoft Corporation,2023-04-12,2023-04-14,2,up,up,0.4369281222826841,0.07747136457972878,0.48560051313758706
Microsoft Corporation,2023-04-13,2023-04-17,2,up,up,0.36873826157146505,0.07907912080192951,0.5521826176266054
Microsoft Corporation,2023-04-14,2023-04-18,2,up,up,0.3814315933322284,0.07661101313944274,0.5419573935283287
Microsoft Corporation,2023-04-17,2023-04-19,2,down,up,0.3930013951993456,0.06359048009767224,0.5434081247029819
Microsoft Corporation,2023-04-18,2023-04-20,2,down,up,0.38051476973814274,0.08966822710210064,0.5298170031597565
Microsoft Corporation,2023-04-19,2023-04-21,2,down,up,0.39905485083847664,0.0547420960857257,0.5462030530757975
Microsoft Corporation,2023-04-20,2023-04-24,2,down,up,0.34232931542405576,0.04917149574232118,0.6084991888336229
Microsoft Corporation,2023-04-21,2023-04-25,2,down,up,0.36658941707962606,0.04720238190371809,0.5862082010166558
Microsoft Corporation,2023-04-24,2023-04-26,2,up,down,0.577770358987724,0.025004506117743422,0.3972251348945327
Microsoft Corporation,2023-04-25,2023-04-27,2,up,down,0.5717669681325388,0.054354502179848226,0.3738785296876132
Microsoft Corporation,2023-04-26,2023-04-28,2,up,up,0.35844176153400403,0.14333478155653442,0.4982234569094615
Microsoft Corporation,2023-04-27,2023-05-01,2,up,up,0.30589739945085065,0.13783946209120657,0.5562631384579427
Microsoft Corporation,2023-04-28,2023-05-02,2,up,up,0.2833999632920017,0.14994399959382673,0.5666560371141717
Microsoft Corporation,2023-05-01,2023-05-03,2,down,up,0.34608658096124034,0.2154197378906873,0.43849368114807236
Microsoft Corporation,2023-05-02,2023-05-04,2,down,up,0.39898550163055435,0.17311692852469013,0.4278975698447556
Microsoft Corporation,2023-05-03,2023-05-05,2,up,up,0.3556387495879325,0.1740811083007995,0.4702801421112679
Microsoft Corporation,2023-05-04,2023-05-08,2,up,up,0.3586571032272904,0.1906670985100586,0.45067579826265086
Microsoft Corporation,2023-05-05,2023-05-09,2,flat,up,0.3806054052673699,0.1483706074905092,0.47102398724212075
Microsoft Corporation,2023-05-08,2023-05-10,2,up,up,0.3695976306272167,0.15508576410058408,0.4753166052721992
Microsoft Corporation,2023-05-09,2023-05-11,2,up,up,0.415305105064707,0.1343747518965297,0.45032014303876317
Microsoft Corporation,2023-05-10,2023-05-12,2,down,up,0.4453401781675727,0.09866185813849988,0.4559979636939274
Microsoft Corporation,2023-05-11,2023-05-15,2,flat,up,0.43981865031092104,0.11691699091709169,0.44326435877198733
Microsoft Corporation,2023-05-12,2023-05-16,2,up,up,0.415989836177391,0.12160217144868084,0.46240799237392805
Microsoft Corporation,2023-05-15,2023-05-17,2,up,up,0.3636090427837505,0.11644322669069183,0.5199477305255573
Microsoft Corporation,2023-05-16,2023-05-18,2,up,up,0.3989261727068867,0.08950366110184912,0.511570166191264
Microsoft Corporation,2023-05-17,2023-05-19,2,up,up,0.3988928513732358,0.11610489321802327,0.4850022554087409
Microsoft Corporation,2023-05-18,2023-05-22,2,up,down,0.47930801332470124,0.10643173821489917,0.41426024846039977
Microsoft Corporation,2023-05-19,2023-05-23,2,up,down,0.5110312936259507,0.12532562528931937,0.36364308108473004
Microsoft Corporation,2023-05-22,2023-05-24,2,down,down,0.47575786990923896,0.133290768223124,0.39095136186763724
Microsoft Corporation,2023-05-23,2023-05-25,2,up,down,0.44572365735199554,0.12520267089222575,0.42907367175577876
Microsoft Corporation,2023-05-24,2023-05-26,2,up,up,0.3499363101693286,0.07500246992177911,0.575061219908892
Microsoft Corporation,2023-05-25,2023-05-30,2,up,up,0.4458565218054856,0.08356787834526479,0.47057559984924974
Microsoft Corporation,2023-05-26,2023-05-31,2,up,down,0.45399782542647316,0.11384708516789059,0.43215508940563635
Microsoft Corporation,2023-05-30,2023-06-01,2,down,down,0.45007141580406296,0.1251327229416285,0.4247958612543086
Microsoft Corporation,2023-05-31,2023-06-02,2,up,up,0.4064432217317951,0.15179221709399202,0.4417645611742128
Microsoft Corporation,2023-06-01,2023-06-05,2,up,up,0.3785722480006367,0.13010811232071678,0.49131963967864645
Microsoft Corporation,2023-06-02,2023-06-06,2,down,up,0.41817937911978154,0.11025671964343065,0.4715639012367877
Microsoft Corporation,2023-06-05,2023-06-07,2,down,down,0.454450736000385,0.1455462503962225,0.4000030136033926
Microsoft Corporation,2023-06-06,2023-06-08,2,down,up,0.42106894831705755,0.13590413808359514,0.44302691359934726
Microsoft Corporation,2023-06-07,2023-06-09,2,down,up,0.4495037800490534,0.08591896112228778,0.4645772588286588
Microsoft Corporation,2023-06-08,2023-06-12,2,up,down,0.5305482333362539,0.07103941359240772,0.39841235307133843
Microsoft Corporation,2023-06-09,2023-06-13,2,up,up,0.4618020411605436,0.07558207800515028,0.46261588083430605
Microsoft Corporation,2023-06-12,2023-06-14,2,up,down,0.46953029288746223,0.0699351707942577,0.4605345363182799
Microsoft Corporation,2023-06-13,2023-06-15,2,up,up,0.41707103345248314,0.10811999289145602,0.4748089736560608
Microsoft Corporation,2023-06-14,2023-06-16,2,up,up,0.4253868684397528,0.14486473923246096,0.4297483923277862
Microsoft Corporation,2023-06-15,2023-06-20,2,down,up,0.3350967998315105,0.13672654996708122,0.5281766502014079
Microsoft Corporation,2023-06-16,2023-06-21,2,down,up,0.37442427158468417,0.144669105227917,0.4809066231873987
Microsoft Corporation,2023-06-20,2023-06-22,2,down,down,0.4544443474419436,0.11672606784170847,0.4288295847163479
Microsoft Corporation,2023-06-21,2023-06-23,2,flat,up,0.42128413107025575,0.07140103499778912,0.5073148339319552
Microsoft Corporation,2023-06-22,2023-06-26,2,down,up,0.36774038924944025,0.07746075635981642,0.5547988543907433
Microsoft Corporation,2023-06-23,2023-06-27,2,down,down,0.4965794683669996,0.07763771098249855,0.4257828206505019
Microsoft Corporation,2023-06-26,2023-06-28,2,up,down,0.5375466376888696,0.05508189225405388,0.40737147005707686
Microsoft Corporation,2023-06-27,2023-06-29,2,up,up,0.4403523296101731,0.05915600682397159,0.5004916635658553
Microsoft Corporation,2023-06-28,2023-06-30,2,up,up,0.38150584199304466,0.07332193221432283,0.5451722257926322
Microsoft Corporation,2023-06-29,2023-07-03,2,up,up,0.40274886733844345,0.07955109459050136,0.517700038071055
Microsoft Corporation,2023-06-30,2023-07-05,2,down,up,0.38279671052301184,0.10483673222973942,0.5123665572472488
Microsoft Corporation,2023-07-03,2023-07-06,2,flat,up,0.3733689437441627,0.11414289063222353,0.5124881656236137
Microsoft Corporation,2023-07-05,2023-07-07,2,up,up,0.3876986142328419,0.10783424859117574,0.5044671371759825
Microsoft Corporation,2023-07-06,2023-07-10,2,down,up,0.29923573071394244,0.1186367226485355,0.582127546637522
Microsoft Corporation,2023-07-07,2023-07-11,2,down,up,0.33511891275419253,0.11538322206078243,0.5494978651850251
Microsoft Corporation,2023-07-10,2023-07-12,2,up,down,0.5703176703512696,0.058452073982771836,0.37123025566595863
Microsoft Corporation,2023-07-11,2023-07-13,2,up,down,0.5176716650601728,0.05608964652483746,0.4262386884149899
Microsoft Corporation,2023-07-12,2023-07-14,2,up,up,0.37552099982732523,0.07523576068412559,0.549243239488549
Microsoft Corporation,2023-07-13,2023-07-17,2,up,up,0.37661866593988996,0.11664478682196211,0.5067365472381479
Microsoft Corporation,2023-07-14,2023-07-18,2,up,up,0.2672759170737128,0.1262210692434949,0.606503013682792
Microsoft Corporation,2023-07-17,2023-07-19,2,up,up,0.30856538777594933,0.12354002311441419,0.5678945891096362
Microsoft Corporation,2023-07-18,2023-07-20,2,down,up,0.22295437898063597,0.12725469677383736,0.6497909242455266
Microsoft Corporation,2023-07-19,2023-07-21,2,down,up,0.21936648580123855,0.15290562076712996,0.6277278934316312
Microsoft Corporation,2023-07-20,2023-07-24,2,down,up,0.3173385443923604,0.13041419983298758,0.552247255774652
Microsoft Corporation,2023-07-21,2023-07-25,2,up,up,0.4146835906769506,0.05664998538802026,0.5286664239350292
Microsoft Corporation,2023-07-24,2023-07-26,2,down,up,0.3840053745790093,0.0765975781471146,0.539397047273876
Microsoft Corporation,2023-07-25,2023-07-27,2,down,up,0.4424519733438425,0.06184814839744199,0.49569987825871537
Microsoft Corporation,2023-07-26,2023-07-28,2,down,down,0.6091750962983807,0.04576023712573996,0.3450646665758796
Microsoft Corporation,2023-07-27,2023-07-31,2,flat,down,0.589732977214554,0.058681910924105594,0.35158511186134056
Microsoft Corporation,2023-07-28,2023-08-01,2,flat,up,0.44054571390161695,0.07692381558317532,0.48253047051520787
Microsoft Corporation,2023-07-31,2023-08-02,2,down,up,0.4456139330674459,0.0683670847033324,0.48601898222922174
Microsoft Corporation,2023-08-01,2023-08-03,2,down,up,0.4388359653720496,0.07263801279044166,0.4885260218375088
Microsoft Corporation,2023-08-02,2023-08-04,2,flat,up,0.39441936226336133,0.053331630963818266,0.5522490067728204
Microsoft Corporation,2023-08-03,2023-08-07,2,up,up,0.3481510765167979,0.03836237993516536,0.6134865435480368
Microsoft Corporation,2023-08-04,2023-08-08,2,down,up,0.3929783233510953,0.033790915633601655,0.5732307610153032
Microsoft Corporation,2023-08-07,2023-08-09,2,down,up,0.41102638264685837,0.048601445003355656,0.540372172349786
Microsoft Corporation,2023-08-08,2023-08-10,2,down,up,0.36099895079804317,0.04077766045207166,0.598223388749885
Microsoft Corporation,2023-08-09,2023-08-11,2,down,up,0.32554367217118285,0.04238281142450026,0.632073516404317
Microsoft Corporation,2023-08-10,2023-08-14,2,down,up,0.2984507892513343,0.060924402947468856,0.6406248078011967
Microsoft Corporation,2023-08-11,2023-08-15,2,up,up,0.3010002437147883,0.04276910646980225,0.6562306498154094
Microsoft Corporation,2023-08-14,2023-08-16,2,down,up,0.3256459006858606,0.056465583083215344,0.6178885162309239
Microsoft Corporation,2023-08-15,2023-08-17,2,down,up,0.34116362074443396,0.04145090150612804,0.6173854777494377
Microsoft Corporation,2023-08-16,2023-08-18,2,down,up,0.3062137689949537,0.056486457765860934,0.6372997732391853
Microsoft Corporation,2023-08-17,2023-08-21,2,up,up,0.3238581494475484,0.04619999445869572,0.6299418560937557
Microsoft Corporation,2023-08-18,2023-08-22,2,up,up,0.31143186273946855,0.05256605274861279,0.6360020845119184
Microsoft Corporation,2023-08-21,2023-08-23,2,up,up,0.2983170682037772,0.03769306413442501,0.6639898676617976
Microsoft Corporation,2023-08-22,2023-08-24,2,up,up,0.3164212365023476,0.039143501714601285,0.6444352617830508
Microsoft Corporation,2023-08-23,2023-08-25,2,down,up,0.28998308018421903,0.08362547364110486,0.6263914461746757
Microsoft Corporation,2023-08-24,2023-08-28,2,down,up,0.3637599856815383,0.06494255152069521,0.5712974627977665
Microsoft Corporation,2023-08-25,2023-08-29,2,up,up,0.3311742979723475,0.08846718886715284,0.5803585131604997
Microsoft Corporation,2023-08-28,2023-08-30,2,up,up,0.2794634431593002,0.0923158284887477,0.6282207283519518
Microsoft Corporation,2023-08-29,2023-08-31,2,up,up,0.2602342985933066,0.10928134596100016,0.6304843554456929
Microsoft Corporation,2023-08-30,2023-09-01,2,up,up,0.3146409164641501,0.08412387319523475,0.6012352103406149
Microsoft Corporation,2023-08-31,2023-09-05,2,up,up,0.29874578956912873,0.13752745209615705,0.5637267583347142
Microsoft Corporation,2023-09-01,2023-09-06,2,up,up,0.3318751415877786,0.11067219990390535,0.557452658508316
Microsoft Corporation,2023-09-05,2023-09-07,2,down,up,0.32279581994341217,0.15273536165083673,0.524468818405751
Microsoft Corporation,2023-09-06,2023-09-08,2,flat,up,0.32514420230348634,0.12368491911252855,0.551170878583985
Microsoft Corporation,2023-09-07,2023-09-11,2,up,up,0.3645975344069774,0.12856687773560538,0.5068355878574173
Microsoft Corporation,2023-09-08,2023-09-12,2,up,up,0.27552415265824126,0.11665302430763104,0.6078228230341274
Microsoft Corporation,2023-09-11,2023-09-13,2,down,up,0.23778432557945264,0.1089572834741882,0.653258390946359
Microsoft Corporation,2023-09-12,2023-09-14,2,up,up,0.340146923019891,0.11170165500409962,0.5481514219760091
Microsoft Corporation,2023-09-13,2023-09-15,2,flat,up,0.29234790529227994,0.12162096272582273,0.5860311319818972
Microsoft Corporation,2023-09-14,2023-09-18,2,down,up,0.27098246019215816,0.11005576690451115,0.6189617729033303
Microsoft Corporation,2023-09-15,2023-09-19,2,down,up,0.3726832006541623,0.1283093233165337,0.4990074760293037
Microsoft Corporation,2023-09-18,2023-09-20,2,down,up,0.47720267713509096,0.03318180741316486,0.48961551545174425
Microsoft Corporation,2023-09-19,2023-09-21,2,down,up,0.40513485372458485,0.0683069719504646,0.5265581743249507
Microsoft Corporation,2023-09-20,2023-09-22,2,down,up,0.3620776656063006,0.058903323212464415,0.5790190111812349
Microsoft Corporation,2023-09-21,2023-09-25,2,down,up,0.3611585710573005,0.03370751607322557,0.6051339128694738
Microsoft Corporation,2023-09-22,2023-09-26,2,down,up,0.3166559194263468,0.0420179079830804,0.6413261725905726
Microsoft Corporation,2023-09-25,2023-09-27,2,down,up,0.2913345348160523,0.030706937141936275,0.6779585280420115
Microsoft Corporation,2023-09-26,2023-09-28,2,down,up,0.2962545261017534,0.04573800609298888,0.6580074678052577
Microsoft Corporation,2023-09-27,2023-09-29,2,up,up,0.2818366914233229,0.04406216252007858,0.6741011460565985
Microsoft Corporation,2023-09-28,2023-10-02,2,up,up,0.28283837764858777,0.04062853586813107,0.676533086483281
Microsoft Corporation,2023-09-29,2023-10-03,2,flat,up,0.37080166101211637,0.045034081195997076,0.5841642577918864
Microsoft Corporation,2023-10-02,2023-10-04,2,down,up,0.32560280802522745,0.08657533957246959,0.5878218524023027
Microsoft Corporation,2023-10-03,2023-10-05,2,up,up,0.3339572556576458,0.07021056581526139,0.5958321785270928
Microsoft Corporation,2023-10-04,2023-10-06,2,up,up,0.301336068600072,0.07043708592206317,0.6282268454778643
Microsoft Corporation,2023-10-05,2023-10-09,2,up,up,0.2817994903520092,0.0869921961377625,0.6312083135102279
Microsoft Corporation,2023-10-06,2023-10-10,2,up,up,0.33036406369455146,0.06473887452900529,0.6048970617764431
Microsoft Corporation,2023-10-09,2023-10-11,2,up,up,0.3440854726019893,0.0873804855986116,0.5685340417993988
Microsoft Corporation,2023-10-10,2023-10-12,2,up,up,0.33048437389450314,0.14597647094989746,0.5235391551555991
Microsoft Corporation,2023-10-11,2023-10-13,2,down,up,0.3369442358201611,0.18200278247899238,0.4810529817008463
Microsoft Corporation,2023-10-12,2023-10-16,2,up,up,0.3285001366053916,0.12276916863550373,0.5487306947591043
Microsoft Corporation,2023-10-13,2023-10-17,2,flat,up,0.2626663845583592,0.13614595044903538,0.601187664992605
Microsoft Corporation,2023-10-16,2023-10-18,2,down,up,0.2587913662415204,0.12248319726687618,0.6187254364916032
Microsoft Corporation,2023-10-17,2023-10-19,2,up,up,0.2982118159732764,0.13540805141295753,0.5663801326137659
Microsoft Corporation,2023-10-18,2023-10-20,2,down,up,0.25112414379621034,0.1168997508601788,0.6319761053436105
Microsoft Corporation,2023-10-19,2023-10-23,2,down,up,0.22854660289869727,0.12276448931891552,0.6486889077823866
Microsoft Corporation,2023-10-20,2023-10-24,2,up,up,0.3631221276395319,0.09090616721323273,0.5459717051472353
Microsoft Corporation,2023-10-23,2023-10-25,2,up,up,0.4097141545180519,0.05979018187018068,0.5304956636117675
Microsoft Corporation,2023-10-24,2023-10-26,2,up,up,0.29116173414192675,0.07210186235102563,0.6367364035070475
Microsoft Corporation,2023-10-25,2023-10-27,2,down,up,0.25120493141356187,0.15697090337393257,0.5918241652125054
Microsoft Corporation,2023-10-26,2023-10-30,2,up,up,0.38494219513534794,0.10323391695391507,0.511823887910737
Microsoft Corporation,2023-10-27,2023-10-31,2,up,up,0.40760677931404354,0.07195895969923287,0.5204342609867235
Microsoft Corporation,2023-10-30,2023-11-01,2,up,up,0.3324494873848968,0.06985891379790735,0.5976915988171957
Microsoft Corporation,2023-10-31,2023-11-02,2,up,up,0.2866770091915034,0.09405831736031618,0.6192646734481803
Microsoft Corporation,2023-11-01,2023-11-03,2,up,up,0.2751207534760588,0.14353763807278827,0.5813416084511526
Microsoft Corporation,2023-11-02,2023-11-06,2,up,up,0.21153828724306728,0.17492245126879896,0.6135392614881332
Microsoft Corporation,2023-11-03,2023-11-07,2,up,up,0.23407578503293924,0.16083412906126748,0.6050900859057932
Microsoft Corporation,2023-11-06,2023-11-08,2,up,up,0.23639403041272908,0.17686901819037515,0.5867369513968955
Microsoft Corporation,2023-11-07,2023-11-09,2,up,up,0.31550874511792987,0.1967269983563313,0.4877642565257388
Microsoft Corporation,2023-11-08,2023-11-10,2,up,up,0.3269691605554255,0.2216674271881164,0.451363412256458
Microsoft Corporation,2023-11-09,2023-11-13,2,up,up,0.38112580596988865,0.1878737248642619,0.43100046916584944
Microsoft Corporation,2023-11-10,2023-11-14,2,up,up,0.38589097692219954,0.14580587330796058,0.46830314976983994
Microsoft Corporation,2023-11-13,2023-11-15,2,up,down,0.42235818748300596,0.18147785191872717,0.3961639605982669
Microsoft Corporation,2023-11-14,2023-11-16,2,up,down,0.43085282873609543,0.18923630258856705,0.37991086867533747
Microsoft Corporation,2023-11-15,2023-11-17,2,up,down,0.47711033181686063,0.15961105072218565,0.363278617460954
Microsoft Corporation,2023-11-16,2023-11-20,2,up,down,0.4231120257162089,0.15542041554515096,0.4214675587386404
Microsoft Corporation,2023-11-17,2023-11-21,2,up,down,0.41914565507870644,0.17621535334373437,0.40463899157755917
Microsoft Corporation,2023-11-20,2023-11-22,2,up,down,0.4566945039962888,0.12263723486349562,0.4206682611402156
Microsoft Corporation,2023-11-21,2023-11-24,2,up,down,0.42794997796330153,0.160088596493706,0.4119614255429924
Microsoft Corporation,2023-11-22,2023-11-27,2,flat,down,0.5125145091597196,0.09822139127160312,0.38926409956867736
Microsoft Corporation,2023-11-24,2023-11-28,2,up,down,0.49503024021874403,0.09533269657660444,0.40963706320465165
Microsoft Corporation,2023-11-27,2023-11-29,2,up,down,0.5533821406732473,0.07367711519019111,0.3729407441365618
Microsoft Corporation,2023-11-28,2023-11-30,2,down,down,0.5718010950127639,0.07480392334918529,0.35339498163805105
Microsoft Corporation,2023-11-29,2023-12-01,2,down,down,0.5663519658469574,0.0889690108064688,0.3446790233465741
Microsoft Corporation,2023-11-30,2023-12-04,2,down,up,0.38789849060991716,0.10383298296530043,0.5082685264247823
Microsoft Corporation,2023-12-01,2023-12-05,2,down,up,0.3412543228939648,0.07540313001298489,0.5833425470930502
Microsoft Corporation,2023-12-04,2023-12-06,2,up,down,0.5465671239951909,0.05587264466465549,0.39756023134015367
Microsoft Corporation,2023-12-05,2023-12-07,2,flat,up,0.40758175566136573,0.08367114797590576,0.5087470963627285
Microsoft Corporation,2023-12-06,2023-12-08,2,flat,up,0.3811182018402564,0.07972531624919364,0.5391564819105499
Microsoft Corporation,2023-12-07,2023-12-11,2,flat,up,0.4210305692444923,0.06200188354383759,0.5169675472116702
Microsoft Corporation,2023-12-08,2023-12-12,2,up,up,0.32550668777156533,0.07428287608783474,0.6002104361405997
Microsoft Corporation,2023-12-11,2023-12-13,2,up,up,0.36356616461094354,0.049879354964171924,0.5865544804248843
Microsoft Corporation,2023-12-12,2023-12-14,2,down,up,0.35896360487704215,0.0660678109424495,0.5749685841805081
Microsoft Corporation,2023-12-13,2023-12-15,2,down,up,0.3222941711507349,0.07758338989830386,0.6001224389509611
Microsoft Corporation,2023-12-14,2023-12-18,2,up,up,0.435897331487644,0.055178389811928436,0.5089242787004278
Microsoft Corporation,2023-12-15,2023-12-19,2,up,up,0.3936036527905976,0.07536669482538293,0.5310296523840193
Microsoft Corporation,2023-12-18,2023-12-20,2,up,up,0.32573036399199823,0.09006324100598856,0.5842063950020131
Microsoft Corporation,2023-12-19,2023-12-21,2,flat,up,0.3234179174731888,0.08921228111455459,0.5873698014122566
Microsoft Corporation,2023-12-20,2023-12-22,2,up,up,0.3388880386017658,0.08334925897792274,0.5777627024203111
Microsoft Corporation,2023-12-21,2023-12-26,2,up,up,0.31504585387288264,0.07721966161245186,0.6077344845146653
Microsoft Corporation,2023-12-22,2023-12-27,2,flat,up,0.24674533509526697,0.08785740941114353,0.6653972554935892
Microsoft Corporation,2023-12-26,2023-12-28,2,flat,up,0.23666544864360417,0.08195256544139222,0.6813819859150033
Microsoft Corporation,2023-12-27,2023-12-29,2,up,up,0.3178655588875618,0.055425948831518405,0.6267084922809196
Microsoft Corporation,2023-12-28,2024-01-02,2,down,up,0.24969112136008043,0.0683703055173675,0.6819385731225518
Microsoft Corporation,2023-12-29,2024-01-03,2,down,up,0.26270535135456796,0.07048070024621947,0.6668139483992123
Microsoft Corporation,2024-01-02,2024-01-04,2,down,up,0.395352809019833,0.06037543845404088,0.5442717525261261
Microsoft Corporation,2024-01-03,2024-01-05,2,down,up,0.41840217482043457,0.053263695455937975,0.5283341297236274
Microsoft Corporation,2024-01-04,2024-01-08,2,up,up,0.4215618585076838,0.0551412083989378,0.5232969330933782
Microsoft Corporation,2024-01-05,2024-01-09,2,up,up,0.4018169182935524,0.038007607098953636,0.560175474607494
Microsoft Corporation,2024-01-08,2024-01-10,2,up,up,0.37835190824636994,0.05138491425632111,0.570263177497309
Microsoft Corporation,2024-01-09,2024-01-11,2,up,up,0.3201823795509586,0.09732674754795069,0.5824908729010905
Microsoft Corporation,2024-01-10,2024-01-12,2,up,up,0.21995971736291797,0.12484058807381575,0.6551996945632658
Microsoft Corporation,2024-01-11,2024-01-16,2,up,up,0.20016611795001343,0.12557062323120516,0.6742632588187811
Microsoft Corporation,2024-01-12,2024-01-17,2,up,up,0.19071942206921264,0.17520572443343138,0.6340748534973553
Microsoft Corporation,2024-01-16,2024-01-18,2,up,up,0.2207913414142212,0.19910308962310386,0.5801055689626744
Microsoft Corporation,2024-01-17,2024-01-19,2,up,up,0.2220501517137914,0.10804055618219234,0.6699092921040162
Microsoft Corporation,2024-01-18,2024-01-22,2,up,up,0.1991333429109093,0.1722347276027865,0.6286319294863038
Microsoft Corporation,2024-01-19,2024-01-23,2,flat,up,0.23438386189454152,0.19210596627408183,0.5735101718313763
Microsoft Corporation,2024-01-22,2024-01-24,2,up,up,0.29552129241036146,0.25659865197344894,0.44788005561618943
Microsoft Corporation,2024-01-23,2024-01-25,2,up,up,0.3253116408777397,0.2324570573121851,0.442231301810075
Microsoft Corporation,2024-01-24,2024-01-26,2,up,up,0.3784187821719642,0.18497773583947402,0.43660348198856175
Microsoft Corporation,2024-01-25,2024-01-29,2,up,down,0.44092747418967465,0.18255254983512856,0.37651997597519693
Microsoft Corporation,2024-01-26,2024-01-30,2,up,down,0.48741780566080806,0.14679391912140066,0.3657882752177914
Microsoft Corporation,2024-01-29,2024-01-31,2,down,down,0.4926241987342283,0.13063010876543069,0.3767456925003411
Microsoft Corporation,2024-01-30,2024-02-01,2,down,down,0.46155665373244,0.17123716947917586,0.3672061767883843
Microsoft Corporation,2024-01-31,2024-02-02,2,up,up,0.3870583146494651,0.17560562888858325,0.4373360564619515
Microsoft Corporation,2024-02-01,2024-02-05,2,up,up,0.32074975154559626,0.11038159186762556,0.5688686565867778
Microsoft Corporation,2024-02-02,2024-02-06,2,down,up,0.3944717499196595,0.0868015517205895,0.5187266983597508
Microsoft Corporation,2024-02-05,2024-02-07,2,up,up,0.414362622118065,0.10744884401044548,0.4781885338714893
Microsoft Corporation,2024-02-06,2024-02-08,2,up,up,0.43285347324731993,0.12408695990050221,0.44305956685217773
Microsoft Corporation,2024-02-07,2024-02-09,2,up,up,0.4389710007091734,0.08675018292935129,0.47427881636147523
Microsoft Corporation,2024-02-08,2024-02-12,2,up,down,0.46088439765151895,0.12234670627863112,0.41676889606984985
Microsoft Corporation,2024-02-09,2024-02-13,2,down,down,0.48699966327104227,0.10769419169428444,0.4053061450346734
Microsoft Corporation,2024-02-12,2024-02-14,2,down,down,0.48648263247649276,0.10520673772840093,0.4083106297951064
Microsoft Corporation,2024-02-13,2024-02-15,2,up,up,0.4124424864380984,0.09321546128617841,0.49434205227572314
Microsoft Corporation,2024-02-14,2024-02-16,2,down,up,0.3577897925150579,0.08712054042411067,0.5550896670608314
Microsoft Corporation,2024-02-15,2024-02-20,2,down,down,0.47959244781632876,0.07483605706518139,0.4455714951184899
Microsoft Corporation,2024-02-16,2024-02-21,2,down,down,0.47446709897674283,0.05642212524122242,0.4691107757820348
Microsoft Corporation,2024-02-20,2024-02-22,2,up,down,0.5206830116203066,0.050448048503611904,0.42886893987608166
Microsoft Corporation,2024-02-21,2024-02-23,2,up,up,0.42954444180749624,0.07072733819088141,0.4997282200016225
Microsoft Corporation,2024-02-22,2024-02-26,2,down,up,0.43306355887106,0.07425872121499161,0.49267771991394843
Microsoft Corporation,2024-02-23,2024-02-27,2,down,up,0.3366437833298235,0.1618203598914252,0.5015358567787515
Microsoft Corporation,2024-02-26,2024-02-28,2,down,down,0.4548023248425709,0.10537383470853368,0.4398238404488955
Microsoft Corporation,2024-02-27,2024-02-29,2,up,up,0.423775646930117,0.09443170018728608,0.4817926528825971
Microsoft Corporation,2024-02-28,2024-03-01,2,up,up,0.35665176669407705,0.11701436683956935,0.5263338664663536
Microsoft Corporation,2024-02-29,2024-03-04,2,up,up,0.3320649487524934,0.09708667288064976,0.5708483783668566
Microsoft Corporation,2024-03-01,2024-03-05,2,down,up,0.3666644501531722,0.12938921285698152,0.5039463369898463
Microsoft Corporation,2024-03-04,2024-03-06,2,down,up,0.28476098307743086,0.1414900701350461,0.5737489467875229
Microsoft Corporation,2024-03-05,2024-03-07,2,down,up,0.4152159511233605,0.08101234269303842,0.5037717061836011
Microsoft Corporation,2024-03-06,2024-03-08,2,up,down,0.5246878467554164,0.060650291472270704,0.414661861772313
Microsoft Corporation,2024-03-07,2024-03-11,2,down,up,0.394191589691902,0.0754326379843315,0.5303757723237665
Microsoft Corporation,2024-03-08,2024-03-12,2,up,down,0.45806423522615836,0.08851869924543022,0.45341706552841143
Microsoft Corporation,2024-03-11,2024-03-13,2,up,down,0.5236360999860733,0.04210881518679053,0.43425508482713615
Microsoft Corporation,2024-03-12,2024-03-14,2,up,up,0.3966234585782591,0.09694154105340491,0.5064350003683358
Microsoft Corporation,2024-03-13,2024-03-15,2,up,up,0.32104690803547087,0.1381450876504729,0.5408080043140558
Microsoft Corporation,2024-03-14,2024-03-18,2,down,up,0.21827270621294975,0.143662022336155,0.6380652714508951
Microsoft Corporation,2024-03-15,2024-03-19,2,up,up,0.3265008147811503,0.07350104964537144,0.5999981355734781
Microsoft Corporation,2024-03-18,2024-03-20,2,up,up,0.31750644890833357,0.07852129208329815,0.603972259008368
Microsoft Corporation,2024-03-19,2024-03-21,2,up,up,0.2904235080150157,0.10375317465022826,0.6058233173347558
Microsoft Corporation,2024-03-20,2024-03-22,2,up,up,0.2559965017908489,0.10404523378999658,0.6399582644191543
Microsoft Corporation,2024-03-21,2024-03-25,2,down,up,0.24012275992176985,0.14977969087582668,0.6100975492024031
Microsoft Corporation,2024-03-22,2024-03-26,2,down,up,0.23391343933361378,0.2029799077462391,0.5631066529201469
Microsoft Corporation,2024-03-25,2024-03-27,2,down,up,0.30433363909663247,0.12044292015382785,0.5752234407495395
Microsoft Corporation,2024-03-26,2024-03-28,2,down,up,0.27489119252087496,0.13640414484296515,0.5887046626361596
Microsoft Corporation,2024-03-27,2024-04-01,2,up,up,0.3277074603416429,0.09534594375376138,0.5769465959045956
Microsoft Corporation,2024-03-28,2024-04-02,2,flat,down,0.4560938988720244,0.09400662277040812,0.44989947835756766
Microsoft Corporation,2024-04-01,2024-04-03,2,down,up,0.3556869707180925,0.093831176109625,0.5504818531722824
Microsoft Corporation,2024-04-02,2024-04-04,2,up,up,0.4534989869148259,0.09186217634502922,0.4546388367401449
Microsoft Corporation,2024-04-03,2024-04-05,2,up,up,0.3954651890319746,0.08813205150497247,0.5164027594630529
Microsoft Corporation,2024-04-04,2024-04-08,2,up,up,0.3133575460116756,0.08649047453384172,0.6001519794544826
Microsoft Corporation,2024-04-05,2024-04-09,2,up,up,0.35320922095975504,0.0777316918934008,0.569059087146844
Microsoft Corporation,2024-04-08,2024-04-10,2,down,up,0.3112231807802508,0.10754844054130094,0.581228378678448
Microsoft Corporation,2024-04-09,2024-04-11,2,flat,up,0.29822703751819657,0.09588566376171866,0.6058872987200845
Microsoft Corporation,2024-04-10,2024-04-12,2,flat,up,0.3994313666465316,0.06622273395055603,0.5343458994029123
Microsoft Corporation,2024-04-11,2024-04-15,2,down,up,0.2900856219724676,0.06605380777923948,0.6438605702482927
Microsoft Corporation,2024-04-12,2024-04-16,2,down,up,0.38386792326302904,0.06730476859688646,0.5488273081400844
Microsoft Corporation,2024-04-15,2024-04-17,2,down,up,0.45474734279028667,0.053993724801082124,0.49125893240863117
Microsoft Corporation,2024-04-16,2024-04-18,2,down,up,0.46549495576600697,0.03298702132033225,0.5015180229136608
Microsoft Corporation,2024-04-17,2024-04-19,2,down,up,0.3733331954124107,0.05499965898334987,0.5716671456042393
Microsoft Corporation,2024-04-18,2024-04-22,2,down,up,0.348534229409703,0.05309595037135704,0.5983698202189398
Microsoft Corporation,2024-04-19,2024-04-23,2,up,up,0.3150358776096074,0.061005748614609265,0.6239583737757832
Microsoft Corporation,2024-04-22,2024-04-24,2,up,up,0.2944858138165863,0.058097179526500904,0.6474170066569127
Microsoft Corporation,2024-04-23,2024-04-25,2,down,up,0.35595035917519907,0.032989988363043385,0.6110596524617573
Microsoft Corporation,2024-04-24,2024-04-26,2,flat,up,0.42913005608487204,0.036842208528491,0.534027735386637
Microsoft Corporation,2024-04-25,2024-04-29,2,up,up,0.32352943986945837,0.06218658540648088,0.6142839747240606
Microsoft Corporation,2024-04-26,2024-04-30,2,down,up,0.3958206487838428,0.059078595859640634,0.5451007553565165
Microsoft Corporation,2024-04-29,2024-05-01,2,down,up,0.32461873897156834,0.08586015126407157,0.58952110976436
Microsoft Corporation,2024-04-30,2024-05-02,2,up,up,0.3555954829884697,0.06798282809077909,0.5764216889207511
Microsoft Corporation,2024-05-01,2024-05-03,2,up,up,0.3312892879986456,0.03710702832358477,0.6316036836777694
Microsoft Corporation,2024-05-02,2024-05-06,2,up,up,0.2942296274324192,0.06314978853291162,0.6426205840346689
Microsoft Corporation,2024-05-03,2024-05-07,2,up,up,0.4322470028438227,0.049240389948182035,0.5185126072079952
Microsoft Corporation,2024-05-06,2024-05-08,2,down,up,0.33859845162062263,0.06427349882552055,0.5971280495538567
Microsoft Corporation,2024-05-07,2024-05-09,2,flat,up,0.38952458834032677,0.10117029627616848,0.5093051153835046
Microsoft Corporation,2024-05-08,2024-05-10,2,up,up,0.36834569211298224,0.07745355386292369,0.5542007540240941
Microsoft Corporation,2024-05-09,2024-05-13,2,up,up,0.33714383738892173,0.1233305805556002,0.5395255820554781
Microsoft Corporation,2024-05-10,2024-05-14,2,flat,up,0.3282319634939067,0.12625083396470593,0.5455172025413872
Microsoft Corporation,2024-05-13,2024-05-15,2,up,up,0.3575901178881075,0.14859879284246388,0.4938110892694283
Microsoft Corporation,2024-05-14,2024-05-16,2,up,up,0.3818820317960928,0.14560738259572537,0.47251058560818165
Microsoft Corporation,2024-05-15,2024-05-17,2,flat,up,0.3190821255538724,0.09838634795481262,0.5825315264913148
Microsoft Corporation,2024-05-16,2024-05-20,2,up,up,0.279365531514194,0.12915289997511908,0.5914815685106866
Microsoft Corporation,2024-05-17,2024-05-21,2,up,up,0.30465098258504136,0.1300883088351797,0.5652607085797787
Microsoft Corporation,2024-05-20,2024-05-22,2,up,up,0.25223649686003874,0.1471061663754322,0.6006573367645288
Microsoft Corporation,2024-05-21,2024-05-23,2,up,up,0.2246757055074933,0.1357115763326526,0.6396127181598539
Microsoft Corporation,2024-05-22,2024-05-24,2,down,up,0.2030095603625205,0.1854105842180647,0.6115798554194146
Microsoft Corporation,2024-05-23,2024-05-28,2,flat,up,0.234594184496539,0.17638870926684544,0.5890171062366152
Microsoft Corporation,2024-05-24,2024-05-29,2,flat,up,0.2418011660347075,0.14961321586882664,0.6085856180964655
Microsoft Corporation,2024-05-28,2024-05-30,2,down,up,0.18952458799589045,0.15968290938946975,0.6507925026146394
Microsoft Corporation,2024-05-29,2024-05-31,2,down,up,0.23695112381161165,0.11220772345989218,0.650841152728496
Microsoft Corporation,2024-05-30,2024-06-03,2,down,down,0.527453186436111,0.025947359872036176,0.4465994536918527
Microsoft Corporation,2024-05-31,2024-06-04,2,flat,down,0.512024910614267,0.03975064042404273,0.44822444896169034
Microsoft Corporation,2024-06-03,2024-06-05,2,up,up,0.416233931725998,0.08158452587688583,0.5021815423971163
Microsoft Corporation,2024-06-04,2024-06-06,2,up,up,0.42160471535365424,0.06383806963446141,0.5145572150118843
Microsoft Corporation,2024-06-05,2024-06-07,2,up,down,0.5203234700835754,0.056638238709173144,0.4230382912072516
Microsoft Corporation,2024-06-06,2024-06-10,2,up,up,0.36196574248566465,0.12835260014861918,0.509681657365716
Microsoft Corporation,2024-06-07,2024-06-11,2,up,up,0.3361550963059276,0.1599278702053225,0.5039170334887497
Microsoft Corporation,2024-06-10,2024-06-12,2,up,up,0.2612304409183336,0.16921036507010145,0.5695591940115646
Microsoft Corporation,2024-06-11,2024-06-13,2,up,up,0.242457309224765,0.17582778269503344,0.581714908080201
Microsoft Corporation,2024-06-12,2024-06-14,2,up,up,0.1915808370149647,0.15890230193363894,0.649516861051396
NVIDIA Corporation,2021-07-22,2021-07-26,2,down,down,0.4453017080030547,0.13571044994563725,0.41898784205130807
NVIDIA Corporation,2021-07-23,2021-07-27,2,down,down,0.4532788459711212,0.11250280960375557,0.4342183444251232
NVIDIA Corporation,2021-07-26,2021-07-28,2,up,down,0.43380574310985265,0.14643935062142183,0.4197549062687254
NVIDIA Corporation,2021-07-27,2021-07-29,2,up,up,0.4345708496730605,0.11276379124181161,0.45266535908512767
NVIDIA Corporation,2021-07-28,2021-07-30,2,up,down,0.46857506066405136,0.12813779601655229,0.4032871433193961
NVIDIA Corporation,2021-07-29,2021-08-02,2,up,down,0.45554187209379005,0.10356881205258688,0.4408893158536229
NVIDIA Corporation,2021-07-30,2021-08-03,2,up,down,0.4627253406877186,0.11775116869340951,0.41952349061887184
NVIDIA Corporation,2021-08-02,2021-08-04,2,up,up,0.4284111632194737,0.08820089778160835,0.48338793899891797
NVIDIA Corporation,2021-08-03,2021-08-05,2,up,down,0.4692760027997491,0.09470318717278073,0.43602081002747006
NVIDIA Corporation,2021-08-04,2021-08-06,2,up,up,0.4143843629035277,0.06831912348640688,0.5172965136100655
NVIDIA Corporation,2021-08-05,2021-08-09,2,down,up,0.265461399904922,0.12813808516787822,0.6064005149272002
NVIDIA Corporation,2021-08-06,2021-08-10,2,down,up,0.4244962917328368,0.10148410602135897,0.4740196022458042
NVIDIA Corporation,2021-08-09,2021-08-11,2,down,down,0.4707517906438419,0.07765044885207828,0.4515977605040798
NVIDIA Corporation,2021-08-10,2021-08-12,2,down,down,0.526912419414173,0.09252672893676507,0.38056085164906195
NVIDIA Corporation,2021-08-11,2021-08-13,2,up,down,0.4746698255531292,0.1450291254391784,0.3803010490076923
NVIDIA Corporation,2021-08-12,2021-08-16,2,up,down,0.47937320149700924,0.09513065826617889,0.4254961402368118
NVIDIA Corporation,2021-08-13,2021-08-17,2,down,down,0.544676903675223,0.07486573147899553,0.380457364845781
NVIDIA Corporation,2021-08-16,2021-08-18,2,down,down,0.5722425429337757,0.07975282675327902,0.34800463031294515
NVIDIA Corporation,2021-08-17,2021-08-19,2,up,down,0.574894611750402,0.11923587239422055,0.30586951585537725
NVIDIA Corporation,2021-08-18,2021-08-20,2,up,down,0.49934234917710285,0.12896644705280128,0.3716912037700957
NVIDIA Corporation,2021-08-19,2021-08-23,2,up,down,0.46244601360223625,0.12418509295460893,0.4133688934431545
NVIDIA Corporation,2021-08-20,2021-08-24,2,up,up,0.4021534645014778,0.12663975496619084,0.47120678053233156
NVIDIA Corporation,2021-08-23,2021-08-25,2,up,up,0.3361318063894423,0.0949060627366663,0.5689621308738917
NVIDIA Corporation,2021-08-24,2021-08-26,2,up,up,0.4095618111591155,0.10834844204832057,0.48208974679256406
NVIDIA Corporation,2021-08-25,2021-08-27,2,up,up,0.41100553546767365,0.11253941106075453,0.4764550534715719
NVIDIA Corporation,2021-08-26,2021-08-30,2,up,down,0.45854931296857715,0.08376882292229407,0.45768186410912876
NVIDIA Corporation,2021-08-27,2021-08-31,2,up,up,0.4489151726807816,0.08925288742410123,0.46183193989511695
NVIDIA Corporation,2021-08-30,2021-09-01,2,down,up,0.4337896369469356,0.07045046551522485,0.49575989753783944
NVIDIA Corporation,2021-08-31,2021-09-02,2,flat,down,0.5235032912971863,0.11285528995801847,0.3636414187447954
NVIDIA Corporation,2021-09-01,2021-09-03,2,up,down,0.5105638713022246,0.1082281372042555,0.38120799149351986
NVIDIA Corporation,2021-09-02,2021-09-07,2,up,down,0.5176047485999293,0.11544664205278547,0.36694860934728546
NVIDIA Corporation,2021-09-03,2021-09-08,2,down,down,0.5104295759020359,0.09695801927828786,0.39261240481967646
NVIDIA Corporation,2021-09-07,2021-09-09,2,down,down,0.5174596713499049,0.09396600685645212,0.38857432179364326
NVIDIA Corporation,2021-09-08,2021-09-10,2,up,down,0.562605820878246,0.13738711801248862,0.30000706110926556
NVIDIA Corporation,2021-09-09,2021-09-13,2,up,down,0.5558383276092563,0.11838287998748559,0.3257787924032583
NVIDIA Corporation,2021-09-10,2021-09-14,2,down,down,0.6095833793675846,0.08746472152021999,0.3029518991121952
NVIDIA Corporation,2021-09-13,2021-09-15,2,down,down,0.6273284688904442,0.09220863185390492,0.2804628992556508
NVIDIA Corporation,2021-09-14,2021-09-16,2,down,down,0.5985512647028888,0.16006044082977688,0.24138829446733442
NVIDIA Corporation,2021-09-15,2021-09-17,2,down,down,0.5834411095244699,0.12654243655568234,0.29001645391984776
NVIDIA Corporation,2021-09-16,2021-09-20,2,down,down,0.5655821685972624,0.12191937127519611,0.3124984601275417
NVIDIA Corporation,2021-09-17,2021-09-21,2,down,down,0.5831284156855606,0.1298507491651982,0.28702083514924104
NVIDIA Corporation,2021-09-20,2021-09-22,2,up,up,0.3618973447185315,0.24180700563369137,0.39629564964777697
NVIDIA Corporation,2021-09-21,2021-09-23,2,up,up,0.3864216944024099,0.16743447904493813,0.4461438265526519
NVIDIA Corporation,2021-09-22,2021-09-24,2,up,down,0.5128739172154088,0.14520809049130118,0.3419179922932903
NVIDIA Corporation,2021-09-23,2021-09-27,2,down,down,0.47452355853148076,0.1197727210724318,0.4057037203960874
NVIDIA Corporation,2021-09-24,2021-09-28,2,down,down,0.5883709776193071,0.13824177367764734,0.273387248703045
NVIDIA Corporation,2021-09-27,2021-09-29,2,down,down,0.5732125647934341,0.155285447037605,0.2715019881689606
NVIDIA Corporation,2021-09-28,2021-09-30,2,down,down,0.44385423629616716,0.2174447843562989,0.3387009793475337
NVIDIA Corporation,2021-09-29,2021-10-01,2,down,up,0.3497547596395681,0.2224691750943798,0.42777606526605205
NVIDIA Corporation,2021-09-30,2021-10-04,2,down,up,0.31164332342890644,0.19925150476385486,0.48910517180723867
NVIDIA Corporation,2021-10-01,2021-10-05,2,down,up,0.3136719676593261,0.21907142600811264,0.4672566063325611
NVIDIA Corporation,2021-10-04,2021-10-06,2,up,up,0.271416721505934,0.3441179085734952,0.3844653699205706
NVIDIA Corporation,2021-10-05,2021-10-07,2,up,up,0.3091271209954876,0.16138251754596408,0.5294903614585484
NVIDIA Corporation,2021-10-06,2021-10-08,2,up,up,0.37273515237318905,0.09592786147795643,0.5313369861488546
NVIDIA Corporation,2021-10-07,2021-10-11,2,down,up,0.3461848654685181,0.14447428960182182,0.5093408449296605
NVIDIA Corporation,2021-10-08,2021-10-12,2,down,down,0.44811104199966484,0.1109344262277364,0.4409545317725986
NVIDIA Corporation,2021-10-11,2021-10-13,2,up,up,0.4168119801418894,0.13183857460805437,0.4513494452500562
NVIDIA Corporation,2021-10-12,2021-10-14,2,up,up,0.4067464033003927,0.13905047115198013,0.4542031255476271
NVIDIA Corporation,2021-10-13,2021-10-15,2,up,up,0.41942270639323864,0.10114718496442363,0.4794301086423377
NVIDIA Corporation,2021-10-14,2021-10-18,2,up,up,0.34913085767454854,0.10877421393670433,0.5420949283887473
NVIDIA Corporation,2021-10-15,2021-10-19,2,up,up,0.35986931966675084,0.07337236301864823,0.5667583173146007
NVIDIA Corporation,2021-10-18,2021-10-20,2,up,up,0.37106049053852147,0.13090973119441104,0.4980297782670675
NVIDIA Corporation,2021-10-19,2021-10-21,2,up,up,0.3841264565517142,0.10124019944793927,0.5146333440003464
NVIDIA Corporation,2021-10-20,2021-10-22,2,up,up,0.43688456599339276,0.11120722225869066,0.4519082117479165
NVIDIA Corporation,2021-10-21,2021-10-25,2,up,down,0.44849925905458343,0.10559946380835031,0.4459012771370661
NVIDIA Corporation,2021-10-22,2021-10-26,2,up,up,0.38177940027027923,0.09070737807682772,0.5275132216528928
NVIDIA Corporation,2021-10-25,2021-10-27,2,up,up,0.39473843768235506,0.11312325839294017,0.49213830392470487
NVIDIA Corporation,2021-10-26,2021-10-28,2,up,up,0.4263261274744905,0.12187175350667152,0.45180211901883793
NVIDIA Corporation,2021-10-27,2021-10-29,2,up,down,0.4932950626128202,0.13385577952512223,0.3728491578620573
NVIDIA Corporation,2021-10-28,2021-11-01,2,up,down,0.5247960000147227,0.11219606008045314,0.363007939904824
NVIDIA Corporation,2021-10-29,2021-11-02,2,up,down,0.5371224868146811,0.08498160131136993,0.3778959118739486
NVIDIA Corporation,2021-11-01,2021-11-03,2,up,down,0.5380193943147059,0.09184757787101516,0.3701330278142788
NVIDIA Corporation,2021-11-02,2021-11-04,2,up,down,0.4835386113540118,0.06249277521663415,0.4539686134293539
NVIDIA Corporation,2021-11-03,2021-11-05,2,up,down,0.5081147765178948,0.0790996706157187,0.41278555286638613
NVIDIA Corporation,2021-11-04,2021-11-08,2,up,down,0.611789819541509,0.0811109980636325,0.30709918239485845
NVIDIA Corporation,2021-11-05,2021-11-09,2,up,down,0.6148284057494247,0.07716562025431746,0.30800597399625795
NVIDIA Corporation,2021-11-08,2021-11-10,2,down,down,0.6334367117003389,0.09276843686015518,0.27379485143950566
NVIDIA Corporation,2021-11-09,2021-11-11,2,down,down,0.6244850474090079,0.0789081595065657,0.2966067930844263
NVIDIA Corporation,2021-11-10,2021-11-12,2,up,down,0.5189772211344945,0.16868287594949052,0.31233990291601493
NVIDIA Corporation,2021-11-11,2021-11-15,2,down,down,0.48641254792177596,0.10122729408098931,0.41236015799723463
NVIDIA Corporation,2021-11-12,2021-11-16,2,down,down,0.5127487012480727,0.15800258721104235,0.329248711540885
NVIDIA Corporation,2021-11-15,2021-11-17,2,down,down,0.5568345366408713,0.14401130333268353,0.2991541600264453
NVIDIA Corporation,2021-11-16,2021-11-18,2,up,down,0.4489625879137072,0.19972709741041567,0.3513103146758773
NVIDIA Corporation,2021-11-17,2021-11-19,2,up,down,0.49809329362803006,0.1913640750958647,0.31054263127610543
NVIDIA Corporation,2021-11-18,2021-11-22,2,up,down,0.47175095319426774,0.15035038567967976,0.3778986611260525
NVIDIA Corporation,2021-11-19,2021-11-23,2,down,down,0.5455443773128722,0.09253367486645832,0.3619219478206691
NVIDIA Corporation,2021-11-22,2021-11-24,2,down,down,0.5762150409396164,0.0997664931361505,0.32401846592423283
NVIDIA Corporation,2021-11-23,2021-11-26,2,up,down,0.5218996650986829,0.16725771145464313,0.31084262344667385
NVIDIA Corporation,2021-11-24,2021-11-29,2,up,down,0.5287240742405953,0.11648382897509463,0.35479209678431006
NVIDIA Corporation,2021-11-26,2021-11-30,2,up,down,0.5416361742602509,0.15908466896213377,0.29927915677761524
NVIDIA Corporation,2021-11-29,2021-12-01,2,down,down,0.5519215233526694,0.1266977120355647,0.3213807646117657
NVIDIA Corporation,2021-11-30,2021-12-02,2,down,down,0.5760823295360349,0.1595966450482,0.2643210254157651
NVIDIA Corporation,2021-12-01,2021-12-03,2,down,down,0.5831077421319452,0.16013943563423225,0.2567528222338222
NVIDIA Corporation,2021-12-02,2021-12-06,2,down,down,0.4805714859852538,0.23007247764612745,0.28935603636861873
NVIDIA Corporation,2021-12-03,2021-12-07,2,up,down,0.3659477824222208,0.31008579320055996,0.32396642437721923
NVIDIA Corporation,2021-12-06,2021-12-08,2,up,flat,0.20255019541348088,0.42981986226104363,0.36762994232547563
NVIDIA Corporation,2021-12-07,2021-12-09,2,down,down,0.3945712141134298,0.2286190775715966,0.3768097083149736
NVIDIA Corporation,2021-12-08,2021-12-10,2,down,down,0.49099140604812647,0.19365763778901368,0.3153509561628598
NVIDIA Corporation,2021-12-09,2021-12-13,2,down,down,0.4314245092411861,0.2800656681999941,0.2885098225588196
NVIDIA Corporation,2021-12-10,2021-12-14,2,down,down,0.40688586547111144,0.31399179403030036,0.27912234049858814
NVIDIA Corporation,2021-12-13,2021-12-15,2,up,down,0.36174771031579156,0.3368376009084652,0.30141468877574334
NVIDIA Corporation,2021-12-14,2021-12-16,2,up,flat,0.1907336219687123,0.45379593284707603,0.3554704451842121
NVIDIA Corporation,2021-12-15,2021-12-17,2,down,up,0.27943177884148984,0.2567637215367283,0.46380449962178183
NVIDIA Corporation,2021-12-16,2021-12-20,2,down,up,0.348106978268786,0.1987394695076109,0.4531535522236029
NVIDIA Corporation,2021-12-17,2021-12-21,2,up,up,0.27392275752217066,0.34862209188350946,0.37745515059432
NVIDIA Corporation,2021-12-20,2021-12-22,2,up,up,0.29622662118635684,0.3202039756138333,0.3835694031998097
NVIDIA Corporation,2021-12-21,2021-12-23,2,up,up,0.37835152248753645,0.16724047770353478,0.45440799980892876
NVIDIA Corporation,2021-12-22,2021-12-27,2,up,up,0.4000494683204633,0.14009734955292105,0.45985318212661574
NVIDIA Corporation,2021-12-23,2021-12-28,2,up,up,0.39968934400319145,0.13580961639446584,0.46450103960234296
NVIDIA Corporation,2021-12-27,2021-12-29,2,down,up,0.4244652931808195,0.08436459494122213,0.4911701118779584
NVIDIA Corporation,2021-12-28,2021-12-30,2,down,down,0.5119077747138909,0.10726104239034319,0.3808311828957657
NVIDIA Corporation,2021-12-29,2021-12-31,2,down,down,0.4712033208007284,0.18360206797960185,0.3451946112196698
NVIDIA Corporation,2021-12-30,2022-01-03,2,up,down,0.5145943149503058,0.1532603317363441,0.3321453533133504
NVIDIA Corporation,2021-12-31,2022-01-04,2,flat,down,0.4886529497885498,0.17756210753251836,0.3337849426789321
NVIDIA Corporation,2022-01-03,2022-01-05,2,down,down,0.4783416755458883,0.1382718117876621,0.3833865126664497
NVIDIA Corporation,2022-01-04,2022-01-06,2,down,down,0.4282020372575174,0.25329281493629585,0.3185051478061868
NVIDIA Corporation,2022-01-05,2022-01-07,2,down,up,0.3387808964576414,0.2977811443422221,0.36343795920013633
NVIDIA Corporation,2022-01-06,2022-01-10,2,down,up,0.2915431174664611,0.3320025693451344,0.3764543131884043
NVIDIA Corporation,2022-01-07,2022-01-11,2,down,up,0.2754367504824372,0.24837803801828368,0.476185211499279
NVIDIA Corporation,2022-01-10,2022-01-12,2,up,up,0.2321467476501684,0.3309478870497674,0.43690536530006413
NVIDIA Corporation,2022-01-11,2022-01-13,2,flat,up,0.25661792484891355,0.22113260513265623,0.52224947001843
NVIDIA Corporation,2022-01-12,2022-01-14,2,down,up,0.3628359368056817,0.11019461015684595,0.5269694530374722
NVIDIA Corporation,2022-01-13,2022-01-18,2,down,up,0.3476046879384119,0.18163986769487273,0.47075544436671535
NVIDIA Corporation,2022-01-14,2022-01-19,2,down,up,0.3023566870203347,0.2804608398800217,0.4171824730996436
NVIDIA Corporation,2022-01-18,2022-01-20,2,down,up,0.2937750205121827,0.2774263229659025,0.42879865652191484
NVIDIA Corporation,2022-01-19,2022-01-21,2,down,up,0.2212754555427064,0.3518141109292621,0.4269104335280314
NVIDIA Corporation,2022-01-20,2022-01-24,2,down,up,0.18807610057434457,0.3818307077086685,0.430093191716987
NVIDIA Corporation,2022-01-21,2022-01-25,2,down,up,0.17840466109480133,0.4005687509399123,0.4210265879652864
NVIDIA Corporation,2022-01-24,2022-01-26,2,up,up,0.1939478748013577,0.40190913583964183,0.4041429893590006
NVIDIA Corporation,2022-01-25,2022-01-27,2,up,up,0.18153697050049808,0.3269341079059967,0.49152892159350503
NVIDIA Corporation,2022-01-26,2022-01-28,2,down,up,0.1962497163304582,0.3044503113384474,0.4992999723310939
NVIDIA Corporation,2022-01-27,2022-01-31,2,up,up,0.22866585777164045,0.2901743962372601,0.48115974599109923
NVIDIA Corporation,2022-01-28,2022-02-01,2,up,up,0.2480332071350626,0.3209571891005747,0.43100960376436254
NVIDIA Corporation,2022-01-31,2022-02-02,2,up,up,0.3323481368006482,0.10867272603377835,0.5589791371655738
NVIDIA Corporation,2022-02-01,2022-02-03,2,down,up,0.3809573093851059,0.0823310245340023,0.5367116660808918
NVIDIA Corporation,2022-02-02,2022-02-04,2,down,up,0.4044815926724164,0.06968982755371543,0.5258285797738683
NVIDIA Corporation,2022-02-03,2022-02-07,2,up,up,0.3824995268209619,0.13041138410067776,0.4870890890783604
NVIDIA Corporation,2022-02-04,2022-02-08,2,up,up,0.39909614641639396,0.13785393268640203,0.46304992089720387
NVIDIA Corporation,2022-02-07,2022-02-09,2,up,up,0.3960781150189897,0.11187574304308584,0.49204614193792456
NVIDIA Corporation,2022-02-08,2022-02-10,2,up,up,0.4190294869176519,0.10396861112719841,0.47700190195514985
NVIDIA Corporation,2022-02-09,2022-02-11,2,down,up,0.3657360005656855,0.10019092684072543,0.534073072593589
NVIDIA Corporation,2022-02-10,2022-02-14,2,down,up,0.4022898221402213,0.09832073769089916,0.49938944016887965
NVIDIA Corporation,2022-02-11,2022-02-15,2,up,up,0.4045718131484076,0.12313996601722405,0.4722882208343684
NVIDIA Corporation,2022-02-14,2022-02-16,2,up,up,0.3601693866581877,0.18276138910463416,0.45706922423717833
NVIDIA Corporation,2022-02-15,2022-02-17,2,down,up,0.38468439496133633,0.11269493835704349,0.5026206666816203
NVIDIA Corporation,2022-02-16,2022-02-18,2,down,up,0.41439081188501703,0.10216044645765493,0.48344874165732826
NVIDIA Corporation,2022-02-17,2022-02-22,2,down,up,0.4257083004237429,0.14076250883528033,0.4335291907409768
NVIDIA Corporation,2022-02-18,2022-02-23,2,down,up,0.39894309115226484,0.18060431024479828,0.4204525986029369
NVIDIA Corporation,2022-02-22,2022-02-24,2,down,up,0.373198414109371,0.19640767349358448,0.43039391239704455
NVIDIA Corporation,2022-02-23,2022-02-25,2,up,up,0.2974927578074422,0.2749816986910229,0.4275255435015346
NVIDIA Corporation,2022-02-24,2022-02-28,2,up,up,0.2897743533595882,0.27267546037250573,0.43755018626790615
NVIDIA Corporation,2022-02-25,2022-03-01,2,down,up,0.32379846679552055,0.15428158216691826,0.5219199510375612
NVIDIA Corporation,2022-02-28,2022-03-02,2,down,up,0.39745068158360913,0.11128707286117676,0.4912622455552144
NVIDIA Corporation,2022-03-01,2022-03-03,2,up,up,0.39347341994499674,0.11866823456214438,0.48785834549285917
NVIDIA Corporation,2022-03-02,2022-03-04,2,down,up,0.4343420508392737,0.0905452029364196,0.4751127462243067
NVIDIA Corporation,2022-03-03,2022-03-07,2,down,up,0.43554271254240745,0.09945977820428499,0.46499750925330746
NVIDIA Corporation,2022-03-04,2022-03-08,2,down,up,0.3753326272254277,0.17998185706866784,0.4446855157059044
NVIDIA Corporation,2022-03-07,2022-03-09,2,up,up,0.3312370010119154,0.26263448809239753,0.4061285108956871
NVIDIA Corporation,2022-03-08,2022-03-10,2,up,up,0.29707449972811534,0.312372610059947,0.39055289021193756
NVIDIA Corporation,2022-03-09,2022-03-11,2,down,up,0.32140803916828303,0.1983496212865788,0.4802423395451382
NVIDIA Corporation,2022-03-10,2022-03-14,2,down,up,0.3354756175223367,0.18835821452539517,0.47616616795226824
NVIDIA Corporation,2022-03-11,2022-03-15,2,down,up,0.4080669765219798,0.13497124980389277,0.45696177367412744
NVIDIA Corporation,2022-03-14,2022-03-16,2,up,up,0.3772368004110183,0.19496653383052945,0.4277966657584523
NVIDIA Corporation,2022-03-15,2022-03-17,2,up,up,0.3868659739070593,0.10445653367436951,0.5086774924185713
NVIDIA Corporation,2022-03-16,2022-03-18,2,up,up,0.3469220425577365,0.08088330747538025,0.5721946499668834
NVIDIA Corporation,2022-03-17,2022-03-21,2,up,up,0.37676345072983325,0.07326312148226716,0.5499734277878998
NVIDIA Corporation,2022-03-18,2022-03-22,2,up,up,0.39310845598223365,0.0693692721142023,0.5375222719035642
NVIDIA Corporation,2022-03-21,2022-03-23,2,down,up,0.44446134930337344,0.08359610570068965,0.47194254499593696
NVIDIA Corporation,2022-03-22,2022-03-24,2,up,down,0.4545336522199165,0.09373455580428805,0.45173179197579544
NVIDIA Corporation,2022-03-23,2022-03-25,2,up,down,0.4502220761136663,0.14688549622889094,0.40289242765744254
NVIDIA Corporation,2022-03-24,2022-03-28,2,up,down,0.47351679803347396,0.08104850462229514,0.44543469734423075
NVIDIA Corporation,2022-03-25,2022-03-29,2,up,up,0.45575386864388645,0.08666446358796229,0.4575816677681513
NVIDIA Corporation,2022-03-28,2022-03-30,2,up,down,0.5188435941951934,0.09759748683745256,0.38355891896735395
NVIDIA Corporation,2022-03-29,2022-03-31,2,down,down,0.5041108940776504,0.07863165798521386,0.4172574479371353
NVIDIA Corporation,2022-03-30,2022-04-01,2,down,down,0.5595362479266508,0.14256741871595588,0.2978963333573935
NVIDIA Corporation,2022-03-31,2022-04-04,2,down,down,0.5282363165440902,0.15759383357950246,0.3141698498764076
NVIDIA Corporation,2022-04-01,2022-04-05,2,down,down,0.45533082092767585,0.21322423458390802,0.3314449444884163
NVIDIA Corporation,2022-04-04,2022-04-06,2,down,down,0.4900818736186906,0.17621944258013078,0.33369868380117895
NVIDIA Corporation,2022-04-05,2022-04-07,2,down,down,0.37784670369864126,0.29306209491620067,0.3290912013851582
NVIDIA Corporation,2022-04-06,2022-04-08,2,down,flat,0.2566211674563412,0.3964319433954695,0.3469468891481896
NVIDIA Corporation,2022-04-07,2022-04-11,2,down,flat,0.19140748641476193,0.4597195290787305,0.34887298450650794
NVIDIA Corporation,2022-04-08,2022-04-12,2,down,flat,0.18237266954482498,0.4423507633004299,0.37527656715474544
NVIDIA Corporation,2022-04-11,2022-04-13,2,down,flat,0.26644115533534946,0.4074345716850204,0.3261242729796306
NVIDIA Corporation,2022-04-12,2022-04-14,2,down,up,0.24788142175019753,0.3312426793660988,0.42087589888370325
NVIDIA Corporation,2022-04-13,2022-04-18,2,down,up,0.24107096456748883,0.3198187559892143,0.43911027944329667
NVIDIA Corporation,2022-04-14,2022-04-19,2,flat,up,0.22821746610720933,0.3019933360759264,0.4697891978168641
NVIDIA Corporation,2022-04-18,2022-04-20,2,up,up,0.2358118322665962,0.3075167628307802,0.45667140490262365
NVIDIA Corporation,2022-04-19,2022-04-21,2,down,up,0.312713348544621,0.17778825707244042,0.5094983943829386
NVIDIA Corporation,2022-04-20,2022-04-22,2,down,up,0.3460402078765458,0.16536446798968085,0.4885953241337733
NVIDIA Corporation,2022-04-21,2022-04-25,2,down,up,0.2859402981512002,0.26957437176067117,0.4444853300881287
NVIDIA Corporation,2022-04-22,2022-04-26,2,down,up,0.26673813748916664,0.3503570362091199,0.38290482630171335
NVIDIA Corporation,2022-04-25,2022-04-27,2,down,flat,0.22093213343906473,0.39108985641387917,0.38797801014705613
NVIDIA Corporation,2022-04-26,2022-04-28,2,up,up,0.18489512930224727,0.37976022954871413,0.43534464114903865
NVIDIA Corporation,2022-04-27,2022-04-29,2,up,up,0.1787854376671913,0.369596403604506,0.45161815872830274
NVIDIA Corporation,2022-04-28,2022-05-02,2,down,up,0.22791554109193965,0.2307645758497618,0.5413198830582983
NVIDIA Corporation,2022-04-29,2022-05-03,2,up,up,0.27968314238536907,0.22476952475017112,0.49554733286445996
NVIDIA Corporation,2022-05-02,2022-05-04,2,up,up,0.2979594021882834,0.21683124426157474,0.48520935355014194
NVIDIA Corporation,2022-05-03,2022-05-05,2,down,up,0.3460046625663694,0.10176663136269078,0.55222870607094
NVIDIA Corporation,2022-05-04,2022-05-06,2,down,up,0.3689377594583469,0.06778056664995191,0.5632816738917016
NVIDIA Corporation,2022-05-05,2022-05-09,2,down,up,0.3515974686743881,0.12019684193483776,0.5282056893907744
NVIDIA Corporation,2022-05-06,2022-05-10,2,down,up,0.365959290710147,0.1654025219054693,0.46863818738438395
NVIDIA Corporation,2022-05-09,2022-05-11,2,down,up,0.325778505871112,0.22482941411035373,0.44939208001853453
NVIDIA Corporation,2022-05-10,2022-05-12,2,down,up,0.2660431388089025,0.2657538636746512,0.4682029975164461
NVIDIA Corporation,2022-05-11,2022-05-13,2,up,up,0.2575969340163359,0.2868650442635367,0.45553802172012736
NVIDIA Corporation,2022-05-12,2022-05-16,2,up,up,0.2840105844818737,0.2682959242545642,0.44769349126356206
NVIDIA Corporation,2022-05-13,2022-05-17,2,up,up,0.30737599890343964,0.14936020731758204,0.5432637937789785
NVIDIA Corporation,2022-05-16,2022-05-18,2,flat,up,0.37654611636664803,0.08363029407412417,0.5398235895592282
NVIDIA Corporation,2022-05-17,2022-05-19,2,down,up,0.3447621780130786,0.0692061072701765,0.5860317147167451
NVIDIA Corporation,2022-05-18,2022-05-20,2,down,up,0.3779617672438884,0.07598490339448381,0.546053329361628
NVIDIA Corporation,2022-05-19,2022-05-23,2,down,up,0.3590002413030581,0.11490619137963783,0.5260935673173042
NVIDIA Corporation,2022-05-20,2022-05-24,2,down,up,0.4020512786824036,0.11268020499806554,0.48526851631953116
NVIDIA Corporation,2022-05-23,2022-05-25,2,down,up,0.3231495347769361,0.1612875970286991,0.515562868194365
NVIDIA Corporation,2022-05-24,2022-05-26,2,up,up,0.3324027597476104,0.23191482527454516,0.4356824149778443
NVIDIA Corporation,2022-05-25,2022-05-27,2,up,up,0.31486700428652264,0.14142343262981613,0.5437095630836615
NVIDIA Corporation,2022-05-26,2022-05-31,2,up,up,0.34810717407989367,0.07130406767655875,0.5805887582435479
NVIDIA Corporation,2022-05-27,2022-06-01,2,up,up,0.3620946045059086,0.045668256575273264,0.5922371389188186
NVIDIA Corporation,2022-05-31,2022-06-02,2,up,up,0.38032828106460925,0.04194194199385609,0.5777297769415352
NVIDIA Corporation,2022-06-01,2022-06-03,2,up,up,0.3624537468175027,0.08389274071120094,0.5536535124712965
NVIDIA Corporation,2022-06-02,2022-06-06,2,flat,up,0.3719321993456729,0.033012903085067505,0.59505489756926
NVIDIA Corporation,2022-06-03,2022-06-07,2,down,up,0.3979771675538846,0.053466669785101964,0.5485561626610135
NVIDIA Corporation,2022-06-06,2022-06-08,2,down,up,0.3684712482014864,0.05559061928316703,0.5759381325153468
NVIDIA Corporation,2022-06-07,2022-06-09,2,down,up,0.38462794844091713,0.09774581075052534,0.5176262408085578
NVIDIA Corporation,2022-06-08,2022-06-10,2,down,up,0.37785938062803837,0.07207699901739639,0.5500636203545656
NVIDIA Corporation,2022-06-09,2022-06-13,2,down,up,0.42680424608941353,0.0976340850734817,0.4755616688371048
NVIDIA Corporation,2022-06-10,2022-06-14,2,down,up,0.37651858536941185,0.16807603033140533,0.45540538429918265
NVIDIA Corporation,2022-06-13,2022-06-15,2,up,up,0.32414354874377804,0.24175998919737934,0.43409646205884267
NVIDIA Corporation,2022-06-14,2022-06-16,2,down,up,0.27870849887059573,0.2619539795262714,0.45933752160313285
NVIDIA Corporation,2022-06-15,2022-06-17,2,down,up,0.29244087734562985,0.18985983058237588,0.5176992920719944
NVIDIA Corporation,2022-06-16,2022-06-21,2,up,up,0.29862359257617915,0.22080071646287092,0.4805756909609499
NVIDIA Corporation,2022-06-17,2022-06-22,2,up,up,0.2830684972413559,0.21470272445566332,0.5022287783029807
NVIDIA Corporation,2022-06-21,2022-06-23,2,down,up,0.33034790474434156,0.0441930882762638,0.625459006979395
NVIDIA Corporation,2022-06-22,2022-06-24,2,up,up,0.3613600588761677,0.06774484766957276,0.5708950934542599
NVIDIA Corporation,2022-06-23,2022-06-27,2,up,up,0.3920697116982986,0.06641095601080718,0.5415193322908943
NVIDIA Corporation,2022-06-24,2022-06-28,2,down,up,0.3256296175882128,0.02683468510930634,0.6475356973024812
NVIDIA Corporation,2022-06-27,2022-06-29,2,down,up,0.3746398214906232,0.035777768870112824,0.5895824096392644
NVIDIA Corporation,2022-06-28,2022-06-30,2,down,up,0.3895277606960196,0.06646503156495136,0.5440072077390291
NVIDIA Corporation,2022-06-29,2022-07-01,2,down,up,0.34836299900398543,0.11733251019747735,0.5343044907985373
NVIDIA Corporation,2022-06-30,2022-07-05,2,down,up,0.32805206567322187,0.168548574726692,0.5033993596000863
NVIDIA Corporation,2022-07-01,2022-07-06,2,up,up,0.28963637076872156,0.24679641059995608,0.4635672186313225
NVIDIA Corporation,2022-07-05,2022-07-07,2,up,up,0.2677824819076908,0.22475456963060667,0.5074629484617026
NVIDIA Corporation,2022-07-06,2022-07-08,2,up,up,0.27489040493743017,0.20912746306269633,0.5159821319998735
NVIDIA Corporation,2022-07-07,2022-07-11,2,down,up,0.355046548547789,0.08257823279733917,0.5623752186548723
NVIDIA Corporation,2022-07-08,2022-07-12,2,down,up,0.3922470108193532,0.06295708645008555,0.5447959027305614
NVIDIA Corporation,2022-07-11,2022-07-13,2,down,up,0.41684034241811135,0.051387358501998784,0.5317722990798898
NVIDIA Corporation,2022-07-12,2022-07-14,2,flat,up,0.40961001471441316,0.06215384922567023,0.5282361360599166
NVIDIA Corporation,2022-07-13,2022-07-15,2,up,up,0.3762961398794786,0.08725641375958693,0.5364474463609346
NVIDIA Corporation,2022-07-14,2022-07-18,2,up,up,0.4259960429028194,0.06447539992143009,0.5095285571757505
NVIDIA Corporation,2022-07-15,2022-07-19,2,up,up,0.38625496207606114,0.04882112264058989,0.5649239152833494
NVIDIA Corporation,2022-07-18,2022-07-20,2,up,up,0.32565201472025224,0.039240448420594,0.6351075368591544
NVIDIA Corporation,2022-07-19,2022-07-21,2,up,up,0.37051631009547115,0.025916723248254874,0.6035669666562745
NVIDIA Corporation,2022-07-20,2022-07-22,2,up,up,0.37540665814265933,0.027802494507518195,0.5967908473498228
NVIDIA Corporation,2022-07-21,2022-07-25,2,down,up,0.4139650167045964,0.022846659597813828,0.56318832369759
NVIDIA Corporation,2022-07-22,2022-07-26,2,down,down,0.46781917612506463,0.08286328078680302,0.4493175430881321
NVIDIA Corporation,2022-07-25,2022-07-27,2,up,up,0.43351387276690745,0.07926779554448704,0.48721833168860534
NVIDIA Corporation,2022-07-26,2022-07-28,2,up,up,0.408515444930986,0.09993887525630252,0.4915456798127114
NVIDIA Corporation,2022-07-27,2022-07-29,2,up,up,0.35873461079130176,0.12805653682160456,0.5132088523870939
NVIDIA Corporation,2022-07-28,2022-08-01,2,up,up,0.39296830290366513,0.09870233359335157,0.5083293635029835
NVIDIA Corporation,2022-07-29,2022-08-02,2,up,up,0.420606895669296,0.06719190755562177,0.5122011967750825
NVIDIA Corporation,2022-08-01,2022-08-03,2,up,up,0.32674854773367096,0.05041218252824635,0.6228392697380829
NVIDIA Corporation,2022-08-02,2022-08-04,2,up,up,0.3923078732936378,0.054462228360770464,0.5532298983455918
NVIDIA Corporation,2022-08-03,2022-08-05,2,up,up,0.3841058988934971,0.0566379939393557,0.5592561071671472
NVIDIA Corporation,2022-08-04,2022-08-08,2,down,up,0.3393818618258236,0.04485134061907173,0.6157667975551047
NVIDIA Corporation,2022-08-05,2022-08-09,2,down,up,0.38269804590094386,0.06811495807569921,0.549186996023357
NVIDIA Corporation,2022-08-08,2022-08-10,2,up,down,0.44998289899278626,0.1353562837251711,0.4146608172820425
NVIDIA Corporation,2022-08-09,2022-08-11,2,up,up,0.32149987136192104,0.1715330477811128,0.5069670808569663
NVIDIA Corporation,2022-08-10,2022-08-12,2,up,up,0.3918712637412135,0.11998671448417518,0.4881420217746117
NVIDIA Corporation,2022-08-11,2022-08-15,2,up,up,0.3976340615010654,0.11083486098294137,0.49153107751599323
NVIDIA Corporation,2022-08-12,2022-08-16,2,up,down,0.44761711262491327,0.11551742383096233,0.43686546354412437
NVIDIA Corporation,2022-08-15,2022-08-17,2,down,up,0.390594017040181,0.057039255689347555,0.5523667272704718
NVIDIA Corporation,2022-08-16,2022-08-18,2,down,down,0.5026651036801972,0.061795904221950686,0.43553899209785163
NVIDIA Corporation,2022-08-17,2022-08-19,2,down,down,0.45138857478636274,0.10210909796162757,0.44650232725200967
NVIDIA Corporation,2022-08-18,2022-08-22,2,down,up,0.40309907358648267,0.09375992265837542,0.5031410037551418
NVIDIA Corporation,2022-08-19,2022-08-23,2,down,down,0.4594587469500632,0.15142778201386664,0.38911347103606997
NVIDIA Corporation,2022-08-22,2022-08-24,2,down,up,0.26946963822003395,0.24536182902281262,0.4851685327571536
NVIDIA Corporation,2022-08-23,2022-08-25,2,up,up,0.19973605836475472,0.3025400099047091,0.4977239317305362
NVIDIA Corporation,2022-08-24,2022-08-26,2,down,up,0.2189385075050005,0.23399398913049868,0.5470675033645008
NVIDIA Corporation,2022-08-25,2022-08-29,2,down,up,0.29171633159198757,0.16370203180155588,0.5445816366064566
NVIDIA Corporation,2022-08-26,2022-08-30,2,down,up,0.31820504570952773,0.2219377759082751,0.4598571783821976
NVIDIA Corporation,2022-08-29,2022-08-31,2,down,up,0.3172770454518263,0.32294695499089504,0.3597759995572785
NVIDIA Corporation,2022-08-30,2022-09-01,2,down,flat,0.2527493481344452,0.40602440314702115,0.341226248718534
NVIDIA Corporation,2022-08-31,2022-09-02,2,down,up,0.23430594397950824,0.36339355609957025,0.4023004999209215
NVIDIA Corporation,2022-09-01,2022-09-06,2,down,up,0.24933393451328875,0.2935024880394306,0.45716357744728087
NVIDIA Corporation,2022-09-02,2022-09-07,2,down,up,0.20519204350048917,0.2808407669007058,0.5139671895988049
NVIDIA Corporation,2022-09-06,2022-09-08,2,up,up,0.20700424186361416,0.3183357098239965,0.4746600483123894
NVIDIA Corporation,2022-09-07,2022-09-09,2,up,up,0.22703879558342344,0.28627883263102405,0.4866823717855525
NVIDIA Corporation,2022-09-08,2022-09-12,2,up,up,0.22430537951869758,0.3071724603043416,0.46852216017696063
NVIDIA Corporation,2022-09-09,2022-09-13,2,down,up,0.29586517431167936,0.10385128748990874,0.6002835381984124
NVIDIA Corporation,2022-09-12,2022-09-14,2,down,up,0.3587734200284989,0.06267230275340976,0.5785542772180917
NVIDIA Corporation,2022-09-13,2022-09-15,2,down,up,0.3704056935042065,0.08600607135072685,0.5435882351450667
NVIDIA Corporation,2022-09-14,2022-09-16,2,down,up,0.3609966320097413,0.11362433701922445,0.5253790309710344
NVIDIA Corporation,2022-09-15,2022-09-19,2,up,up,0.3028763454571597,0.11047026091493287,0.586653393627908
NVIDIA Corporation,2022-09-16,2022-09-20,2,up,up,0.2657267145304768,0.15668804574492756,0.5775852397245959
NVIDIA Corporation,2022-09-19,2022-09-21,2,up,up,0.2521411381760253,0.10328064845558377,0.6445782133683913
NVIDIA Corporation,2022-09-20,2022-09-22,2,down,up,0.32022158191129757,0.07110708056421539,0.6086713375244875
NVIDIA Corporation,2022-09-21,2022-09-23,2,down,up,0.35580229971827504,0.052695975495780284,0.5915017247859451
NVIDIA Corporation,2022-09-22,2022-09-26,2,down,up,0.3602254760280158,0.04211079441111718,0.5976637295608669
NVIDIA Corporation,2022-09-23,2022-09-27,2,up,up,0.31996102908728136,0.054797155820397896,0.6252418150923211
NVIDIA Corporation,2022-09-26,2022-09-28,2,up,up,0.29899833725789526,0.0693554180791213,0.6316462446629838
NVIDIA Corporation,2022-09-27,2022-09-29,2,down,up,0.2944498582871446,0.07258943405993044,0.6329607076529256
NVIDIA Corporation,2022-09-28,2022-09-30,2,down,up,0.33140340023549747,0.08261443100364221,0.5859821687608607
NVIDIA Corporation,2022-09-29,2022-10-03,2,up,up,0.39791651269106587,0.03224256988844896,0.5698409174204851
NVIDIA Corporation,2022-09-30,2022-10-04,2,up,up,0.34679300145217307,0.04728624379895381,0.6059207547488731
NVIDIA Corporation,2022-10-03,2022-10-05,2,up,up,0.33160622789807015,0.05056420065296884,0.6178295714489612
NVIDIA Corporation,2022-10-04,2022-10-06,2,up,up,0.33368410985201996,0.03720031359563476,0.6291155765523455
NVIDIA Corporation,2022-10-05,2022-10-07,2,down,up,0.3971792007016843,0.04580527222375279,0.557015527074563
NVIDIA Corporation,2022-10-06,2022-10-10,2,down,up,0.4485510689265791,0.02539169733552114,0.5260572337378999
NVIDIA Corporation,2022-10-07,2022-10-11,2,down,up,0.3888270616015952,0.02448653642150395,0.586686401976901
NVIDIA Corporation,2022-10-10,2022-10-12,2,down,up,0.3948313645927635,0.0365953463065158,0.5685732891007207
NVIDIA Corporation,2022-10-11,2022-10-13,2,down,up,0.36198636125684663,0.10157823462341384,0.5364354041197396
NVIDIA Corporation,2022-10-12,2022-10-14,2,up,up,0.35656175110639127,0.08716105069926634,0.5562771981943425
NVIDIA Corporation,2022-10-13,2022-10-17,2,up,up,0.267641894513725,0.09166358443363652,0.6406945210526388
NVIDIA Corporation,2022-10-14,2022-10-18,2,up,up,0.2647581444350335,0.07238870103929419,0.6628531545256727
NVIDIA Corporation,2022-10-17,2022-10-19,2,up,up,0.347895758755241,0.05014817072345045,0.6019560705213088
NVIDIA Corporation,2022-10-18,2022-10-20,2,up,up,0.33167873513868024,0.03559411912174493,0.6327271457395753
NVIDIA Corporation,2022-10-19,2022-10-21,2,up,up,0.4460583786106351,0.03156597519653691,0.5223756461928281
NVIDIA Corporation,2022-10-20,2022-10-24,2,up,up,0.4562024093048116,0.02823831106962653,0.5155592796255621
NVIDIA Corporation,2022-10-21,2022-10-25,2,up,up,0.4170918650512024,0.036742013920346345,0.5461661210284514
NVIDIA Corporation,2022-10-24,2022-10-26,2,up,up,0.4531418794579687,0.025700374220475566,0.5211577463215561
NVIDIA Corporation,2022-10-25,2022-10-27,2,up,up,0.3934047511375891,0.036313297666881655,0.5702819511955295
NVIDIA Corporation,2022-10-26,2022-10-28,2,up,up,0.45029516997797464,0.03328599940483848,0.5164188306171872
NVIDIA Corporation,2022-10-27,2022-10-31,2,up,up,0.43262209615331204,0.028912124800288805,0.5384657790463993
NVIDIA Corporation,2022-10-28,2022-11-01,2,up,down,0.5281851491655022,0.03412450619096401,0.4376903446435336
NVIDIA Corporation,2022-10-31,2022-11-02,2,flat,up,0.48944113346695056,0.01783138074485683,0.49272748578819253
NVIDIA Corporation,2022-11-01,2022-11-03,2,down,up,0.3786151550314782,0.04270166335608845,0.5786831816124337
NVIDIA Corporation,2022-11-02,2022-11-04,2,up,up,0.33465993417616324,0.06389170179297093,0.6014483640308661
NVIDIA Corporation,2022-11-03,2022-11-07,2,up,up,0.457437056804198,0.042543614729508225,0.5000193284662937
NVIDIA Corporation,2022-11-04,2022-11-08,2,up,up,0.29690943924552804,0.04578496644983679,0.657305594304635
NVIDIA Corporation,2022-11-07,2022-11-09,2,down,up,0.3757968622127845,0.05385261402846936,0.5703505237587462
NVIDIA Corporation,2022-11-08,2022-11-10,2,up,up,0.35079832450073917,0.021735855609486546,0.6274658198897742
NVIDIA Corporation,2022-11-09,2022-11-11,2,up,down,0.5340465857918733,0.07305484326627225,0.3928985709418544
NVIDIA Corporation,2022-11-10,2022-11-14,2,up,down,0.5209563008078636,0.059632318776915605,0.4194113804152208
NVIDIA Corporation,2022-11-11,2022-11-15,2,up,down,0.6090161142796607,0.06851607691053879,0.3224678088098005
NVIDIA Corporation,2022-11-14,2022-11-16,2,down,down,0.6407667691720094,0.05518185019555974,0.30405138063243037
NVIDIA Corporation,2022-11-15,2022-11-17,2,down,down,0.6584916405566815,0.058557123275119034,0.28295123616819934
NVIDIA Corporation,2022-11-16,2022-11-18,2,down,down,0.6524203807121763,0.05560434667044636,0.2919752726173767
NVIDIA Corporation,2022-11-17,2022-11-21,2,down,down,0.6202023567336281,0.07338634965962441,0.30641129360674685
NVIDIA Corporation,2022-11-18,2022-11-22,2,flat,down,0.5717587810807673,0.06376650795970121,0.3644747109595315
NVIDIA Corporation,2022-11-21,2022-11-23,2,up,up,0.44703500749304065,0.09101664436883425,0.4619483481381249
NVIDIA Corporation,2022-11-22,2022-11-25,2,up,up,0.354530489285136,0.1476946179815981,0.4977748927332659
NVIDIA Corporation,2022-11-23,2022-11-28,2,down,down,0.48336330083265905,0.12257385575730816,0.39406284341003234
NVIDIA Corporation,2022-11-25,2022-11-29,2,down,down,0.5303186652203207,0.09302234511771912,0.3766589896619598
NVIDIA Corporation,2022-11-28,2022-11-30,2,up,down,0.5467278033751828,0.07301038874902027,0.3802618078757968
NVIDIA Corporation,2022-11-29,2022-12-01,2,up,down,0.5474669970295172,0.07736842533486032,0.375164577635622
NVIDIA Corporation,2022-11-30,2022-12-02,2,up,down,0.4993857424018357,0.061262945907490866,0.4393513116906733
NVIDIA Corporation,2022-12-01,2022-12-05,2,down,up,0.45863502418798624,0.06949332008228448,0.4718716557297293
NVIDIA Corporation,2022-12-02,2022-12-06,2,down,down,0.5023987870156439,0.09873603322408644,0.39886517976026953
NVIDIA Corporation,2022-12-05,2022-12-07,2,down,down,0.474659904391325,0.0640814589364971,0.4612586366721778
NVIDIA Corporation,2022-12-06,2022-12-08,2,up,down,0.512419685448505,0.09694491007764211,0.3906354044738526
NVIDIA Corporation,2022-12-07,2022-12-09,2,up,down,0.5047151644177142,0.15420869142031812,0.3410761441619672
NVIDIA Corporation,2022-12-08,2022-12-12,2,up,down,0.42132958460566117,0.1600074288752761,0.41866298651906264
NVIDIA Corporation,2022-12-09,2022-12-13,2,up,down,0.492248572960775,0.08419708687590287,0.42355434016332183
NVIDIA Corporation,2022-12-12,2022-12-14,2,up,down,0.518090189976994,0.06794776964600258,0.4139620403770031
NVIDIA Corporation,2022-12-13,2022-12-15,2,down,down,0.532525178512557,0.05052130306807353,0.4169535184193692
NVIDIA Corporation,2022-12-14,2022-12-16,2,down,down,0.5774201303735247,0.07159173283005865,0.3509881367964163
NVIDIA Corporation,2022-12-15,2022-12-19,2,down,down,0.4664530382932505,0.10162195305104588,0.4319250086557034
NVIDIA Corporation,2022-12-16,2022-12-20,2,down,down,0.4826534148379515,0.14394307066688175,0.3734035144951665
NVIDIA Corporation,2022-12-19,2022-12-21,2,down,up,0.35162082151603663,0.21157111620537644,0.4368080622785869
NVIDIA Corporation,2022-12-20,2022-12-22,2,down,up,0.26528761853112426,0.2480732942947799,0.4866390871740962
NVIDIA Corporation,2022-12-21,2022-12-23,2,down,up,0.2990870530049117,0.22768694229159006,0.47322600470349835
NVIDIA Corporation,2022-12-22,2022-12-27,2,down,up,0.27024023253044704,0.2848105025289281,0.444949264940625
NVIDIA Corporation,2022-12-23,2022-12-28,2,down,up,0.21236853046179607,0.3517409389410936,0.4358905305971102
NVIDIA Corporation,2022-12-27,2022-12-29,2,down,up,0.22226106303054458,0.37755024545119065,0.4001886915182647
NVIDIA Corporation,2022-12-28,2022-12-30,2,up,flat,0.2702738978631183,0.3687734453032875,0.3609526568335943
NVIDIA Corporation,2022-12-29,2023-01-03,2,up,up,0.2779705948999174,0.27758064067360166,0.4444487644264808
NVIDIA Corporation,2022-12-30,2023-01-04,2,up,up,0.29935239160654903,0.25273271893732074,0.4479148894561301
NVIDIA Corporation,2023-01-03,2023-01-05,2,down,up,0.3573922800059722,0.12855049698035853,0.5140572230136694
NVIDIA Corporation,2023-01-04,2023-01-06,2,up,up,0.3703814913542369,0.10832858208965991,0.5212899265561033
NVIDIA Corporation,2023-01-05,2023-01-09,2,up,up,0.36343585409805224,0.1268616149425186,0.5097025309594295
NVIDIA Corporation,2023-01-06,2023-01-10,2,up,down,0.6119200909469616,0.09319293774240664,0.2948869713106316
NVIDIA Corporation,2023-01-09,2023-01-11,2,up,down,0.6163474827434824,0.09277977011798635,0.2908727471385312
NVIDIA Corporation,2023-01-10,2023-01-12,2,up,down,0.6268192061246691,0.09186996409926156,0.281310829776069
NVIDIA Corporation,2023-01-11,2023-01-13,2,up,down,0.6629666544887668,0.08439534464180921,0.2526380008694236
NVIDIA Corporation,2023-01-12,2023-01-17,2,up,down,0.6489863676568562,0.08043685644052585,0.2705767759026182
NVIDIA Corporation,2023-01-13,2023-01-18,2,up,down,0.6443995063475139,0.08714323653088879,0.2684572571215974
NVIDIA Corporation,2023-01-17,2023-01-19,2,down,down,0.6361438976855878,0.09143615309499196,0.2724199492194203
NVIDIA Corporation,2023-01-18,2023-01-20,2,down,down,0.6394286950023892,0.10370597074740288,0.25686533425020774
NVIDIA Corporation,2023-01-19,2023-01-23,2,up,down,0.531928858064592,0.16922246388029105,0.29884867805511683
NVIDIA Corporation,2023-01-20,2023-01-24,2,up,down,0.5287394600614888,0.1390980406913092,0.3321624992472021
NVIDIA Corporation,2023-01-23,2023-01-25,2,up,down,0.6169787693426109,0.12229048448864482,0.2607307461687444
NVIDIA Corporation,2023-01-24,2023-01-26,2,up,down,0.5948947559207327,0.11652083228640558,0.28858441179286165
NVIDIA Corporation,2023-01-25,2023-01-27,2,up,down,0.5813552551509781,0.14378061895193006,0.2748641258970915
NVIDIA Corporation,2023-01-26,2023-01-30,2,down,down,0.6249651914717753,0.12020690643020814,0.25482790209801665
NVIDIA Corporation,2023-01-27,2023-01-31,2,down,down,0.6366769527689687,0.13505688439266728,0.2282661628383638
NVIDIA Corporation,2023-01-30,2023-02-01,2,up,down,0.5628571261877857,0.16735801950538667,0.2697848543068272
NVIDIA Corporation,2023-01-31,2023-02-02,2,up,down,0.5181637142146179,0.20911908372484994,0.2727172020605321
NVIDIA Corporation,2023-02-01,2023-02-03,2,up,down,0.49001367312376254,0.14957392404713193,0.3604124028291055
NVIDIA Corporation,2023-02-02,2023-02-06,2,down,down,0.5374833289714553,0.1438590328629645,0.3186576381655801
NVIDIA Corporation,2023-02-03,2023-02-07,2,up,down,0.5036254718942925,0.2022255285958954,0.2941489995098117
NVIDIA Corporation,2023-02-06,2023-02-08,2,up,down,0.5470908351406021,0.17138690074564725,0.2815222641137504
NVIDIA Corporation,2023-02-07,2023-02-09,2,up,down,0.5317469052161097,0.1359102827808413,0.3323428120030488
NVIDIA Corporation,2023-02-08,2023-02-10,2,down,down,0.5555155942425314,0.131440250949533,0.31304415480793524
NVIDIA Corporation,2023-02-09,2023-02-13,2,down,down,0.5346705055213143,0.15709563775314236,0.30823385672554293
NVIDIA Corporation,2023-02-10,2023-02-14,2,up,down,0.44745654222965925,0.2768407153389644,0.2757027424313763
NVIDIA Corporation,2023-02-13,2023-02-15,2,up,down,0.4861618102925726,0.17340692984413603,0.3404312598632913
NVIDIA Corporation,2023-02-14,2023-02-16,2,down,down,0.47893879717920074,0.15701394519441336,0.3640472576263858
NVIDIA Corporation,2023-02-15,2023-02-17,2,down,down,0.5273624414096032,0.1513119515667653,0.32132560702363155
NVIDIA Corporation,2023-02-16,2023-02-21,2,down,down,0.4512163230078524,0.26841432400402676,0.2803693529881207
NVIDIA Corporation,2023-02-17,2023-02-22,2,down,down,0.4378742326937619,0.28901408096385933,0.27311168634237865
NVIDIA Corporation,2023-02-21,2023-02-23,2,up,down,0.38886979446912967,0.3191551358292054,0.291975069701665
NVIDIA Corporation,2023-02-22,2023-02-24,2,up,up,0.301915155682369,0.32839216965439244,0.36969267466323835
NVIDIA Corporation,2023-02-23,2023-02-27,2,up,down,0.4798605860064037,0.16958686884698626,0.35055254514660994
NVIDIA Corporation,2023-02-24,2023-02-28,2,up,down,0.4888423580315811,0.22004505772377164,0.2911125842446469
NVIDIA Corporation,2023-02-27,2023-03-01,2,down,down,0.557151711996214,0.1239568609877307,0.3188914270160549
NVIDIA Corporation,2023-02-28,2023-03-02,2,down,down,0.5418834462819909,0.16671183270450168,0.2914047210135074
NVIDIA Corporation,2023-03-01,2023-03-03,2,up,down,0.49188191308334844,0.22981305318190084,0.27830503373475063
NVIDIA Corporation,2023-03-02,2023-03-06,2,up,down,0.4112067372600038,0.25385944720528525,0.3349338155347111
NVIDIA Corporation,2023-03-03,2023-03-07,2,flat,down,0.4861745820703489,0.1521405678997386,0.3616848500299125
NVIDIA Corporation,2023-03-06,2023-03-08,2,flat,down,0.5345347266000728,0.15649819286909106,0.30896708053083616
NVIDIA Corporation,2023-03-07,2023-03-09,2,up,down,0.5190418952235377,0.19129503641808984,0.28966306835837236
NVIDIA Corporation,2023-03-08,2023-03-10,2,down,down,0.5108983826572245,0.14960743843463153,0.33949417890814404
NVIDIA Corporation,2023-03-09,2023-03-13,2,down,down,0.5257315021362797,0.1602213368854795,0.31404716097824065
NVIDIA Corporation,2023-03-10,2023-03-14,2,up,down,0.42440929881288497,0.28946425278091903,0.28612644840619605
NVIDIA Corporation,2023-03-13,2023-03-15,2,up,down,0.3759513925201313,0.25717251194537777,0.3668760955344909
NVIDIA Corporation,2023-03-14,2023-03-16,2,up,down,0.49050843301584174,0.17328793482512217,0.3362036321590361
NVIDIA Corporation,2023-03-15,2023-03-17,2,up,down,0.5262287356927751,0.17180495479381727,0.30196630951340764
NVIDIA Corporation,2023-03-16,2023-03-20,2,up,down,0.5234581955008507,0.12987005915092875,0.34667174534822026
NVIDIA Corporation,2023-03-17,2023-03-21,2,up,down,0.5434588858022722,0.11691657809586312,0.3396245361018646
NVIDIA Corporation,2023-03-20,2023-03-22,2,up,down,0.5532779347859365,0.15670873046140146,0.29001333475266206
NVIDIA Corporation,2023-03-21,2023-03-23,2,up,down,0.5628123842207576,0.11217166355230176,0.32501595222694024
NVIDIA Corporation,2023-03-22,2023-03-24,2,up,down,0.5763467391581497,0.08183378678774962,0.34181947405410057
NVIDIA Corporation,2023-03-23,2023-03-27,2,down,down,0.5686068488911664,0.08060766529592993,0.35078548581290336
NVIDIA Corporation,2023-03-24,2023-03-28,2,down,down,0.5478640530422283,0.14072655924386304,0.3114093877139086
NVIDIA Corporation,2023-03-27,2023-03-29,2,up,down,0.5575370613423081,0.14911071458641817,0.2933522240712738
NVIDIA Corporation,2023-03-28,2023-03-30,2,up,down,0.5207141341184501,0.21627796493982313,0.26300790094172677
NVIDIA Corporation,2023-03-29,2023-03-31,2,up,down,0.5733560545897673,0.14898403794927895,0.2776599074609537
NVIDIA Corporation,2023-03-30,2023-04-03,2,up,down,0.5928330661401295,0.13598202064866144,0.27118491321120897
NVIDIA Corporation,2023-03-31,2023-04-04,2,up,down,0.5868608069214083,0.14426642929831124,0.2688727637802801
NVIDIA Corporation,2023-04-03,2023-04-05,2,down,down,0.5993833578904622,0.12389742840953245,0.27671921370000496
NVIDIA Corporation,2023-04-04,2023-04-06,2,down,down,0.5660188496190375,0.13930788860533982,0.29467326177562236
NVIDIA Corporation,2023-04-05,2023-04-10,2,up,down,0.42963085799615536,0.31170082739332466,0.2586683146105198
NVIDIA Corporation,2023-04-06,2023-04-11,2,up,down,0.44584662574993117,0.24494253315491657,0.3092108410951522
NVIDIA Corporation,2023-04-10,2023-04-12,2,down,down,0.5004254159944683,0.18265814918768755,0.31691643481784415
NVIDIA Corporation,2023-04-11,2023-04-13,2,down,down,0.5339485852556999,0.17020058312070244,0.29585083162359765
NVIDIA Corporation,2023-04-12,2023-04-14,2,down,down,0.48177010244349266,0.2546937471630214,0.263536150393486
NVIDIA Corporation,2023-04-13,2023-04-17,2,up,down,0.48239288818019477,0.24720364919789595,0.2704034626219092
NVIDIA Corporation,2023-04-14,2023-04-18,2,up,down,0.5315339312642621,0.15403416820892127,0.3144319005268166
NVIDIA Corporation,2023-04-17,2023-04-19,2,up,down,0.5354917686066251,0.14457584114317046,0.31993239025020426
NVIDIA Corporation,2023-04-18,2023-04-20,2,down,down,0.4825886549884072,0.10908203244079802,0.40832931257079463
NVIDIA Corporation,2023-04-19,2023-04-21,2,down,down,0.552187461052995,0.1282967599165955,0.31951577903040923
NVIDIA Corporation,2023-04-20,2023-04-24,2,down,down,0.5599956857716212,0.13392880871532703,0.30607550551305157
NVIDIA Corporation,2023-04-21,2023-04-25,2,down,down,0.48912945939653335,0.20505158660865178,0.305818953994815
NVIDIA Corporation,2023-04-24,2023-04-26,2,flat,down,0.5353615179355987,0.15134806203440335,0.31329042002999785
NVIDIA Corporation,2023-04-25,2023-04-27,2,up,down,0.4275535924389078,0.2515720111508135,0.32087439641027854
NVIDIA Corporation,2023-04-26,2023-04-28,2,up,down,0.5214697780320541,0.15566969709073075,0.32286052487721506
NVIDIA Corporation,2023-04-27,2023-05-01,2,up,down,0.5376078544990947,0.1345088667395674,0.3278832787613377
NVIDIA Corporation,2023-04-28,2023-05-02,2,up,down,0.5791131098596346,0.10451703754825696,0.31636985259210837
NVIDIA Corporation,2023-05-01,2023-05-03,2,down,up,0.42220727538222796,0.08991489592028168,0.48787782869749036
NVIDIA Corporation,2023-05-02,2023-05-04,2,down,down,0.4762822214764608,0.12215271651742388,0.40156506200611497
NVIDIA Corporation,2023-05-03,2023-05-05,2,up,down,0.5033624440528706,0.1996852296389026,0.29695232630822677
NVIDIA Corporation,2023-05-04,2023-05-08,2,up,down,0.4835831169889609,0.19457090626999132,0.32184597674104787
NVIDIA Corporation,2023-05-05,2023-05-09,2,up,down,0.5018851882182722,0.10602181350465198,0.39209299827707567
NVIDIA Corporation,2023-05-08,2023-05-10,2,flat,down,0.5039332479373312,0.07599024849905732,0.42007650356361137
NVIDIA Corporation,2023-05-09,2023-05-11,2,flat,down,0.5045762066988704,0.12044735154768588,0.37497644175344375
NVIDIA Corporation,2023-05-10,2023-05-12,2,down,down,0.5281645250618093,0.08507365756680887,0.3867618173713819
NVIDIA Corporation,2023-05-11,2023-05-15,2,flat,down,0.5144597063469061,0.14542183507583178,0.3401184585772622
NVIDIA Corporation,2023-05-12,2023-05-16,2,up,down,0.5735760819833547,0.13674873060671697,0.28967518740992815
NVIDIA Corporation,2023-05-15,2023-05-17,2,up,down,0.5720546500133153,0.12262669420503258,0.3053186557816518
NVIDIA Corporation,2023-05-16,2023-05-18,2,up,down,0.54231489158766,0.0835123235115411,0.3741727849007988
NVIDIA Corporation,2023-05-17,2023-05-19,2,up,down,0.4850152565819624,0.06077238517893051,0.454212358239107
NVIDIA Corporation,2023-05-18,2023-05-22,2,flat,up,0.44126267267706987,0.08021360033225586,0.4785237269906743
NVIDIA Corporation,2023-05-19,2023-05-23,2,down,down,0.5125168198260595,0.09364443995926348,0.39383874021467696
NVIDIA Corporation,2023-05-22,2023-05-24,2,down,down,0.4738901037099286,0.13629009322128713,0.3898198030687839
NVIDIA Corporation,2023-05-23,2023-05-25,2,up,down,0.4776093779142013,0.12709320701635338,0.39529741506944527
NVIDIA Corporation,2023-05-24,2023-05-26,2,up,down,0.4508465726668216,0.18937977129036931,0.35977365604280914
NVIDIA Corporation,2023-05-25,2023-05-30,2,up,down,0.5635065705986279,0.10318832326575901,0.33330510613561304
NVIDIA Corporation,2023-05-26,2023-05-31,2,up,down,0.5871794702369754,0.10897866815946305,0.3038418616035613
NVIDIA Corporation,2023-05-30,2023-06-01,2,down,down,0.5760045251154476,0.09949249873674827,0.32450297614780405
NVIDIA Corporation,2023-05-31,2023-06-02,2,up,down,0.5293433158350382,0.156528041684726,0.3141286424802357
NVIDIA Corporation,2023-06-01,2023-06-05,2,flat,down,0.5664823043864587,0.11132748499032644,0.3221902106232146
NVIDIA Corporation,2023-06-02,2023-06-06,2,down,down,0.5060173554899552,0.13785495998577202,0.35612768452427274
NVIDIA Corporation,2023-06-05,2023-06-07,2,down,down,0.5104781743816588,0.17645923498204089,0.3130625906363003
NVIDIA Corporation,2023-06-06,2023-06-08,2,down,down,0.46892794338426524,0.18590886782283597,0.3451631887928988
NVIDIA Corporation,2023-06-07,2023-06-09,2,up,down,0.49359867708310007,0.18785493075775656,0.3185463921591436
NVIDIA Corporation,2023-06-08,2023-06-12,2,up,down,0.45760887988122134,0.2145563707667085,0.32783474935207024
NVIDIA Corporation,2023-06-09,2023-06-13,2,up,down,0.43532772446659235,0.21963300642951233,0.34503926910389554
NVIDIA Corporation,2023-06-12,2023-06-14,2,up,down,0.5345492189386968,0.14333893821422294,0.3221118428470804
NVIDIA Corporation,2023-06-13,2023-06-15,2,up,down,0.48873314373195476,0.12081475143147637,0.3904521048365687
NVIDIA Corporation,2023-06-14,2023-06-16,2,up,down,0.5532321343607335,0.10515613134799295,0.3416117342912733
NVIDIA Corporation,2023-06-15,2023-06-20,2,up,down,0.5765536083376157,0.10006113763580199,0.3233852540265822
NVIDIA Corporation,2023-06-16,2023-06-21,2,flat,down,0.6087901302124721,0.11113735588878886,0.28007251389873883
NVIDIA Corporation,2023-06-20,2023-06-22,2,down,down,0.6236009756167995,0.10930023211107999,0.2670987922721202
NVIDIA Corporation,2023-06-21,2023-06-23,2,down,down,0.5424105800460498,0.14264263307409641,0.3149467868798535
NVIDIA Corporation,2023-06-22,2023-06-26,2,down,down,0.5301889976569293,0.15080021903776303,0.31901078330530774
NVIDIA Corporation,2023-06-23,2023-06-27,2,down,down,0.46471835353907376,0.22812662759556876,0.30715501886535757
NVIDIA Corporation,2023-06-26,2023-06-28,2,down,flat,0.33438100802108417,0.37846691385945946,0.2871520781194565
NVIDIA Corporation,2023-06-27,2023-06-29,2,down,up,0.3144995250589866,0.28950532293391995,0.39599515200709334
NVIDIA Corporation,2023-06-28,2023-06-30,2,up,up,0.3795439250668508,0.22288496693640356,0.39757110799674555
NVIDIA Corporation,2023-06-29,2023-07-03,2,up,down,0.46831582204412675,0.18138788217831298,0.3502962957775604
NVIDIA Corporation,2023-06-30,2023-07-05,2,up,down,0.4986544660754742,0.10622924994814151,0.3951162839763841
NVIDIA Corporation,2023-07-03,2023-07-06,2,down,down,0.5447539564207218,0.08622000235927345,0.3690260412200047
NVIDIA Corporation,2023-07-05,2023-07-07,2,up,down,0.574621638768144,0.11414499078733258,0.31123337044452315
NVIDIA Corporation,2023-07-06,2023-07-10,2,up,down,0.5491225351225526,0.16620319485320212,0.2846742700242453
NVIDIA Corporation,2023-07-07,2023-07-11,2,down,down,0.5140237109208793,0.09480300789246282,0.39117328118665784
NVIDIA Corporation,2023-07-10,2023-07-12,2,up,down,0.5775439331055678,0.13458607940932546,0.2878699874851065
NVIDIA Corporation,2023-07-11,2023-07-13,2,up,down,0.5872121593994615,0.11621080545033542,0.2965770351502028
NVIDIA Corporation,2023-07-12,2023-07-14,2,up,down,0.5241717191369544,0.09010028917519257,0.38572799168785304
NVIDIA Corporation,2023-07-13,2023-07-17,2,up,up,0.43747296095455845,0.11617642686204538,0.44635061218339617
NVIDIA Corporation,2023-07-14,2023-07-18,2,up,down,0.46529178268181665,0.07061409024587981,0.46409412707230335
NVIDIA Corporation,2023-07-17,2023-07-19,2,up,down,0.4801823376703475,0.10308091720854622,0.41673674512110603
NVIDIA Corporation,2023-07-18,2023-07-20,2,down,down,0.5261228580140239,0.06987722944316936,0.4039999125428066
NVIDIA Corporation,2023-07-19,2023-07-21,2,down,down,0.5019577004006626,0.08212162292820226,0.41592067667113514
NVIDIA Corporation,2023-07-20,2023-07-24,2,down,down,0.47786436398127496,0.16961596664510828,0.3525196693736167
NVIDIA Corporation,2023-07-21,2023-07-25,2,up,down,0.49948682276912615,0.20394631659986648,0.29656686063100735
NVIDIA Corporation,2023-07-24,2023-07-26,2,up,down,0.4793726307793314,0.20077573601901538,0.31985163320165344
NVIDIA Corporation,2023-07-25,2023-07-27,2,up,down,0.4983233264356322,0.13225966944945938,0.3694170041149085
NVIDIA Corporation,2023-07-26,2023-07-28,2,up,down,0.5334867585266673,0.14551334323822174,0.32099989823511116
NVIDIA Corporation,2023-07-27,2023-07-31,2,up,down,0.5113898774187396,0.10468779326107859,0.38392232932018183
NVIDIA Corporation,2023-07-28,2023-08-01,2,down,down,0.537802212129346,0.0894275390955292,0.3727702487751246
NVIDIA Corporation,2023-07-31,2023-08-02,2,down,down,0.50785651054932,0.11466388090249613,0.3774796085481835
NVIDIA Corporation,2023-08-01,2023-08-03,2,down,down,0.5904221117458067,0.12068196301213106,0.2888959252420617
NVIDIA Corporation,2023-08-02,2023-08-04,2,up,down,0.40434227644404575,0.29994093766766966,0.2957167858882846
NVIDIA Corporation,2023-08-03,2023-08-07,2,up,up,0.3558352865292643,0.2569862920544188,0.3871784214163167
NVIDIA Corporation,2023-08-04,2023-08-08,2,down,down,0.43688913519852646,0.179344837153932,0.3837660276475415
NVIDIA Corporation,2023-08-07,2023-08-09,2,down,down,0.527551493458266,0.16494024356269033,0.30750826297904366
NVIDIA Corporation,2023-08-08,2023-08-10,2,down,down,0.49767851517360867,0.22028724141010197,0.28203424341628924
NVIDIA Corporation,2023-08-09,2023-08-11,2,down,flat,0.3422913517233255,0.3569090640261968,0.30079958425047776
NVIDIA Corporation,2023-08-10,2023-08-14,2,down,down,0.3712428237430762,0.29243651769004303,0.3363206585668807
NVIDIA Corporation,2023-08-11,2023-08-15,2,up,flat,0.2627422437209325,0.40330503402140666,0.33395272225766093
NVIDIA Corporation,2023-08-14,2023-08-16,2,up,up,0.29749280366638525,0.20735587621661236,0.4951513201170021
NVIDIA Corporation,2023-08-15,2023-08-17,2,down,up,0.36027760410525367,0.16446065618484165,0.47526173970990476
NVIDIA Corporation,2023-08-16,2023-08-18,2,down,down,0.42235322622146243,0.19827026470721987,0.379376509071318
NVIDIA Corporation,2023-08-17,2023-08-21,2,up,down,0.42353117397693124,0.19112864282771494,0.385340183195354
NVIDIA Corporation,2023-08-18,2023-08-22,2,up,up,0.3434544516880169,0.27856222474299686,0.3779833235689863
NVIDIA Corporation,2023-08-21,2023-08-23,2,up,down,0.48446837669084286,0.14997796622395054,0.3655536570852064
NVIDIA Corporation,2023-08-22,2023-08-24,2,up,down,0.511910012889377,0.09311581630096638,0.3949741708096565
NVIDIA Corporation,2023-08-23,2023-08-25,2,up,down,0.5440876669180507,0.13557311418510085,0.32033921889684835
NVIDIA Corporation,2023-08-24,2023-08-28,2,down,down,0.5781503199530945,0.09538455276237137,0.32646512728453403
NVIDIA Corporation,2023-08-25,2023-08-29,2,up,down,0.5165114863337849,0.1784522137172276,0.30503629994898757
NVIDIA Corporation,2023-08-28,2023-08-30,2,up,down,0.5496177374458123,0.14970452743629764,0.30067773511789025
NVIDIA Corporation,2023-08-29,2023-08-31,2,up,down,0.5032401609110622,0.15240309061114563,0.3443567484777922
NVIDIA Corporation,2023-08-30,2023-09-01,2,down,down,0.5038530321896233,0.11239399106608673,0.38375297674429
NVIDIA Corporation,2023-08-31,2023-09-05,2,down,down,0.547170764905651,0.13806520817847684,0.314764026915872
NVIDIA Corporation,2023-09-01,2023-09-06,2,down,down,0.5562734048067984,0.11784236011828476,0.325884235074917
NVIDIA Corporation,2023-09-05,2023-09-07,2,down,down,0.4997021661635311,0.17119964763206647,0.3290981862044026
NVIDIA Corporation,2023-09-06,2023-09-08,2,down,down,0.49086733665014054,0.19070801269725096,0.3184246506526087
NVIDIA Corporation,2023-09-07,2023-09-11,2,down,flat,0.2971255701210918,0.36777947554364915,0.3350949543352593
NVIDIA Corporation,2023-09-08,2023-09-12,2,down,up,0.2747987140935141,0.31252900429376335,0.4126722816127223
NVIDIA Corporation,2023-09-11,2023-09-13,2,down,up,0.2589636696070919,0.34241584215103205,0.3986204882418759
NVIDIA Corporation,2023-09-12,2023-09-14,2,up,up,0.26854875979616666,0.34823940827348193,0.38321183193035124
NVIDIA Corporation,2023-09-13,2023-09-15,2,down,up,0.352573961957496,0.2593241355172528,0.3881019025252512
NVIDIA Corporation,2023-09-14,2023-09-18,2,down,down,0.4723846681310627,0.19734858525730523,0.3302667466116321
NVIDIA Corporation,2023-09-15,2023-09-19,2,down,down,0.37338655360082634,0.33703388167431675,0.289579564724857
NVIDIA Corporation,2023-09-18,2023-09-20,2,down,up,0.2899643283086726,0.3294401506616571,0.3805955210296702
NVIDIA Corporation,2023-09-19,2023-09-21,2,down,up,0.31909596819561226,0.22075314400409402,0.4601508878002938
NVIDIA Corporation,2023-09-20,2023-09-22,2,down,up,0.2549053511743535,0.2981599208368376,0.4469347279888087
NVIDIA Corporation,2023-09-21,2023-09-25,2,up,up,0.23005496577728166,0.37059226799808725,0.39935276622463106
NVIDIA Corporation,2023-09-22,2023-09-26,2,up,up,0.25145887862864247,0.23991198323941706,0.5086291381319403
NVIDIA Corporation,2023-09-25,2023-09-27,2,up,up,0.3458027141417314,0.1446294444418286,0.5095678414164401
NVIDIA Corporation,2023-09-26,2023-09-28,2,up,up,0.3650109835036126,0.14487961166932967,0.49010940482705784
NVIDIA Corporation,2023-09-27,2023-09-29,2,up,up,0.36506016960108867,0.0896056636790731,0.5453341667198385
NVIDIA Corporation,2023-09-28,2023-10-02,2,up,up,0.3612744970568629,0.08646297793002163,0.5522625250131155
NVIDIA Corporation,2023-09-29,2023-10-03,2,up,up,0.32066311359853755,0.1171348193066164,0.5622020670948463
NVIDIA Corporation,2023-10-02,2023-10-04,2,down,up,0.31879273452569523,0.12713682374120697,0.5540704417330979
NVIDIA Corporation,2023-10-03,2023-10-05,2,up,up,0.41682245180153693,0.10974026306138378,0.4734372851370792
NVIDIA Corporation,2023-10-04,2023-10-06,2,up,down,0.4614623197840438,0.10873698627653812,0.4298006939394183
NVIDIA Corporation,2023-10-05,2023-10-09,2,up,up,0.44808109196909,0.10365836006748566,0.44826054796342435
NVIDIA Corporation,2023-10-06,2023-10-10,2,up,down,0.4552406414192329,0.09419164731515924,0.4505677112656079
NVIDIA Corporation,2023-10-09,2023-10-11,2,up,up,0.4394321986603583,0.10709744429332285,0.45347035704631883
NVIDIA Corporation,2023-10-10,2023-10-12,2,up,up,0.45079239243707997,0.08687288768655214,0.4623347198763679
NVIDIA Corporation,2023-10-11,2023-10-13,2,down,up,0.414673123990191,0.08125980446207638,0.5040670715477326
NVIDIA Corporation,2023-10-12,2023-10-16,2,down,up,0.4176503536316579,0.09807917455215294,0.48427047181618915
NVIDIA Corporation,2023-10-13,2023-10-17,2,down,down,0.4853641723265016,0.12472871444365659,0.38990711322984173
NVIDIA Corporation,2023-10-16,2023-10-18,2,down,down,0.5251265820935117,0.16008370652601245,0.314789711380476
NVIDIA Corporation,2023-10-17,2023-10-19,2,down,down,0.39958966075975616,0.22677857391554354,0.37363176532470005
NVIDIA Corporation,2023-10-18,2023-10-20,2,down,flat,0.24714537643961898,0.4086873386415623,0.344167284918819
NVIDIA Corporation,2023-10-19,2023-10-23,2,down,up,0.2574706301310686,0.2866044838084632,0.4559248860604679
NVIDIA Corporation,2023-10-20,2023-10-24,2,up,up,0.21292942647948818,0.30538328864372166,0.48168728487679
NVIDIA Corporation,2023-10-23,2023-10-25,2,up,up,0.2978460771266398,0.15579920126587157,0.5463547216074887
NVIDIA Corporation,2023-10-24,2023-10-26,2,down,up,0.32729935213629946,0.10024408390949482,0.572456563954206
NVIDIA Corporation,2023-10-25,2023-10-27,2,down,up,0.36648447623824654,0.1524402607106882,0.4810752630510653
NVIDIA Corporation,2023-10-26,2023-10-30,2,flat,up,0.3073402691498925,0.24398420398014178,0.448675526869966
NVIDIA Corporation,2023-10-27,2023-10-31,2,down,up,0.32292935274246665,0.21156928270950726,0.4655013645480262
NVIDIA Corporation,2023-10-30,2023-11-01,2,up,up,0.34544318258339834,0.13526354668639756,0.5192932707302041
NVIDIA Corporation,2023-10-31,2023-11-02,2,up,up,0.24483777610816224,0.29647554116969216,0.45868668272214536
NVIDIA Corporation,2023-11-01,2023-11-03,2,up,up,0.32763641294471296,0.13867445977931056,0.5336891272759767
NVIDIA Corporation,2023-11-02,2023-11-06,2,up,up,0.29743805564159753,0.09557294083000528,0.6069890035283974
NVIDIA Corporation,2023-11-03,2023-11-07,2,up,up,0.352748080393672,0.06285103627345948,0.5844008833328685
NVIDIA Corporation,2023-11-06,2023-11-08,2,up,up,0.37343401464463155,0.05828199907372352,0.5682839862816449
NVIDIA Corporation,2023-11-07,2023-11-09,2,up,up,0.40643262900756133,0.07273337189804845,0.5208339990943902
NVIDIA Corporation,2023-11-08,2023-11-10,2,up,down,0.48887869497964653,0.07682711817976712,0.43429418684058624
NVIDIA Corporation,2023-11-09,2023-11-13,2,up,up,0.42883558650267356,0.06989594307627225,0.5012684704210542
NVIDIA Corporation,2023-11-10,2023-11-14,2,up,up,0.4530936039792297,0.09288780346959688,0.45401859255117344
NVIDIA Corporation,2023-11-13,2023-11-15,2,up,down,0.5148153369462598,0.10155281245848444,0.3836318505952556
NVIDIA Corporation,2023-11-14,2023-11-16,2,down,down,0.5133767089443588,0.09081736541932182,0.39580592563631917
NVIDIA Corporation,2023-11-15,2023-11-17,2,up,down,0.5647006686175592,0.11795600604868473,0.3173433253337561
NVIDIA Corporation,2023-11-16,2023-11-20,2,up,down,0.5772794535225283,0.13266684329261,0.29005370318486173
NVIDIA Corporation,2023-11-17,2023-11-21,2,up,down,0.558464190955894,0.13021899093536662,0.3113168181087394
NVIDIA Corporation,2023-11-20,2023-11-22,2,down,down,0.5663726506263762,0.11626522795130874,0.31736212142231524
NVIDIA Corporation,2023-11-21,2023-11-24,2,down,down,0.538459727606183,0.11653385174952248,0.34500642064429454
NVIDIA Corporation,2023-11-22,2023-11-27,2,down,down,0.5701918006571899,0.16600957066295158,0.2637986286798585
NVIDIA Corporation,2023-11-24,2023-11-28,2,down,down,0.451535139378811,0.18488934988690686,0.3635755107342821
NVIDIA Corporation,2023-11-27,2023-11-29,2,up,down,0.5030531661811225,0.15513934199832569,0.3418074918205519
NVIDIA Corporation,2023-11-28,2023-11-30,2,down,down,0.4520819544386719,0.19584374147708883,0.35207430408423934
NVIDIA Corporation,2023-11-29,2023-12-01,2,down,down,0.4766762025322452,0.181177811455224,0.3421459860125309
NVIDIA Corporation,2023-11-30,2023-12-04,2,down,down,0.40387918506915804,0.2837484720076711,0.3123723429231709
NVIDIA Corporation,2023-12-01,2023-12-05,2,down,down,0.40422760276756525,0.26468760095661387,0.33108479627582094
NVIDIA Corporation,2023-12-04,2023-12-06,2,up,up,0.2888278009353419,0.34242918843487685,0.3687430106297811
NVIDIA Corporation,2023-12-05,2023-12-07,2,up,down,0.4112393180852343,0.1865426155762315,0.40221806633853413
NVIDIA Corporation,2023-12-06,2023-12-08,2,up,down,0.4554499732399695,0.17163726547481692,0.3729127612852134
NVIDIA Corporation,2023-12-07,2023-12-11,2,up,down,0.5167344951719417,0.1811891247043195,0.30207638012373866
NVIDIA Corporation,2023-12-08,2023-12-12,2,down,down,0.49048188504690016,0.1406029931363125,0.3689151218167875
NVIDIA Corporation,2023-12-11,2023-12-13,2,up,down,0.567447101040587,0.1496336148423654,0.2829192841170473
NVIDIA Corporation,2023-12-12,2023-12-14,2,up,down,0.5668172948216081,0.1500838782514547,0.2830988269269371
NVIDIA Corporation,2023-12-13,2023-12-15,2,up,down,0.5155160045587812,0.11871270370772675,0.36577129173349193
NVIDIA Corporation,2023-12-14,2023-12-18,2,up,down,0.5503326492692794,0.12876007576749474,0.3209072749632256
NVIDIA Corporation,2023-12-15,2023-12-19,2,up,down,0.5818663541598019,0.08044551320655206,0.3376881326336455
NVIDIA Corporation,2023-12-18,2023-12-20,2,down,down,0.4971401930314482,0.07442041385659065,0.42843939311196116
NVIDIA Corporation,2023-12-19,2023-12-21,2,down,down,0.5561179873969402,0.11391890547807403,0.32996310712498556
NVIDIA Corporation,2023-12-20,2023-12-22,2,flat,down,0.582068179746665,0.1316186528498635,0.28631316740347146
NVIDIA Corporation,2023-12-21,2023-12-26,2,up,down,0.5684494054241382,0.13101112776272714,0.30053946681313465
NVIDIA Corporation,2023-12-22,2023-12-27,2,up,down,0.5728857704672744,0.12714773575874103,0.29996649377398454
NVIDIA Corporation,2023-12-26,2023-12-28,2,up,down,0.533318228058517,0.14419778630043076,0.32248398564105224
NVIDIA Corporation,2023-12-27,2023-12-29,2,flat,down,0.5593851964695326,0.12322430118865003,0.3173905023418173
NVIDIA Corporation,2023-12-28,2024-01-02,2,down,down,0.5751606144390764,0.11028927684454753,0.31455010871637606
NVIDIA Corporation,2023-12-29,2024-01-03,2,down,down,0.5935612260122635,0.1114125377187856,0.29502623626895075
NVIDIA Corporation,2024-01-02,2024-01-04,2,down,down,0.5211224245087686,0.1942113162364101,0.28466625925482136
NVIDIA Corporation,2024-01-03,2024-01-05,2,up,down,0.4020644241086343,0.28441361949654587,0.3135219563948199
NVIDIA Corporation,2024-01-04,2024-01-08,2,up,down,0.4537568949262546,0.18195834897536617,0.3642847560983791
NVIDIA Corporation,2024-01-05,2024-01-09,2,up,down,0.48034700305675443,0.14858781258289613,0.3710651843603493
NVIDIA Corporation,2024-01-08,2024-01-10,2,up,down,0.4820367859415137,0.06868936499817098,0.44927384906031503
NVIDIA Corporation,2024-01-09,2024-01-11,2,up,up,0.4398555730334222,0.08741643888932268,0.47272798807725525
NVIDIA Corporation,2024-01-10,2024-01-12,2,up,down,0.4882015403285729,0.09085931344958562,0.4209391462218413
NVIDIA Corporation,2024-01-11,2024-01-16,2,up,down,0.4972657202088174,0.10084727851633028,0.40188700127485233
NVIDIA Corporation,2024-01-12,2024-01-17,2,up,down,0.5194145019482235,0.10369242682161843,0.376893071230158
NVIDIA Corporation,2024-01-16,2024-01-18,2,up,down,0.5030423166014787,0.07331103277905741,0.4236466506194636
NVIDIA Corporation,2024-01-17,2024-01-19,2,up,down,0.4843906063106052,0.08411162877961516,0.4314977649097795
NVIDIA Corporation,2024-01-18,2024-01-22,2,up,up,0.45139784946289074,0.08047265976038277,0.46812949077672633
NVIDIA Corporation,2024-01-19,2024-01-23,2,up,down,0.474948612913028,0.06779216375154755,0.45725922333542435
NVIDIA Corporation,2024-01-22,2024-01-24,2,up,down,0.5406681410940223,0.080955694258017,0.37837616464796037
NVIDIA Corporation,2024-01-23,2024-01-25,2,up,down,0.49963524272739046,0.09392902710490725,0.40643573016770207
NVIDIA Corporation,2024-01-24,2024-01-26,2,flat,down,0.5036915219635261,0.09855834847632147,0.3977501295601521
NVIDIA Corporation,2024-01-25,2024-01-29,2,flat,down,0.5272211350099514,0.07987151254463147,0.392907352445417
NVIDIA Corporation,2024-01-26,2024-01-30,2,up,down,0.510038799587846,0.10600801601950054,0.38395318439265336
NVIDIA Corporation,2024-01-29,2024-01-31,2,down,down,0.5446268725874261,0.08651217432266602,0.36886095308990796
NVIDIA Corporation,2024-01-30,2024-02-01,2,down,down,0.484416767333884,0.06659016494200279,0.448993067724113
NVIDIA Corporation,2024-01-31,2024-02-02,2,up,down,0.49244797601786466,0.15293425980027675,0.35461776418185864
NVIDIA Corporation,2024-02-01,2024-02-05,2,up,down,0.4765853987514841,0.09382674542086603,0.4295878558276498
NVIDIA Corporation,2024-02-02,2024-02-06,2,up,up,0.46095315691093447,0.06895020785267152,0.4700966352363938
NVIDIA Corporation,2024-02-05,2024-02-07,2,up,down,0.5524518471937621,0.07877746040125266,0.368770692404985
NVIDIA Corporation,2024-02-06,2024-02-08,2,up,down,0.5305800663408973,0.11435152665828088,0.3550684070008217
NVIDIA Corporation,2024-02-07,2024-02-09,2,up,down,0.5705425589844042,0.08156402217680286,0.34789341883879277
NVIDIA Corporation,2024-02-08,2024-02-12,2,up,down,0.5430716805265157,0.08576301421630755,0.37116530525717684
NVIDIA Corporation,2024-02-09,2024-02-13,2,flat,down,0.5313526558687701,0.08640392973843833,0.38224341439279114
NVIDIA Corporation,2024-02-12,2024-02-14,2,up,down,0.4798229541023125,0.06614422358627897,0.45403282231140835
NVIDIA Corporation,2024-02-13,2024-02-15,2,up,down,0.5310338887730414,0.13055935011752048,0.3384067611094381
NVIDIA Corporation,2024-02-14,2024-02-16,2,flat,down,0.4927176433308596,0.07514578670082052,0.43213656996831973
NVIDIA Corporation,2024-02-15,2024-02-20,2,down,down,0.5427465842646065,0.11123571621046946,0.3460176995249239
NVIDIA Corporation,2024-02-16,2024-02-21,2,down,down,0.5746300893194066,0.09733724481669817,0.3280326658638951
NVIDIA Corporation,2024-02-20,2024-02-22,2,up,down,0.45533622715958877,0.28669747634922194,0.25796629649118913
NVIDIA Corporation,2024-02-21,2024-02-23,2,up,flat,0.288722064167996,0.3857210763482215,0.32555685948378255
NVIDIA Corporation,2024-02-22,2024-02-26,2,up,down,0.5207423676066726,0.1294360651431097,0.3498215672502176
NVIDIA Corporation,2024-02-23,2024-02-27,2,down,down,0.5310459181301881,0.09276687030858595,0.3761872115612256
NVIDIA Corporation,2024-02-26,2024-02-28,2,down,down,0.5441156420913934,0.11606121009158642,0.3398231478170199
NVIDIA Corporation,2024-02-27,2024-02-29,2,up,down,0.5900485449135333,0.10198805358695072,0.307963401499516
NVIDIA Corporation,2024-02-28,2024-03-01,2,up,down,0.5380790152966594,0.12723045387354606,0.33469053082979483
NVIDIA Corporation,2024-02-29,2024-03-04,2,up,down,0.5253088409182136,0.1209513873218242,0.3537397717599624
NVIDIA Corporation,2024-03-01,2024-03-05,2,up,down,0.5268143073077538,0.11206510707943552,0.3611205856128106
NVIDIA Corporation,2024-03-04,2024-03-06,2,up,down,0.5119354502014427,0.09332356644153363,0.39474098335702335
NVIDIA Corporation,2024-03-05,2024-03-07,2,up,down,0.5636175263215516,0.10510851890189775,0.3312739547765504
NVIDIA Corporation,2024-03-06,2024-03-08,2,up,down,0.5809301816262843,0.08629146861810245,0.33277834975561305
NVIDIA Corporation,2024-03-07,2024-03-11,2,down,down,0.6049143097998786,0.08229088941369998,0.31279480078642136
NVIDIA Corporation,2024-03-08,2024-03-12,2,down,down,0.6210822224734711,0.09600408464536908,0.28291369288115953
NVIDIA Corporation,2024-03-11,2024-03-13,2,up,down,0.49966677523482983,0.1923905768898568,0.3079426478753136
NVIDIA Corporation,2024-03-12,2024-03-14,2,down,down,0.48136769066290197,0.11621317499629419,0.4024191343408038
NVIDIA Corporation,2024-03-13,2024-03-15,2,down,down,0.532815934004813,0.1276020883933385,0.33958197760184866
NVIDIA Corporation,2024-03-14,2024-03-18,2,up,down,0.5088717854046974,0.17139011548413438,0.3197380991111684
NVIDIA Corporation,2024-03-15,2024-03-19,2,up,down,0.42532302998499666,0.2516182305093038,0.3230587395056995
NVIDIA Corporation,2024-03-18,2024-03-20,2,flat,down,0.5040113642611558,0.1433069600735476,0.35268167566529657
NVIDIA Corporation,2024-03-19,2024-03-21,2,up,down,0.4543973231787203,0.2682087493494893,0.2773939274717904
NVIDIA Corporation,2024-03-20,2024-03-22,2,up,down,0.5057096266203079,0.15951421128184426,0.3347761620978478
NVIDIA Corporation,2024-03-21,2024-03-25,2,up,down,0.5221554646250014,0.14180779352799905,0.3360367418469995
NVIDIA Corporation,2024-03-22,2024-03-26,2,up,down,0.5015134006984032,0.15167655788561024,0.3468100414159862
NVIDIA Corporation,2024-03-25,2024-03-27,2,down,down,0.47821690367316,0.13787751319466776,0.38390558313217205
NVIDIA Corporation,2024-03-26,2024-03-28,2,down,down,0.5291062172573764,0.17285395991117042,0.2980398228314531
NVIDIA Corporation,2024-03-27,2024-04-01,2,down,down,0.43685554841565205,0.28422095466190755,0.27892349692244034
NVIDIA Corporation,2024-03-28,2024-04-02,2,down,down,0.4257809632144831,0.2644216595124123,0.30979737727310463
NVIDIA Corporation,2024-04-01,2024-04-03,2,down,down,0.43361297145540467,0.22724376157131038,0.33914326697328506
NVIDIA Corporation,2024-04-02,2024-04-04,2,down,flat,0.25403122205039624,0.40223745126698246,0.3437313266826216
NVIDIA Corporation,2024-04-03,2024-04-05,2,down,down,0.38019667541864827,0.2549812845729438,0.364822040008408
NVIDIA Corporation,2024-04-04,2024-04-08,2,down,down,0.4129905863584595,0.27059631292882425,0.3164131007127162
NVIDIA Corporation,2024-04-05,2024-04-09,2,down,down,0.4251519944433231,0.278159666782217,0.2966883387744597
NVIDIA Corporation,2024-04-08,2024-04-10,2,down,down,0.44586214106475774,0.2205372865037907,0.3336005724314516
NVIDIA Corporation,2024-04-09,2024-04-11,2,up,down,0.4124457109496528,0.3006359269923858,0.2869183620579614
NVIDIA Corporation,2024-04-10,2024-04-12,2,up,down,0.40198293069684177,0.21539928436344602,0.3826177849397122
NVIDIA Corporation,2024-04-11,2024-04-15,2,down,down,0.4937203554950949,0.13594358062725503,0.37033606387765
NVIDIA Corporation,2024-04-12,2024-04-16,2,down,down,0.5692212311431484,0.14200192139354265,0.28877684746330884
NVIDIA Corporation,2024-04-15,2024-04-17,2,down,down,0.5031397044923794,0.2130608289975974,0.2837994665100231
NVIDIA Corporation,2024-04-16,2024-04-18,2,down,down,0.46042139201175375,0.2273796804709733,0.31219892751727296
NVIDIA Corporation,2024-04-17,2024-04-19,2,down,down,0.417389433893044,0.22587098884570445,0.3567395772612516
NVIDIA Corporation,2024-04-18,2024-04-22,2,down,up,0.30684106593323757,0.33573819230932467,0.35742074175743777
NVIDIA Corporation,2024-04-19,2024-04-23,2,up,flat,0.20712001106402997,0.445496041250394,0.3473839476855767
NVIDIA Corporation,2024-04-22,2024-04-24,2,up,flat,0.16754354364984153,0.44726597289475384,0.38519048345540513
NVIDIA Corporation,2024-04-23,2024-04-25,2,down,up,0.22792157575566727,0.265428885958786,0.5066495382855465
NVIDIA Corporation,2024-04-24,2024-04-26,2,up,up,0.31644114489181496,0.20922644689360895,0.4743324082145761
NVIDIA Corporation,2024-04-25,2024-04-29,2,up,up,0.3215462431957123,0.17118989976656432,0.5072638570377236
NVIDIA Corporation,2024-04-26,2024-04-30,2,up,up,0.3091507980552242,0.09337010227293846,0.5974790996718375
NVIDIA Corporation,2024-04-29,2024-05-01,2,down,up,0.36122930588093566,0.09108295737283323,0.5476877367462312
NVIDIA Corporation,2024-04-30,2024-05-02,2,down,up,0.3719958024161314,0.08630931822650471,0.5416948793573639
NVIDIA Corporation,2024-05-01,2024-05-03,2,up,up,0.3400180214006533,0.22712323096013787,0.43285874763920895
NVIDIA Corporation,2024-05-02,2024-05-06,2,up,up,0.3931584402231681,0.10924117501550036,0.49760038476133167
NVIDIA Corporation,2024-05-03,2024-05-07,2,up,up,0.35072917040379176,0.09659381454352936,0.552677015052679
NVIDIA Corporation,2024-05-06,2024-05-08,2,down,up,0.4304233280491475,0.08302012044262995,0.4865565515082224
NVIDIA Corporation,2024-05-07,2024-05-09,2,down,down,0.4820625978653609,0.10217059577778465,0.4157668063568545
NVIDIA Corporation,2024-05-08,2024-05-10,2,flat,down,0.5588039012899969,0.1150822602915656,0.3261138384184376
NVIDIA Corporation,2024-05-09,2024-05-13,2,up,down,0.5193250556675941,0.1489558239008943,0.33171912043151186
NVIDIA Corporation,2024-05-10,2024-05-14,2,up,down,0.5592105110143529,0.1355750553409884,0.3052144336446587
NVIDIA Corporation,2024-05-13,2024-05-15,2,up,down,0.4797384902339723,0.19825573416682032,0.32200577559920746
NVIDIA Corporation,2024-05-14,2024-05-16,2,up,down,0.548219953976309,0.14256947161176062,0.3092105744119306
NVIDIA Corporation,2024-05-15,2024-05-17,2,flat,down,0.5400769635955015,0.10310717711106926,0.35681585929342907
NVIDIA Corporation,2024-05-16,2024-05-20,2,down,down,0.5222770223613972,0.09542809616751358,0.3822948814710891
NVIDIA Corporation,2024-05-17,2024-05-21,2,up,down,0.5535047867448636,0.15384996216197194,0.2926452510931644
NVIDIA Corporation,2024-05-20,2024-05-22,2,up,down,0.5484251795999835,0.11003058067348537,0.34154423972653136
NVIDIA Corporation,2024-05-21,2024-05-23,2,up,down,0.5541106596209131,0.1443872769003277,0.30150206347875913
NVIDIA Corporation,2024-05-22,2024-05-24,2,up,down,0.5857687206660909,0.11420173763520104,0.30002954169870805
NVIDIA Corporation,2024-05-23,2024-05-28,2,down,down,0.5229794519901412,0.08629147419113486,0.3907290738187236
NVIDIA Corporation,2024-05-24,2024-05-29,2,down,down,0.5923984091919858,0.08603434503215547,0.3215672457758585
NVIDIA Corporation,2024-05-28,2024-05-30,2,up,flat,0.2810063085110912,0.3882801611890144,0.3307135302998947
NVIDIA Corporation,2024-05-29,2024-05-31,2,down,up,0.2698833726973916,0.2635965234984831,0.46652010380412506
NVIDIA Corporation,2024-05-30,2024-06-03,2,up,up,0.2612418576905881,0.3040734901035234,0.4346846522058883
NVIDIA Corporation,2024-05-31,2024-06-04,2,up,up,0.2452587514511814,0.3256452503463173,0.4290959982025012
NVIDIA Corporation,2024-06-03,2024-06-05,2,up,up,0.27040751667220186,0.2370230815016118,0.4925694018261862
NVIDIA Corporation,2024-06-04,2024-06-06,2,up,up,0.34032420724616225,0.14282672803750615,0.5168490647163315
NVIDIA Corporation,2024-06-05,2024-06-07,2,flat,up,0.34134431341656774,0.13682086399240098,0.5218348225910314
NVIDIA Corporation,2024-06-06,2024-06-10,2,up,up,0.3542199658456166,0.13994578934147728,0.5058342448129061
NVIDIA Corporation,2024-06-07,2024-06-11,2,up,up,0.35021040522627983,0.17923439250768475,0.4705552022660354
NVIDIA Corporation,2024-06-10,2024-06-12,2,down,up,0.3388271285310614,0.12350269040166101,0.5376701810672775
NVIDIA Corporation,2024-06-11,2024-06-13,2,up,up,0.3493205143374519,0.20159153365431037,0.4490879520082375
NVIDIA Corporation,2024-06-12,2024-06-14,2,up,up,0.3284851981925593,0.13642214572428757,0.5350926560831534
"Tesla, Inc.",2021-09-01,2021-09-03,2,down,flat,0.3038896244483966,0.3513923938232679,0.3447179817283355
"Tesla, Inc.",2021-09-02,2021-09-07,2,up,up,0.3752740783603445,0.2471139480658595,0.3776119735737963
"Tesla, Inc.",2021-09-03,2021-09-08,2,up,down,0.41895699870985637,0.19157319462986652,0.38946980666027725
"Tesla, Inc.",2021-09-07,2021-09-09,2,up,down,0.4036224771805822,0.2484625440843792,0.3479149787350388
"Tesla, Inc.",2021-09-08,2021-09-10,2,down,down,0.4526708745551417,0.2009971019569106,0.34633202348794795
"Tesla, Inc.",2021-09-09,2021-09-13,2,down,down,0.5060209356294125,0.1571939254657207,0.336785138904867
"Tesla, Inc.",2021-09-10,2021-09-14,2,down,down,0.5767525217350253,0.10139675963103861,0.32185071863393616
"Tesla, Inc.",2021-09-13,2021-09-15,2,up,down,0.5940966043761894,0.11015404073337556,0.2957493548904353
"Tesla, Inc.",2021-09-14,2021-09-16,2,up,down,0.5702560692171995,0.13568218820768602,0.2940617425751151
"Tesla, Inc.",2021-09-15,2021-09-17,2,up,down,0.5693850005466473,0.139270565533047,0.2913444339203062
"Tesla, Inc.",2021-09-16,2021-09-20,2,down,down,0.5581761432527487,0.1426349300794687,0.29918892666778335
"Tesla, Inc.",2021-09-17,2021-09-21,2,down,down,0.568699852902601,0.16847812655012415,0.2628220205472752
"Tesla, Inc.",2021-09-20,2021-09-22,2,up,down,0.5722322581490101,0.13247527493745764,0.29529246691353256
"Tesla, Inc.",2021-09-21,2021-09-23,2,up,down,0.5263299710164872,0.1961823956847085,0.2774876332988045
"Tesla, Inc.",2021-09-22,2021-09-24,2,up,down,0.5236473780766948,0.19678382607573755,0.27956879584756794
"Tesla, Inc.",2021-09-23,2021-09-27,2,up,down,0.5195716230186762,0.19606989248588938,0.28435848449543477
"Tesla, Inc.",2021-09-24,2021-09-28,2,up,down,0.5301307393974573,0.19540134615250196,0.27446791445004104
"Tesla, Inc.",2021-09-27,2021-09-29,2,down,down,0.5105681088191933,0.22348734968084408,0.2659445414999631
"Tesla, Inc.",2021-09-28,2021-09-30,2,flat,down,0.512346316819634,0.18316454972370633,0.30448913345666
"Tesla, Inc.",2021-09-29,2021-10-01,2,down,down,0.5586774729876425,0.1485397424916993,0.2927827845206587
"Tesla, Inc.",2021-09-30,2021-10-04,2,up,down,0.5475219062267195,0.13683404585883477,0.3156440479144459
"Tesla, Inc.",2021-10-01,2021-10-05,2,up,down,0.5621056235616805,0.10997453921847943,0.3279198372198403
"Tesla, Inc.",2021-10-04,2021-10-06,2,down,down,0.5854079274033811,0.14921439815555654,0.26537767444106286
"Tesla, Inc.",2021-10-05,2021-10-07,2,up,down,0.5862475820915984,0.08461924289802562,0.32913317501037626
"Tesla, Inc.",2021-10-06,2021-10-08,2,up,down,0.5740741895973698,0.0851171470455851,0.34080866335704557
"Tesla, Inc.",2021-10-07,2021-10-11,2,flat,down,0.6289905242918883,0.1363511147800403,0.23465836092807194
"Tesla, Inc.",2021-10-08,2021-10-12,2,up,down,0.5640460173931919,0.1072443395108542,0.32870964309595435
"Tesla, Inc.",2021-10-11,2021-10-13,2,up,down,0.6084417532480836,0.11539531002966917,0.276162936722248
"Tesla, Inc.",2021-10-12,2021-10-14,2,up,down,0.5627182606434364,0.16135362972324127,0.27592810963332254
"Tesla, Inc.",2021-10-13,2021-10-15,2,up,down,0.5275373325761034,0.195169125301465,0.2772935421224322
"Tesla, Inc.",2021-10-14,2021-10-18,2,up,down,0.5221602429186231,0.196033813582776,0.2818059434986013
"Tesla, Inc.",2021-10-15,2021-10-19,2,up,down,0.5252329384836656,0.19649318400723384,0.27827387750910104
"Tesla, Inc.",2021-10-18,2021-10-20,2,up,down,0.5131831752413353,0.1636649671432736,0.32315185761539184
"Tesla, Inc.",2021-10-19,2021-10-21,2,up,down,0.5545439872720607,0.1670069098699645,0.27844910285797553
"Tesla, Inc.",2021-10-20,2021-10-22,2,up,down,0.5108315402781232,0.13870509204992326,0.35046336767195435
"Tesla, Inc.",2021-10-21,2021-10-25,2,up,down,0.5335654029067268,0.16104648366740595,0.30538811342586814
"Tesla, Inc.",2021-10-22,2021-10-26,2,up,down,0.5270101955451473,0.16343572284861405,0.3095540816062395
"Tesla, Inc.",2021-10-25,2021-10-27,2,up,down,0.49579023791524235,0.1701400541592976,0.3340697079254605
"Tesla, Inc.",2021-10-26,2021-10-28,2,up,down,0.49450212957521145,0.14752617151581504,0.357971698908974
"Tesla, Inc.",2021-10-27,2021-10-29,2,up,down,0.5180523826523409,0.12241832385066236,0.3595292934969974
"Tesla, Inc.",2021-10-28,2021-11-01,2,up,down,0.5061535612156043,0.13946997383780688,0.3543764649465894
"Tesla, Inc.",2021-10-29,2021-11-02,2,up,down,0.5158905902350439,0.13358906457250305,0.3505203451924536
"Tesla, Inc.",2021-11-01,2021-11-03,2,up,down,0.49752435263003586,0.16564330703089777,0.336832340339067
"Tesla, Inc.",2021-11-02,2021-11-04,2,up,down,0.4791594985052404,0.16457032719425718,0.35627017430050295
"Tesla, Inc.",2021-11-03,2021-11-05,2,up,down,0.46148422072629836,0.16195312705897982,0.3765626522147224
"Tesla, Inc.",2021-11-04,2021-11-08,2,down,down,0.48722946635121145,0.1617827709915009,0.3509877626572882
"Tesla, Inc.",2021-11-05,2021-11-09,2,down,down,0.5144345317770336,0.1614438251817055,0.3241216430412617
"Tesla, Inc.",2021-11-08,2021-11-10,2,down,down,0.43467404776449636,0.17974234327783767,0.38558360895766614
"Tesla, Inc.",2021-11-09,2021-11-11,2,down,down,0.4274309683147158,0.15964093685044337,0.412928094834841
"Tesla, Inc.",2021-11-10,2021-11-12,2,up,up,0.32992254768136836,0.16292276310685214,0.5071546892117786
"Tesla, Inc.",2021-11-11,2021-11-15,2,down,up,0.35292650172886875,0.17799559616661223,0.4690779021045184
"Tesla, Inc.",2021-11-12,2021-11-16,2,down,up,0.35043619233772233,0.19526148738622354,0.45430232027605366
"Tesla, Inc.",2021-11-15,2021-11-17,2,up,up,0.3262898518936009,0.27240221547353016,0.4013079326328684
"Tesla, Inc.",2021-11-16,2021-11-18,2,up,down,0.42365843992173763,0.22896156560367434,0.3473799944745881
"Tesla, Inc.",2021-11-17,2021-11-19,2,up,down,0.44761597974888284,0.24290668826561507,0.30947733198550226
"Tesla, Inc.",2021-11-18,2021-11-22,2,up,down,0.4478050652889095,0.2416314802772721,0.3105634544338188
"Tesla, Inc.",2021-11-19,2021-11-23,2,up,down,0.45933207826507777,0.2631416543737221,0.2775262673612004
"Tesla, Inc.",2021-11-22,2021-11-24,2,down,down,0.455170704410439,0.20408699622543117,0.34074229936413003
"Tesla, Inc.",2021-11-23,2021-11-26,2,down,down,0.45208832717300196,0.2473326163411116,0.30057905648588684
"Tesla, Inc.",2021-11-24,2021-11-29,2,up,down,0.4362888985074214,0.22625491714329574,0.3374561843492831
"Tesla, Inc.",2021-11-26,2021-11-30,2,up,down,0.4074659336653438,0.21045528725176776,0.3820787790828883
"Tesla, Inc.",2021-11-29,2021-12-01,2,up,down,0.46293232029953757,0.23043252567515232,0.30663515402531005
"Tesla, Inc.",2021-11-30,2021-12-02,2,down,down,0.5218261894124293,0.2110741425645561,0.267099668023015
"Tesla, Inc.",2021-12-01,2021-12-03,2,down,down,0.4511866509106179,0.20896477573128242,0.33984857335809976
"Tesla, Inc.",2021-12-02,2021-12-06,2,down,down,0.4780463998479161,0.2040620038095792,0.31789159634250486
"Tesla, Inc.",2021-12-03,2021-12-07,2,down,down,0.4852755137538495,0.1736127821342137,0.3411117041119372
"Tesla, Inc.",2021-12-06,2021-12-08,2,up,up,0.3320042576367357,0.21200858078880114,0.45598716157446234
"Tesla, Inc.",2021-12-07,2021-12-09,2,down,down,0.4449380193371663,0.2026538400280521,0.352408140634782
"Tesla, Inc.",2021-12-08,2021-12-10,2,down,down,0.493786424003071,0.200955794377788,0.30525778161914124
"Tesla, Inc.",2021-12-09,2021-12-13,2,down,down,0.47337320187644916,0.20222524703454425,0.3244015510890068
"Tesla, Inc.",2021-12-10,2021-12-14,2,down,down,0.49876496294169526,0.2180926371018224,0.28314239995648227
"Tesla, Inc.",2021-12-13,2021-12-15,2,down,down,0.4304969495785361,0.23063738595163183,0.3388656644698322
"Tesla, Inc.",2021-12-14,2021-12-16,2,up,down,0.399351125954564,0.2670668078533578,0.3335820661920781
"Tesla, Inc.",2021-12-15,2021-12-17,2,down,down,0.44554364067369845,0.2575111019952606,0.2969452573310411
"Tesla, Inc.",2021-12-16,2021-12-20,2,down,down,0.5068056138454085,0.24767002544125302,0.2455243607133387
"Tesla, Inc.",2021-12-17,2021-12-21,2,down,down,0.46128643363060584,0.26932784401401,0.269385722355384
"Tesla, Inc.",2021-12-20,2021-12-22,2,up,down,0.44810075897708773,0.2557301215093048,0.2961691195136077
"Tesla, Inc.",2021-12-21,2021-12-23,2,up,down,0.5526892769294129,0.20263330582073086,0.24467741724985678
"Tesla, Inc.",2021-12-22,2021-12-27,2,up,down,0.5419138687551509,0.19071334143381974,0.2673727898110295
"Tesla, Inc.",2021-12-23,2021-12-28,2,up,down,0.5160869984701182,0.2213530769158664,0.26255992461401556
"Tesla, Inc.",2021-12-27,2021-12-29,2,flat,down,0.5509128901739588,0.21408761824622358,0.23499949157981792
"Tesla, Inc.",2021-12-28,2021-12-30,2,down,down,0.512130098225646,0.22950608583860949,0.2583638159357447
"Tesla, Inc.",2021-12-29,2021-12-31,2,down,down,0.5279528318144083,0.20509811687496485,0.2669490513106273
"Tesla, Inc.",2021-12-30,2022-01-03,2,up,down,0.5498289294831306,0.19604569542822373,0.2541253750886459
"Tesla, Inc.",2021-12-31,2022-01-04,2,up,down,0.5200414509683736,0.1858931382904515,0.29406541074117526
"Tesla, Inc.",2022-01-03,2022-01-05,2,down,down,0.5084431229885628,0.24728197719558054,0.2442748998158567
"Tesla, Inc.",2022-01-04,2022-01-06,2,down,down,0.4757180484979579,0.22922104754307174,0.29506090395897056
"Tesla, Inc.",2022-01-05,2022-01-07,2,down,down,0.45864348192890686,0.20263175957874258,0.3387247584923505
"Tesla, Inc.",2022-01-06,2022-01-10,2,down,down,0.43922850769908045,0.1808254205160538,0.37994607178486567
"Tesla, Inc.",2022-01-07,2022-01-11,2,up,down,0.45390037581916026,0.18797290389667975,0.3581267202841601
"Tesla, Inc.",2022-01-10,2022-01-12,2,up,up,0.374368561827726,0.20252542216181513,0.42310601601045844
"Tesla, Inc.",2022-01-11,2022-01-13,2,up,down,0.4420826924055368,0.211927780308049,0.3459895272864143
"Tesla, Inc.",2022-01-12,2022-01-14,2,down,down,0.5286702135258623,0.21281546240029767,0.25851432407384034
"Tesla, Inc.",2022-01-13,2022-01-18,2,down,down,0.4910824637085962,0.20722746120977947,0.3016900750816246
"Tesla, Inc.",2022-01-14,2022-01-19,2,down,down,0.5025189604389528,0.20889204584891316,0.2885889937121341
"Tesla, Inc.",2022-01-18,2022-01-20,2,down,down,0.49218804363246,0.24512281031460026,0.26268914605293986
"Tesla, Inc.",2022-01-19,2022-01-21,2,down,down,0.5070785961081636,0.20646095329692674,0.2864604505949098
"Tesla, Inc.",2022-01-20,2022-01-24,2,down,down,0.47125730615908573,0.19919814872586197,0.3295445451150524
"Tesla, Inc.",2022-01-21,2022-01-25,2,down,down,0.44287019274096523,0.2267282996156711,0.3304015076433637
"Tesla, Inc.",2022-01-24,2022-01-26,2,up,down,0.39333836784132364,0.2187603500853247,0.3879012820733515
"Tesla, Inc.",2022-01-25,2022-01-27,2,down,down,0.4271861015683702,0.22802557795504036,0.3447883204765894
"Tesla, Inc.",2022-01-26,2022-01-28,2,down,down,0.5247473919632486,0.18473081835537125,0.29052178968138054
"Tesla, Inc.",2022-01-27,2022-01-31,2,up,up,0.33587107483901735,0.2818111450500251,0.3823177801109573
"Tesla, Inc.",2022-01-28,2022-02-01,2,up,up,0.352858561616147,0.273657347769334,0.3734840906145187
"Tesla, Inc.",2022-01-31,2022-02-02,2,up,down,0.5119070026421296,0.19302815619288907,0.2950648411649816
"Tesla, Inc.",2022-02-01,2022-02-03,2,down,down,0.5590084211737697,0.17562185297054833,0.2653697258556822
"Tesla, Inc.",2022-02-02,2022-02-04,2,down,down,0.5385230083044159,0.16428495726036713,0.2971920344352175
"Tesla, Inc.",2022-02-03,2022-02-07,2,up,down,0.5247071819118009,0.1926703891425891,0.2826224289456106
"Tesla, Inc.",2022-02-04,2022-02-08,2,up,down,0.5156863085051205,0.22609864892751333,0.25821504256736616
"Tesla, Inc.",2022-02-07,2022-02-09,2,up,down,0.5395497541370172,0.2162590315057519,0.24419121435723123
"Tesla, Inc.",2022-02-08,2022-02-10,2,flat,down,0.5514085214068006,0.15167407122964963,0.2969174073635503
"Tesla, Inc.",2022-02-09,2022-02-11,2,down,down,0.5200381195666924,0.18653812050629642,0.29342375992701153
"Tesla, Inc.",2022-02-10,2022-02-14,2,down,down,0.52418737685202,0.16406309643379913,0.3117495267141815
"Tesla, Inc.",2022-02-11,2022-02-15,2,up,down,0.5317073985166509,0.1755096639565609,0.2927829375267887
"Tesla, Inc.",2022-02-14,2022-02-16,2,up,down,0.49895642748227154,0.1717858992530625,0.32925767326466604
"Tesla, Inc.",2022-02-15,2022-02-17,2,down,down,0.5552668475879297,0.19222869248286084,0.25250445992921
"Tesla, Inc.",2022-02-16,2022-02-18,2,down,down,0.5619605978178164,0.18118590741443424,0.25685349476774966
"Tesla, Inc.",2022-02-17,2022-02-22,2,down,down,0.5521760165887035,0.17019862200604077,0.2776253614052562
"Tesla, Inc.",2022-02-18,2022-02-23,2,down,down,0.5432324345840963,0.1765874801555203,0.28018008526038374
"Tesla, Inc.",2022-02-22,2022-02-24,2,down,down,0.5005499232438434,0.19360261063329212,0.3058474661228648
"Tesla, Inc.",2022-02-23,2022-02-25,2,up,up,0.3719012320159239,0.2115415585696229,0.4165572094144528
"Tesla, Inc.",2022-02-24,2022-02-28,2,up,up,0.3427648684003619,0.18697358378529091,0.47026154781434654
"Tesla, Inc.",2022-02-25,2022-03-01,2,up,down,0.47348467199873,0.1785590459736468,0.34795628202762324
"Tesla, Inc.",2022-02-28,2022-03-02,2,up,down,0.6291989364631445,0.14688225548886202,0.2239188080479941
"Tesla, Inc.",2022-03-01,2022-03-03,2,down,down,0.5364814493576903,0.18515398438590983,0.2783645662564004
"Tesla, Inc.",2022-03-02,2022-03-04,2,down,down,0.5638199390274191,0.19398313315895277,0.24219692781362837
"Tesla, Inc.",2022-03-03,2022-03-07,2,down,down,0.5915860664181914,0.15565132037616594,0.25276261320564314
"Tesla, Inc.",2022-03-04,2022-03-08,2,down,down,0.5945332355577445,0.14018504894494097,0.2652817154973154
"Tesla, Inc.",2022-03-07,2022-03-09,2,up,down,0.6138738713186521,0.09253807433973231,0.2935880543416162
"Tesla, Inc.",2022-03-08,2022-03-10,2,up,down,0.5729992822005476,0.10312027726281561,0.3238804405366373
"Tesla, Inc.",2022-03-09,2022-03-11,2,down,down,0.6401214165129673,0.09968302595383541,0.2601955575331981
"Tesla, Inc.",2022-03-10,2022-03-14,2,down,down,0.6422153739618881,0.0747594646867909,0.2830251613513217
"Tesla, Inc.",2022-03-11,2022-03-15,2,down,down,0.5802879319393166,0.12002361590766003,0.29968845215302403
"Tesla, Inc.",2022-03-14,2022-03-16,2,up,down,0.5442897752051774,0.15329855131070239,0.3024116734841204
"Tesla, Inc.",2022-03-15,2022-03-17,2,up,down,0.6143786767520106,0.12309499839536037,0.26252632485262944
"Tesla, Inc.",2022-03-16,2022-03-18,2,up,down,0.6827130343519245,0.10112190321228917,0.21616506243578687
"Tesla, Inc.",2022-03-17,2022-03-21,2,up,down,0.6137745244517732,0.11400344762463556,0.2722220279235914
"Tesla, Inc.",2022-03-18,2022-03-22,2,up,down,0.6275364072853143,0.17013844542206827,0.20232514729261758
"Tesla, Inc.",2022-03-21,2022-03-23,2,up,down,0.5656302688559338,0.1819078014847775,0.2524619296592893
"Tesla, Inc.",2022-03-22,2022-03-24,2,up,down,0.5179017287575823,0.21213189807507543,0.269966373167343
"Tesla, Inc.",2022-03-23,2022-03-25,2,up,down,0.5410927645241764,0.1945173882620597,0.2643898472137646
"Tesla, Inc.",2022-03-24,2022-03-28,2,up,down,0.56607669264029,0.1621866379197487,0.27173666943996194
"Tesla, Inc.",2022-03-25,2022-03-29,2,up,down,0.5609164199281631,0.14513907541872983,0.2939445046531077
"Tesla, Inc.",2022-03-28,2022-03-30,2,up,down,0.503081855293902,0.16234725553996981,0.3345708891661286
"Tesla, Inc.",2022-03-29,2022-03-31,2,down,down,0.47158100646254936,0.14435266092218432,0.38406633261526657
"Tesla, Inc.",2022-03-30,2022-04-01,2,down,down,0.49995498739289623,0.17529352376619176,0.3247514888409128
"Tesla, Inc.",2022-03-31,2022-04-04,2,up,down,0.5215867382225403,0.1747587206903723,0.3036545410870879
"Tesla, Inc.",2022-04-01,2022-04-05,2,up,down,0.48353729728115147,0.18728732293888403,0.3291753797799645
"Tesla, Inc.",2022-04-04,2022-04-06,2,down,down,0.4656225303651339,0.18933271890793402,0.34504475072693225
"Tesla, Inc.",2022-04-05,2022-04-07,2,down,down,0.46244528077290264,0.19324818723770673,0.34430653198939104
"Tesla, Inc.",2022-04-06,2022-04-08,2,down,down,0.46383653358185917,0.17597416585566866,0.36018930056247245
"Tesla, Inc.",2022-04-07,2022-04-11,2,down,down,0.4308060481582016,0.15985105084446963,0.4093429009973289
"Tesla, Inc.",2022-04-08,2022-04-12,2,down,down,0.43689553651649304,0.16000544435480304,0.403099019128704
"Tesla, Inc.",2022-04-11,2022-04-13,2,up,up,0.3752872694989426,0.17212934034740188,0.45258339015365523
"Tesla, Inc.",2022-04-12,2022-04-14,2,flat,up,0.38582798017590264,0.20798592059487825,0.4061860992292189
"Tesla, Inc.",2022-04-13,2022-04-18,2,down,down,0.4883588687448885,0.21119370495673573,0.3004474262983759
"Tesla, Inc.",2022-04-14,2022-04-19,2,up,down,0.4773238395522923,0.1999875016155012,0.32268865883220665
"Tesla, Inc.",2022-04-18,2022-04-20,2,up,down,0.5187515140283664,0.23437588367638057,0.24687260229525304
"Tesla, Inc.",2022-04-19,2022-04-21,2,up,down,0.46624718265715026,0.27419916572107256,0.2595536516217772
"Tesla, Inc.",2022-04-20,2022-04-22,2,up,down,0.49102182930203936,0.220370983525103,0.2886071871728577
"Tesla, Inc.",2022-04-21,2022-04-25,2,down,down,0.4933402234572468,0.24780361211654334,0.25885616442620984
"Tesla, Inc.",2022-04-22,2022-04-26,2,down,down,0.5087038239920568,0.20979820349081663,0.281497972517127
"Tesla, Inc.",2022-04-25,2022-04-27,2,down,down,0.4971045951542172,0.18911439613388123,0.3137810087119018
"Tesla, Inc.",2022-04-26,2022-04-28,2,down,down,0.44580592363694543,0.1588852923849218,0.3953087839781329
"Tesla, Inc.",2022-04-27,2022-04-29,2,flat,down,0.418688275041958,0.21634236509967456,0.3649693598583674
"Tesla, Inc.",2022-04-28,2022-05-02,2,up,up,0.3336789927205057,0.2727304228961229,0.3935905843833709
"Tesla, Inc.",2022-04-29,2022-05-03,2,up,down,0.4148133626524559,0.251283481082824,0.33390315626472034
"Tesla, Inc.",2022-05-02,2022-05-04,2,up,down,0.3457449490588946,0.3215757015403004,0.3326793494008048
"Tesla, Inc.",2022-05-03,2022-05-05,2,down,down,0.5602638396709578,0.18082724064543243,0.25890891968361024
"Tesla, Inc.",2022-05-04,2022-05-06,2,down,down,0.5311891125161202,0.20353291991076955,0.2652779675731106
"Tesla, Inc.",2022-05-05,2022-05-09,2,down,down,0.5257616493408552,0.19439213964911692,0.2798462110100283
"Tesla, Inc.",2022-05-06,2022-05-10,2,down,down,0.5599078658236106,0.17759858760813912,0.26249354656825075
"Tesla, Inc.",2022-05-09,2022-05-11,2,down,down,0.4846387599526814,0.17922855663165496,0.33613268341566394
"Tesla, Inc.",2022-05-10,2022-05-12,2,down,up,0.39564120025227306,0.18907135862961116,0.4152874411181156
"Tesla, Inc.",2022-05-11,2022-05-13,2,up,up,0.34179828469751006,0.2158605333872194,0.44234118191527005
"Tesla, Inc.",2022-05-12,2022-05-16,2,up,up,0.31674572457598044,0.26168357963537064,0.4215706957886484
"Tesla, Inc.",2022-05-13,2022-05-17,2,down,down,0.38145191300327747,0.2386741183707647,0.3798739686259577
"Tesla, Inc.",2022-05-16,2022-05-18,2,down,down,0.3955477401606725,0.24895320789756664,0.3554990519417607
"Tesla, Inc.",2022-05-17,2022-05-19,2,down,down,0.5430860890253322,0.17865894772650473,0.2782549632481631
"Tesla, Inc.",2022-05-18,2022-05-20,2,down,down,0.5215087296976282,0.17500719653223915,0.3034840737701332
"Tesla, Inc.",2022-05-19,2022-05-23,2,down,down,0.5615849915892885,0.15190919123773972,0.2865058171729723
"Tesla, Inc.",2022-05-20,2022-05-24,2,down,up,0.421821909664682,0.11852279795908911,0.4596552923762285
"Tesla, Inc.",2022-05-23,2022-05-25,2,down,down,0.45640473435562845,0.09266106859663291,0.4509341970477383
"Tesla, Inc.",2022-05-24,2022-05-26,2,up,up,0.43600546025433096,0.06343301700146729,0.5005615227442014
"Tesla, Inc.",2022-05-25,2022-05-27,2,up,up,0.42396017614988474,0.055423370212235624,0.5206164536378792
"Tesla, Inc.",2022-05-26,2022-05-31,2,up,down,0.5632384449151195,0.061163067727465555,0.3755984873574154
"Tesla, Inc.",2022-05-27,2022-06-01,2,up,down,0.5327959645538526,0.1093721930123248,0.3578318424338228
"Tesla, Inc.",2022-05-31,2022-06-02,2,down,down,0.6306330166402878,0.08769724869327768,0.2816697346664352
"Tesla, Inc.",2022-06-01,2022-06-03,2,down,down,0.6037106273364364,0.09250845784134337,0.3037809148222208
"Tesla, Inc.",2022-06-02,2022-06-06,2,down,down,0.616025491824551,0.092359572313936,0.2916149358615134
"Tesla, Inc.",2022-06-03,2022-06-07,2,down,down,0.52947663266782,0.08285376960776951,0.3876695977244106
"Tesla, Inc.",2022-06-06,2022-06-08,2,up,down,0.513228800559906,0.09894783339956932,0.3878233660405247
"Tesla, Inc.",2022-06-07,2022-06-09,2,up,up,0.4309206730581234,0.09424655811117277,0.4748327688307037
"Tesla, Inc.",2022-06-08,2022-06-10,2,down,down,0.5481745664088272,0.13272954602877568,0.3190958875623979
"Tesla, Inc.",2022-06-09,2022-06-13,2,down,down,0.647411778458892,0.11527583602470937,0.23731238551639908
"Tesla, Inc.",2022-06-10,2022-06-14,2,down,down,0.7229722326943703,0.04212612263472674,0.23490164467090366
"Tesla, Inc.",2022-06-13,2022-06-15,2,up,down,0.5735434924580606,0.061716831377934954,0.3647396761640049
"Tesla, Inc.",2022-06-14,2022-06-16,2,down,down,0.6143488848483878,0.06067101776985256,0.3249800973817604
"Tesla, Inc.",2022-06-15,2022-06-17,2,down,down,0.6100130044421227,0.08655386883963208,0.3034331267182459
"Tesla, Inc.",2022-06-16,2022-06-21,2,up,down,0.48907160585530157,0.09598248083786022,0.4149459133068381
"Tesla, Inc.",2022-06-17,2022-06-22,2,up,down,0.5876801152944144,0.04828017159659697,0.3640397131089892
"Tesla, Inc.",2022-06-21,2022-06-23,2,up,down,0.6595069150557041,0.04769382298014425,0.2927992619641524
"Tesla, Inc.",2022-06-22,2022-06-24,2,up,down,0.5815990251856317,0.08579345280401367,0.3326075220103552
"Tesla, Inc.",2022-06-23,2022-06-27,2,up,down,0.6390640556854388,0.06212504819617358,0.29881089611838807
"Tesla, Inc.",2022-06-24,2022-06-28,2,down,down,0.6384239490550375,0.10403146096521439,0.2575445899797485
"Tesla, Inc.",2022-06-27,2022-06-29,2,down,down,0.5882814655561441,0.1385388300528648,0.2731797043909913
"Tesla, Inc.",2022-06-28,2022-06-30,2,down,down,0.596353790196572,0.09427745514854236,0.3093687546548861
"Tesla, Inc.",2022-06-29,2022-07-01,2,down,down,0.5073853676817464,0.06727469296487876,0.42533993935337483
"Tesla, Inc.",2022-06-30,2022-07-05,2,up,up,0.47125107731986804,0.044285411588356506,0.4844635110917753
"Tesla, Inc.",2022-07-01,2022-07-06,2,up,down,0.49065282560663015,0.10002669864653745,0.4093204757468326
"Tesla, Inc.",2022-07-05,2022-07-07,2,up,down,0.5766233092263378,0.0953169680566976,0.3280597227169652
"Tesla, Inc.",2022-07-06,2022-07-08,2,up,down,0.6585657689286589,0.06811953555092233,0.27331469552041937
"Tesla, Inc.",2022-07-07,2022-07-11,2,up,down,0.6348255139215075,0.11847063117907439,0.24670385489941865
"Tesla, Inc.",2022-07-08,2022-07-12,2,down,down,0.6277535786921388,0.15246617749659583,0.2197802438112657
"Tesla, Inc.",2022-07-11,2022-07-13,2,down,down,0.7387404465129435,0.07640112191305082,0.18485843157400578
"Tesla, Inc.",2022-07-12,2022-07-14,2,up,down,0.6425914338478351,0.0466853666237917,0.3107231995283735
"Tesla, Inc.",2022-07-13,2022-07-15,2,up,down,0.49491142133662386,0.03193672916157977,0.4731518495017963
"Tesla, Inc.",2022-07-14,2022-07-18,2,up,up,0.42020248453255576,0.0922839167058752,0.48751359876156886
"Tesla, Inc.",2022-07-15,2022-07-19,2,up,up,0.436954431789904,0.08071806727333172,0.4823275009367641
"Tesla, Inc.",2022-07-18,2022-07-20,2,up,down,0.5272647373635941,0.09264149485537826,0.3800937677810279
"Tesla, Inc.",2022-07-19,2022-07-21,2,up,down,0.6691412098070108,0.08107372003451575,0.24978507015847387
"Tesla, Inc.",2022-07-20,2022-07-22,2,up,down,0.6247483293321894,0.1569336045418665,0.21831806612594445
"Tesla, Inc.",2022-07-21,2022-07-25,2,up,down,0.5746756192635634,0.17693064485509058,0.24839373588134642
"Tesla, Inc.",2022-07-22,2022-07-26,2,down,down,0.49120400280305726,0.13739188769334765,0.37140410950359554
"Tesla, Inc.",2022-07-25,2022-07-27,2,down,down,0.5879163626540417,0.083310962022137,0.32877267532382165
"Tesla, Inc.",2022-07-26,2022-07-28,2,up,down,0.6277867644184856,0.06824175771712368,0.303971477864391
"Tesla, Inc.",2022-07-27,2022-07-29,2,up,down,0.5675971997813601,0.1353702826932042,0.2970325175254364
"Tesla, Inc.",2022-07-28,2022-08-01,2,up,down,0.54156227621223,0.15520655638999448,0.30323116739777606
"Tesla, Inc.",2022-07-29,2022-08-02,2,up,down,0.5362927010404317,0.164952998167426,0.29875430079214255
"Tesla, Inc.",2022-08-01,2022-08-03,2,up,down,0.5234812625836106,0.14006730990123573,0.33645142751515417
"Tesla, Inc.",2022-08-02,2022-08-04,2,up,down,0.48613000676290347,0.08779520859466534,0.42607478464243115
"Tesla, Inc.",2022-08-03,2022-08-05,2,down,down,0.4669842280287531,0.12129597140129963,0.4117198005699475
"Tesla, Inc.",2022-08-04,2022-08-08,2,down,down,0.5593797418242139,0.08987882393394883,0.3507414342418378
"Tesla, Inc.",2022-08-05,2022-08-09,2,down,down,0.5463335223987926,0.06995465618513126,0.38371182141607646
"Tesla, Inc.",2022-08-08,2022-08-10,2,down,down,0.5374146861267693,0.05997612206000616,0.4026091918132248
"Tesla, Inc.",2022-08-09,2022-08-11,2,up,down,0.512938680463943,0.05457738524786761,0.43248393428818993
"Tesla, Inc.",2022-08-10,2022-08-12,2,flat,down,0.48852505889057485,0.122372416861436,0.3891025242479895
"Tesla, Inc.",2022-08-11,2022-08-15,2,up,down,0.4872996168056421,0.13307326442147613,0.3796271187728821
"Tesla, Inc.",2022-08-12,2022-08-16,2,up,down,0.5159493376211508,0.17264972537060405,0.31140093700824584
"Tesla, Inc.",2022-08-15,2022-08-17,2,down,down,0.5210157278727874,0.17274367990588899,0.3062405922213242
"Tesla, Inc.",2022-08-16,2022-08-18,2,down,down,0.5192070552774666,0.1966747753185938,0.28411816940394025
"Tesla, Inc.",2022-08-17,2022-08-19,2,down,down,0.4967728110704156,0.19794979578826996,0.30527739314131497
"Tesla, Inc.",2022-08-18,2022-08-22,2,down,down,0.5029339380620168,0.21172788442407092,0.2853381775139125
"Tesla, Inc.",2022-08-19,2022-08-23,2,down,down,0.5125168103948701,0.1507734660058102,0.3367097235993203
"Tesla, Inc.",2022-08-22,2022-08-24,2,up,down,0.5478420844333713,0.13517717950402727,0.316980736062602
"Tesla, Inc.",2022-08-23,2022-08-25,2,up,down,0.5306348656198185,0.19612661338021728,0.2732385209999643
"Tesla, Inc.",2022-08-24,2022-08-26,2,down,down,0.537326906184851,0.21701621678751903,0.24565687702763014
"Tesla, Inc.",2022-08-25,2022-08-29,2,down,down,0.5485816725690846,0.20107119666332568,0.25034713076758985
"Tesla, Inc.",2022-08-26,2022-08-30,2,down,down,0.5981202072733742,0.1937673230141444,0.20811246971248135
"Tesla, Inc.",2022-08-29,2022-08-31,2,down,down,0.6147447213967632,0.14999554686183234,0.2352597317414048
"Tesla, Inc.",2022-08-30,2022-09-01,2,down,down,0.5846689277589037,0.15828745547983147,0.2570436167612652
"Tesla, Inc.",2022-08-31,2022-09-02,2,down,down,0.532797723401413,0.14628043837345905,0.3209218382251285
"Tesla, Inc.",2022-09-01,2022-09-06,2,down,down,0.5347293367552696,0.1445376512224159,0.3207330120223151
"Tesla, Inc.",2022-09-02,2022-09-07,2,up,down,0.5892901635985239,0.1360329039077566,0.27467693249372005
"Tesla, Inc.",2022-09-06,2022-09-08,2,up,down,0.5890006479237798,0.1311027152419503,0.27989663683427035
"Tesla, Inc.",2022-09-07,2022-09-09,2,up,down,0.5813294536707537,0.15191973825431962,0.26675080807492696
"Tesla, Inc.",2022-09-08,2022-09-12,2,up,down,0.537023978598723,0.18742871450662052,0.2755473068946571
"Tesla, Inc.",2022-09-09,2022-09-13,2,down,down,0.5492785670596004,0.21764959403676482,0.2330718389036351
"Tesla, Inc.",2022-09-12,2022-09-14,2,down,down,0.5473386576995575,0.1829291474176671,0.269732194882776
"Tesla, Inc.",2022-09-13,2022-09-15,2,up,down,0.576510433624642,0.13659944773654387,0.2868901186388152
"Tesla, Inc.",2022-09-14,2022-09-16,2,up,down,0.5364939453378809,0.22109901562535939,0.24240703903676014
"Tesla, Inc.",2022-09-15,2022-09-19,2,flat,down,0.56634032504255,0.1944007033336141,0.23925897162383628
"Tesla, Inc.",2022-09-16,2022-09-20,2,up,down,0.6401035336803499,0.07877880589219989,0.2811176604274508
"Tesla, Inc.",2022-09-19,2022-09-21,2,up,down,0.5958965628374093,0.1470040494123851,0.2570993877502064
"Tesla, Inc.",2022-09-20,2022-09-22,2,down,down,0.5207355780883455,0.2136601484197035,0.26560427349195176
"Tesla, Inc.",2022-09-21,2022-09-23,2,down,down,0.5290978487653346,0.15468661367704056,0.3162155375576255
"Tesla, Inc.",2022-09-22,2022-09-26,2,down,down,0.5883901850338037,0.16156070725822652,0.25004910770797006
"Tesla, Inc.",2022-09-23,2022-09-27,2,up,down,0.47508374115532087,0.14030798448249954,0.3846082743621801
"Tesla, Inc.",2022-09-26,2022-09-28,2,up,down,0.45671212877023315,0.1560775168324767,0.3872103543972903
"Tesla, Inc.",2022-09-27,2022-09-29,2,down,down,0.5142265305176046,0.17347872494481817,0.3122947445375776
"Tesla, Inc.",2022-09-28,2022-09-30,2,down,down,0.629209387003686,0.11500650640751241,0.2557841065888021
"Tesla, Inc.",2022-09-29,2022-10-03,2,down,down,0.6127915866336695,0.11760108470833922,0.26960732865799186
"Tesla, Inc.",2022-09-30,2022-10-04,2,down,down,0.5610642564443189,0.13373116733337534,0.3052045762223067
"Tesla, Inc.",2022-10-03,2022-10-05,2,down,down,0.5048228917381347,0.1836143510956801,0.3115627571661857
"Tesla, Inc.",2022-10-04,2022-10-06,2,down,down,0.4892046177543504,0.1667503165955835,0.34404506565006643
"Tesla, Inc.",2022-10-05,2022-10-07,2,down,up,0.3942972072607114,0.19641266240766087,0.40929013033162753
"Tesla, Inc.",2022-10-06,2022-10-10,2,down,up,0.371185045203318,0.20597324029082137,0.42284171450586
"Tesla, Inc.",2022-10-07,2022-10-11,2,down,up,0.32984254494975834,0.23147527112485825,0.43868218392538283
"Tesla, Inc.",2022-10-10,2022-10-12,2,down,down,0.4354904692090748,0.17567790374430645,0.38883162704661856
"Tesla, Inc.",2022-10-11,2022-10-13,2,down,down,0.4109968455841892,0.18318579731982199,0.4058173570959886
"Tesla, Inc.",2022-10-12,2022-10-14,2,down,down,0.4708621498899421,0.12602454009673106,0.40311331001332684
"Tesla, Inc.",2022-10-13,2022-10-17,2,flat,down,0.5211139730290935,0.07655139877052076,0.4023346282003861
"Tesla, Inc.",2022-10-14,2022-10-18,2,up,down,0.5826179487837859,0.04424447201457546,0.37313757920163937
"Tesla, Inc.",2022-10-17,2022-10-19,2,up,down,0.5782070429964312,0.049503866344754996,0.37228909065881455
"Tesla, Inc.",2022-10-18,2022-10-20,2,down,down,0.5057131371092841,0.049411884480716005,0.44487497840999984
"Tesla, Inc.",2022-10-19,2022-10-21,2,down,down,0.5305448788351991,0.027399773873485668,0.4420553472913155
"Tesla, Inc.",2022-10-20,2022-10-24,2,down,down,0.5111533075596578,0.025642107248943998,0.4632045851913984
"Tesla, Inc.",2022-10-21,2022-10-25,2,up,up,0.399255864642754,0.024753761643462803,0.5759903737137829
"Tesla, Inc.",2022-10-24,2022-10-26,2,up,up,0.35181426798079685,0.01835649500326197,0.6298292370159405
"Tesla, Inc.",2022-10-25,2022-10-27,2,up,up,0.3655696896819951,0.029023056725491804,0.6054072535925124
"Tesla, Inc.",2022-10-26,2022-10-28,2,up,up,0.3269151920619226,0.04325757960244502,0.6298272283356314
"Tesla, Inc.",2022-10-27,2022-10-31,2,down,up,0.4554210412482813,0.06351863719635573,0.4810603215553628
"Tesla, Inc.",2022-10-28,2022-11-01,2,up,down,0.5778078110552621,0.05401103807206306,0.3681811508726752
"Tesla, Inc.",2022-10-31,2022-11-02,2,down,down,0.5459936430620429,0.10804924681254313,0.3459571101254143
"Tesla, Inc.",2022-11-01,2022-11-03,2,down,down,0.46552568920098286,0.1354263297774586,0.3990479810215586
"Tesla, Inc.",2022-11-02,2022-11-04,2,down,up,0.454059825756706,0.08353686218436783,0.46240331205892615
"Tesla, Inc.",2022-11-03,2022-11-07,2,down,up,0.3605113249673461,0.08146667353440211,0.5580220014982511
"Tesla, Inc.",2022-11-04,2022-11-08,2,down,up,0.36317552857448254,0.05225739505172864,0.5845670763737881
"Tesla, Inc.",2022-11-07,2022-11-09,2,down,up,0.42103001428001746,0.056900466349395634,0.5220695193705867
"Tesla, Inc.",2022-11-08,2022-11-10,2,down,up,0.4085780794513588,0.019785566577441703,0.5716363539711992
"Tesla, Inc.",2022-11-09,2022-11-11,2,up,up,0.3284286742317658,0.006095090032366304,0.6654762357358672
"Tesla, Inc.",2022-11-10,2022-11-14,2,up,up,0.27242697999079263,0.014793766512355295,0.7127792534968513
"Tesla, Inc.",2022-11-11,2022-11-15,2,up,up,0.22330971953897952,0.018215414821829118,0.7584748656391906
"Tesla, Inc.",2022-11-14,2022-11-16,2,down,up,0.26007052516641677,0.02428599053306761,0.7156434843005144
"Tesla, Inc.",2022-11-15,2022-11-17,2,down,up,0.13764569040406888,0.024697908167863023,0.8376564014280679
"Tesla, Inc.",2022-11-16,2022-11-18,2,down,up,0.2405818684070467,0.04151652895804927,0.7179016026349037
"Tesla, Inc.",2022-11-17,2022-11-21,2,down,up,0.24094969156544846,0.0265119996961557,0.7325383087383951
"Tesla, Inc.",2022-11-18,2022-11-22,2,down,up,0.2441669078577756,0.01843113542768803,0.7374019567145357
"Tesla, Inc.",2022-11-21,2022-11-23,2,up,up,0.33219915112087206,0.020409105458945424,0.6473917434201819
"Tesla, Inc.",2022-11-22,2022-11-25,2,up,up,0.3314486925523779,0.007086341105431954,0.6614649663421898
"Tesla, Inc.",2022-11-23,2022-11-28,2,up,up,0.15571734156339645,0.03808993151862248,0.8061927269179798
"Tesla, Inc.",2022-11-25,2022-11-29,2,down,up,0.17734688599526,0.021941602589509116,0.80071151141523
"Tesla, Inc.",2022-11-28,2022-11-30,2,up,up,0.27335762860466095,0.01575662017657163,0.7108857512187661
"Tesla, Inc.",2022-11-29,2022-12-01,2,up,up,0.3275278375170745,0.028981063065336717,0.6434910994175876
"Tesla, Inc.",2022-11-30,2022-12-02,2,up,up,0.2964925040695162,0.02487061702182339,0.6786368789086596
"Tesla, Inc.",2022-12-01,2022-12-05,2,down,up,0.30521592249496277,0.03530667302083394,0.6594774044842023
"Tesla, Inc.",2022-12-02,2022-12-06,2,down,up,0.4749803022511097,0.035240452740476075,0.4897792450084143
"Tesla, Inc.",2022-12-05,2022-12-07,2,down,up,0.370784799386628,0.03816291847618132,0.5910522821371902
"Tesla, Inc.",2022-12-06,2022-12-08,2,down,up,0.33914802941308236,0.025153075883180706,0.6356988947037361
"Tesla, Inc.",2022-12-07,2022-12-09,2,up,up,0.32502784573601146,0.0481604606656813,0.6268116935983064
"Tesla, Inc.",2022-12-08,2022-12-12,2,flat,up,0.3534475681290512,0.04288214269704265,0.6036702891739057
"Tesla, Inc.",2022-12-09,2022-12-13,2,down,up,0.24666894362741104,0.06899285519941227,0.6843382011731758
"Tesla, Inc.",2022-12-12,2022-12-14,2,down,up,0.2952156811784953,0.08840453725093965,0.6163797815705643
"Tesla, Inc.",2022-12-13,2022-12-15,2,down,up,0.3033268151229196,0.06542163162401377,0.6312515532530656
"Tesla, Inc.",2022-12-14,2022-12-16,2,down,up,0.3727124267050184,0.022663286610001464,0.6046242866849798
"Tesla, Inc.",2022-12-15,2022-12-19,2,down,up,0.37858003667892026,0.018561109131514278,0.6028588541895652
"Tesla, Inc.",2022-12-16,2022-12-20,2,down,up,0.3642782461998047,0.013877696527471471,0.6218440572727235
"Tesla, Inc.",2022-12-19,2022-12-21,2,down,up,0.3238461675979332,0.0249213644651607,0.6512324679369053
"Tesla, Inc.",2022-12-20,2022-12-22,2,down,up,0.3343779499699523,0.013180410752974388,0.6524416392770728
"Tesla, Inc.",2022-12-21,2022-12-23,2,down,up,0.33358707334283494,0.009260880796033098,0.6571520458611313
"Tesla, Inc.",2022-12-22,2022-12-27,2,down,up,0.28809748923352685,0.010900770777803685,0.7010017399886687
"Tesla, Inc.",2022-12-23,2022-12-28,2,down,up,0.31508622099036276,0.015538863703532602,0.669374915306104
"Tesla, Inc.",2022-12-27,2022-12-29,2,up,up,0.29048699541808004,0.010900770777803685,0.6986122338041154
"Tesla, Inc.",2022-12-28,2022-12-30,2,up,up,0.2859243034178826,0.009365981080602657,0.7047097155015142
"Tesla, Inc.",2022-12-29,2023-01-03,2,down,up,0.17358241679692343,0.024891963376646623,0.8015256198264296
"Tesla, Inc.",2022-12-30,2023-01-04,2,down,up,0.20328826899452182,0.02824810187680684,0.7684636291286708
"Tesla, Inc.",2023-01-03,2023-01-05,2,down,up,0.3068633562633503,0.03387662427133405,0.6592600194653149
"Tesla, Inc.",2023-01-04,2023-01-06,2,down,up,0.27144355982783375,0.029082463949924822,0.6994739762222407
"Tesla, Inc.",2023-01-05,2023-01-09,2,up,up,0.27605974257123544,0.02462828428415298,0.6993119731446107
"Tesla, Inc.",2023-01-06,2023-01-10,2,up,up,0.291781538264007,0.03159918751044638,0.6766192742255461
"Tesla, Inc.",2023-01-09,2023-01-11,2,up,up,0.18860838523347673,0.03130658724982001,0.7800850275167025
"Tesla, Inc.",2023-01-10,2023-01-12,2,up,up,0.3414619956248358,0.035629553900275765,0.6229084504748876
"Tesla, Inc.",2023-01-11,2023-01-13,2,down,up,0.2718737465988878,0.01736784111206604,0.7107584122890451
"Tesla, Inc.",2023-01-12,2023-01-17,2,up,up,0.42415480569688435,0.021653442853908137,0.5541917514492072
"Tesla, Inc.",2023-01-13,2023-01-18,2,up,up,0.4045338456419056,0.028155038050434435,0.5673111163076596
"Tesla, Inc.",2023-01-17,2023-01-19,2,down,up,0.26605465292246566,0.035717722802084205,0.6982276242754492
"Tesla, Inc.",2023-01-18,2023-01-20,2,down,up,0.30110335526145604,0.033633356175271634,0.6652632885632712
"Tesla, Inc.",2023-01-19,2023-01-23,2,up,up,0.32737835098432155,0.026463564387848856,0.6461580846278288
"Tesla, Inc.",2023-01-20,2023-01-24,2,up,up,0.32619234526248503,0.035588589542742154,0.6382190651947721
"Tesla, Inc.",2023-01-23,2023-01-25,2,up,up,0.38445358305804594,0.024096244712450643,0.5914501722295029
"Tesla, Inc.",2023-01-24,2023-01-26,2,up,up,0.33887165421211685,0.033726681164438034,0.6274016646234446
"Tesla, Inc.",2023-01-25,2023-01-27,2,up,up,0.47014377365597293,0.029848859651969994,0.5000073666920568
"Tesla, Inc.",2023-01-26,2023-01-30,2,up,up,0.3595003862703408,0.04911252317222099,0.5913870905574377
"Tesla, Inc.",2023-01-27,2023-01-31,2,down,up,0.3812178865866457,0.04925282177703591,0.5695292916363178
"Tesla, Inc.",2023-01-30,2023-02-01,2,up,up,0.3994401773675469,0.04458141168184871,0.5559784109506039
"Tesla, Inc.",2023-01-31,2023-02-02,2,up,up,0.4872204951879569,0.020663144158764978,0.4921163606532781
"Tesla, Inc.",2023-02-01,2023-02-03,2,up,up,0.3537971836058613,0.029836567731289267,0.6163662486628485
"Tesla, Inc.",2023-02-02,2023-02-06,2,up,up,0.28895021830933043,0.024364568771301984,0.6866852129193667
"Tesla, Inc.",2023-02-03,2023-02-07,2,up,up,0.371549399270921,0.04341494814349588,0.5850356525855824
"Tesla, Inc.",2023-02-06,2023-02-08,2,up,up,0.2949720734714051,0.034518695366696855,0.6705092311618971
"Tesla, Inc.",2023-02-07,2023-02-09,2,up,up,0.36285185743583187,0.07256158493201027,0.5645865576321573
"Tesla, Inc.",2023-02-08,2023-02-10,2,up,up,0.37049119767797145,0.09900011709985634,0.5305086852221718
"Tesla, Inc.",2023-02-09,2023-02-13,2,down,up,0.351924591750188,0.21609221996768638,0.4319831882821251
"Tesla, Inc.",2023-02-10,2023-02-14,2,up,up,0.44897153533588335,0.09444542538352982,0.45658303928058674
"Tesla, Inc.",2023-02-13,2023-02-15,2,up,up,0.2588850290624632,0.1137016244263412,0.6274133465111951
"Tesla, Inc.",2023-02-14,2023-02-16,2,up,up,0.2631961619175726,0.1103453475022188,0.6264584905802076
"Tesla, Inc.",2023-02-15,2023-02-17,2,down,up,0.3666342011807581,0.1899808822590977,0.44338491656014384
"Tesla, Inc.",2023-02-16,2023-02-21,2,down,up,0.3627503061555346,0.050440023748660835,0.5868096700958036
"Tesla, Inc.",2023-02-17,2023-02-22,2,down,up,0.31768067014893453,0.03718312392232735,0.6451362059287372
"Tesla, Inc.",2023-02-21,2023-02-23,2,down,up,0.31804810611283807,0.045785886376249675,0.6361660075109113
"Tesla, Inc.",2023-02-22,2023-02-24,2,down,up,0.27799089540442523,0.027327508269070332,0.6946815963265037
"Tesla, Inc.",2023-02-23,2023-02-27,2,up,up,0.2638155021131599,0.07389902251042045,0.662285475376419
"Tesla, Inc.",2023-02-24,2023-02-28,2,up,up,0.2572400681942308,0.028719303824383702,0.7140406279813846
"Tesla, Inc.",2023-02-27,2023-03-01,2,down,up,0.19633492986605208,0.05790150300416532,0.7457635671297819
"Tesla, Inc.",2023-02-28,2023-03-02,2,down,up,0.25261200401515593,0.05205034709719972,0.6953376488876435
"Tesla, Inc.",2023-03-01,2023-03-03,2,down,up,0.33013845840407113,0.04301988058001864,0.6268416610159094
"Tesla, Inc.",2023-03-02,2023-03-06,2,up,up,0.22316354653894854,0.014910299292779997,0.7619261541682705
"Tesla, Inc.",2023-03-03,2023-03-07,2,down,up,0.19812728869446225,0.0717406891559263,0.7301320221496111
"Tesla, Inc.",2023-03-06,2023-03-08,2,down,up,0.2814130717996502,0.045358939440745656,0.6732279887596033
"Tesla, Inc.",2023-03-07,2023-03-09,2,down,up,0.2711936447146844,0.037933010396515726,0.690873344888799
"Tesla, Inc.",2023-03-08,2023-03-10,2,down,up,0.2282191614982287,0.0178655546864353,0.7539152838153355
"Tesla, Inc.",2023-03-09,2023-03-13,2,down,up,0.21191383382951037,0.00876503546301738,0.7793211307074718
"Tesla, Inc.",2023-03-10,2023-03-14,2,up,up,0.25182917795901105,0.017359287301355376,0.730811534739633
"Tesla, Inc.",2023-03-13,2023-03-15,2,up,up,0.30168287845990116,0.011722236680083199,0.6865948848600151
"Tesla, Inc.",2023-03-14,2023-03-16,2,up,up,0.29587784225390407,0.06705437766638116,0.637067780079714
"Tesla, Inc.",2023-03-15,2023-03-17,2,up,up,0.37333777963761655,0.027476288969178052,0.5991859313932048
"Tesla, Inc.",2023-03-16,2023-03-20,2,down,up,0.263203909111488,0.04967053987823181,0.6871255510102793
"Tesla, Inc.",2023-03-17,2023-03-21,2,up,up,0.42523919814787836,0.02782892280673138,0.54693187904539
"Tesla, Inc.",2023-03-20,2023-03-22,2,up,up,0.45155788498902916,0.022970469856173167,0.5254716451547976
"Tesla, Inc.",2023-03-21,2023-03-23,2,up,up,0.2488528377876657,0.032568977073825355,0.7185781851385084
"Tesla, Inc.",2023-03-22,2023-03-24,2,down,up,0.3603790071235823,0.028109248960532324,0.6115117439158846
"Tesla, Inc.",2023-03-23,2023-03-27,2,down,up,0.4511624123793445,0.014281195966349334,0.5345563916543059
"Tesla, Inc.",2023-03-24,2023-03-28,2,down,up,0.463301945402481,0.008912474793180308,0.5277855798043385
"Tesla, Inc.",2023-03-27,2023-03-29,2,down,up,0.38123534817214233,0.024895495508789015,0.5938691563190682
"Tesla, Inc.",2023-03-28,2023-03-30,2,up,up,0.40487585378201574,0.026847281708031242,0.5682768645099526
"Tesla, Inc.",2023-03-29,2023-03-31,2,up,up,0.36503385893321955,0.030104508837857646,0.6048616322289225
"Tesla, Inc.",2023-03-30,2023-04-03,2,up,up,0.3689358706597664,0.034852114647881044,0.596212014692352
"Tesla, Inc.",2023-03-31,2023-04-04,2,down,up,0.29874500799211134,0.07863833109643788,0.62261666091145
"Tesla, Inc.",2023-04-03,2023-04-05,2,down,up,0.3967876511598583,0.035722767040206625,0.5674895817999347
"Tesla, Inc.",2023-04-04,2023-04-06,2,down,up,0.4495583931638597,0.02459307559814364,0.5258485312379966
"Tesla, Inc.",2023-04-05,2023-04-10,2,down,up,0.30968327442365173,0.02422330136912103,0.6660934242072264
"Tesla, Inc.",2023-04-06,2023-04-11,2,up,up,0.2766798791843024,0.013803988169222053,0.7095161326464747
"Tesla, Inc.",2023-04-10,2023-04-12,2,up,up,0.36349391687083554,0.011257235175099956,0.6252488479540644
"Tesla, Inc.",2023-04-11,2023-04-13,2,down,up,0.3492538456651828,0.05767525320317038,0.5930709011316464
"Tesla, Inc.",2023-04-12,2023-04-14,2,down,up,0.4131936112370543,0.026056495598834738,0.5607498931641106
"Tesla, Inc.",2023-04-13,2023-04-17,2,up,up,0.38119113212620254,0.022854906184635232,0.5959539616891616
"Tesla, Inc.",2023-04-14,2023-04-18,2,up,up,0.331968296382329,0.017957722524471056,0.6500739810931995
"Tesla, Inc.",2023-04-17,2023-04-19,2,down,up,0.33966865952164804,0.025345630060235335,0.6349857104181161
"Tesla, Inc.",2023-04-18,2023-04-20,2,down,up,0.3889212949769082,0.01701495355846476,0.5940637514646265
"Tesla, Inc.",2023-04-19,2023-04-21,2,down,up,0.282395357160601,0.035599688213560444,0.6820049546258375
"Tesla, Inc.",2023-04-20,2023-04-24,2,down,up,0.4263036557215142,0.006419529956941288,0.5672768143215443
"Tesla, Inc.",2023-04-21,2023-04-25,2,down,up,0.4251165768717117,0.008987115217606366,0.5658963079106818
"Tesla, Inc.",2023-04-24,2023-04-26,2,down,up,0.4515084645299838,0.0046643802349109606,0.5438271552351052
"Tesla, Inc.",2023-04-25,2023-04-27,2,down,up,0.3874040707729099,0.015996951451482787,0.5965989777756073
"Tesla, Inc.",2023-04-26,2023-04-28,2,up,up,0.400331223412655,0.034670624677391376,0.5649981519099535
"Tesla, Inc.",2023-04-27,2023-05-01,2,up,up,0.3671320730004423,0.03676580912899475,0.5961021178705626
"Tesla, Inc.",2023-04-28,2023-05-02,2,flat,up,0.2159771753940065,0.06106684359955476,0.7229559810064383
"Tesla, Inc.",2023-05-01,2023-05-03,2,down,up,0.28785485103890807,0.02992281981606325,0.682222329145028
"Tesla, Inc.",2023-05-02,2023-05-04,2,flat,up,0.29580914120273855,0.02802179705634973,0.6761690617409108
"Tesla, Inc.",2023-05-03,2023-05-05,2,up,up,0.3246713781656566,0.03482813442814569,0.640500487406197
"Tesla, Inc.",2023-05-04,2023-05-08,2,up,up,0.3038609967867313,0.04409160696722083,0.6520473962460471
"Tesla, Inc.",2023-05-05,2023-05-09,2,up,up,0.22531947141392716,0.04682781496445788,0.7278527136216142
"Tesla, Inc.",2023-05-08,2023-05-10,2,down,up,0.30159942600403816,0.03775309919413719,0.6606474748018241
"Tesla, Inc.",2023-05-09,2023-05-11,2,up,up,0.4617570642598644,0.026315105220852383,0.5119278305192833
"Tesla, Inc.",2023-05-10,2023-05-12,2,up,up,0.4224250254307141,0.05033028970316177,0.5272446848661239
"Tesla, Inc.",2023-05-11,2023-05-15,2,down,down,0.4757948637467815,0.05918971475393145,0.46501542149928704
"Tesla, Inc.",2023-05-12,2023-05-16,2,down,up,0.3437518568344473,0.042683161553380214,0.6135649816121715
"Tesla, Inc.",2023-05-15,2023-05-17,2,up,up,0.32345927771706484,0.05946242589381327,0.617078296389121
"Tesla, Inc.",2023-05-16,2023-05-18,2,up,up,0.3409422106006993,0.04616547259939477,0.6128923167999054
"Tesla, Inc.",2023-05-17,2023-05-19,2,up,up,0.2885398081616284,0.043267557475037195,0.6681926343633335
"Tesla, Inc.",2023-05-18,2023-05-22,2,up,up,0.25346325292259914,0.061218561572856746,0.6853181855045434
"Tesla, Inc.",2023-05-19,2023-05-23,2,up,up,0.24880242738445826,0.07803656012921902,0.6731610124863218
"Tesla, Inc.",2023-05-22,2023-05-24,2,down,up,0.26476143642881644,0.12312300800428856,0.612115555566894
"Tesla, Inc.",2023-05-23,2023-05-25,2,down,up,0.2694705366096816,0.23192191520630856,0.49860754818400965
"Tesla, Inc.",2023-05-24,2023-05-26,2,up,up,0.3772856097054496,0.11726240147932286,0.5054519888152271
"Tesla, Inc.",2023-05-25,2023-05-30,2,up,up,0.3186514913056408,0.13286731097605683,0.5484811977183018
"Tesla, Inc.",2023-05-26,2023-05-31,2,up,up,0.2557375185236243,0.09867422608324888,0.6455882553931258
"Tesla, Inc.",2023-05-30,2023-06-01,2,up,up,0.21777425926038124,0.11924240449074333,0.6629833362488746
"Tesla, Inc.",2023-05-31,2023-06-02,2,up,up,0.34994934341052497,0.10490910324444867,0.5451415533450257
"Tesla, Inc.",2023-06-01,2023-06-05,2,up,up,0.31367402174388237,0.09665084261746157,0.5896751356386554
"Tesla, Inc.",2023-06-02,2023-06-06,2,up,up,0.27374555945814405,0.13147136604846055,0.5947830744933947
"Tesla, Inc.",2023-06-05,2023-06-07,2,up,up,0.307418179676986,0.14177581995610328,0.5508060003669102
"Tesla, Inc.",2023-06-06,2023-06-08,2,up,down,0.4466973431672288,0.1630624132673186,0.3902402435654526
"Tesla, Inc.",2023-06-07,2023-06-09,2,up,up,0.3120962227850236,0.2754965168729401,0.41240726034203595
"Tesla, Inc.",2023-06-08,2023-06-12,2,up,up,0.36278174630817495,0.25312965378017177,0.38408859991165306
"Tesla, Inc.",2023-06-09,2023-06-13,2,up,up,0.2910096582756439,0.27315098306124014,0.4358393586631154
"Tesla, Inc.",2023-06-12,2023-06-14,2,up,up,0.3310622904991365,0.19192226537355345,0.47701544412730945
"Tesla, Inc.",2023-06-13,2023-06-15,2,down,up,0.36489158354793255,0.16886414531387273,0.4662442711381945
"Tesla, Inc.",2023-06-14,2023-06-16,2,up,up,0.41249819163768486,0.1296303259155794,0.45787148244673553
"Tesla, Inc.",2023-06-15,2023-06-20,2,up,up,0.4558512171453782,0.06199448738161386,0.48215429547300787
"Tesla, Inc.",2023-06-16,2023-06-21,2,up,up,0.3936881905885174,0.1250120114139473,0.481299797997535
"Tesla, Inc.",2023-06-20,2023-06-22,2,down,up,0.41730474722274935,0.11365298454932703,0.4690422682279234
"Tesla, Inc.",2023-06-21,2023-06-23,2,down,down,0.4816108006499926,0.0693959237686372,0.4489932755813703
"Tesla, Inc.",2023-06-22,2023-06-26,2,down,up,0.35765306146218245,0.027038039676547977,0.6153088988612692
"Tesla, Inc.",2023-06-23,2023-06-27,2,down,up,0.44751092132724696,0.04451492251516745,0.5079741561575855
"Tesla, Inc.",2023-06-26,2023-06-28,2,up,up,0.4108710254470126,0.0525622946230745,0.5365666799299127
"Tesla, Inc.",2023-06-27,2023-06-29,2,up,up,0.4178281903550258,0.06409204489208377,0.5180797647528901
"Tesla, Inc.",2023-06-28,2023-06-30,2,up,up,0.4453854014206119,0.05774832261722484,0.4968662759621632
"Tesla, Inc.",2023-06-29,2023-07-03,2,up,down,0.5635426076488436,0.06046794941813594,0.37598944293302067
"Tesla, Inc.",2023-06-30,2023-07-05,2,up,down,0.5752486609398683,0.11044584244695274,0.31430549661317914
"Tesla, Inc.",2023-07-03,2023-07-06,2,down,down,0.5002014521799328,0.09331790781522527,0.40648064000484196
"Tesla, Inc.",2023-07-05,2023-07-07,2,down,down,0.46709711971913026,0.08325782265983457,0.4496450576210351
"Tesla, Inc.",2023-07-06,2023-07-10,2,down,down,0.5168649902037247,0.08500769857118957,0.39812731122508593
"Tesla, Inc.",2023-07-07,2023-07-11,2,down,down,0.4912501727862677,0.10496239938853259,0.40378742782519966
"Tesla, Inc.",2023-07-10,2023-07-12,2,up,down,0.5143223880759841,0.07675861625632956,0.4089189956676865
"Tesla, Inc.",2023-07-11,2023-07-13,2,up,down,0.5806804063030264,0.0744580973274786,0.34486149636949565
"Tesla, Inc.",2023-07-12,2023-07-14,2,up,down,0.6137323156969424,0.054717639471528356,0.33155004483152994
"Tesla, Inc.",2023-07-13,2023-07-17,2,up,down,0.6323212543210117,0.046838375660489824,0.32084037001849874
"Tesla, Inc.",2023-07-14,2023-07-18,2,up,down,0.6143922411109685,0.09719547064169216,0.2884122882473396
"Tesla, Inc.",2023-07-17,2023-07-19,2,up,down,0.5396269632973636,0.14632753052134442,0.3140455061812921
"Tesla, Inc.",2023-07-18,2023-07-20,2,down,down,0.5364468065464806,0.16682091931876017,0.29673227413475955
"Tesla, Inc.",2023-07-19,2023-07-21,2,down,down,0.5365305552394615,0.14583350344866197,0.317635941311877
"Tesla, Inc.",2023-07-20,2023-07-24,2,down,down,0.5951277059226477,0.1049941419372801,0.2998781521400732
"Tesla, Inc.",2023-07-21,2023-07-25,2,up,down,0.567135142828939,0.06306391833881583,0.36980093883224596
"Tesla, Inc.",2023-07-24,2023-07-26,2,up,down,0.5269130290752185,0.059911308935838486,0.41317566198894334
"Tesla, Inc.",2023-07-25,2023-07-27,2,down,down,0.5812365154477633,0.07545740426906362,0.34330608028317344
"Tesla, Inc.",2023-07-26,2023-07-28,2,down,down,0.4958693140808624,0.08656321440033152,0.4175674715188063
"Tesla, Inc.",2023-07-27,2023-07-31,2,up,down,0.6328333713317399,0.09137405718014949,0.2757925714881114
"Tesla, Inc.",2023-07-28,2023-08-01,2,up,down,0.600202797149855,0.18329148670666956,0.2165057161434754
"Tesla, Inc.",2023-07-31,2023-08-02,2,down,down,0.5999213335168887,0.20834525187453173,0.1917334146085796
"Tesla, Inc.",2023-08-01,2023-08-03,2,down,down,0.6979007712941719,0.11611901149840247,0.18598021720742586
"Tesla, Inc.",2023-08-02,2023-08-04,2,up,down,0.7503854940264332,0.07052657399404197,0.17908793197952527
"Tesla, Inc.",2023-08-03,2023-08-07,2,down,down,0.7726266611871412,0.10940055484121279,0.11797278397164641
"Tesla, Inc.",2023-08-04,2023-08-08,2,down,down,0.7634918722467987,0.10893068389034279,0.1275774438628588
"Tesla, Inc.",2023-08-07,2023-08-09,2,down,down,0.7129154510890173,0.07768868397169862,0.20939586493928466
"Tesla, Inc.",2023-08-08,2023-08-10,2,down,down,0.7518582238012677,0.0751879101257901,0.17295386607294297
"Tesla, Inc.",2023-08-09,2023-08-11,2,down,down,0.7445961491821649,0.09065494342624147,0.16474890739159417
"Tesla, Inc.",2023-08-10,2023-08-14,2,down,down,0.7504305504887847,0.09297143961137666,0.15659800989983916
"Tesla, Inc.",2023-08-11,2023-08-15,2,down,down,0.6952806021937831,0.09717337774124507,0.2075460200649727
"Tesla, Inc.",2023-08-14,2023-08-16,2,down,down,0.7318739283307863,0.0842745820773894,0.18385148959182485
"Tesla, Inc.",2023-08-15,2023-08-17,2,down,down,0.7167995551328397,0.08933238947065684,0.19386805539650417
"Tesla, Inc.",2023-08-16,2023-08-18,2,down,down,0.6870196422489354,0.059683904223443204,0.2532964535276225
"Tesla, Inc.",2023-08-17,2023-08-21,2,up,down,0.6278445845165804,0.06770265014023273,0.3044527653431876
"Tesla, Inc.",2023-08-18,2023-08-22,2,up,down,0.6310635813701998,0.05061373826344428,0.31832268036635647
"Tesla, Inc.",2023-08-21,2023-08-23,2,up,down,0.6366822187880194,0.09438643789732758,0.2689313433146533
"Tesla, Inc.",2023-08-22,2023-08-24,2,down,down,0.6517569240573081,0.0765259365602137,0.2717171393824786
"Tesla, Inc.",2023-08-23,2023-08-25,2,up,down,0.6970240349644734,0.0520995219031776,0.25087644313234964
"Tesla, Inc.",2023-08-24,2023-08-28,2,up,down,0.6605839786365993,0.07196648176633158,0.26744953959706924
"Tesla, Inc.",2023-08-25,2023-08-29,2,up,down,0.6255886280306254,0.11657462691669346,0.2578367450526813
"Tesla, Inc.",2023-08-28,2023-08-30,2,up,down,0.5504433963384807,0.12094875885849062,0.3286078448030286
"Tesla, Inc.",2023-08-29,2023-08-31,2,up,down,0.47612673605989797,0.18165785438351065,0.3422154095565915
"Tesla, Inc.",2023-08-30,2023-09-01,2,down,down,0.4270777029425041,0.20966250047872254,0.3632597965787735
"Tesla, Inc.",2023-08-31,2023-09-05,2,down,down,0.5051756188056868,0.1955563492985463,0.29926803189576756
"Tesla, Inc.",2023-09-01,2023-09-06,2,up,down,0.6074453870951726,0.1438607025435932,0.24869391036123464
"Tesla, Inc.",2023-09-05,2023-09-07,2,down,down,0.5374161681900459,0.1845294234828364,0.2780544083271177
"Tesla, Inc.",2023-09-06,2023-09-08,2,down,down,0.5582251244996251,0.11915335829737325,0.3226215172030018
"Tesla, Inc.",2023-09-07,2023-09-11,2,up,down,0.675278500576525,0.05006112068130882,0.2746603787421669
"Tesla, Inc.",2023-09-08,2023-09-12,2,up,down,0.6567420681388502,0.0858072576889712,0.257450674172179
"Tesla, Inc.",2023-09-11,2023-09-13,2,up,down,0.536838938534212,0.20186973927037805,0.2612913221954103
"Tesla, Inc.",2023-09-12,2023-09-14,2,up,down,0.5641585254227139,0.18522644780348077,0.25061502677380554
"Tesla, Inc.",2023-09-13,2023-09-15,2,up,down,0.5874437922121047,0.1521877683473637,0.2603684394405317
"Tesla, Inc.",2023-09-14,2023-09-18,2,down,down,0.6103520623253054,0.1501813366715626,0.23946660100313244
"Tesla, Inc.",2023-09-15,2023-09-19,2,down,down,0.6184683074948225,0.15557549070645627,0.22595620179872142
"Tesla, Inc.",2023-09-18,2023-09-20,2,down,down,0.5913777020090282,0.0770893001270706,0.33153299786390134
"Tesla, Inc.",2023-09-19,2023-09-21,2,down,down,0.674582626066211,0.07799999074661292,0.24741738318717674
"Tesla, Inc.",2023-09-20,2023-09-22,2,down,down,0.6632701527124493,0.10250234248126072,0.23422750480629048
"Tesla, Inc.",2023-09-21,2023-09-25,2,down,down,0.6291840482472024,0.07484094387046804,0.2959750078823301
"Tesla, Inc.",2023-09-22,2023-09-26,2,down,down,0.5318803794686638,0.08502147304621868,0.383098147485118
"Tesla, Inc.",2023-09-25,2023-09-27,2,down,down,0.5068842266161965,0.09007980527419088,0.4030359681096129
"Tesla, Inc.",2023-09-26,2023-09-28,2,down,down,0.6756750111124988,0.10296639965811577,0.2213585892293862
"Tesla, Inc.",2023-09-27,2023-09-29,2,up,down,0.6071248486524286,0.11214588366056207,0.28072926768701006
"Tesla, Inc.",2023-09-28,2023-10-02,2,up,down,0.7761618829015865,0.08194435349312305,0.1418937636052907
"Tesla, Inc.",2023-09-29,2023-10-03,2,down,down,0.6620507956544418,0.12177462627553119,0.21617457807002718
"Tesla, Inc.",2023-10-02,2023-10-04,2,up,down,0.6986057769061056,0.08271961687085863,0.21867460622303622
"Tesla, Inc.",2023-10-03,2023-10-05,2,up,down,0.7386099874445488,0.06626687874804348,0.19512313380740817
"Tesla, Inc.",2023-10-04,2023-10-06,2,up,down,0.6090241080548622,0.13888404590513148,0.25209184604000684
"Tesla, Inc.",2023-10-05,2023-10-09,2,down,down,0.5940026487450226,0.168804221370446,0.23719312988453184
"Tesla, Inc.",2023-10-06,2023-10-10,2,up,down,0.6512834849766698,0.07881537335276023,0.26990114167057055
"Tesla, Inc.",2023-10-09,2023-10-11,2,up,down,0.5300989784784071,0.18018986818939758,0.2897111533321955
"Tesla, Inc.",2023-10-10,2023-10-12,2,down,down,0.5315306245075545,0.20985612362469974,0.25861325186774636
"Tesla, Inc.",2023-10-11,2023-10-13,2,down,down,0.5292074297381237,0.22051128505896425,0.2502812852029122
"Tesla, Inc.",2023-10-12,2023-10-16,2,down,down,0.5652708301398629,0.11669627884842003,0.31803289101171733
"Tesla, Inc.",2023-10-13,2023-10-17,2,down,down,0.5923450305252037,0.12946166037571635,0.2781933090990803
"Tesla, Inc.",2023-10-16,2023-10-18,2,down,down,0.5770997883712314,0.12255459834216487,0.30034561328660436
"Tesla, Inc.",2023-10-17,2023-10-19,2,down,down,0.6122922641980098,0.14552823616477334,0.2421794996372173
"Tesla, Inc.",2023-10-18,2023-10-20,2,down,down,0.5622593262472813,0.10517823694873835,0.332562436803981
"Tesla, Inc.",2023-10-19,2023-10-23,2,down,down,0.5201446098445889,0.09575835604611786,0.38409703410929347
"Tesla, Inc.",2023-10-20,2023-10-24,2,up,down,0.47459651205817965,0.0594286736224078,0.46597481431941246
"Tesla, Inc.",2023-10-23,2023-10-25,2,up,down,0.4709606455950282,0.0690271461449654,0.46001220826000633
"Tesla, Inc.",2023-10-24,2023-10-26,2,down,down,0.46186554400816227,0.09209770551163338,0.44603675048020436
"Tesla, Inc.",2023-10-25,2023-10-27,2,down,down,0.5666857623180613,0.0564840017447585,0.3768302359371806
"Tesla, Inc.",2023-10-26,2023-10-30,2,down,down,0.7131832876687632,0.029824338292540106,0.2569923740386974
"Tesla, Inc.",2023-10-27,2023-10-31,2,down,down,0.6945996933030477,0.02725978353561842,0.27814052316133475
"Tesla, Inc.",2023-10-30,2023-11-01,2,up,down,0.5058790194579318,0.022759493282850964,0.47136148725921734
"Tesla, Inc.",2023-10-31,2023-11-02,2,up,up,0.42737230201455034,0.013330591116127175,0.559297106869322
"Tesla, Inc.",2023-11-01,2023-11-03,2,up,up,0.2788558446167658,0.034461360806275626,0.6866827945769578
"Tesla, Inc.",2023-11-02,2023-11-06,2,up,up,0.3044604194816341,0.04741362288899812,0.6481259576293666
"Tesla, Inc.",2023-11-03,2023-11-07,2,down,up,0.2922073173106244,0.04265248308518338,0.6651401996041912
"Tesla, Inc.",2023-11-06,2023-11-08,2,up,up,0.44952736829424056,0.019868044593885317,0.5306045871118737
"Tesla, Inc.",2023-11-07,2023-11-09,2,down,down,0.590380070719179,0.017603767833657497,0.3920161614471638
"Tesla, Inc.",2023-11-08,2023-11-10,2,down,down,0.5124842120891572,0.05494900872329286,0.4325667791875499
"Tesla, Inc.",2023-11-09,2023-11-13,2,up,up,0.4259307041781477,0.025801458545939297,0.5482678372759124
"Tesla, Inc.",2023-11-10,2023-11-14,2,up,up,0.3367786992177127,0.029681694494582266,0.6335396062877042
"Tesla, Inc.",2023-11-13,2023-11-15,2,up,up,0.31706320676129507,0.03436662369186665,0.6485701695468374
"Tesla, Inc.",2023-11-14,2023-11-16,2,up,up,0.2901957217222647,0.21369475692289966,0.49610952135483494
"Tesla, Inc.",2023-11-15,2023-11-17,2,down,up,0.40263423077687394,0.17888695028885962,0.4184788189342666
"Tesla, Inc.",2023-11-16,2023-11-20,2,down,down,0.6300671595781429,0.07903858223792444,0.2908942581839332
"Tesla, Inc.",2023-11-17,2023-11-21,2,up,down,0.5981317293197613,0.08556764338392593,0.3163006272963133
"Tesla, Inc.",2023-11-20,2023-11-22,2,up,up,0.4077214744871753,0.13958997448669114,0.45268855102613353
"Tesla, Inc.",2023-11-21,2023-11-24,2,down,up,0.3527477017596467,0.17209083836512906,0.47516145987522407
"Tesla, Inc.",2023-11-22,2023-11-27,2,down,up,0.40537605450382663,0.09839019549189086,0.49623375000428216
"Tesla, Inc.",2023-11-24,2023-11-28,2,up,up,0.46383906842320594,0.05823562364016238,0.4779253079366315
"Tesla, Inc.",2023-11-27,2023-11-29,2,up,down,0.5105357379699934,0.055076081963572755,0.4343881800664339
"Tesla, Inc.",2023-11-28,2023-11-30,2,up,down,0.5658081550959302,0.08363815233799611,0.3505536925660742
"Tesla, Inc.",2023-11-29,2023-12-01,2,down,down,0.4817696834436868,0.19231406568367265,0.3259162508726409
"Tesla, Inc.",2023-11-30,2023-12-04,2,down,down,0.6508944684926102,0.029769568351767188,0.319335963155623
"Tesla, Inc.",2023-12-01,2023-12-05,2,up,down,0.7053581569995694,0.029079878696546605,0.26556196430388446
"Tesla, Inc.",2023-12-04,2023-12-06,2,up,down,0.5955586833605139,0.04542439295486398,0.3590169236846225
"Tesla, Inc.",2023-12-05,2023-12-07,2,up,down,0.577485228586636,0.08489312064050054,0.3376216507728639
"Tesla, Inc.",2023-12-06,2023-12-08,2,flat,down,0.5445984951278502,0.09170563837064298,0.36369586650150704
"Tesla, Inc.",2023-12-07,2023-12-11,2,flat,down,0.6730183015768219,0.03169803976377002,0.2952836586594084
"Tesla, Inc.",2023-12-08,2023-12-12,2,down,down,0.7141643803766473,0.07159420968737606,0.2142414099359772
"Tesla, Inc.",2023-12-11,2023-12-13,2,down,down,0.6972417626386966,0.07792975954385299,0.22482847781745063
"Tesla, Inc.",2023-12-12,2023-12-14,2,up,down,0.6066733919428613,0.09609066187945631,0.2972359461776827
"Tesla, Inc.",2023-12-13,2023-12-15,2,up,up,0.42405057685837894,0.14992839298524152,0.4260210301563795
"Tesla, Inc.",2023-12-14,2023-12-18,2,up,down,0.4754759322589521,0.15571170051000596,0.36881236723104216
"Tesla, Inc.",2023-12-15,2023-12-19,2,up,down,0.487003110511627,0.22892249165744682,0.2840743978309266
"Tesla, Inc.",2023-12-18,2023-12-20,2,down,down,0.5420115145956382,0.2172669100830435,0.2407215753213185
"Tesla, Inc.",2023-12-19,2023-12-21,2,down,down,0.562300161418179,0.19287776249994498,0.24482207608187628
"Tesla, Inc.",2023-12-20,2023-12-22,2,up,down,0.5384653895578855,0.14849991622564673,0.3130346942164681
"Tesla, Inc.",2023-12-21,2023-12-26,2,up,down,0.5055558794623553,0.14970464792385274,0.34473947261379206
"Tesla, Inc.",2023-12-22,2023-12-27,2,up,down,0.5590629031566299,0.1593748155728608,0.28156228127050964
"Tesla, Inc.",2023-12-26,2023-12-28,2,up,down,0.6063860371366093,0.13345192162503172,0.2601620412383594
"Tesla, Inc.",2023-12-27,2023-12-29,2,down,down,0.5966583856658934,0.16321441901629993,0.24012719531780705
"Tesla, Inc.",2023-12-28,2024-01-02,2,down,down,0.5981371498732259,0.11085300915805892,0.2910098409687154
"Tesla, Inc.",2023-12-29,2024-01-03,2,down,down,0.614192385142823,0.10360727909496958,0.2822003357622079
"Tesla, Inc.",2024-01-02,2024-01-04,2,down,down,0.6041413355653191,0.13248665511454338,0.26337200932013777
"Tesla, Inc.",2024-01-03,2024-01-05,2,down,down,0.4906606206479099,0.10264274643739349,0.40669663291469665
"Tesla, Inc.",2024-01-04,2024-01-08,2,down,down,0.5025607391351585,0.125748251225059,0.3716910096397828
"Tesla, Inc.",2024-01-05,2024-01-09,2,down,down,0.4632121734898479,0.15343154520206156,0.3833562813080906
"Tesla, Inc.",2024-01-08,2024-01-10,2,down,down,0.5424545312266562,0.14031620875542228,0.317229260017922
"Tesla, Inc.",2024-01-09,2024-01-11,2,down,down,0.536735670191617,0.11780687544554257,0.34545745436284064
"Tesla, Inc.",2024-01-10,2024-01-12,2,down,down,0.569887089817393,0.09114566537230902,0.3389672448102985
"Tesla, Inc.",2024-01-11,2024-01-16,2,down,down,0.5270755085748573,0.1317636541823511,0.341160837242792
"Tesla, Inc.",2024-01-12,2024-01-17,2,down,down,0.5863524839647107,0.08357404626040882,0.330073469774881
"Tesla, Inc.",2024-01-16,2024-01-18,2,down,down,0.6500776615604338,0.05799677544792708,0.29192556299163985
"Tesla, Inc.",2024-01-17,2024-01-19,2,down,down,0.6393756455325734,0.04131845909763917,0.319305895369788
"Tesla, Inc.",2024-01-18,2024-01-22,2,down,down,0.6489212542286772,0.04111102841019635,0.309967717361127
"Tesla, Inc.",2024-01-19,2024-01-23,2,flat,down,0.6245754609631724,0.04950893931898312,0.325915599717845
"Tesla, Inc.",2024-01-22,2024-01-24,2,down,down,0.5207607122446041,0.08123055997138197,0.39800872778401414
"Tesla, Inc.",2024-01-23,2024-01-25,2,down,down,0.5254122718570114,0.05213248039460908,0.4224552477483797
"Tesla, Inc.",2024-01-24,2024-01-26,2,down,down,0.4707951226170667,0.058783490441173786,0.47042138694175956
"Tesla, Inc.",2024-01-25,2024-01-29,2,up,up,0.47893805624586994,0.006462790820711457,0.5145991529334184
"Tesla, Inc.",2024-01-26,2024-01-30,2,up,up,0.4358969271363412,0.009070995397210218,0.5550320774664482
"Tesla, Inc.",2024-01-29,2024-01-31,2,up,up,0.3154024121974832,0.017634748560946756,0.6669628392415693
"Tesla, Inc.",2024-01-30,2024-02-01,2,down,up,0.219814213870283,0.046062357544168854,0.7341234285855475
"Tesla, Inc.",2024-01-31,2024-02-02,2,down,up,0.2708679090391419,0.029439597293367637,0.6996924936674896
"Tesla, Inc.",2024-02-01,2024-02-05,2,down,up,0.23876539778692915,0.02710128341008674,0.7341333188029832
"Tesla, Inc.",2024-02-02,2024-02-06,2,down,up,0.21878109146065483,0.026674869180132354,0.7545440393592122
"Tesla, Inc.",2024-02-05,2024-02-07,2,up,up,0.24367526102045678,0.028771694474356648,0.7275530445051861
"Tesla, Inc.",2024-02-06,2024-02-08,2,up,up,0.22131672128650545,0.02505164483598542,0.7536316338775083
"Tesla, Inc.",2024-02-07,2024-02-09,2,up,up,0.16049599568362327,0.018428131235531522,0.8210758730808445
"Tesla, Inc.",2024-02-08,2024-02-12,2,up,up,0.2087104076419963,0.04307955892215896,0.7482100334358438
"Tesla, Inc.",2024-02-09,2024-02-13,2,down,up,0.21964565559490723,0.03384048571603704,0.7465138586890551
"Tesla, Inc.",2024-02-12,2024-02-14,2,down,up,0.42055439110287596,0.033531548149169664,0.5459140607479541
"Tesla, Inc.",2024-02-13,2024-02-15,2,up,up,0.3340403756848744,0.042149150457764725,0.6238104738573602
"Tesla, Inc.",2024-02-14,2024-02-16,2,up,up,0.26043153970963145,0.061211100393576266,0.6783573598967914
"Tesla, Inc.",2024-02-15,2024-02-20,2,down,up,0.26690653456599167,0.032825499410120806,0.7002679660238867
"Tesla, Inc.",2024-02-16,2024-02-21,2,down,up,0.23680237682608415,0.06187434737585243,0.7013232757980628
"Tesla, Inc.",2024-02-20,2024-02-22,2,up,up,0.36922968530020933,0.03531413089794114,0.5954561838018488
"Tesla, Inc.",2024-02-21,2024-02-23,2,down,up,0.39768571757433513,0.0746957887885715,0.5276184936370929
"Tesla, Inc.",2024-02-22,2024-02-26,2,up,up,0.3707735304843002,0.08363417379859284,0.5455922957171062
"Tesla, Inc.",2024-02-23,2024-02-27,2,up,up,0.37839573711091823,0.047079139968644476,0.5745251229204366
"Tesla, Inc.",2024-02-26,2024-02-28,2,up,up,0.3683581059051286,0.047095920087523814,0.5845459740073469
"Tesla, Inc.",2024-02-27,2024-02-29,2,up,up,0.29132973589020145,0.10169777389042141,0.6069724902193762
"Tesla, Inc.",2024-02-28,2024-03-01,2,flat,up,0.3092027831769117,0.09826121858853455,0.5925359982345529
"Tesla, Inc.",2024-02-29,2024-03-04,2,down,up,0.2716681555634359,0.1538305535066313,0.5745012909299321
"Tesla, Inc.",2024-03-01,2024-03-05,2,down,up,0.33205026159724255,0.11403899373272389,0.553910744670033
"Tesla, Inc.",2024-03-04,2024-03-06,2,down,up,0.2989506771380955,0.04887814408734341,0.6521711787745604
"Tesla, Inc.",2024-03-05,2024-03-07,2,down,up,0.37412552268124677,0.05982403534777887,0.5660504419709737
"Tesla, Inc.",2024-03-06,2024-03-08,2,up,up,0.40507413961132904,0.011855821624912473,0.5830700387637583
"Tesla, Inc.",2024-03-07,2024-03-11,2,up,up,0.38283063856153066,0.011855821624912473,0.6053135398135564
"Tesla, Inc.",2024-03-08,2024-03-12,2,down,up,0.25051025863330745,0.02844163125523807,0.7210481101114538
"Tesla, Inc.",2024-03-11,2024-03-13,2,down,up,0.28072572395579837,0.028241125327414435,0.6910331507167866
"Tesla, Inc.",2024-03-12,2024-03-14,2,down,up,0.27188085036851656,0.027683462956447594,0.7004356866750351
"Tesla, Inc.",2024-03-13,2024-03-15,2,down,up,0.2913180621367828,0.025936497964926208,0.6827454398982904
"Tesla, Inc.",2024-03-14,2024-03-18,2,up,up,0.27420433019216534,0.022297430997028654,0.7034982388108054
"Tesla, Inc.",2024-03-15,2024-03-19,2,up,up,0.4409160908591306,0.018409755475577376,0.540674153665292
"Tesla, Inc.",2024-03-18,2024-03-20,2,up,up,0.19878220805389868,0.04909438865053608,0.7521234032955644
"Tesla, Inc.",2024-03-19,2024-03-21,2,up,up,0.3177094304782442,0.02530128905925214,0.6569892804625028
"Tesla, Inc.",2024-03-20,2024-03-22,2,down,up,0.20659555972577753,0.01654333333414353,0.776861106940078
"Tesla, Inc.",2024-03-21,2024-03-25,2,down,up,0.333917250920021,0.038917099194654955,0.6271656498853233
"Tesla, Inc.",2024-03-22,2024-03-26,2,up,up,0.3745770437567686,0.03072313113502766,0.5946998251082032
"Tesla, Inc.",2024-03-25,2024-03-27,2,up,up,0.28006162252239103,0.045966726478675925,0.6739716509989322
"Tesla, Inc.",2024-03-26,2024-03-28,2,down,up,0.30274898182225907,0.037660781583642625,0.6595902365940975
"Tesla, Inc.",2024-03-27,2024-04-01,2,down,up,0.3613579569196252,0.05249841856627305,0.5861436245141011
"Tesla, Inc.",2024-03-28,2024-04-02,2,down,up,0.40477419362071365,0.03921193255633934,0.5560138738229468
"Tesla, Inc.",2024-04-01,2024-04-03,2,down,up,0.38391883951852823,0.06073223376020914,0.5553489267212622
"Tesla, Inc.",2024-04-02,2024-04-04,2,up,up,0.3123678497218532,0.03422207362685607,0.6534100766512901
"Tesla, Inc.",2024-04-03,2024-04-05,2,flat,up,0.30532906349390165,0.06755698380108059,0.627113952705017
"Tesla, Inc.",2024-04-04,2024-04-08,2,down,up,0.24728621699721234,0.046203350649717534,0.7065104323530693
"Tesla, Inc.",2024-04-05,2024-04-09,2,up,up,0.3173392202987518,0.04904045099863847,0.6336203287026089
"Tesla, Inc.",2024-04-08,2024-04-10,2,up,up,0.2937268370553266,0.046114534291002825,0.6601586286536698
"Tesla, Inc.",2024-04-09,2024-04-11,2,down,up,0.38337570390512865,0.03719621990902621,0.5794280761858446
"Tesla, Inc.",2024-04-10,2024-04-12,2,down,up,0.4485380486537329,0.028837340698053104,0.522624610648214
"Tesla, Inc.",2024-04-11,2024-04-15,2,down,up,0.34579123987940674,0.05835408526358266,0.59585467485701
"Tesla, Inc.",2024-04-12,2024-04-16,2,down,up,0.41527888305049054,0.057855230607330235,0.526865886342179
"Tesla, Inc.",2024-04-15,2024-04-17,2,down,up,0.30905788276670165,0.06115807263835252,0.6297840445949451
"Tesla, Inc.",2024-04-16,2024-04-18,2,down,up,0.4315898723914204,0.02906103037684205,0.5393490972317373
"Tesla, Inc.",2024-04-17,2024-04-19,2,down,up,0.41214369548498575,0.02107222687011464,0.5667840776448994
"Tesla, Inc.",2024-04-18,2024-04-22,2,down,up,0.4131450516418591,0.018404833352643063,0.5684501150054976
"Tesla, Inc.",2024-04-19,2024-04-23,2,down,up,0.40521653175997685,0.02344664029993626,0.5713368279400867
"Tesla, Inc.",2024-04-22,2024-04-24,2,up,up,0.3705478396351996,0.024959594299925954,0.6044925660648742
"Tesla, Inc.",2024-04-23,2024-04-25,2,up,up,0.3171101652740478,0.0430449481874057,0.6398448865385458
"Tesla, Inc.",2024-04-24,2024-04-26,2,up,up,0.2485453671395778,0.04507764459537077,0.7063769882650505
"Tesla, Inc.",2024-04-25,2024-04-29,2,up,up,0.3697639405334627,0.02661013151683329,0.6036259279497033
"Tesla, Inc.",2024-04-26,2024-04-30,2,up,up,0.33528370091293036,0.031022509386965783,0.6336937897001033
"Tesla, Inc.",2024-04-29,2024-05-01,2,down,up,0.2815026090018441,0.08995887315962431,0.6285385178385307
"Tesla, Inc.",2024-04-30,2024-05-02,2,down,up,0.4003679262028086,0.04086185542197479,0.5587702183752159
"Tesla, Inc.",2024-05-01,2024-05-03,2,flat,up,0.46698336282250197,0.03973710331465694,0.493279533862841
"Tesla, Inc.",2024-05-02,2024-05-06,2,up,up,0.4560339552816303,0.04349723805289726,0.5004688066654726
"Tesla, Inc.",2024-05-03,2024-05-07,2,down,up,0.3675340992578998,0.053155592800681696,0.5793103079414181
"Tesla, Inc.",2024-05-06,2024-05-08,2,down,up,0.27446858817127845,0.04528057154785259,0.6802508402808684
"Tesla, Inc.",2024-05-07,2024-05-09,2,down,up,0.3649165546954007,0.028368932314772687,0.6067145129898261
"Tesla, Inc.",2024-05-08,2024-05-10,2,down,up,0.30794309368574263,0.021661563049410054,0.6703953432648464
"Tesla, Inc.",2024-05-09,2024-05-13,2,down,up,0.3360773051168841,0.010702043038391323,0.6532206518447239
"Tesla, Inc.",2024-05-10,2024-05-14,2,up,up,0.3383078419701594,0.013480460282734918,0.6482116977471045
"Tesla, Inc.",2024-05-13,2024-05-15,2,up,up,0.3910483235745329,0.016330132023998883,0.592621544401468
"Tesla, Inc.",2024-05-14,2024-05-16,2,down,up,0.33683331694531915,0.047196196856814546,0.615970486197866
"Tesla, Inc.",2024-05-15,2024-05-17,2,down,up,0.37405544183080286,0.027706089924106614,0.5982384682450899
"Tesla, Inc.",2024-05-16,2024-05-20,2,up,up,0.397536018005563,0.010447264490381336,0.5920167175040553
"Tesla, Inc.",2024-05-17,2024-05-21,2,up,up,0.4202840863438017,0.03171916555560438,0.5479967481005932
"Tesla, Inc.",2024-05-20,2024-05-22,2,up,up,0.4248558630055369,0.032363962714637005,0.5427801742798256
"Tesla, Inc.",2024-05-21,2024-05-23,2,down,up,0.30209991442621836,0.06533792466950407,0.6325621609042769
"Tesla, Inc.",2024-05-22,2024-05-24,2,down,up,0.37958075243559153,0.03439465884027803,0.5860245887241297
"Tesla, Inc.",2024-05-23,2024-05-28,2,down,up,0.48718251203322127,0.023357621698365544,0.4894598662684132
"Tesla, Inc.",2024-05-24,2024-05-29,2,down,up,0.41119215745525073,0.026471751399455953,0.5623360911452928
"Tesla, Inc.",2024-05-28,2024-05-30,2,up,up,0.39073848633292896,0.05489111514572304,0.5543703985213477
"Tesla, Inc.",2024-05-29,2024-05-31,2,up,up,0.41044293463082815,0.044881492231480476,0.544675573137691
"Tesla, Inc.",2024-05-30,2024-06-03,2,down,up,0.3943428672072451,0.051651830108264775,0.5540053026844898
"Tesla, Inc.",2024-05-31,2024-06-04,2,down,up,0.37945758823531955,0.04574373251060395,0.5747986792540762
"Tesla, Inc.",2024-06-03,2024-06-05,2,down,up,0.3625750340390212,0.058175748468172216,0.5792492174928063
"Tesla, Inc.",2024-06-04,2024-06-06,2,up,up,0.3361212154604622,0.03618178880355499,0.6276969957359826
"Tesla, Inc.",2024-06-05,2024-06-07,2,up,up,0.3344692267889737,0.03529503450091832,0.6302357387101079
"Tesla, Inc.",2024-06-06,2024-06-10,2,down,up,0.3857508563204396,0.057214059472445865,0.5570350842071142
"Tesla, Inc.",2024-06-07,2024-06-11,2,down,up,0.40808985727223174,0.04328547409367829,0.5486246686340897
"Tesla, Inc.",2024-06-10,2024-06-12,2,down,up,0.37406241678793345,0.028484773675571035,0.5974528095364952
"Tesla, Inc.",2024-06-11,2024-06-13,2,up,up,0.37368674103558014,0.05494154817503858,0.5713717107893811
"Tesla, Inc.",2024-06-12,2024-06-14,2,up,up,0.3922024869994866,0.06825809915385872,0.5395394138466544
